ticker,signal_date,entry_date,d4_exit,d5_exit,all_six_full_fields,signal_and_entry_full_fields,outside_prior_six
EDU,2023-01-03,2023-01-04,2023-01-09,2023-01-10,False,False,True
EDU,2023-01-04,2023-01-05,2023-01-10,2023-01-11,False,False,True
EDU,2023-01-05,2023-01-06,2023-01-11,2023-01-12,False,False,True
EDU,2023-01-06,2023-01-09,2023-01-12,2023-01-13,False,False,True
SCHW,2023-02-24,2023-02-27,2023-03-02,2023-03-03,True,True,True
ABT,2023-02-27,2023-02-28,2023-03-03,2023-03-06,True,True,True
ADM,2023-02-27,2023-02-28,2023-03-03,2023-03-06,True,True,True
AGNC,2023-02-27,2023-02-28,2023-03-03,2023-03-06,True,True,True
AKAM,2023-02-27,2023-02-28,2023-03-03,2023-03-06,True,True,True
BMY,2023-02-27,2023-02-28,2023-03-03,2023-03-06,True,True,True
CMG,2023-02-27,2023-02-28,2023-03-03,2023-03-06,True,True,True
COST,2023-02-27,2023-02-28,2023-03-03,2023-03-06,True,True,True
CSCO,2023-02-27,2023-02-28,2023-03-03,2023-03-06,True,True,True
CVS,2023-02-27,2023-02-28,2023-03-03,2023-03-06,True,True,True
DG,2023-02-27,2023-02-28,2023-03-03,2023-03-06,True,True,True
DVN,2023-02-27,2023-02-28,2023-03-03,2023-03-06,True,True,True
EBAY,2023-02-27,2023-02-28,2023-03-03,2023-03-06,True,True,True
EDU,2023-02-27,2023-02-28,2023-03-03,2023-03-06,True,True,True
F,2023-02-27,2023-02-28,2023-03-03,2023-03-06,True,True,True
FANG,2023-02-27,2023-02-28,2023-03-03,2023-03-06,True,True,True
GM,2023-02-27,2023-02-28,2023-03-03,2023-03-06,True,True,True
GOOG,2023-02-27,2023-02-28,2023-03-03,2023-03-06,True,True,True
HPQ,2023-02-27,2023-02-28,2023-03-03,2023-03-06,True,True,True
JD,2023-02-27,2023-02-28,2023-03-03,2023-03-06,True,True,True
JNJ,2023-02-27,2023-02-28,2023-03-03,2023-03-06,True,True,True
LLY,2023-02-27,2023-02-28,2023-03-03,2023-03-06,True,True,True
LUV,2023-02-27,2023-02-28,2023-03-03,2023-03-06,True,True,True
MGM,2023-02-27,2023-02-28,2023-03-03,2023-03-06,True,True,True
MOS,2023-02-27,2023-02-28,2023-03-03,2023-03-06,True,True,True
MSFT,2023-02-27,2023-02-28,2023-03-03,2023-03-06,True,True,True
NEE,2023-02-27,2023-02-28,2023-03-03,2023-03-06,True,True,True
NOW,2023-02-27,2023-02-28,2023-03-03,2023-03-06,True,True,True
NU,2023-02-27,2023-02-28,2023-03-03,2023-03-06,True,True,True
OKTA,2023-02-27,2023-02-28,2023-03-03,2023-03-06,True,True,True
OXY,2023-02-27,2023-02-28,2023-03-03,2023-03-06,True,True,True
PANW,2023-02-27,2023-02-28,2023-03-03,2023-03-06,True,True,True
PBR,2023-02-27,2023-02-28,2023-03-03,2023-03-06,True,True,True
PFE,2023-02-27,2023-02-28,2023-03-03,2023-03-06,True,True,True
PYPL,2023-02-27,2023-02-28,2023-03-03,2023-03-06,True,True,True
RTX,2023-02-27,2023-02-28,2023-03-03,2023-03-06,True,True,True
SCHW,2023-02-27,2023-02-28,2023-03-03,2023-03-06,True,True,True
TEVA,2023-02-27,2023-02-28,2023-03-03,2023-03-06,True,True,True
TGT,2023-02-27,2023-02-28,2023-03-03,2023-03-06,True,True,True
UBER,2023-02-27,2023-02-28,2023-03-03,2023-03-06,True,True,True
UPS,2023-02-27,2023-02-28,2023-03-03,2023-03-06,True,True,True
VALE,2023-02-27,2023-02-28,2023-03-03,2023-03-06,True,True,True
VOD,2023-02-27,2023-02-28,2023-03-03,2023-03-06,True,True,True
WMT,2023-02-27,2023-02-28,2023-03-03,2023-03-06,True,True,True
ZION,2023-02-27,2023-02-28,2023-03-03,2023-03-06,True,True,True
ZM,2023-02-27,2023-02-28,2023-03-03,2023-03-06,True,True,True
ZS,2023-02-27,2023-02-28,2023-03-03,2023-03-06,True,True,True
ABT,2023-02-28,2023-03-01,2023-03-06,2023-03-07,True,True,True
ADM,2023-02-28,2023-03-01,2023-03-06,2023-03-07,True,True,True
AGNC,2023-02-28,2023-03-01,2023-03-06,2023-03-07,True,True,True
AKAM,2023-02-28,2023-03-01,2023-03-06,2023-03-07,True,True,True
BMY,2023-02-28,2023-03-01,2023-03-06,2023-03-07,True,True,True
CMG,2023-02-28,2023-03-01,2023-03-06,2023-03-07,True,True,True
COST,2023-02-28,2023-03-01,2023-03-06,2023-03-07,True,True,True
CSCO,2023-02-28,2023-03-01,2023-03-06,2023-03-07,True,True,True
CVS,2023-02-28,2023-03-01,2023-03-06,2023-03-07,True,True,True
DG,2023-02-28,2023-03-01,2023-03-06,2023-03-07,True,True,True
DVN,2023-02-28,2023-03-01,2023-03-06,2023-03-07,True,True,True
EBAY,2023-02-28,2023-03-01,2023-03-06,2023-03-07,True,True,True
EDU,2023-02-28,2023-03-01,2023-03-06,2023-03-07,True,True,True
F,2023-02-28,2023-03-01,2023-03-06,2023-03-07,True,True,True
FANG,2023-02-28,2023-03-01,2023-03-06,2023-03-07,True,True,True
GM,2023-02-28,2023-03-01,2023-03-06,2023-03-07,True,True,True
GOOG,2023-02-28,2023-03-01,2023-03-06,2023-03-07,True,True,True
HPQ,2023-02-28,2023-03-01,2023-03-06,2023-03-07,True,True,True
JD,2023-02-28,2023-03-01,2023-03-06,2023-03-07,True,True,True
JNJ,2023-02-28,2023-03-01,2023-03-06,2023-03-07,True,True,True
LLY,2023-02-28,2023-03-01,2023-03-06,2023-03-07,True,True,True
LUV,2023-02-28,2023-03-01,2023-03-06,2023-03-07,True,True,True
MGM,2023-02-28,2023-03-01,2023-03-06,2023-03-07,True,True,True
MOS,2023-02-28,2023-03-01,2023-03-06,2023-03-07,True,True,True
MSFT,2023-02-28,2023-03-01,2023-03-06,2023-03-07,True,True,True
NEE,2023-02-28,2023-03-01,2023-03-06,2023-03-07,True,True,True
NOW,2023-02-28,2023-03-01,2023-03-06,2023-03-07,True,True,True
NU,2023-02-28,2023-03-01,2023-03-06,2023-03-07,True,True,True
OKTA,2023-02-28,2023-03-01,2023-03-06,2023-03-07,True,True,True
OXY,2023-02-28,2023-03-01,2023-03-06,2023-03-07,True,True,True
PANW,2023-02-28,2023-03-01,2023-03-06,2023-03-07,True,True,True
PBR,2023-02-28,2023-03-01,2023-03-06,2023-03-07,True,True,True
PFE,2023-02-28,2023-03-01,2023-03-06,2023-03-07,True,True,True
PYPL,2023-02-28,2023-03-01,2023-03-06,2023-03-07,True,True,True
RTX,2023-02-28,2023-03-01,2023-03-06,2023-03-07,True,True,True
SCHW,2023-02-28,2023-03-01,2023-03-06,2023-03-07,True,True,True
TEVA,2023-02-28,2023-03-01,2023-03-06,2023-03-07,True,True,True
TGT,2023-02-28,2023-03-01,2023-03-06,2023-03-07,True,True,True
UBER,2023-02-28,2023-03-01,2023-03-06,2023-03-07,True,True,True
UPS,2023-02-28,2023-03-01,2023-03-06,2023-03-07,True,True,True
VALE,2023-02-28,2023-03-01,2023-03-06,2023-03-07,True,True,True
VOD,2023-02-28,2023-03-01,2023-03-06,2023-03-07,True,True,True
WMT,2023-02-28,2023-03-01,2023-03-06,2023-03-07,True,True,True
ZION,2023-02-28,2023-03-01,2023-03-06,2023-03-07,True,True,True
ZM,2023-02-28,2023-03-01,2023-03-06,2023-03-07,True,True,True
ZS,2023-02-28,2023-03-01,2023-03-06,2023-03-07,True,True,True
ABT,2023-03-01,2023-03-02,2023-03-07,2023-03-08,True,True,True
ADM,2023-03-01,2023-03-02,2023-03-07,2023-03-08,True,True,True
AGNC,2023-03-01,2023-03-02,2023-03-07,2023-03-08,True,True,True
AKAM,2023-03-01,2023-03-02,2023-03-07,2023-03-08,True,True,True
BMY,2023-03-01,2023-03-02,2023-03-07,2023-03-08,True,True,True
CMG,2023-03-01,2023-03-02,2023-03-07,2023-03-08,True,True,True
COST,2023-03-01,2023-03-02,2023-03-07,2023-03-08,True,True,True
CSCO,2023-03-01,2023-03-02,2023-03-07,2023-03-08,True,True,True
CVS,2023-03-01,2023-03-02,2023-03-07,2023-03-08,True,True,True
DG,2023-03-01,2023-03-02,2023-03-07,2023-03-08,True,True,True
DVN,2023-03-01,2023-03-02,2023-03-07,2023-03-08,True,True,True
EBAY,2023-03-01,2023-03-02,2023-03-07,2023-03-08,True,True,True
EDU,2023-03-01,2023-03-02,2023-03-07,2023-03-08,True,True,True
F,2023-03-01,2023-03-02,2023-03-07,2023-03-08,True,True,True
FANG,2023-03-01,2023-03-02,2023-03-07,2023-03-08,True,True,True
GM,2023-03-01,2023-03-02,2023-03-07,2023-03-08,True,True,True
GOOG,2023-03-01,2023-03-02,2023-03-07,2023-03-08,True,True,True
HPQ,2023-03-01,2023-03-02,2023-03-07,2023-03-08,True,True,True
JD,2023-03-01,2023-03-02,2023-03-07,2023-03-08,True,True,True
JNJ,2023-03-01,2023-03-02,2023-03-07,2023-03-08,True,True,True
LLY,2023-03-01,2023-03-02,2023-03-07,2023-03-08,True,True,True
LUV,2023-03-01,2023-03-02,2023-03-07,2023-03-08,True,True,True
MGM,2023-03-01,2023-03-02,2023-03-07,2023-03-08,True,True,True
MOS,2023-03-01,2023-03-02,2023-03-07,2023-03-08,True,True,True
MSFT,2023-03-01,2023-03-02,2023-03-07,2023-03-08,True,True,True
NEE,2023-03-01,2023-03-02,2023-03-07,2023-03-08,True,True,True
NOW,2023-03-01,2023-03-02,2023-03-07,2023-03-08,True,True,True
NU,2023-03-01,2023-03-02,2023-03-07,2023-03-08,True,True,True
OKTA,2023-03-01,2023-03-02,2023-03-07,2023-03-08,True,True,True
OXY,2023-03-01,2023-03-02,2023-03-07,2023-03-08,True,True,True
PANW,2023-03-01,2023-03-02,2023-03-07,2023-03-08,True,True,True
PBR,2023-03-01,2023-03-02,2023-03-07,2023-03-08,True,True,True
PFE,2023-03-01,2023-03-02,2023-03-07,2023-03-08,True,True,True
PYPL,2023-03-01,2023-03-02,2023-03-07,2023-03-08,True,True,True
RTX,2023-03-01,2023-03-02,2023-03-07,2023-03-08,True,True,True
SCHW,2023-03-01,2023-03-02,2023-03-07,2023-03-08,True,True,True
TEVA,2023-03-01,2023-03-02,2023-03-07,2023-03-08,True,True,True
TGT,2023-03-01,2023-03-02,2023-03-07,2023-03-08,True,True,True
UBER,2023-03-01,2023-03-02,2023-03-07,2023-03-08,True,True,True
UPS,2023-03-01,2023-03-02,2023-03-07,2023-03-08,True,True,True
VALE,2023-03-01,2023-03-02,2023-03-07,2023-03-08,True,True,True
VOD,2023-03-01,2023-03-02,2023-03-07,2023-03-08,True,True,True
WMT,2023-03-01,2023-03-02,2023-03-07,2023-03-08,True,True,True
ZION,2023-03-01,2023-03-02,2023-03-07,2023-03-08,True,True,True
ZM,2023-03-01,2023-03-02,2023-03-07,2023-03-08,True,True,True
ZS,2023-03-01,2023-03-02,2023-03-07,2023-03-08,True,True,True
ABT,2023-03-02,2023-03-03,2023-03-08,2023-03-09,True,True,True
ADM,2023-03-02,2023-03-03,2023-03-08,2023-03-09,True,True,True
AGNC,2023-03-02,2023-03-03,2023-03-08,2023-03-09,True,True,True
AKAM,2023-03-02,2023-03-03,2023-03-08,2023-03-09,True,True,True
BMY,2023-03-02,2023-03-03,2023-03-08,2023-03-09,True,True,True
CMG,2023-03-02,2023-03-03,2023-03-08,2023-03-09,True,True,True
COST,2023-03-02,2023-03-03,2023-03-08,2023-03-09,True,True,True
CSCO,2023-03-02,2023-03-03,2023-03-08,2023-03-09,True,True,True
CVS,2023-03-02,2023-03-03,2023-03-08,2023-03-09,True,True,True
DG,2023-03-02,2023-03-03,2023-03-08,2023-03-09,True,True,True
DVN,2023-03-02,2023-03-03,2023-03-08,2023-03-09,True,True,True
EBAY,2023-03-02,2023-03-03,2023-03-08,2023-03-09,True,True,True
EDU,2023-03-02,2023-03-03,2023-03-08,2023-03-09,True,True,True
F,2023-03-02,2023-03-03,2023-03-08,2023-03-09,True,True,True
FANG,2023-03-02,2023-03-03,2023-03-08,2023-03-09,True,True,True
GM,2023-03-02,2023-03-03,2023-03-08,2023-03-09,True,True,True
GOOG,2023-03-02,2023-03-03,2023-03-08,2023-03-09,True,True,True
HPQ,2023-03-02,2023-03-03,2023-03-08,2023-03-09,True,True,True
JD,2023-03-02,2023-03-03,2023-03-08,2023-03-09,True,True,True
JNJ,2023-03-02,2023-03-03,2023-03-08,2023-03-09,True,True,True
LLY,2023-03-02,2023-03-03,2023-03-08,2023-03-09,True,True,True
LUV,2023-03-02,2023-03-03,2023-03-08,2023-03-09,True,True,True
MGM,2023-03-02,2023-03-03,2023-03-08,2023-03-09,True,True,True
MOS,2023-03-02,2023-03-03,2023-03-08,2023-03-09,True,True,True
MSFT,2023-03-02,2023-03-03,2023-03-08,2023-03-09,True,True,True
NEE,2023-03-02,2023-03-03,2023-03-08,2023-03-09,True,True,True
NOW,2023-03-02,2023-03-03,2023-03-08,2023-03-09,True,True,True
NU,2023-03-02,2023-03-03,2023-03-08,2023-03-09,True,True,True
OKTA,2023-03-02,2023-03-03,2023-03-08,2023-03-09,True,True,True
OXY,2023-03-02,2023-03-03,2023-03-08,2023-03-09,True,True,True
PANW,2023-03-02,2023-03-03,2023-03-08,2023-03-09,True,True,True
PBR,2023-03-02,2023-03-03,2023-03-08,2023-03-09,True,True,True
PFE,2023-03-02,2023-03-03,2023-03-08,2023-03-09,True,True,True
PYPL,2023-03-02,2023-03-03,2023-03-08,2023-03-09,True,True,True
RTX,2023-03-02,2023-03-03,2023-03-08,2023-03-09,True,True,True
SCHW,2023-03-02,2023-03-03,2023-03-08,2023-03-09,True,True,True
TEVA,2023-03-02,2023-03-03,2023-03-08,2023-03-09,True,True,True
TGT,2023-03-02,2023-03-03,2023-03-08,2023-03-09,True,True,True
UBER,2023-03-02,2023-03-03,2023-03-08,2023-03-09,True,True,True
UPS,2023-03-02,2023-03-03,2023-03-08,2023-03-09,True,True,True
VALE,2023-03-02,2023-03-03,2023-03-08,2023-03-09,True,True,True
VOD,2023-03-02,2023-03-03,2023-03-08,2023-03-09,True,True,True
WMT,2023-03-02,2023-03-03,2023-03-08,2023-03-09,True,True,True
ZION,2023-03-02,2023-03-03,2023-03-08,2023-03-09,True,True,True
ZM,2023-03-02,2023-03-03,2023-03-08,2023-03-09,True,True,True
ZS,2023-03-02,2023-03-03,2023-03-08,2023-03-09,True,True,True
ABT,2023-03-03,2023-03-06,2023-03-09,2023-03-10,True,True,True
ADM,2023-03-03,2023-03-06,2023-03-09,2023-03-10,True,True,True
AGNC,2023-03-03,2023-03-06,2023-03-09,2023-03-10,True,True,True
AKAM,2023-03-03,2023-03-06,2023-03-09,2023-03-10,True,True,True
BMY,2023-03-03,2023-03-06,2023-03-09,2023-03-10,True,True,True
CMG,2023-03-03,2023-03-06,2023-03-09,2023-03-10,True,True,True
COST,2023-03-03,2023-03-06,2023-03-09,2023-03-10,True,True,True
CSCO,2023-03-03,2023-03-06,2023-03-09,2023-03-10,True,True,True
CVS,2023-03-03,2023-03-06,2023-03-09,2023-03-10,True,True,True
DG,2023-03-03,2023-03-06,2023-03-09,2023-03-10,True,True,True
DVN,2023-03-03,2023-03-06,2023-03-09,2023-03-10,True,True,True
EBAY,2023-03-03,2023-03-06,2023-03-09,2023-03-10,True,True,True
EDU,2023-03-03,2023-03-06,2023-03-09,2023-03-10,True,True,True
F,2023-03-03,2023-03-06,2023-03-09,2023-03-10,True,True,True
FANG,2023-03-03,2023-03-06,2023-03-09,2023-03-10,True,True,True
GM,2023-03-03,2023-03-06,2023-03-09,2023-03-10,True,True,True
GOOG,2023-03-03,2023-03-06,2023-03-09,2023-03-10,True,True,True
HPQ,2023-03-03,2023-03-06,2023-03-09,2023-03-10,True,True,True
JD,2023-03-03,2023-03-06,2023-03-09,2023-03-10,True,True,True
JNJ,2023-03-03,2023-03-06,2023-03-09,2023-03-10,True,True,True
LLY,2023-03-03,2023-03-06,2023-03-09,2023-03-10,True,True,True
LUV,2023-03-03,2023-03-06,2023-03-09,2023-03-10,True,True,True
MGM,2023-03-03,2023-03-06,2023-03-09,2023-03-10,True,True,True
MOS,2023-03-03,2023-03-06,2023-03-09,2023-03-10,True,True,True
MSFT,2023-03-03,2023-03-06,2023-03-09,2023-03-10,True,True,True
NEE,2023-03-03,2023-03-06,2023-03-09,2023-03-10,True,True,True
NOW,2023-03-03,2023-03-06,2023-03-09,2023-03-10,True,True,True
NU,2023-03-03,2023-03-06,2023-03-09,2023-03-10,True,True,True
OKTA,2023-03-03,2023-03-06,2023-03-09,2023-03-10,True,True,True
OXY,2023-03-03,2023-03-06,2023-03-09,2023-03-10,True,True,True
PANW,2023-03-03,2023-03-06,2023-03-09,2023-03-10,True,True,True
PBR,2023-03-03,2023-03-06,2023-03-09,2023-03-10,True,True,True
PFE,2023-03-03,2023-03-06,2023-03-09,2023-03-10,True,True,True
PYPL,2023-03-03,2023-03-06,2023-03-09,2023-03-10,True,True,True
RTX,2023-03-03,2023-03-06,2023-03-09,2023-03-10,True,True,True
SCHW,2023-03-03,2023-03-06,2023-03-09,2023-03-10,True,True,True
TEVA,2023-03-03,2023-03-06,2023-03-09,2023-03-10,True,True,True
TGT,2023-03-03,2023-03-06,2023-03-09,2023-03-10,True,True,True
UBER,2023-03-03,2023-03-06,2023-03-09,2023-03-10,True,True,True
UPS,2023-03-03,2023-03-06,2023-03-09,2023-03-10,True,True,True
VALE,2023-03-03,2023-03-06,2023-03-09,2023-03-10,True,True,True
VOD,2023-03-03,2023-03-06,2023-03-09,2023-03-10,True,True,True
WMT,2023-03-03,2023-03-06,2023-03-09,2023-03-10,True,True,True
ZION,2023-03-03,2023-03-06,2023-03-09,2023-03-10,True,True,True
ZM,2023-03-03,2023-03-06,2023-03-09,2023-03-10,True,True,True
ZS,2023-03-03,2023-03-06,2023-03-09,2023-03-10,True,True,True
CSCO,2023-03-16,2023-03-17,2023-03-22,2023-03-23,False,False,True
CSCO,2023-03-17,2023-03-20,2023-03-23,2023-03-24,False,False,True
CSCO,2023-03-20,2023-03-21,2023-03-24,2023-03-27,False,False,True
CSCO,2023-03-21,2023-03-22,2023-03-27,2023-03-28,False,False,True
CSCO,2023-03-22,2023-03-23,2023-03-28,2023-03-29,False,False,True
CSCO,2023-03-23,2023-03-24,2023-03-29,2023-03-30,False,False,True
CSCO,2023-03-24,2023-03-27,2023-03-30,2023-03-31,False,False,True
CSCO,2023-03-27,2023-03-28,2023-03-31,2023-04-03,False,False,True
CSCO,2023-03-28,2023-03-29,2023-04-03,2023-04-04,False,False,True
CSCO,2023-03-29,2023-03-30,2023-04-04,2023-04-05,False,False,True
CSCO,2023-03-30,2023-03-31,2023-04-05,2023-04-06,False,False,True
CSCO,2023-03-31,2023-04-03,2023-04-06,2023-04-10,False,False,True
CSCO,2023-04-03,2023-04-04,2023-04-10,2023-04-11,False,False,True
CSCO,2023-04-04,2023-04-05,2023-04-11,2023-04-12,False,False,True
CSCO,2023-04-05,2023-04-06,2023-04-12,2023-04-13,False,False,True
CSCO,2023-04-06,2023-04-10,2023-04-13,2023-04-14,False,False,True
CSCO,2023-04-10,2023-04-11,2023-04-14,2023-04-17,False,False,True
CSCO,2023-04-11,2023-04-12,2023-04-17,2023-04-18,False,False,True
CSCO,2023-04-12,2023-04-13,2023-04-18,2023-04-19,False,False,True
CSCO,2023-04-13,2023-04-14,2023-04-19,2023-04-20,False,False,True
CSCO,2023-04-14,2023-04-17,2023-04-20,2023-04-21,False,False,True
CSCO,2023-04-17,2023-04-18,2023-04-21,2023-04-24,False,False,True
CSCO,2023-04-18,2023-04-19,2023-04-24,2023-04-25,False,False,True
CSCO,2023-04-19,2023-04-20,2023-04-25,2023-04-26,False,False,True
CSCO,2023-04-20,2023-04-21,2023-04-26,2023-04-27,False,False,True
CSCO,2023-04-21,2023-04-24,2023-04-27,2023-04-28,False,False,True
XOM,2023-08-25,2023-08-28,2023-08-31,2023-09-01,False,False,True
XOM,2023-08-28,2023-08-29,2023-09-01,2023-09-05,False,False,True
XOM,2023-08-29,2023-08-30,2023-09-05,2023-09-06,False,False,True
XOM,2023-08-30,2023-08-31,2023-09-06,2023-09-07,False,False,True
XOM,2023-08-31,2023-09-01,2023-09-07,2023-09-08,False,False,True
VLO,2023-09-01,2023-09-05,2023-09-08,2023-09-11,False,False,True
XOM,2023-09-01,2023-09-05,2023-09-08,2023-09-11,False,False,True
VLO,2023-09-05,2023-09-06,2023-09-11,2023-09-12,False,False,True
XOM,2023-09-05,2023-09-06,2023-09-11,2023-09-12,False,False,True
VLO,2023-09-06,2023-09-07,2023-09-12,2023-09-13,False,False,True
XOM,2023-09-06,2023-09-07,2023-09-12,2023-09-13,False,False,True
VLO,2023-09-07,2023-09-08,2023-09-13,2023-09-14,False,False,True
XOM,2023-09-07,2023-09-08,2023-09-13,2023-09-14,False,False,True
VLO,2023-09-08,2023-09-11,2023-09-14,2023-09-15,False,False,True
XOM,2023-09-08,2023-09-11,2023-09-14,2023-09-15,False,False,True
VLO,2023-09-11,2023-09-12,2023-09-15,2023-09-18,False,False,True
XOM,2023-09-11,2023-09-12,2023-09-15,2023-09-18,False,False,True
VLO,2023-09-12,2023-09-13,2023-09-18,2023-09-19,False,False,True
XOM,2023-09-12,2023-09-13,2023-09-18,2023-09-19,False,False,True
VLO,2023-09-13,2023-09-14,2023-09-19,2023-09-20,False,False,True
XOM,2023-09-13,2023-09-14,2023-09-19,2023-09-20,False,False,True
VLO,2023-09-14,2023-09-15,2023-09-20,2023-09-21,False,False,True
XOM,2023-09-14,2023-09-15,2023-09-20,2023-09-21,False,False,True
VLO,2023-09-15,2023-09-18,2023-09-21,2023-09-22,False,False,True
XOM,2023-09-15,2023-09-18,2023-09-21,2023-09-22,False,False,True
VLO,2023-09-18,2023-09-19,2023-09-22,2023-09-25,False,False,True
XOM,2023-09-18,2023-09-19,2023-09-22,2023-09-25,False,False,True
VLO,2023-09-19,2023-09-20,2023-09-25,2023-09-26,False,False,True
XOM,2023-09-19,2023-09-20,2023-09-25,2023-09-26,False,False,True
VLO,2023-09-20,2023-09-21,2023-09-26,2023-09-27,False,False,True
XOM,2023-09-20,2023-09-21,2023-09-26,2023-09-27,False,False,True
VLO,2023-09-21,2023-09-22,2023-09-27,2023-09-28,False,False,True
XOM,2023-09-21,2023-09-22,2023-09-27,2023-09-28,False,False,True
VLO,2023-09-22,2023-09-25,2023-09-28,2023-09-29,False,False,True
XOM,2023-09-22,2023-09-25,2023-09-28,2023-09-29,False,False,True
VLO,2023-09-25,2023-09-26,2023-09-29,2023-10-02,False,False,True
XOM,2023-09-25,2023-09-26,2023-09-29,2023-10-02,False,False,True
VLO,2023-09-26,2023-09-27,2023-10-02,2023-10-03,False,False,True
XOM,2023-09-26,2023-09-27,2023-10-02,2023-10-03,False,False,True
VLO,2023-09-27,2023-09-28,2023-10-03,2023-10-04,False,False,True
XOM,2023-09-27,2023-09-28,2023-10-03,2023-10-04,False,False,True
VLO,2023-09-28,2023-09-29,2023-10-04,2023-10-05,False,False,True
XOM,2023-09-28,2023-09-29,2023-10-04,2023-10-05,False,False,True
VLO,2023-09-29,2023-10-02,2023-10-05,2023-10-06,False,False,True
XOM,2023-09-29,2023-10-02,2023-10-05,2023-10-06,False,False,True
VLO,2023-10-02,2023-10-03,2023-10-06,2023-10-09,False,False,True
XOM,2023-10-02,2023-10-03,2023-10-06,2023-10-09,False,False,True
VLO,2023-10-03,2023-10-04,2023-10-09,2023-10-10,False,False,True
VLO,2023-10-04,2023-10-05,2023-10-10,2023-10-11,False,False,True
VLO,2023-10-05,2023-10-06,2023-10-11,2023-10-12,False,False,True
VLO,2023-10-06,2023-10-09,2023-10-12,2023-10-13,False,False,True
VLO,2023-10-09,2023-10-10,2023-10-13,2023-10-16,False,False,True
EBAY,2024-06-12,2024-06-13,2024-06-18,2024-06-20,False,True,True
EBAY,2024-06-13,2024-06-14,2024-06-20,2024-06-21,False,False,True
EBAY,2024-06-14,2024-06-17,2024-06-21,2024-06-24,False,False,True
EBAY,2024-06-17,2024-06-18,2024-06-24,2024-06-25,False,False,True
EBAY,2024-06-18,2024-06-20,2024-06-25,2024-06-26,False,False,True
EBAY,2024-06-20,2024-06-21,2024-06-26,2024-06-27,False,False,True
EBAY,2024-06-21,2024-06-24,2024-06-27,2024-06-28,False,False,True
EBAY,2024-06-24,2024-06-25,2024-06-28,2024-07-01,False,False,True
EBAY,2024-06-25,2024-06-26,2024-07-01,2024-07-02,False,False,True
EBAY,2024-06-26,2024-06-27,2024-07-02,2024-07-03,False,False,True
EBAY,2024-06-27,2024-06-28,2024-07-03,2024-07-05,False,False,True
EBAY,2024-06-28,2024-07-01,2024-07-05,2024-07-08,False,False,True
EBAY,2024-07-01,2024-07-02,2024-07-08,2024-07-09,False,False,True
EBAY,2024-07-02,2024-07-03,2024-07-09,2024-07-10,False,False,True
EBAY,2024-07-03,2024-07-05,2024-07-10,2024-07-11,False,False,True
EBAY,2024-07-05,2024-07-08,2024-07-11,2024-07-12,False,False,True
EBAY,2024-07-08,2024-07-09,2024-07-12,2024-07-15,False,False,True
EBAY,2024-07-09,2024-07-10,2024-07-15,2024-07-16,False,False,True
EBAY,2024-07-10,2024-07-11,2024-07-16,2024-07-17,False,False,True
EBAY,2024-07-11,2024-07-12,2024-07-17,2024-07-18,False,False,True
EBAY,2024-07-12,2024-07-15,2024-07-18,2024-07-19,False,False,True
EBAY,2024-07-15,2024-07-16,2024-07-19,2024-07-22,False,False,True
EBAY,2024-07-16,2024-07-17,2024-07-22,2024-07-23,False,False,True
EBAY,2024-07-17,2024-07-18,2024-07-23,2024-07-24,False,False,True
EBAY,2024-07-18,2024-07-19,2024-07-24,2024-07-25,False,False,True
EBAY,2024-07-19,2024-07-22,2024-07-25,2024-07-26,False,False,True
ABT,2024-07-22,2024-07-23,2024-07-26,2024-07-29,True,True,True
ADM,2024-07-22,2024-07-23,2024-07-26,2024-07-29,True,True,True
AGNC,2024-07-22,2024-07-23,2024-07-26,2024-07-29,True,True,True
AKAM,2024-07-22,2024-07-23,2024-07-26,2024-07-29,True,True,True
BMY,2024-07-22,2024-07-23,2024-07-26,2024-07-29,True,True,True
CMG,2024-07-22,2024-07-23,2024-07-26,2024-07-29,True,True,True
COST,2024-07-22,2024-07-23,2024-07-26,2024-07-29,True,True,True
CSCO,2024-07-22,2024-07-23,2024-07-26,2024-07-29,True,True,True
CVS,2024-07-22,2024-07-23,2024-07-26,2024-07-29,True,True,True
DG,2024-07-22,2024-07-23,2024-07-26,2024-07-29,True,True,True
DVN,2024-07-22,2024-07-23,2024-07-26,2024-07-29,True,True,True
EBAY,2024-07-22,2024-07-23,2024-07-26,2024-07-29,True,True,True
EDU,2024-07-22,2024-07-23,2024-07-26,2024-07-29,True,True,True
F,2024-07-22,2024-07-23,2024-07-26,2024-07-29,True,True,True
FANG,2024-07-22,2024-07-23,2024-07-26,2024-07-29,True,True,True
GM,2024-07-22,2024-07-23,2024-07-26,2024-07-29,True,True,True
GOOG,2024-07-22,2024-07-23,2024-07-26,2024-07-29,True,True,True
HPQ,2024-07-22,2024-07-23,2024-07-26,2024-07-29,True,True,True
JD,2024-07-22,2024-07-23,2024-07-26,2024-07-29,True,True,True
JNJ,2024-07-22,2024-07-23,2024-07-26,2024-07-29,True,True,True
LLY,2024-07-22,2024-07-23,2024-07-26,2024-07-29,True,True,True
LUV,2024-07-22,2024-07-23,2024-07-26,2024-07-29,True,True,True
MGM,2024-07-22,2024-07-23,2024-07-26,2024-07-29,True,True,True
MOS,2024-07-22,2024-07-23,2024-07-26,2024-07-29,True,True,True
MSFT,2024-07-22,2024-07-23,2024-07-26,2024-07-29,True,True,True
NEE,2024-07-22,2024-07-23,2024-07-26,2024-07-29,True,True,True
NOW,2024-07-22,2024-07-23,2024-07-26,2024-07-29,True,True,True
NU,2024-07-22,2024-07-23,2024-07-26,2024-07-29,True,True,True
OKTA,2024-07-22,2024-07-23,2024-07-26,2024-07-29,True,True,True
OXY,2024-07-22,2024-07-23,2024-07-26,2024-07-29,True,True,True
PANW,2024-07-22,2024-07-23,2024-07-26,2024-07-29,True,True,True
PBR,2024-07-22,2024-07-23,2024-07-26,2024-07-29,True,True,True
PFE,2024-07-22,2024-07-23,2024-07-26,2024-07-29,True,True,True
PYPL,2024-07-22,2024-07-23,2024-07-26,2024-07-29,True,True,True
RTX,2024-07-22,2024-07-23,2024-07-26,2024-07-29,True,True,True
SCHW,2024-07-22,2024-07-23,2024-07-26,2024-07-29,True,True,True
TEVA,2024-07-22,2024-07-23,2024-07-26,2024-07-29,True,True,True
TGT,2024-07-22,2024-07-23,2024-07-26,2024-07-29,True,True,True
UBER,2024-07-22,2024-07-23,2024-07-26,2024-07-29,True,True,True
UPS,2024-07-22,2024-07-23,2024-07-26,2024-07-29,True,True,True
VALE,2024-07-22,2024-07-23,2024-07-26,2024-07-29,True,True,True
VOD,2024-07-22,2024-07-23,2024-07-26,2024-07-29,True,True,True
WMT,2024-07-22,2024-07-23,2024-07-26,2024-07-29,True,True,True
ZION,2024-07-22,2024-07-23,2024-07-26,2024-07-29,True,True,True
ZM,2024-07-22,2024-07-23,2024-07-26,2024-07-29,True,True,True
ZS,2024-07-22,2024-07-23,2024-07-26,2024-07-29,True,True,True
ABT,2024-07-23,2024-07-24,2024-07-29,2024-07-30,True,True,True
ADM,2024-07-23,2024-07-24,2024-07-29,2024-07-30,True,True,True
AGNC,2024-07-23,2024-07-24,2024-07-29,2024-07-30,True,True,True
AKAM,2024-07-23,2024-07-24,2024-07-29,2024-07-30,True,True,True
BMY,2024-07-23,2024-07-24,2024-07-29,2024-07-30,True,True,True
CMG,2024-07-23,2024-07-24,2024-07-29,2024-07-30,True,True,True
COST,2024-07-23,2024-07-24,2024-07-29,2024-07-30,True,True,True
CSCO,2024-07-23,2024-07-24,2024-07-29,2024-07-30,True,True,True
CVS,2024-07-23,2024-07-24,2024-07-29,2024-07-30,True,True,True
DG,2024-07-23,2024-07-24,2024-07-29,2024-07-30,True,True,True
DVN,2024-07-23,2024-07-24,2024-07-29,2024-07-30,True,True,True
EBAY,2024-07-23,2024-07-24,2024-07-29,2024-07-30,True,True,True
EDU,2024-07-23,2024-07-24,2024-07-29,2024-07-30,True,True,True
F,2024-07-23,2024-07-24,2024-07-29,2024-07-30,True,True,True
FANG,2024-07-23,2024-07-24,2024-07-29,2024-07-30,True,True,True
GM,2024-07-23,2024-07-24,2024-07-29,2024-07-30,True,True,True
GOOG,2024-07-23,2024-07-24,2024-07-29,2024-07-30,True,True,True
HPQ,2024-07-23,2024-07-24,2024-07-29,2024-07-30,True,True,True
JD,2024-07-23,2024-07-24,2024-07-29,2024-07-30,True,True,True
JNJ,2024-07-23,2024-07-24,2024-07-29,2024-07-30,True,True,True
LLY,2024-07-23,2024-07-24,2024-07-29,2024-07-30,True,True,True
LUV,2024-07-23,2024-07-24,2024-07-29,2024-07-30,True,True,True
MGM,2024-07-23,2024-07-24,2024-07-29,2024-07-30,True,True,True
MOS,2024-07-23,2024-07-24,2024-07-29,2024-07-30,True,True,True
MSFT,2024-07-23,2024-07-24,2024-07-29,2024-07-30,True,True,True
NEE,2024-07-23,2024-07-24,2024-07-29,2024-07-30,True,True,True
NOW,2024-07-23,2024-07-24,2024-07-29,2024-07-30,True,True,True
NU,2024-07-23,2024-07-24,2024-07-29,2024-07-30,True,True,True
OKTA,2024-07-23,2024-07-24,2024-07-29,2024-07-30,True,True,True
OXY,2024-07-23,2024-07-24,2024-07-29,2024-07-30,True,True,True
PANW,2024-07-23,2024-07-24,2024-07-29,2024-07-30,True,True,True
PBR,2024-07-23,2024-07-24,2024-07-29,2024-07-30,True,True,True
PFE,2024-07-23,2024-07-24,2024-07-29,2024-07-30,True,True,True
PYPL,2024-07-23,2024-07-24,2024-07-29,2024-07-30,True,True,True
RTX,2024-07-23,2024-07-24,2024-07-29,2024-07-30,True,True,True
SCHW,2024-07-23,2024-07-24,2024-07-29,2024-07-30,True,True,True
TEVA,2024-07-23,2024-07-24,2024-07-29,2024-07-30,True,True,True
TGT,2024-07-23,2024-07-24,2024-07-29,2024-07-30,True,True,True
UBER,2024-07-23,2024-07-24,2024-07-29,2024-07-30,True,True,True
UPS,2024-07-23,2024-07-24,2024-07-29,2024-07-30,True,True,True
VALE,2024-07-23,2024-07-24,2024-07-29,2024-07-30,True,True,True
VOD,2024-07-23,2024-07-24,2024-07-29,2024-07-30,True,True,True
WMT,2024-07-23,2024-07-24,2024-07-29,2024-07-30,True,True,True
ZION,2024-07-23,2024-07-24,2024-07-29,2024-07-30,True,True,True
ZM,2024-07-23,2024-07-24,2024-07-29,2024-07-30,True,True,True
ZS,2024-07-23,2024-07-24,2024-07-29,2024-07-30,True,True,True
ABT,2024-07-24,2024-07-25,2024-07-30,2024-07-31,True,True,True
ADM,2024-07-24,2024-07-25,2024-07-30,2024-07-31,True,True,True
AGNC,2024-07-24,2024-07-25,2024-07-30,2024-07-31,True,True,True
AKAM,2024-07-24,2024-07-25,2024-07-30,2024-07-31,True,True,True
BMY,2024-07-24,2024-07-25,2024-07-30,2024-07-31,True,True,True
CMG,2024-07-24,2024-07-25,2024-07-30,2024-07-31,True,True,True
COST,2024-07-24,2024-07-25,2024-07-30,2024-07-31,True,True,True
CSCO,2024-07-24,2024-07-25,2024-07-30,2024-07-31,True,True,True
CVS,2024-07-24,2024-07-25,2024-07-30,2024-07-31,True,True,True
DG,2024-07-24,2024-07-25,2024-07-30,2024-07-31,True,True,True
DVN,2024-07-24,2024-07-25,2024-07-30,2024-07-31,True,True,True
EBAY,2024-07-24,2024-07-25,2024-07-30,2024-07-31,True,True,True
EDU,2024-07-24,2024-07-25,2024-07-30,2024-07-31,True,True,True
F,2024-07-24,2024-07-25,2024-07-30,2024-07-31,True,True,True
FANG,2024-07-24,2024-07-25,2024-07-30,2024-07-31,True,True,True
GM,2024-07-24,2024-07-25,2024-07-30,2024-07-31,True,True,True
GOOG,2024-07-24,2024-07-25,2024-07-30,2024-07-31,True,True,True
HPQ,2024-07-24,2024-07-25,2024-07-30,2024-07-31,True,True,True
JD,2024-07-24,2024-07-25,2024-07-30,2024-07-31,True,True,True
JNJ,2024-07-24,2024-07-25,2024-07-30,2024-07-31,True,True,True
LLY,2024-07-24,2024-07-25,2024-07-30,2024-07-31,True,True,True
LUV,2024-07-24,2024-07-25,2024-07-30,2024-07-31,True,True,True
MGM,2024-07-24,2024-07-25,2024-07-30,2024-07-31,True,True,True
MOS,2024-07-24,2024-07-25,2024-07-30,2024-07-31,True,True,True
MSFT,2024-07-24,2024-07-25,2024-07-30,2024-07-31,True,True,True
NEE,2024-07-24,2024-07-25,2024-07-30,2024-07-31,True,True,True
NOW,2024-07-24,2024-07-25,2024-07-30,2024-07-31,True,True,True
NU,2024-07-24,2024-07-25,2024-07-30,2024-07-31,True,True,True
OKTA,2024-07-24,2024-07-25,2024-07-30,2024-07-31,True,True,True
OXY,2024-07-24,2024-07-25,2024-07-30,2024-07-31,True,True,True
PANW,2024-07-24,2024-07-25,2024-07-30,2024-07-31,True,True,True
PBR,2024-07-24,2024-07-25,2024-07-30,2024-07-31,True,True,True
PFE,2024-07-24,2024-07-25,2024-07-30,2024-07-31,True,True,True
PYPL,2024-07-24,2024-07-25,2024-07-30,2024-07-31,True,True,True
RTX,2024-07-24,2024-07-25,2024-07-30,2024-07-31,True,True,True
SCHW,2024-07-24,2024-07-25,2024-07-30,2024-07-31,True,True,True
TEVA,2024-07-24,2024-07-25,2024-07-30,2024-07-31,True,True,True
TGT,2024-07-24,2024-07-25,2024-07-30,2024-07-31,True,True,True
UBER,2024-07-24,2024-07-25,2024-07-30,2024-07-31,True,True,True
UPS,2024-07-24,2024-07-25,2024-07-30,2024-07-31,True,True,True
VALE,2024-07-24,2024-07-25,2024-07-30,2024-07-31,True,True,True
VOD,2024-07-24,2024-07-25,2024-07-30,2024-07-31,True,True,True
WMT,2024-07-24,2024-07-25,2024-07-30,2024-07-31,True,True,True
ZION,2024-07-24,2024-07-25,2024-07-30,2024-07-31,True,True,True
ZM,2024-07-24,2024-07-25,2024-07-30,2024-07-31,True,True,True
ZS,2024-07-24,2024-07-25,2024-07-30,2024-07-31,True,True,True
ABT,2024-07-25,2024-07-26,2024-07-31,2024-08-01,True,True,True
ADM,2024-07-25,2024-07-26,2024-07-31,2024-08-01,True,True,True
AGNC,2024-07-25,2024-07-26,2024-07-31,2024-08-01,True,True,True
AKAM,2024-07-25,2024-07-26,2024-07-31,2024-08-01,True,True,True
BMY,2024-07-25,2024-07-26,2024-07-31,2024-08-01,True,True,True
CMG,2024-07-25,2024-07-26,2024-07-31,2024-08-01,True,True,True
COST,2024-07-25,2024-07-26,2024-07-31,2024-08-01,True,True,True
CSCO,2024-07-25,2024-07-26,2024-07-31,2024-08-01,True,True,True
CVS,2024-07-25,2024-07-26,2024-07-31,2024-08-01,True,True,True
DG,2024-07-25,2024-07-26,2024-07-31,2024-08-01,True,True,True
DVN,2024-07-25,2024-07-26,2024-07-31,2024-08-01,True,True,True
EBAY,2024-07-25,2024-07-26,2024-07-31,2024-08-01,True,True,True
EDU,2024-07-25,2024-07-26,2024-07-31,2024-08-01,True,True,True
F,2024-07-25,2024-07-26,2024-07-31,2024-08-01,True,True,True
FANG,2024-07-25,2024-07-26,2024-07-31,2024-08-01,True,True,True
GM,2024-07-25,2024-07-26,2024-07-31,2024-08-01,True,True,True
GOOG,2024-07-25,2024-07-26,2024-07-31,2024-08-01,True,True,True
HPQ,2024-07-25,2024-07-26,2024-07-31,2024-08-01,True,True,True
JD,2024-07-25,2024-07-26,2024-07-31,2024-08-01,True,True,True
JNJ,2024-07-25,2024-07-26,2024-07-31,2024-08-01,True,True,True
LLY,2024-07-25,2024-07-26,2024-07-31,2024-08-01,True,True,True
LUV,2024-07-25,2024-07-26,2024-07-31,2024-08-01,True,True,True
MGM,2024-07-25,2024-07-26,2024-07-31,2024-08-01,True,True,True
MOS,2024-07-25,2024-07-26,2024-07-31,2024-08-01,True,True,True
MSFT,2024-07-25,2024-07-26,2024-07-31,2024-08-01,True,True,True
NEE,2024-07-25,2024-07-26,2024-07-31,2024-08-01,True,True,True
NOW,2024-07-25,2024-07-26,2024-07-31,2024-08-01,True,True,True
NU,2024-07-25,2024-07-26,2024-07-31,2024-08-01,True,True,True
OKTA,2024-07-25,2024-07-26,2024-07-31,2024-08-01,True,True,True
OXY,2024-07-25,2024-07-26,2024-07-31,2024-08-01,True,True,True
PANW,2024-07-25,2024-07-26,2024-07-31,2024-08-01,True,True,True
PBR,2024-07-25,2024-07-26,2024-07-31,2024-08-01,True,True,True
PFE,2024-07-25,2024-07-26,2024-07-31,2024-08-01,True,True,True
PYPL,2024-07-25,2024-07-26,2024-07-31,2024-08-01,True,True,True
RTX,2024-07-25,2024-07-26,2024-07-31,2024-08-01,True,True,True
SCHW,2024-07-25,2024-07-26,2024-07-31,2024-08-01,True,True,True
TEVA,2024-07-25,2024-07-26,2024-07-31,2024-08-01,True,True,True
TGT,2024-07-25,2024-07-26,2024-07-31,2024-08-01,True,True,True
UBER,2024-07-25,2024-07-26,2024-07-31,2024-08-01,True,True,True
UPS,2024-07-25,2024-07-26,2024-07-31,2024-08-01,True,True,True
VALE,2024-07-25,2024-07-26,2024-07-31,2024-08-01,True,True,True
VOD,2024-07-25,2024-07-26,2024-07-31,2024-08-01,True,True,True
WMT,2024-07-25,2024-07-26,2024-07-31,2024-08-01,True,True,True
ZION,2024-07-25,2024-07-26,2024-07-31,2024-08-01,True,True,True
ZM,2024-07-25,2024-07-26,2024-07-31,2024-08-01,True,True,True
ZS,2024-07-25,2024-07-26,2024-07-31,2024-08-01,True,True,True
ABT,2024-07-26,2024-07-29,2024-08-01,2024-08-02,True,True,True
ADM,2024-07-26,2024-07-29,2024-08-01,2024-08-02,True,True,True
AGNC,2024-07-26,2024-07-29,2024-08-01,2024-08-02,True,True,True
AKAM,2024-07-26,2024-07-29,2024-08-01,2024-08-02,True,True,True
BMY,2024-07-26,2024-07-29,2024-08-01,2024-08-02,True,True,True
CMG,2024-07-26,2024-07-29,2024-08-01,2024-08-02,True,True,True
COST,2024-07-26,2024-07-29,2024-08-01,2024-08-02,True,True,True
CSCO,2024-07-26,2024-07-29,2024-08-01,2024-08-02,True,True,True
CVS,2024-07-26,2024-07-29,2024-08-01,2024-08-02,True,True,True
DG,2024-07-26,2024-07-29,2024-08-01,2024-08-02,True,True,True
DVN,2024-07-26,2024-07-29,2024-08-01,2024-08-02,True,True,True
EBAY,2024-07-26,2024-07-29,2024-08-01,2024-08-02,True,True,True
EDU,2024-07-26,2024-07-29,2024-08-01,2024-08-02,True,True,True
F,2024-07-26,2024-07-29,2024-08-01,2024-08-02,True,True,True
FANG,2024-07-26,2024-07-29,2024-08-01,2024-08-02,True,True,True
GM,2024-07-26,2024-07-29,2024-08-01,2024-08-02,True,True,True
GOOG,2024-07-26,2024-07-29,2024-08-01,2024-08-02,True,True,True
HPQ,2024-07-26,2024-07-29,2024-08-01,2024-08-02,True,True,True
JD,2024-07-26,2024-07-29,2024-08-01,2024-08-02,True,True,True
JNJ,2024-07-26,2024-07-29,2024-08-01,2024-08-02,True,True,True
LLY,2024-07-26,2024-07-29,2024-08-01,2024-08-02,True,True,True
LUV,2024-07-26,2024-07-29,2024-08-01,2024-08-02,True,True,True
MGM,2024-07-26,2024-07-29,2024-08-01,2024-08-02,True,True,True
MOS,2024-07-26,2024-07-29,2024-08-01,2024-08-02,True,True,True
MSFT,2024-07-26,2024-07-29,2024-08-01,2024-08-02,True,True,True
NEE,2024-07-26,2024-07-29,2024-08-01,2024-08-02,True,True,True
NOW,2024-07-26,2024-07-29,2024-08-01,2024-08-02,True,True,True
NU,2024-07-26,2024-07-29,2024-08-01,2024-08-02,True,True,True
OKTA,2024-07-26,2024-07-29,2024-08-01,2024-08-02,True,True,True
OXY,2024-07-26,2024-07-29,2024-08-01,2024-08-02,True,True,True
PANW,2024-07-26,2024-07-29,2024-08-01,2024-08-02,True,True,True
PBR,2024-07-26,2024-07-29,2024-08-01,2024-08-02,True,True,True
PFE,2024-07-26,2024-07-29,2024-08-01,2024-08-02,True,True,True
PYPL,2024-07-26,2024-07-29,2024-08-01,2024-08-02,True,True,True
RTX,2024-07-26,2024-07-29,2024-08-01,2024-08-02,True,True,True
SCHW,2024-07-26,2024-07-29,2024-08-01,2024-08-02,True,True,True
TEVA,2024-07-26,2024-07-29,2024-08-01,2024-08-02,True,True,True
TGT,2024-07-26,2024-07-29,2024-08-01,2024-08-02,True,True,True
UBER,2024-07-26,2024-07-29,2024-08-01,2024-08-02,True,True,True
UPS,2024-07-26,2024-07-29,2024-08-01,2024-08-02,True,True,True
VALE,2024-07-26,2024-07-29,2024-08-01,2024-08-02,True,True,True
VOD,2024-07-26,2024-07-29,2024-08-01,2024-08-02,True,True,True
WMT,2024-07-26,2024-07-29,2024-08-01,2024-08-02,True,True,True
ZION,2024-07-26,2024-07-29,2024-08-01,2024-08-02,True,True,True
ZM,2024-07-26,2024-07-29,2024-08-01,2024-08-02,True,True,True
ZS,2024-07-26,2024-07-29,2024-08-01,2024-08-02,True,True,True
GNRC,2024-10-21,2024-10-22,2024-10-25,2024-10-28,True,True,True
TXN,2024-10-21,2024-10-22,2024-10-25,2024-10-28,True,True,True
GNRC,2024-10-22,2024-10-23,2024-10-28,2024-10-29,True,True,True
TXN,2024-10-22,2024-10-23,2024-10-28,2024-10-29,True,True,True
GNRC,2024-10-23,2024-10-24,2024-10-29,2024-10-30,True,True,True
TXN,2024-10-23,2024-10-24,2024-10-29,2024-10-30,True,True,True
GNRC,2024-10-24,2024-10-25,2024-10-30,2024-10-31,True,True,True
TXN,2024-10-24,2024-10-25,2024-10-30,2024-10-31,True,True,True
GNRC,2024-10-25,2024-10-28,2024-10-31,2024-11-01,True,True,True
TXN,2024-10-25,2024-10-28,2024-10-31,2024-11-01,True,True,True
GNRC,2024-10-28,2024-10-29,2024-11-01,2024-11-04,True,True,True
TXN,2024-10-28,2024-10-29,2024-11-01,2024-11-04,True,True,True
GNRC,2024-10-29,2024-10-30,2024-11-04,2024-11-05,False,True,True
GNRC,2024-10-30,2024-10-31,2024-11-05,2024-11-06,False,True,True
GNRC,2024-10-31,2024-11-01,2024-11-06,2024-11-07,False,True,True
GNRC,2024-11-01,2024-11-04,2024-11-07,2024-11-08,False,True,True
GNRC,2024-11-04,2024-11-05,2024-11-08,2024-11-11,False,False,True
GNRC,2024-11-05,2024-11-06,2024-11-11,2024-11-12,False,False,True
GNRC,2024-11-06,2024-11-07,2024-11-12,2024-11-13,False,False,True
GNRC,2024-11-07,2024-11-08,2024-11-13,2024-11-14,False,False,True
GNRC,2024-11-08,2024-11-11,2024-11-14,2024-11-15,False,False,True
GNRC,2024-11-11,2024-11-12,2024-11-15,2024-11-18,False,False,True
GNRC,2024-11-12,2024-11-13,2024-11-18,2024-11-19,False,False,True
GNRC,2024-11-13,2024-11-14,2024-11-19,2024-11-20,False,False,True
GNRC,2024-11-14,2024-11-15,2024-11-20,2024-11-21,False,False,True
GNRC,2024-11-15,2024-11-18,2024-11-21,2024-11-22,False,False,True
GNRC,2024-11-18,2024-11-19,2024-11-22,2024-11-25,False,False,True
GNRC,2024-11-19,2024-11-20,2024-11-25,2024-11-26,False,False,True
GNRC,2024-11-20,2024-11-21,2024-11-26,2024-11-27,False,False,True
GNRC,2024-11-21,2024-11-22,2024-11-27,2024-11-29,False,False,True
GNRC,2024-11-22,2024-11-25,2024-11-29,2024-12-02,False,False,True
GNRC,2024-11-25,2024-11-26,2024-12-02,2024-12-03,False,False,True
GNRC,2024-11-26,2024-11-27,2024-12-03,2024-12-04,False,False,True
GNRC,2024-11-27,2024-11-29,2024-12-04,2024-12-05,False,False,True
GNRC,2024-11-29,2024-12-02,2024-12-05,2024-12-06,False,False,True
GNRC,2024-12-02,2024-12-03,2024-12-06,2024-12-09,False,False,True
GNRC,2024-12-03,2024-12-04,2024-12-09,2024-12-10,False,False,True
GNRC,2024-12-04,2024-12-05,2024-12-10,2024-12-11,False,False,True
GNRC,2024-12-05,2024-12-06,2024-12-11,2024-12-12,False,False,True
GNRC,2024-12-06,2024-12-09,2024-12-12,2024-12-13,False,False,True
GNRC,2024-12-09,2024-12-10,2024-12-13,2024-12-16,False,False,True
ZM,2024-12-23,2024-12-24,2024-12-30,2024-12-31,False,False,True
ZM,2024-12-24,2024-12-26,2024-12-31,2025-01-02,False,False,True
ZM,2024-12-26,2024-12-27,2025-01-02,2025-01-03,False,False,True
ZM,2024-12-27,2024-12-30,2025-01-03,2025-01-06,False,False,True
ZM,2024-12-30,2024-12-31,2025-01-06,2025-01-07,False,False,True
ZM,2024-12-31,2025-01-02,2025-01-07,2025-01-08,False,False,True
ZM,2025-01-02,2025-01-03,2025-01-08,2025-01-10,False,False,True
ZM,2025-01-03,2025-01-06,2025-01-10,2025-01-13,False,False,True
ZM,2025-01-06,2025-01-07,2025-01-13,2025-01-14,False,False,True
ZM,2025-01-07,2025-01-08,2025-01-14,2025-01-15,False,False,True
ZM,2025-01-08,2025-01-10,2025-01-15,2025-01-16,False,False,True
ZM,2025-01-10,2025-01-13,2025-01-16,2025-01-17,False,False,True
ZM,2025-01-13,2025-01-14,2025-01-17,2025-01-21,False,False,True
ZM,2025-01-14,2025-01-15,2025-01-21,2025-01-22,False,False,True
ZM,2025-01-15,2025-01-16,2025-01-22,2025-01-23,False,False,True
ZM,2025-01-16,2025-01-17,2025-01-23,2025-01-24,False,False,True
ZM,2025-01-17,2025-01-21,2025-01-24,2025-01-27,False,False,True
ZM,2025-01-21,2025-01-22,2025-01-27,2025-01-28,False,False,True
ZM,2025-01-22,2025-01-23,2025-01-28,2025-01-29,False,False,True
ZM,2025-01-23,2025-01-24,2025-01-29,2025-01-30,False,False,True
ZM,2025-01-24,2025-01-27,2025-01-30,2025-01-31,False,False,True
ZM,2025-01-27,2025-01-28,2025-01-31,2025-02-03,False,False,True
ZM,2025-01-28,2025-01-29,2025-02-03,2025-02-04,False,False,True
ZM,2025-01-29,2025-01-30,2025-02-04,2025-02-05,False,False,True
ZM,2025-01-30,2025-01-31,2025-02-05,2025-02-06,False,False,True
AKAM,2025-02-20,2025-02-21,2025-02-26,2025-02-27,True,True,True
TWLO,2025-02-20,2025-02-21,2025-02-26,2025-02-27,True,True,True
AKAM,2025-02-21,2025-02-24,2025-02-27,2025-02-28,True,True,True
TWLO,2025-02-21,2025-02-24,2025-02-27,2025-02-28,True,True,True
AKAM,2025-02-24,2025-02-25,2025-02-28,2025-03-03,True,True,True
TWLO,2025-02-24,2025-02-25,2025-02-28,2025-03-03,True,True,True
AKAM,2025-03-21,2025-03-24,2025-03-27,2025-03-28,True,True,True
ABT,2025-03-24,2025-03-25,2025-03-28,2025-03-31,True,True,True
ADM,2025-03-24,2025-03-25,2025-03-28,2025-03-31,True,True,True
AGNC,2025-03-24,2025-03-25,2025-03-28,2025-03-31,True,True,True
AKAM,2025-03-24,2025-03-25,2025-03-28,2025-03-31,True,True,True
BMY,2025-03-24,2025-03-25,2025-03-28,2025-03-31,True,True,True
CMG,2025-03-24,2025-03-25,2025-03-28,2025-03-31,True,True,True
COST,2025-03-24,2025-03-25,2025-03-28,2025-03-31,True,True,True
CSCO,2025-03-24,2025-03-25,2025-03-28,2025-03-31,True,True,True
CVS,2025-03-24,2025-03-25,2025-03-28,2025-03-31,True,True,True
DG,2025-03-24,2025-03-25,2025-03-28,2025-03-31,True,True,True
DVN,2025-03-24,2025-03-25,2025-03-28,2025-03-31,True,True,True
EBAY,2025-03-24,2025-03-25,2025-03-28,2025-03-31,True,True,True
EDU,2025-03-24,2025-03-25,2025-03-28,2025-03-31,True,True,True
F,2025-03-24,2025-03-25,2025-03-28,2025-03-31,True,True,True
FANG,2025-03-24,2025-03-25,2025-03-28,2025-03-31,True,True,True
GM,2025-03-24,2025-03-25,2025-03-28,2025-03-31,True,True,True
GOOG,2025-03-24,2025-03-25,2025-03-28,2025-03-31,True,True,True
HPQ,2025-03-24,2025-03-25,2025-03-28,2025-03-31,True,True,True
JD,2025-03-24,2025-03-25,2025-03-28,2025-03-31,True,True,True
JNJ,2025-03-24,2025-03-25,2025-03-28,2025-03-31,True,True,True
LLY,2025-03-24,2025-03-25,2025-03-28,2025-03-31,True,True,True
LUV,2025-03-24,2025-03-25,2025-03-28,2025-03-31,True,True,True
MGM,2025-03-24,2025-03-25,2025-03-28,2025-03-31,True,True,True
MOS,2025-03-24,2025-03-25,2025-03-28,2025-03-31,True,True,True
MSFT,2025-03-24,2025-03-25,2025-03-28,2025-03-31,True,True,True
NEE,2025-03-24,2025-03-25,2025-03-28,2025-03-31,True,True,True
NOW,2025-03-24,2025-03-25,2025-03-28,2025-03-31,True,True,True
NU,2025-03-24,2025-03-25,2025-03-28,2025-03-31,True,True,True
OKTA,2025-03-24,2025-03-25,2025-03-28,2025-03-31,True,True,True
OXY,2025-03-24,2025-03-25,2025-03-28,2025-03-31,True,True,True
PANW,2025-03-24,2025-03-25,2025-03-28,2025-03-31,True,True,True
PBR,2025-03-24,2025-03-25,2025-03-28,2025-03-31,True,True,True
PFE,2025-03-24,2025-03-25,2025-03-28,2025-03-31,True,True,True
PYPL,2025-03-24,2025-03-25,2025-03-28,2025-03-31,True,True,True
RTX,2025-03-24,2025-03-25,2025-03-28,2025-03-31,True,True,True
SCHW,2025-03-24,2025-03-25,2025-03-28,2025-03-31,True,True,True
TEVA,2025-03-24,2025-03-25,2025-03-28,2025-03-31,True,True,True
TGT,2025-03-24,2025-03-25,2025-03-28,2025-03-31,True,True,True
UBER,2025-03-24,2025-03-25,2025-03-28,2025-03-31,True,True,True
UPS,2025-03-24,2025-03-25,2025-03-28,2025-03-31,True,True,True
VALE,2025-03-24,2025-03-25,2025-03-28,2025-03-31,True,True,True
VOD,2025-03-24,2025-03-25,2025-03-28,2025-03-31,True,True,True
WMT,2025-03-24,2025-03-25,2025-03-28,2025-03-31,True,True,True
ZION,2025-03-24,2025-03-25,2025-03-28,2025-03-31,True,True,True
ZM,2025-03-24,2025-03-25,2025-03-28,2025-03-31,True,True,True
ZS,2025-03-24,2025-03-25,2025-03-28,2025-03-31,True,True,True
ABT,2025-03-25,2025-03-26,2025-03-31,2025-04-01,True,True,True
ADM,2025-03-25,2025-03-26,2025-03-31,2025-04-01,True,True,True
AGNC,2025-03-25,2025-03-26,2025-03-31,2025-04-01,True,True,True
AKAM,2025-03-25,2025-03-26,2025-03-31,2025-04-01,True,True,True
BMY,2025-03-25,2025-03-26,2025-03-31,2025-04-01,True,True,True
CMG,2025-03-25,2025-03-26,2025-03-31,2025-04-01,True,True,True
COST,2025-03-25,2025-03-26,2025-03-31,2025-04-01,True,True,True
CSCO,2025-03-25,2025-03-26,2025-03-31,2025-04-01,True,True,True
CVS,2025-03-25,2025-03-26,2025-03-31,2025-04-01,True,True,True
DG,2025-03-25,2025-03-26,2025-03-31,2025-04-01,True,True,True
DVN,2025-03-25,2025-03-26,2025-03-31,2025-04-01,True,True,True
EBAY,2025-03-25,2025-03-26,2025-03-31,2025-04-01,True,True,True
EDU,2025-03-25,2025-03-26,2025-03-31,2025-04-01,True,True,True
F,2025-03-25,2025-03-26,2025-03-31,2025-04-01,True,True,True
FANG,2025-03-25,2025-03-26,2025-03-31,2025-04-01,True,True,True
GM,2025-03-25,2025-03-26,2025-03-31,2025-04-01,True,True,True
GOOG,2025-03-25,2025-03-26,2025-03-31,2025-04-01,True,True,True
HPQ,2025-03-25,2025-03-26,2025-03-31,2025-04-01,True,True,True
JD,2025-03-25,2025-03-26,2025-03-31,2025-04-01,True,True,True
JNJ,2025-03-25,2025-03-26,2025-03-31,2025-04-01,True,True,True
LLY,2025-03-25,2025-03-26,2025-03-31,2025-04-01,True,True,True
LUV,2025-03-25,2025-03-26,2025-03-31,2025-04-01,True,True,True
MGM,2025-03-25,2025-03-26,2025-03-31,2025-04-01,True,True,True
MOS,2025-03-25,2025-03-26,2025-03-31,2025-04-01,True,True,True
MSFT,2025-03-25,2025-03-26,2025-03-31,2025-04-01,True,True,True
NEE,2025-03-25,2025-03-26,2025-03-31,2025-04-01,True,True,True
NOW,2025-03-25,2025-03-26,2025-03-31,2025-04-01,True,True,True
NU,2025-03-25,2025-03-26,2025-03-31,2025-04-01,True,True,True
OKTA,2025-03-25,2025-03-26,2025-03-31,2025-04-01,True,True,True
OXY,2025-03-25,2025-03-26,2025-03-31,2025-04-01,True,True,True
PANW,2025-03-25,2025-03-26,2025-03-31,2025-04-01,True,True,True
PBR,2025-03-25,2025-03-26,2025-03-31,2025-04-01,True,True,True
PFE,2025-03-25,2025-03-26,2025-03-31,2025-04-01,True,True,True
PYPL,2025-03-25,2025-03-26,2025-03-31,2025-04-01,True,True,True
RTX,2025-03-25,2025-03-26,2025-03-31,2025-04-01,True,True,True
SCHW,2025-03-25,2025-03-26,2025-03-31,2025-04-01,True,True,True
TEVA,2025-03-25,2025-03-26,2025-03-31,2025-04-01,True,True,True
TGT,2025-03-25,2025-03-26,2025-03-31,2025-04-01,True,True,True
UBER,2025-03-25,2025-03-26,2025-03-31,2025-04-01,True,True,True
UPS,2025-03-25,2025-03-26,2025-03-31,2025-04-01,True,True,True
VALE,2025-03-25,2025-03-26,2025-03-31,2025-04-01,True,True,True
VOD,2025-03-25,2025-03-26,2025-03-31,2025-04-01,True,True,True
WMT,2025-03-25,2025-03-26,2025-03-31,2025-04-01,True,True,True
ZION,2025-03-25,2025-03-26,2025-03-31,2025-04-01,True,True,True
ZM,2025-03-25,2025-03-26,2025-03-31,2025-04-01,True,True,True
ZS,2025-03-25,2025-03-26,2025-03-31,2025-04-01,True,True,True
ABT,2025-03-26,2025-03-27,2025-04-01,2025-04-02,True,True,True
ADM,2025-03-26,2025-03-27,2025-04-01,2025-04-02,True,True,True
AGNC,2025-03-26,2025-03-27,2025-04-01,2025-04-02,True,True,True
AKAM,2025-03-26,2025-03-27,2025-04-01,2025-04-02,True,True,True
BMY,2025-03-26,2025-03-27,2025-04-01,2025-04-02,True,True,True
CMG,2025-03-26,2025-03-27,2025-04-01,2025-04-02,True,True,True
COST,2025-03-26,2025-03-27,2025-04-01,2025-04-02,True,True,True
CSCO,2025-03-26,2025-03-27,2025-04-01,2025-04-02,True,True,True
CVS,2025-03-26,2025-03-27,2025-04-01,2025-04-02,True,True,True
DG,2025-03-26,2025-03-27,2025-04-01,2025-04-02,True,True,True
DVN,2025-03-26,2025-03-27,2025-04-01,2025-04-02,True,True,True
EBAY,2025-03-26,2025-03-27,2025-04-01,2025-04-02,True,True,True
EDU,2025-03-26,2025-03-27,2025-04-01,2025-04-02,True,True,True
F,2025-03-26,2025-03-27,2025-04-01,2025-04-02,True,True,True
FANG,2025-03-26,2025-03-27,2025-04-01,2025-04-02,True,True,True
GM,2025-03-26,2025-03-27,2025-04-01,2025-04-02,True,True,True
GOOG,2025-03-26,2025-03-27,2025-04-01,2025-04-02,True,True,True
HPQ,2025-03-26,2025-03-27,2025-04-01,2025-04-02,True,True,True
JD,2025-03-26,2025-03-27,2025-04-01,2025-04-02,True,True,True
JNJ,2025-03-26,2025-03-27,2025-04-01,2025-04-02,True,True,True
LLY,2025-03-26,2025-03-27,2025-04-01,2025-04-02,True,True,True
LUV,2025-03-26,2025-03-27,2025-04-01,2025-04-02,True,True,True
MGM,2025-03-26,2025-03-27,2025-04-01,2025-04-02,True,True,True
MOS,2025-03-26,2025-03-27,2025-04-01,2025-04-02,True,True,True
MSFT,2025-03-26,2025-03-27,2025-04-01,2025-04-02,True,True,True
NEE,2025-03-26,2025-03-27,2025-04-01,2025-04-02,True,True,True
NOW,2025-03-26,2025-03-27,2025-04-01,2025-04-02,True,True,True
NU,2025-03-26,2025-03-27,2025-04-01,2025-04-02,True,True,True
OKTA,2025-03-26,2025-03-27,2025-04-01,2025-04-02,True,True,True
OXY,2025-03-26,2025-03-27,2025-04-01,2025-04-02,True,True,True
PANW,2025-03-26,2025-03-27,2025-04-01,2025-04-02,True,True,True
PBR,2025-03-26,2025-03-27,2025-04-01,2025-04-02,True,True,True
PFE,2025-03-26,2025-03-27,2025-04-01,2025-04-02,True,True,True
PYPL,2025-03-26,2025-03-27,2025-04-01,2025-04-02,True,True,True
RTX,2025-03-26,2025-03-27,2025-04-01,2025-04-02,True,True,True
SCHW,2025-03-26,2025-03-27,2025-04-01,2025-04-02,True,True,True
TEVA,2025-03-26,2025-03-27,2025-04-01,2025-04-02,True,True,True
TGT,2025-03-26,2025-03-27,2025-04-01,2025-04-02,True,True,True
UBER,2025-03-26,2025-03-27,2025-04-01,2025-04-02,True,True,True
UPS,2025-03-26,2025-03-27,2025-04-01,2025-04-02,True,True,True
VALE,2025-03-26,2025-03-27,2025-04-01,2025-04-02,True,True,True
VOD,2025-03-26,2025-03-27,2025-04-01,2025-04-02,True,True,True
WMT,2025-03-26,2025-03-27,2025-04-01,2025-04-02,True,True,True
ZION,2025-03-26,2025-03-27,2025-04-01,2025-04-02,True,True,True
ZM,2025-03-26,2025-03-27,2025-04-01,2025-04-02,True,True,True
ZS,2025-03-26,2025-03-27,2025-04-01,2025-04-02,True,True,True
ABT,2025-03-27,2025-03-28,2025-04-02,2025-04-03,True,True,True
ADM,2025-03-27,2025-03-28,2025-04-02,2025-04-03,True,True,True
AGNC,2025-03-27,2025-03-28,2025-04-02,2025-04-03,True,True,True
AKAM,2025-03-27,2025-03-28,2025-04-02,2025-04-03,True,True,True
BMY,2025-03-27,2025-03-28,2025-04-02,2025-04-03,True,True,True
CMG,2025-03-27,2025-03-28,2025-04-02,2025-04-03,True,True,True
COST,2025-03-27,2025-03-28,2025-04-02,2025-04-03,True,True,True
CSCO,2025-03-27,2025-03-28,2025-04-02,2025-04-03,True,True,True
CVS,2025-03-27,2025-03-28,2025-04-02,2025-04-03,True,True,True
DG,2025-03-27,2025-03-28,2025-04-02,2025-04-03,True,True,True
DVN,2025-03-27,2025-03-28,2025-04-02,2025-04-03,True,True,True
EBAY,2025-03-27,2025-03-28,2025-04-02,2025-04-03,True,True,True
EDU,2025-03-27,2025-03-28,2025-04-02,2025-04-03,True,True,True
F,2025-03-27,2025-03-28,2025-04-02,2025-04-03,True,True,True
FANG,2025-03-27,2025-03-28,2025-04-02,2025-04-03,True,True,True
GM,2025-03-27,2025-03-28,2025-04-02,2025-04-03,True,True,True
GOOG,2025-03-27,2025-03-28,2025-04-02,2025-04-03,True,True,True
HPQ,2025-03-27,2025-03-28,2025-04-02,2025-04-03,True,True,True
JD,2025-03-27,2025-03-28,2025-04-02,2025-04-03,True,True,True
JNJ,2025-03-27,2025-03-28,2025-04-02,2025-04-03,True,True,True
LLY,2025-03-27,2025-03-28,2025-04-02,2025-04-03,True,True,True
LUV,2025-03-27,2025-03-28,2025-04-02,2025-04-03,True,True,True
MGM,2025-03-27,2025-03-28,2025-04-02,2025-04-03,True,True,True
MOS,2025-03-27,2025-03-28,2025-04-02,2025-04-03,True,True,True
MSFT,2025-03-27,2025-03-28,2025-04-02,2025-04-03,True,True,True
NEE,2025-03-27,2025-03-28,2025-04-02,2025-04-03,True,True,True
NOW,2025-03-27,2025-03-28,2025-04-02,2025-04-03,True,True,True
NU,2025-03-27,2025-03-28,2025-04-02,2025-04-03,True,True,True
OKTA,2025-03-27,2025-03-28,2025-04-02,2025-04-03,True,True,True
OXY,2025-03-27,2025-03-28,2025-04-02,2025-04-03,True,True,True
PANW,2025-03-27,2025-03-28,2025-04-02,2025-04-03,True,True,True
PBR,2025-03-27,2025-03-28,2025-04-02,2025-04-03,True,True,True
PFE,2025-03-27,2025-03-28,2025-04-02,2025-04-03,True,True,True
PYPL,2025-03-27,2025-03-28,2025-04-02,2025-04-03,True,True,True
RTX,2025-03-27,2025-03-28,2025-04-02,2025-04-03,True,True,True
SCHW,2025-03-27,2025-03-28,2025-04-02,2025-04-03,True,True,True
TEVA,2025-03-27,2025-03-28,2025-04-02,2025-04-03,True,True,True
TGT,2025-03-27,2025-03-28,2025-04-02,2025-04-03,True,True,True
UBER,2025-03-27,2025-03-28,2025-04-02,2025-04-03,True,True,True
UPS,2025-03-27,2025-03-28,2025-04-02,2025-04-03,True,True,True
VALE,2025-03-27,2025-03-28,2025-04-02,2025-04-03,True,True,True
VOD,2025-03-27,2025-03-28,2025-04-02,2025-04-03,True,True,True
WMT,2025-03-27,2025-03-28,2025-04-02,2025-04-03,True,True,True
ZION,2025-03-27,2025-03-28,2025-04-02,2025-04-03,True,True,True
ZM,2025-03-27,2025-03-28,2025-04-02,2025-04-03,True,True,True
ZS,2025-03-27,2025-03-28,2025-04-02,2025-04-03,True,True,True
ABT,2025-03-28,2025-03-31,2025-04-03,2025-04-04,True,True,True
ADM,2025-03-28,2025-03-31,2025-04-03,2025-04-04,True,True,True
AGNC,2025-03-28,2025-03-31,2025-04-03,2025-04-04,True,True,True
AKAM,2025-03-28,2025-03-31,2025-04-03,2025-04-04,True,True,True
BMY,2025-03-28,2025-03-31,2025-04-03,2025-04-04,True,True,True
CMG,2025-03-28,2025-03-31,2025-04-03,2025-04-04,True,True,True
COST,2025-03-28,2025-03-31,2025-04-03,2025-04-04,True,True,True
CSCO,2025-03-28,2025-03-31,2025-04-03,2025-04-04,True,True,True
CVS,2025-03-28,2025-03-31,2025-04-03,2025-04-04,True,True,True
DG,2025-03-28,2025-03-31,2025-04-03,2025-04-04,True,True,True
DVN,2025-03-28,2025-03-31,2025-04-03,2025-04-04,True,True,True
EBAY,2025-03-28,2025-03-31,2025-04-03,2025-04-04,True,True,True
EDU,2025-03-28,2025-03-31,2025-04-03,2025-04-04,True,True,True
F,2025-03-28,2025-03-31,2025-04-03,2025-04-04,True,True,True
FANG,2025-03-28,2025-03-31,2025-04-03,2025-04-04,True,True,True
GM,2025-03-28,2025-03-31,2025-04-03,2025-04-04,True,True,True
GOOG,2025-03-28,2025-03-31,2025-04-03,2025-04-04,True,True,True
HPQ,2025-03-28,2025-03-31,2025-04-03,2025-04-04,True,True,True
JD,2025-03-28,2025-03-31,2025-04-03,2025-04-04,True,True,True
JNJ,2025-03-28,2025-03-31,2025-04-03,2025-04-04,True,True,True
LLY,2025-03-28,2025-03-31,2025-04-03,2025-04-04,True,True,True
LUV,2025-03-28,2025-03-31,2025-04-03,2025-04-04,True,True,True
MGM,2025-03-28,2025-03-31,2025-04-03,2025-04-04,True,True,True
MOS,2025-03-28,2025-03-31,2025-04-03,2025-04-04,True,True,True
MSFT,2025-03-28,2025-03-31,2025-04-03,2025-04-04,True,True,True
NEE,2025-03-28,2025-03-31,2025-04-03,2025-04-04,True,True,True
NOW,2025-03-28,2025-03-31,2025-04-03,2025-04-04,True,True,True
NU,2025-03-28,2025-03-31,2025-04-03,2025-04-04,True,True,True
OKTA,2025-03-28,2025-03-31,2025-04-03,2025-04-04,True,True,True
OXY,2025-03-28,2025-03-31,2025-04-03,2025-04-04,True,True,True
PANW,2025-03-28,2025-03-31,2025-04-03,2025-04-04,True,True,True
PBR,2025-03-28,2025-03-31,2025-04-03,2025-04-04,True,True,True
PFE,2025-03-28,2025-03-31,2025-04-03,2025-04-04,True,True,True
PYPL,2025-03-28,2025-03-31,2025-04-03,2025-04-04,True,True,True
RTX,2025-03-28,2025-03-31,2025-04-03,2025-04-04,True,True,True
SCHW,2025-03-28,2025-03-31,2025-04-03,2025-04-04,True,True,True
TEVA,2025-03-28,2025-03-31,2025-04-03,2025-04-04,True,True,True
TGT,2025-03-28,2025-03-31,2025-04-03,2025-04-04,True,True,True
UBER,2025-03-28,2025-03-31,2025-04-03,2025-04-04,True,True,True
UPS,2025-03-28,2025-03-31,2025-04-03,2025-04-04,True,True,True
VALE,2025-03-28,2025-03-31,2025-04-03,2025-04-04,True,True,True
VOD,2025-03-28,2025-03-31,2025-04-03,2025-04-04,True,True,True
WMT,2025-03-28,2025-03-31,2025-04-03,2025-04-04,True,True,True
ZION,2025-03-28,2025-03-31,2025-04-03,2025-04-04,True,True,True
ZM,2025-03-28,2025-03-31,2025-04-03,2025-04-04,True,True,True
ZS,2025-03-28,2025-03-31,2025-04-03,2025-04-04,True,True,True
AKAM,2025-08-07,2025-08-08,2025-08-13,2025-08-14,True,True,True
TWLO,2025-08-07,2025-08-08,2025-08-13,2025-08-14,True,True,True
AKAM,2025-08-08,2025-08-11,2025-08-14,2025-08-15,True,True,True
TWLO,2025-08-08,2025-08-11,2025-08-14,2025-08-15,True,True,True
AKAM,2025-08-11,2025-08-12,2025-08-15,2025-08-18,True,True,True
TWLO,2025-08-11,2025-08-12,2025-08-15,2025-08-18,True,True,True
RTX,2025-08-18,2025-08-19,2025-08-22,2025-08-25,False,False,True
RTX,2025-08-19,2025-08-20,2025-08-25,2025-08-26,False,False,True
RTX,2025-08-20,2025-08-21,2025-08-26,2025-08-27,False,False,True
RTX,2025-08-21,2025-08-22,2025-08-27,2025-08-28,False,False,True
RTX,2025-08-22,2025-08-25,2025-08-28,2025-08-29,False,False,True
RTX,2025-08-25,2025-08-26,2025-08-29,2025-09-02,False,False,True
RTX,2025-08-26,2025-08-27,2025-09-02,2025-09-03,False,False,True
RTX,2025-08-27,2025-08-28,2025-09-03,2025-09-04,False,False,True
RTX,2025-08-28,2025-08-29,2025-09-04,2025-09-05,False,False,True
RTX,2025-08-29,2025-09-02,2025-09-05,2025-09-08,False,False,True
RTX,2025-09-02,2025-09-03,2025-09-08,2025-09-09,False,False,True
RTX,2025-09-03,2025-09-04,2025-09-09,2025-09-10,False,False,True
RTX,2025-09-04,2025-09-05,2025-09-10,2025-09-11,False,False,True
RTX,2025-09-05,2025-09-08,2025-09-11,2025-09-12,False,False,True
RTX,2025-09-08,2025-09-09,2025-09-12,2025-09-15,False,False,True
RTX,2025-09-09,2025-09-10,2025-09-15,2025-09-16,False,False,True
RTX,2025-09-10,2025-09-11,2025-09-16,2025-09-17,False,False,True
RTX,2025-09-11,2025-09-12,2025-09-17,2025-09-18,False,False,True
RTX,2025-09-12,2025-09-15,2025-09-18,2025-09-19,False,False,True
RTX,2025-09-15,2025-09-16,2025-09-19,2025-09-22,False,False,True
RTX,2025-09-16,2025-09-17,2025-09-22,2025-09-23,False,False,True
RTX,2025-09-17,2025-09-18,2025-09-23,2025-09-24,False,False,True
RTX,2025-09-18,2025-09-19,2025-09-24,2025-09-25,False,False,True
RTX,2025-09-19,2025-09-22,2025-09-25,2025-09-26,False,False,True
RTX,2025-09-22,2025-09-23,2025-09-26,2025-09-29,False,False,True
RTX,2025-09-23,2025-09-24,2025-09-29,2025-09-30,False,False,True
RTX,2025-09-24,2025-09-25,2025-09-30,2025-10-01,False,False,True
VLO,2025-11-25,2025-11-26,2025-12-02,2025-12-03,False,True,True
VLO,2025-11-26,2025-11-28,2025-12-03,2025-12-04,False,True,True
VLO,2025-11-28,2025-12-01,2025-12-04,2025-12-05,False,False,True
VLO,2025-12-01,2025-12-02,2025-12-05,2025-12-08,False,False,True
VLO,2025-12-02,2025-12-03,2025-12-08,2025-12-09,False,False,True
VLO,2025-12-03,2025-12-04,2025-12-09,2025-12-10,False,False,True
VLO,2025-12-04,2025-12-05,2025-12-10,2025-12-11,False,False,True
VLO,2025-12-05,2025-12-08,2025-12-11,2025-12-12,False,False,True
VLO,2025-12-08,2025-12-09,2025-12-12,2025-12-15,False,False,True
PLTR,2025-12-09,2025-12-10,2025-12-15,2025-12-16,True,True,False
VLO,2025-12-09,2025-12-10,2025-12-15,2025-12-16,False,False,True
DIS,2025-12-10,2025-12-11,2025-12-16,2025-12-17,True,True,False
PLTR,2025-12-10,2025-12-11,2025-12-16,2025-12-17,True,True,False
VLO,2025-12-10,2025-12-11,2025-12-16,2025-12-17,False,False,True
DIS,2025-12-11,2025-12-12,2025-12-17,2025-12-18,True,True,False
MRVL,2025-12-11,2025-12-12,2025-12-17,2025-12-18,True,True,False
ORCL,2025-12-11,2025-12-12,2025-12-17,2025-12-18,True,True,False
PLTR,2025-12-11,2025-12-12,2025-12-17,2025-12-18,True,True,False
QCOM,2025-12-11,2025-12-12,2025-12-17,2025-12-18,True,True,False
VLO,2025-12-11,2025-12-12,2025-12-17,2025-12-18,False,False,True
CRM,2025-12-12,2025-12-15,2025-12-18,2025-12-19,True,True,False
DIS,2025-12-12,2025-12-15,2025-12-18,2025-12-19,True,True,False
MRVL,2025-12-12,2025-12-15,2025-12-18,2025-12-19,True,True,False
ORCL,2025-12-12,2025-12-15,2025-12-18,2025-12-19,True,True,False
PLTR,2025-12-12,2025-12-15,2025-12-18,2025-12-19,True,True,False
QCOM,2025-12-12,2025-12-15,2025-12-18,2025-12-19,True,True,False
VLO,2025-12-12,2025-12-15,2025-12-18,2025-12-19,False,False,True
CRM,2025-12-15,2025-12-16,2025-12-19,2025-12-22,True,True,False
DIS,2025-12-15,2025-12-16,2025-12-19,2025-12-22,True,True,False
MRVL,2025-12-15,2025-12-16,2025-12-19,2025-12-22,True,True,False
ORCL,2025-12-15,2025-12-16,2025-12-19,2025-12-22,True,True,False
PLTR,2025-12-15,2025-12-16,2025-12-19,2025-12-22,True,True,False
QCOM,2025-12-15,2025-12-16,2025-12-19,2025-12-22,True,True,False
VLO,2025-12-15,2025-12-16,2025-12-19,2025-12-22,False,False,True
CRM,2025-12-16,2025-12-17,2025-12-22,2025-12-23,True,True,False
DIS,2025-12-16,2025-12-17,2025-12-22,2025-12-23,True,True,False
MRVL,2025-12-16,2025-12-17,2025-12-22,2025-12-23,True,True,False
ORCL,2025-12-16,2025-12-17,2025-12-22,2025-12-23,True,True,False
PLTR,2025-12-16,2025-12-17,2025-12-22,2025-12-23,True,True,False
QCOM,2025-12-16,2025-12-17,2025-12-22,2025-12-23,True,True,False
VLO,2025-12-16,2025-12-17,2025-12-22,2025-12-23,False,False,True
CRM,2025-12-17,2025-12-18,2025-12-23,2025-12-24,True,True,False
DIS,2025-12-17,2025-12-18,2025-12-23,2025-12-24,True,True,False
MRVL,2025-12-17,2025-12-18,2025-12-23,2025-12-24,True,True,False
ORCL,2025-12-17,2025-12-18,2025-12-23,2025-12-24,True,True,False
PLTR,2025-12-17,2025-12-18,2025-12-23,2025-12-24,True,True,False
QCOM,2025-12-17,2025-12-18,2025-12-23,2025-12-24,True,True,False
VLO,2025-12-17,2025-12-18,2025-12-23,2025-12-24,False,False,True
CRM,2025-12-18,2025-12-19,2025-12-24,2025-12-26,True,True,False
DIS,2025-12-18,2025-12-19,2025-12-24,2025-12-26,True,True,False
MRVL,2025-12-18,2025-12-19,2025-12-24,2025-12-26,True,True,False
ORCL,2025-12-18,2025-12-19,2025-12-24,2025-12-26,True,True,False
PLTR,2025-12-18,2025-12-19,2025-12-24,2025-12-26,True,True,False
QCOM,2025-12-18,2025-12-19,2025-12-24,2025-12-26,True,True,False
VLO,2025-12-18,2025-12-19,2025-12-24,2025-12-26,False,False,True
CRM,2025-12-19,2025-12-22,2025-12-26,2025-12-29,True,True,False
DIS,2025-12-19,2025-12-22,2025-12-26,2025-12-29,True,True,False
MRVL,2025-12-19,2025-12-22,2025-12-26,2025-12-29,True,True,False
ORCL,2025-12-19,2025-12-22,2025-12-26,2025-12-29,True,True,False
PLTR,2025-12-19,2025-12-22,2025-12-26,2025-12-29,True,True,False
QCOM,2025-12-19,2025-12-22,2025-12-26,2025-12-29,True,True,False
VLO,2025-12-19,2025-12-22,2025-12-26,2025-12-29,False,False,True
CRM,2025-12-22,2025-12-23,2025-12-29,2025-12-30,True,True,False
DIS,2025-12-22,2025-12-23,2025-12-29,2025-12-30,True,True,False
MRVL,2025-12-22,2025-12-23,2025-12-29,2025-12-30,True,True,False
ORCL,2025-12-22,2025-12-23,2025-12-29,2025-12-30,True,True,False
PLTR,2025-12-22,2025-12-23,2025-12-29,2025-12-30,True,True,False
QCOM,2025-12-22,2025-12-23,2025-12-29,2025-12-30,True,True,False
VLO,2025-12-22,2025-12-23,2025-12-29,2025-12-30,False,False,True
CRM,2025-12-23,2025-12-24,2025-12-30,2025-12-31,True,True,False
DIS,2025-12-23,2025-12-24,2025-12-30,2025-12-31,True,True,False
MRVL,2025-12-23,2025-12-24,2025-12-30,2025-12-31,True,True,False
ORCL,2025-12-23,2025-12-24,2025-12-30,2025-12-31,True,True,False
PLTR,2025-12-23,2025-12-24,2025-12-30,2025-12-31,True,True,False
QCOM,2025-12-23,2025-12-24,2025-12-30,2025-12-31,True,True,False
VLO,2025-12-23,2025-12-24,2025-12-30,2025-12-31,False,False,True
CRM,2025-12-24,2025-12-26,2025-12-31,2026-01-02,True,True,False
DIS,2025-12-24,2025-12-26,2025-12-31,2026-01-02,True,True,False
MRVL,2025-12-24,2025-12-26,2025-12-31,2026-01-02,True,True,False
ORCL,2025-12-24,2025-12-26,2025-12-31,2026-01-02,True,True,False
PLTR,2025-12-24,2025-12-26,2025-12-31,2026-01-02,True,True,False
QCOM,2025-12-24,2025-12-26,2025-12-31,2026-01-02,True,True,False
VLO,2025-12-24,2025-12-26,2025-12-31,2026-01-02,False,False,True
CRM,2025-12-26,2025-12-29,2026-01-02,2026-01-05,True,True,False
DIS,2025-12-26,2025-12-29,2026-01-02,2026-01-05,True,True,False
MRVL,2025-12-26,2025-12-29,2026-01-02,2026-01-05,True,True,False
ORCL,2025-12-26,2025-12-29,2026-01-02,2026-01-05,True,True,False
PLTR,2025-12-26,2025-12-29,2026-01-02,2026-01-05,True,True,False
QCOM,2025-12-26,2025-12-29,2026-01-02,2026-01-05,True,True,False
VLO,2025-12-26,2025-12-29,2026-01-02,2026-01-05,False,False,True
CRM,2025-12-29,2025-12-30,2026-01-05,2026-01-06,True,True,False
DIS,2025-12-29,2025-12-30,2026-01-05,2026-01-06,True,True,False
MRVL,2025-12-29,2025-12-30,2026-01-05,2026-01-06,True,True,False
ORCL,2025-12-29,2025-12-30,2026-01-05,2026-01-06,True,True,False
PLTR,2025-12-29,2025-12-30,2026-01-05,2026-01-06,True,True,False
QCOM,2025-12-29,2025-12-30,2026-01-05,2026-01-06,True,True,False
VLO,2025-12-29,2025-12-30,2026-01-05,2026-01-06,False,False,True
CRM,2025-12-30,2025-12-31,2026-01-06,2026-01-07,True,True,False
DIS,2025-12-30,2025-12-31,2026-01-06,2026-01-07,True,True,False
MRVL,2025-12-30,2025-12-31,2026-01-06,2026-01-07,True,True,False
ORCL,2025-12-30,2025-12-31,2026-01-06,2026-01-07,True,True,False
PLTR,2025-12-30,2025-12-31,2026-01-06,2026-01-07,True,True,False
QCOM,2025-12-30,2025-12-31,2026-01-06,2026-01-07,True,True,False
VLO,2025-12-30,2025-12-31,2026-01-06,2026-01-07,False,False,True
CRM,2025-12-31,2026-01-02,2026-01-07,2026-01-08,True,True,False
DIS,2025-12-31,2026-01-02,2026-01-07,2026-01-08,True,True,False
MRVL,2025-12-31,2026-01-02,2026-01-07,2026-01-08,True,True,False
ORCL,2025-12-31,2026-01-02,2026-01-07,2026-01-08,True,True,False
PLTR,2025-12-31,2026-01-02,2026-01-07,2026-01-08,True,True,False
QCOM,2025-12-31,2026-01-02,2026-01-07,2026-01-08,True,True,False
VLO,2025-12-31,2026-01-02,2026-01-07,2026-01-08,False,False,True
CRM,2026-01-02,2026-01-05,2026-01-08,2026-01-09,True,True,False
DIS,2026-01-02,2026-01-05,2026-01-08,2026-01-09,True,True,False
MRVL,2026-01-02,2026-01-05,2026-01-08,2026-01-09,True,True,False
ORCL,2026-01-02,2026-01-05,2026-01-08,2026-01-09,True,True,False
PLTR,2026-01-02,2026-01-05,2026-01-08,2026-01-09,True,True,False
QCOM,2026-01-02,2026-01-05,2026-01-08,2026-01-09,True,True,False
VLO,2026-01-02,2026-01-05,2026-01-08,2026-01-09,False,False,True
CRM,2026-01-05,2026-01-06,2026-01-09,2026-01-12,True,True,False
DIS,2026-01-05,2026-01-06,2026-01-09,2026-01-12,True,True,False
MRVL,2026-01-05,2026-01-06,2026-01-09,2026-01-12,True,True,False
ORCL,2026-01-05,2026-01-06,2026-01-09,2026-01-12,True,True,False
PLTR,2026-01-05,2026-01-06,2026-01-09,2026-01-12,True,True,False
QCOM,2026-01-05,2026-01-06,2026-01-09,2026-01-12,True,True,False
VLO,2026-01-05,2026-01-06,2026-01-09,2026-01-12,False,False,True
CRM,2026-01-06,2026-01-07,2026-01-12,2026-01-13,True,True,False
DIS,2026-01-06,2026-01-07,2026-01-12,2026-01-13,True,True,False
MRVL,2026-01-06,2026-01-07,2026-01-12,2026-01-13,True,True,False
ORCL,2026-01-06,2026-01-07,2026-01-12,2026-01-13,True,True,False
PLTR,2026-01-06,2026-01-07,2026-01-12,2026-01-13,True,True,False
QCOM,2026-01-06,2026-01-07,2026-01-12,2026-01-13,True,True,False
CRM,2026-01-07,2026-01-08,2026-01-13,2026-01-14,True,True,False
DIS,2026-01-07,2026-01-08,2026-01-13,2026-01-14,True,True,False
MRVL,2026-01-07,2026-01-08,2026-01-13,2026-01-14,True,True,False
ORCL,2026-01-07,2026-01-08,2026-01-13,2026-01-14,True,True,False
PLTR,2026-01-07,2026-01-08,2026-01-13,2026-01-14,True,True,False
QCOM,2026-01-07,2026-01-08,2026-01-13,2026-01-14,True,True,False
CRM,2026-01-08,2026-01-09,2026-01-14,2026-01-15,True,True,False
DIS,2026-01-08,2026-01-09,2026-01-14,2026-01-15,True,True,False
MRVL,2026-01-08,2026-01-09,2026-01-14,2026-01-15,True,True,False
ORCL,2026-01-08,2026-01-09,2026-01-14,2026-01-15,True,True,False
PLTR,2026-01-08,2026-01-09,2026-01-14,2026-01-15,True,True,False
QCOM,2026-01-08,2026-01-09,2026-01-14,2026-01-15,True,True,False
CRM,2026-01-09,2026-01-12,2026-01-15,2026-01-16,True,True,False
DIS,2026-01-09,2026-01-12,2026-01-15,2026-01-16,True,True,False
MRVL,2026-01-09,2026-01-12,2026-01-15,2026-01-16,True,True,False
ORCL,2026-01-09,2026-01-12,2026-01-15,2026-01-16,True,True,False
PLTR,2026-01-09,2026-01-12,2026-01-15,2026-01-16,True,True,False
QCOM,2026-01-09,2026-01-12,2026-01-15,2026-01-16,True,True,False
CRM,2026-01-12,2026-01-13,2026-01-16,2026-01-20,True,True,False
DIS,2026-01-12,2026-01-13,2026-01-16,2026-01-20,True,True,False
MRVL,2026-01-12,2026-01-13,2026-01-16,2026-01-20,True,True,False
ORCL,2026-01-12,2026-01-13,2026-01-16,2026-01-20,True,True,False
PLTR,2026-01-12,2026-01-13,2026-01-16,2026-01-20,True,True,False
QCOM,2026-01-12,2026-01-13,2026-01-16,2026-01-20,True,True,False
CRM,2026-01-13,2026-01-14,2026-01-20,2026-01-21,True,True,False
DIS,2026-01-13,2026-01-14,2026-01-20,2026-01-21,True,True,False
MRVL,2026-01-13,2026-01-14,2026-01-20,2026-01-21,True,True,False
ORCL,2026-01-13,2026-01-14,2026-01-20,2026-01-21,True,True,False
PLTR,2026-01-13,2026-01-14,2026-01-20,2026-01-21,True,True,False
QCOM,2026-01-13,2026-01-14,2026-01-20,2026-01-21,True,True,False
CRM,2026-01-14,2026-01-15,2026-01-21,2026-01-22,True,True,False
DIS,2026-01-14,2026-01-15,2026-01-21,2026-01-22,True,True,False
MRVL,2026-01-14,2026-01-15,2026-01-21,2026-01-22,True,True,False
ORCL,2026-01-14,2026-01-15,2026-01-21,2026-01-22,True,True,False
PLTR,2026-01-14,2026-01-15,2026-01-21,2026-01-22,True,True,False
QCOM,2026-01-14,2026-01-15,2026-01-21,2026-01-22,True,True,False
CRM,2026-01-15,2026-01-16,2026-01-22,2026-01-23,True,True,False
DIS,2026-01-15,2026-01-16,2026-01-22,2026-01-23,True,True,False
MRVL,2026-01-15,2026-01-16,2026-01-22,2026-01-23,True,True,False
ORCL,2026-01-15,2026-01-16,2026-01-22,2026-01-23,True,True,False
PLTR,2026-01-15,2026-01-16,2026-01-22,2026-01-23,True,True,False
QCOM,2026-01-15,2026-01-16,2026-01-22,2026-01-23,True,True,False
CRM,2026-01-16,2026-01-20,2026-01-23,2026-01-26,True,True,False
DIS,2026-01-16,2026-01-20,2026-01-23,2026-01-26,True,True,False
MRVL,2026-01-16,2026-01-20,2026-01-23,2026-01-26,True,True,False
ORCL,2026-01-16,2026-01-20,2026-01-23,2026-01-26,True,True,False
PLTR,2026-01-16,2026-01-20,2026-01-23,2026-01-26,True,True,False
QCOM,2026-01-16,2026-01-20,2026-01-23,2026-01-26,True,True,False
CRM,2026-01-20,2026-01-21,2026-01-26,2026-01-27,True,True,False
DIS,2026-01-20,2026-01-21,2026-01-26,2026-01-27,True,True,False
MRVL,2026-01-20,2026-01-21,2026-01-26,2026-01-27,True,True,False
ORCL,2026-01-20,2026-01-21,2026-01-26,2026-01-27,True,True,False
PLTR,2026-01-20,2026-01-21,2026-01-26,2026-01-27,True,True,False
QCOM,2026-01-20,2026-01-21,2026-01-26,2026-01-27,True,True,False
CRM,2026-01-21,2026-01-22,2026-01-27,2026-01-28,True,True,False
DIS,2026-01-21,2026-01-22,2026-01-27,2026-01-28,True,True,False
MRVL,2026-01-21,2026-01-22,2026-01-27,2026-01-28,True,True,False
ORCL,2026-01-21,2026-01-22,2026-01-27,2026-01-28,True,True,False
PLTR,2026-01-21,2026-01-22,2026-01-27,2026-01-28,True,True,False
QCOM,2026-01-21,2026-01-22,2026-01-27,2026-01-28,True,True,False
CRM,2026-01-22,2026-01-23,2026-01-28,2026-01-29,True,True,False
DIS,2026-01-22,2026-01-23,2026-01-28,2026-01-29,True,True,False
MRVL,2026-01-22,2026-01-23,2026-01-28,2026-01-29,True,True,False
ORCL,2026-01-22,2026-01-23,2026-01-28,2026-01-29,True,True,False
PLTR,2026-01-22,2026-01-23,2026-01-28,2026-01-29,True,True,False
QCOM,2026-01-22,2026-01-23,2026-01-28,2026-01-29,True,True,False
CRM,2026-01-23,2026-01-26,2026-01-29,2026-01-30,True,True,False
DIS,2026-01-23,2026-01-26,2026-01-29,2026-01-30,True,True,False
MRVL,2026-01-23,2026-01-26,2026-01-29,2026-01-30,True,True,False
ORCL,2026-01-23,2026-01-26,2026-01-29,2026-01-30,True,True,False
PLTR,2026-01-23,2026-01-26,2026-01-29,2026-01-30,True,True,False
QCOM,2026-01-23,2026-01-26,2026-01-29,2026-01-30,True,True,False
CRM,2026-01-26,2026-01-27,2026-01-30,2026-02-02,True,True,False
DIS,2026-01-26,2026-01-27,2026-01-30,2026-02-02,True,True,False
MRVL,2026-01-26,2026-01-27,2026-01-30,2026-02-02,True,True,False
ORCL,2026-01-26,2026-01-27,2026-01-30,2026-02-02,True,True,False
PLTR,2026-01-26,2026-01-27,2026-01-30,2026-02-02,True,True,False
QCOM,2026-01-26,2026-01-27,2026-01-30,2026-02-02,True,True,False
CRM,2026-01-27,2026-01-28,2026-02-02,2026-02-03,True,True,False
DIS,2026-01-27,2026-01-28,2026-02-02,2026-02-03,True,True,False
MRVL,2026-01-27,2026-01-28,2026-02-02,2026-02-03,True,True,False
ORCL,2026-01-27,2026-01-28,2026-02-02,2026-02-03,True,True,False
PLTR,2026-01-27,2026-01-28,2026-02-02,2026-02-03,True,True,False
QCOM,2026-01-27,2026-01-28,2026-02-02,2026-02-03,True,True,False
CRM,2026-01-28,2026-01-29,2026-02-03,2026-02-04,True,True,False
DIS,2026-01-28,2026-01-29,2026-02-03,2026-02-04,True,True,False
MRVL,2026-01-28,2026-01-29,2026-02-03,2026-02-04,True,True,False
ORCL,2026-01-28,2026-01-29,2026-02-03,2026-02-04,True,True,False
PLTR,2026-01-28,2026-01-29,2026-02-03,2026-02-04,True,True,False
QCOM,2026-01-28,2026-01-29,2026-02-03,2026-02-04,True,True,False
CRM,2026-01-29,2026-01-30,2026-02-04,2026-02-05,True,True,False
DIS,2026-01-29,2026-01-30,2026-02-04,2026-02-05,True,True,False
MRVL,2026-01-29,2026-01-30,2026-02-04,2026-02-05,True,True,False
ORCL,2026-01-29,2026-01-30,2026-02-04,2026-02-05,True,True,False
PLTR,2026-01-29,2026-01-30,2026-02-04,2026-02-05,True,True,False
QCOM,2026-01-29,2026-01-30,2026-02-04,2026-02-05,True,True,False
CRM,2026-01-30,2026-02-02,2026-02-05,2026-02-06,True,True,False
DIS,2026-01-30,2026-02-02,2026-02-05,2026-02-06,True,True,False
MRVL,2026-01-30,2026-02-02,2026-02-05,2026-02-06,True,True,False
ORCL,2026-01-30,2026-02-02,2026-02-05,2026-02-06,True,True,False
PLTR,2026-01-30,2026-02-02,2026-02-05,2026-02-06,True,True,False
QCOM,2026-01-30,2026-02-02,2026-02-05,2026-02-06,True,True,False
CRM,2026-02-02,2026-02-03,2026-02-06,2026-02-09,True,True,False
DIS,2026-02-02,2026-02-03,2026-02-06,2026-02-09,True,True,False
MRVL,2026-02-02,2026-02-03,2026-02-06,2026-02-09,True,True,False
ORCL,2026-02-02,2026-02-03,2026-02-06,2026-02-09,True,True,False
PLTR,2026-02-02,2026-02-03,2026-02-06,2026-02-09,True,True,False
QCOM,2026-02-02,2026-02-03,2026-02-06,2026-02-09,True,True,False
CRM,2026-02-03,2026-02-04,2026-02-09,2026-02-10,True,True,False
DIS,2026-02-03,2026-02-04,2026-02-09,2026-02-10,True,True,False
MRVL,2026-02-03,2026-02-04,2026-02-09,2026-02-10,True,True,False
ORCL,2026-02-03,2026-02-04,2026-02-09,2026-02-10,True,True,False
PLTR,2026-02-03,2026-02-04,2026-02-09,2026-02-10,True,True,False
QCOM,2026-02-03,2026-02-04,2026-02-09,2026-02-10,True,True,False
CRM,2026-02-04,2026-02-05,2026-02-10,2026-02-11,True,True,False
DIS,2026-02-04,2026-02-05,2026-02-10,2026-02-11,True,True,False
MRVL,2026-02-04,2026-02-05,2026-02-10,2026-02-11,True,True,False
ORCL,2026-02-04,2026-02-05,2026-02-10,2026-02-11,True,True,False
PLTR,2026-02-04,2026-02-05,2026-02-10,2026-02-11,True,True,False
QCOM,2026-02-04,2026-02-05,2026-02-10,2026-02-11,True,True,False
CRM,2026-02-05,2026-02-06,2026-02-11,2026-02-12,True,True,False
DIS,2026-02-05,2026-02-06,2026-02-11,2026-02-12,True,True,False
MRVL,2026-02-05,2026-02-06,2026-02-11,2026-02-12,True,True,False
ORCL,2026-02-05,2026-02-06,2026-02-11,2026-02-12,True,True,False
PLTR,2026-02-05,2026-02-06,2026-02-11,2026-02-12,True,True,False
QCOM,2026-02-05,2026-02-06,2026-02-11,2026-02-12,True,True,False
CRM,2026-02-06,2026-02-09,2026-02-12,2026-02-13,True,True,False
DIS,2026-02-06,2026-02-09,2026-02-12,2026-02-13,True,True,False
MRVL,2026-02-06,2026-02-09,2026-02-12,2026-02-13,True,True,False
ORCL,2026-02-06,2026-02-09,2026-02-12,2026-02-13,True,True,False
PLTR,2026-02-06,2026-02-09,2026-02-12,2026-02-13,True,True,False
QCOM,2026-02-06,2026-02-09,2026-02-12,2026-02-13,True,True,False
CRM,2026-02-09,2026-02-10,2026-02-13,2026-02-17,True,True,False
DIS,2026-02-09,2026-02-10,2026-02-13,2026-02-17,True,True,False
MRVL,2026-02-09,2026-02-10,2026-02-13,2026-02-17,True,True,False
ORCL,2026-02-09,2026-02-10,2026-02-13,2026-02-17,True,True,False
PLTR,2026-02-09,2026-02-10,2026-02-13,2026-02-17,True,True,False
QCOM,2026-02-09,2026-02-10,2026-02-13,2026-02-17,True,True,False
CRM,2026-02-10,2026-02-11,2026-02-17,2026-02-18,True,True,False
DIS,2026-02-10,2026-02-11,2026-02-17,2026-02-18,True,True,False
MRVL,2026-02-10,2026-02-11,2026-02-17,2026-02-18,True,True,False
ORCL,2026-02-10,2026-02-11,2026-02-17,2026-02-18,True,True,False
PLTR,2026-02-10,2026-02-11,2026-02-17,2026-02-18,True,True,False
QCOM,2026-02-10,2026-02-11,2026-02-17,2026-02-18,True,True,False
CRM,2026-02-11,2026-02-12,2026-02-18,2026-02-19,True,True,False
DIS,2026-02-11,2026-02-12,2026-02-18,2026-02-19,True,True,False
MRVL,2026-02-11,2026-02-12,2026-02-18,2026-02-19,True,True,False
ORCL,2026-02-11,2026-02-12,2026-02-18,2026-02-19,True,True,False
PLTR,2026-02-11,2026-02-12,2026-02-18,2026-02-19,True,True,False
QCOM,2026-02-11,2026-02-12,2026-02-18,2026-02-19,True,True,False
CRM,2026-02-12,2026-02-13,2026-02-19,2026-02-20,True,True,False
DIS,2026-02-12,2026-02-13,2026-02-19,2026-02-20,True,True,False
MRVL,2026-02-12,2026-02-13,2026-02-19,2026-02-20,True,True,False
ORCL,2026-02-12,2026-02-13,2026-02-19,2026-02-20,True,True,False
PLTR,2026-02-12,2026-02-13,2026-02-19,2026-02-20,True,True,False
QCOM,2026-02-12,2026-02-13,2026-02-19,2026-02-20,True,True,False
CRM,2026-02-13,2026-02-17,2026-02-20,2026-02-23,True,True,False
DIS,2026-02-13,2026-02-17,2026-02-20,2026-02-23,True,True,False
MRVL,2026-02-13,2026-02-17,2026-02-20,2026-02-23,True,True,False
ORCL,2026-02-13,2026-02-17,2026-02-20,2026-02-23,True,True,False
PLTR,2026-02-13,2026-02-17,2026-02-20,2026-02-23,True,True,False
QCOM,2026-02-13,2026-02-17,2026-02-20,2026-02-23,True,True,False
CRM,2026-02-17,2026-02-18,2026-02-23,2026-02-24,True,True,False
DIS,2026-02-17,2026-02-18,2026-02-23,2026-02-24,True,True,False
MRVL,2026-02-17,2026-02-18,2026-02-23,2026-02-24,True,True,False
ORCL,2026-02-17,2026-02-18,2026-02-23,2026-02-24,True,True,False
PLTR,2026-02-17,2026-02-18,2026-02-23,2026-02-24,True,True,False
QCOM,2026-02-17,2026-02-18,2026-02-23,2026-02-24,True,True,False
CRM,2026-02-18,2026-02-19,2026-02-24,2026-02-25,True,True,False
DIS,2026-02-18,2026-02-19,2026-02-24,2026-02-25,True,True,False
MRVL,2026-02-18,2026-02-19,2026-02-24,2026-02-25,True,True,False
ORCL,2026-02-18,2026-02-19,2026-02-24,2026-02-25,True,True,False
PLTR,2026-02-18,2026-02-19,2026-02-24,2026-02-25,True,True,False
QCOM,2026-02-18,2026-02-19,2026-02-24,2026-02-25,True,True,False
CRM,2026-02-19,2026-02-20,2026-02-25,2026-02-26,True,True,False
DIS,2026-02-19,2026-02-20,2026-02-25,2026-02-26,True,True,False
MRVL,2026-02-19,2026-02-20,2026-02-25,2026-02-26,True,True,False
ORCL,2026-02-19,2026-02-20,2026-02-25,2026-02-26,True,True,False
PLTR,2026-02-19,2026-02-20,2026-02-25,2026-02-26,True,True,False
QCOM,2026-02-19,2026-02-20,2026-02-25,2026-02-26,True,True,False
CRM,2026-02-20,2026-02-23,2026-02-26,2026-02-27,True,True,False
DIS,2026-02-20,2026-02-23,2026-02-26,2026-02-27,True,True,False
MRVL,2026-02-20,2026-02-23,2026-02-26,2026-02-27,True,True,False
ORCL,2026-02-20,2026-02-23,2026-02-26,2026-02-27,True,True,False
PLTR,2026-02-20,2026-02-23,2026-02-26,2026-02-27,True,True,False
QCOM,2026-02-20,2026-02-23,2026-02-26,2026-02-27,True,True,False
CRM,2026-02-23,2026-02-24,2026-02-27,2026-03-02,True,True,False
DIS,2026-02-23,2026-02-24,2026-02-27,2026-03-02,True,True,False
MRVL,2026-02-23,2026-02-24,2026-02-27,2026-03-02,True,True,False
ORCL,2026-02-23,2026-02-24,2026-02-27,2026-03-02,True,True,False
PLTR,2026-02-23,2026-02-24,2026-02-27,2026-03-02,True,True,False
QCOM,2026-02-23,2026-02-24,2026-02-27,2026-03-02,True,True,False
CRM,2026-02-24,2026-02-25,2026-03-02,2026-03-03,True,True,False
DIS,2026-02-24,2026-02-25,2026-03-02,2026-03-03,True,True,False
MRVL,2026-02-24,2026-02-25,2026-03-02,2026-03-03,True,True,False
ORCL,2026-02-24,2026-02-25,2026-03-02,2026-03-03,True,True,False
PLTR,2026-02-24,2026-02-25,2026-03-02,2026-03-03,True,True,False
QCOM,2026-02-24,2026-02-25,2026-03-02,2026-03-03,True,True,False
CRM,2026-02-25,2026-02-26,2026-03-03,2026-03-04,True,True,False
DIS,2026-02-25,2026-02-26,2026-03-03,2026-03-04,True,True,False
MRVL,2026-02-25,2026-02-26,2026-03-03,2026-03-04,True,True,False
ORCL,2026-02-25,2026-02-26,2026-03-03,2026-03-04,True,True,False
PLTR,2026-02-25,2026-02-26,2026-03-03,2026-03-04,True,True,False
QCOM,2026-02-25,2026-02-26,2026-03-03,2026-03-04,True,True,False
CRM,2026-02-26,2026-02-27,2026-03-04,2026-03-05,True,True,False
DIS,2026-02-26,2026-02-27,2026-03-04,2026-03-05,True,True,False
MRVL,2026-02-26,2026-02-27,2026-03-04,2026-03-05,True,True,False
ORCL,2026-02-26,2026-02-27,2026-03-04,2026-03-05,True,True,False
PLTR,2026-02-26,2026-02-27,2026-03-04,2026-03-05,True,True,False
QCOM,2026-02-26,2026-02-27,2026-03-04,2026-03-05,True,True,False
CRM,2026-02-27,2026-03-02,2026-03-05,2026-03-06,True,True,False
DIS,2026-02-27,2026-03-02,2026-03-05,2026-03-06,True,True,False
MRVL,2026-02-27,2026-03-02,2026-03-05,2026-03-06,True,True,False
ORCL,2026-02-27,2026-03-02,2026-03-05,2026-03-06,True,True,False
PLTR,2026-02-27,2026-03-02,2026-03-05,2026-03-06,True,True,False
QCOM,2026-02-27,2026-03-02,2026-03-05,2026-03-06,True,True,False
CRM,2026-03-02,2026-03-03,2026-03-06,2026-03-09,True,True,False
DIS,2026-03-02,2026-03-03,2026-03-06,2026-03-09,True,True,False
MRVL,2026-03-02,2026-03-03,2026-03-06,2026-03-09,True,True,False
ORCL,2026-03-02,2026-03-03,2026-03-06,2026-03-09,True,True,False
PLTR,2026-03-02,2026-03-03,2026-03-06,2026-03-09,True,True,False
QCOM,2026-03-02,2026-03-03,2026-03-06,2026-03-09,True,True,False
CRM,2026-03-03,2026-03-04,2026-03-09,2026-03-10,True,True,False
DIS,2026-03-03,2026-03-04,2026-03-09,2026-03-10,True,True,False
MRVL,2026-03-03,2026-03-04,2026-03-09,2026-03-10,True,True,False
ORCL,2026-03-03,2026-03-04,2026-03-09,2026-03-10,True,True,False
PLTR,2026-03-03,2026-03-04,2026-03-09,2026-03-10,True,True,False
QCOM,2026-03-03,2026-03-04,2026-03-09,2026-03-10,True,True,False
CRM,2026-03-04,2026-03-05,2026-03-10,2026-03-11,True,True,False
DIS,2026-03-04,2026-03-05,2026-03-10,2026-03-11,True,True,False
MRVL,2026-03-04,2026-03-05,2026-03-10,2026-03-11,True,True,False
ORCL,2026-03-04,2026-03-05,2026-03-10,2026-03-11,True,True,False
PLTR,2026-03-04,2026-03-05,2026-03-10,2026-03-11,True,True,False
QCOM,2026-03-04,2026-03-05,2026-03-10,2026-03-11,True,True,False
CRM,2026-03-05,2026-03-06,2026-03-11,2026-03-12,True,True,False
DIS,2026-03-05,2026-03-06,2026-03-11,2026-03-12,True,True,False
MRVL,2026-03-05,2026-03-06,2026-03-11,2026-03-12,True,True,False
ORCL,2026-03-05,2026-03-06,2026-03-11,2026-03-12,True,True,False
PLTR,2026-03-05,2026-03-06,2026-03-11,2026-03-12,True,True,False
QCOM,2026-03-05,2026-03-06,2026-03-11,2026-03-12,True,True,False
CRM,2026-03-06,2026-03-09,2026-03-12,2026-03-13,True,True,False
DIS,2026-03-06,2026-03-09,2026-03-12,2026-03-13,True,True,False
MRVL,2026-03-06,2026-03-09,2026-03-12,2026-03-13,True,True,False
ORCL,2026-03-06,2026-03-09,2026-03-12,2026-03-13,True,True,False
PLTR,2026-03-06,2026-03-09,2026-03-12,2026-03-13,True,True,False
QCOM,2026-03-06,2026-03-09,2026-03-12,2026-03-13,True,True,False
CRM,2026-03-09,2026-03-10,2026-03-13,2026-03-16,True,True,False
DIS,2026-03-09,2026-03-10,2026-03-13,2026-03-16,True,True,False
MRVL,2026-03-09,2026-03-10,2026-03-13,2026-03-16,True,True,False
ORCL,2026-03-09,2026-03-10,2026-03-13,2026-03-16,True,True,False
PLTR,2026-03-09,2026-03-10,2026-03-13,2026-03-16,True,True,False
QCOM,2026-03-09,2026-03-10,2026-03-13,2026-03-16,True,True,False
CRM,2026-03-10,2026-03-11,2026-03-16,2026-03-17,True,True,False
DIS,2026-03-10,2026-03-11,2026-03-16,2026-03-17,True,True,False
MRVL,2026-03-10,2026-03-11,2026-03-16,2026-03-17,True,True,False
ORCL,2026-03-10,2026-03-11,2026-03-16,2026-03-17,True,True,False
PLTR,2026-03-10,2026-03-11,2026-03-16,2026-03-17,True,True,False
QCOM,2026-03-10,2026-03-11,2026-03-16,2026-03-17,True,True,False
CRM,2026-03-11,2026-03-12,2026-03-17,2026-03-18,True,True,False
DIS,2026-03-11,2026-03-12,2026-03-17,2026-03-18,True,True,False
MRVL,2026-03-11,2026-03-12,2026-03-17,2026-03-18,True,True,False
ORCL,2026-03-11,2026-03-12,2026-03-17,2026-03-18,True,True,False
PLTR,2026-03-11,2026-03-12,2026-03-17,2026-03-18,True,True,False
QCOM,2026-03-11,2026-03-12,2026-03-17,2026-03-18,True,True,False
CRM,2026-03-12,2026-03-13,2026-03-18,2026-03-19,True,True,False
DIS,2026-03-12,2026-03-13,2026-03-18,2026-03-19,True,True,False
MRVL,2026-03-12,2026-03-13,2026-03-18,2026-03-19,True,True,False
ORCL,2026-03-12,2026-03-13,2026-03-18,2026-03-19,True,True,False
PLTR,2026-03-12,2026-03-13,2026-03-18,2026-03-19,True,True,False
QCOM,2026-03-12,2026-03-13,2026-03-18,2026-03-19,True,True,False
CRM,2026-03-13,2026-03-16,2026-03-19,2026-03-20,True,True,False
DIS,2026-03-13,2026-03-16,2026-03-19,2026-03-20,True,True,False
MRVL,2026-03-13,2026-03-16,2026-03-19,2026-03-20,True,True,False
ORCL,2026-03-13,2026-03-16,2026-03-19,2026-03-20,True,True,False
PLTR,2026-03-13,2026-03-16,2026-03-19,2026-03-20,True,True,False
QCOM,2026-03-13,2026-03-16,2026-03-19,2026-03-20,True,True,False
CRM,2026-03-16,2026-03-17,2026-03-20,2026-03-23,True,True,False
DIS,2026-03-16,2026-03-17,2026-03-20,2026-03-23,True,True,False
MRVL,2026-03-16,2026-03-17,2026-03-20,2026-03-23,True,True,False
ORCL,2026-03-16,2026-03-17,2026-03-20,2026-03-23,True,True,False
PLTR,2026-03-16,2026-03-17,2026-03-20,2026-03-23,True,True,False
QCOM,2026-03-16,2026-03-17,2026-03-20,2026-03-23,True,True,False
CRM,2026-03-17,2026-03-18,2026-03-23,2026-03-24,True,True,False
DIS,2026-03-17,2026-03-18,2026-03-23,2026-03-24,True,True,False
MRVL,2026-03-17,2026-03-18,2026-03-23,2026-03-24,True,True,False
ORCL,2026-03-17,2026-03-18,2026-03-23,2026-03-24,True,True,False
PLTR,2026-03-17,2026-03-18,2026-03-23,2026-03-24,True,True,False
QCOM,2026-03-17,2026-03-18,2026-03-23,2026-03-24,True,True,False
CRM,2026-03-18,2026-03-19,2026-03-24,2026-03-25,True,True,False
DIS,2026-03-18,2026-03-19,2026-03-24,2026-03-25,True,True,False
MRVL,2026-03-18,2026-03-19,2026-03-24,2026-03-25,True,True,False
ORCL,2026-03-18,2026-03-19,2026-03-24,2026-03-25,True,True,False
PLTR,2026-03-18,2026-03-19,2026-03-24,2026-03-25,True,True,False
QCOM,2026-03-18,2026-03-19,2026-03-24,2026-03-25,True,True,False
CRM,2026-03-19,2026-03-20,2026-03-25,2026-03-26,True,True,False
DIS,2026-03-19,2026-03-20,2026-03-25,2026-03-26,True,True,False
MRVL,2026-03-19,2026-03-20,2026-03-25,2026-03-26,True,True,False
ORCL,2026-03-19,2026-03-20,2026-03-25,2026-03-26,True,True,False
PLTR,2026-03-19,2026-03-20,2026-03-25,2026-03-26,True,True,False
QCOM,2026-03-19,2026-03-20,2026-03-25,2026-03-26,True,True,False
CRM,2026-03-20,2026-03-23,2026-03-26,2026-03-27,True,True,False
DIS,2026-03-20,2026-03-23,2026-03-26,2026-03-27,True,True,False
MRVL,2026-03-20,2026-03-23,2026-03-26,2026-03-27,True,True,False
ORCL,2026-03-20,2026-03-23,2026-03-26,2026-03-27,True,True,False
PLTR,2026-03-20,2026-03-23,2026-03-26,2026-03-27,True,True,False
QCOM,2026-03-20,2026-03-23,2026-03-26,2026-03-27,True,True,False
CRM,2026-03-23,2026-03-24,2026-03-27,2026-03-30,True,True,False
DIS,2026-03-23,2026-03-24,2026-03-27,2026-03-30,True,True,False
MRVL,2026-03-23,2026-03-24,2026-03-27,2026-03-30,True,True,False
ORCL,2026-03-23,2026-03-24,2026-03-27,2026-03-30,True,True,False
PLTR,2026-03-23,2026-03-24,2026-03-27,2026-03-30,True,True,False
QCOM,2026-03-23,2026-03-24,2026-03-27,2026-03-30,True,True,False
CRM,2026-03-24,2026-03-25,2026-03-30,2026-03-31,True,True,False
DIS,2026-03-24,2026-03-25,2026-03-30,2026-03-31,True,True,False
MRVL,2026-03-24,2026-03-25,2026-03-30,2026-03-31,True,True,False
ORCL,2026-03-24,2026-03-25,2026-03-30,2026-03-31,True,True,False
PLTR,2026-03-24,2026-03-25,2026-03-30,2026-03-31,True,True,False
QCOM,2026-03-24,2026-03-25,2026-03-30,2026-03-31,True,True,False
ABT,2026-03-25,2026-03-26,2026-03-31,2026-04-01,True,True,True
ADM,2026-03-25,2026-03-26,2026-03-31,2026-04-01,True,True,True
AGNC,2026-03-25,2026-03-26,2026-03-31,2026-04-01,True,True,True
AKAM,2026-03-25,2026-03-26,2026-03-31,2026-04-01,True,True,True
BMY,2026-03-25,2026-03-26,2026-03-31,2026-04-01,True,True,True
CMG,2026-03-25,2026-03-26,2026-03-31,2026-04-01,True,True,True
CRM,2026-03-25,2026-03-26,2026-03-31,2026-04-01,True,True,False
CSCO,2026-03-25,2026-03-26,2026-03-31,2026-04-01,True,True,True
CVS,2026-03-25,2026-03-26,2026-03-31,2026-04-01,True,True,True
DG,2026-03-25,2026-03-26,2026-03-31,2026-04-01,True,True,True
DIS,2026-03-25,2026-03-26,2026-03-31,2026-04-01,True,True,False
DVN,2026-03-25,2026-03-26,2026-03-31,2026-04-01,True,True,True
EBAY,2026-03-25,2026-03-26,2026-03-31,2026-04-01,True,True,True
EDU,2026-03-25,2026-03-26,2026-03-31,2026-04-01,True,True,True
F,2026-03-25,2026-03-26,2026-03-31,2026-04-01,True,True,True
GM,2026-03-25,2026-03-26,2026-03-31,2026-04-01,True,True,True
GOOG,2026-03-25,2026-03-26,2026-03-31,2026-04-01,True,True,True
HPQ,2026-03-25,2026-03-26,2026-03-31,2026-04-01,True,True,True
JD,2026-03-25,2026-03-26,2026-03-31,2026-04-01,True,True,True
LUV,2026-03-25,2026-03-26,2026-03-31,2026-04-01,True,True,True
MGM,2026-03-25,2026-03-26,2026-03-31,2026-04-01,True,True,True
MOS,2026-03-25,2026-03-26,2026-03-31,2026-04-01,True,True,True
MRVL,2026-03-25,2026-03-26,2026-03-31,2026-04-01,True,True,False
NEE,2026-03-25,2026-03-26,2026-03-31,2026-04-01,True,True,True
NU,2026-03-25,2026-03-26,2026-03-31,2026-04-01,True,True,True
OKTA,2026-03-25,2026-03-26,2026-03-31,2026-04-01,True,True,True
ORCL,2026-03-25,2026-03-26,2026-03-31,2026-04-01,True,True,False
OXY,2026-03-25,2026-03-26,2026-03-31,2026-04-01,True,True,True
PBR,2026-03-25,2026-03-26,2026-03-31,2026-04-01,True,True,True
PFE,2026-03-25,2026-03-26,2026-03-31,2026-04-01,True,True,True
PLTR,2026-03-25,2026-03-26,2026-03-31,2026-04-01,True,True,False
PYPL,2026-03-25,2026-03-26,2026-03-31,2026-04-01,True,True,True
QCOM,2026-03-25,2026-03-26,2026-03-31,2026-04-01,True,True,False
RTX,2026-03-25,2026-03-26,2026-03-31,2026-04-01,True,True,True
SCHW,2026-03-25,2026-03-26,2026-03-31,2026-04-01,True,True,True
TEVA,2026-03-25,2026-03-26,2026-03-31,2026-04-01,True,True,True
TGT,2026-03-25,2026-03-26,2026-03-31,2026-04-01,True,True,True
UBER,2026-03-25,2026-03-26,2026-03-31,2026-04-01,True,True,True
UPS,2026-03-25,2026-03-26,2026-03-31,2026-04-01,True,True,True
VALE,2026-03-25,2026-03-26,2026-03-31,2026-04-01,True,True,True
VOD,2026-03-25,2026-03-26,2026-03-31,2026-04-01,True,True,True
WMT,2026-03-25,2026-03-26,2026-03-31,2026-04-01,True,True,True
ZION,2026-03-25,2026-03-26,2026-03-31,2026-04-01,True,True,True
ZM,2026-03-25,2026-03-26,2026-03-31,2026-04-01,True,True,True
ABT,2026-03-26,2026-03-27,2026-04-01,2026-04-02,True,True,True
ADM,2026-03-26,2026-03-27,2026-04-01,2026-04-02,True,True,True
AGNC,2026-03-26,2026-03-27,2026-04-01,2026-04-02,True,True,True
AKAM,2026-03-26,2026-03-27,2026-04-01,2026-04-02,True,True,True
BMY,2026-03-26,2026-03-27,2026-04-01,2026-04-02,True,True,True
CMG,2026-03-26,2026-03-27,2026-04-01,2026-04-02,True,True,True
CRM,2026-03-26,2026-03-27,2026-04-01,2026-04-02,True,True,False
CSCO,2026-03-26,2026-03-27,2026-04-01,2026-04-02,True,True,True
CVS,2026-03-26,2026-03-27,2026-04-01,2026-04-02,True,True,True
DG,2026-03-26,2026-03-27,2026-04-01,2026-04-02,True,True,True
DIS,2026-03-26,2026-03-27,2026-04-01,2026-04-02,True,True,False
DVN,2026-03-26,2026-03-27,2026-04-01,2026-04-02,True,True,True
EBAY,2026-03-26,2026-03-27,2026-04-01,2026-04-02,True,True,True
EDU,2026-03-26,2026-03-27,2026-04-01,2026-04-02,True,True,True
F,2026-03-26,2026-03-27,2026-04-01,2026-04-02,True,True,True
GM,2026-03-26,2026-03-27,2026-04-01,2026-04-02,True,True,True
GOOG,2026-03-26,2026-03-27,2026-04-01,2026-04-02,True,True,True
HPQ,2026-03-26,2026-03-27,2026-04-01,2026-04-02,True,True,True
JD,2026-03-26,2026-03-27,2026-04-01,2026-04-02,True,True,True
LUV,2026-03-26,2026-03-27,2026-04-01,2026-04-02,True,True,True
MGM,2026-03-26,2026-03-27,2026-04-01,2026-04-02,True,True,True
MOS,2026-03-26,2026-03-27,2026-04-01,2026-04-02,True,True,True
MRVL,2026-03-26,2026-03-27,2026-04-01,2026-04-02,True,True,False
NEE,2026-03-26,2026-03-27,2026-04-01,2026-04-02,True,True,True
NU,2026-03-26,2026-03-27,2026-04-01,2026-04-02,True,True,True
OKTA,2026-03-26,2026-03-27,2026-04-01,2026-04-02,True,True,True
ORCL,2026-03-26,2026-03-27,2026-04-01,2026-04-02,True,True,False
OXY,2026-03-26,2026-03-27,2026-04-01,2026-04-02,True,True,True
PBR,2026-03-26,2026-03-27,2026-04-01,2026-04-02,True,True,True
PFE,2026-03-26,2026-03-27,2026-04-01,2026-04-02,True,True,True
PLTR,2026-03-26,2026-03-27,2026-04-01,2026-04-02,True,True,False
PYPL,2026-03-26,2026-03-27,2026-04-01,2026-04-02,True,True,True
QCOM,2026-03-26,2026-03-27,2026-04-01,2026-04-02,True,True,False
RTX,2026-03-26,2026-03-27,2026-04-01,2026-04-02,True,True,True
SCHW,2026-03-26,2026-03-27,2026-04-01,2026-04-02,True,True,True
TEVA,2026-03-26,2026-03-27,2026-04-01,2026-04-02,True,True,True
TGT,2026-03-26,2026-03-27,2026-04-01,2026-04-02,True,True,True
UBER,2026-03-26,2026-03-27,2026-04-01,2026-04-02,True,True,True
UPS,2026-03-26,2026-03-27,2026-04-01,2026-04-02,True,True,True
VALE,2026-03-26,2026-03-27,2026-04-01,2026-04-02,True,True,True
VOD,2026-03-26,2026-03-27,2026-04-01,2026-04-02,True,True,True
WMT,2026-03-26,2026-03-27,2026-04-01,2026-04-02,True,True,True
ZION,2026-03-26,2026-03-27,2026-04-01,2026-04-02,True,True,True
ZM,2026-03-26,2026-03-27,2026-04-01,2026-04-02,True,True,True
ABT,2026-03-27,2026-03-30,2026-04-02,2026-04-06,True,True,True
ADM,2026-03-27,2026-03-30,2026-04-02,2026-04-06,True,True,True
AGNC,2026-03-27,2026-03-30,2026-04-02,2026-04-06,True,True,True
AKAM,2026-03-27,2026-03-30,2026-04-02,2026-04-06,True,True,True
BMY,2026-03-27,2026-03-30,2026-04-02,2026-04-06,True,True,True
CMG,2026-03-27,2026-03-30,2026-04-02,2026-04-06,True,True,True
CRM,2026-03-27,2026-03-30,2026-04-02,2026-04-06,True,True,False
CSCO,2026-03-27,2026-03-30,2026-04-02,2026-04-06,True,True,True
CVS,2026-03-27,2026-03-30,2026-04-02,2026-04-06,True,True,True
DG,2026-03-27,2026-03-30,2026-04-02,2026-04-06,True,True,True
DIS,2026-03-27,2026-03-30,2026-04-02,2026-04-06,True,True,False
DVN,2026-03-27,2026-03-30,2026-04-02,2026-04-06,True,True,True
EBAY,2026-03-27,2026-03-30,2026-04-02,2026-04-06,True,True,True
EDU,2026-03-27,2026-03-30,2026-04-02,2026-04-06,True,True,True
F,2026-03-27,2026-03-30,2026-04-02,2026-04-06,True,True,True
GM,2026-03-27,2026-03-30,2026-04-02,2026-04-06,True,True,True
GOOG,2026-03-27,2026-03-30,2026-04-02,2026-04-06,True,True,True
HPQ,2026-03-27,2026-03-30,2026-04-02,2026-04-06,True,True,True
JD,2026-03-27,2026-03-30,2026-04-02,2026-04-06,True,True,True
LUV,2026-03-27,2026-03-30,2026-04-02,2026-04-06,True,True,True
MGM,2026-03-27,2026-03-30,2026-04-02,2026-04-06,True,True,True
MOS,2026-03-27,2026-03-30,2026-04-02,2026-04-06,True,True,True
MRVL,2026-03-27,2026-03-30,2026-04-02,2026-04-06,True,True,False
NEE,2026-03-27,2026-03-30,2026-04-02,2026-04-06,True,True,True
NU,2026-03-27,2026-03-30,2026-04-02,2026-04-06,True,True,True
OKTA,2026-03-27,2026-03-30,2026-04-02,2026-04-06,True,True,True
ORCL,2026-03-27,2026-03-30,2026-04-02,2026-04-06,True,True,False
OXY,2026-03-27,2026-03-30,2026-04-02,2026-04-06,True,True,True
PBR,2026-03-27,2026-03-30,2026-04-02,2026-04-06,True,True,True
PFE,2026-03-27,2026-03-30,2026-04-02,2026-04-06,True,True,True
PLTR,2026-03-27,2026-03-30,2026-04-02,2026-04-06,True,True,False
PYPL,2026-03-27,2026-03-30,2026-04-02,2026-04-06,True,True,True
QCOM,2026-03-27,2026-03-30,2026-04-02,2026-04-06,True,True,False
RTX,2026-03-27,2026-03-30,2026-04-02,2026-04-06,True,True,True
SCHW,2026-03-27,2026-03-30,2026-04-02,2026-04-06,True,True,True
TEVA,2026-03-27,2026-03-30,2026-04-02,2026-04-06,True,True,True
TGT,2026-03-27,2026-03-30,2026-04-02,2026-04-06,True,True,True
UBER,2026-03-27,2026-03-30,2026-04-02,2026-04-06,True,True,True
UPS,2026-03-27,2026-03-30,2026-04-02,2026-04-06,True,True,True
VALE,2026-03-27,2026-03-30,2026-04-02,2026-04-06,True,True,True
VOD,2026-03-27,2026-03-30,2026-04-02,2026-04-06,True,True,True
WMT,2026-03-27,2026-03-30,2026-04-02,2026-04-06,True,True,True
ZION,2026-03-27,2026-03-30,2026-04-02,2026-04-06,True,True,True
ZM,2026-03-27,2026-03-30,2026-04-02,2026-04-06,True,True,True
ABT,2026-03-30,2026-03-31,2026-04-06,2026-04-07,True,True,True
ADM,2026-03-30,2026-03-31,2026-04-06,2026-04-07,True,True,True
AGNC,2026-03-30,2026-03-31,2026-04-06,2026-04-07,True,True,True
AKAM,2026-03-30,2026-03-31,2026-04-06,2026-04-07,True,True,True
BMY,2026-03-30,2026-03-31,2026-04-06,2026-04-07,True,True,True
CMG,2026-03-30,2026-03-31,2026-04-06,2026-04-07,True,True,True
CRM,2026-03-30,2026-03-31,2026-04-06,2026-04-07,True,True,False
CSCO,2026-03-30,2026-03-31,2026-04-06,2026-04-07,True,True,True
CVS,2026-03-30,2026-03-31,2026-04-06,2026-04-07,True,True,True
DG,2026-03-30,2026-03-31,2026-04-06,2026-04-07,True,True,True
DIS,2026-03-30,2026-03-31,2026-04-06,2026-04-07,True,True,False
DVN,2026-03-30,2026-03-31,2026-04-06,2026-04-07,True,True,True
EBAY,2026-03-30,2026-03-31,2026-04-06,2026-04-07,True,True,True
EDU,2026-03-30,2026-03-31,2026-04-06,2026-04-07,True,True,True
F,2026-03-30,2026-03-31,2026-04-06,2026-04-07,True,True,True
GM,2026-03-30,2026-03-31,2026-04-06,2026-04-07,True,True,True
GOOG,2026-03-30,2026-03-31,2026-04-06,2026-04-07,True,True,True
HPQ,2026-03-30,2026-03-31,2026-04-06,2026-04-07,True,True,True
JD,2026-03-30,2026-03-31,2026-04-06,2026-04-07,True,True,True
LUV,2026-03-30,2026-03-31,2026-04-06,2026-04-07,True,True,True
MGM,2026-03-30,2026-03-31,2026-04-06,2026-04-07,True,True,True
MOS,2026-03-30,2026-03-31,2026-04-06,2026-04-07,True,True,True
MRVL,2026-03-30,2026-03-31,2026-04-06,2026-04-07,True,True,False
NEE,2026-03-30,2026-03-31,2026-04-06,2026-04-07,True,True,True
NU,2026-03-30,2026-03-31,2026-04-06,2026-04-07,True,True,True
OKTA,2026-03-30,2026-03-31,2026-04-06,2026-04-07,True,True,True
ORCL,2026-03-30,2026-03-31,2026-04-06,2026-04-07,True,True,False
OXY,2026-03-30,2026-03-31,2026-04-06,2026-04-07,True,True,True
PBR,2026-03-30,2026-03-31,2026-04-06,2026-04-07,True,True,True
PFE,2026-03-30,2026-03-31,2026-04-06,2026-04-07,True,True,True
PLTR,2026-03-30,2026-03-31,2026-04-06,2026-04-07,True,True,False
PYPL,2026-03-30,2026-03-31,2026-04-06,2026-04-07,True,True,True
QCOM,2026-03-30,2026-03-31,2026-04-06,2026-04-07,True,True,False
RTX,2026-03-30,2026-03-31,2026-04-06,2026-04-07,True,True,True
SCHW,2026-03-30,2026-03-31,2026-04-06,2026-04-07,True,True,True
TEVA,2026-03-30,2026-03-31,2026-04-06,2026-04-07,True,True,True
TGT,2026-03-30,2026-03-31,2026-04-06,2026-04-07,True,True,True
UBER,2026-03-30,2026-03-31,2026-04-06,2026-04-07,True,True,True
UPS,2026-03-30,2026-03-31,2026-04-06,2026-04-07,True,True,True
VALE,2026-03-30,2026-03-31,2026-04-06,2026-04-07,True,True,True
VOD,2026-03-30,2026-03-31,2026-04-06,2026-04-07,True,True,True
WMT,2026-03-30,2026-03-31,2026-04-06,2026-04-07,True,True,True
ZION,2026-03-30,2026-03-31,2026-04-06,2026-04-07,True,True,True
ZM,2026-03-30,2026-03-31,2026-04-06,2026-04-07,True,True,True
ABT,2026-03-31,2026-04-01,2026-04-07,2026-04-08,True,True,True
ADM,2026-03-31,2026-04-01,2026-04-07,2026-04-08,True,True,True
AGNC,2026-03-31,2026-04-01,2026-04-07,2026-04-08,True,True,True
AKAM,2026-03-31,2026-04-01,2026-04-07,2026-04-08,True,True,True
BMY,2026-03-31,2026-04-01,2026-04-07,2026-04-08,True,True,True
CMG,2026-03-31,2026-04-01,2026-04-07,2026-04-08,True,True,True
CRM,2026-03-31,2026-04-01,2026-04-07,2026-04-08,True,True,False
CSCO,2026-03-31,2026-04-01,2026-04-07,2026-04-08,True,True,True
CVS,2026-03-31,2026-04-01,2026-04-07,2026-04-08,True,True,True
DG,2026-03-31,2026-04-01,2026-04-07,2026-04-08,True,True,True
DIS,2026-03-31,2026-04-01,2026-04-07,2026-04-08,True,True,False
DVN,2026-03-31,2026-04-01,2026-04-07,2026-04-08,True,True,True
EBAY,2026-03-31,2026-04-01,2026-04-07,2026-04-08,True,True,True
EDU,2026-03-31,2026-04-01,2026-04-07,2026-04-08,True,True,True
F,2026-03-31,2026-04-01,2026-04-07,2026-04-08,True,True,True
GM,2026-03-31,2026-04-01,2026-04-07,2026-04-08,True,True,True
GOOG,2026-03-31,2026-04-01,2026-04-07,2026-04-08,True,True,True
HPQ,2026-03-31,2026-04-01,2026-04-07,2026-04-08,True,True,True
JD,2026-03-31,2026-04-01,2026-04-07,2026-04-08,True,True,True
LUV,2026-03-31,2026-04-01,2026-04-07,2026-04-08,True,True,True
MGM,2026-03-31,2026-04-01,2026-04-07,2026-04-08,True,True,True
MOS,2026-03-31,2026-04-01,2026-04-07,2026-04-08,True,True,True
MRVL,2026-03-31,2026-04-01,2026-04-07,2026-04-08,True,True,False
NEE,2026-03-31,2026-04-01,2026-04-07,2026-04-08,True,True,True
NU,2026-03-31,2026-04-01,2026-04-07,2026-04-08,True,True,True
OKTA,2026-03-31,2026-04-01,2026-04-07,2026-04-08,True,True,True
ORCL,2026-03-31,2026-04-01,2026-04-07,2026-04-08,True,True,False
OXY,2026-03-31,2026-04-01,2026-04-07,2026-04-08,True,True,True
PBR,2026-03-31,2026-04-01,2026-04-07,2026-04-08,True,True,True
PFE,2026-03-31,2026-04-01,2026-04-07,2026-04-08,True,True,True
PLTR,2026-03-31,2026-04-01,2026-04-07,2026-04-08,True,True,False
PYPL,2026-03-31,2026-04-01,2026-04-07,2026-04-08,True,True,True
QCOM,2026-03-31,2026-04-01,2026-04-07,2026-04-08,True,True,False
RTX,2026-03-31,2026-04-01,2026-04-07,2026-04-08,True,True,True
SCHW,2026-03-31,2026-04-01,2026-04-07,2026-04-08,True,True,True
TEVA,2026-03-31,2026-04-01,2026-04-07,2026-04-08,True,True,True
TGT,2026-03-31,2026-04-01,2026-04-07,2026-04-08,True,True,True
UBER,2026-03-31,2026-04-01,2026-04-07,2026-04-08,True,True,True
UPS,2026-03-31,2026-04-01,2026-04-07,2026-04-08,True,True,True
VALE,2026-03-31,2026-04-01,2026-04-07,2026-04-08,True,True,True
VOD,2026-03-31,2026-04-01,2026-04-07,2026-04-08,True,True,True
WMT,2026-03-31,2026-04-01,2026-04-07,2026-04-08,True,True,True
ZION,2026-03-31,2026-04-01,2026-04-07,2026-04-08,True,True,True
ZM,2026-03-31,2026-04-01,2026-04-07,2026-04-08,True,True,True
ABT,2026-04-01,2026-04-02,2026-04-08,2026-04-09,True,True,True
ADM,2026-04-01,2026-04-02,2026-04-08,2026-04-09,True,True,True
AGNC,2026-04-01,2026-04-02,2026-04-08,2026-04-09,True,True,True
AKAM,2026-04-01,2026-04-02,2026-04-08,2026-04-09,True,True,True
BMY,2026-04-01,2026-04-02,2026-04-08,2026-04-09,True,True,True
CMG,2026-04-01,2026-04-02,2026-04-08,2026-04-09,True,True,True
CRM,2026-04-01,2026-04-02,2026-04-08,2026-04-09,True,True,False
CSCO,2026-04-01,2026-04-02,2026-04-08,2026-04-09,True,True,True
CVS,2026-04-01,2026-04-02,2026-04-08,2026-04-09,True,True,True
DG,2026-04-01,2026-04-02,2026-04-08,2026-04-09,True,True,True
DIS,2026-04-01,2026-04-02,2026-04-08,2026-04-09,True,True,False
DVN,2026-04-01,2026-04-02,2026-04-08,2026-04-09,True,True,True
EBAY,2026-04-01,2026-04-02,2026-04-08,2026-04-09,True,True,True
EDU,2026-04-01,2026-04-02,2026-04-08,2026-04-09,True,True,True
F,2026-04-01,2026-04-02,2026-04-08,2026-04-09,True,True,True
GM,2026-04-01,2026-04-02,2026-04-08,2026-04-09,True,True,True
GOOG,2026-04-01,2026-04-02,2026-04-08,2026-04-09,True,True,True
HPQ,2026-04-01,2026-04-02,2026-04-08,2026-04-09,True,True,True
JD,2026-04-01,2026-04-02,2026-04-08,2026-04-09,True,True,True
LUV,2026-04-01,2026-04-02,2026-04-08,2026-04-09,True,True,True
MGM,2026-04-01,2026-04-02,2026-04-08,2026-04-09,True,True,True
MOS,2026-04-01,2026-04-02,2026-04-08,2026-04-09,True,True,True
MRVL,2026-04-01,2026-04-02,2026-04-08,2026-04-09,True,True,False
NEE,2026-04-01,2026-04-02,2026-04-08,2026-04-09,True,True,True
NU,2026-04-01,2026-04-02,2026-04-08,2026-04-09,True,True,True
OKTA,2026-04-01,2026-04-02,2026-04-08,2026-04-09,True,True,True
ORCL,2026-04-01,2026-04-02,2026-04-08,2026-04-09,True,True,False
OXY,2026-04-01,2026-04-02,2026-04-08,2026-04-09,True,True,True
PBR,2026-04-01,2026-04-02,2026-04-08,2026-04-09,True,True,True
PFE,2026-04-01,2026-04-02,2026-04-08,2026-04-09,True,True,True
PLTR,2026-04-01,2026-04-02,2026-04-08,2026-04-09,True,True,False
PYPL,2026-04-01,2026-04-02,2026-04-08,2026-04-09,True,True,True
QCOM,2026-04-01,2026-04-02,2026-04-08,2026-04-09,True,True,False
RTX,2026-04-01,2026-04-02,2026-04-08,2026-04-09,True,True,True
SCHW,2026-04-01,2026-04-02,2026-04-08,2026-04-09,True,True,True
TEVA,2026-04-01,2026-04-02,2026-04-08,2026-04-09,True,True,True
TGT,2026-04-01,2026-04-02,2026-04-08,2026-04-09,True,True,True
UBER,2026-04-01,2026-04-02,2026-04-08,2026-04-09,True,True,True
UPS,2026-04-01,2026-04-02,2026-04-08,2026-04-09,True,True,True
VALE,2026-04-01,2026-04-02,2026-04-08,2026-04-09,True,True,True
VOD,2026-04-01,2026-04-02,2026-04-08,2026-04-09,True,True,True
WMT,2026-04-01,2026-04-02,2026-04-08,2026-04-09,True,True,True
ZION,2026-04-01,2026-04-02,2026-04-08,2026-04-09,True,True,True
ZM,2026-04-01,2026-04-02,2026-04-08,2026-04-09,True,True,True
ABT,2026-04-02,2026-04-06,2026-04-09,2026-04-10,True,True,True
ADM,2026-04-02,2026-04-06,2026-04-09,2026-04-10,True,True,True
AGNC,2026-04-02,2026-04-06,2026-04-09,2026-04-10,True,True,True
AKAM,2026-04-02,2026-04-06,2026-04-09,2026-04-10,True,True,True
BMY,2026-04-02,2026-04-06,2026-04-09,2026-04-10,True,True,True
CMG,2026-04-02,2026-04-06,2026-04-09,2026-04-10,True,True,True
CRM,2026-04-02,2026-04-06,2026-04-09,2026-04-10,True,True,False
CSCO,2026-04-02,2026-04-06,2026-04-09,2026-04-10,True,True,True
CVS,2026-04-02,2026-04-06,2026-04-09,2026-04-10,True,True,True
DG,2026-04-02,2026-04-06,2026-04-09,2026-04-10,True,True,True
DIS,2026-04-02,2026-04-06,2026-04-09,2026-04-10,True,True,False
DVN,2026-04-02,2026-04-06,2026-04-09,2026-04-10,True,True,True
EBAY,2026-04-02,2026-04-06,2026-04-09,2026-04-10,True,True,True
EDU,2026-04-02,2026-04-06,2026-04-09,2026-04-10,True,True,True
F,2026-04-02,2026-04-06,2026-04-09,2026-04-10,True,True,True
GM,2026-04-02,2026-04-06,2026-04-09,2026-04-10,True,True,True
GOOG,2026-04-02,2026-04-06,2026-04-09,2026-04-10,True,True,True
HPQ,2026-04-02,2026-04-06,2026-04-09,2026-04-10,True,True,True
JD,2026-04-02,2026-04-06,2026-04-09,2026-04-10,True,True,True
LUV,2026-04-02,2026-04-06,2026-04-09,2026-04-10,True,True,True
MGM,2026-04-02,2026-04-06,2026-04-09,2026-04-10,True,True,True
MOS,2026-04-02,2026-04-06,2026-04-09,2026-04-10,True,True,True
MRVL,2026-04-02,2026-04-06,2026-04-09,2026-04-10,True,True,False
NEE,2026-04-02,2026-04-06,2026-04-09,2026-04-10,True,True,True
NU,2026-04-02,2026-04-06,2026-04-09,2026-04-10,True,True,True
OKTA,2026-04-02,2026-04-06,2026-04-09,2026-04-10,True,True,True
ORCL,2026-04-02,2026-04-06,2026-04-09,2026-04-10,True,True,False
OXY,2026-04-02,2026-04-06,2026-04-09,2026-04-10,True,True,True
PBR,2026-04-02,2026-04-06,2026-04-09,2026-04-10,True,True,True
PFE,2026-04-02,2026-04-06,2026-04-09,2026-04-10,True,True,True
PLTR,2026-04-02,2026-04-06,2026-04-09,2026-04-10,True,True,False
PYPL,2026-04-02,2026-04-06,2026-04-09,2026-04-10,True,True,True
QCOM,2026-04-02,2026-04-06,2026-04-09,2026-04-10,True,True,False
RTX,2026-04-02,2026-04-06,2026-04-09,2026-04-10,True,True,True
SCHW,2026-04-02,2026-04-06,2026-04-09,2026-04-10,True,True,True
TEVA,2026-04-02,2026-04-06,2026-04-09,2026-04-10,True,True,True
TGT,2026-04-02,2026-04-06,2026-04-09,2026-04-10,True,True,True
UBER,2026-04-02,2026-04-06,2026-04-09,2026-04-10,True,True,True
UPS,2026-04-02,2026-04-06,2026-04-09,2026-04-10,True,True,True
VALE,2026-04-02,2026-04-06,2026-04-09,2026-04-10,True,True,True
VOD,2026-04-02,2026-04-06,2026-04-09,2026-04-10,True,True,True
WMT,2026-04-02,2026-04-06,2026-04-09,2026-04-10,True,True,True
ZION,2026-04-02,2026-04-06,2026-04-09,2026-04-10,True,True,True
ZM,2026-04-02,2026-04-06,2026-04-09,2026-04-10,True,True,True
ABT,2026-04-06,2026-04-07,2026-04-10,2026-04-13,True,True,True
ADM,2026-04-06,2026-04-07,2026-04-10,2026-04-13,True,True,True
AGNC,2026-04-06,2026-04-07,2026-04-10,2026-04-13,True,True,True
AKAM,2026-04-06,2026-04-07,2026-04-10,2026-04-13,True,True,True
BMY,2026-04-06,2026-04-07,2026-04-10,2026-04-13,True,True,True
CMG,2026-04-06,2026-04-07,2026-04-10,2026-04-13,True,True,True
CRM,2026-04-06,2026-04-07,2026-04-10,2026-04-13,True,True,False
CSCO,2026-04-06,2026-04-07,2026-04-10,2026-04-13,True,True,True
CVS,2026-04-06,2026-04-07,2026-04-10,2026-04-13,True,True,True
DG,2026-04-06,2026-04-07,2026-04-10,2026-04-13,True,True,True
DIS,2026-04-06,2026-04-07,2026-04-10,2026-04-13,True,True,False
DVN,2026-04-06,2026-04-07,2026-04-10,2026-04-13,True,True,True
EBAY,2026-04-06,2026-04-07,2026-04-10,2026-04-13,True,True,True
EDU,2026-04-06,2026-04-07,2026-04-10,2026-04-13,True,True,True
F,2026-04-06,2026-04-07,2026-04-10,2026-04-13,True,True,True
GM,2026-04-06,2026-04-07,2026-04-10,2026-04-13,True,True,True
GOOG,2026-04-06,2026-04-07,2026-04-10,2026-04-13,True,True,True
HPQ,2026-04-06,2026-04-07,2026-04-10,2026-04-13,True,True,True
JD,2026-04-06,2026-04-07,2026-04-10,2026-04-13,True,True,True
LUV,2026-04-06,2026-04-07,2026-04-10,2026-04-13,True,True,True
MGM,2026-04-06,2026-04-07,2026-04-10,2026-04-13,True,True,True
MOS,2026-04-06,2026-04-07,2026-04-10,2026-04-13,True,True,True
MRVL,2026-04-06,2026-04-07,2026-04-10,2026-04-13,True,True,False
NEE,2026-04-06,2026-04-07,2026-04-10,2026-04-13,True,True,True
NU,2026-04-06,2026-04-07,2026-04-10,2026-04-13,True,True,True
OKTA,2026-04-06,2026-04-07,2026-04-10,2026-04-13,True,True,True
ORCL,2026-04-06,2026-04-07,2026-04-10,2026-04-13,True,True,False
OXY,2026-04-06,2026-04-07,2026-04-10,2026-04-13,True,True,True
PBR,2026-04-06,2026-04-07,2026-04-10,2026-04-13,True,True,True
PFE,2026-04-06,2026-04-07,2026-04-10,2026-04-13,True,True,True
PLTR,2026-04-06,2026-04-07,2026-04-10,2026-04-13,True,True,False
PYPL,2026-04-06,2026-04-07,2026-04-10,2026-04-13,True,True,True
QCOM,2026-04-06,2026-04-07,2026-04-10,2026-04-13,True,True,False
RTX,2026-04-06,2026-04-07,2026-04-10,2026-04-13,True,True,True
SCHW,2026-04-06,2026-04-07,2026-04-10,2026-04-13,True,True,True
TEVA,2026-04-06,2026-04-07,2026-04-10,2026-04-13,True,True,True
TGT,2026-04-06,2026-04-07,2026-04-10,2026-04-13,True,True,True
UBER,2026-04-06,2026-04-07,2026-04-10,2026-04-13,True,True,True
UPS,2026-04-06,2026-04-07,2026-04-10,2026-04-13,True,True,True
VALE,2026-04-06,2026-04-07,2026-04-10,2026-04-13,True,True,True
VOD,2026-04-06,2026-04-07,2026-04-10,2026-04-13,True,True,True
WMT,2026-04-06,2026-04-07,2026-04-10,2026-04-13,True,True,True
ZION,2026-04-06,2026-04-07,2026-04-10,2026-04-13,True,True,True
ZM,2026-04-06,2026-04-07,2026-04-10,2026-04-13,True,True,True
ABT,2026-04-07,2026-04-08,2026-04-13,2026-04-14,True,True,True
ADM,2026-04-07,2026-04-08,2026-04-13,2026-04-14,True,True,True
AGNC,2026-04-07,2026-04-08,2026-04-13,2026-04-14,True,True,True
AKAM,2026-04-07,2026-04-08,2026-04-13,2026-04-14,True,True,True
BMY,2026-04-07,2026-04-08,2026-04-13,2026-04-14,True,True,True
CMG,2026-04-07,2026-04-08,2026-04-13,2026-04-14,True,True,True
CRM,2026-04-07,2026-04-08,2026-04-13,2026-04-14,True,True,False
CSCO,2026-04-07,2026-04-08,2026-04-13,2026-04-14,True,True,True
CVS,2026-04-07,2026-04-08,2026-04-13,2026-04-14,True,True,True
DG,2026-04-07,2026-04-08,2026-04-13,2026-04-14,True,True,True
DIS,2026-04-07,2026-04-08,2026-04-13,2026-04-14,True,True,False
DVN,2026-04-07,2026-04-08,2026-04-13,2026-04-14,True,True,True
EBAY,2026-04-07,2026-04-08,2026-04-13,2026-04-14,True,True,True
EDU,2026-04-07,2026-04-08,2026-04-13,2026-04-14,True,True,True
F,2026-04-07,2026-04-08,2026-04-13,2026-04-14,True,True,True
GM,2026-04-07,2026-04-08,2026-04-13,2026-04-14,True,True,True
GOOG,2026-04-07,2026-04-08,2026-04-13,2026-04-14,True,True,True
HPQ,2026-04-07,2026-04-08,2026-04-13,2026-04-14,True,True,True
JD,2026-04-07,2026-04-08,2026-04-13,2026-04-14,True,True,True
LUV,2026-04-07,2026-04-08,2026-04-13,2026-04-14,True,True,True
MGM,2026-04-07,2026-04-08,2026-04-13,2026-04-14,True,True,True
MOS,2026-04-07,2026-04-08,2026-04-13,2026-04-14,True,True,True
MRVL,2026-04-07,2026-04-08,2026-04-13,2026-04-14,True,True,False
NEE,2026-04-07,2026-04-08,2026-04-13,2026-04-14,True,True,True
NU,2026-04-07,2026-04-08,2026-04-13,2026-04-14,True,True,True
OKTA,2026-04-07,2026-04-08,2026-04-13,2026-04-14,True,True,True
ORCL,2026-04-07,2026-04-08,2026-04-13,2026-04-14,True,True,False
OXY,2026-04-07,2026-04-08,2026-04-13,2026-04-14,True,True,True
PBR,2026-04-07,2026-04-08,2026-04-13,2026-04-14,True,True,True
PFE,2026-04-07,2026-04-08,2026-04-13,2026-04-14,True,True,True
PLTR,2026-04-07,2026-04-08,2026-04-13,2026-04-14,True,True,False
PYPL,2026-04-07,2026-04-08,2026-04-13,2026-04-14,True,True,True
QCOM,2026-04-07,2026-04-08,2026-04-13,2026-04-14,True,True,False
RTX,2026-04-07,2026-04-08,2026-04-13,2026-04-14,True,True,True
SCHW,2026-04-07,2026-04-08,2026-04-13,2026-04-14,True,True,True
TEVA,2026-04-07,2026-04-08,2026-04-13,2026-04-14,True,True,True
TGT,2026-04-07,2026-04-08,2026-04-13,2026-04-14,True,True,True
UBER,2026-04-07,2026-04-08,2026-04-13,2026-04-14,True,True,True
UPS,2026-04-07,2026-04-08,2026-04-13,2026-04-14,True,True,True
VALE,2026-04-07,2026-04-08,2026-04-13,2026-04-14,True,True,True
VOD,2026-04-07,2026-04-08,2026-04-13,2026-04-14,True,True,True
WMT,2026-04-07,2026-04-08,2026-04-13,2026-04-14,True,True,True
ZION,2026-04-07,2026-04-08,2026-04-13,2026-04-14,True,True,True
ZM,2026-04-07,2026-04-08,2026-04-13,2026-04-14,True,True,True
ABT,2026-04-08,2026-04-09,2026-04-14,2026-04-15,True,True,True
ADM,2026-04-08,2026-04-09,2026-04-14,2026-04-15,True,True,True
AGNC,2026-04-08,2026-04-09,2026-04-14,2026-04-15,True,True,True
AKAM,2026-04-08,2026-04-09,2026-04-14,2026-04-15,True,True,True
BMY,2026-04-08,2026-04-09,2026-04-14,2026-04-15,True,True,True
CMG,2026-04-08,2026-04-09,2026-04-14,2026-04-15,True,True,True
CRM,2026-04-08,2026-04-09,2026-04-14,2026-04-15,True,True,False
CSCO,2026-04-08,2026-04-09,2026-04-14,2026-04-15,True,True,True
CVS,2026-04-08,2026-04-09,2026-04-14,2026-04-15,True,True,True
DG,2026-04-08,2026-04-09,2026-04-14,2026-04-15,True,True,True
DIS,2026-04-08,2026-04-09,2026-04-14,2026-04-15,True,True,False
DVN,2026-04-08,2026-04-09,2026-04-14,2026-04-15,True,True,True
EBAY,2026-04-08,2026-04-09,2026-04-14,2026-04-15,True,True,True
EDU,2026-04-08,2026-04-09,2026-04-14,2026-04-15,True,True,True
F,2026-04-08,2026-04-09,2026-04-14,2026-04-15,True,True,True
GM,2026-04-08,2026-04-09,2026-04-14,2026-04-15,True,True,True
GOOG,2026-04-08,2026-04-09,2026-04-14,2026-04-15,True,True,True
HPQ,2026-04-08,2026-04-09,2026-04-14,2026-04-15,True,True,True
JD,2026-04-08,2026-04-09,2026-04-14,2026-04-15,True,True,True
LUV,2026-04-08,2026-04-09,2026-04-14,2026-04-15,True,True,True
MGM,2026-04-08,2026-04-09,2026-04-14,2026-04-15,True,True,True
MOS,2026-04-08,2026-04-09,2026-04-14,2026-04-15,True,True,True
MRVL,2026-04-08,2026-04-09,2026-04-14,2026-04-15,True,True,False
NEE,2026-04-08,2026-04-09,2026-04-14,2026-04-15,True,True,True
NU,2026-04-08,2026-04-09,2026-04-14,2026-04-15,True,True,True
OKTA,2026-04-08,2026-04-09,2026-04-14,2026-04-15,True,True,True
ORCL,2026-04-08,2026-04-09,2026-04-14,2026-04-15,True,True,False
OXY,2026-04-08,2026-04-09,2026-04-14,2026-04-15,True,True,True
PBR,2026-04-08,2026-04-09,2026-04-14,2026-04-15,True,True,True
PFE,2026-04-08,2026-04-09,2026-04-14,2026-04-15,True,True,True
PLTR,2026-04-08,2026-04-09,2026-04-14,2026-04-15,True,True,False
PYPL,2026-04-08,2026-04-09,2026-04-14,2026-04-15,True,True,True
QCOM,2026-04-08,2026-04-09,2026-04-14,2026-04-15,True,True,False
RTX,2026-04-08,2026-04-09,2026-04-14,2026-04-15,True,True,True
SCHW,2026-04-08,2026-04-09,2026-04-14,2026-04-15,True,True,True
TEVA,2026-04-08,2026-04-09,2026-04-14,2026-04-15,True,True,True
TGT,2026-04-08,2026-04-09,2026-04-14,2026-04-15,True,True,True
UBER,2026-04-08,2026-04-09,2026-04-14,2026-04-15,True,True,True
UPS,2026-04-08,2026-04-09,2026-04-14,2026-04-15,True,True,True
VALE,2026-04-08,2026-04-09,2026-04-14,2026-04-15,True,True,True
VOD,2026-04-08,2026-04-09,2026-04-14,2026-04-15,True,True,True
WMT,2026-04-08,2026-04-09,2026-04-14,2026-04-15,True,True,True
ZION,2026-04-08,2026-04-09,2026-04-14,2026-04-15,True,True,True
ZM,2026-04-08,2026-04-09,2026-04-14,2026-04-15,True,True,True
ABT,2026-04-09,2026-04-10,2026-04-15,2026-04-16,True,True,True
ADM,2026-04-09,2026-04-10,2026-04-15,2026-04-16,True,True,True
AGNC,2026-04-09,2026-04-10,2026-04-15,2026-04-16,True,True,True
AKAM,2026-04-09,2026-04-10,2026-04-15,2026-04-16,True,True,True
BMY,2026-04-09,2026-04-10,2026-04-15,2026-04-16,True,True,True
CMG,2026-04-09,2026-04-10,2026-04-15,2026-04-16,True,True,True
CRM,2026-04-09,2026-04-10,2026-04-15,2026-04-16,True,True,False
CSCO,2026-04-09,2026-04-10,2026-04-15,2026-04-16,True,True,True
CVS,2026-04-09,2026-04-10,2026-04-15,2026-04-16,True,True,True
DG,2026-04-09,2026-04-10,2026-04-15,2026-04-16,True,True,True
DIS,2026-04-09,2026-04-10,2026-04-15,2026-04-16,True,True,False
DVN,2026-04-09,2026-04-10,2026-04-15,2026-04-16,True,True,True
EBAY,2026-04-09,2026-04-10,2026-04-15,2026-04-16,True,True,True
EDU,2026-04-09,2026-04-10,2026-04-15,2026-04-16,True,True,True
F,2026-04-09,2026-04-10,2026-04-15,2026-04-16,True,True,True
GM,2026-04-09,2026-04-10,2026-04-15,2026-04-16,True,True,True
GOOG,2026-04-09,2026-04-10,2026-04-15,2026-04-16,True,True,True
HPQ,2026-04-09,2026-04-10,2026-04-15,2026-04-16,True,True,True
JD,2026-04-09,2026-04-10,2026-04-15,2026-04-16,True,True,True
LUV,2026-04-09,2026-04-10,2026-04-15,2026-04-16,True,True,True
MGM,2026-04-09,2026-04-10,2026-04-15,2026-04-16,True,True,True
MOS,2026-04-09,2026-04-10,2026-04-15,2026-04-16,True,True,True
MRVL,2026-04-09,2026-04-10,2026-04-15,2026-04-16,True,True,False
NEE,2026-04-09,2026-04-10,2026-04-15,2026-04-16,True,True,True
NU,2026-04-09,2026-04-10,2026-04-15,2026-04-16,True,True,True
OKTA,2026-04-09,2026-04-10,2026-04-15,2026-04-16,True,True,True
ORCL,2026-04-09,2026-04-10,2026-04-15,2026-04-16,True,True,False
OXY,2026-04-09,2026-04-10,2026-04-15,2026-04-16,True,True,True
PBR,2026-04-09,2026-04-10,2026-04-15,2026-04-16,True,True,True
PFE,2026-04-09,2026-04-10,2026-04-15,2026-04-16,True,True,True
PLTR,2026-04-09,2026-04-10,2026-04-15,2026-04-16,True,True,False
PYPL,2026-04-09,2026-04-10,2026-04-15,2026-04-16,True,True,True
QCOM,2026-04-09,2026-04-10,2026-04-15,2026-04-16,True,True,False
RTX,2026-04-09,2026-04-10,2026-04-15,2026-04-16,True,True,True
SCHW,2026-04-09,2026-04-10,2026-04-15,2026-04-16,True,True,True
TEVA,2026-04-09,2026-04-10,2026-04-15,2026-04-16,True,True,True
TGT,2026-04-09,2026-04-10,2026-04-15,2026-04-16,True,True,True
UBER,2026-04-09,2026-04-10,2026-04-15,2026-04-16,True,True,True
UPS,2026-04-09,2026-04-10,2026-04-15,2026-04-16,True,True,True
VALE,2026-04-09,2026-04-10,2026-04-15,2026-04-16,True,True,True
VOD,2026-04-09,2026-04-10,2026-04-15,2026-04-16,True,True,True
WMT,2026-04-09,2026-04-10,2026-04-15,2026-04-16,True,True,True
ZION,2026-04-09,2026-04-10,2026-04-15,2026-04-16,True,True,True
ZM,2026-04-09,2026-04-10,2026-04-15,2026-04-16,True,True,True
ABT,2026-04-10,2026-04-13,2026-04-16,2026-04-17,True,True,True
ADM,2026-04-10,2026-04-13,2026-04-16,2026-04-17,True,True,True
AGNC,2026-04-10,2026-04-13,2026-04-16,2026-04-17,True,True,True
AKAM,2026-04-10,2026-04-13,2026-04-16,2026-04-17,True,True,True
BMY,2026-04-10,2026-04-13,2026-04-16,2026-04-17,True,True,True
CMG,2026-04-10,2026-04-13,2026-04-16,2026-04-17,True,True,True
CRM,2026-04-10,2026-04-13,2026-04-16,2026-04-17,True,True,False
CSCO,2026-04-10,2026-04-13,2026-04-16,2026-04-17,True,True,True
CVS,2026-04-10,2026-04-13,2026-04-16,2026-04-17,True,True,True
DG,2026-04-10,2026-04-13,2026-04-16,2026-04-17,True,True,True
DIS,2026-04-10,2026-04-13,2026-04-16,2026-04-17,True,True,False
DVN,2026-04-10,2026-04-13,2026-04-16,2026-04-17,True,True,True
EBAY,2026-04-10,2026-04-13,2026-04-16,2026-04-17,True,True,True
EDU,2026-04-10,2026-04-13,2026-04-16,2026-04-17,True,True,True
F,2026-04-10,2026-04-13,2026-04-16,2026-04-17,True,True,True
GM,2026-04-10,2026-04-13,2026-04-16,2026-04-17,True,True,True
GOOG,2026-04-10,2026-04-13,2026-04-16,2026-04-17,True,True,True
HPQ,2026-04-10,2026-04-13,2026-04-16,2026-04-17,True,True,True
JD,2026-04-10,2026-04-13,2026-04-16,2026-04-17,True,True,True
LUV,2026-04-10,2026-04-13,2026-04-16,2026-04-17,True,True,True
MGM,2026-04-10,2026-04-13,2026-04-16,2026-04-17,True,True,True
MOS,2026-04-10,2026-04-13,2026-04-16,2026-04-17,True,True,True
MRVL,2026-04-10,2026-04-13,2026-04-16,2026-04-17,True,True,False
NEE,2026-04-10,2026-04-13,2026-04-16,2026-04-17,True,True,True
NU,2026-04-10,2026-04-13,2026-04-16,2026-04-17,True,True,True
OKTA,2026-04-10,2026-04-13,2026-04-16,2026-04-17,True,True,True
ORCL,2026-04-10,2026-04-13,2026-04-16,2026-04-17,True,True,False
OXY,2026-04-10,2026-04-13,2026-04-16,2026-04-17,True,True,True
PBR,2026-04-10,2026-04-13,2026-04-16,2026-04-17,True,True,True
PFE,2026-04-10,2026-04-13,2026-04-16,2026-04-17,True,True,True
PLTR,2026-04-10,2026-04-13,2026-04-16,2026-04-17,True,True,False
PYPL,2026-04-10,2026-04-13,2026-04-16,2026-04-17,True,True,True
QCOM,2026-04-10,2026-04-13,2026-04-16,2026-04-17,True,True,False
RTX,2026-04-10,2026-04-13,2026-04-16,2026-04-17,True,True,True
SCHW,2026-04-10,2026-04-13,2026-04-16,2026-04-17,True,True,True
TEVA,2026-04-10,2026-04-13,2026-04-16,2026-04-17,True,True,True
TGT,2026-04-10,2026-04-13,2026-04-16,2026-04-17,True,True,True
UBER,2026-04-10,2026-04-13,2026-04-16,2026-04-17,True,True,True
UPS,2026-04-10,2026-04-13,2026-04-16,2026-04-17,True,True,True
VALE,2026-04-10,2026-04-13,2026-04-16,2026-04-17,True,True,True
VOD,2026-04-10,2026-04-13,2026-04-16,2026-04-17,True,True,True
WMT,2026-04-10,2026-04-13,2026-04-16,2026-04-17,True,True,True
ZION,2026-04-10,2026-04-13,2026-04-16,2026-04-17,True,True,True
ZM,2026-04-10,2026-04-13,2026-04-16,2026-04-17,True,True,True
ABT,2026-04-13,2026-04-14,2026-04-17,2026-04-20,True,True,True
ADM,2026-04-13,2026-04-14,2026-04-17,2026-04-20,True,True,True
AGNC,2026-04-13,2026-04-14,2026-04-17,2026-04-20,True,True,True
AKAM,2026-04-13,2026-04-14,2026-04-17,2026-04-20,True,True,True
BMY,2026-04-13,2026-04-14,2026-04-17,2026-04-20,True,True,True
CMG,2026-04-13,2026-04-14,2026-04-17,2026-04-20,True,True,True
CRM,2026-04-13,2026-04-14,2026-04-17,2026-04-20,True,True,False
CSCO,2026-04-13,2026-04-14,2026-04-17,2026-04-20,True,True,True
CVS,2026-04-13,2026-04-14,2026-04-17,2026-04-20,True,True,True
DG,2026-04-13,2026-04-14,2026-04-17,2026-04-20,True,True,True
DIS,2026-04-13,2026-04-14,2026-04-17,2026-04-20,True,True,False
DVN,2026-04-13,2026-04-14,2026-04-17,2026-04-20,True,True,True
EBAY,2026-04-13,2026-04-14,2026-04-17,2026-04-20,True,True,True
EDU,2026-04-13,2026-04-14,2026-04-17,2026-04-20,True,True,True
F,2026-04-13,2026-04-14,2026-04-17,2026-04-20,True,True,True
GM,2026-04-13,2026-04-14,2026-04-17,2026-04-20,True,True,True
GOOG,2026-04-13,2026-04-14,2026-04-17,2026-04-20,True,True,True
HPQ,2026-04-13,2026-04-14,2026-04-17,2026-04-20,True,True,True
JD,2026-04-13,2026-04-14,2026-04-17,2026-04-20,True,True,True
LUV,2026-04-13,2026-04-14,2026-04-17,2026-04-20,True,True,True
MGM,2026-04-13,2026-04-14,2026-04-17,2026-04-20,True,True,True
MOS,2026-04-13,2026-04-14,2026-04-17,2026-04-20,True,True,True
MRVL,2026-04-13,2026-04-14,2026-04-17,2026-04-20,True,True,False
NEE,2026-04-13,2026-04-14,2026-04-17,2026-04-20,True,True,True
NU,2026-04-13,2026-04-14,2026-04-17,2026-04-20,True,True,True
OKTA,2026-04-13,2026-04-14,2026-04-17,2026-04-20,True,True,True
ORCL,2026-04-13,2026-04-14,2026-04-17,2026-04-20,True,True,False
OXY,2026-04-13,2026-04-14,2026-04-17,2026-04-20,True,True,True
PBR,2026-04-13,2026-04-14,2026-04-17,2026-04-20,True,True,True
PFE,2026-04-13,2026-04-14,2026-04-17,2026-04-20,True,True,True
PLTR,2026-04-13,2026-04-14,2026-04-17,2026-04-20,True,True,False
PYPL,2026-04-13,2026-04-14,2026-04-17,2026-04-20,True,True,True
QCOM,2026-04-13,2026-04-14,2026-04-17,2026-04-20,True,True,False
RTX,2026-04-13,2026-04-14,2026-04-17,2026-04-20,True,True,True
SCHW,2026-04-13,2026-04-14,2026-04-17,2026-04-20,True,True,True
TEVA,2026-04-13,2026-04-14,2026-04-17,2026-04-20,True,True,True
TGT,2026-04-13,2026-04-14,2026-04-17,2026-04-20,True,True,True
UBER,2026-04-13,2026-04-14,2026-04-17,2026-04-20,True,True,True
UPS,2026-04-13,2026-04-14,2026-04-17,2026-04-20,True,True,True
VALE,2026-04-13,2026-04-14,2026-04-17,2026-04-20,True,True,True
VOD,2026-04-13,2026-04-14,2026-04-17,2026-04-20,True,True,True
WMT,2026-04-13,2026-04-14,2026-04-17,2026-04-20,True,True,True
ZION,2026-04-13,2026-04-14,2026-04-17,2026-04-20,True,True,True
ZM,2026-04-13,2026-04-14,2026-04-17,2026-04-20,True,True,True
ABT,2026-04-14,2026-04-15,2026-04-20,2026-04-21,True,True,True
ADM,2026-04-14,2026-04-15,2026-04-20,2026-04-21,True,True,True
AGNC,2026-04-14,2026-04-15,2026-04-20,2026-04-21,True,True,True
AKAM,2026-04-14,2026-04-15,2026-04-20,2026-04-21,True,True,True
BMY,2026-04-14,2026-04-15,2026-04-20,2026-04-21,True,True,True
CMG,2026-04-14,2026-04-15,2026-04-20,2026-04-21,True,True,True
CRM,2026-04-14,2026-04-15,2026-04-20,2026-04-21,True,True,False
CSCO,2026-04-14,2026-04-15,2026-04-20,2026-04-21,True,True,True
CVS,2026-04-14,2026-04-15,2026-04-20,2026-04-21,True,True,True
DG,2026-04-14,2026-04-15,2026-04-20,2026-04-21,True,True,True
DIS,2026-04-14,2026-04-15,2026-04-20,2026-04-21,True,True,False
DVN,2026-04-14,2026-04-15,2026-04-20,2026-04-21,True,True,True
EBAY,2026-04-14,2026-04-15,2026-04-20,2026-04-21,True,True,True
EDU,2026-04-14,2026-04-15,2026-04-20,2026-04-21,True,True,True
F,2026-04-14,2026-04-15,2026-04-20,2026-04-21,True,True,True
GM,2026-04-14,2026-04-15,2026-04-20,2026-04-21,True,True,True
GOOG,2026-04-14,2026-04-15,2026-04-20,2026-04-21,True,True,True
HPQ,2026-04-14,2026-04-15,2026-04-20,2026-04-21,True,True,True
JD,2026-04-14,2026-04-15,2026-04-20,2026-04-21,True,True,True
LUV,2026-04-14,2026-04-15,2026-04-20,2026-04-21,True,True,True
MGM,2026-04-14,2026-04-15,2026-04-20,2026-04-21,True,True,True
MOS,2026-04-14,2026-04-15,2026-04-20,2026-04-21,True,True,True
MRVL,2026-04-14,2026-04-15,2026-04-20,2026-04-21,True,True,False
NEE,2026-04-14,2026-04-15,2026-04-20,2026-04-21,True,True,True
NU,2026-04-14,2026-04-15,2026-04-20,2026-04-21,True,True,True
OKTA,2026-04-14,2026-04-15,2026-04-20,2026-04-21,True,True,True
ORCL,2026-04-14,2026-04-15,2026-04-20,2026-04-21,True,True,False
OXY,2026-04-14,2026-04-15,2026-04-20,2026-04-21,True,True,True
PBR,2026-04-14,2026-04-15,2026-04-20,2026-04-21,True,True,True
PFE,2026-04-14,2026-04-15,2026-04-20,2026-04-21,True,True,True
PLTR,2026-04-14,2026-04-15,2026-04-20,2026-04-21,True,True,False
PYPL,2026-04-14,2026-04-15,2026-04-20,2026-04-21,True,True,True
QCOM,2026-04-14,2026-04-15,2026-04-20,2026-04-21,True,True,False
RTX,2026-04-14,2026-04-15,2026-04-20,2026-04-21,True,True,True
SCHW,2026-04-14,2026-04-15,2026-04-20,2026-04-21,True,True,True
TEVA,2026-04-14,2026-04-15,2026-04-20,2026-04-21,True,True,True
TGT,2026-04-14,2026-04-15,2026-04-20,2026-04-21,True,True,True
UBER,2026-04-14,2026-04-15,2026-04-20,2026-04-21,True,True,True
UPS,2026-04-14,2026-04-15,2026-04-20,2026-04-21,True,True,True
VALE,2026-04-14,2026-04-15,2026-04-20,2026-04-21,True,True,True
VOD,2026-04-14,2026-04-15,2026-04-20,2026-04-21,True,True,True
WMT,2026-04-14,2026-04-15,2026-04-20,2026-04-21,True,True,True
ZION,2026-04-14,2026-04-15,2026-04-20,2026-04-21,True,True,True
ZM,2026-04-14,2026-04-15,2026-04-20,2026-04-21,True,True,True
ABT,2026-04-15,2026-04-16,2026-04-21,2026-04-22,True,True,True
ADM,2026-04-15,2026-04-16,2026-04-21,2026-04-22,True,True,True
AGNC,2026-04-15,2026-04-16,2026-04-21,2026-04-22,True,True,True
AKAM,2026-04-15,2026-04-16,2026-04-21,2026-04-22,True,True,True
BMY,2026-04-15,2026-04-16,2026-04-21,2026-04-22,True,True,True
CMG,2026-04-15,2026-04-16,2026-04-21,2026-04-22,True,True,True
CRM,2026-04-15,2026-04-16,2026-04-21,2026-04-22,True,True,False
CSCO,2026-04-15,2026-04-16,2026-04-21,2026-04-22,True,True,True
CVS,2026-04-15,2026-04-16,2026-04-21,2026-04-22,True,True,True
DG,2026-04-15,2026-04-16,2026-04-21,2026-04-22,True,True,True
DIS,2026-04-15,2026-04-16,2026-04-21,2026-04-22,True,True,False
DVN,2026-04-15,2026-04-16,2026-04-21,2026-04-22,True,True,True
EBAY,2026-04-15,2026-04-16,2026-04-21,2026-04-22,True,True,True
EDU,2026-04-15,2026-04-16,2026-04-21,2026-04-22,True,True,True
F,2026-04-15,2026-04-16,2026-04-21,2026-04-22,True,True,True
GM,2026-04-15,2026-04-16,2026-04-21,2026-04-22,True,True,True
GOOG,2026-04-15,2026-04-16,2026-04-21,2026-04-22,True,True,True
HPQ,2026-04-15,2026-04-16,2026-04-21,2026-04-22,True,True,True
JD,2026-04-15,2026-04-16,2026-04-21,2026-04-22,True,True,True
LUV,2026-04-15,2026-04-16,2026-04-21,2026-04-22,True,True,True
MGM,2026-04-15,2026-04-16,2026-04-21,2026-04-22,True,True,True
MOS,2026-04-15,2026-04-16,2026-04-21,2026-04-22,True,True,True
MRVL,2026-04-15,2026-04-16,2026-04-21,2026-04-22,True,True,False
NEE,2026-04-15,2026-04-16,2026-04-21,2026-04-22,True,True,True
NU,2026-04-15,2026-04-16,2026-04-21,2026-04-22,True,True,True
OKTA,2026-04-15,2026-04-16,2026-04-21,2026-04-22,True,True,True
ORCL,2026-04-15,2026-04-16,2026-04-21,2026-04-22,True,True,False
OXY,2026-04-15,2026-04-16,2026-04-21,2026-04-22,True,True,True
PBR,2026-04-15,2026-04-16,2026-04-21,2026-04-22,True,True,True
PFE,2026-04-15,2026-04-16,2026-04-21,2026-04-22,True,True,True
PLTR,2026-04-15,2026-04-16,2026-04-21,2026-04-22,True,True,False
PYPL,2026-04-15,2026-04-16,2026-04-21,2026-04-22,True,True,True
QCOM,2026-04-15,2026-04-16,2026-04-21,2026-04-22,True,True,False
RTX,2026-04-15,2026-04-16,2026-04-21,2026-04-22,True,True,True
SCHW,2026-04-15,2026-04-16,2026-04-21,2026-04-22,True,True,True
TEVA,2026-04-15,2026-04-16,2026-04-21,2026-04-22,True,True,True
TGT,2026-04-15,2026-04-16,2026-04-21,2026-04-22,True,True,True
UBER,2026-04-15,2026-04-16,2026-04-21,2026-04-22,True,True,True
UPS,2026-04-15,2026-04-16,2026-04-21,2026-04-22,True,True,True
VALE,2026-04-15,2026-04-16,2026-04-21,2026-04-22,True,True,True
VOD,2026-04-15,2026-04-16,2026-04-21,2026-04-22,True,True,True
WMT,2026-04-15,2026-04-16,2026-04-21,2026-04-22,True,True,True
ZION,2026-04-15,2026-04-16,2026-04-21,2026-04-22,True,True,True
ZM,2026-04-15,2026-04-16,2026-04-21,2026-04-22,True,True,True
CRM,2026-04-16,2026-04-17,2026-04-22,2026-04-23,True,True,False
DIS,2026-04-16,2026-04-17,2026-04-22,2026-04-23,True,True,False
MRVL,2026-04-16,2026-04-17,2026-04-22,2026-04-23,True,True,False
ORCL,2026-04-16,2026-04-17,2026-04-22,2026-04-23,True,True,False
PLTR,2026-04-16,2026-04-17,2026-04-22,2026-04-23,True,True,False
QCOM,2026-04-16,2026-04-17,2026-04-22,2026-04-23,True,True,False
CRM,2026-04-17,2026-04-20,2026-04-23,2026-04-24,True,True,False
DIS,2026-04-17,2026-04-20,2026-04-23,2026-04-24,True,True,False
MRVL,2026-04-17,2026-04-20,2026-04-23,2026-04-24,True,True,False
ORCL,2026-04-17,2026-04-20,2026-04-23,2026-04-24,True,True,False
PLTR,2026-04-17,2026-04-20,2026-04-23,2026-04-24,True,True,False
QCOM,2026-04-17,2026-04-20,2026-04-23,2026-04-24,True,True,False
CRM,2026-04-20,2026-04-21,2026-04-24,2026-04-27,True,True,False
DIS,2026-04-20,2026-04-21,2026-04-24,2026-04-27,True,True,False
MRVL,2026-04-20,2026-04-21,2026-04-24,2026-04-27,True,True,False
ORCL,2026-04-20,2026-04-21,2026-04-24,2026-04-27,True,True,False
PLTR,2026-04-20,2026-04-21,2026-04-24,2026-04-27,True,True,False
QCOM,2026-04-20,2026-04-21,2026-04-24,2026-04-27,True,True,False
CRM,2026-04-21,2026-04-22,2026-04-27,2026-04-28,True,True,False
DIS,2026-04-21,2026-04-22,2026-04-27,2026-04-28,True,True,False
MRVL,2026-04-21,2026-04-22,2026-04-27,2026-04-28,True,True,False
ORCL,2026-04-21,2026-04-22,2026-04-27,2026-04-28,True,True,False
PLTR,2026-04-21,2026-04-22,2026-04-27,2026-04-28,True,True,False
QCOM,2026-04-21,2026-04-22,2026-04-27,2026-04-28,True,True,False
CRM,2026-04-22,2026-04-23,2026-04-28,2026-04-29,True,True,False
DIS,2026-04-22,2026-04-23,2026-04-28,2026-04-29,True,True,False
MRVL,2026-04-22,2026-04-23,2026-04-28,2026-04-29,True,True,False
ORCL,2026-04-22,2026-04-23,2026-04-28,2026-04-29,True,True,False
PLTR,2026-04-22,2026-04-23,2026-04-28,2026-04-29,True,True,False
QCOM,2026-04-22,2026-04-23,2026-04-28,2026-04-29,True,True,False
CRM,2026-04-23,2026-04-24,2026-04-29,2026-04-30,True,True,False
DIS,2026-04-23,2026-04-24,2026-04-29,2026-04-30,True,True,False
MRVL,2026-04-23,2026-04-24,2026-04-29,2026-04-30,True,True,False
ORCL,2026-04-23,2026-04-24,2026-04-29,2026-04-30,True,True,False
PLTR,2026-04-23,2026-04-24,2026-04-29,2026-04-30,True,True,False
QCOM,2026-04-23,2026-04-24,2026-04-29,2026-04-30,True,True,False
CRM,2026-04-24,2026-04-27,2026-04-30,2026-05-01,True,True,False
DIS,2026-04-24,2026-04-27,2026-04-30,2026-05-01,True,True,False
MRVL,2026-04-24,2026-04-27,2026-04-30,2026-05-01,True,True,False
ORCL,2026-04-24,2026-04-27,2026-04-30,2026-05-01,True,True,False
PLTR,2026-04-24,2026-04-27,2026-04-30,2026-05-01,True,True,False
QCOM,2026-04-24,2026-04-27,2026-04-30,2026-05-01,True,True,False
CRM,2026-04-27,2026-04-28,2026-05-01,2026-05-04,True,True,False
DIS,2026-04-27,2026-04-28,2026-05-01,2026-05-04,True,True,False
MRVL,2026-04-27,2026-04-28,2026-05-01,2026-05-04,True,True,False
ORCL,2026-04-27,2026-04-28,2026-05-01,2026-05-04,True,True,False
PLTR,2026-04-27,2026-04-28,2026-05-01,2026-05-04,True,True,False
QCOM,2026-04-27,2026-04-28,2026-05-01,2026-05-04,True,True,False
CRM,2026-04-28,2026-04-29,2026-05-04,2026-05-05,True,True,False
DIS,2026-04-28,2026-04-29,2026-05-04,2026-05-05,True,True,False
MRVL,2026-04-28,2026-04-29,2026-05-04,2026-05-05,True,True,False
ORCL,2026-04-28,2026-04-29,2026-05-04,2026-05-05,True,True,False
PLTR,2026-04-28,2026-04-29,2026-05-04,2026-05-05,True,True,False
QCOM,2026-04-28,2026-04-29,2026-05-04,2026-05-05,True,True,False
CRM,2026-04-29,2026-04-30,2026-05-05,2026-05-06,True,True,False
DIS,2026-04-29,2026-04-30,2026-05-05,2026-05-06,True,True,False
MRVL,2026-04-29,2026-04-30,2026-05-05,2026-05-06,True,True,False
ORCL,2026-04-29,2026-04-30,2026-05-05,2026-05-06,True,True,False
PLTR,2026-04-29,2026-04-30,2026-05-05,2026-05-06,True,True,False
QCOM,2026-04-29,2026-04-30,2026-05-05,2026-05-06,True,True,False
CRM,2026-04-30,2026-05-01,2026-05-06,2026-05-07,True,True,False
DIS,2026-04-30,2026-05-01,2026-05-06,2026-05-07,True,True,False
MRVL,2026-04-30,2026-05-01,2026-05-06,2026-05-07,True,True,False
ORCL,2026-04-30,2026-05-01,2026-05-06,2026-05-07,True,True,False
PLTR,2026-04-30,2026-05-01,2026-05-06,2026-05-07,True,True,False
QCOM,2026-04-30,2026-05-01,2026-05-06,2026-05-07,True,True,False
CRM,2026-05-01,2026-05-04,2026-05-07,2026-05-08,True,True,False
DIS,2026-05-01,2026-05-04,2026-05-07,2026-05-08,True,True,False
MRVL,2026-05-01,2026-05-04,2026-05-07,2026-05-08,True,True,False
ORCL,2026-05-01,2026-05-04,2026-05-07,2026-05-08,True,True,False
PLTR,2026-05-01,2026-05-04,2026-05-07,2026-05-08,True,True,False
QCOM,2026-05-01,2026-05-04,2026-05-07,2026-05-08,True,True,False
CRM,2026-05-04,2026-05-05,2026-05-08,2026-05-11,True,True,False
DIS,2026-05-04,2026-05-05,2026-05-08,2026-05-11,True,True,False
MRVL,2026-05-04,2026-05-05,2026-05-08,2026-05-11,True,True,False
ORCL,2026-05-04,2026-05-05,2026-05-08,2026-05-11,True,True,False
PLTR,2026-05-04,2026-05-05,2026-05-08,2026-05-11,True,True,False
QCOM,2026-05-04,2026-05-05,2026-05-08,2026-05-11,True,True,False
CRM,2026-05-05,2026-05-06,2026-05-11,2026-05-12,True,True,False
DIS,2026-05-05,2026-05-06,2026-05-11,2026-05-12,True,True,False
MRVL,2026-05-05,2026-05-06,2026-05-11,2026-05-12,True,True,False
ORCL,2026-05-05,2026-05-06,2026-05-11,2026-05-12,True,True,False
PLTR,2026-05-05,2026-05-06,2026-05-11,2026-05-12,True,True,False
QCOM,2026-05-05,2026-05-06,2026-05-11,2026-05-12,True,True,False
CRM,2026-05-06,2026-05-07,2026-05-12,2026-05-13,True,True,False
DIS,2026-05-06,2026-05-07,2026-05-12,2026-05-13,True,True,False
MRVL,2026-05-06,2026-05-07,2026-05-12,2026-05-13,True,True,False
ORCL,2026-05-06,2026-05-07,2026-05-12,2026-05-13,True,True,False
PLTR,2026-05-06,2026-05-07,2026-05-12,2026-05-13,True,True,False
QCOM,2026-05-06,2026-05-07,2026-05-12,2026-05-13,True,True,False
CRM,2026-05-07,2026-05-08,2026-05-13,2026-05-14,True,True,False
DIS,2026-05-07,2026-05-08,2026-05-13,2026-05-14,True,True,False
MRVL,2026-05-07,2026-05-08,2026-05-13,2026-05-14,True,True,False
ORCL,2026-05-07,2026-05-08,2026-05-13,2026-05-14,True,True,False
PLTR,2026-05-07,2026-05-08,2026-05-13,2026-05-14,True,True,False
QCOM,2026-05-07,2026-05-08,2026-05-13,2026-05-14,True,True,False
CRM,2026-05-08,2026-05-11,2026-05-14,2026-05-15,True,True,False
DIS,2026-05-08,2026-05-11,2026-05-14,2026-05-15,True,True,False
MRVL,2026-05-08,2026-05-11,2026-05-14,2026-05-15,True,True,False
ORCL,2026-05-08,2026-05-11,2026-05-14,2026-05-15,True,True,False
PLTR,2026-05-08,2026-05-11,2026-05-14,2026-05-15,True,True,False
QCOM,2026-05-08,2026-05-11,2026-05-14,2026-05-15,True,True,False
CRM,2026-05-11,2026-05-12,2026-05-15,2026-05-18,True,True,False
DIS,2026-05-11,2026-05-12,2026-05-15,2026-05-18,True,True,False
MRVL,2026-05-11,2026-05-12,2026-05-15,2026-05-18,True,True,False
ORCL,2026-05-11,2026-05-12,2026-05-15,2026-05-18,True,True,False
PLTR,2026-05-11,2026-05-12,2026-05-15,2026-05-18,True,True,False
QCOM,2026-05-11,2026-05-12,2026-05-15,2026-05-18,True,True,False
CRM,2026-05-12,2026-05-13,2026-05-18,2026-05-19,True,True,False
DIS,2026-05-12,2026-05-13,2026-05-18,2026-05-19,True,True,False
MRVL,2026-05-12,2026-05-13,2026-05-18,2026-05-19,True,True,False
ORCL,2026-05-12,2026-05-13,2026-05-18,2026-05-19,True,True,False
PLTR,2026-05-12,2026-05-13,2026-05-18,2026-05-19,True,True,False
QCOM,2026-05-12,2026-05-13,2026-05-18,2026-05-19,True,True,False
CRM,2026-05-13,2026-05-14,2026-05-19,2026-05-20,True,True,False
DIS,2026-05-13,2026-05-14,2026-05-19,2026-05-20,True,True,False
MRVL,2026-05-13,2026-05-14,2026-05-19,2026-05-20,True,True,False
ORCL,2026-05-13,2026-05-14,2026-05-19,2026-05-20,True,True,False
PLTR,2026-05-13,2026-05-14,2026-05-19,2026-05-20,True,True,False
QCOM,2026-05-13,2026-05-14,2026-05-19,2026-05-20,True,True,False
CRM,2026-05-14,2026-05-15,2026-05-20,2026-05-21,True,True,False
DIS,2026-05-14,2026-05-15,2026-05-20,2026-05-21,True,True,False
MRVL,2026-05-14,2026-05-15,2026-05-20,2026-05-21,True,True,False
ORCL,2026-05-14,2026-05-15,2026-05-20,2026-05-21,True,True,False
PLTR,2026-05-14,2026-05-15,2026-05-20,2026-05-21,True,True,False
QCOM,2026-05-14,2026-05-15,2026-05-20,2026-05-21,True,True,False
CRM,2026-05-15,2026-05-18,2026-05-21,2026-05-22,True,True,False
DIS,2026-05-15,2026-05-18,2026-05-21,2026-05-22,True,True,False
MRVL,2026-05-15,2026-05-18,2026-05-21,2026-05-22,True,True,False
MSTR,2026-05-15,2026-05-18,2026-05-21,2026-05-22,False,False,True
ORCL,2026-05-15,2026-05-18,2026-05-21,2026-05-22,True,True,False
PLTR,2026-05-15,2026-05-18,2026-05-21,2026-05-22,True,True,False
QCOM,2026-05-15,2026-05-18,2026-05-21,2026-05-22,True,True,False
CRM,2026-05-18,2026-05-19,2026-05-22,2026-05-26,True,True,False
DIS,2026-05-18,2026-05-19,2026-05-22,2026-05-26,True,True,False
MRVL,2026-05-18,2026-05-19,2026-05-22,2026-05-26,True,True,False
MSTR,2026-05-18,2026-05-19,2026-05-22,2026-05-26,False,False,True
ORCL,2026-05-18,2026-05-19,2026-05-22,2026-05-26,True,True,False
PLTR,2026-05-18,2026-05-19,2026-05-22,2026-05-26,True,True,False
QCOM,2026-05-18,2026-05-19,2026-05-22,2026-05-26,True,True,False
CRM,2026-05-19,2026-05-20,2026-05-26,2026-05-27,True,True,False
DIS,2026-05-19,2026-05-20,2026-05-26,2026-05-27,True,True,False
MRVL,2026-05-19,2026-05-20,2026-05-26,2026-05-27,True,True,False
MSTR,2026-05-19,2026-05-20,2026-05-26,2026-05-27,False,False,True
ORCL,2026-05-19,2026-05-20,2026-05-26,2026-05-27,True,True,False
PLTR,2026-05-19,2026-05-20,2026-05-26,2026-05-27,True,True,False
QCOM,2026-05-19,2026-05-20,2026-05-26,2026-05-27,True,True,False
CRM,2026-05-20,2026-05-21,2026-05-27,2026-05-28,True,True,False
DIS,2026-05-20,2026-05-21,2026-05-27,2026-05-28,True,True,False
MRVL,2026-05-20,2026-05-21,2026-05-27,2026-05-28,True,True,False
MSTR,2026-05-20,2026-05-21,2026-05-27,2026-05-28,False,False,True
ORCL,2026-05-20,2026-05-21,2026-05-27,2026-05-28,True,True,False
PLTR,2026-05-20,2026-05-21,2026-05-27,2026-05-28,True,True,False
QCOM,2026-05-20,2026-05-21,2026-05-27,2026-05-28,True,True,False
CRM,2026-05-21,2026-05-22,2026-05-28,2026-05-29,True,True,False
DIS,2026-05-21,2026-05-22,2026-05-28,2026-05-29,True,True,False
MRVL,2026-05-21,2026-05-22,2026-05-28,2026-05-29,True,True,False
MSTR,2026-05-21,2026-05-22,2026-05-28,2026-05-29,False,False,True
ORCL,2026-05-21,2026-05-22,2026-05-28,2026-05-29,True,True,False
PLTR,2026-05-21,2026-05-22,2026-05-28,2026-05-29,True,True,False
QCOM,2026-05-21,2026-05-22,2026-05-28,2026-05-29,True,True,False
CRM,2026-05-22,2026-05-26,2026-05-29,2026-06-01,True,True,False
DIS,2026-05-22,2026-05-26,2026-05-29,2026-06-01,True,True,False
MRVL,2026-05-22,2026-05-26,2026-05-29,2026-06-01,True,True,False
MSTR,2026-05-22,2026-05-26,2026-05-29,2026-06-01,False,False,True
ORCL,2026-05-22,2026-05-26,2026-05-29,2026-06-01,True,True,False
PLTR,2026-05-22,2026-05-26,2026-05-29,2026-06-01,True,True,False
QCOM,2026-05-22,2026-05-26,2026-05-29,2026-06-01,True,True,False
CRM,2026-05-26,2026-05-27,2026-06-01,2026-06-02,True,True,False
DIS,2026-05-26,2026-05-27,2026-06-01,2026-06-02,True,True,False
MRVL,2026-05-26,2026-05-27,2026-06-01,2026-06-02,True,True,False
MSTR,2026-05-26,2026-05-27,2026-06-01,2026-06-02,False,False,True
ORCL,2026-05-26,2026-05-27,2026-06-01,2026-06-02,True,True,False
PLTR,2026-05-26,2026-05-27,2026-06-01,2026-06-02,True,True,False
QCOM,2026-05-26,2026-05-27,2026-06-01,2026-06-02,True,True,False
CRM,2026-05-27,2026-05-28,2026-06-02,2026-06-03,True,True,False
DIS,2026-05-27,2026-05-28,2026-06-02,2026-06-03,True,True,False
MRVL,2026-05-27,2026-05-28,2026-06-02,2026-06-03,True,True,False
MSTR,2026-05-27,2026-05-28,2026-06-02,2026-06-03,False,False,True
ORCL,2026-05-27,2026-05-28,2026-06-02,2026-06-03,True,True,False
PLTR,2026-05-27,2026-05-28,2026-06-02,2026-06-03,True,True,False
QCOM,2026-05-27,2026-05-28,2026-06-02,2026-06-03,True,True,False
CRM,2026-05-28,2026-05-29,2026-06-03,2026-06-04,True,True,False
DIS,2026-05-28,2026-05-29,2026-06-03,2026-06-04,True,True,False
MRVL,2026-05-28,2026-05-29,2026-06-03,2026-06-04,True,True,False
MSTR,2026-05-28,2026-05-29,2026-06-03,2026-06-04,False,False,True
ORCL,2026-05-28,2026-05-29,2026-06-03,2026-06-04,True,True,False
PLTR,2026-05-28,2026-05-29,2026-06-03,2026-06-04,True,True,False
QCOM,2026-05-28,2026-05-29,2026-06-03,2026-06-04,True,True,False
CRM,2026-05-29,2026-06-01,2026-06-04,2026-06-05,True,True,False
DIS,2026-05-29,2026-06-01,2026-06-04,2026-06-05,True,True,False
MRVL,2026-05-29,2026-06-01,2026-06-04,2026-06-05,True,True,False
MSTR,2026-05-29,2026-06-01,2026-06-04,2026-06-05,False,False,True
ORCL,2026-05-29,2026-06-01,2026-06-04,2026-06-05,True,True,False
PLTR,2026-05-29,2026-06-01,2026-06-04,2026-06-05,True,True,False
QCOM,2026-05-29,2026-06-01,2026-06-04,2026-06-05,True,True,False
CRM,2026-06-01,2026-06-02,2026-06-05,2026-06-08,True,True,False
DIS,2026-06-01,2026-06-02,2026-06-05,2026-06-08,True,True,False
MRVL,2026-06-01,2026-06-02,2026-06-05,2026-06-08,True,True,False
MSTR,2026-06-01,2026-06-02,2026-06-05,2026-06-08,False,False,True
ORCL,2026-06-01,2026-06-02,2026-06-05,2026-06-08,True,True,False
PLTR,2026-06-01,2026-06-02,2026-06-05,2026-06-08,True,True,False
QCOM,2026-06-01,2026-06-02,2026-06-05,2026-06-08,True,True,False
CRM,2026-06-02,2026-06-03,2026-06-08,2026-06-09,True,True,False
DIS,2026-06-02,2026-06-03,2026-06-08,2026-06-09,True,True,False
MRVL,2026-06-02,2026-06-03,2026-06-08,2026-06-09,True,True,False
MSTR,2026-06-02,2026-06-03,2026-06-08,2026-06-09,False,False,True
ORCL,2026-06-02,2026-06-03,2026-06-08,2026-06-09,True,True,False
PLTR,2026-06-02,2026-06-03,2026-06-08,2026-06-09,True,True,False
QCOM,2026-06-02,2026-06-03,2026-06-08,2026-06-09,True,True,False
CRM,2026-06-03,2026-06-04,2026-06-09,2026-06-10,True,True,False
DIS,2026-06-03,2026-06-04,2026-06-09,2026-06-10,True,True,False
MRVL,2026-06-03,2026-06-04,2026-06-09,2026-06-10,True,True,False
MSTR,2026-06-03,2026-06-04,2026-06-09,2026-06-10,False,False,True
ORCL,2026-06-03,2026-06-04,2026-06-09,2026-06-10,True,True,False
PLTR,2026-06-03,2026-06-04,2026-06-09,2026-06-10,True,True,False
QCOM,2026-06-03,2026-06-04,2026-06-09,2026-06-10,True,True,False
CRM,2026-06-04,2026-06-05,2026-06-10,2026-06-11,True,True,False
DIS,2026-06-04,2026-06-05,2026-06-10,2026-06-11,True,True,False
MRVL,2026-06-04,2026-06-05,2026-06-10,2026-06-11,True,True,False
MSTR,2026-06-04,2026-06-05,2026-06-10,2026-06-11,False,False,True
ORCL,2026-06-04,2026-06-05,2026-06-10,2026-06-11,True,True,False
PLTR,2026-06-04,2026-06-05,2026-06-10,2026-06-11,True,True,False
QCOM,2026-06-04,2026-06-05,2026-06-10,2026-06-11,True,True,False
CRM,2026-06-05,2026-06-08,2026-06-11,2026-06-12,True,True,False
DIS,2026-06-05,2026-06-08,2026-06-11,2026-06-12,True,True,False
MRVL,2026-06-05,2026-06-08,2026-06-11,2026-06-12,True,True,False
MSTR,2026-06-05,2026-06-08,2026-06-11,2026-06-12,False,False,True
ORCL,2026-06-05,2026-06-08,2026-06-11,2026-06-12,True,True,False
QCOM,2026-06-05,2026-06-08,2026-06-11,2026-06-12,True,True,False
CRM,2026-06-08,2026-06-09,2026-06-12,2026-06-15,True,True,False
MRVL,2026-06-08,2026-06-09,2026-06-12,2026-06-15,True,True,False
MSTR,2026-06-08,2026-06-09,2026-06-12,2026-06-15,False,False,True
ORCL,2026-06-08,2026-06-09,2026-06-12,2026-06-15,True,True,False
QCOM,2026-06-08,2026-06-09,2026-06-12,2026-06-15,True,True,False
CRM,2026-06-09,2026-06-10,2026-06-15,2026-06-16,True,True,False
MSTR,2026-06-09,2026-06-10,2026-06-15,2026-06-16,False,False,True
MSTR,2026-06-10,2026-06-11,2026-06-16,2026-06-17,False,False,True
MSTR,2026-06-11,2026-06-12,2026-06-17,2026-06-18,False,False,True
MSTR,2026-06-12,2026-06-15,2026-06-18,2026-06-22,False,False,True
MSTR,2026-06-15,2026-06-16,2026-06-22,2026-06-23,False,False,True
MSTR,2026-06-16,2026-06-17,2026-06-23,2026-06-24,False,False,True
MSTR,2026-06-17,2026-06-18,2026-06-24,2026-06-25,False,False,True
MSTR,2026-06-18,2026-06-22,2026-06-25,2026-06-26,False,False,True
MSTR,2026-06-22,2026-06-23,2026-06-26,2026-06-29,False,False,True
MSTR,2026-06-23,2026-06-24,2026-06-29,2026-06-30,False,False,True
MSTR,2026-06-24,2026-06-25,2026-06-30,2026-07-01,False,False,True
MSTR,2026-06-25,2026-06-26,2026-07-01,2026-07-02,False,False,True
MSTR,2026-06-26,2026-06-29,2026-07-02,2026-07-06,False,False,True
MSTR,2026-06-29,2026-06-30,2026-07-06,2026-07-07,False,False,True
MSTR,2026-06-30,2026-07-01,2026-07-07,2026-07-08,False,False,True
MSTR,2026-07-01,2026-07-02,2026-07-08,2026-07-09,False,False,True
MSTR,2026-07-02,2026-07-06,2026-07-09,2026-07-10,False,False,True
MSTR,2026-07-06,2026-07-07,2026-07-10,2026-07-13,False,False,True
MSTR,2026-07-07,2026-07-08,2026-07-13,2026-07-14,False,False,True
MSTR,2026-07-08,2026-07-09,2026-07-14,2026-07-15,False,False,True
MSTR,2026-07-09,2026-07-10,2026-07-15,2026-07-16,False,False,True
MSTR,2026-07-10,2026-07-13,2026-07-16,2026-07-17,False,False,True
MSTR,2026-07-13,2026-07-14,2026-07-17,2026-07-20,False,False,True
MSTR,2026-07-14,2026-07-15,2026-07-20,2026-07-21,False,False,True
MSTR,2026-07-15,2026-07-16,2026-07-21,2026-07-22,False,False,True
MSTR,2026-07-16,2026-07-17,2026-07-22,2026-07-23,False,False,True
MSTR,2026-07-17,2026-07-20,2026-07-23,2026-07-24,False,False,True
MSTR,2026-07-20,2026-07-21,2026-07-24,2026-07-27,False,False,True
MSTR,2026-07-21,2026-07-22,2026-07-27,2026-07-28,False,False,True
MSTR,2026-07-22,2026-07-23,2026-07-28,2026-07-29,False,False,True
MSTR,2026-07-23,2026-07-24,2026-07-29,2026-07-30,False,False,True
MSTR,2026-07-24,2026-07-27,2026-07-30,2026-07-31,False,False,True
MSTR,2026-07-27,2026-07-28,2026-07-31,2026-08-03,False,False,True
MSTR,2026-07-28,2026-07-29,2026-08-03,2026-08-04,False,False,True
MSTR,2026-07-29,2026-07-30,2026-08-04,2026-08-05,False,False,True
MSTR,2026-07-30,2026-07-31,2026-08-05,2026-08-06,False,False,True
MSTR,2026-07-31,2026-08-03,2026-08-06,2026-08-07,False,False,True
MSTR,2026-08-03,2026-08-04,2026-08-07,2026-08-10,False,False,True
MSTR,2026-08-04,2026-08-05,2026-08-10,2026-08-11,False,False,True
MSTR,2026-08-05,2026-08-06,2026-08-11,2026-08-12,False,False,True
MSTR,2026-08-06,2026-08-07,2026-08-12,2026-08-13,False,False,True
MSTR,2026-08-07,2026-08-10,2026-08-13,2026-08-14,False,False,True
MSTR,2026-08-10,2026-08-11,2026-08-14,2026-08-17,False,False,True
ABNB,2026-08-11,2026-08-12,2026-08-17,2026-08-18,False,False,True
AFRM,2026-08-11,2026-08-12,2026-08-17,2026-08-18,False,False,True
APA,2026-08-11,2026-08-12,2026-08-17,2026-08-18,False,False,True
APO,2026-08-11,2026-08-12,2026-08-17,2026-08-18,False,False,True
APP,2026-08-11,2026-08-12,2026-08-17,2026-08-18,False,False,True
AXP,2026-08-11,2026-08-12,2026-08-17,2026-08-18,False,False,True
BAC,2026-08-11,2026-08-12,2026-08-17,2026-08-18,False,False,True
BTU,2026-08-11,2026-08-12,2026-08-17,2026-08-18,False,False,True
BX,2026-08-11,2026-08-12,2026-08-17,2026-08-18,False,False,True
C,2026-08-11,2026-08-12,2026-08-17,2026-08-18,False,False,True
CCL,2026-08-11,2026-08-12,2026-08-17,2026-08-18,False,False,True
CEG,2026-08-11,2026-08-12,2026-08-17,2026-08-18,False,False,True
CRWV,2026-08-11,2026-08-12,2026-08-17,2026-08-18,False,False,True
DAL,2026-08-11,2026-08-12,2026-08-17,2026-08-18,False,False,True
DIS,2026-08-11,2026-08-12,2026-08-17,2026-08-18,False,False,False
GE,2026-08-11,2026-08-12,2026-08-17,2026-08-18,False,False,True
GOOG,2026-08-11,2026-08-12,2026-08-17,2026-08-18,False,False,True
GS,2026-08-11,2026-08-12,2026-08-17,2026-08-18,False,False,True
HIMS,2026-08-11,2026-08-12,2026-08-17,2026-08-18,False,False,True
IONQ,2026-08-11,2026-08-12,2026-08-17,2026-08-18,False,False,True
JPM,2026-08-11,2026-08-12,2026-08-17,2026-08-18,False,False,True
MSTR,2026-08-11,2026-08-12,2026-08-17,2026-08-18,False,False,True
NVDA,2026-08-11,2026-08-12,2026-08-17,2026-08-18,False,False,True
PINS,2026-08-11,2026-08-12,2026-08-17,2026-08-18,False,False,True
PLTR,2026-08-11,2026-08-12,2026-08-17,2026-08-18,False,False,False
QCOM,2026-08-11,2026-08-12,2026-08-17,2026-08-18,False,False,False
RCL,2026-08-11,2026-08-12,2026-08-17,2026-08-18,False,False,True
RDDT,2026-08-11,2026-08-12,2026-08-17,2026-08-18,False,False,True
RGTI,2026-08-11,2026-08-12,2026-08-17,2026-08-18,False,False,True
RIVN,2026-08-11,2026-08-12,2026-08-17,2026-08-18,False,False,True
SCHW,2026-08-11,2026-08-12,2026-08-17,2026-08-18,False,False,True
SEDG,2026-08-11,2026-08-12,2026-08-17,2026-08-18,False,False,True
SHOP,2026-08-11,2026-08-12,2026-08-17,2026-08-18,False,False,True
UAL,2026-08-11,2026-08-12,2026-08-17,2026-08-18,False,False,True
UPS,2026-08-11,2026-08-12,2026-08-17,2026-08-18,False,False,True
UPST,2026-08-11,2026-08-12,2026-08-17,2026-08-18,False,False,True
VST,2026-08-11,2026-08-12,2026-08-17,2026-08-18,False,False,True
W,2026-08-11,2026-08-12,2026-08-17,2026-08-18,False,False,True
WFC,2026-08-11,2026-08-12,2026-08-17,2026-08-18,False,False,True
XYZ,2026-08-11,2026-08-12,2026-08-17,2026-08-18,False,False,True
ABNB,2026-08-12,2026-08-13,2026-08-18,2026-08-19,False,False,True
AFRM,2026-08-12,2026-08-13,2026-08-18,2026-08-19,False,False,True
APA,2026-08-12,2026-08-13,2026-08-18,2026-08-19,False,False,True
APO,2026-08-12,2026-08-13,2026-08-18,2026-08-19,False,False,True
APP,2026-08-12,2026-08-13,2026-08-18,2026-08-19,False,False,True
AXP,2026-08-12,2026-08-13,2026-08-18,2026-08-19,False,False,True
BAC,2026-08-12,2026-08-13,2026-08-18,2026-08-19,False,False,True
BTU,2026-08-12,2026-08-13,2026-08-18,2026-08-19,False,False,True
BX,2026-08-12,2026-08-13,2026-08-18,2026-08-19,False,False,True
CCL,2026-08-12,2026-08-13,2026-08-18,2026-08-19,False,False,True
CEG,2026-08-12,2026-08-13,2026-08-18,2026-08-19,False,False,True
CRWV,2026-08-12,2026-08-13,2026-08-18,2026-08-19,False,False,True
DAL,2026-08-12,2026-08-13,2026-08-18,2026-08-19,False,False,True
DASH,2026-08-12,2026-08-13,2026-08-18,2026-08-19,False,False,True
DIS,2026-08-12,2026-08-13,2026-08-18,2026-08-19,False,False,False
GE,2026-08-12,2026-08-13,2026-08-18,2026-08-19,False,False,True
GOOG,2026-08-12,2026-08-13,2026-08-18,2026-08-19,False,False,True
GOOGL,2026-08-12,2026-08-13,2026-08-18,2026-08-19,False,False,True
GS,2026-08-12,2026-08-13,2026-08-18,2026-08-19,False,False,True
HIMS,2026-08-12,2026-08-13,2026-08-18,2026-08-19,False,False,True
IONQ,2026-08-12,2026-08-13,2026-08-18,2026-08-19,False,False,True
JPM,2026-08-12,2026-08-13,2026-08-18,2026-08-19,False,False,True
KTOS,2026-08-12,2026-08-13,2026-08-18,2026-08-19,False,False,True
LRCX,2026-08-12,2026-08-13,2026-08-18,2026-08-19,False,False,True
MSTR,2026-08-12,2026-08-13,2026-08-18,2026-08-19,False,False,True
NVDA,2026-08-12,2026-08-13,2026-08-18,2026-08-19,False,False,True
PINS,2026-08-12,2026-08-13,2026-08-18,2026-08-19,False,False,True
QCOM,2026-08-12,2026-08-13,2026-08-18,2026-08-19,False,False,False
RCL,2026-08-12,2026-08-13,2026-08-18,2026-08-19,False,False,True
RDDT,2026-08-12,2026-08-13,2026-08-18,2026-08-19,False,False,True
RGTI,2026-08-12,2026-08-13,2026-08-18,2026-08-19,False,False,True
RH,2026-08-12,2026-08-13,2026-08-18,2026-08-19,False,False,True
RTX,2026-08-12,2026-08-13,2026-08-18,2026-08-19,False,False,True
SCHW,2026-08-12,2026-08-13,2026-08-18,2026-08-19,False,False,True
SEDG,2026-08-12,2026-08-13,2026-08-18,2026-08-19,False,False,True
SHOP,2026-08-12,2026-08-13,2026-08-18,2026-08-19,False,False,True
TOST,2026-08-12,2026-08-13,2026-08-18,2026-08-19,False,False,True
TTD,2026-08-12,2026-08-13,2026-08-18,2026-08-19,False,False,True
UAL,2026-08-12,2026-08-13,2026-08-18,2026-08-19,False,False,True
UPS,2026-08-12,2026-08-13,2026-08-18,2026-08-19,False,False,True
UPST,2026-08-12,2026-08-13,2026-08-18,2026-08-19,False,False,True
VST,2026-08-12,2026-08-13,2026-08-18,2026-08-19,False,False,True
W,2026-08-12,2026-08-13,2026-08-18,2026-08-19,False,False,True
WFC,2026-08-12,2026-08-13,2026-08-18,2026-08-19,False,False,True
XYZ,2026-08-12,2026-08-13,2026-08-18,2026-08-19,False,False,True
ABNB,2026-08-13,2026-08-14,2026-08-19,2026-08-20,False,False,True
AFRM,2026-08-13,2026-08-14,2026-08-19,2026-08-20,False,False,True
APO,2026-08-13,2026-08-14,2026-08-19,2026-08-20,False,False,True
APP,2026-08-13,2026-08-14,2026-08-19,2026-08-20,False,False,True
AXP,2026-08-13,2026-08-14,2026-08-19,2026-08-20,False,False,True
BAC,2026-08-13,2026-08-14,2026-08-19,2026-08-20,False,False,True
BX,2026-08-13,2026-08-14,2026-08-19,2026-08-20,False,False,True
CCL,2026-08-13,2026-08-14,2026-08-19,2026-08-20,False,False,True
CEG,2026-08-13,2026-08-14,2026-08-19,2026-08-20,False,False,True
CRWV,2026-08-13,2026-08-14,2026-08-19,2026-08-20,False,False,True
DAL,2026-08-13,2026-08-14,2026-08-19,2026-08-20,False,False,True
DASH,2026-08-13,2026-08-14,2026-08-19,2026-08-20,False,False,True
DIS,2026-08-13,2026-08-14,2026-08-19,2026-08-20,False,False,False
GE,2026-08-13,2026-08-14,2026-08-19,2026-08-20,False,False,True
GOOG,2026-08-13,2026-08-14,2026-08-19,2026-08-20,False,False,True
GOOGL,2026-08-13,2026-08-14,2026-08-19,2026-08-20,False,False,True
HIMS,2026-08-13,2026-08-14,2026-08-19,2026-08-20,False,False,True
IONQ,2026-08-13,2026-08-14,2026-08-19,2026-08-20,False,False,True
IREN,2026-08-13,2026-08-14,2026-08-19,2026-08-20,False,False,True
JPM,2026-08-13,2026-08-14,2026-08-19,2026-08-20,False,False,True
MSTR,2026-08-13,2026-08-14,2026-08-19,2026-08-20,False,False,True
NVDA,2026-08-13,2026-08-14,2026-08-19,2026-08-20,False,False,True
QCOM,2026-08-13,2026-08-14,2026-08-19,2026-08-20,False,False,False
RCL,2026-08-13,2026-08-14,2026-08-19,2026-08-20,False,False,True
RH,2026-08-13,2026-08-14,2026-08-19,2026-08-20,False,False,True
RTX,2026-08-13,2026-08-14,2026-08-19,2026-08-20,False,False,True
SCHW,2026-08-13,2026-08-14,2026-08-19,2026-08-20,False,False,True
SEDG,2026-08-13,2026-08-14,2026-08-19,2026-08-20,False,False,True
SHOP,2026-08-13,2026-08-14,2026-08-19,2026-08-20,False,False,True
TOST,2026-08-13,2026-08-14,2026-08-19,2026-08-20,False,False,True
UAL,2026-08-13,2026-08-14,2026-08-19,2026-08-20,False,False,True
UPS,2026-08-13,2026-08-14,2026-08-19,2026-08-20,False,False,True
UPST,2026-08-13,2026-08-14,2026-08-19,2026-08-20,False,False,True
VFC,2026-08-13,2026-08-14,2026-08-19,2026-08-20,False,False,True
VST,2026-08-13,2026-08-14,2026-08-19,2026-08-20,False,False,True
W,2026-08-13,2026-08-14,2026-08-19,2026-08-20,False,False,True
WFC,2026-08-13,2026-08-14,2026-08-19,2026-08-20,False,False,True
AAL,2026-08-14,2026-08-17,2026-08-20,2026-08-21,False,False,True
ABNB,2026-08-14,2026-08-17,2026-08-20,2026-08-21,False,False,True
APO,2026-08-14,2026-08-17,2026-08-20,2026-08-21,False,False,True
APP,2026-08-14,2026-08-17,2026-08-20,2026-08-21,False,False,True
AVGO,2026-08-14,2026-08-17,2026-08-20,2026-08-21,False,False,True
AXP,2026-08-14,2026-08-17,2026-08-20,2026-08-21,False,False,True
BAC,2026-08-14,2026-08-17,2026-08-20,2026-08-21,False,False,True
BX,2026-08-14,2026-08-17,2026-08-20,2026-08-21,False,False,True
CCL,2026-08-14,2026-08-17,2026-08-20,2026-08-21,False,False,True
CEG,2026-08-14,2026-08-17,2026-08-20,2026-08-21,False,False,True
CLF,2026-08-14,2026-08-17,2026-08-20,2026-08-21,False,False,True
CRWV,2026-08-14,2026-08-17,2026-08-20,2026-08-21,False,False,True
DAL,2026-08-14,2026-08-17,2026-08-20,2026-08-21,False,False,True
DIS,2026-08-14,2026-08-17,2026-08-20,2026-08-21,False,False,False
FDX,2026-08-14,2026-08-17,2026-08-20,2026-08-21,False,False,True
GE,2026-08-14,2026-08-17,2026-08-20,2026-08-21,False,False,True
GOOG,2026-08-14,2026-08-17,2026-08-20,2026-08-21,False,False,True
GOOGL,2026-08-14,2026-08-17,2026-08-20,2026-08-21,False,False,True
HIMS,2026-08-14,2026-08-17,2026-08-20,2026-08-21,False,False,True
IREN,2026-08-14,2026-08-17,2026-08-20,2026-08-21,False,False,True
JPM,2026-08-14,2026-08-17,2026-08-20,2026-08-21,False,False,True
MA,2026-08-14,2026-08-17,2026-08-20,2026-08-21,False,False,True
MSTR,2026-08-14,2026-08-17,2026-08-20,2026-08-21,False,False,True
NCLH,2026-08-14,2026-08-17,2026-08-20,2026-08-21,False,False,True
NVDA,2026-08-14,2026-08-17,2026-08-20,2026-08-21,False,False,True
ONON,2026-08-14,2026-08-17,2026-08-20,2026-08-21,False,False,True
RBLX,2026-08-14,2026-08-17,2026-08-20,2026-08-21,False,False,True
RCL,2026-08-14,2026-08-17,2026-08-20,2026-08-21,False,False,True
RH,2026-08-14,2026-08-17,2026-08-20,2026-08-21,False,False,True
RTX,2026-08-14,2026-08-17,2026-08-20,2026-08-21,False,False,True
SCHW,2026-08-14,2026-08-17,2026-08-20,2026-08-21,False,False,True
SEDG,2026-08-14,2026-08-17,2026-08-20,2026-08-21,False,False,True
SHOP,2026-08-14,2026-08-17,2026-08-20,2026-08-21,False,False,True
SLB,2026-08-14,2026-08-17,2026-08-20,2026-08-21,False,False,True
TOST,2026-08-14,2026-08-17,2026-08-20,2026-08-21,False,False,True
UAL,2026-08-14,2026-08-17,2026-08-20,2026-08-21,False,False,True
UPS,2026-08-14,2026-08-17,2026-08-20,2026-08-21,False,False,True
UPST,2026-08-14,2026-08-17,2026-08-20,2026-08-21,False,False,True
VFC,2026-08-14,2026-08-17,2026-08-20,2026-08-21,False,False,True
VST,2026-08-14,2026-08-17,2026-08-20,2026-08-21,False,False,True
W,2026-08-14,2026-08-17,2026-08-20,2026-08-21,False,False,True
WFC,2026-08-14,2026-08-17,2026-08-20,2026-08-21,False,False,True
MSTR,2026-08-17,2026-08-18,2026-08-21,2026-08-24,False,False,True
NVDA,2026-08-17,2026-08-18,2026-08-21,2026-08-24,False,False,True
RBLX,2026-08-17,2026-08-18,2026-08-21,2026-08-24,False,False,True
SCHW,2026-08-17,2026-08-18,2026-08-21,2026-08-24,False,False,True
MSTR,2026-08-18,2026-08-19,2026-08-24,2026-08-25,False,False,True
NVDA,2026-08-18,2026-08-19,2026-08-24,2026-08-25,False,False,True
MSTR,2026-08-19,2026-08-20,2026-08-25,2026-08-26,False,False,True
NVDA,2026-08-19,2026-08-20,2026-08-25,2026-08-26,False,False,True
MSTR,2026-08-20,2026-08-21,2026-08-26,2026-08-27,False,False,True
MSTR,2026-08-21,2026-08-24,2026-08-27,2026-08-28,False,False,True
MSTR,2026-08-24,2026-08-25,2026-08-28,2026-08-31,False,False,True
MSTR,2026-08-25,2026-08-26,2026-08-31,2026-09-01,False,False,True
MSTR,2026-08-26,2026-08-27,2026-09-01,2026-09-02,False,False,True
MSTR,2026-08-27,2026-08-28,2026-09-02,2026-09-03,False,False,True
