date,min5,open,high,low,close,lips,teeth,jaw,tr,atr,plus_di,minus_di,adx,adx14,adx_s3,er,rsi9,rsi9_sma14,known_min,in_window,lt_atr,tj_atr,fan_atr,ext_atr,slope2_atr,prior_body_top,break_bps,solid_green,stack_up,gaps_expanding,common_ok,thrust_raw,staircase_raw,thrust_ok,staircase_ok,thrust_entry,staircase_entry
2026-08-12,570,7765.46,7766.01,7750.31,7753.77,7736.723307622269,7733.288646143934,7730.694588500268,38.600000000000364,6.343538482260462,53.12036207358454,17.359210206521244,28.37705993348725,28.37705993348725,0.5809106498858725,0.6909892262487949,81.89241432216326,52.88355395487558,575,False,0.5414425226457235,0.4089291254274303,0.9503716480731538,2.6872529307423383,,,,False,True,False,False,False,False,False,False,False,False
2026-08-12,575,7752.85,7758.55,7751.41,7752.4400000000005,7741.962205081513,7737.118916915148,7732.765580071671,7.140000000000327,6.400428590670453,48.88761667634365,15.97599077364904,29.974394238042198,29.974394238042198,1.086137450608663,0.6253065228053145,78.95909650180751,55.629358499034424,580,False,0.7567131009672541,0.6801633330964809,1.436876434063735,1.6370458274872608,,7765.46,-16.79471237442602,False,True,True,False,False,False,False,False,False,False
2026-08-12,580,7752.400000000001,7754.63,7748.37,7751.7300000000005,7745.21813672101,7740.041133532119,7734.571715302941,6.260000000000218,6.39039797705115,45.46689879960618,18.256089072126457,30.8834886966645,30.8834886966645,1.408878312437783,0.5741968383478024,77.29632144129954,58.20562618488248,585,False,0.8101221876137126,0.8558806898755396,1.6660028774892521,1.0190074706420333,1.3293114340056096,7765.46,-17.712175217660526,False,True,True,False,False,False,False,False,False,False
2026-08-12,585,7751.91,7759.22,7747.6,7758.67,7749.70209114734,7743.7669068256955,7736.866790035994,11.61999999999989,6.763940978690346,44.734809070621544,16.015893012225487,32.05419590146321,32.05419590146321,1.22571198932532,0.6460600783631071,81.56527666951104,61.17588241889125,590,False,0.8774742920352542,1.0201326137291835,1.8976069057644378,1.3258407902897453,1.1442864581774357,7765.46,-8.751499934911479,True,True,True,True,False,False,False,False,False,False
2026-08-12,590,7758.75,7758.95,7749.360000000001,7749.360000000001,7749.588060764894,7744.885525460557,7738.056619556376,9.589999999999236,6.965802337355267,40.335697133573994,14.440929184363133,33.14128116306201,33.14128116306201,1.0556289750066046,0.34803738317759686,63.5356872895941,62.346711470888806,595,False,0.6750888234538562,0.9803473560482316,1.6554361795020878,-0.032740056902072115,0.6273396562589963,7758.67,-12.013895341033956,False,True,False,False,False,False,False,False,False,False
2026-08-12,595,7749.4800000000005,7751.31,7744.03,7749.900000000001,7749.69204050993,7745.8884203684465,7739.184560551007,7.280000000000655,6.988245027544224,37.334290853915945,18.814294067120407,33.1300401201997,33.1300401201997,0.7488504745117339,0.3227184466019687,64.05415983284057,63.27237494283339,600,True,0.5442883193836804,0.959305203383133,1.5035935227668134,0.02975847144038782,-0.001438220521821543,7758.75,-11.41950218712429,False,True,False,False,False,False,False,False,False,False
2026-08-12,600,7749.64,7751.110000000001,7742.54,7742.54,7747.30802700662,7745.218736294758,7739.504126212816,8.570000000000618,7.101227525576824,34.115985372165625,18.691191606402217,32.85001255143338,32.85001255143338,0.26527221665672346,0.22078853046594749,52.58880262874505,62.957295351956425,605,True,0.29421543026712044,0.8047355279575608,1.0989509582246813,-0.6714370141566455,-0.32107600412207976,7758.75,-20.93628189198898,False,True,False,False,False,False,False,False,False,False
2026-08-12,605,7742.31,7748.25,7741.72,7745.92,7746.845351337747,7745.358989035807,7740.1151618115955,6.529999999999745,7.060425559464175,31.862201915913978,18.285980487322323,32.43731239442826,32.43731239442826,-0.23465625621125005,0.3326214628937486,56.6020918215907,62.98178275514876,610,True,0.21052021431592916,0.7427069629227223,0.9532271772386515,-0.1310616945046177,-0.4031894604946188,7758.75,-16.563558621829205,True,True,False,False,False,False,False,False,False,False
2026-08-12,610,7747.14,7749.89,7744.110000000001,7746.4400000000005,7746.710234225166,7745.575191228646,7740.7175273533485,5.779999999999745,6.968966590931002,31.655535415929993,17.202678169850824,32.23330602832982,32.23330602832982,-0.298911363956627,0.33616569304302457,57.22872145726746,62.7255745918253,615,True,0.16287106297749576,0.6970422101921037,0.8599132731695995,-0.03877680020976244,-0.08577925775001305,7749.900000000001,-4.4665678685951695,False,True,False,False,False,False,False,False,False,False
2026-08-12,615,7746.39,7752.8,7745.33,7747.66,7747.026822816778,7745.992152982917,7741.378715224459,7.470000000000255,7.004754691578806,32.21161841999641,15.892302864720286,32.354150259826284,32.354150259826284,-0.16528743053569883,0.35113577249869904,58.798938018913724,62.174663727119096,620,True,0.14770964572173825,0.6586151780596767,0.8063248237814149,0.09039248497640792,0.025906899958809477,7749.64,-2.5556103391223584,False,True,False,False,False,False,False,False,False,False
2026-08-12,620,7747.55,7752.92,7745.0,7752.66,7748.904548544519,7747.325722386334,7742.45312329832,7.920000000000073,7.0701293564660395,29.634215406923676,14.954079591582929,32.39483548149678,32.39483548149678,-0.014158970977161308,0.03057009088407044,64.7633147162334,62.83171636210958,625,True,0.22330937364544592,0.6891810379052844,0.9124904115507303,0.5311715339474985,0.3103640978430149,7747.66,6.449399302948923,True,True,True,True,False,False,False,False,False,False
2026-08-12,625,7752.6,7755.71,7749.24,7750.47,7749.426365696346,7747.954577909068,7743.216635365146,6.470000000000255,7.02726297386134,30.521236495278217,13.970635383773715,32.73800127839592,32.73800127839592,0.16823175002203308,0.05299973096584071,60.45121939109273,63.78882820075207,630,True,0.209439691207315,0.6742230312917734,0.8836627224990885,0.14851220276462987,0.3414619445000488,7752.66,-2.825635090516575,False,True,False,False,False,False,False,False,False,False
2026-08-12,630,7750.58,7752.1,7737.95,7743.17,7747.340910464231,7746.997662327254,7743.212193901799,14.150000000000546,7.5360299042998555,26.427801339740697,22.797900830532992,30.926286499598973,30.926286499598973,-0.4759545867424369,0.19561243144425355,48.37320784643861,63.83586227038394,635,True,0.04554760813522661,0.5023160037217217,0.5478636118569483,-0.553462568115695,-0.20748830619632117,7752.66,-12.255962351336443,False,True,False,False,False,False,False,False,False,False
2026-08-12,635,7743.2300000000005,7750.49,7741.84,7749.17,7747.950606976154,7747.432129861803,7743.7796040063895,8.649999999999636,7.61559919684984,24.283701393603568,20.94829641908766,29.24397991928752,29.24397991928752,-1.0502851874030863,0.22185894441849754,56.42368761680476,64.46663853959303,640,True,0.0680809350582493,0.4796110931001586,0.5476920281584079,0.16011780456497074,-0.19378103837220093,7752.66,-4.503708139064934,True,True,False,False,False,False,False,False,False,False
2026-08-12,640,7749.6,7753.28,7749.56,7752.6,7749.500404650769,7748.465703889443,7744.619641720066,4.109999999999673,7.365199254217686,26.021545826273854,20.113312721617813,28.069869944504276,28.069869944504276,-1.5560437779638814,0.08770979967514177,60.3954819095109,62.931143367260724,645,True,0.14048510102884543,0.5221939063188531,0.6626790073476986,0.42084338009675837,0.29320241204636616,7752.6,0.0,True,True,True,True,False,False,False,False,False,False
2026-08-12,645,7752.75,7753.9400000000005,7746.96,7748.78,7749.26026976718,7748.528563111555,7745.0158663181555,6.980000000000473,7.337685021773599,24.253467851034287,21.2776452718919,26.531722105076465,26.531722105076465,-1.4648547981741693,0.027846842367000694,54.2053463369735,61.16301835548687,650,True,0.09971900585184038,0.4787200299516594,0.5784390358034998,-0.06545249159035207,0.17848446575998603,7752.6,-4.929808305308215,False,True,False,False,False,False,False,False,False,False
2026-08-12,650,7749.0,7749.18,7742.81,7743.33,7747.28351317812,7747.488850489244,7744.855307621188,6.369999999999891,7.268564663075478,22.735241298234918,24.02392730547537,24.833456747665902,24.833456747665902,-1.4701743905405387,0.02062124771599988,46.54793781781527,58.9667052395237,655,True,-0.028250049444704276,0.36231952113384347,0.3340694716891392,-0.543919379049393,-0.30499714529759103,7752.75,-12.165308723766225,False,False,False,False,False,False,False,False,False,False
2026-08-12,655,7743.27,7745.54,7740.96,7744.93,7746.499008785414,7746.977080391396,7744.862421181075,4.579999999999927,7.076524329998652,21.684206715536305,24.780658893761167,23.535643563597297,23.535643563597297,-1.5114087936356597,0.02710101286613096,48.93067328087984,56.635662140335754,660,True,-0.06755740299734313,0.29882737792011643,0.23126997492277332,-0.22172025591183722,-0.39020016790737516,7752.75,-10.096927925752341,False,False,False,False,False,False,False,False,False,False
2026-08-12,660,7744.79,7745.52,7740.08,7741.18,7744.726005856944,7745.817664313117,7744.511714401925,5.440000000000509,6.959629734998785,20.473529782750255,24.300268144701228,22.465013699258613,22.465013699258613,-1.3555694686059507,0.13229376257545747,43.784381664322794,55.22485459567353,665,True,-0.1568558239074063,0.18764646409634847,0.030790640188942175,-0.5095107055927247,-0.367477497878286,7752.75,-14.94604181791369,False,False,False,False,False,False,False,False,False,False
2026-08-12,665,7741.28,7744.51,7740.0,7743.77,7744.407337237963,7745.408131450495,7744.441074935075,4.510000000000218,6.784656182498888,19.50142431379108,23.23068863428141,21.483732493046155,21.483732493046155,-1.1165747515399158,0.09457816678821594,48.03131954709813,54.080366003834776,670,True,-0.14750846404180215,0.14253581749857566,-0.00497264654322649,-0.09393803028754039,-0.3082944059636897,7749.0,-6.753816293613528,True,False,False,False,False,False,False,False,False,False
2026-08-12,670,7743.6,7746.150000000001,7740.66,7744.28,7744.364891491975,7745.182505160396,7744.425734465069,5.490000000000691,6.6921807408918745,20.1091397391488,21.869436007199752,20.24870307274262,20.24870307274262,-1.0956468302848918,0.22871179039301404,48.88673186850608,53.81593237810342,675,True,-0.12217447496980009,0.11308282376529233,-0.009091651204507757,-0.012685176217147372,-0.05396064137391258,7744.93,-0.8393291564878151,False,False,False,False,False,False,False,False,False,False
2026-08-12,675,7744.2,7745.47,7742.47,7743.360000000001,7744.029927661317,7744.818004128318,7744.324235944586,3.0,6.428453545113884,19.438822789289215,21.14044143907528,19.101890039603624,19.101890039603624,-1.1210412198849962,0.20101781170482597,47.306485960652864,53.151960530893575,680,True,-0.12259192066493042,0.07680979263000923,-0.04578212803492121,-0.10421288053414453,-0.05870923294337132,7744.79,-1.84674353252255,False,False,False,False,False,False,False,False,False,False
2026-08-12,680,7743.56,7744.360000000001,7740.08,7741.860000000001,7743.306618440878,7744.226403302655,7744.089546807007,4.280000000000655,6.274992577605796,18.491773728966272,22.83104003118484,18.487533427064903,18.487533427064903,-0.9987330219937505,0.04430165708486654,44.658626184449616,52.25409658283515,685,True,-0.14657943422266204,0.02180982590110634,-0.1247696083215557,-0.23053707601825618,-0.16864929129536224,7744.28,-3.1258638105044043,False,False,False,False,False,False,False,False,False,False
2026-08-12,685,7741.47,7745.66,7740.9800000000005,7745.66,7744.091078960586,7744.5131226421245,7744.239113777768,4.6799999999993815,6.161064536348196,18.995611739102184,21.592278372435352,17.623969529963553,17.623969529963553,-0.8749111809263562,0.1282426013883942,52.27223034280113,51.78790317739855,690,True,-0.06850174658106739,0.044474272707296265,-0.024027473873771122,0.2546509665915371,0.009925443713231901,7744.28,1.7816428813039937,True,False,True,False,False,False,False,False,False,False
2026-08-12,690,7745.81,7746.74,7739.5,7741.55,7743.244052640391,7743.9204981137,7743.983007703695,7.239999999999782,6.238131355180452,17.420870142842343,21.496919053363165,17.11322065271871,17.11322065271871,-0.662889795628305,0.3939393939394234,44.77668784830712,50.36028697254666,695,True,-0.10843719614008007,-0.010020563280232516,-0.11845775942031259,-0.2715641181527357,-0.010029574070355783,7745.66,-5.309014344672155,False,False,False,False,False,False,False,False,False,False
2026-08-12,695,7741.53,7744.45,7739.58,7739.7,7742.062701760261,7743.07639849096,7743.575102208105,4.869999999999891,6.140407686953269,16.433969203536613,20.27910792039516,16.638953838134213,16.638953838134213,-0.61619319631023,0.34815950920247646,41.7454265693035,49.02415891384744,700,True,-0.16508622592808855,-0.08121671109958634,-0.2463029370276749,-0.3847792981696151,-0.33033265928493655,7745.81,-7.8943628306014215,False,False,False,False,False,False,False,False,False,False
2026-08-12,700,7739.64,7742.04,7738.08,7740.8,7741.641801173508,7742.621118792768,7743.310806759714,3.9600000000000364,5.984664280742324,15.657239656705944,21.110933224990784,16.509931974818784,16.509931974818784,-0.371345851714923,0.11642890013805347,44.269143288512645,48.73101144542415,705,True,-0.16363785390801952,-0.11524254905409076,-0.2788804029621103,-0.14065971523520523,-0.267726206804745,7745.81,-6.472199255891145,False,False,False,False,False,False,False,False,False,False
2026-08-12,705,7740.79,7743.85,7740.25,7743.85,7742.377867449006,7742.866895034215,7743.362158496884,3.600000000000364,5.814331117832184,17.188357150337307,20.17728744933521,15.902018276777325,15.902018276777325,-0.40373412531379493,0.04659188955996542,50.90379566382759,48.33673344878292,710,True,-0.08410728169739515,-0.08517978295902404,-0.16928706465641918,0.25319035348357866,0.05420497772792164,7745.81,-2.531040761378431,True,False,True,False,False,False,False,False,False,False
2026-08-12,710,7744.05,7744.4800000000005,7741.06,7742.49,7742.415244966004,7742.791516027372,7743.279095782895,3.4200000000000728,5.643307466558462,17.24171768366232,19.303859392097873,15.16920678542209,15.16920678542209,-0.4899156842373748,0.06301106301104138,48.035173131232966,47.45385425033451,715,True,-0.06667562658919055,-0.08639964389884551,-0.15307527048803604,0.013246670403594406,0.13705505097494128,7743.85,-1.7565408544287202,False,False,True,False,False,False,False,False,False,False
2026-08-12,715,7742.31,7743.2,7741.24,7742.610000000001,7742.48016331067,7742.755212821899,7743.215372375,1.9600000000000364,5.380214076090003,16.793066302588095,18.801548466050523,14.4887389720208,14.4887389720208,-0.6737310009326615,0.06331877729256948,48.32424440369589,47.033775540814666,720,True,-0.05112241024961833,-0.08552811218910372,-0.13665052243872206,0.024132253381452123,0.01901334411927395,7744.05,-1.859837961617077,False,False,True,False,False,False,False,False,False,False
2026-08-12,720,7742.5,7746.52,7742.41,7744.57,7743.176775540447,7743.1181702575195,7743.344384529762,4.110000000000582,5.289484499226473,20.34432375546293,17.758044615468986,13.938665637459353,13.938665637459353,-0.6544508797726571,0.014668689934242314,53.116528529087894,47.50296059161986,725,True,0.011079583073959611,-0.04276678989703315,-0.031687206823073535,0.2633951304245863,0.14397066000559247,7744.05,0.671438181848091,True,False,True,False,False,False,False,False,False,False
2026-08-12,725,7744.53,7746.110000000001,7743.16,7746.110000000001,7744.154517026966,7743.716536206016,7743.607776479308,2.9500000000007276,5.122378463567491,19.50743915605986,17.02754925800064,13.427883255366583,13.427883255366583,-0.5804411766851688,0.134870034330546,56.668554042618524,48.05566636031548,730,True,0.08550340902468197,0.021232270805715693,0.10673567983039767,0.38175292726674703,0.3268703646566404,7744.57,1.9880946694545687,True,True,True,True,False,False,False,False,False,False
2026-08-12,730,7746.1,7748.4400000000005,7744.31,7747.82,7745.376344684644,7744.537228964813,7744.008940624136,4.130000000000109,5.051494287598393,21.662873166655427,16.033164874860333,13.535497503666612,13.535497503666612,-0.31774715611806253,0.28932038834946705,60.4149637821876,49.2435650830201,735,True,0.1661123762707662,0.10458060736089592,0.2706929836316621,0.48374900103416224,0.43542940345337205,7746.110000000001,2.2070724410209928,False,True,True,True,False,False,False,False,False,False
2026-08-12,735,7747.74,7748.4400000000005,7746.47,7746.72,7745.824229789763,7744.973783171851,7744.26713675517,1.9700000000002547,4.831387552769955,21.031941433096236,15.566198538903251,13.635425019945211,13.635425019945211,-0.10108020583804726,0.05921787709499262,56.85743476420782,49.874001884242226,740,True,0.1760253361220013,0.14626158820065233,0.3222869243226536,0.1854064076734008,0.3455969417813225,7747.82,-1.4199558006478281,False,True,True,False,False,False,False,False,False,False
2026-08-12,740,7746.81,7748.83,7746.03,7747.84,7746.496153193176,7745.5470265374815,7744.607409445154,2.800000000000182,4.686288441857828,20.13434660110763,15.572518558562175,13.57402130510101,13.57402130510101,0.048712683244808964,0.4218645204560457,59.58352498518217,50.63805853543338,745,True,0.20253270097860238,0.2005034696402196,0.40303617061882197,0.28676143679529414,0.23895424330468001,7747.82,0.025813646126451446,False,True,True,True,False,False,False,False,False,False
2026-08-12,745,7747.9400000000005,7749.12,7746.84,7747.32,7746.770768795451,7745.901621229986,7744.865751402758,2.2799999999997453,4.514410696010822,19.866849097969457,15.01074072080851,13.598969151286,13.598969151286,0.021157215873129093,0.5611192930780133,57.67983547535062,51.379012072197504,750,True,0.1925273582735956,0.22945848239791164,0.42198584067150724,0.12166177194163798,0.20967055711700489,7747.84,-0.6711998471735214,False,True,False,False,False,False,False,False,False,False
2026-08-12,750,7747.3,7748.110000000001,7744.6900000000005,7744.71,7746.083845863634,7745.663296983989,7744.850917935829,3.4200000000000728,4.436238503438626,18.77286205945873,17.645908629192707,12.848644938833854,12.848644938833854,-0.2622600270371193,0.2591119946984637,48.864255384542034,51.679414157918394,755,True,0.09479852792386216,0.18312339328256236,0.2779219212064245,-0.30968710599520666,-0.09294074906517645,7747.9400000000005,-4.17058869860908,False,True,False,False,False,False,False,False,False,False
2026-08-12,755,7744.72,7750.5,7744.72,7750.5,7747.555897242423,7746.630637587192,7745.388925751464,5.789999999999964,4.532935753193008,20.826169165027903,16.03594898326667,12.859096532630817,12.859096532630817,-0.2383082574900642,0.3729669097027293,62.98353180968728,52.44450711983883,760,True,0.20411929610511304,0.2739310467511743,0.47805034285628734,0.6494913931888178,0.1732052889607967,7747.9400000000005,3.3030127088568357,True,True,True,True,False,False,False,False,False,False
2026-08-12,760,7750.52,7751.37,7749.56,7749.92,7748.343931494949,7747.288510069754,7745.820456632277,1.8099999999994907,4.338440342250614,21.63792622058833,15.558076993565686,13.108120843113083,13.108120843113083,-0.1636161027243054,0.4357771260997424,61.0828513471594,53.609233084042565,765,True,0.24327208442093085,0.3383827646955487,0.5816548491164796,0.36327997637816895,0.5209442686821133,7750.5,-0.7483948221400056,False,True,True,False,False,False,False,False,False,False
2026-08-12,765,7750.05,7751.360000000001,7748.650000000001,7751.16,7749.282620996633,7748.0628080558035,7746.32898457206,2.7100000000000364,4.222123174947002,20.645893511856407,16.38429656745908,12.993857875062067,12.993857875062067,0.04840431207607132,0.4705558613098566,63.71638495560196,55.17858725449246,770,True,0.2889098423437419,0.410652037352084,0.699561879695826,0.4446528264514878,0.40897048301575073,7750.52,0.8256828655316338,False,True,True,True,False,False,False,False,False,False
2026-08-12,770,7751.110000000001,7754.860000000001,7751.06,7753.46,7750.675080664423,7749.142246444643,7747.00812889853,3.800000000000182,4.1919715195936575,25.27286068650226,15.323419557588851,13.816315031820675,13.816315031820675,0.31907283306328615,0.4802809292274802,68.20593287988028,56.88835793959015,775,True,0.36565950236430184,0.5090963848723482,0.8747558872366501,0.6643459581153928,0.5560985227542626,7751.16,2.9664175735738394,True,True,True,True,False,False,False,False,False,False
2026-08-12,775,7753.45,7753.6,7751.41,7752.34,7751.230053776282,7749.781797155715,7747.5159261462895,2.1900000000005093,4.048973553908433,24.296465696397274,14.731412571403178,14.580025248810811,14.580025248810811,0.49063480189924275,0.3443891652846954,63.87608106072349,57.81494975365414,780,True,0.35768488020106254,0.5596161543802595,0.917301034581322,0.2741302725098261,0.4809694984964695,7753.46,-1.4447250765573887,False,True,False,False,False,False,False,False,False,False
2026-08-12,780,7752.17,7753.96,7751.68,7753.4400000000005,7751.966702517522,7750.513437724572,7748.0801236561665,2.2799999999997453,3.9226183000578128,23.943277007761736,14.119801759922264,15.3820526974201,15.3820526974201,0.7960649407860109,0.32151029748289134,66.24380748189034,59.11556649298681,785,True,0.3704833562135209,0.6203290461296844,0.9908124023432053,0.3755903250786821,0.3292754365317734,7753.46,-0.025795001959810174,True,True,True,True,False,False,False,False,False,False
2026-08-12,785,7753.39,7755.62,7752.95,7753.2300000000005,7752.387801678348,7751.056750179659,7748.570588069865,2.6700000000000728,3.833145564339403,25.845322667800122,13.417285285692033,16.544307624530397,16.544307624530397,0.9093308642365739,0.39240506329114894,65.32422631537058,60.32985091524928,790,True,0.3472478350607836,0.6485957989497592,0.9958436340105428,0.2197146723274308,0.30203598653725344,7753.46,-0.29665055725105977,False,True,False,False,False,False,False,False,False,False
2026-08-12,790,7753.2,7753.7300000000005,7751.12,7753.33,7752.701867785566,7751.511400143728,7749.023865396544,2.610000000000582,3.7457780240294873,24.558992684507015,16.239145837854622,16.819193643720826,16.819193643720826,0.746389464970005,0.3526011560693567,65.58019475332016,61.22011278840874,795,True,0.31781585406318485,0.6640902720945204,0.9819061261577053,0.1676907201667038,0.19626503848531696,7753.45,-0.15477220755454865,False,True,False,False,False,False,False,False,False,False
2026-08-12,795,7753.32,7753.360000000001,7749.12,7750.39,7751.931245190378,7751.287120114983,7749.1539734540165,4.240000000000691,3.7810795937417163,22.591864997432847,18.716632159572146,16.287908401190553,16.287908401190553,0.3019519012568175,0.170650361311885,52.71076198007594,60.937413355369976,800,True,0.1703548046069234,0.5641633845785734,0.7345181891854967,-0.40762040368803626,-0.12074765332262441,7753.4400000000005,-3.9352858372290704,False,True,False,False,False,False,False,False,False,False
2026-08-12,800,7750.51,7751.610000000001,7749.610000000001,7750.35,7751.404163460253,7751.0996960919865,7749.26788074411,2.0,3.6538596227601654,21.708577291128044,17.984856757591935,15.794572104555296,15.794572104555296,-0.2499118399917002,0.3657587548638543,52.55291049935786,60.375838120882136,805,True,0.08332760415030988,0.5013370892702643,0.5846646934205741,-0.2885068308825683,-0.35515987456924636,7753.39,-3.9224035043578205,False,True,False,False,False,False,False,False,False,False
2026-08-12,805,7750.42,7752.66,7750.26,7751.08,7751.296108973502,7751.095756873589,7749.440463530385,2.399999999999636,3.5642982211344134,22.768682078327352,17.11985666219595,15.677925888219571,15.677925888219571,-0.3804225851670851,0.055984555984555644,55.301188925378156,60.264677703822876,810,True,0.056210812755340386,0.46440932843076227,0.5206201411861027,-0.060631563380533,-0.17819390451397665,7753.33,-2.902821284259742,False,True,False,False,False,False,False,False,False,False
2026-08-12,810,7751.21,7753.03,7750.42,7752.2300000000005,7751.607405982335,7751.322605498872,7749.706133670349,2.6099999999996726,3.496134062481932,22.310497208500074,16.20695390630765,15.68994379188698,15.68994379188698,-0.19932153643452408,0.2113449222324365,59.462547217549904,60.25603643470629,815,True,0.08146154534503305,0.46235979502888885,0.5438213403739219,0.17808070472661497,0.05813350359282508,7753.32,-1.406047034207236,False,True,False,False,False,False,False,False,False,False
2026-08-12,815,7752.27,7752.84,7750.67,7751.52,7751.578270654891,7751.3620843990975,7749.878882844601,2.1700000000000728,3.4014102008760854,21.293822693198468,15.468413798786733,15.70110327386386,15.70110327386386,-0.03115627689714569,0.034615384615441794,55.85107947054528,60.12541100579163,820,True,0.06355783131876774,0.43605489103142253,0.49961272235019033,-0.017131322436583767,0.08295432327341624,7752.2300000000005,-0.9159493879910473,False,True,False,False,False,False,False,False,False,False
2026-08-12,820,7751.62,7752.64,7750.650000000001,7751.6900000000005,7751.615513769928,7751.427667519279,7750.051370192735,1.9899999999997817,3.300595186527778,20.3767866357447,14.84553602257077,15.701297419642936,15.701297419642936,0.007790510474454966,0.21402660217649677,56.56172961839006,60.67523059392362,825,True,0.056912841482655865,0.416984588767981,0.4738974302506369,0.022567514603612854,0.0024564622847589044,7752.27,-0.7482239356836087,False,True,False,False,False,False,False,False,False,False
2026-08-12,825,7751.52,7752.24,7750.33,7750.34,7751.190342513286,7751.210134015423,7750.078858745807,1.9099999999998545,3.201266958918641,19.508387990241452,14.92686601391772,15.53011494650921,15.53011494650921,-0.053276281792590176,0.23529411764705882,49.45051265273105,59.708586368426744,830,True,-0.006182396654567317,0.35338360846917094,0.34720121181460367,-0.26562686717418704,-0.12117956627266957,7752.27,-2.490213332576753,False,False,False,False,False,False,False,False,False,False
2026-08-12,830,7750.38,7752.64,7749.95,7750.57,7750.9835616755245,7751.082107212339,7750.1256341033495,2.6900000000005093,3.1647478904244886,19.226768543634982,14.020604035584082,15.539312092131555,15.539312092131555,-0.05393039391076826,0.37614678899097004,50.639954968884716,58.962665198549985,835,True,-0.031138510941959668,0.3022272680498392,0.2710887571078795,-0.13067760524497574,-0.1996848141728899,7752.27,-2.1933870670166553,False,False,False,False,False,False,False,False,False,False
2026-08-12,835,7750.47,7751.75,7749.59,7751.28,7751.08237445035,7751.121685769872,7750.2355737125545,2.1599999999998545,3.092980183965586,18.267688452033067,14.15259636621573,15.336000854292658,15.336000854292658,-0.12176552178342585,0.23985239852409834,54.36877793396583,58.294978982718824,840,True,-0.012709851723624769,0.28649134640794843,0.27378149468432367,0.06389486446589611,-0.03490745381949094,7751.6900000000005,-0.5289448968438296,False,False,False,False,False,False,False,False,False,False
2026-08-12,840,7751.21,7752.02,7750.28,7751.72,7751.294916300234,7751.241348615898,7750.376947644692,1.7400000000006912,2.996338742253808,18.153602125872546,13.565558083938555,15.273756673761135,15.273756673761135,-0.08545275758269177,0.1900826446280548,56.65182011034803,57.469685213466526,845,True,0.017877713083999464,0.2884857306070216,0.30636344369102103,0.14186770466628768,0.10391169073072444,7751.52,0.25800725516378054,False,True,False,False,False,False,False,False,False,False
2026-08-12,845,7751.6900000000005,7752.14,7750.91,7751.32,7751.30327753349,7751.257078892719,7750.466762154721,1.230000000000473,2.8701716892357125,17.89655103691852,13.15031073863592,15.274727136659621,15.274727136659621,-0.08819498515731124,0.1568296795951422,53.894083631419896,56.75668539708771,850,True,0.016096124473709006,0.2753552134045763,0.2914513378782853,0.005826294842521673,0.07696511117034427,7751.72,-0.5160411388002891,False,True,False,False,False,False,False,False,False,False
2026-08-12,850,7751.33,7754.55,7751.33,7753.83,7752.14551835566,7751.771663114176,7750.787070520938,3.230000000000473,2.8958737114331954,22.415151303701606,12.10262535891534,16.31767416139997,16.31767416139997,0.3272244357024376,0.4142857142855905,65.6858404744703,56.71683061084342,855,True,0.129099290486422,0.33999845689073127,0.46909774737715326,0.5816833923694392,0.29372898827310434,7751.72,2.7212358279710447,True,True,True,True,False,False,False,False,False,False
2026-08-12,855,7753.81,7754.0,7752.22,7753.78,7752.6903455704405,7752.173330491341,7751.072111423706,1.7799999999997453,2.8161684463308063,21.403164118149963,11.556222543747541,17.28612497008744,17.28612497008744,0.6707894321087681,0.34974093264236955,65.31150554160274,56.715921984145716,860,True,0.18358812299481964,0.3910345167990191,0.5746226397938388,0.38692800176031583,0.4925373120908889,7753.83,-0.06448467715124998,False,True,True,False,False,False,False,False,False,False
2026-08-12,860,7753.84,7754.77,7752.2300000000005,7754.77,7753.383563713627,7752.692664393074,7751.424291288115,2.5399999999999636,2.7964421287357464,21.98134683589028,10.806473809211557,18.485858213068973,18.485858213068973,1.070377025469784,0.33597883597873257,69.21892545460706,56.97583131995191,865,True,0.24706369334585515,0.45356672749478033,0.7006304208406355,0.4957857958605713,0.4427216087346242,7753.83,1.2121571626244354,False,True,True,True,False,False,False,False,False,False
2026-08-12,865,7754.74,7755.400000000001,7753.32,7753.42,7753.395709142419,7752.83813151446,7751.6143587844845,2.0800000000008367,2.745267690968967,22.430920443129864,10.221637125730156,19.836261690928488,19.836261690928488,1.1728625098428391,0.23170731707305442,59.01998962069948,57.426490437139314,870,True,0.2031050122337935,0.44577537338201756,0.6488803856158111,0.008848265566576653,0.25693799344192875,7754.77,-1.7411671236697661,False,True,False,False,False,False,False,False,False,False
2026-08-12,870,7753.45,7756.93,7753.34,7756.03,7754.273806094947,7753.476505211568,7752.034896043105,3.5900000000001455,2.8056057130426226,24.276027372961313,9.28739330321891,21.60921781487678,21.60921781487678,1.4410309482631132,0.40789473684195116,68.96562045406698,58.598826862475676,875,False,0.28418137291076523,0.5138317054893665,0.7980130784001318,0.6259589139303325,0.3173084433001973,7754.77,1.6245424527745622,True,True,True,True,False,False,False,False,False,False
2026-08-12,875,7756.01,7757.26,7755.89,7756.59,7755.045870729965,7754.099204169255,7752.468715467571,1.3699999999998909,2.703062447825285,24.269205547031213,8.951168080610868,23.35930017215446,23.35930017215446,1.6244806530284954,0.6345177664973213,70.68305063201521,59.697531270092604,880,False,0.3502200111844629,0.6032005301970856,0.9534205413815485,0.5712517930458979,0.6104785292228442,7756.03,0.7219667405398509,False,True,True,True,False,False,False,False,False,False
2026-08-12,880,7756.64,7758.95,7756.610000000001,7758.01,7756.033913819977,7754.881363335405,7752.996456851612,2.3599999999996726,2.678557987266313,27.248545161856637,8.387838409233732,25.471166089575807,25.471166089575807,1.8783014662157729,0.6739130434781426,74.68019011027648,60.78450576243022,885,False,0.4302876734613741,0.7037019518539164,1.1339896253152904,0.7377425425984478,0.6571101814474707,7756.59,1.83036629238693,True,True,True,True,False,False,False,False,False,False
2026-08-12,885,7758.04,7758.1,7756.46,7757.82,7756.629275879985,7755.4690906683245,7753.455841913363,1.6400000000003274,2.604375273890171,26.02292592593184,8.42195531082346,27.301721663123292,27.301721663123292,1.8975012827488378,0.6216730038020909,73.17832553777245,62.02216619580359,890,False,0.44547543639019743,0.7730255985553683,1.2185010349455658,0.4572014378851615,0.6079788753540506,7758.01,-0.2449141640312734,False,True,True,False,False,False,False,False,False,False
2026-08-12,890,7757.88,7758.93,7756.97,7757.04,7756.76618391999,7755.78327253466,7753.797190302566,1.9600000000000364,2.5583484686123046,26.916221670033508,7.961082307016102,29.233603233238988,29.233603233238988,1.9581010203615097,0.48987108655603434,66.95920242456629,62.76484282481618,895,False,0.384197617091379,0.7763141950598632,1.160511812151242,0.10702845346102825,0.28622766171107555,7758.04,-1.2891515320276807,False,True,False,False,False,False,False,False,False,False
2026-08-12,895,7757.01,7757.01,7753.41,7753.43,7755.654122613327,7755.312618027729,7753.76221979756,3.630000000000109,2.6348950065685766,24.26754240797964,16.828371689654393,28.438486691416234,28.438486691416234,0.9891068672801424,0.1499644633973243,46.41890593184206,62.548299487609825,900,False,0.12960842263043348,0.5884098707173725,0.718018293347806,-0.8441029368464082,-0.37009188761860407,7758.04,-5.945755620415317,False,True,False,False,False,False,False,False,False,False
2026-08-12,900,7753.27,7755.6,7753.27,7755.17,7755.492748408885,7755.284094422183,7753.896294102554,2.3299999999999272,2.613116791813673,22.72195040547332,16.13926285784728,27.617092327965963,27.617092327965963,0.1051235549475571,0.1007518796992508,54.06039900699386,62.792616918903335,905,False,0.07984870303350396,0.531090046942135,0.610938749975639,-0.12351090081234173,-0.48732437642839366,7758.04,-3.700757043365769,True,True,False,False,False,False,False,False,False,False
2026-08-12,905,7754.95,7756.4400000000005,7754.610000000001,7754.66,7755.215165605923,7755.159275537747,7753.969027997548,1.8299999999999272,2.557179878112691,23.90681679232699,15.314278962707485,27.209296407723425,27.209296407723425,-0.6747689418385209,0.06395348837209572,51.63232575332667,62.597156048857684,910,False,0.021856134820487184,0.4654531933345746,0.4873093281550617,-0.21710072516801482,-0.17165667975127213,7757.88,-4.152341946649182,False,True,False,False,False,False,False,False,False,False
2026-08-12,910,7754.72,7755.06,7752.81,7753.38,7754.603443737283,7754.8034204301985,7753.91293009302,2.25,2.535238458247499,22.391311624762967,19.414847656198177,25.7743236717628,25.7743236717628,-0.8880543398844777,0.09893238434165903,45.82142514963708,61.823556408806894,915,False,-0.07887884954771981,0.3512451991573683,0.27236634960964845,-0.4825754095448538,-0.35077752497365244,7757.01,-4.6818290861535345,False,False,False,False,False,False,False,False,False,False
2026-08-12,915,7753.3,7754.6900000000005,7752.97,7754.110000000001,7754.438962491522,7754.664736344159,7753.93169865559,1.7200000000002547,2.4770071398012674,21.280724365307826,18.451890112103683,24.441848988370793,24.441848988370793,-1.0584144465317233,0.05137751303056548,49.4701035045418,61.50755782831561,920,False,-0.09114784087984604,0.29593684926888164,0.2047890083890356,-0.13280643654012428,-0.31336329311647326,7755.17,-1.3670169755129737,False,False,False,False,False,False,False,False,False,False
2026-08-12,920,7754.06,7754.28,7750.67,7751.2,7753.359308327682,7753.971789075327,7753.671536878866,3.6099999999996726,2.557935201244011,19.13548363360381,23.01440590932807,23.353337395783754,23.353337395783754,-1.285319670646557,0.3517844136926031,37.9949900141721,59.5296399382943,925,False,-0.2394434180144515,0.1173806890474933,-0.12206272896695819,-0.8441606834418395,-0.48638269217914226,7754.95,-4.8379605738466305,False,False,False,False,False,False,False,False,False,False
2026-08-12,925,7751.12,7752.35,7750.72,7752.06,7752.926205551788,7753.589431260262,7753.5180571761175,1.6300000000001091,2.491654115440875,18.24133182928676,21.939002069888502,22.342576631238646,22.342576631238646,-1.1439156801747181,0.3228795438345859,42.43449429761933,57.89556770658121,930,False,-0.2661788826803203,0.028645261676742452,-0.23753362100357786,-0.34764277530338666,-0.6071295892792867,7754.72,-3.43134599061392,True,False,False,False,False,False,False,False,False,False
2026-08-12,930,7752.1,7752.45,7750.1900000000005,7751.07,7752.307470367859,7753.08554500821,7753.28490887363,2.259999999999309,2.475107392909335,17.051616931827663,22.037637193238044,21.657783698474375,21.657783698474375,-0.928021763298806,0.5102941176470144,38.83364368094102,55.72519043703363,935,False,-0.3143599516447317,-0.08054756169023025,-0.39490751333496193,-0.4999663333416595,-0.4249665945145549,7754.110000000001,-3.9220391507248333,False,False,False,False,False,False,False,False,False,False
2026-08-12,935,7751.14,7752.37,7750.76,7751.1,7751.90498024524,7752.688436006569,7753.076822314237,1.6099999999996726,2.413314007701502,16.239067905508694,20.987492757356858,21.021904546621837,21.021904546621837,-0.7771442830539724,0.49999999999986466,39.01007786580094,54.29591102596944,940,False,-0.32463896485434074,-0.16093484164456126,-0.485573806498902,-0.33355802132286905,-0.42316304603932187,7754.06,-3.818812813665204,False,False,False,False,False,False,False,False,False,False
2026-08-12,940,7751.2,7751.42,7747.9800000000005,7750.9400000000005,7751.583320163494,7752.338748805256,7752.873315427167,3.4399999999996,2.4866487214370805,14.634429929638344,26.89915045898768,21.629600583039775,21.629600583039775,-0.2376586827329573,0.47581903276117743,38.3464170649154,52.10882506960149,945,False,-0.30379387134548946,-0.21497472373258664,-0.518768595078076,-0.2587097075464041,-0.2912153204923884,7752.1,-1.4965926713403206,False,False,False,False,False,False,False,False,False,False
2026-08-12,945,7750.93,7752.6900000000005,7749.41,7751.5,7751.555546775663,7752.170999044205,7752.742523481722,3.280000000000655,2.543316669905907,16.853103981898702,24.42124955363277,21.39435726177371,21.39435726177371,-0.08780881223355526,0.1975435005117549,42.21711380764039,50.07554386786042,950,False,-0.24198806063923106,-0.22471619215945765,-0.4667042527986887,-0.021840290798359592,-0.13739282792099464,7752.1,-0.7740437334714104,False,False,False,False,False,False,False,False,False,False
2026-08-12,950,7751.6900000000005,7751.6900000000005,7745.110000000001,7745.75,7749.620364517109,7750.886799235364,7752.076568864415,6.579999999999927,2.8316511934840514,14.055810696016838,31.214564517120554,22.57353395909728,22.57353395909728,0.5172098041584808,0.6835994194483586,24.470724737459875,46.48915348408781,955,False,-0.4472424856456817,-0.42016814492848187,-0.8674106305741636,-1.3668224836502303,-0.6932194370910189,7751.5,-7.423425749604622,False,False,False,False,False,False,False,False,False,False
2026-08-12,955,7745.45,7749.4400000000005,7742.92,7748.71,7749.316909678073,7750.451439388292,7751.75594325828,6.520000000000437,3.0951046796637933,11.940860632634104,31.571834670906316,24.183675045342337,24.183675045342337,0.8513581541008541,0.36660505237208735,39.25796655159805,44.066270699361056,960,False,-0.3665561677681686,-0.42147326342773916,-0.7880294311959077,-0.19608696341051643,-0.7232831614061094,7751.6900000000005,-3.845801430174149,False,False,False,False,False,False,False,False,False,False
2026-08-13,570,7763.18,7777.33,7763.18,7776.4400000000005,7758.357939785383,7755.6491515106345,7754.1068058051105,28.61999999999989,4.918311488259229,47.482276690562664,18.449068708320308,25.601663666554366,25.601663666554366,1.4024354682602187,0.5402999062792588,80.17166642098101,45.0100181276764,575,False,0.5507557382680124,0.3135925223942817,0.8643482606622941,3.6764772336567986,,,,True,True,False,False,False,False,False,False,False,False
2026-08-13,575,7776.54,7787.16,7776.41,7786.89,7767.868626523589,7761.897321208508,7757.229014776052,10.75,5.334860667669284,53.8094673148427,15.793657429709546,27.674256575148842,27.674256575148842,1.7002408720171875,0.6255725190839364,84.57611978158744,47.73553340265821,580,False,1.1192992070568162,0.8750568615123043,1.9943560685691204,3.565486459971828,,7776.4400000000005,13.41999180674161,True,True,True,False,True,False,False,False,False,False
2026-08-13,580,7787.07,7787.14,7779.150000000001,7779.92,7771.885751015727,7765.501856966807,7759.3900609878565,7.989999999999782,5.524513477121463,48.25063723316515,14.16208101014959,29.59880713312943,29.59880713312943,1.8050440292623644,0.508678710591557,72.49319552456132,49.0521617253416,585,False,1.1555576930632843,1.1063048364822408,2.261862529545525,1.4542907746619382,2.448688248542866,7786.89,-8.958961017594339,False,True,True,False,False,False,False,False,False,False
2026-08-13,585,7780.42,7793.1900000000005,7779.47,7793.1,7778.957167343819,7771.021485573447,7762.600531369965,13.720000000000255,6.109905371612806,47.58428668817446,11.89055002139987,31.77138193921327,31.77138193921327,2.0565727575529684,0.5966850828729141,78.9045325198232,51.000176494377065,590,False,1.2988223692042564,1.378246256088672,2.6770686252929283,2.314738411807605,1.8148465722149736,7787.07,7.737614043192894,True,True,True,False,False,False,False,False,False,False
2026-08-13,590,7792.400000000001,7794.82,7789.91,7794.610000000001,7784.174778229213,7775.739188458758,7765.649052191873,4.9099999999998545,6.024197845069024,46.74672588688952,11.198310844541075,33.88403374492644,33.88403374492644,2.0699257232591997,0.628282828282831,79.51979003734583,53.407202557784835,595,False,1.4002843179129942,1.6749344105860862,3.0752187284990806,1.7322176394536772,2.03994416012504,7793.1,1.9372361157264035,False,True,True,False,False,False,False,False,False,False
2026-08-13,595,7794.52,7800.17,7792.400000000001,7799.71,7789.353185486142,7780.533350767007,7768.892951983124,7.769999999999527,6.148897998992632,48.74218147081307,10.18755045792576,36.13694219708035,36.13694219708035,2.179378354650307,0.6536237730267547,81.56296096925173,55.69954951954983,600,True,1.4343764883692147,1.8930869866096438,3.3274634749788583,1.6843366918030915,1.6907124079837925,7794.610000000001,6.538704644146326,True,True,True,False,False,False,False,False,False,False
2026-08-13,600,7799.4800000000005,7805.41,7797.62,7805.38,7794.695456990762,7785.502680613606,7772.367908937112,7.789999999999964,6.266119570493156,50.38706374739595,9.2829006050322,38.47615001741354,38.47615001741354,2.2349226927334223,0.6815222834251318,83.6082765224809,58.95764141300047,605,True,1.467060478776168,2.0961572036296543,3.5632176824058224,1.7051291296053495,1.678978296406955,7799.71,7.264220319830774,True,True,True,False,False,False,False,False,False,False
2026-08-13,605,7805.4800000000005,7806.860000000001,7802.67,7804.52,7797.970304660508,7789.306144490885,7775.430012847863,4.190000000000509,6.117825315457967,49.61505976498093,8.828778528156143,40.712649055716,40.712649055716,2.2762051035965194,0.6612621601396887,82.05502340377635,61.78767920629739,610,True,1.4162156849642358,2.268147736739359,3.684363421703595,1.0705920816246695,1.408526515556614,7805.38,-1.101925550834225,False,True,False,False,False,False,False,False,False,False
2026-08-13,610,7804.56,7809.32,7804.56,7808.610000000001,7801.516869773673,7793.166915592708,7778.5900116242565,4.799999999999272,6.023694935782347,49.708117422065676,8.326261416424536,42.89787140308073,42.89787140308073,2.253643068666792,0.8005603667855353,83.67742720956876,64.99080660119937,615,True,1.3861847703082186,2.4199273243173782,3.806112094625597,1.177538089486053,1.1324299878450939,7805.4800000000005,4.008395860466983,True,True,False,False,False,False,False,False,False,False
2026-08-13,615,7808.650000000001,7809.610000000001,7803.7,7808.96,7803.997913182449,7796.325532474168,7781.482391469565,5.910000000000764,6.015573868940805,46.21985060514751,8.763125033507135,44.69975374256514,44.69975374256514,2.074534575050535,0.7937030694243198,83.81827117302188,68.19139183742945,620,True,1.2754195818116727,2.4674522045584726,3.742871786370145,0.824873391243785,1.0020005826979332,7808.610000000001,0.44820308978334417,False,True,False,False,False,False,False,False,False,False
2026-08-13,620,7808.97,7814.51,7807.35,7813.150000000001,7807.0486087883,7799.690425979335,7784.49835418675,7.1599999999998545,6.097318592587881,48.0832677221696,8.028094962651966,46.60585250012637,46.60585250012637,1.9644011481367893,0.7009738399847263,85.50298699131837,71.55971826074394,625,True,1.2067899515551537,2.4915988170690375,3.698388768624191,1.000667936085474,0.9072412619789951,7808.96,5.36275381888292,True,True,False,False,False,False,False,False,False,False
2026-08-13,625,7813.06,7815.54,7812.26,7815.09,7809.729072525533,7802.770340783468,7787.411844264202,3.2799999999997453,5.896081550260157,47.42044109180094,7.70909191857173,48.42206341402321,48.42206341402321,1.841397336980826,0.6429548563611498,86.2487228052557,74.70483318914503,630,True,1.180229900612296,2.6048650087935354,3.785094909405832,0.909235638748957,0.9720285064291881,7813.150000000001,2.482377042362404,True,True,False,False,False,False,False,False,False,False
2026-08-13,630,7814.88,7816.7,7813.13,7815.2300000000005,7811.562715017023,7805.262272626775,7790.061192429516,3.569999999999709,5.729932868098697,46.75612297842693,7.36601312786193,50.161918560256595,50.161918560256595,1.8207216058971507,0.9535511747232148,86.3059125813314,79.12163232085014,635,True,1.0995665281396347,2.6529246584877217,3.7524911866273563,0.6400223296497908,0.7878113640484696,7815.09,0.17913740222658503,False,True,False,False,False,True,False,False,False,False
2026-08-13,635,7815.38,7816.6900000000005,7811.55,7813.860000000001,7812.328476678016,7806.98181810142,7792.327745531467,5.140000000000327,5.68779480609167,43.73805056821297,8.874741109927651,51.31206305040873,51.31206305040873,1.5687368500941214,0.8231562252181109,82.52741910273171,82.21230750307397,640,True,0.9400231124494983,2.5764066865172044,3.5164297989667026,0.26926486875794997,0.4570144038422003,7815.2300000000005,-1.753294786443436,False,True,False,False,False,False,False,False,False,False
2026-08-13,640,7813.88,7814.360000000001,7808.87,7808.92,7811.192317785345,7807.369454481136,7793.907960242756,5.490000000000691,5.6736666056566,40.71503823636746,11.635335254108242,51.61464600961769,51.61464600961769,1.0641941985314933,0.4994764397905645,70.08117274859164,81.49155795504616,645,True,0.6737906137095997,2.372626940215098,3.0464175539246976,-0.4005025221396485,-0.06528357364331473,7815.38,-8.272590832022914,False,True,False,False,False,False,False,False,False,False
2026-08-13,645,7808.79,7808.79,7799.33,7799.59,7807.324878523564,7805.813563584909,7794.4491068863035,9.590000000000146,5.953404705252568,36.03035735665076,21.7426025192924,49.69437620009838,49.69437620009838,-0.15584745338607084,0.003649635036493019,53.07408767444213,79.24141280453578,650,True,0.2538572486632599,1.9089004126628975,2.1627576613261574,-1.2992361357089062,-0.8404599388376661,7815.38,-20.244653885652916,False,True,False,False,False,False,False,False,False,False
2026-08-13,650,7799.72,7801.83,7799.03,7801.58,7805.409919015709,7804.966850867928,7795.128239563798,2.800000000000182,5.728161512020255,34.77234962481411,21.357546449142866,47.85188996310165,47.85188996310165,-1.1533910291023612,0.1301369863013769,55.65625761471186,78.03877438240367,655,True,0.07734910177581476,1.7175862243904743,1.794935326166289,-0.6686122602640661,-1.0094685279913198,7815.38,-17.688724591685506,True,True,False,False,False,False,False,False,False,False
2026-08-13,655,7801.77,7802.360000000001,7797.37,7800.91,7803.9099460104735,7804.155480694342,7795.678883414865,4.990000000000691,5.675435689733143,32.588577386074896,22.1054543313046,45.80295854193883,45.80295854193883,-1.9372291558929529,0.12443984832818183,54.51993493745197,76.2970174122343,660,True,-0.04326270215922394,1.4935588636501915,1.4502961614909675,-0.5285842663851428,-0.6017040276340047,7813.88,-16.626265397242445,False,False,False,False,False,False,False,False,False,False
2026-08-13,660,7800.900000000001,7805.09,7797.2,7797.39,7801.736630673649,7802.802384555474,7795.841846899163,7.890000000000327,5.833618854752228,32.78296939481772,19.96990129177654,44.26623683784582,44.26623683784582,-1.809379787417522,0.39451476793250395,48.649305097377116,74.09198277366511,665,True,-0.18269172332998934,1.1931766249420066,1.0104849016120172,-0.7451002168419354,-0.6296757524821222,7808.79,-14.62027678492372,False,False,False,False,False,False,False,False,False,False
2026-08-13,665,7797.34,7799.41,7793.55,7795.79,7799.7544204491,7801.39990764438,7795.836909099243,5.859999999999673,5.835503222269902,30.43149878298865,23.005217662042764,42.09702978073701,42.09702978073701,-1.9182867274548794,0.443583698214882,46.110335543487174,71.5596523861105,670,True,-0.2819786285097873,0.9533022831530549,0.6713236546432676,-0.6793622243185993,-0.7121109188176379,7801.77,-7.670806935538891,False,False,False,False,False,False,False,False,False,False
2026-08-13,670,7795.67,7796.59,7793.62,7794.53,7798.012946966067,7800.025926115504,7795.712441565982,2.9700000000002547,5.630824420679213,29.284983705151365,22.13848976584052,40.08276608485026,40.08276608485026,-1.9067308190295218,0.6958146487294712,44.07257852790577,68.73567395792655,675,True,-0.3574927930703491,0.7660484908179911,0.408555697747642,-0.6185500924653317,-0.6613034663107697,7801.77,-9.288565186099344,False,False,False,False,False,False,False,False,False,False
2026-08-13,675,7794.85,7795.27,7790.45,7794.82,7796.948631310712,7798.984740892403,7795.627447131126,4.8200000000006185,5.572908390630742,27.475802425637507,24.83383128731083,37.580471344590386,37.580471344590386,-2.2285884977518102,0.8072481083233758,44.70530723499332,66.06783708872777,680,True,-0.36535852358791693,0.6024311770352153,0.23707265344729841,-0.3819605781230439,-0.5034694528811821,7800.900000000001,-7.800051829292834,False,False,False,False,False,False,False,False,False,False
2026-08-13,680,7794.860000000001,7795.63,7791.72,7792.64,7795.512420873808,7797.715792713923,7795.342928356733,3.9099999999998545,5.454129219871393,26.540333108922063,23.56218295814073,35.320731459970084,35.320731459970084,-2.258766106922309,0.8320441988950441,40.801569524934216,63.005275825539584,685,True,-0.4039823317877457,0.4350583313180631,0.031075999530317415,-0.5266506820818176,-0.45846476888530946,7797.34,-6.03133212877769,False,False,False,False,False,False,False,False,False,False
2026-08-13,685,7792.43,7792.56,7782.35,7784.2,7791.741613915872,7795.012634171139,7794.281697084663,10.289999999999964,5.799548561309148,23.1767704748928,32.11636031003079,33.952652917885416,33.952652917885416,-2.043371055654949,0.8667445938048084,29.55929674043844,59.12963479464077,690,True,-0.5640129090545501,0.1260334453188778,-0.4379794637356723,-1.3003794754276554,-0.897831501847822,7795.67,-14.734975976979337,False,False,False,False,False,False,False,False,False,False
2026-08-13,690,7784.18,7785.75,7780.03,7780.06,7787.847742610582,7792.022107336912,7792.927249743267,5.720000000000255,5.793866521215656,21.542392777732346,32.7117487861748,32.99797078127739,32.99797078127739,-1.5275001877709993,0.8635547576301734,25.65798844246659,54.854992041151355,695,True,-0.7204799611873545,-0.1562242421429923,-0.8767042033303467,-1.344135661749334,-1.3228952091250223,7794.860000000001,-19.022989539926662,False,False,False,False,False,False,False,False,False,False
2026-08-13,695,7780.1,7783.55,7779.150000000001,7782.2300000000005,7785.975161740389,7790.06368586953,7791.908464053432,4.399999999999636,5.694304626843083,20.353403648198192,32.01014932690891,32.231057276337566,32.231057276337566,-1.0298913945441726,0.661081492764666,31.026000685677417,50.91051188975291,700,True,-0.7180023544696492,-0.3239690014485542,-1.0419713559182033,-0.6577030885797294,-1.0126701245135397,7794.860000000001,-16.229281324247818,False,False,False,False,False,False,False,False,False,False
2026-08-13,700,7782.4400000000005,7786.360000000001,7779.57,7783.31,7785.086774493593,7788.712948695625,7791.08956271501,6.790000000000873,5.772568582068639,22.12038617201583,29.320718754913983,30.92864143273698,30.92864143273698,-1.0080038283828117,0.7207100591715945,33.70620922746505,47.153390221619595,705,True,-0.6281734292937655,-0.41170823448822397,-1.0398816637819897,-0.3077961687821112,-0.47829108961394,7792.43,-11.717379880796077,False,False,False,False,False,False,False,False,False,False
2026-08-13,705,7783.1900000000005,7783.87,7780.2300000000005,7782.34,7784.171182995729,7787.4383589565,7790.256271027866,3.639999999999418,5.620242254777981,21.097067221692328,27.964302691212193,29.719255292250722,29.719255292250722,-1.0929051630088888,0.7239766081871334,32.43279962985382,43.575203116414045,710,True,-0.5813229773135679,-0.501386229209273,-1.0827092065228408,-0.32581922855237994,-0.3209788231327548,7784.18,-2.3643274387910904,False,False,False,False,False,False,False,False,False,False
2026-08-13,710,7782.400000000001,7782.45,7778.4800000000005,7779.12,7782.487455330487,7785.774687165201,7789.195673787117,3.969999999999345,5.502367808008079,20.009803392833984,28.794876527115914,28.882199399971142,28.882199399971142,-1.1162859587888079,0.7207100591716045,28.422659258375433,40.599595009970024,715,True,-0.5974213192235839,-0.6217299063391105,-1.2191512255626944,-0.6120011326008219,-0.4724001109709455,7783.31,-5.386213350611007,False,False,False,False,False,False,False,False,False,False
2026-08-13,715,7779.25,7781.7,7776.92,7777.87,7780.948303553659,7784.1937497321605,7788.117038188344,4.779999999999745,5.450770107436055,18.75641745794356,29.035478049450543,28.355467838277924,28.355467838277924,-0.8577245314863523,0.7168000000000029,26.96650793170413,38.734767885488736,720,True,-0.5954105776859628,-0.7197677353574621,-1.315178313043425,-0.5647465391100028,-0.5912704771155207,7783.31,-6.994202783024798,False,False,False,False,False,False,False,False,False,False
2026-08-13,720,7777.860000000001,7783.54,7777.72,7781.51,7781.1355357024395,7783.656999785729,7787.487796456121,5.819999999999709,5.477143671190602,19.732390844379964,26.83169013693159,27.419098678424593,27.419098678424593,-0.7667188712753763,0.47552958363767256,37.462556222397914,37.43521778603774,725,True,-0.4603611361432606,-0.6994150419208648,-1.1597761780641254,0.06836853660246148,-0.24682931637500358,7783.1900000000005,-2.158964005701067,True,False,True,False,False,False,False,False,False,False
2026-08-13,725,7781.57,7785.46,7781.57,7782.75,7781.673690468294,7783.475599828584,7787.036577746015,3.949999999999818,5.36806198039126,21.250058228429015,25.42142890208393,26.099000788184718,26.099000788184718,-0.9277328705954749,0.4260501235439372,40.72717307412929,36.45002051008613,730,True,-0.3356722345740167,-0.6633637857459125,-0.9990360203199291,0.20050244122323882,0.13513013025650017,7782.400000000001,0.4497125052191761,False,False,True,False,False,False,False,False,False,False
2026-08-13,730,7782.81,7784.110000000001,7779.6900000000005,7779.95,7781.099126978863,7782.770479862867,7786.361665579728,4.420000000000073,5.300343267506175,19.984301160183104,26.440733292052172,25.228159373399862,25.228159373399862,-1.0424361549593542,0.4383419689119237,35.95864562389421,35.543544833408774,735,True,-0.31532917768757396,-0.6775383282958523,-0.9928675059834262,-0.21680236936874667,-0.006869125590383192,7782.75,-3.59899485215224,False,False,False,False,False,False,False,False,False,False
2026-08-13,735,7780.05,7781.34,7779.37,7781.33,7781.176084652576,7782.482383890294,7785.88245933404,1.9700000000002547,5.062461605541467,19.42882501391929,26.157299120094365,24.480427778508506,24.480427778508506,-0.9795569666386955,0.13111009593420958,39.862714063081114,35.097286156236905,740,True,-0.2580363742982706,-0.6716249344042188,-0.9296613087024893,0.0304032621710432,-0.09829325227343945,7782.81,-1.9019884775487905,True,False,True,False,False,False,False,False,False,False
2026-08-13,740,7781.29,7783.59,7780.4400000000005,7783.59,7781.980723101718,7782.703907112235,7785.664129873655,3.149999999999636,4.925857205145622,21.804034537060826,24.962503563318464,23.214232531305964,23.214232531305964,-0.9615894189595847,0.17641179410292585,45.93503498358255,35.23031876021382,745,True,-0.14681383978454543,-0.6009558617182976,-0.747769701502843,0.32669986791365235,0.1789731383065243,7782.81,1.002108281653768,True,False,True,False,False,False,False,False,False,False
2026-08-13,745,7783.52,7787.83,7783.3,7787.83,7783.930482067812,7783.729125689789,7785.870403219021,4.529999999999745,4.897581690492345,26.54730440982945,23.313291064345343,22.019366675805085,22.019366675805085,-1.0695975658649257,0.25362318840576276,55.43306610651806,35.99658725103701,750,True,0.0411134291876657,-0.43721119208461795,-0.39609776289695225,0.7962129431671072,0.5623994839295834,7783.59,5.444392083545457,True,False,True,False,False,False,False,False,False,False
2026-08-13,750,7787.8,7789.67,7787.32,7789.400000000001,7785.753654711875,7784.863300551831,7786.2065552934,2.350000000000364,4.715611569742918,28.38942018751601,22.48343000162174,21.275791662526792,21.275791662526792,-1.0682120386605714,0.26982720425342194,58.47215481604784,37.25877191468799,755,True,0.18880990235852657,-0.2848527114038576,-0.09604280904533105,0.7732497119825524,0.800093806361446,7787.83,2.0155596066457218,True,False,True,False,False,True,False,False,False,False
2026-08-13,755,7789.18,7789.53,7785.27,7785.91,7785.805769807917,7785.072640441465,7786.1783119321235,4.259999999999309,4.683067886189803,26.54479713061163,24.149318853718672,20.093617802957223,20.093617802957223,-1.0402049094495804,0.14228776404939933,49.95343599608164,38.715496147233935,760,True,0.1565489513004815,-0.23609982121307307,-0.07955086991259158,0.02225681852484767,0.40044000763599014,7789.400000000001,-4.4824561290853495,False,False,False,False,False,False,False,False,False,False
2026-08-13,760,7785.92,7788.04,7785.03,7787.74,7786.450513205278,7785.606112353173,7786.327044129064,3.0100000000002183,4.563563037176261,25.2942103990184,23.387234970812308,18.938163181366075,18.938163181366075,-1.0270678314796697,0.36371308016874665,53.91412890479506,40.73379189454311,765,True,0.18503104815837407,-0.15797563658453762,0.02705541157383643,0.28256140743910413,0.15270052976722517,7789.400000000001,-2.1315554962039873,True,False,True,False,False,False,False,False,False,False
2026-08-13,765,7787.63,7789.85,7787.4400000000005,7789.3,7787.4003421368525,7786.344889882538,7786.610182783439,2.4099999999998545,4.409737105949375,27.238624221272545,22.47426774582397,18.269990407744537,18.269990407744537,-1.0019337515940852,0.4760516451478268,57.165152774821536,42.60087418662483,770,True,0.23934584510500045,-0.06016070675574121,0.17918513834925923,0.4307871007967302,0.36160258324329386,7789.400000000001,-0.1283812409335419,True,False,True,False,False,False,False,False,False,False
2026-08-13,770,7789.360000000001,7790.8,7789.24,7789.85,7788.216894757902,7787.0459119060315,7786.918736804064,1.5600000000004002,4.206184455524449,28.13030011915907,21.878888352623107,17.85788582993458,17.85788582993458,-0.7452439910075471,0.3986615678776,58.33103761984047,44.35979050036593,775,True,0.2783955064863108,0.03023526507511811,0.3086307715614289,0.38826286848959823,0.4199486663747979,7789.3,0.7060469713796568,False,True,True,True,False,False,False,False,False,False
2026-08-13,775,7789.63,7790.34,7788.78,7789.84,7788.757929838602,7787.604729524825,7787.196952346534,1.5600000000004002,4.017171280129874,27.3500199325412,22.089927651925404,17.342276592615406,17.342276592615406,-0.5319621962502232,0.3600812595225651,58.298580778677476,46.207346296710476,780,True,0.2870677482636591,0.101508536693049,0.38857628495670815,0.26936122110367733,0.337946183291782,7789.85,-0.012837234141161152,False,True,False,False,False,False,False,False,False,False
2026-08-13,780,7789.900000000001,7792.81,7789.900000000001,7792.68,7790.065286559068,7788.619783619861,7787.71914736115,2.9700000000002547,3.942373331549187,30.35347616959985,20.901247643196406,17.420804902382983,17.420804902382983,-0.2830618351205179,0.6452103395843383,64.59313385437534,48.79095162499619,785,True,0.3666580553494791,0.2284502716937534,0.5951083270432325,0.6632333422123144,0.46885255294678146,7789.85,3.631613257569831,True,True,True,True,False,False,False,False,False,False
2026-08-13,785,7792.74,7796.41,7792.09,7794.97,7791.700191039379,7789.889826895889,7788.409704755326,4.319999999999709,3.969346665009939,34.472055772291036,19.276414039964187,18.195873567950816,18.195873567950816,0.11266257933874495,0.6608527131782417,68.85735072367923,51.78315468156585,790,True,0.45608617646034516,0.3728881011100972,0.8289742775704423,0.8237650264827301,0.7412457134857227,7792.68,2.937791935055508,True,True,True,True,False,False,False,False,False,False
2026-08-13,790,7794.91,7795.79,7793.54,7794.41,7792.60346069292,7790.793861516711,7788.981161445295,2.25,3.8465361889378005,33.03175947754159,18.471015374412787,18.91558018597809,18.91558018597809,0.5244345311208948,0.5712777191129028,66.64908636850737,53.86790683485937,795,True,0.4704490188894089,0.4712551715046321,0.941704190394041,0.4696535319947152,0.6598596787288776,7794.97,-0.7184636168746579,False,True,False,False,False,False,False,False,False,False
2026-08-13,795,7794.28,7796.67,7794.28,7796.67,7793.95897379528,7791.969089213369,7789.713431783838,2.3900000000003274,3.7424978897279813,33.204564133596236,17.62845880151113,19.753160586285926,19.753160586285926,0.7774518946343143,0.5212264150942633,70.8879247048153,56.02224623705123,800,True,0.5316995868915061,0.6027144158778032,1.1344140027693093,0.7243895079168571,0.60354950689501,7794.97,2.1804180502699464,True,True,True,True,False,False,False,False,False,False
2026-08-13,800,7796.6900000000005,7797.45,7794.6,7795.29,7794.402649196853,7792.633271370696,7790.24453351871,2.8499999999994543,3.678748040461658,32.88160861414439,16.652950149582587,20.682384501162307,20.682384501162307,0.8288369777371637,0.3512224209897809,65.19570959176247,58.11060794904182,805,True,0.48097282192103574,0.6493344544699999,1.1303072763910358,0.24120999682141583,0.4890763064349213,7796.67,-1.7702997579308906,False,True,False,False,False,False,False,False,False,False
2026-08-13,805,7795.33,7795.7,7793.92,7794.03,7794.2784327979025,7792.912617096557,7790.605054135976,1.7799999999997453,3.5431231804286645,31.701671746651932,17.426233791089587,21.280621111414856,21.280621111414856,0.7883469751455886,0.5584594222832803,60.228050031679686,59.565274803941726,810,True,0.385483549905788,0.6512793496222168,1.0367628995280047,-0.07011689553302365,0.09016310931185366,7796.6900000000005,-3.412868567353172,False,True,False,False,False,False,False,False,False,False
2026-08-13,810,7794.1,7795.27,7791.76,7792.43,7793.662288531936,7792.8160936772465,7790.778858503979,3.5100000000002183,3.5407572389694897,29.456936665569586,20.54973673820656,21.03286406905375,21.03286406905375,0.4265678275892751,0.327742837176805,54.315699853802315,60.16389372324313,815,True,0.23898697300566143,0.5753670855617709,0.8143540585674323,-0.34802965828124893,-0.20909670303553277,7796.6900000000005,-5.466844103829252,False,True,False,False,False,False,False,False,False,False
2026-08-13,815,7792.42,7792.46,7789.84,7790.71,7792.678192354624,7792.394874941798,7790.772300551219,2.619999999999891,3.4749888647573757,27.87055595909341,23.389616131101793,20.154913935675346,20.154913935675346,-0.1758235218289871,0.09744298548719703,48.5516666310363,59.67236518928014,820,True,0.08153045199646844,0.46692937840309773,0.5484598303995661,-0.5663881040267734,-0.46050232261394874,7796.6900000000005,-7.675808751706165,False,True,False,False,False,False,False,False,False,False
2026-08-13,820,7790.77,7792.03,7789.71,7789.75,7791.702128236417,7791.865899953438,7790.67493859396,2.319999999999709,3.392489660131828,26.50915187657038,22.52080814728921,19.296313177900227,19.296313177900227,-0.6614359778382095,0.0067204301075508704,45.518578070591545,58.74710970746184,825,True,-0.04827478737699507,0.3510582135220847,0.30278342614508963,-0.5754264366249612,-0.5777940367968131,7795.33,-7.163259411405921,False,False,False,False,False,False,False,False,False,False
2026-08-13,825,7789.610000000001,7792.08,7789.610000000001,7791.32,7791.574752157611,7791.756719962751,7790.736373013583,2.469999999999345,3.3265975415509366,25.103219317266987,21.541119966241357,18.46348536390815,18.46348536390815,-0.8564595683818675,0.09002433090021396,51.135000778286496,58.83150719190504,830,True,-0.054700877658582905,0.3067238932342582,0.2520230155756753,-0.07658039616443903,-0.331702342477635,7794.1,-3.568073189139523,True,False,False,False,False,False,False,False,False,False
2026-08-13,830,7791.360000000001,7792.18,7790.37,7790.52,7791.223168105075,7791.509375970201,7790.715766059909,1.8100000000004002,3.2182691457258983,24.316708987831724,20.675760682960455,17.722690010215974,17.722690010215974,-0.8107413084864573,0.1499999999999937,48.281766945349176,58.42919562337319,835,True,-0.0889322341191139,0.2465952579965506,0.15766302387743672,-0.21849263477813757,-0.14882538086583105,7792.42,-2.4388615907534237,False,False,False,False,False,False,False,False,False,False
2026-08-13,835,7790.54,7792.360000000001,7789.7300000000005,7790.27,7790.905445403384,7791.2615007761615,7790.673312149441,2.630000000000109,3.176249921031199,22.878513761475045,20.892160292630372,16.780933011322006,16.780933011322006,-0.8384600555260739,0.3802588996763708,47.35286913185864,57.728318220304416,840,True,-0.11209929370479825,0.1851833581564428,0.07308406445164455,-0.20006152512621705,-0.21072232061955223,7791.360000000001,-1.3991812863997595,False,False,False,False,False,False,False,False,False,False
2026-08-13,840,7790.21,7792.01,7790.1900000000005,7791.71,7791.173630268923,7791.351200620929,7790.772044325685,1.819999999999709,3.0793749266718073,21.91266619181719,20.0101693357913,15.90644436949189,15.90644436949189,-0.8523469981387528,0.20392749244713354,53.188793151386314,57.36101504398626,845,True,-0.05766441444596438,0.18807592743195284,0.13041151298598846,0.17418136597497205,-0.016086977822331306,7791.360000000001,0.44919536276305755,True,False,False,False,False,False,False,False,False,False
2026-08-13,845,7791.67,7792.95,7790.67,7791.110000000001,7791.152420179283,7791.302960496744,7790.804230580382,2.2799999999997453,3.022276717623803,22.953487995975085,18.93190969559648,15.456082987530728,15.456082987530728,-0.7555356742284154,0.4801381692573747,50.56157120855014,56.80837150326288,850,True,-0.049810236297571774,0.16501795267586336,0.11520771637829158,-0.014035835644937713,0.08171812146072621,7791.71,-0.770108495451167,False,False,False,False,False,False,False,False,False,False
2026-08-13,850,7791.07,7793.75,7789.99,7793.56,7791.954946786189,7791.754368397396,7791.066684810822,3.7600000000002183,3.0749712377935468,22.807026350430505,17.27837551939379,15.337232783299536,15.337232783299536,-0.4812334093408233,0.1367588932806215,59.70476072592648,56.459201994087955,855,True,0.06522935444966635,0.22363903054508436,0.2888683849947507,0.5219734071279398,0.25408904891944883,7791.71,2.3737547410943955,True,True,True,True,False,False,False,False,False,False
2026-08-13,855,7793.59,7794.27,7791.6900000000005,7791.93,7791.946631190793,7791.7894947179175,7791.14890530503,2.5799999999999272,3.0396161493797167,22.646241763359217,16.23082292794636,15.420416775857387,15.420416775857387,-0.16200919787816778,0.16129032258063164,52.445163176856134,55.2869028836006,860,True,0.051696156735867776,0.21074681190196207,0.26244296863782984,-0.005471477309985133,0.26128661399304864,7793.56,-2.0919079098504594,False,True,False,False,False,False,False,False,False,False
2026-08-13,860,7791.9800000000005,7792.49,7789.84,7789.9800000000005,7791.291087460529,7791.427595774335,7791.037580990265,2.649999999999636,3.0117864244239967,21.22296353443113,19.59826715330079,14.60324614372852,14.60324614372852,-0.2842789479340695,0.18324607329844214,45.069722172384736,53.74551972673469,865,True,-0.04532469922142513,0.12949616244588977,0.08417146322446463,-0.4353188691920236,-0.22042045221955997,7793.59,-4.634158239173492,False,False,False,False,False,False,False,False,False,False
2026-08-13,865,7790.02,7792.85,7790.02,7792.35,7791.64405830702,7791.612076619468,7791.162573276907,2.869999999999891,3.001658822679418,20.630198314186273,18.259792328623618,13.995525490347566,13.995525490347566,-0.44723576431732326,0.11697574893014233,53.928625779267605,52.53414123205271,870,True,0.010654671113873613,0.14975164371271035,0.16040631482658396,0.23518385488941196,-0.10080189043696568,7793.59,-1.5913042920297236,True,True,True,True,False,False,False,False,False,False
2026-08-13,870,7792.360000000001,7795.46,7792.360000000001,7795.07,7792.786038871347,7792.303661295575,7791.534709155297,3.1099999999996726,3.009397478202293,25.302231851715902,16.91192038146617,14.415530039026839,14.415530039026839,-0.33496224561018256,0.33713561470219994,61.86867443922475,52.29649586401431,875,False,0.16029041669178798,0.2555169750249917,0.41580739171677966,0.7589429928069922,0.496761036601739,7793.59,1.8986359327107563,True,True,True,True,False,False,False,False,False,False
2026-08-13,875,7795.17,7796.77,7794.95,7796.64,7794.070692580899,7793.170929036461,7792.020927330983,1.8200000000006185,2.924440515473602,27.3771082885303,16.160135676679552,15.22614111915166,15.22614111915166,0.20763165847438003,0.33713561470223813,65.70651469252745,52.687814768360575,880,False,0.30767031836608083,0.3932381935597333,0.700908511925814,0.8785637476661715,0.8297772722815189,7795.07,2.0136879476295153,True,True,True,True,False,True,False,False,False,False
2026-08-13,880,7796.71,7800.28,7796.57,7799.41,7795.8504617206,7794.418743229169,7792.724648537556,3.7100000000000364,2.9805519072254905,33.354690773093665,14.723342731071526,16.90658167276377,16.90658167276377,0.9703520608054017,0.5008450704225538,71.41669775465432,53.90931461842143,885,False,0.4803534835142242,0.5683828848966102,1.0487363684108344,1.1942547522057423,1.0281393998957262,7796.64,3.5515506942185717,True,True,True,True,False,True,False,False,False,False
2026-08-13,885,7799.4400000000005,7801.06,7799.110000000001,7800.79,7797.4969744804,7795.692994583336,7793.492777248265,1.949999999999818,2.906941056709371,33.67309992700062,14.017875620124352,18.642805716122886,18.642805716122886,1.409091892365349,0.5572033898305339,73.85649665024665,55.71680247693645,890,False,0.6205767030949261,0.7568840551454891,1.377460758240415,1.1328146857327048,1.178655443182501,7799.41,1.7690515960564368,True,True,True,True,False,True,False,False,False,False
2026-08-13,890,7800.76,7802.29,7799.58,7801.6,7798.8646496536,7796.874395666669,7794.264893700812,2.7100000000000364,2.8928738383729904,34.456944766113416,13.079894788284752,20.523279508874108,20.523279508874108,1.7657127965741495,0.5419178082192231,75.25142007628676,57.840576905914695,895,False,0.6879850619583869,0.9020448563098944,1.5900299182682813,0.9455477491332624,1.041935494392523,7800.79,1.0382485643975596,False,True,True,True,False,True,False,False,False,False
2026-08-13,895,7801.55,7802.08,7800.06,7800.43,7799.386433102401,7797.585516533336,7794.852046681687,2.019999999999527,2.8305257070606,32.70050606807248,12.413148693168363,22.269433745000242,22.269433745000242,1.787617357412157,0.49521785334749485,69.24738365876473,59.13431854023457,900,False,0.6362480879690716,0.9657110143286481,1.6019591022977198,0.3686830665401058,0.6675292216167444,7801.6,-1.4999173122508282,False,True,False,False,False,False,False,False,False,False
2026-08-13,900,7800.39,7802.21,7800.09,7801.81,7800.194288734934,7798.430413226669,7795.514708902479,2.119999999999891,2.779773870841978,31.253187085579683,11.736940677382002,23.92140577181986,23.92140577181986,1.759533351898991,0.4647887323943662,72.19148136850738,60.842155284745864,905,False,0.6345392072237274,1.0488998241094878,1.6834390313332153,0.5812383812992847,0.4783263470748216,7801.6,0.26916830837976874,True,True,False,False,False,False,False,False,False,False
2026-08-13,905,7801.93,7806.92,7801.150000000001,7806.02,7802.136192489957,7799.9483305813355,7796.515212816528,5.769999999999527,2.9933614514960887,38.18922860913524,10.120932606430749,26.36274758330319,26.36274758330319,1.9464893581430271,0.6930644367929265,79.06880789750149,63.107579482291776,910,False,0.7309046849412449,1.1469105286604933,1.8778152136017383,1.297473617194724,0.9186192286205974,7801.81,5.393273396686193,True,True,True,True,False,False,False,False,False,False
2026-08-13,910,7806.1,7806.22,7801.24,7801.860000000001,7802.044128326638,7800.330664465069,7797.024240167335,4.980000000000473,3.135264204960688,33.856434532264224,8.97265288341314,28.629707836823425,28.629707836823425,2.120091363941061,0.5270629991126943,62.01866691568833,63.738284751170504,915,False,0.5465133875664587,1.0545919200375002,1.601105307603959,-0.05872816917511684,0.5900107521328444,7806.02,-5.3320618416632115,False,True,False,False,False,False,False,False,False,False
2026-08-13,915,7801.89,7804.150000000001,7800.7,7804.01,7802.6994188844255,7801.066531572056,7797.689550627589,3.4500000000007276,3.1577453331778336,31.21429847784836,9.493918739739078,30.39588969871223,30.39588969871223,2.158161308964124,0.5224014336917565,66.25014716804071,64.85889731970555,920,False,0.5171054471090211,1.0694278949560003,1.5865333420650214,0.4150369891468605,0.17836346349760085,7806.1,-2.6781103560863526,True,True,False,False,False,False,False,False,False,False
2026-08-13,920,7804.17,7805.82,7804.04,7805.47,7803.622945922951,7801.947225257645,7798.430545805913,1.8099999999994907,3.0614778093793804,33.7924679258675,9.092992082071692,32.33861586158521,32.33861586158521,1.9919560927606739,0.4938271604938437,68.89734554844358,65.51551052131391,925,False,0.5473567896431241,1.1486868991693455,1.6960436888124697,0.6033210730421525,0.5157044063737973,7806.1,-0.8071262845159985,True,True,True,True,False,False,False,False,False,False
2026-08-13,925,7805.41,7806.01,7802.31,7802.57,7803.271963948634,7802.071780206116,7798.824779538683,3.699999999999818,3.1070865372808405,30.91811395596476,12.29663473260643,33.10661220384203,33.10661220384203,1.4923014556728695,0.2648503796337336,58.6224737775361,65.95674699279104,930,False,0.38627303363365717,1.045030651214044,1.431303684847701,-0.22592352681900246,0.18427071706524126,7806.1,-4.52415037609487,False,True,False,False,False,False,False,False,False,False
2026-08-13,930,7802.7,7804.860000000001,7801.76,7802.53,7803.024642632423,7802.1634241648935,7799.177657677857,3.100000000000364,3.106580356046521,28.714355153714305,12.684760912573285,33.507543716060795,33.507543716060795,1.0372180057828544,0.15869786368259256,58.48712674970349,66.9151330340281,935,False,0.2772239468562779,0.9611103351070744,1.2383342819633523,-0.15922415509401294,-0.19259224676526548,7805.47,-3.7680085818324436,False,True,False,False,False,False,False,False,False,False
2026-08-13,935,7802.81,7803.3,7799.7,7801.66,7802.5697617549495,7802.0627393319155,7799.414071232346,3.600000000000364,3.1418246163289383,26.36422673252031,16.32993257223033,32.79291436118075,32.79291436118075,0.15143283319851264,0.04543080939947081,55.359679909750085,67.01735118620542,940,False,0.1613783342325419,0.8430349949528088,1.0044133291853508,-0.2895647803576712,-0.22350139789313186,7805.47,-4.883576059454527,False,True,False,False,False,False,False,False,False,False
2026-08-13,940,7801.81,7802.52,7799.52,7799.63,7801.589841169966,7801.576191465533,7799.434635876884,3.0,3.131694286591157,24.56025845210489,15.623108477284104,32.039200386294496,32.039200386294496,-0.35580393918251235,0.0967108492881819,48.545577872447836,66.06570143143564,945,False,0.004358568616239191,0.6838329008735555,0.6881914694897947,-0.6258085849431754,-0.45815502126114,7805.41,-7.41060793909422,False,True,False,False,False,False,False,False,False,False
2026-08-13,945,7799.8,7800.82,7798.71,7800.13,7801.103227446644,7801.286953172427,7799.500861031467,2.1099999999996726,3.058716123263194,23.350083443899937,16.744849924563752,30.927399324765815,30.927399324765815,-0.8600481304316597,0.01522842639594846,50.242644304687865,64.96113926087567,950,False,-0.06006628872345241,0.5839352424293112,0.5238689537058588,-0.31818168389091006,-0.4794607440525164,7802.81,-3.4358401718949443,False,False,False,False,False,False,False,False,False,False
2026-08-13,950,7800.33,7800.33,7796.3,7798.110000000001,7800.10548496443,7800.6515625379425,7799.36839807609,4.029999999999745,3.1280935430300905,21.201334305430894,20.707059138237895,28.802543521207067,28.802543521207067,-1.3301236133245606,0.18190757128810014,43.692945239755325,62.980871224097164,955,False,-0.1745720087973477,0.4102065504760314,0.23563454167868372,-0.6379236864176887,-0.47452423820382,7802.81,-6.0271014386817034,False,False,False,False,False,False,False,False,False,False
2026-08-13,955,7797.82,7801.39,7796.26,7798.860000000001,7799.69032330962,7800.293250030354,7799.3199792117,5.130000000000109,3.271086861385092,21.141003877395793,18.387445376804866,27.24279162786639,27.24279162786639,-1.5988029194760358,0.42417061611375556,46.60063055298577,61.03402364572138,960,False,-0.1843199970785256,0.2975374424150132,0.11321744533648759,-0.25383713267333674,-0.4319372113603848,7801.81,-3.7826041241922765,False,False,False,False,False,False,False,False,False,False
2026-08-14,570,7806.6,7807.71,7801.46,7803.21,7800.863548873081,7800.876600024284,7799.690457382015,8.849999999999454,3.6695806570004037,29.80104586020571,15.219919345219495,27.61026467461403,27.61026467461403,-1.1057115500505954,0.07908611599294371,60.05880519533468,59.94883686851052,575,False,-0.003556578373199557,0.32323656383093086,0.3196799854577313,0.6394330432397308,,,,False,False,False,False,False,False,False,False,False,False
2026-08-14,575,7802.88,7804.4400000000005,7797.81,7803.05,7801.592365915388,7801.311280019428,7800.010413821823,6.630000000000109,3.8810391815003826,26.164668281692176,20.08039839276051,26.57785873390657,26.57785873390657,-0.7415615957668322,0.06366047745358747,59.43892999478652,59.24823303536923,580,False,0.07242542082542595,0.33518502049795995,0.4076104413233859,0.37557829654503144,,7806.6,-4.5495030789245,False,True,True,False,False,False,False,False,False,False
2026-08-14,580,7802.91,7807.1,7799.79,7805.7,7802.961577276926,7802.189024015543,7800.552279172126,7.3100000000004,4.125964954250384,27.458500247400245,17.53921428052941,26.254010058598126,26.254010058598126,-0.3295938564227541,0.014136447449267547,65.9811559504677,58.804638362652106,585,False,0.18724183795775082,0.39669383079236653,0.5839356687501174,0.6637047947421629,0.5084939952492318,7806.6,-1.1530035743117795,False,True,True,True,False,False,False,False,False,False
2026-08-14,585,7805.79,7808.12,7800.610000000001,7801.42,7802.447718184618,7802.035219212435,7800.6349192509715,7.509999999999309,4.367681743232451,25.75420716626959,15.385088542073012,26.17907367449195,26.17907367449195,-0.47706366670736006,0.06515580736542655,51.02687525513214,56.801643173911444,590,False,0.0944434591238889,0.32060485259321897,0.4150483117171079,-0.2353006114078952,0.19583667481161124,7806.6,-6.6398168538551845,False,True,False,False,False,False,False,False,False,False
2026-08-14,590,7801.24,7808.4400000000005,7800.24,7807.26,7804.051812123079,7803.080175369948,7801.265879322307,8.200000000000728,4.641418761573042,22.50420801096427,14.013006140042362,25.970039866662706,25.970039866662706,-0.20260628908128808,0.2017057569296749,63.667369408706655,56.919407637698455,595,False,0.20934046313064203,0.39089255696157427,0.6002330200922164,0.6912084519247363,0.2348925839614791,7805.79,1.8828628737870323,True,True,True,True,False,False,False,False,False,False
2026-08-14,595,7807.28,7807.28,7803.37,7806.28,7804.794541415386,7803.720140295959,7801.743414624944,3.9099999999998545,4.589174564317815,21.13465805798476,13.16020954791851,25.775937045106982,25.775937045106982,-0.1593576711637148,0.1960950764006863,60.70917755126539,56.52362409364308,600,True,0.23411641992902302,0.4307366484562048,0.6648530683852278,0.32368753112230164,0.5113824279023771,7807.26,-1.2553994988656223,False,True,True,False,False,False,False,False,False,False
2026-08-14,600,7807.04,7808.2300000000005,7804.74,7808.150000000001,7805.913027610258,7804.606112236767,7802.353565613045,3.490000000000691,4.51066209543802,21.47100467926765,12.432898974018247,25.83894218853551,25.83894218853551,-0.11337716198548027,0.3641025641025884,64.27268643686926,56.1932912999592,605,True,0.28973914379715277,0.49938270171030025,0.789121845507453,0.4959299416387573,0.41262578481800155,7807.28,1.1142203979185854,False,True,True,True,False,False,False,False,False,False
2026-08-14,605,7807.91,7810.01,7806.4400000000005,7807.09,7806.305351740172,7805.102889789414,7802.804654602279,3.569999999999709,4.443471945763855,23.100176554195883,11.71940527425564,26.327944463327135,26.327944463327135,0.11930153222147648,0.29048414023372393,60.75860897950962,56.34587238581445,610,True,0.27061315238069417,0.5172160902976124,0.7878292426783066,0.17658449730417575,0.3400067206964359,7808.150000000001,-1.3577402079397063,False,True,False,False,False,False,False,False,False,False
2026-08-14,610,7807.01,7808.49,7804.84,7804.87,7805.826901160115,7805.056311831531,7803.001354163966,3.649999999999636,4.386795378209269,21.727296009067985,13.62812321790373,26.08365329218411,26.08365329218411,0.10257208235904258,0.2798013245032738,53.82486986042796,56.01285403658049,615,True,0.1756611061486009,0.46844165054347775,0.6441027566920786,-0.2181321620033735,-0.019633113176545335,7808.150000000001,-4.202504333833433,False,True,False,False,False,False,False,False,False,False
2026-08-14,615,7804.53,7804.77,7800.09,7800.14,7803.931267440077,7804.073049465225,7802.728844243588,4.779999999999745,4.414881422622874,20.046997281367577,20.25922788065087,24.258145589990743,24.258145589990743,-0.5269321995149218,0.045486851456991134,42.263990617032924,55.07744765852926,620,True,-0.0321145715084459,0.304471421304521,0.2723568497960751,-0.8587472860877932,-0.537745880994614,7808.150000000001,-10.269046453012662,False,False,False,False,False,False,False,False,False,False
2026-08-14,620,7799.68,7800.96,7796.06,7796.7300000000005,7801.530844960052,7802.604439572181,7802.157525744199,4.899999999999636,4.449532749578357,18.47010158391642,25.135017260904565,23.617185858535834,23.617185858535834,-0.9035862015971006,0.23823529411762465,35.99379271481931,54.18089157584151,625,True,-0.24128255089957246,0.10044061997841601,-0.14084193092115646,-1.0789548544183751,-0.9655072660091338,7807.91,-14.339344827895005,False,False,False,False,False,False,False,False,False,False
2026-08-14,625,7796.88,7797.66,7792.41,7795.33,7799.463896640034,7801.149551657745,7801.507285197133,5.25,4.5067089817513315,16.93321776869455,28.82857661119672,23.78696423032604,23.78696423032604,-0.7655630206193571,0.27144866385372257,33.685554499443626,52.99824230403835,630,True,-0.3740323647558357,-0.07937799863182306,-0.4534103633876587,-0.9172761446930575,-0.9912711954848098,7807.01,-14.983329762819908,False,False,False,False,False,False,False,False,False,False
2026-08-14,630,7795.49,7796.09,7789.78,7790.75,7796.55926442669,7799.069641326197,7800.482781845025,6.3100000000004,4.635515483054837,15.28678962508008,30.07811681690044,24.41683958633213,24.41683958633213,0.05289799878046253,0.4922621007572926,27.253313685083853,51.823982907276104,635,True,-0.5415529100665313,-0.30485078175101177,-0.846403691817543,-1.2532078574487973,-1.0724978810955015,7804.53,-17.68764239643134,False,False,False,False,False,False,False,False,False,False
2026-08-14,635,7790.56,7795.89,7790.41,7795.75,7796.289509617794,7798.405713060958,7800.032040716927,5.480000000000473,4.695835805693811,14.012535909177288,27.570909413560976,25.001723845480647,25.001723845480647,0.4615126623149379,0.18237375361851768,41.07278837311485,51.42913703728532,640,True,-0.45065533181517464,-0.34633401235993,-0.7969893441751047,-0.114891073733751,-0.6760004296555235,7799.68,-5.041208350704282,True,False,False,False,False,False,False,False,False,False
2026-08-14,640,7795.38,7795.38,7791.78,7792.95,7795.176339745196,7797.314570448767,7799.357560648648,3.9700000000002547,4.643990391001414,13.156902178027977,25.887374024563005,25.544830657547127,25.544830657547127,0.5859554757403629,0.5101604278074645,36.682637705960566,49.75941078804431,645,True,-0.46042961409098543,-0.4399212805952521,-0.9003508946862375,-0.4794023151964464,-0.2977880152753123,7796.88,-5.043019652378485,False,False,False,False,False,False,False,False,False,False
2026-08-14,645,7792.78,7795.62,7791.8,7793.99,7794.7808931634645,7796.6496563590135,7798.846364396396,3.819999999999709,4.585133934501292,12.747826009336471,24.346839982740253,25.953677340941017,25.953677340941017,0.5122792515362953,0.43721095695479584,39.38970747046391,48.32732346487841,650,True,-0.4075700344296037,-0.47909353767249935,-0.8866635721021031,-0.17249074394829833,-0.3290234213176031,7795.75,-2.2581501900826386,False,False,False,False,False,False,False,False,False,False
2026-08-14,650,7793.83,7795.6900000000005,7791.76,7791.82,7793.7939287756435,7795.683725087211,7798.177186834834,3.930000000000291,4.538338653465507,12.069494772361466,22.840891150575295,26.303730241095593,26.303730241095593,0.43400213187164854,0.5747976064766067,35.797147910568185,46.17132289059987,655,True,-0.4164070722498298,-0.5494217020844918,-0.9658287743343216,-0.4349452357717935,-0.3046072748442472,7795.75,-5.043751010675671,False,False,False,False,False,False,False,False,False,False
2026-08-14,655,7791.64,7793.16,7789.32,7789.32,7792.3026191837625,7794.41098006977,7797.333645231517,3.8400000000001455,4.488457321075124,11.331938467846573,25.328080063344775,27.151907899546615,27.151907899546615,0.5356924139998291,0.5953098827470761,32.01290423245206,44.81318210326558,660,True,-0.4697295162209894,-0.6511513762254622,-1.1208808924464515,-0.6645087544351221,-0.5521438219018935,7795.38,-7.779883224723597,False,False,False,False,False,False,False,False,False,False
2026-08-14,660,7789.18,7792.28,7788.77,7790.900000000001,7791.835079455842,7793.708784055816,7796.720917114229,3.509999999999309,4.4185675124268515,10.688952058623782,24.78004270367609,28.050193829914576,28.050193829914576,0.6988388296578533,0.4782608695651795,36.76573899763893,42.8916370739036,665,True,-0.4240524999798129,-0.6816990008508438,-1.1057515008306567,-0.211625023995107,-0.4433222564309654,7793.99,-3.966165654801417,False,False,False,False,False,False,False,False,False,False
2026-08-14,665,7791.110000000001,7792.02,7787.6900000000005,7787.95,7790.540052970561,7792.557027244653,7795.885591674779,4.329999999999927,4.412241261539214,9.93968655466449,24.791413910206817,29.10104004298183,29.10104004298183,0.9324366006287453,0.44440393729491695,32.05830504913955,40.845146180894616,670,True,-0.4571314564490032,-0.7543931151590535,-1.2115245716080567,-0.5870152643597353,-0.39947185766230753,7793.83,-7.550125514416642,False,False,False,False,False,False,False,False,False,False
2026-08-14,670,7787.88,7789.07,7786.04,7786.08,7789.053368647041,7791.261621795723,7794.95172580099,3.0299999999997453,4.313509742857824,9.440966883279586,26.279794456945684,30.38954931614563,30.38954931614563,1.079213805533005,0.4113557358053172,29.376013918681465,38.352526715309764,675,True,-0.5119388341103247,-0.8554759871302228,-1.3674148212405475,-0.6893153891593857,-0.6448833953387909,7791.64,-7.140948975608265,False,False,False,False,False,False,False,False,False,False
2026-08-14,675,7786.04,7788.35,7785.74,7787.1900000000005,7788.432245764694,7790.447297436579,7794.2125138199435,2.610000000000582,4.191830475510878,9.02108683821642,25.6222183905253,31.64173667136842,31.64173667136842,1.1971809471512813,0.3179687499999502,33.11315882191184,36.37785170405279,680,True,-0.4807092471074685,-0.8982272554582845,-1.378936502565753,-0.2963492373918363,-0.5028369391799621,7791.110000000001,-5.033908251885561,False,False,False,False,False,False,False,False,False,False
2026-08-14,680,7787.110000000001,7788.14,7781.360000000001,7781.360000000001,7786.074830509797,7788.629837949264,7792.988464884711,6.779999999999745,4.376699727260083,8.022895562751907,29.935340406480126,33.5050250837912,33.5050250837912,1.4679950136031248,0.34972067039101135,25.225811630918415,34.33506183051639,685,True,-0.5837748985961068,-0.9958706804352607,-1.5796455790313675,-1.0772570209535084,-0.6805443194314347,7791.110000000001,-12.529943351804825,False,False,False,False,False,False,False,False,False,False
2026-08-14,685,7781.43,7784.56,7780.08,7784.400000000001,7785.516553673198,7787.783870359412,7792.170515848072,4.480000000000473,4.38407831817011,7.437293209472674,29.835786576567024,35.40416260996441,35.40416260996441,1.67153776460626,0.45600642828439036,34.39303558487133,33.77285075679056,690,True,-0.5171706620331545,-1.0005855667494417,-1.517756228782596,-0.25468378805419173,-0.6650638697332055,7787.88,-4.470479420378659,True,False,False,False,False,False,False,False,False,False
2026-08-14,690,7784.3,7785.06,7781.75,7783.01,7784.681035782132,7786.82909628753,7791.298085767303,3.3100000000004,4.307358438300845,7.858210109839231,28.198116413103918,36.90468505841787,36.90468505841787,1.7543161290164828,0.42333901192498424,32.35274949948719,33.512776241409696,695,True,-0.49869555463438825,-1.0375244001137474,-1.5362199547481357,-0.38794908899926134,-0.3235845699004143,7787.1900000000005,-5.370672785979064,False,False,False,False,False,False,False,False,False,False
2026-08-14,695,7783.02,7786.33,7782.25,7782.5,7783.954023854755,7785.963277030024,7790.4601728370835,4.079999999999927,4.29111854985078,9.438525719009489,26.283059374296858,37.63685445147005,37.63685445147005,1.3772764558929491,0.5006535947711768,31.579475566373617,33.362342031904696,700,True,-0.46823529854209356,-1.0479542233145298,-1.5161895218566233,-0.3388449509990211,-0.36413112345673065,7787.110000000001,-5.923546418246813,False,False,False,False,False,False,False,False,False,False
2026-08-14,700,7782.6,7782.74,7779.99,7781.82,7783.242682569837,7785.13462162402,7789.637299233552,2.75,4.181038653432867,8.995096160697553,28.90922819198477,38.70121409537275,38.70121409537275,1.0990171618027798,0.4659832246038542,30.486474369839826,33.59328208081583,705,True,-0.45250455951414176,-1.0769280034842488,-1.5294325629983905,-0.3402701308845536,-0.34401815709468636,7784.400000000001,-3.3154197861179475,False,False,False,False,False,False,False,False,False,False
2026-08-14,705,7781.99,7784.95,7780.2300000000005,7780.53,7782.338455046558,7784.213697299217,7788.769937401785,4.719999999999345,4.2195358924733295,12.017485871511765,26.599367572520723,38.63401371247906,38.63401371247906,0.5764428846870638,0.43407407407401377,28.389438555275547,32.687328522398744,710,True,-0.4444190784118236,-1.0797965033774037,-1.5242155817892273,-0.4285909855119679,-0.38287831869826405,7784.3,-4.845428267740677,False,False,False,False,False,False,False,False,False,False
2026-08-14,710,7780.56,7783.64,7779.900000000001,7783.14,7782.605636697706,7783.998957839373,7788.2337528873295,3.7399999999997817,4.185283328725219,11.25042059558283,25.46475186758591,38.63980861298784,38.63980861298784,0.334318053839264,0.3646616541353062,38.083550078416344,32.78739369185987,715,True,-0.3329096341229995,-1.0118299563833837,-1.344739590506383,0.12767673304849553,-0.15221093103973082,7783.02,0.15417941858927228,True,False,True,False,False,False,False,False,False,False
2026-08-14,715,7783.05,7784.9800000000005,7781.45,7783.650000000001,7782.953757798472,7783.9291662714995,7787.797204993298,3.530000000000655,4.138477376673464,12.877761949763046,23.913274184388026,38.02233023305443,38.02233023305443,-0.22629462077277177,0.22823779193199703,39.87285240134328,32.82190404406554,720,True,-0.23569259518619576,-0.934652619729291,-1.1703452149154867,0.16823631934124345,0.14867853461810424,7783.14,0.6552195949204014,False,False,True,False,False,False,False,False,False,False
2026-08-14,720,7783.8,7787.09,7783.8,7785.9400000000005,7783.949171865649,7784.3313330172,7787.62032832727,3.4399999999996,4.0885861354824735,15.790059281353168,22.47614337911695,36.554489292722636,36.554489292722636,-0.6931748065854748,0.0072689511941538484,47.53214740088492,33.66011829337388,725,True,-0.09347024592066602,-0.8044334156314037,-0.8979036615520698,0.48692336871031927,0.3286063014015907,7783.650000000001,2.941199135878216,True,False,True,False,False,False,False,False,False,False
2026-08-14,725,7785.85,7786.53,7782.63,7783.67,7783.8561145771,7784.199066413761,7787.244106581816,3.899999999999636,4.0751156972336995,14.710664314918318,22.990467791714583,35.51214605357129,35.51214605357129,-1.0425541864721832,0.172380019588644,41.61978644954671,34.3463241660235,730,True,-0.08415757051852332,-0.7472279057307847,-0.831385476249308,-0.045670992169935816,0.22143095943032065,7785.9400000000005,-2.9163620759878524,False,False,True,False,False,False,False,False,False,False
2026-08-14,730,7783.72,7787.16,7783.28,7787.16,7784.957409718067,7784.791253131009,7787.2360964311665,3.880000000000109,4.061178861717014,14.814832211900795,21.42155291556629,34.277870203619244,34.277870203619244,-1.2481533431450629,0.32079646017691993,51.9560642787672,35.431347400389804,735,True,0.04091338813552809,-0.6020033550365396,-0.5610899669010115,0.5423524441871046,0.24826236094198548,7785.9400000000005,1.5666815629823263,True,False,True,False,False,False,False,False,False,False
2026-08-14,735,7787.13,7789.02,7786.92,7787.52,7785.811606478712,7785.337002504808,7787.2631348662935,2.100000000000364,3.9210946573086822,17.63636303960251,20.602079473029978,32.38344022453138,32.38344022453138,-1.3903496893970864,0.2025974025973644,52.92330387561262,36.921704459423594,740,True,0.12103864236463532,-0.49122312257760703,-0.3701844802129717,0.43569300682508577,0.4987107102775251,7787.16,0.46227810650962314,False,False,True,False,False,False,False,False,False,False
2026-08-14,740,7787.56,7788.6900000000005,7786.29,7788.08,7786.567737652475,7785.8856020038465,7787.340931545694,2.4000000000005457,3.8124450389295297,16.843334814879743,20.85604115315754,30.83062017817657,30.83062017817657,-1.5605086251315743,0.3479752916952078,54.52544937770153,38.718092706496456,745,True,0.1789234052329926,-0.3817312845133917,-0.20280787928039912,0.3966646947254357,0.4223871866913439,7787.52,0.7190475701321645,False,False,True,False,False,False,False,False,False,False
2026-08-14,745,7788.05,7789.62,7787.93,7788.63,7787.255158434984,7786.434481603078,7787.463699969913,1.6899999999995998,3.660841821863106,18.102505856933252,20.1683244384951,29.013996829211035,29.013996829211035,-1.75462445813607,0.41957563312795915,56.17346125270266,40.365257165838656,750,True,0.2241770805296141,-0.2811425395898335,-0.05696545906021936,0.37555339233871754,0.3943224062976495,7788.08,0.7061575655798027,False,False,True,False,False,False,False,False,False,False
2026-08-14,750,7788.64,7788.71,7784.59,7785.64,7786.716772289989,7786.275585282463,7787.290014258493,4.119999999999891,3.693638834587162,16.660213011031818,25.020421217962344,28.374266762766876,28.374266762766876,-1.3363911539215003,0.2257683215130258,45.98191660504663,41.8478360925621,755,True,0.11944508580404688,-0.2746421676453611,-0.15519708184131423,-0.291520730155374,0.040349001130922844,7788.63,-3.840403614859898,False,False,False,False,False,False,False,False,False,False
2026-08-14,755,7785.57,7787.68,7785.29,7786.45,7786.627848193327,7786.310468225971,7787.210012900541,2.3900000000003274,3.6005217749738168,15.870289621651061,23.83410889895779,27.780231701068725,27.780231701068725,-1.0167961590359482,0.3600973236009665,48.812272382099664,42.877781578078405,760,True,0.08814832604594561,-0.24983730992067696,-0.16168898387473135,-0.049395116719798744,-0.1742275927942982,7788.64,-2.812578260953977,False,False,False,False,False,False,False,False,False,False
2026-08-14,760,7786.56,7786.56,7783.110000000001,7783.110000000001,7785.455232128885,7785.670374580777,7786.8195354814425,3.449999999999818,3.589770219618531,14.780834709398617,26.535681024989817,27.828123741480166,27.828123741480166,-0.3952910292436229,0.0017472335468693538,39.267791618101846,43.37171315797946,765,True,-0.05993209557444143,-0.32012101899585693,-0.38005311457029833,-0.6533098180120789,-0.3514264378845771,7788.64,-7.105128926611272,False,False,False,False,False,False,False,False,False,False
2026-08-14,765,7783.1900000000005,7783.47,7781.58,7782.92,7784.6101547525905,7785.1202996646225,7786.448151149876,1.8900000000003274,3.468358061074374,14.205515595676243,28.653759481954623,28.24832146637786,28.24832146637786,-0.041981765463005395,0.04332344213652799,38.78248239876808,43.88621364600764,770,True,-0.1470854228568379,-0.3828472902368998,-0.5299327130937377,-0.48730688205439726,-0.581743120291149,7788.64,-7.3494266933236565,False,False,False,False,False,False,False,False,False,False
2026-08-14,770,7782.89,7782.89,7779.76,7780.63,7783.283436501727,7784.222239731698,7785.894041516554,3.1599999999998545,3.446332485283337,13.275138790892287,30.549234504575033,29.046058546797692,29.046058546797692,0.4219422819096555,0.31513353115730397,33.21618706214677,44.081193124029554,775,True,-0.27240645932454677,-0.48509590760471777,-0.7575023669292645,-0.7699305023696085,-0.6301758859401468,7786.56,-7.621490804729554,False,False,False,False,False,False,False,False,False,False
2026-08-14,775,7780.58,7781.68,7778.1,7778.39,7781.652291001152,7783.055791785359,7785.17937089593,3.5799999999999272,3.4558801649059507,12.292858598383546,31.719780641494236,30.124155526638177,30.124155526638177,0.7653439283860036,0.31391200951249243,28.685553534678704,44.10234419398692,780,True,-0.4061196329838027,-0.6144828550872984,-1.020602488071101,-0.9439826745960694,-0.8558930316726432,7786.56,-10.503458942017657,False,False,False,False,False,False,False,False,False,False
2026-08-14,780,7778.42,7780.08,7778.360000000001,7779.58,7780.961527334101,7782.360633428288,7784.64609747727,1.7199999999993452,3.331888724555479,11.839582510916014,30.550173267470146,31.125245579347197,31.125245579347197,0.9589747043231126,0.5220385674931577,34.06086767966646,43.81500973693336,785,True,-0.41991381160932056,-0.6859364876560101,-1.1058502992653307,-0.41463789709418797,-0.6968747637078841,7783.1900000000005,-4.640353335270776,True,False,False,False,False,False,False,False,False,False
2026-08-14,785,7779.57,7781.02,7779.5,7780.12,7780.681018222735,7781.91250674263,7784.2150405746725,1.5200000000004366,3.202468101372976,13.53478919386847,29.514448367249337,31.553406184113644,31.553406184113644,0.8357825457719841,0.5034013605443234,36.50413561471682,43.57438710931718,790,True,-0.3845435710562584,-0.7189872807960274,-1.1035308518522857,-0.17518307910519137,-0.30328882214338976,7782.89,-3.5603563955317354,False,False,False,False,False,False,False,False,False,False
2026-08-14,790,7780.150000000001,7782.26,7779.85,7781.71,7781.02401214849,7781.872005394104,7783.976465281847,2.4099999999998545,3.1458632369891815,15.609649123485017,27.899406298924738,31.317193975791987,31.317193975791987,0.3976794830512702,0.40495867768597815,43.44558652959975,43.282489904225386,795,True,-0.26955820445185585,-0.6689610225257506,-0.9385192269776065,0.21806029055676557,0.019862533645513367,7780.58,1.452122990962281,True,False,True,False,False,False,False,False,False,False
2026-08-14,795,7781.7,7782.37,7779.58,7781.25,7781.0993414323275,7781.747604315284,7783.716801921671,2.7899999999999636,3.1204444343470947,14.612746233280554,26.735667684039335,31.174462375270586,31.174462375270586,0.016405598641129632,0.47186700767268625,41.952862096214986,43.306281021844555,800,True,-0.20774697213664664,-0.6310631859717338,-0.8388101581083804,0.04828112496226233,0.1340588555233975,7781.71,-0.5911646586345849,False,False,True,False,False,False,False,False,False,False
2026-08-14,800,7781.31,7782.56,7779.26,7779.56,7780.586227621552,7781.310083452227,7783.320916024369,3.300000000000182,3.133269831893744,13.513436813567978,25.453855155592475,31.136440481765018,31.136440481765018,-0.13898856744954222,0.42398884239892864,36.73602227862698,42.21913516469168,805,True,-0.23102250029894492,-0.6417680825547927,-0.8727905828537376,-0.3275260914670241,-0.13972129769418365,7781.71,-2.763652443068292,False,False,False,False,False,False,False,False,False,False
2026-08-14,805,7779.55,7779.74,7778.03,7779.17,7780.114151747702,7780.882066761782,7782.925590688715,1.7100000000000364,3.0316077010441935,12.968983195225414,27.326362502027116,31.45743518892061,31.45743518892061,0.046747071042873976,0.5229885057471396,35.58715566127873,40.98083886366783,810,True,-0.2533028972765004,-0.6740726797299198,-0.9273755770064203,-0.3114359906713701,-0.3249726817511486,7781.71,-3.2651298274751213,False,False,False,False,False,False,False,False,False,False
2026-08-14,810,7779.12,7781.13,7779.04,7779.76,7779.996101165135,7780.6576534094265,7782.624105861218,2.0900000000001455,2.964350008112476,15.665185562301534,25.9501972267453,30.975793165333457,30.975793165333457,-0.06622306997904322,0.2999104744852589,38.84228791021707,39.86061304456179,815,True,-0.2231694106570457,-0.6633671619105725,-0.8865365725676182,-0.07964685832931617,-0.19907448675164907,7781.7,-2.493650189722562,False,False,True,False,False,False,False,False,False,False
2026-08-14,815,7779.71,7779.79,7776.31,7777.4400000000005,7779.144067443423,7780.014122727542,7782.130381493483,3.4799999999995634,3.0011821503901253,14.367724309057992,30.29832464778136,31.310809109474604,31.310809109474604,0.05812287590319561,0.41203007518795964,31.745433201807884,38.115753898069315,820,True,-0.28990419125516287,-0.7051417274575921,-0.9950459187127549,-0.5677987399736426,-0.32323406433435387,7781.31,-4.975930383262218,False,False,False,False,False,False,False,False,False,False
2026-08-14,820,7777.4800000000005,7778.26,7776.49,7777.55,7778.612711628949,7779.521298182034,7781.694154684579,1.7700000000004366,2.9132405682194333,13.744195006709838,28.983440479379073,31.621895343319956,31.621895343319956,0.054820051466448895,0.27697841726620587,32.40420952943376,37.14591767838267,825,True,-0.31188174536524504,-0.7458555006575097,-1.0577372460227548,-0.36478677406251614,-0.4748627872607803,7779.76,-2.8415117871309556,False,False,False,False,False,False,False,False,False,False
2026-08-14,825,7777.67,7778.83,7777.42,7777.54,7778.255141085967,7779.125038545628,7781.298520905096,1.4099999999998545,2.805866241918035,14.701899885318408,27.943103466226418,31.581033957979194,31.581033957979194,0.20174693088191256,0.09561304836900106,32.37225451237076,35.97163068768776,830,True,-0.310028128449305,-0.7746208023024561,-1.084648930751761,-0.25487354859726946,-0.3168099548640136,7779.76,-2.8543729765456103,False,False,False,False,False,False,False,False,False,False
2026-08-14,830,7777.72,7779.68,7776.34,7779.27,7778.593427390645,7779.154030836503,7781.105328437944,3.3400000000001455,2.844018653209614,13.46862623769435,28.311546760522493,31.862833704173433,31.862833704173433,0.18400819823294276,0.03287380699888453,43.26184308532753,36.256920078203876,835,True,-0.19711665576636855,-0.6861057677097331,-0.8832224234761016,0.23789316873567062,-0.006780630036371284,7779.71,-0.5656057702067158,False,False,True,False,False,False,False,False,False,False
2026-08-14,835,7779.31,7780.75,7778.32,7779.95,7779.04561826043,7779.313224669203,7780.99529715814,2.430000000000291,2.8144458922660913,15.353575762025793,26.565527897699496,31.497391362945066,31.497391362945066,-0.04150132679162984,0.01776384535006039,47.033264810584335,36.84626167904789,840,True,-0.09508315988880793,-0.5976567158597382,-0.6927398757485462,0.32133562846410535,0.2808642285984444,7779.27,0.8740416069504066,False,False,True,False,False,False,False,False,False,False
2026-08-14,840,7780.04,7782.400000000001,7778.88,7782.05,7780.047078840287,7779.860579735363,7781.095745047841,3.5200000000004366,2.864842614247116,18.12000580119708,24.234044592002924,30.27868818402624,30.27868818402624,-0.434115257984318,0.03373015873017341,56.97037936044758,38.5429897003551,845,True,0.06509924977963778,-0.4311459576645811,-0.3660467078849433,0.6991382876505203,0.5074105790011041,7779.95,2.6985177427546256,True,False,True,False,False,False,False,False,False,False
2026-08-14,845,7782.06,7783.0,7781.110000000001,7782.87,7780.988052560192,7780.462463788291,7781.264721709951,1.889999999999418,2.795210998943709,18.778100486444337,23.063615589986366,28.847510944755548,28.847510944755548,-1.0051075864726282,0.15517241379309893,60.24663699779338,40.79735280486329,850,True,0.1880318774145952,-0.2870115787192996,-0.0989797013047044,0.6732756276785619,0.694915088877299,7782.05,1.0535959099916985,False,False,True,False,False,False,False,False,False,False
2026-08-14,850,7782.84,7784.46,7782.32,7783.39,7781.788701706795,7781.047971030633,7781.467129166146,2.1400000000003274,2.748410213304896,21.52812834012506,21.780896450763674,26.828662907707045,26.828662907707045,-1.5562428184126738,0.41316073354905575,62.29475202547391,42.81405882956382,855,True,0.2695124157873603,-0.15250930646538063,0.11700310932197967,0.582627107646968,0.6336837412686067,7782.87,0.6680893543821349,False,False,True,False,False,False,False,False,False,False
2026-08-14,855,7783.400000000001,7784.67,7782.99,7783.54,7782.372467804531,7781.546376824506,7781.664545436037,1.680000000000291,2.672095198068853,21.122687919589833,20.802747327940114,24.96683827973887,24.96683827973887,-1.770616634762457,0.48394241417497386,62.91479472001385,44.700534479942185,860,True,0.30915477136506847,-0.04422320417923931,0.26493156718582916,0.43693510482440123,0.5181010187584087,7783.39,0.19271436903984074,False,False,True,False,False,False,False,False,False,False
2026-08-14,860,7783.59,7784.43,7782.5,7783.09,7782.611645203021,7781.855101459606,7781.800303013557,1.930000000000291,2.619088398206813,20.01088374831717,21.044126232990422,23.363258896285352,23.363258896285352,-1.8280840161567322,0.3745781777278004,59.606622684823506,45.854894205315304,865,True,0.2888576589980691,0.020922717265511474,0.30978037626358057,0.18264171507409135,0.31420989714945335,7783.54,-0.5781765339984738,False,True,False,False,False,False,False,False,False,False
2026-08-14,865,7783.21,7784.2300000000005,7780.52,7780.88,7782.034430135348,7781.660081167685,7781.712655107503,3.7100000000000364,2.6970106554777575,18.044675649534284,24.220295994764708,22.738145769239726,22.738145769239726,-1.36350571282244,0.3917995444191002,46.188268135834534,46.15742320814527,870,True,0.13880144184907323,-0.01949341197867458,0.11930802987039864,-0.42804062824266675,-0.12533790643222878,7783.59,-3.4828965361244952,False,False,False,False,False,False,False,False,False,False
2026-08-14,870,7780.93,7782.47,7779.9800000000005,7780.35,7781.472953423566,7781.398064934148,7781.582878430599,2.4899999999997817,2.6822241800864735,16.84814089355193,24.05229743931747,22.37212720806176,22.37212720806176,-0.8649036905590369,0.3043478260869823,43.54363435878486,46.643681213870835,875,False,0.02792029464702515,-0.06890307597044416,-0.040982781323419,-0.4186650138726189,-0.4245326650580514,7783.59,-4.164337079951135,False,False,False,False,False,False,False,False,False,False
2026-08-14,875,7780.34,7781.88,7779.900000000001,7781.56,7781.501968949045,7781.430451947319,7781.5806995324465,1.9799999999995634,2.632065310080266,15.942840979953223,22.97699984539012,22.065079000092098,22.065079000092098,-0.432726632064418,0.38653846153851706,50.781699665222675,47.729005785581116,880,False,0.027171438889350055,-0.05708353229387117,-0.029912093404521115,0.022047724550597635,-0.20229786254322477,7783.59,-2.6087314111820064,True,False,False,False,False,False,False,False,False,False
2026-08-14,880,7781.58,7784.06,7781.26,7783.62,7782.207979299364,7781.868361557856,7781.774918624595,2.800000000000182,2.6440606450745454,20.62611494286593,21.238991310056864,20.593568445474816,20.593568445474816,-0.7148591079216366,0.40540540540540543,60.484757215186164,49.27489645022177,885,False,0.12844551888043454,0.03534069214149822,0.16378621102193275,0.5340349145420098,0.2779913074865008,7783.21,0.5267471947498137,True,True,True,True,False,False,False,False,False,False
2026-08-14,885,7783.63,7783.85,7781.87,7783.85,7782.75531953291,7782.264689246285,7781.972545422253,1.980000000000473,2.596627741854969,19.50268784414449,20.082183134919653,19.227165787615913,19.227165787615913,-1.0483204734819485,0.3793774319066773,61.439610283096066,51.39590909888521,890,False,0.18894902750837503,0.1125089358492685,0.3014579633576435,0.4215777446436134,0.4826839687733508,7783.62,0.29548359744917096,False,True,True,True,False,False,False,False,False,False
2026-08-14,890,7783.89,7786.45,7783.89,7785.17,7783.56021302194,7782.845751397029,7782.2770649058475,2.5999999999994543,2.596868617436718,25.259429147328937,18.646011789383653,18.929715741443193,18.929715741443193,-1.0451210862163016,0.3284210526315989,66.64373738804849,53.84158966021483,895,False,0.2751242862708955,0.21898931942989705,0.4941136057007926,0.6198954260722827,0.5207170333905952,7783.85,1.6955313756792838,False,True,True,True,False,False,False,False,False,False
2026-08-14,895,7785.1900000000005,7785.3,7783.150000000001,7783.41,7783.5101420146275,7782.958601117623,7782.384963486243,2.149999999999636,2.5649494304769265,23.747069264922935,19.590365541265413,18.26269928707993,18.26269928707993,-0.7769563861316288,0.05172413793103298,55.423722541690516,55.48812309088053,900,False,0.2150299302008206,0.223644811302994,0.4386747415038146,-0.03904249083344132,0.29428357251356474,7785.17,-2.26121969676558,False,True,False,False,False,False,False,False,False,False
2026-08-14,900,7783.42,7783.71,7781.21,7781.42,7782.813428009752,7782.650880894099,7782.293062201838,2.5,2.5603101854428605,22.090805853117438,23.63630628512667,17.199637472853233,17.199637472853233,-0.67584277158756,0.16540722082287398,45.64800174616998,55.65856299522642,905,False,0.06348727454089839,0.1397559929632462,0.2032432675041446,-0.5442418725959534,-0.29167755392858336,7785.1900000000005,-4.844874071828068,False,True,False,False,False,False,False,False,False,False
2026-08-14,905,7781.41,7783.43,7781.16,7783.110000000001,7782.912285339835,7782.74270471528,7782.370865801663,2.2700000000004366,2.5395737436255446,20.680385546716032,22.267842232860456,16.23510693843486,16.23510693843486,-0.8982029343361108,0.031970260223002776,53.48627452589278,56.11949226060559,910,False,0.06677523146586836,0.1464178445496576,0.21319307601552595,0.07785348256257694,-0.235416150561994,7785.1900000000005,-2.6724535564831116,True,True,True,True,False,False,False,False,False,False
2026-08-14,910,7783.04,7783.1900000000005,7781.860000000001,7781.99,7782.604856893224,7782.592163772224,7782.334592868171,1.3299999999999272,2.4531756190808576,19.879531090289465,21.405513015307648,15.339471442189227,15.339471442189227,-0.974409281630234,0.07790368271956809,48.29373843489591,55.499732194494754,915,False,0.0051741591189106515,0.10499488990904769,0.11016904902795835,-0.2506371286432229,-0.08502086638475782,7785.1900000000005,-4.112058740760047,False,True,False,False,False,False,False,False,False,False
2026-08-14,915,7781.9800000000005,7782.83,7780.75,7781.74,7782.316571262149,7782.421731017779,7782.277964975964,2.0799999999999272,2.426520217717934,18.66234348482536,23.362357943248444,15.042647268980643,15.042647268980643,-0.7189967346241968,0.07072368421049495,47.1444158470298,54.563859255154505,920,False,-0.043337679555234036,0.059247823597479585,0.015910144042245552,-0.23761238745905644,-0.2455013864445331,7783.42,-2.1589001945584037,False,False,False,False,False,False,False,False,False,False
2026-08-14,920,7781.83,7782.97,7780.89,7782.860000000001,7782.497714174767,7782.509384814224,7782.333396883015,2.0799999999999272,2.401768773595219,17.92426617633608,21.91718181614374,14.684030632762823,14.684030632762823,-0.5170254352240123,0.19686274509802826,52.805190776155555,53.88603345163176,925,False,-0.004859185274499516,0.07327430231594807,0.06841511704144855,0.1508412588325497,-0.0446099223351197,7783.110000000001,-0.32121867796671144,False,False,True,False,False,False,False,False,False,False
2026-08-14,925,7783.06,7785.18,7783.01,7783.33,7782.775142783178,7782.67350785138,7782.428311465585,2.319999999999709,2.3959281469098257,23.273094076654985,20.401280709419677,14.104850667007208,14.104850667007208,-0.4115402583940065,0.14737718567854796,55.076573124997694,53.32616048055918,930,False,0.04241985801159106,0.10233878929630028,0.14475864730789134,0.23158341269016547,0.19139619091672838,7783.04,0.3725911659918873,False,True,True,True,False,False,False,False,False,False
2026-08-14,930,7783.360000000001,7784.4400000000005,7782.93,7783.91,7783.153428522119,7782.920806281105,7782.569424659338,1.5100000000002183,2.332647564987711,22.196990909493902,19.702934632212166,13.522533633231259,13.522533633231259,-0.5067045452497947,0.02754036087368666,57.89017173021947,53.2035568409446,935,False,0.0997245552673277,0.15063639575929721,0.2503609510266249,0.3243402429226973,0.2811030509683473,7783.33,0.7451268064506492,False,True,True,True,False,False,False,False,False,False
2026-08-14,935,7784.07,7784.610000000001,7781.5,7783.13,7783.145619014746,7782.962645024884,7782.622812787021,3.110000000000582,2.388172738917202,20.13227301859058,22.147238356923094,12.897054076055461,12.897054076055461,-0.5956588522357874,0.06498194945850183,52.87950229297958,53.681502137883534,940,False,0.0766167316460989,0.14229801401113368,0.2189147456572326,-0.006540152850675506,0.15512957900034163,7783.91,-1.002167508444219,False,True,False,False,False,False,False,False,False,False
2026-08-14,940,7783.1,7784.54,7782.66,7783.54,7783.277079343165,7783.078116019908,7782.710163950162,1.8800000000001091,2.3518746861374096,18.982774417142288,20.882690658125423,12.316251630106505,12.316251630106505,-0.5961996789669008,0.16027531956735022,55.17387460356845,54.51223358393951,945,False,0.08459775702749807,0.1564505421631665,0.24104829919066456,0.11179194979439279,0.052575429198977626,7784.07,-0.6809241039420949,False,True,True,True,False,False,False,False,False,False
2026-08-14,945,7783.53,7784.0,7781.18,7783.87,7783.47471956211,7783.236492815927,7782.820624526336,2.819999999999709,2.385312208556145,17.379767012543493,23.551128777774235,12.513484695289696,12.513484695289696,-0.33634964598052086,0.05263157894736842,57.066784933867645,54.961168245985576,950,False,0.09987235437314142,0.1743454328949938,0.2742177872681352,0.16571433981334613,0.13796958996954897,7784.07,-0.2569415984591445,False,True,True,True,False,False,False,False,False,False
2026-08-14,950,7783.900000000001,7786.06,7783.16,7784.2,7783.716479708074,7783.429194252742,7782.951993619066,2.9000000000005457,2.422075622230745,21.96847226056388,21.53696866683791,11.690509947519105,11.690509947519105,-0.4021813761787853,0.39265536723155603,59.01388433594302,54.85610589746822,955,False,0.11861126576547708,0.19702136023140926,0.31563262599688635,0.19963055136999305,0.1814148001311364,7784.07,0.16700495876276195,False,True,True,True,False,False,False,False,False,False
2026-08-14,955,7783.99,7786.18,7781.06,7786.01,7784.48098647205,7783.945355402194,7783.243232322013,5.119999999999891,2.614784506357113,18.895873305861034,24.261331944283377,11.743499156840715,11.743499156840715,-0.19091749108859682,0.40277777777768653,67.9756275706005,55.3229642751471,960,False,0.20484711782327458,0.2685204377164033,0.4733675555396779,0.5847569940210329,0.3848374148972174,7784.2,2.3246823469278874,False,True,True,True,False,False,False,False,False,False
2026-08-17,570,7790.68,7790.68,7775.17,7775.6,7781.520657648034,7782.276284321755,7782.515305434202,15.510000000000218,3.5358713273316207,12.975429298013031,28.558246983098947,13.584571565641145,13.584571565641145,0.3570289567838163,0.38750758035169813,28.150144933298932,52.5734219569507,575,False,-0.21370310279115684,-0.06759892833175785,-0.2813020311229147,-1.6744550635279538,,,,False,False,False,False,False,False,False,False,False,False
2026-08-17,575,7775.58,7779.88,7774.27,7774.89,7779.310438432023,7780.799027457405,7781.78908586904,5.609999999999673,3.684023375379339,11.564081064519854,27.196929314478353,15.495057488422088,15.495057488422088,1.2681825136343274,0.40412979351029665,26.9391245803004,50.53880781685142,580,False,-0.40406611839928747,-0.26874379197796106,-0.6728099103772485,-1.1998942410531404,,7790.68,-20.30896900149065,False,False,False,False,False,False,False,False,False,False
2026-08-17,580,7774.74,7777.900000000001,7774.12,7775.93,7778.183625621349,7779.825221965924,7781.231077691036,3.780000000000655,3.6908788485665758,10.718130271896708,25.49767485482203,17.303242917519963,17.303242917519963,1.8532479202264163,0.41078838174278065,31.775694217981965,49.54792870769512,585,False,-0.4447711268585088,-0.38089999233052496,-0.8256711191890338,-0.6105932255739343,-0.9041293858726732,7790.68,-18.968792157336807,False,False,False,False,False,False,False,False,False,False
2026-08-17,585,7775.88,7781.0,7772.59,7780.610000000001,7778.9924170809,7779.9821775727405,7781.171927434747,8.409999999999854,4.02795893081181,14.616959292284252,21.69504980305611,17.459612942710333,17.459612942710333,1.2916804590230626,0.1290322580644855,48.900754160214674,49.22039153871811,590,False,-0.24572258775267364,-0.29537288796702765,-0.5410954757197013,0.4015887318827821,-0.07895347410086717,7790.68,-12.942429963717123,True,False,True,False,False,False,False,False,False,False
2026-08-17,590,7780.39,7781.04,7775.93,7779.49,7779.158278053934,7779.883742058193,7781.011743869533,5.109999999999673,4.105247578610943,13.386954095453243,19.766130042071968,17.58689603244062,17.58689603244062,0.6972795146728442,0.20444033302497266,45.80523976522946,49.04264163374194,595,False,-0.17671626141114113,-0.2747707147352918,-0.45148697614643296,0.08080437043414476,0.23741623712605586,7780.610000000001,-1.439683064057927,False,False,True,False,False,False,False,False,False,False
2026-08-17,595,7779.55,7779.57,7772.89,7774.05,7777.455518702623,7778.716993646555,7780.348720643863,6.6799999999993815,4.2891584658529744,11.897736670544234,22.629866145352576,18.55088581060838,18.55088581060838,0.4158809643628061,0.34550989345508754,34.033165039212804,48.10612371889787,600,True,-0.29410779619721034,-0.38043056937588654,-0.6745383655730969,-0.7939829525382628,-0.3583216592515635,7780.610000000001,-8.438330085348563,False,False,False,False,False,False,False,False,False,False
2026-08-17,600,7775.33,7776.55,7771.33,7775.31,7776.740345801749,7778.035594917244,7779.868842487304,5.220000000000255,4.355647146863495,10.879252860477001,23.250933421339756,19.81500110702499,19.81500110702499,0.7851293881048859,0.30335422042017157,38.17351073387976,47.061003715878165,605,True,-0.2973723701260599,-0.42088982606868464,-0.7182621961947445,-0.3283888142267074,-0.5551258333508805,7780.610000000001,-6.81644847600955,False,False,False,False,False,False,False,False,False,False
2026-08-17,605,7775.360000000001,7776.12,7772.04,7775.6,7776.3602305345,7777.548475933796,7779.462286059942,4.079999999999927,4.335958064944669,10.14803612086598,21.6881908371473,20.988822453697555,20.988822453697555,1.1339754737523116,0.3052787006275085,39.162210334016706,45.92426351652238,610,True,-0.2740444860162413,-0.4413811428710024,-0.7154256288872437,-0.17533161601497133,-0.25260580285070827,7780.39,-6.160296311538612,False,False,False,False,False,False,False,False,False,False
2026-08-17,610,7775.63,7778.66,7775.02,7777.860000000001,7776.860153689668,7777.610780747037,7779.309687387567,3.639999999999418,4.2862467745914365,13.765272497301638,20.372604051271004,20.872109456566783,20.872109456566783,0.773741215319467,0.2184700206753598,46.64295007346485,45.12089054103991,615,True,-0.1751245546148019,-0.39636230246948323,-0.5714868570842851,0.23326848940661993,0.027951700921423517,7779.55,-2.1728341728953717,True,False,True,False,False,False,False,False,False,False
2026-08-17,615,7777.81,7777.85,7773.14,7774.54,7776.086769126446,7776.99662459763,7778.855431445893,4.720000000000255,4.317229147834924,12.690309102917556,21.892118829534756,21.281840152269094,21.281840152269094,0.48894634841470125,0.3756960366852167,38.765303779004434,44.1127335043274,620,True,-0.21074986757207864,-0.4305555217506447,-0.6413053893227234,-0.35827820888808365,-0.06334187940700635,7777.860000000001,-4.270349113903355,False,False,False,False,False,False,False,False,False,False
2026-08-17,620,7774.09,7774.360000000001,7771.14,7773.12,7775.097846084298,7776.2212996781045,7778.309199879618,3.399999999999636,4.2517127801324035,11.965440709852622,24.001634998546923,22.1520285999546,22.1520285999546,0.3877353820856821,0.11513463324049525,35.85174646384671,42.732581494347265,625,True,-0.26423553327878624,-0.4910727298584192,-0.7553082631372054,-0.46518807515415356,-0.41449356918102115,7777.860000000001,-6.097937507719797,False,False,False,False,False,False,False,False,False,False
2026-08-17,625,7773.09,7774.4800000000005,7771.01,7774.4800000000005,7774.8918973895325,7775.873039742484,7777.944514176797,3.4700000000002547,4.195876152980107,11.258622910841936,22.80512560145656,22.990937065212496,22.990937065212496,0.706275869548571,0.01847679134744531,40.65737516560083,41.56048079661394,630,True,-0.23383491723294533,-0.49369294011260884,-0.7275278573455541,-0.09816719429133725,-0.28477288016820385,7777.860000000001,-4.347557650158093,False,False,True,False,False,False,False,False,False,False
2026-08-17,630,7774.58,7776.71,7774.13,7776.360000000001,7775.3812649263555,7775.970431793988,7777.793608064721,2.5799999999999272,4.0804564277672375,14.653774484890459,21.77517737501774,22.74506620044322,22.74506620044322,0.4877420160580416,0.018671298306567295,46.849557341782905,40.691600297031066,635,True,-0.14438749146369703,-0.4468069450091702,-0.5911944364728672,0.23985921451945522,0.06945763227094531,7777.81,-1.8646256088964734,True,False,True,False,False,False,False,False,False,False
2026-08-17,635,7776.14,7776.17,7770.22,7771.33,7774.030843284238,7775.04234543519,7777.1780263442715,6.140000000000327,4.227566682926744,13.133579230311272,26.122501062195774,23.483823529135414,23.483823529135414,0.4439316430602709,0.3969204448246163,35.65199541098444,38.38276942848706,640,True,-0.23926344084358764,-0.5051797095729477,-0.7444431504165353,-0.6388647387030313,-0.20367605525237742,7776.360000000001,-6.472508566745532,False,False,False,False,False,False,False,False,False,False
2026-08-17,640,7771.05,7773.64,7770.77,7771.9400000000005,7773.3338955228255,7774.421876348153,7776.679166692436,2.869999999999891,4.1305976341462545,12.481764655113562,24.826051203831206,24.169812477206737,24.169812477206737,0.39295847066474704,0.33012680367286434,37.68403279607808,39.06376141868558,645,True,-0.26339549907587395,-0.5464803266295083,-0.8098758257053823,-0.33745613741269354,-0.4956593657549806,7776.360000000001,-5.687125736946081,False,False,False,False,False,False,False,False,False,False
2026-08-17,645,7771.87,7774.14,7771.87,7773.41,7773.359263681884,7774.219501078523,7776.367817483633,2.2700000000004366,3.9976978031358392,12.868887360298878,23.819129952653267,24.575320043583847,24.575320043583847,0.6100846143802094,0.03386243386244695,42.59832730563334,40.182275899066504,650,True,-0.2151831976804037,-0.5373883947469466,-0.7525715924273502,0.012691384045118506,-0.16799158801519132,7776.360000000001,-3.794988299859042,True,False,True,False,False,False,False,False,False,False
2026-08-17,650,7773.29,7774.85,7770.05,7770.1900000000005,7772.30284245459,7773.413600862818,7775.779453913763,4.800000000000182,4.0550051029118634,11.780802428190091,25.011099145396596,25.388497667741117,25.388497667741117,0.6348913795352343,0.24544582933842402,35.66695892614314,40.46022337822087,655,True,-0.27392281391475815,-0.5834402154625603,-0.8573630293773185,-0.5210455723156404,-0.2542667745337881,7776.14,-7.657470409346255,False,False,False,False,False,False,False,False,False,False
2026-08-17,655,7770.38,7773.8,7769.75,7773.8,7772.801894969727,7773.490880690255,7775.590934493404,4.050000000000182,4.054647595561029,10.940281084478482,23.75513388122322,26.21326868499941,26.21326868499941,0.6811520692642242,0.07444168734491698,46.6215515820222,40.29742319406426,660,True,-0.16992493288002267,-0.5179374418256548,-0.6878623747056775,0.24616320080833176,-0.13746415663029696,7773.41,0.5016851475473094,True,False,True,False,False,False,False,False,False,False
2026-08-17,660,7773.62,7776.35,7772.78,7775.6900000000005,7773.764596646485,7773.930704552205,7775.600369303556,3.5700000000006185,4.020029910163857,14.777196327011046,22.248289585264715,25.782195564340235,25.782195564340235,0.40229184025212916,0.09113817723645332,51.48704618156519,40.703266509516816,665,True,-0.041320067121746754,-0.4153364001422862,-0.4566564672640329,0.4789524945193359,0.36361774030570415,7773.8,2.4306524565669765,True,False,True,False,False,False,False,False,False,False
2026-08-17,665,7775.67,7776.91,7773.74,7774.16,7773.896397764323,7773.976563641764,7775.463191274646,3.1700000000000728,3.9593134880093013,14.942381667331363,20.975935566625584,25.140466309525465,25.140466309525465,-0.08267711940521731,0.01725703905540808,47.54058596992129,41.6680822902817,670,True,-0.020247418569799454,-0.3754761115492217,-0.39572353011902117,0.06657776315888049,0.27643751824931684,7775.6900000000005,-1.9680582853975928,False,False,True,False,False,False,False,False,False,False
2026-08-17,670,7774.02,7776.610000000001,7774.02,7774.17,7773.98759850955,7774.015250913411,7775.34003020087,2.5900000000001455,3.861505381722933,14.226510437022975,19.971004148377883,24.544574858626035,24.544574858626035,-0.5562312754577915,0.05094614264920456,47.570135431983225,42.339269768717664,675,True,-0.007161042424717682,-0.3430732723381395,-0.3502343147628572,0.04723585037944912,0.05774998116534627,7775.6900000000005,-1.9551926443600238,False,False,True,False,False,False,False,False,False,False
2026-08-17,675,7774.3,7778.29,7774.16,7777.93,7775.301732339701,7774.79820073073,7775.586693991264,4.130000000000109,3.8806835687427315,16.237284900554354,18.452857636452833,23.247587380546424,23.247587380546424,-0.844869394597937,0.14993481095174485,57.65872478832936,43.66044937259715,680,True,0.12975332826061775,-0.20318411603688832,-0.07343078777627057,0.6772692526309431,0.3621358326395605,7775.6900000000005,2.8799436353885697,True,False,True,False,False,False,False,False,False,False
2026-08-17,680,7777.87,7779.28,7777.1900000000005,7777.71,7776.104488226468,7775.380560584585,7775.7889136111435,2.089999999999236,3.752777599546768,17.47568333310449,17.718801871143917,21.636387274117453,21.636387274117453,-1.1680263451360038,0.06323185011706668,56.93755441533603,44.39577825415937,685,True,0.19290448812383543,-0.10881354296300118,0.08409094516083425,0.4278195898755558,0.5640861097587708,7777.93,-0.2828596077769095,False,False,True,False,False,False,False,False,False,False
2026-08-17,685,7777.77,7778.79,7776.400000000001,7777.92,7776.7096588176455,7775.888448467668,7775.991874219606,2.389999999999418,3.655436342436243,16.659543064719752,18.434996681410404,20.452292426938545,20.452292426938545,-1.36409414389583,0.3986690865093699,57.5082786377154,45.734562172638725,690,True,0.2246545345199339,-0.028293681587897756,0.19636085293203615,0.3311071699713723,0.3851596214657213,7777.93,-0.012856907759681608,False,False,True,False,False,False,False,False,False,False
2026-08-17,690,7777.9800000000005,7778.6,7773.110000000001,7773.14,7775.519772545097,7775.338758774135,7775.720267151072,5.489999999999782,3.7864766036907813,14.934213292517912,22.732091166048978,20.470166519029007,20.470166519029007,-0.9258069538391389,0.057971014492745346,42.936429520597656,46.240610962406656,695,True,0.047805331950364495,-0.1007555088456031,-0.05295017689523861,-0.6284926051773715,-0.1544221033349883,7777.93,-6.16224588776217,False,False,False,False,False,False,False,False,False,False
2026-08-17,695,7773.12,7774.09,7770.22,7770.37,7773.803181696731,7774.3450070193085,7775.210717898589,3.869999999999891,3.7924425605700036,13.845668593441516,26.518320601805158,21.250578588283815,21.250578588283815,-0.12860289527787927,0.13818181818181083,36.849235139745964,45.96860096055987,700,True,-0.14286975054294837,-0.22827264103646636,-0.37114239157941475,-0.9052692669432214,-0.7663865897753477,7777.9800000000005,-9.793613431536183,False,False,False,False,False,False,False,False,False,False
2026-08-17,700,7770.42,7771.82,7768.2300000000005,7771.6900000000005,7773.098787797821,7773.814005615447,7774.875411432056,3.589999999999236,3.7779823776720916,12.90590110302866,28.48080478105862,22.42072473514746,22.42072473514746,0.6561441027363047,0.0746268656716337,41.309930378820866,45.5729133203483,705,True,-0.1893121105732559,-0.2809451475692984,-0.47025725814255426,-0.37289422156832336,-0.6408141979654975,7777.9800000000005,-8.093477737789287,False,False,False,False,False,False,False,False,False,False
2026-08-17,705,7771.67,7773.08,7771.17,7772.02,7772.739191865215,7773.4552044923585,7774.603467486147,1.9099999999998545,3.6445550649812177,14.892224871072587,27.414667642193468,22.933463014271418,22.933463014271418,0.8210988317474701,0.10582639714622398,42.45317156604348,46.05871161713823,710,True,-0.19646091618249284,-0.3150625997728234,-0.5115235159553163,-0.19733324161422067,-0.2919395680806233,7777.9800000000005,-7.668534049063224,False,False,False,False,False,False,False,False,False,False
2026-08-17,710,7771.99,7775.22,7771.5,7774.18,7773.219461243477,7773.600163593887,7774.563137249371,3.7200000000002547,3.649943988911149,17.99600877181741,25.41889213090581,22.51661191518561,22.51661191518561,0.4220111089672649,0.08835576360444966,49.672123901177876,46.91500383893107,715,True,-0.10430361440260702,-0.2638324474044086,-0.36813606180701564,0.26316534156184884,0.033061725336635484,7773.12,1.363487853381836,True,False,True,False,False,False,False,False,False,False
2026-08-17,715,7774.13,7775.47,7773.77,7774.2300000000005,7773.556307495652,7773.72613087511,7774.531409892288,1.699999999999818,3.5106622754174825,17.88220820670444,24.539690568179164,22.029247060794415,22.029247060794415,-0.13049255811768154,0.004484304932774617,49.835999284983735,47.43198040888467,720,True,-0.04837360194052087,-0.22938094125901615,-0.277754543199537,0.19189897845375914,0.2327525595835992,7774.18,0.06431505113713114,False,False,True,False,False,False,False,False,False,False
2026-08-17,720,7774.26,7774.67,7772.31,7773.09,7773.400871663768,7773.5989047000885,7774.3941327596895,2.3599999999996726,3.428472112887639,17.002974167703737,26.374875608518938,21.998962964681848,21.998962964681848,-0.31150001652985654,0.06451612903224754,45.994519317651665,48.16966329399242,725,True,-0.0577613087695631,-0.23194823624543817,-0.2897095450150013,-0.09067352847918585,0.05291290531702545,7774.2300000000005,-1.4665982254165686,False,False,False,False,False,False,False,False,False,False
2026-08-17,725,7773.27,7773.55,7771.28,7772.2,7773.000581109179,7773.319123760071,7774.185167734957,2.2700000000004366,3.3457241048242676,16.178963960913833,27.295646440982964,22.254073940352832,22.254073940352832,-0.08751265827759269,0.413121845710149,43.07810217971155,47.916559765255954,730,True,-0.09520888181822362,-0.2588509834498236,-0.3540598652680472,-0.23928485556370852,-0.16610048200677527,7774.26,-2.6504721957751993,False,False,False,False,False,False,False,False,False,False
2026-08-17,730,7772.03,7775.1,7772.03,7774.14,7773.38038740612,7773.483299008058,7774.180866045914,3.0700000000006185,3.3260295259082926,18.44100428384294,25.496039648536375,21.811436242095628,21.811436242095628,-0.07260360623292901,0.22899294419494928,50.73795216897186,47.86305305007071,735,True,-0.03094127732074171,-0.20972965886872724,-0.24067093618946894,0.2283842004298909,-0.006158772040067934,7774.26,-0.15435790968504667,True,False,True,False,False,False,False,False,False,False
2026-08-17,735,7774.150000000001,7776.35,7774.07,7775.93,7774.230258270747,7773.972639206447,7774.347450232017,2.280000000000655,3.2513131312006043,20.263443993702428,24.218951898516746,20.888640766507297,20.888640766507297,-0.3701073993915169,0.11589982527661984,56.775672124126494,48.522702061085376,740,True,0.07923539010381708,-0.11527989167617313,-0.036044501572356044,0.5227862284139823,0.3782093916971575,7774.26,2.1476530781528034,True,False,True,False,False,False,False,False,False,False
2026-08-17,740,7775.87,7776.53,7774.21,7774.21,7774.223505513832,7774.020111365157,7774.33435973373,2.319999999999709,3.1847907646862548,19.612780256293078,22.958766658370763,19.95800055127656,19.95800055127656,-0.7653577963587578,0.07583274273561495,50.13341435187083,48.70579341250591,745,True,0.0638642107762904,-0.09867159000109857,-0.03480737922480818,-0.004240628295400966,0.2647326527886369,7775.93,-2.212443450846137,False,False,False,False,False,False,False,False,False,False
2026-08-17,745,7774.3,7775.01,7772.610000000001,7773.56,7774.002337009221,7773.928089092126,7774.26061118766,2.399999999999636,3.1287342814943537,18.538163303052663,25.35359542439272,19.64155889313764,19.64155889313764,-0.723292449652663,0.2660550458715666,47.75801235516707,47.99859966728003,750,True,0.023730975664525183,-0.10628006906841314,-0.08254909340388795,-0.1413788993962102,-0.07284775280339473,7775.93,-3.0487961757545974,False,False,False,False,False,False,False,False,False,False
2026-08-17,750,7773.42,7774.400000000001,7771.26,7771.32,7773.108224672815,7773.406471273702,7773.980552979312,3.1400000000003274,3.129538975673352,17.209582566308136,26.617809710951313,19.771915085858208,19.771915085858208,-0.37224189354969656,0.02865995352445797,40.34655698677732,46.81352842238299,755,True,-0.09530049096860921,-0.1834397047209733,-0.27874019568958247,-0.5714019498447761,-0.35637224833636943,7775.93,-5.932068168600163,False,False,False,False,False,False,False,False,False,False
2026-08-17,755,7771.42,7773.18,7771.39,7773.17,7773.128816448543,7773.359177018961,7773.903357457473,1.860000000000582,3.0388576202681543,16.45718931356905,25.454094068689287,19.892960121955877,19.892960121955877,-0.02168014310689396,0.07969507969504283,47.86401588492638,46.124652511469485,760,True,-0.07580498963881784,-0.17907401613103902,-0.25487900576985684,0.013552313600428127,-0.28745030858044457,7775.87,-3.4734863639928344,True,False,True,False,False,False,False,False,False,False
2026-08-17,760,7773.07,7773.1,7769.91,7770.01,7772.089210965696,7772.68934161517,7773.532561509142,3.2600000000002183,3.0546535045347305,15.202652889936035,26.974482860964763,20.465638238955833,20.465638238955833,0.2746931152727316,0.2702527543745627,38.53287342459824,45.81011279032667,765,True,-0.1964643939427826,-0.27604436729759574,-0.4725087612403783,-0.6806699884648907,-0.3335938775398965,7774.3,-5.521228415407398,False,False,False,False,False,False,False,False,False,False
2026-08-17,765,7769.96,7771.06,7769.06,7770.99,7771.722807310464,7772.349473292136,7773.2904127939855,2.0,2.9793211113536784,14.473692340021236,27.71892461026333,21.246113973960902,21.246113973960902,0.4913996293675649,0.1980440097799753,42.44742450683022,46.209983459404114,770,True,-0.21033851614176827,-0.31582346000351735,-0.5261619761452856,-0.2459645278489521,-0.4719226580581682,7773.42,-3.127014704690511,True,False,False,False,False,False,False,False,False,False
2026-08-17,770,7770.75,7770.79,7767.650000000001,7769.1,7770.848538206977,7771.699578633709,7772.891325861225,3.339999999999236,3.0050838891140756,13.324636411576122,28.869802674341063,22.360087383466045,22.360087383466045,0.8223757538367226,0.2331969608415924,37.29430908657018,45.92315336710049,775,True,-0.2832002227343963,-0.3965770246323287,-0.679777247366725,-0.5818600316983988,-0.41285794490257793,7773.17,-5.238702037558673,False,False,False,False,False,False,False,False,False,False
2026-08-17,775,7769.12,7769.68,7767.0,7767.77,7769.822358804651,7770.913662906968,7772.403580541108,2.680000000000291,2.981863611320234,12.469226357477746,28.57346184333901,23.56563612226452,23.56563612226452,1.033332627769563,0.2524216524216146,34.024292278004296,45.321090560811975,780,True,-0.3659805559764171,-0.4996598866840638,-0.8656404426604809,-0.6882805762340358,-0.637335825353743,7773.07,-6.8230650495564005,False,False,False,False,False,False,False,False,False,False
2026-08-17,780,7767.84,7768.110000000001,7766.4400000000005,7767.12,7768.921572536435,7770.154930325575,7771.900382394336,1.6700000000000728,2.8881590676545086,11.954226823934055,28.778296196482295,24.832645991664357,24.832645991664357,1.1955106725678182,0.4317343173431945,32.45947666429666,44.0916157581776,785,True,-0.4270394255473071,-0.6043476234770316,-1.0313870490243389,-0.623778848128992,-0.6671951320557993,7770.99,-4.982541791551941,False,False,False,False,False,False,False,False,False,False
2026-08-17,785,7767.2,7767.21,7765.51,7766.39,7768.07771502429,7769.40194426046,7771.3755840710655,1.699999999999818,2.803290562822031,11.43641225807543,29.90138696321432,26.24949268235058,26.24949268235058,1.2964684329615122,0.6276315789473735,30.676902521053037,42.72310884646827,790,True,-0.47238386692140055,-0.7040439677499324,-1.176427834671333,-0.6020478385911245,-0.6223556714023593,7770.75,-5.613933886914863,False,False,False,False,False,False,False,False,False,False
2026-08-17,790,7766.41,7766.7,7763.91,7763.91,7766.688476682861,7768.303555408369,7770.664576064298,2.7899999999999636,2.802341236906169,10.623123156912072,31.853202144549975,27.94459813468328,27.94459813468328,1.4596540041395858,0.6453634085213131,25.35516071665056,41.24886894639676,795,True,-0.5763319271179682,-0.8425171869987449,-1.4188491141167132,-0.9914840656337554,-0.7968679274902968,7769.12,-6.710536314820801,False,False,False,False,False,False,False,False,False,False
2026-08-17,795,7763.650000000001,7764.7300000000005,7761.57,7762.6900000000005,7765.355651121908,7767.1808443266955,7769.905092629603,3.160000000000764,2.827888291412926,9.775214608791932,35.22128530873901,29.987928432898787,29.987928432898787,1.7184274804114767,0.6575922565033309,23.13412266078305,39.82429898075901,800,True,-0.6454262038320919,-0.9633507487477557,-1.6087769525798477,-0.9426295692094816,-0.9625782993792034,7767.84,-6.634298162105708,False,False,False,False,False,False,False,False,False,False
2026-08-17,800,7762.68,7763.72,7757.78,7758.38,7763.030434081272,7765.420675461357,7768.807464760117,5.940000000000509,3.0501819848834675,8.415464950200253,39.197290818000816,32.46381758079387,32.46381758079387,2.0714416328144303,0.6956989247311817,17.15997201799273,37.425871827117646,805,True,-0.7836389408668321,-1.1103564690712848,-1.8939954099381169,-1.524641514610919,-1.1992866719815367,7767.2,-11.368352671562503,False,False,False,False,False,False,False,False,False,False
2026-08-17,805,7758.5,7758.72,7755.51,7756.400000000001,7760.820289387515,7763.616540369086,7767.62580144963,3.2100000000000364,3.061597557391794,7.785223432174977,41.55779273098533,35.033864674914724,35.033864674914724,2.3630888467438154,0.8953550453817796,15.139408589449317,34.451853003212136,810,True,-0.913330680846512,-1.309532361908344,-2.222863042754856,-1.4437852476209014,-1.4813709670765252,7766.41,-12.90547161054008,False,False,False,False,False,False,False,False,False,False
2026-08-17,810,7756.28,7758.99,7755.45,7755.56,7759.066859591677,7762.005232295269,7766.476677502046,3.5399999999999636,3.0957691604352346,7.772309702848157,38.16342312885103,37.25716512206968,37.25716512206968,2.4230788963902974,0.880560633759948,14.33387062829948,31.894742737242755,815,True,-0.9491575603068829,-1.444372940955568,-2.393530501262451,-1.1327910480196697,-1.28031977973375,7763.650000000001,-10.431226113910723,False,False,False,False,False,False,False,False,False,False
2026-08-17,815,7755.28,7755.78,7752.51,7752.51,7756.881239727785,7760.106185836215,7765.146517739947,3.269999999999527,3.108214220404113,7.188247810113643,42.051866422519964,39.653316570636704,39.653316570636704,2.396499663280944,1.0,11.774696198888932,29.324505868937173,820,True,-1.037555933970002,-1.6216166410422215,-2.6591725750122235,-1.4063508554492976,-1.2673031459259123,7762.68,-13.11833199828194,False,False,False,False,False,False,False,False,False,False
2026-08-17,820,7752.25,7758.46,7751.83,7758.2,7757.320826485191,7759.7249486689725,7764.484944621857,6.630000000000109,3.3597703475181127,11.872707380430557,36.124508181942886,40.430045105573555,40.430045105573555,1.7987268102196101,0.4892280071813586,35.82285172983724,29.001384064870024,825,True,-0.7155614625736111,-1.4167622963874762,-2.1323237589610873,0.26167666949566315,-0.5196882304100394,7758.5,-0.3866876337297078,True,False,True,False,False,False,False,False,False,False
2026-08-17,825,7758.22,7758.6900000000005,7755.49,7755.49,7756.710550990128,7758.877958935178,7763.628283229299,3.2000000000007276,3.3483581798382995,11.552877635051473,33.658514402870075,41.03460995425145,41.03460995425145,1.2591482773939238,0.519019442096396,31.257700380101227,27.815218671668223,830,True,-0.647304687443883,-1.4187025518131795,-2.0660072392570625,-0.3645222298728865,-0.050976845513552256,7758.2,-3.4942988773114743,False,False,True,False,False,False,False,False,False,False
2026-08-17,830,7755.650000000001,7756.89,7754.63,7755.95,7756.457033993419,7758.292367148143,7762.8970181598415,2.2600000000002183,3.270618309849865,10.982659909889517,33.87541872467813,41.74883410145618,41.74883410145618,0.6985058436064927,0.47592671495527844,32.890820088195625,27.412214861925182,835,True,-0.5611578548303269,-1.4078839459288208,-1.9690418007591477,-0.15502695373902395,-0.2641067865273846,7758.22,-2.9267852422984117,False,False,True,False,False,False,False,False,False,False
2026-08-17,835,7756.07,7756.27,7753.93,7754.71,7755.874689328946,7757.575893718515,7762.117302144618,2.3400000000001455,3.204145573432028,10.409754243059552,33.668800686457764,42.53586464585598,42.53586464585598,0.7019398467608085,0.48707256046707686,30.680416436009224,26.57171428543797,840,True,-0.5309385452628417,-1.4173539628661045,-1.948292508128946,-0.36349451117437864,-0.2608688157342329,7758.22,-4.5262814470176425,False,False,True,False,False,False,False,False,False,False
2026-08-17,840,7754.59,7756.07,7753.63,7754.7300000000005,7755.493126219298,7757.006714974812,7761.413749559417,2.4399999999996,3.1495637467582833,9.833715273961868,32.48605471481094,43.32091808900038,43.32091808900038,0.7621027115829762,0.42657992565053826,30.764844026545504,26.10532392400763,845,True,-0.4805709225832291,-1.3992523850774012,-1.8798233076606303,-0.24229584814171365,-0.30604485307318,7758.22,-4.500479062455794,False,False,True,False,False,False,False,False,False,False
2026-08-17,845,7754.82,7756.43,7753.71,7753.99,7754.992084146199,7756.40337197985,7760.706725791853,2.7200000000002547,3.118880621989853,10.045611224928688,30.46238753752551,43.82669815305305,43.82669815305305,0.6926213505322897,0.41349809885933303,29.28041341728769,25.76647543395645,850,True,-0.4524981891581751,-1.3797750967646623,-1.8322732859228372,-0.32129608909489554,-0.28298780547239405,7756.07,-2.6824899180936876,False,False,True,False,False,False,False,False,False,False
2026-08-17,850,7754.12,7757.8,7753.9400000000005,7757.16,7755.714722764133,7756.554697583881,7760.368942383106,3.8599999999996726,3.1718177204191256,12.257590720819147,27.81440579286521,43.46923122595357,43.46923122595357,0.3111221933658636,0.061306532663327695,42.62257765037817,26.492411218676555,855,True,-0.26482442996031547,-1.2025422440483005,-1.4673666740086158,0.45566213548875445,0.06986421174469512,7756.07,1.4051534324419575,True,False,True,False,False,False,False,False,False,False
2026-08-17,855,7757.110000000001,7758.18,7755.74,7756.4400000000005,7755.956481842755,7756.531758067105,7759.994757394238,2.4400000000005093,3.11954502610351,12.442862212414846,26.26044406431846,42.91437869435955,42.91437869435955,-0.13551313154694355,0.0021459227467791266,40.6623573676246,27.205657993431668,860,True,-0.1844102968658362,-1.1100975617134479,-1.294507858579284,0.15499637068845676,0.3091469071567944,7757.16,-0.9282609031970145,False,False,True,False,False,False,False,False,False,False
2026-08-17,860,7756.38,7757.85,7754.7,7757.41,7756.440987895171,7756.707406453685,7759.748590023359,3.1500000000005457,3.12172038138187,11.54603493265876,26.747345941617816,42.684563618122134,42.684563618122134,-0.38071151164363926,0.09856153436331917,44.528907517898446,28.575211336377944,865,True,-0.08534350485152828,-0.9742011449237757,-1.059544649775304,0.3104096416219985,0.23264900193172539,7757.16,0.32227251105716986,False,False,True,False,False,False,False,False,False,False
2026-08-17,865,7757.47,7758.55,7754.7300000000005,7756.4800000000005,7756.453991930114,7756.661925162948,7759.43729573542,3.819999999999709,3.17159749699743,12.129205369227686,24.44623289068681,42.04107192612426,42.04107192612426,-0.4760530999431036,0.23843843843847196,41.60475472538577,29.89454219813528,870,True,-0.06556104077860372,-0.8750702367179911,-0.9406312774965948,0.00820030596912884,0.1568641947251908,7757.41,-1.198997483393732,False,False,True,False,False,False,False,False,False,False
2026-08-17,870,7756.47,7756.95,7753.150000000001,7753.31,7755.405994620077,7755.991540130359,7758.853743760618,3.7999999999992724,3.21648339006899,11.105661179291117,25.892006939992882,41.89282503394572,41.89282503394572,-0.34051788680460976,0.34607218683649643,33.23546477634284,31.04279168087458,875,False,-0.1820452460876406,-0.8898549388119518,-1.0719001848995924,-0.6516416738068392,-0.32177790138439566,7757.47,-5.365450368939014,False,False,False,False,False,False,False,False,False,False
2026-08-17,875,7753.32,7755.8,7753.32,7755.76,7755.523996413385,7755.945232104287,7758.559101497703,2.4899999999997817,3.1645917193497612,10.481498145933408,24.43681815559884,41.75516720549422,41.75516720549422,-0.30979880420930545,0.019466474405223963,43.174578470347534,33.04530381522445,880,False,-0.1331090163468377,-0.8259736563908,-0.9590826727376377,0.07457631427521479,-0.2938753555608784,7757.47,-2.204812939028588,True,False,True,False,False,False,False,False,False,False
2026-08-17,880,7755.57,7757.63,7755.29,7757.16,7756.069330942257,7756.18818568343,7758.4258537360165,2.3400000000001455,3.105692310824789,14.126263915138956,23.121671902452217,40.497661300424866,40.497661300424866,-0.5144702085664647,0.08170155300473682,48.137837317613666,35.459872864461175,885,False,-0.03826996665404269,-0.7205053909517767,-0.7587753576058194,0.35118387418534014,0.21358726357659222,7757.47,-0.3996307927133128,True,False,True,False,False,False,False,False,False,False
2026-08-17,885,7756.860000000001,7758.38,7756.3,7757.860000000001,7756.666220628172,7756.5225485467445,7758.371962904015,2.0799999999999272,3.032428574337299,15.200776823528166,21.988843959008307,38.90872727723159,38.90872727723159,-0.9946992522380427,0.22074281709885424,50.56650504799412,38.23071635368297,890,False,0.047378554153945714,-0.6098789507927178,-0.562500396638772,0.39367106019629233,0.3766697835697771,7757.16,0.9023106887733571,False,False,True,False,False,False,False,False,False,False
2026-08-17,890,7757.84,7758.82,7756.46,7756.81,7756.7141470854485,7756.580038837396,7758.223204532204,2.3599999999996726,2.9843979618846115,15.395268471669652,20.746820982802074,37.18717400978024,37.18717400978024,-1.5226643985713249,0.13594771241830236,46.86317064791518,39.01931056211712,895,False,0.04493644941623531,-0.5505853159644758,-0.5056488665482405,0.032118006973620786,0.2160623855890028,7757.860000000001,-1.3536492449862532,False,False,False,False,False,False,False,False,False,False
2026-08-17,895,7756.8,7756.97,7755.57,7755.83,7756.4194313903,7756.430031069917,7757.995280291042,1.4000000000005457,2.8712266788928926,14.859077143243718,22.238330096431316,35.95177299630897,35.95177299630897,-1.5152961013719661,0.11840411840413498,43.51678425705417,39.894959410470896,900,False,-0.003691690278337199,-0.5451499989991381,-0.5488416892774753,-0.205289047581313,-0.08595254414637138,7757.860000000001,-2.6173858890675206,False,False,False,False,False,False,False,False,False,False
2026-08-17,900,7755.93,7756.24,7753.68,7753.83,7755.556287593534,7755.910024855934,7757.59858692999,2.5599999999994907,2.8489962018290784,13.90537689255104,25.54951825828032,35.49182771935466,35.49182771935466,-1.1389665192923104,0.23173277661796543,37.387287533277465,40.21613565654817,905,False,-0.12416206879229885,-0.5926866708252577,-0.7168487396175566,-0.6059283590570022,-0.40640962987992857,7757.860000000001,-5.197431462903694,False,False,False,False,False,False,False,False,False,False
2026-08-17,905,7753.84,7754.82,7752.9400000000005,7753.39,7754.834191729023,7755.406019884748,7757.197769127134,1.8799999999991996,2.7797821874126587,13.23363596375348,26.216757218636236,35.30741088489951,35.30741088489951,-0.6265877082935774,0.21646557842443911,36.12782558976314,40.60523631038774,910,False,-0.20570969852060206,-0.6445646175082104,-0.8502743160288124,-0.519534133128093,-0.5702747749285795,7757.84,-5.7394249483126965,False,False,False,False,False,False,False,False,False,False
2026-08-17,910,7753.46,7754.360000000001,7752.22,7752.6,7754.089461152682,7754.844815907799,7756.759886353121,2.1400000000003274,2.7340834597403494,12.493769821107158,26.632047591500733,35.366554268963746,35.366554268963746,-0.19507290911507388,0.3457943925233315,33.82616743222168,40.823902267936035,915,False,-0.2762734811280059,-0.7004433015750522,-0.9767167827030581,-0.5447753057337151,-0.5364965855838387,7756.8,-5.417537342310731,False,False,False,False,False,False,False,False,False,False
2026-08-17,915,7752.58,7755.6,7752.27,7754.22,7754.132974101788,7754.71985272624,7756.517992414729,3.3299999999999272,2.776648926901748,14.613378968290595,24.350656275812145,34.62540205052623,34.62540205052623,-0.28880855627614227,0.1547945205479563,42.305707500322335,41.75428041672423,920,False,-0.21136219950813492,-0.6475934609764488,-0.8589556604845837,0.031342060340821654,-0.25254097500078654,7755.93,-2.205250818264166,False,False,True,False,False,False,False,False,False,False
2026-08-17,920,7754.360000000001,7754.87,7753.24,7753.41,7753.891982734525,7754.457882180992,7756.2219931371355,1.6300000000001091,2.6947454321230597,13.981996568773152,23.298567239963024,33.93718927626283,33.93718927626283,-0.4567405362122277,0.00816993464047783,39.461372646192224,41.52848005928238,925,False,-0.21000107829136536,-0.654648463307278,-0.8646495415986434,-0.17886021023726695,-0.07328277313416681,7754.22,-1.0447016216095888,False,False,True,False,False,False,False,False,False,False
2026-08-17,925,7753.2300000000005,7754.84,7751.610000000001,7751.7300000000005,7753.171321823017,7753.912305744794,7755.7941842669325,3.2299999999995634,2.7329779012570956,12.801655392307785,25.591869663314096,33.89263767979245,33.89263767979245,-0.49130552972376523,0.35135135135132134,34.11026551275437,41.06047349822021,930,False,-0.2711269349950772,-0.6885816827398089,-0.9597086177348861,-0.5273814407184128,-0.35186976020869554,7754.360000000001,-3.3927910285834377,False,False,False,False,False,False,False,False,False,False
2026-08-17,930,7751.610000000001,7751.97,7748.01,7749.860000000001,7752.067547882012,7753.101844595836,7755.229023860558,3.9600000000000364,2.8206223368815913,11.517882084281982,32.14199951918726,34.84588808098196,34.84588808098196,0.07349534348524145,0.6113902847570319,29.158876079184907,39.96261410974068,935,False,-0.36669096046636923,-0.7541524566787272,-1.1208434171450965,-0.7826456782768646,-0.6468199690037905,7754.360000000001,-5.806556505536873,False,False,False,False,False,False,False,False,False,False
2026-08-17,935,7749.7300000000005,7751.2300000000005,7749.28,7750.34,7751.491698588009,7752.549475676669,7754.763402540505,1.9500000000007276,2.7584350271043867,10.936292734739645,30.519006293821242,35.73104916780079,35.73104916780079,0.597953297179321,0.6416382252560457,32.0088855214278,39.27719488088653,940,False,-0.38347000319621094,-0.8026025054357441,-1.186072508631955,-0.41751883828776837,-0.6089044035853612,7754.360000000001,-5.186869221221826,False,False,False,False,False,False,False,False,False,False
2026-08-17,940,7750.41,7750.91,7748.25,7750.04,7751.007799058673,7752.047580541336,7754.313554679505,2.6599999999998545,2.751403953739777,10.181079885395551,31.08545589101577,36.79718625885949,36.79718625885949,0.9681828596890133,0.6171376481313438,31.128344841231936,39.1266863140929,945,False,-0.3779094237505829,-0.8235701395604095,-1.2014795633109925,-0.3517473533313344,-0.38516656992457005,7753.2300000000005,-4.11610778783143,False,False,False,False,False,False,False,False,False,False
2026-08-17,945,7749.89,7753.14,7749.89,7753.1,7751.70519937245,7752.258064433069,7754.197978043361,3.25,2.7870179570440787,15.048327482740282,28.496212959196892,36.37474849261065,36.37474849261065,0.509620137209564,0.2091954022988288,47.65273850193409,39.44655488777765,950,False,-0.19837154591055003,-0.6960535024142805,-0.8944250483248306,0.500463451993613,0.07660545706252962,7751.610000000001,1.9218119203928514,True,False,True,False,False,False,False,False,False,False
2026-08-17,950,7753.14,7753.14,7746.33,7747.46,7750.290132914967,7751.298451546456,7753.556265848755,6.8100000000004,3.0743738172552444,12.667375498718306,32.258669952157504,36.89140049900324,36.89140049900324,0.38678377706748296,0.381665668064712,31.821476433905644,38.28110053894136,955,False,-0.32797528583850083,-0.7343981039739044,-1.0623733898124053,-0.9205558865622532,-0.233434899711319,7753.1,-7.279805252302467,False,False,False,False,False,False,False,False,False,False
2026-08-17,955,7747.58,7749.34,7744.88,7746.14,7748.9067552766455,7750.266761237165,7752.8499548155405,4.460000000000036,3.17334711602273,11.395701218743783,32.284022453389476,37.67212551878218,37.67212551878218,0.2916464199742303,0.4126351735913557,29.261848822134795,36.75933937995141,960,False,-0.42857144547873277,-0.8140280542687581,-1.242599499747491,-0.8718728760164356,-0.8818588050688136,7753.14,-9.036758953491674,False,False,False,False,False,False,False,False,False,False
2026-08-25,570,7676.66,7686.110000000001,7676.66,7686.03,7665.176566532077,7661.780239616196,7659.761233685088,33.29000000000087,5.609195887721,44.67323316334369,12.643779748381691,18.733761369485887,18.733761369485887,1.3827288684866332,0.6468357430670549,83.46562801291066,45.096521312642786,575,False,0.6054926559644783,0.359945698371457,0.9654383543359353,3.717722448162744,,,,True,True,False,False,False,False,False,False,False,False
2026-08-25,575,7685.82,7685.95,7679.6,7681.150000000001,7670.501044354719,7665.654191692957,7661.798259048413,6.4299999999993815,5.667824752883742,41.053188667007184,11.619205477617307,21.387152185422128,21.387152185422128,2.044110458347433,0.47092898519631954,74.15132999206398,47.12157935726593,580,False,0.8551521744379306,0.680319666302821,1.5354718407407517,1.8788434910348106,,7686.03,-6.353215338847958,False,True,True,False,False,False,False,False,False,False
2026-08-25,580,7680.77,7685.2,7677.610000000001,7681.07,7674.024029569813,7668.737353354366,7663.633662948564,7.589999999999236,5.805122984820564,37.219214252175426,12.982659185594876,23.30794049044223,23.30794049044223,2.477225640911279,0.4888165038001809,73.9990330454462,49.275872762121885,585,False,0.9106915097700722,0.8791700742856275,1.7898615840556997,1.2137504146958846,1.5240784839305832,7686.03,-6.457433664841013,False,True,True,True,False,False,False,False,False,False
2026-08-25,585,7681.05,7685.93,7680.77,7683.83,7677.292686379876,7671.755882683493,7665.5571236201295,5.1599999999998545,5.759042771619084,35.74264017725322,12.151785474034423,25.161369793566667,25.161369793566667,2.14253614136026,0.5378866514427826,75.91869143546381,51.76866494679251,590,False,0.9614104141869695,1.0763523226309992,2.0377627368179687,1.1351389248818406,1.1793005008794846,7686.03,-2.863155483658303,True,True,True,True,False,False,False,False,False,False
2026-08-25,590,7683.650000000001,7684.13,7678.4800000000005,7679.12,7677.901790919917,7673.228706146795,7666.848826132498,5.649999999999636,5.751254002217695,33.23454222997329,14.143182381435313,26.242419623583373,26.242419623583373,1.6184224793870818,0.4460277181338753,66.4937316483836,52.99903378012025,595,False,0.8125331921213016,1.109302425494799,1.9218356176161007,0.21181625426606862,0.6742462337098992,7685.82,-8.724958068111734,False,True,False,False,False,False,False,False,False,False
2026-08-25,595,7678.9800000000005,7679.29,7673.79,7676.47,7677.424527279945,7673.876964917436,7667.765128405594,5.5,5.733307287773574,30.95724805240923,19.017114368007224,26.07456952872664,26.07456952872664,0.9222096794281368,0.4137404580152612,61.649366205145355,53.766934372853015,600,True,0.6187636881201429,1.0660228390123776,1.6847865271325204,-0.16648807259653128,0.022995610291249063,7683.83,-9.587740198293842,False,True,False,False,False,False,False,False,False,False
2026-08-25,600,7676.2,7676.74,7670.6,7672.66,7675.836351519964,7673.6335719339495,7668.23130665268,6.139999999999418,5.762356767218277,28.601100203282208,21.5239621481044,25.22059749816527,25.22059749816527,0.019742568199533867,0.3169428113308276,55.15050437234139,54.24473227428839,605,True,0.38227060124885043,0.937509685620703,1.3197802868695534,-0.5512243771566939,-0.3584365709015383,7683.83,-14.558184514888023,False,True,False,False,False,False,False,False,False,False
2026-08-25,605,7672.76,7674.150000000001,7669.83,7672.0,7674.557567679976,7673.30685754716,7668.5902298286155,4.3200000000006185,5.659331283845587,27.041643457282067,21.322228110760683,24.26382634025218,24.26382634025218,-0.659531094443731,0.2892473118279409,54.040312554465565,54.8201826589768,610,True,0.22099963230401673,0.8334249193023476,1.0544245516063644,-0.4519204746463214,-0.5065898170960077,7683.650000000001,-15.185088633994456,False,True,False,False,False,False,False,False,False,False
2026-08-25,610,7671.93,7673.82,7669.29,7670.07,7673.061711786651,7672.659486037728,7668.731160321128,4.529999999999745,5.578664763570884,25.47318512984698,20.776914656393075,23.25598705974503,23.25598705974503,-0.9395274896605367,0.26299157303369586,50.68383390770092,55.57999631574565,615,True,0.0721007205074939,0.704169524982412,0.776270245489906,-0.5362773913549638,-0.4973662786535706,7678.9800000000005,-11.616582377997545,False,True,False,False,False,False,False,False,False,False
2026-08-25,615,7670.22,7674.900000000001,7669.21,7672.02,7672.714474524435,7672.531588830183,7669.044383147688,5.690000000000509,5.586617280458714,25.000851981664717,19.265386066090464,22.52032728869443,22.52032728869443,-0.9000900698236135,0.33898305084746305,53.93589362342958,56.90184284979425,620,True,0.03273639217988804,0.624207012478373,0.6569434046582611,-0.12431038132211754,-0.32991219247973025,7676.2,-5.448369529797082,False,True,False,False,False,False,False,False,False,False
2026-08-25,620,7672.17,7673.66,7667.0,7669.650000000001,7671.692983016291,7671.955271064147,7669.102060943146,6.6599999999998545,5.6632874747116535,22.900788635805423,20.434476447576294,21.31824933638809,21.31824933638809,-0.9818590012880305,0.6348837209301746,49.47500567092538,57.872948322951665,625,True,-0.04631374427446926,0.5038081032865955,0.45749435901212626,-0.36074153491462213,-0.24168449446940093,7672.76,-4.054943837071669,False,False,False,False,False,False,False,False,False,False
2026-08-25,625,7669.55,7670.34,7664.96,7664.96,7669.448655344195,7670.556216851319,7668.707578948561,5.380000000000109,5.6430526550894005,21.341269975159964,21.625099963672167,19.842701982479376,19.842701982479376,-1.1377616924218852,0.6321749316672781,41.781796137317734,57.88988788947448,630,True,-0.19626992247275066,0.3275953665062586,0.13132544403350796,-0.7954303492359718,-0.5787327143394297,7672.17,-9.406441781822783,False,False,False,False,False,False,False,False,False,False
2026-08-25,630,7664.93,7666.55,7650.92,7661.9800000000005,7666.959103562797,7668.840973481056,7668.0668571439355,15.63000000000011,6.356406036868737,17.592924854876156,33.604012950763284,20.65918947369499,20.65918947369499,-0.6203792716664793,0.6695896176779544,37.60222955040488,57.821231944752576,635,True,-0.2960587960150914,0.12178522464268472,-0.17427357137240665,-0.7833205641547706,-0.7447415136849064,7672.17,-13.299434349867266,False,False,False,False,False,False,False,False,False,False
2026-08-25,635,7661.81,7668.84,7661.66,7668.28,7667.399402375198,7668.7287787848445,7668.087156463561,7.180000000000291,6.41523417709242,18.73621681883284,30.917585987270176,20.93586170323198,20.93586170323198,-0.12746254438537008,0.48517940717629,49.59444342383706,59.138699969988295,640,True,-0.20722180561904535,0.10001541698583033,-0.10720638863321502,0.13726663758367325,-0.3194354114638344,7672.17,-5.072845540330201,True,False,False,False,False,False,False,False,False,False
2026-08-25,640,7668.51,7668.7,7660.52,7661.93,7665.576268250133,7667.369023027876,7667.500760609888,8.179999999999382,6.541288878728632,17.062646971978644,29.400782975867898,21.33719370168452,21.33719370168452,0.4981639064017145,0.5102404274265302,40.7202913275998,56.08546163532323,645,True,-0.2740675134488144,-0.020139392167823397,-0.29420690561663776,-0.5574235166389824,-0.2114010462313322,7669.55,-9.945274885048402,False,False,False,False,False,False,False,False,False,False
2026-08-25,645,7662.0,7663.0,7660.34,7660.62,7663.924178833422,7666.0192184223015,7666.8454500756125,2.6599999999998545,6.264053958819433,16.54510626335953,28.714257203904605,21.73365039940859,21.73365039940859,0.3581536419045328,0.48995363214838283,39.09667372910357,53.581557616540344,650,True,-0.3344542691765526,-0.13190046872883052,-0.4663547379053831,-0.5274824985774683,-0.5547882512862842,7668.51,-10.29942746148527,False,False,False,False,False,False,False,False,False,False
2026-08-25,650,7660.22,7666.06,7658.89,7664.92,7664.256119222282,7665.799374737841,7666.662073877935,7.170000000000073,6.328764390332337,18.659845261092023,26.39061220495237,21.406978279010996,21.406978279010996,0.1570388585930059,0.2356881851400654,46.91312644640873,51.64685000232339,655,True,-0.24384783827895906,-0.13631399225592797,-0.380161830534887,0.10489895606355722,-0.20859506633985336,7668.51,-4.683675759173149,True,False,False,False,False,False,False,False,False,False
2026-08-25,655,7664.75,7666.02,7662.610000000001,7664.7300000000005,7664.414079481522,7665.585499790273,7666.478066841941,3.4099999999998545,6.120281219594302,17.91723148174234,25.340333813323067,21.103639881498946,21.103639881498946,-0.07785127339519111,0.22459067037378905,46.61572790748468,49.5537811788963,660,True,-0.19139975218801214,-0.14583758811764572,-0.3372373403056579,0.05161862782823568,0.08004544734506844,7668.51,-4.931680568004019,False,False,False,False,False,False,False,False,False,False
2026-08-25,660,7664.79,7665.49,7661.1900000000005,7662.07,7663.632719654348,7664.882399832219,7666.058250952232,4.299999999999272,5.990261132480372,16.998548715217826,25.734265657410152,21.056425861349492,21.056425861349492,-0.22574151268636555,0.24169184290029946,42.3839183394579,47.83165165683018,665,True,-0.20861864787407605,-0.19629379988754636,-0.4049124477616224,-0.2608767163546317,-0.1040688467742808,7664.92,-3.7196214599975774,False,False,False,False,False,False,False,False,False,False
2026-08-25,665,7662.38,7665.71,7662.35,7664.29,7663.8518131028995,7664.763919865775,7665.889846099638,3.6400000000003274,5.822385337303226,16.509368777868325,24.585095912828063,20.95608242787245,20.95608242787245,-0.15029861704618241,0.2316451902906952,46.90911512682923,46.7787765798076,670,True,-0.15665516966594328,-0.19337885911620678,-0.35003402878215006,0.07525899982830385,-0.09656976411715475,7664.92,-0.8219939485589782,True,False,True,False,False,False,False,False,False,False
2026-08-25,670,7664.28,7665.96,7661.93,7664.22,7663.9745420686,7664.655135892621,7665.730813137768,4.029999999999745,5.694357813210121,15.674798861003069,23.869124841098696,20.939368415873886,20.939368415873886,-0.054757155208353225,0.17476665593821505,46.778786359170525,46.18079672172397,675,True,-0.11952073374130982,-0.18890229248527604,-0.30842302622658585,0.04310546324125275,0.060028264022931425,7664.79,-0.7437156031529744,False,False,True,False,False,False,False,False,False,False
2026-08-25,675,7664.26,7667.43,7663.39,7667.38,7665.109694712401,7665.200108714097,7665.887878553219,4.039999999999964,5.576189397980824,16.74662416562357,22.633882104071198,20.511533215010402,20.511533215010402,-0.1816308821130299,0.081922816519978,53.35969676801877,46.13218130840634,680,True,-0.016214298913373403,-0.12334047322187487,-0.13955477213524828,0.4071427861509879,0.2255808617183166,7664.79,3.3779465736668137,True,False,True,False,False,False,False,False,False,False
2026-08-25,680,7667.32,7669.76,7665.1900000000005,7666.07,7665.429796474934,7665.374086971278,7665.905223452913,4.569999999999709,5.504318726696458,18.777080811605074,21.291600494309023,19.494675408744968,19.494675408744968,-0.4871356730424938,0.1467527807678239,50.45030797359358,46.115500884541525,685,True,0.010121053380400827,-0.09649449968409117,-0.08637344630369034,0.11630931216986494,0.2643841097492106,7667.38,-1.7088286436210474,False,False,True,False,False,False,False,False,False,False
2026-08-25,685,7666.13,7671.95,7665.2,7671.75,7667.53653098329,7666.649269577023,7666.46186883835,6.75,5.593295960503855,19.955209378031064,19.456261694438744,18.192626886123072,18.192626886123072,-0.915580509916938,0.1273394495412895,60.86001726257816,46.610081144480716,690,True,0.15862944005320662,0.033504527562371864,0.19213396761557847,0.7533070029662525,0.43388304284731327,7667.38,5.696223156385297,True,True,True,True,False,False,False,False,False,False
2026-08-25,690,7671.52,7675.14,7668.900000000001,7669.05,7668.041020655527,7667.129415661619,7666.7083575204115,6.239999999999782,5.639489106182135,22.418445343197135,17.91854548991584,17.68999388502557,17.68999388502557,-0.9405131099949445,0.3016949152542164,54.71310576072351,46.984231150894864,695,True,0.16164673372790428,0.07466246202081801,0.23630919574872228,0.1789132535723941,0.4630249534005914,7671.75,-3.5206446691569595,False,True,True,False,False,False,False,False,False,False
2026-08-25,695,7669.12,7674.39,7669.01,7669.360000000001,7668.480680437018,7667.575532529296,7666.96089489942,5.380000000000109,5.620954170026277,20.88577170429329,16.693514855566914,17.223263241149315,17.223263241149315,-0.7571373891985509,0.38672566371682293,55.29630740463851,47.94955338427492,700,True,0.16103100654141475,0.10934756115843129,0.27037856769984603,0.1564359958085613,0.1679696053675933,7671.75,-3.1162965358249157,False,True,False,False,False,False,False,False,False,False
2026-08-25,700,7669.42,7670.27,7667.400000000001,7669.64,7668.867120291346,7667.988426023437,7667.216047766142,2.869999999999891,5.424457443595821,20.09646083884722,18.182664607150524,16.35014314617776,16.35014314617776,-0.6141612466484373,0.25403659849300547,55.873728038119204,49.25466041911166,705,True,0.16198749405737115,0.1423881126040878,0.3043756066614589,0.14248055527971715,0.15229166131514954,7671.75,-2.751106961995182,False,True,False,False,False,False,False,False,False,False
2026-08-25,705,7669.76,7669.76,7663.83,7664.56,7667.4314135275645,7667.30274081875,7666.963090836033,5.930000000000291,5.4605676261961404,18.537596045028998,21.442095493370783,15.701199858112512,15.701199858112512,-0.6629313423043524,0.007243289305499119,44.21658125710126,48.87052740720196,710,True,0.02356398045456566,0.06220049012621906,0.08576447058078472,-0.5258452461588347,-0.19215345020544833,7671.52,-9.08075610341629,False,True,False,False,False,False,False,False,False,False
2026-08-25,710,7664.45,7670.96,7664.2,7670.53,7668.4642756850435,7667.948192655001,7667.302796470697,6.760000000000218,5.553384224325003,18.46924455430143,19.57774241629591,14.787792518241465,14.787792518241465,-0.8118235743026165,0.31590739357730085,56.27689819057747,49.981713611700364,715,True,0.09293126662879023,0.11621673527946498,0.2091480019082552,0.3719757595571958,-0.0725403807893485,7669.76,1.003841977020528,True,True,True,True,False,False,False,False,False,False
2026-08-25,715,7670.56,7674.33,7670.5,7672.87,7669.932850456696,7668.9325541240005,7667.833006330631,3.8299999999999272,5.430285351158926,21.971596590003127,18.591438637639715,14.326742993451933,14.326742993451933,-0.6744667175752758,0.31895910780669307,60.08240105413872,51.48069413491716,720,True,0.1842069556218921,0.20248434884451266,0.38669130446640476,0.5408830942332367,0.4606455770500726,7670.53,3.0497063028568783,True,True,True,True,False,False,False,False,False,False
2026-08-25,720,7672.72,7676.35,7672.49,7673.76,7671.208566971131,7669.898043299201,7668.39748191819,3.860000000000582,5.318122111790474,23.54558985168479,17.627578629044915,14.330080325029515,14.330080325029515,-0.45703984436099887,0.34415584415583966,61.51561909127681,52.5237293238363,725,True,0.2464260211371908,0.28216000863989404,0.5285860297770849,0.47976202411979085,0.5160263770558606,7672.87,1.1597965013244191,False,True,True,True,False,False,False,False,False,False
2026-08-25,725,7673.7300000000005,7674.360000000001,7671.72,7671.79,7671.402377980755,7670.2764346393615,7668.720578878363,2.6400000000003274,5.1268276752340345,22.679552255699672,18.0520013819635,14.11801000955245,14.11801000955245,-0.22326083622967197,0.1662269129287503,56.46701380381098,53.227392602145336,730,True,0.2196179416820357,0.30347338735690205,0.5230913290389377,0.07560660193779685,0.2866348582687926,7673.76,-2.567849224236136,False,True,False,False,False,False,False,False,False,False
2026-08-25,730,7671.93,7673.51,7671.43,7673.34,7672.04825198717,7670.889147711489,7669.16052374709,2.0799999999999272,4.909197127003027,21.993180657489564,17.927626041827985,13.837012812514166,13.837012812514166,-0.16324339364592255,0.271572655958174,59.415279203929686,54.44391837817903,735,True,0.23610872525473148,0.3521194850560709,0.5882282103108024,0.26312816116603427,0.17104324685194883,7673.76,-0.5473496547788482,True,True,True,True,False,False,False,False,False,False
2026-08-25,735,7673.42,7674.08,7672.67,7672.92,7672.338834658114,7671.295318169192,7669.51856910451,1.4099999999998545,4.659254475074229,22.391613733178744,17.540103089172224,13.716477383075086,13.716477383075086,-0.20453431398480978,0.05439330543933337,58.21345320838409,55.251371098290086,740,True,0.22396640803905132,0.3813376311998288,0.6053040392388801,0.12473354803757017,0.20098852345779097,7673.76,-1.0947592311664212,False,True,False,False,False,False,False,False,False,False
2026-08-25,740,7673.06,7674.56,7672.06,7674.42,7673.032556438743,7671.920254535354,7669.985372046937,2.5,4.505022012568927,21.50404815831638,17.81201776301826,13.407489031719185,13.407489031719185,-0.2368403259444213,0.26440177252583874,61.354248955723115,56.292475569472415,745,True,0.2469026566986972,0.4294945691759375,0.6763972258746347,0.3079770880999128,0.21849048657845274,7673.7300000000005,0.899090745619343,True,True,True,True,False,False,False,False,False,False
2026-08-25,745,7674.400000000001,7675.75,7673.96,7675.53,7673.865037625829,7672.642203628283,7670.513431851991,1.7899999999999636,4.3110918688140005,22.83794546730471,17.283753979967248,13.43862270697905,13.43862270697905,-0.13279670184503858,0.29227854097580575,63.63002960862088,57.02607077237257,750,True,0.28364832732797646,0.4937894716860322,0.7774377990140087,0.3862043363572621,0.35401773243467727,7674.42,1.446154206940332,True,True,True,True,False,False,False,False,False,False
2026-08-25,750,7675.4800000000005,7676.75,7675.110000000001,7675.21,7674.31335841722,7673.1557629026265,7670.960724056564,1.639999999999418,4.120299592470102,23.922224622080197,16.792365361754396,13.729564238953431,13.729564238953431,0.00436228529278182,0.26335697399526264,62.437541746727945,57.882301756167884,755,True,0.2809493554083094,0.5327376800643828,0.8136870354726922,0.21761562785835878,0.31085166253874136,7675.53,-0.4169267029823405,False,True,False,False,False,False,False,False,False,False
2026-08-25,755,7675.27,7677.7,7673.99,7677.35,7675.325572278148,7673.994610322102,7671.569226527367,3.7100000000000364,4.09099247872224,22.3726276580615,17.66013111727824,13.589709705551881,13.589709705551881,0.06074022461089849,0.7023613399231158,67.079250373728,58.32653269267858,760,True,0.32533962430105606,0.5928595096053504,0.9181991339064064,0.49485002291788355,0.3570123044505584,7675.53,2.3706096504661356,True,True,True,True,False,False,False,False,False,False
2026-08-25,760,7677.25,7677.29,7673.24,7673.83,7674.827048185432,7673.961688257682,7671.784538286665,4.110000000000582,4.09235015881355,20.76769063957849,17.70231541959465,13.188174820010216,13.188174820010216,-0.08348262898961127,0.20939086294415898,54.59510103796003,58.31810378390976,765,True,0.2114579383894454,0.5320048105677884,0.7434627489572337,-0.24363706592535758,0.1255243926539377,7677.35,-4.587018477084372,False,True,False,False,False,False,False,False,False,False
2026-08-25,765,7673.89,7675.91,7672.55,7673.99,7674.548032123622,7673.967350606146,7671.994582259364,3.3599999999996726,4.040039433183987,19.5339784850488,17.8706345014038,12.563797712730345,12.563797712730345,-0.388588842074362,0.0824742268041106,55.02314627405196,58.298592274582155,770,True,0.14373164596018034,0.48830423054260447,0.6320358765027848,-0.13812541507355544,-0.19245855576046628,7677.35,-4.378426346660059,False,True,False,False,False,False,False,False,False,False
2026-08-25,770,7673.95,7674.01,7671.42,7672.34,7673.812021415749,7673.641880484917,7672.027479187043,2.5900000000001455,3.9364651879565695,18.615950292956448,19.081203110837677,11.75453970069184,11.75453970069184,-0.611723334953347,0.09902370990237506,49.59849373496607,57.85036125292836,775,True,0.043221754215472225,0.41011446076369934,0.45333621497917154,-0.37394498502166207,-0.2578523424490071,7677.35,-6.529950445366366,False,True,False,False,False,False,False,False,False,False
2026-08-25,775,7672.33,7676.63,7671.95,7675.900000000001,7674.508014277167,7674.093504387934,7672.396290693039,4.680000000000291,3.989574817388264,21.746920395097188,17.48239273547211,11.69141315814544,11.69141315814544,-0.49892055395492524,0.2580037664783746,59.3307085808968,58.9299417760566,780,True,0.10389826189639031,0.42541217362263134,0.5293104355190217,0.3489057823322389,-0.010030604334262005,7677.25,-1.7587514167712637,True,True,True,True,False,False,False,False,False,False
2026-08-25,780,7675.88,7676.25,7671.59,7671.59,7673.535342851445,7673.592803510348,7672.319501103226,4.6599999999998545,4.037462330431949,19.954057156697857,16.677998673308352,11.495108409435945,11.495108409435945,-0.3562297677648001,0.09363295880149558,46.97619157068723,58.265605588921595,785,True,-0.014231874925352057,0.3153719596402894,0.30114008471493736,-0.4818231582700989,-0.06852783794860512,7675.900000000001,-5.6181313130660016,False,False,False,False,False,False,False,False,False,False
2026-08-25,785,7671.68,7671.83,7667.67,7668.74,7671.9368952342975,7672.622242808278,7671.978596236252,4.1599999999998545,4.046215021115371,18.488686304137865,22.373259973691923,11.353070675885302,11.353070675885302,-0.13382300826884594,0.19791666666667296,40.67536146064639,56.87938847510072,790,True,-0.16937991935779853,0.15907374389826703,-0.010306175459531487,-0.7900952415070739,-0.6354380648214945,7675.900000000001,-9.336605491907099,False,False,False,False,False,False,False,False,False,False
2026-08-25,790,7668.79,7671.13,7667.57,7670.37,7671.414596822866,7672.171794246623,7671.825396594704,3.5600000000004,4.011485376750016,17.316699281499968,21.133092252314594,11.251112286059438,11.251112286059438,-0.14676695736200074,0.19058823529411806,45.38839142091256,55.72744364150327,795,True,-0.1887573685662024,0.08635146819341495,-0.10240590037278745,-0.260401503373364,-0.5286685178689907,7675.900000000001,-7.209560946865217,False,False,False,False,False,False,False,False,False,False
2026-08-25,795,7670.43,7671.97,7669.76,7671.85,7671.559731215244,7672.107435397299,7671.827739776161,2.2100000000000364,3.882807849839303,18.15795526274618,20.27391773436235,10.840729195758621,10.840729195758621,-0.2181264045591078,0.17021276595740475,49.48751025254205,55.22890767355549,800,True,-0.14105879127591994,0.07203437098988497,-0.06902442028603496,0.07475744254724039,-0.0971369260698961,7675.88,-5.2529702744445546,True,False,False,False,False,False,False,False,False,False
2026-08-25,800,7671.89,7671.89,7668.14,7668.14,7670.419820810163,7671.313948317839,7671.4765264641455,3.75,3.8733215748507814,16.902253167576255,21.85935668486243,10.979869510131758,10.979869510131758,-0.1244003885845147,0.2826869252298734,40.84221970310821,53.90226056635395,805,True,-0.23084257023258434,-0.04197383128781986,-0.2728164015204042,-0.5885957997822329,-0.2568276332028494,7671.85,-4.838200658829959,False,False,False,False,False,False,False,False,False,False
2026-08-25,805,7668.09,7668.09,7664.5,7665.8,7668.879880540109,7670.2111586542715,7670.935904896131,3.6400000000003274,3.8566557480757493,15.76277219996257,27.12728013695545,12.088224444093834,12.088224444093834,0.2790373860114652,0.45815152717173074,36.337816242558254,52.339715068794966,810,True,-0.34518977091133723,-0.18792090588370047,-0.5331106767950378,-0.7985883991968431,-0.6948638536047255,7671.89,-7.9443763208016716,False,False,False,False,False,False,False,False,False,False
2026-08-25,810,7665.81,7667.04,7665.12,7666.14,7667.96658702674,7669.396926923418,7670.479152048881,1.9200000000000728,3.7183231946417723,15.181394115585691,26.126745081299724,13.117411168487191,13.117411168487191,0.7588939909095233,0.3490694507489357,37.46518347666551,50.63335324886227,815,True,-0.38467336533274427,-0.2910519255084134,-0.6757252908411576,-0.49123944614921844,-0.6597688406856748,7671.89,-7.50051525278693,False,False,False,False,False,False,False,False,False,False
2026-08-25,815,7666.09,7667.75,7665.67,7667.17,7667.701058017828,7668.951541538735,7670.163994710892,2.0799999999999272,3.601300109310212,15.963308167316809,25.048887717895038,13.762836111535458,13.762836111535458,0.9276555338012334,0.2978165938864312,41.02449789326688,49.01867241205128,820,True,-0.3472311340214723,-0.336670961973694,-0.6839020959951664,-0.14746286110801482,-0.3273324872965182,7671.89,-6.156117576628997,True,False,False,False,False,False,False,False,False,False
2026-08-25,820,7667.02,7667.81,7666.33,7666.83,7667.410705345219,7668.527233230989,7669.846471405093,1.480000000000473,3.449778672930945,15.59836351105527,24.28129491728627,14.33497874206584,14.33497874206584,0.7489180993240018,0.255210745715596,40.17532123791881,47.42851380427919,825,True,-0.3236520344133119,-0.3824124093687965,-0.7060644437821084,-0.168331188831213,-0.1611354623653892,7668.09,-1.643443248383254,False,False,False,False,False,False,False,False,False,False
2026-08-25,825,7666.77,7668.2,7666.37,7667.09,7667.30380356348,7668.239786584792,7669.583950318894,1.8299999999999272,3.3340801962930153,15.82234892744722,23.329334576062397,14.680630753438543,14.680630753438543,0.5210731949837838,0.4816839803170881,41.222007383102124,45.58156787637735,830,True,-0.2807320058924362,-0.4031587889207173,-0.6838907948131535,-0.06412670088665864,-0.11914963976850024,7667.17,-0.10434206459025162,False,False,False,False,False,False,False,False,False,False
2026-08-25,830,7667.110000000001,7669.29,7666.360000000001,7669.02,7667.875869042321,7668.3958292678335,7669.530240764713,2.9299999999993815,3.3052173251291843,17.17606405375364,21.852125675625032,14.487817227523916,14.487817227523916,0.24166037199615253,0.16153362664987045,48.71511499538845,45.16156887333652,835,True,-0.15731498850598416,-0.3432184287111452,-0.5005334172171294,0.3461590706852204,0.14073619110171215,7667.17,2.412303006121204,True,False,True,False,False,False,False,False,False,False
2026-08-25,835,7669.06,7669.46,7667.45,7668.25,7668.000579361547,7668.366663414267,7669.408313072836,2.0100000000002183,3.2127018019056868,16.78645231375234,20.87558284842855,14.228504125408037,14.228504125408037,-0.03549153888593418,0.03543022415037743,46.078587435168785,44.522671813416295,840,True,-0.11394896734668837,-0.32422855365868464,-0.43817752100537305,0.07763578876343218,0.21688156605573664,7669.02,-1.0041404492556145,False,False,True,False,False,False,False,False,False,False
2026-08-25,840,7668.2300000000005,7668.3,7665.900000000001,7666.35,7667.450386241032,7667.963330731414,7669.117045161137,2.399999999999636,3.154651673198112,15.87425095600857,23.250728507024526,14.558870019321889,14.558870019321889,-0.040586911372217926,0.28510638297866414,40.05999575356989,43.841350529030855,845,True,-0.1625994066921224,-0.3657184847140451,-0.5283178914061675,-0.3488138644213873,-0.1348747327332311,7669.06,-3.5349286166168206,False,False,False,False,False,False,False,False,False,False
2026-08-25,845,7666.27,7668.34,7665.95,7667.25,7667.383590827355,7667.820664585131,7668.939231336267,2.3900000000003274,3.1000336965411273,15.092244253889323,21.970345163500646,14.844527087895099,14.844527087895099,0.11890328679039423,0.3402366863905485,43.9605894360539,42.74348487582779,850,True,-0.14099000222615482,-0.36082406213308216,-0.5018140643592369,-0.0430933468574936,-0.19902639602943487,7669.06,-2.360689947504516,False,False,True,False,False,False,False,False,False,False
2026-08-25,850,7667.22,7668.71,7666.18,7666.18,7666.982393884904,7667.492531668106,7668.67644739948,2.5299999999997453,3.0593170039310285,15.064614885242046,20.672553784569903,14.905073337673326,14.905073337673326,0.22552307075509623,0.18014705882353094,40.44071955917539,42.27666544643409,855,True,-0.16674891243570925,-0.3869869418086032,-0.5537358542443125,-0.2622787647938076,-0.15297282221052566,7669.06,-3.756760211735322,False,False,False,False,False,False,False,False,False,False
2026-08-25,855,7666.14,7666.74,7665.1900000000005,7666.7,7666.888262589937,7667.334025334485,7668.488214313815,1.5499999999992724,2.9515086465073317,14.499524866429713,22.292973074528227,15.353437141725932,15.353437141725932,0.2648557074680144,0.09933774834433629,42.93863287321505,42.438327690189,860,True,-0.15102877813880464,-0.39105051604561075,-0.5420792941844154,-0.06378520698552592,-0.16782205195443148,7668.2300000000005,-1.9956434972030401,False,False,True,False,False,False,False,False,False,False
2026-08-25,860,7666.71,7668.25,7666.610000000001,7667.34,7667.038841726625,7667.335220267589,7668.378860569642,1.639999999999418,2.8578294574710523,17.679280219532693,21.379180772006084,14.93338626595837,14.93338626595837,0.029619726021090642,0.12820512820511326,46.07036463761522,42.48704006281061,865,True,-0.10370756735991024,-0.36518634774539716,-0.46889391510530737,0.10538007178417243,0.01975199799741094,7667.25,0.11738099523452139,False,False,True,False,False,False,False,False,False,False
2026-08-25,865,7667.41,7668.2300000000005,7666.29,7667.84,7667.305894484417,7667.436176214072,7668.32754051539,1.9400000000005093,2.7922702105088706,16.801914158427373,21.136786847163677,14.682858056458462,14.682858056458462,-0.0740717604049544,0.0758776896942331,48.552084304333846,42.420223923652884,870,True,-0.04665799504799906,-0.31922566016844967,-0.3658836552164487,0.19128002496787064,0.1495671489486683,7667.34,0.6520741173524748,False,False,True,False,False,False,False,False,False,False
2026-08-25,870,7667.85,7672.05,7667.85,7671.7300000000005,7668.780596322945,7668.294940971258,7668.651584275829,4.210000000000036,2.893536624043954,24.485638803963496,18.940120765171333,14.546233322507891,14.546233322507891,-0.2690679397393468,0.3957996768982635,63.32406065560302,44.02606970597394,875,False,0.16784143931373607,-0.12325515481892,0.044586284494816074,1.019307532708412,0.6019466219458576,7667.84,5.070564266469658,True,False,True,False,False,False,False,False,False,False
2026-08-25,875,7671.71,7672.09,7670.99,7671.35,7669.637064215297,7668.905952777007,7668.90857624956,1.1000000000003638,2.7654268651836977,23.893268289587514,18.40199322885099,14.434587522352606,14.434587522352606,-0.16626624786858812,0.3408000000000175,61.38704096232447,45.815300043100095,880,False,0.2643756186412597,-0.0009486682095521097,0.2634269504317076,0.6194109872399826,0.8429692212182731,7671.7300000000005,-0.4953495799306629,False,False,True,False,False,False,False,False,False,False
2026-08-25,880,7671.28,7673.82,7671.13,7673.7300000000005,7671.001376143532,7669.870762221606,7669.3677594638875,2.6899999999996,2.760039231956262,26.707076851284558,17.120920295112906,14.965847082617605,14.965847082617605,0.094329675386381,0.3637065637065716,68.23368826528875,48.013050385144616,885,False,0.4096369025611947,0.1822447854707073,0.591881688031902,0.9886177793691748,0.8046189325407603,7671.7300000000005,2.6062944617545836,True,True,True,True,False,False,False,False,False,False
2026-08-25,885,7673.71,7676.63,7673.6900000000005,7676.24,7672.747584095689,7671.144609777285,7670.022258562565,2.9399999999996,2.772893572530786,31.922907193976826,15.824298853312767,16.30516770747818,16.30516770747818,0.5863114616567628,0.5439074200136483,73.7549839056211,50.35094224316992,890,False,0.5780872134016036,0.40475812913926584,0.9828453425408695,1.259484294279537,1.1217595623595058,7673.7300000000005,3.269830020946855,True,True,True,True,False,False,False,False,False,False
2026-08-25,890,7676.29,7676.6,7674.77,7675.37,7673.62172273046,7671.989687821829,7670.531567270892,1.8299999999999272,2.705544031635725,30.380600004372095,15.05977168341506,17.548822573420143,17.548822573420143,1.0380783503558455,0.6603221083455508,69.07349807936919,52.415097731844945,895,False,0.6032187573174277,0.5389380227735939,1.1421567800910217,0.6461832626258495,0.9685100505805989,7676.24,-1.1334958444998624,False,True,True,False,False,False,False,False,False,False
2026-08-25,895,7675.41,7676.14,7673.41,7674.51,7673.917815153641,7672.493750257463,7670.910465626045,2.730000000000473,2.7072908865189214,28.192354540852275,17.56324490447636,17.954634056264908,17.954634056264908,0.9962623245491008,0.5330396475771484,64.51928244322059,54.07918880756768,900,False,0.5260110405087585,0.5848225025622183,1.1108335430709768,0.2187370589943986,0.43225168886704046,7676.29,-2.3193663178492767,False,True,False,False,False,False,False,False,False,False
2026-08-25,900,7674.45,7676.28,7672.47,7672.71,7673.515210102428,7672.537000205971,7671.081849852136,3.8099999999994907,2.786055823196105,25.438515995891116,18.257622256564108,17.84599614924876,17.84599614924876,0.5136094805901928,0.4550522648083619,55.848812118798094,54.58873860209695,905,False,0.35110922340916784,0.5222976301191746,0.8734068535283425,-0.2890143462753794,-0.03823061517470309,7676.29,-4.665887281025775,False,True,False,False,False,False,False,False,False,False
2026-08-25,905,7672.66,7673.16,7670.82,7671.89,7672.973473401619,7672.407600164777,7671.158816532885,2.3400000000001455,2.7541946929678223,23.89473760728123,21.428815331411446,16.959904155175234,16.959904155175234,-0.19630613941496952,0.3542662116041391,52.250200649871935,55.02956811743288,910,False,0.20545869116907478,0.4534115308118326,0.6588702219809074,-0.3933902728028971,-0.34287400031401255,7676.29,-5.735223002414836,False,True,False,False,False,False,False,False,False,False
2026-08-25,910,7671.78,7671.79,7668.6900000000005,7668.87,7671.605648934414,7671.700080131823,7670.9408340059435,3.199999999999818,2.7860379291843933,21.934371507084492,25.131661826543798,16.233711083647123,16.233711083647123,-0.5736409908725951,0.08984145625365639,41.24019898644563,55.11386834835258,915,False,-0.03389444071087673,0.27251823025302896,0.23862378954215224,-0.9819137441587732,-0.6854038661896822,7675.41,-8.527983914188093,False,False,False,False,False,False,False,False,False,False
2026-08-25,915,7668.93,7669.56,7667.1900000000005,7668.2,7670.470432622943,7671.0000641054585,7670.679802195854,2.369999999999891,2.7563209342426434,20.587222232174266,27.47531285445554,16.097840112702578,16.097840112702578,-0.582718678848727,0.02093023255812072,39.17966166284831,54.77237350740933,920,False,-0.1921516017731066,0.11619180684871701,-0.07595979492438959,-0.8237185281063936,-0.908109337914957,7674.45,-8.150543804282622,False,False,False,False,False,False,False,False,False,False
2026-08-25,920,7668.110000000001,7668.51,7666.900000000001,7668.51,7669.816955081963,7670.502051284368,7670.473154367677,1.6099999999996726,2.6744408675110027,19.701979045286038,27.068411950399952,16.073009101031044,16.073009101031044,-0.29563168471473017,0.23641703377388257,40.72135299130592,54.7924187525615,925,False,-0.25616427370935213,0.010804844123295675,-0.24535942958605647,-0.48868348440214393,-0.6688103947930518,7672.66,-5.411742307175235,False,False,False,False,False,False,False,False,False,False
2026-08-25,925,7668.59,7670.14,7668.04,7670.04,7669.891303387975,7670.409641027494,7670.431901570755,2.100000000000364,2.633409376974529,23.000957305948823,25.52658490745631,15.296688739674497,15.296688739674497,-0.31234078132420845,0.08869329722413284,48.0351150536337,55.15645319401998,930,False,-0.19683139433277633,-0.008453126754831324,-0.20528452108760767,0.05646543728627762,-0.2199161437000141,7671.78,-2.268567047889948,True,False,False,False,False,False,False,False,False,False
2026-08-25,930,7669.99,7670.38,7668.2,7669.38,7669.7208689253175,7670.203712821996,7670.331720468778,2.180000000000291,2.6010229929049404,22.283050571386877,23.998396211534455,14.4688063574049,14.4688063574049,-0.5430112517658928,0.3333333333333798,45.32147873343484,55.10296134372139,935,False,-0.18563615085137145,-0.049214346482569116,-0.23485049733394056,-0.13105186930189763,-0.03694167906534199,7670.04,-0.8605650000389268,False,False,False,False,False,False,False,False,False,False
2026-08-25,935,7669.56,7671.42,7669.2,7670.72,7670.053912616879,7670.306970257598,7670.368699471752,2.2200000000002547,2.57380706484032,23.796418189242186,22.519862710452973,13.632189480827257,13.632189480827257,-0.8136065400679288,0.46464646464642057,51.57055322101192,55.31856626634124,940,False,-0.09832036137277723,-0.023983621382286307,-0.12230398275506353,0.2587946051670526,0.06317848417029999,7670.04,0.8864878394730755,True,False,True,False,False,False,False,False,False,False
2026-08-25,940,7670.66,7674.29,7670.64,7672.03,7670.712608411253,7670.651576206078,7670.52691856968,3.649999999999636,2.6506779887802714,29.189730349279966,20.304863398657794,13.940689285158584,13.940689285158584,-0.45199981817197116,0.27110389610391433,56.97818032122242,54.865289099599785,945,False,0.023025129960556348,0.047028585488672975,0.07005371544922932,0.497001746090116,0.3741455922347443,7670.72,1.7075011437644154,False,True,True,False,False,False,False,False,False,False
2026-08-25,945,7671.99,7673.49,7670.91,7673.13,7671.518405607503,7671.147260964863,7670.774831086853,2.5799999999999272,2.6456295610102467,27.156471276845725,18.890494467329955,14.227153389180529,14.227153389180529,-0.0805509894081234,0.10987261146497335,61.08314030954819,54.84358191011576,950,False,0.1402859448315124,0.14077174049552538,0.2810576853270378,0.609153456798222,0.5535517943280002,7672.03,1.4335740434481936,False,True,True,True,False,False,False,False,False,False
2026-08-25,950,7672.9800000000005,7679.62,7670.91,7679.4400000000005,7674.158937071669,7672.805808771891,7671.600085269058,8.710000000000036,3.078798878080946,35.89056230405224,15.073231090882455,16.128592101168973,16.128592101168973,0.8321342067805718,0.3942589338020052,75.91416284879459,55.39218723750904,955,False,0.43949876343391187,0.39162139216603276,0.8311201555999446,1.7152997443025635,1.1193744043989224,7673.13,8.216744970987989,True,True,True,False,False,False,False,False,False,False
2026-08-25,955,7679.42,7680.54,7675.7300000000005,7675.7300000000005,7674.682624714447,7673.390647017513,7671.993410481528,4.809999999999491,3.202456101075128,34.09208544447215,13.45611866978085,18.07655674691694,18.07655674691694,1.378622487252785,0.19238476953907632,60.630666388252465,54.45473598626841,960,False,0.40343338242796983,0.4363015422806108,0.8397349247085806,0.32705375264991743,0.9880601035816801,7679.4400000000005,-4.83341649589034,False,True,False,False,False,False,False,False,False,False
2026-08-27,570,7710.34,7710.34,7690.5,7693.01,7685.438166356389,7685.00748408353,7683.046952273923,34.05000000000018,6.286758322198522,45.11479883248519,17.200611860521743,31.475863093714313,31.475863093714313,-0.7251799634719814,0.13860196973337247,63.25114729303023,63.02090180499207,575,False,0.06850625565464281,0.31185099046734555,0.38035724612198835,1.20440984932967,,,,False,True,False,False,False,False,False,False,False,False
2026-08-27,575,7693.08,7701.12,7689.89,7700.35,7690.408777570927,7688.075987266824,7684.694861581169,11.229999999999563,6.639847013470025,39.664595904390744,15.77886146987085,32.30481929544056,32.30481929544056,0.21629453696229226,0.23080223080223153,69.58292101620567,62.69627424554467,580,False,0.35133193571632343,0.5092174079908822,0.8605493437072057,1.497206548419895,,7710.34,-12.973436272376945,True,True,True,False,False,False,False,False,False,False
2026-08-27,580,7700.55,7710.57,7698.78,7710.57,7697.129185047284,7692.57478981346,7687.159160478201,11.789999999999964,7.007715083936449,44.53019667001222,13.882657739904987,33.7449832048903,33.7449832048903,1.0978896499720108,0.40774240231548603,76.04749486990373,62.194961075165374,585,False,0.6499115873396055,0.7728095777856313,1.422721165125237,1.9180024860778417,1.668306794848765,7710.34,0.29829182537680543,True,True,True,False,False,False,False,False,False,False
2026-08-27,585,7710.68,7715.07,7695.37,7697.95,7697.402790031523,7693.649831850768,7688.186859480276,19.699999999999818,7.914306863655261,40.67420630291367,11.414357860533892,35.34700350591583,35.34700350591583,1.2903801374005053,0.17287113790503816,58.71280097993985,61.339925926747924,590,False,0.4741992249491207,0.6902654224313113,1.164464647380432,0.06914186901061159,0.883717624434669,7710.57,-16.393975019323186,False,True,False,False,False,False,False,False,False,False
2026-08-27,590,7698.34,7711.89,7698.34,7710.34,7701.715193354349,7696.987865480615,7690.2966823869165,13.94000000000051,8.34471351625135,35.820847563032544,10.052365125629937,36.83459378543953,36.83459378543953,1.509924829999657,0.3096757722747022,67.0168189036872,61.07593415791307,595,False,0.5665057122125765,0.8018469514462884,1.368352663658865,1.0335653379656682,0.5495704913216575,7710.68,-0.44096628683060085,True,True,True,True,False,False,False,False,False,False
2026-08-27,595,7710.39,7711.03,7695.110000000001,7702.46,7701.963462236234,7698.082292384493,7691.4550935881625,15.919999999999163,8.885805407947622,31.2367475211083,11.36237055980393,37.53601086509348,37.53601086509348,1.2636758867343925,0.21708185053380952,58.58592571380677,59.96480135892766,600,True,0.43678312472043546,0.74581858279302,1.1826017075134556,0.055879882685956964,0.5132536664185053,7710.68,-10.671915206311041,False,True,False,False,False,False,False,False,False,False
2026-08-27,600,7702.7,7708.1900000000005,7701.14,7706.49,7703.472308157489,7699.763833907595,7692.886989436909,7.050000000000182,8.75467645023709,29.440001100776122,10.708803839516555,38.187326724772156,38.187326724772156,0.9467744062854422,0.2488049169132683,61.381172838550775,59.479160428090175,605,True,0.42359923533144117,0.7855052679301983,1.2091045032616394,0.34469484505377773,0.20070585282367875,7710.68,-5.436975847630387,True,True,False,False,False,False,False,False,False,False
2026-08-27,605,7706.5,7709.46,7699.01,7702.6,7703.18153877166,7700.331067126076,7693.812038061966,10.449999999999818,8.875770989505856,26.96417584677969,11.522358917851165,38.32556396946623,38.32556396946623,0.4969900613422335,0.15766640027400983,57.18951573706102,59.09573375702463,610,True,0.321152004592486,0.734474680770607,1.055626685363093,-0.06551980355812462,0.1372361383440586,7710.39,-10.11346817957568,False,True,False,False,False,False,False,False,False,False
2026-08-27,610,7702.8,7708.43,7702.8,7705.4800000000005,7703.94769251444,7701.360853700861,7694.9232725322545,5.829999999999927,8.658215918826862,25.667297444474315,10.968175526187943,38.453927125253585,38.453927125253585,0.305972086720035,0.31420161883737924,59.49345575378202,58.981355942497736,615,True,0.298772730760121,0.7435228260603446,1.0422955568204657,0.1769772779896371,0.05490557886375866,7710.39,-6.372088435762411,False,True,False,False,False,False,False,False,False,False
2026-08-27,615,7705.2,7711.860000000001,7705.2,7709.53,7705.8084616762935,7702.99468296069,7696.314389433945,6.660000000000764,8.515486210339283,27.11051508659376,10.355442717144722,38.90156019889809,38.90156019889809,0.23807782470864444,0.40526700804682203,62.671612516688555,59.58322489690378,620,True,0.33043077589479103,0.7844876219321544,1.1149183978269455,0.43703180673202563,0.30848771752390225,7706.5,3.9302006737112967,True,True,True,True,False,False,False,False,False,False
2026-08-27,620,7709.59,7713.43,7709.37,7712.610000000001,7708.07564111753,7704.917746368552,7697.866352344998,4.0600000000004,8.197237195315077,27.519462181730464,9.989090211243271,39.4612344396663,39.4612344396663,0.3785568234000228,0.28663351857269076,65.01973847298791,60.2549375541936,625,True,0.38523891327467485,0.8602159307509378,1.2454548440256128,0.5531569691630086,0.503578035468961,7709.53,3.993460060862453,True,True,True,True,False,False,False,False,False,False
2026-08-27,625,7712.6900000000005,7716.89,7710.93,7714.150000000001,7710.100427411687,7706.764197094842,7699.4171759311885,5.960000000000036,8.03743453850686,29.136751562573632,9.460003674508004,40.284025998650804,40.284025998650804,0.610032957799073,0.22051773729626714,66.21517457038478,60.283777703638556,630,True,0.41508646830794416,0.9141002801894089,1.3291867484973532,0.5038389512116791,0.533996975630801,7712.610000000001,1.9963314169415471,False,True,True,True,False,False,False,False,False,False
2026-08-27,630,7714.45,7715.07,7708.31,7711.18,7710.460284941125,7707.6473576758735,7700.537444890123,6.759999999999309,7.946189214327749,27.366231350662034,11.24028539031298,40.39016772357739,40.39016772357739,0.49620250822643425,0.011024760527753169,61.64444515138594,61.663432836166216,635,True,0.35399701534659733,0.8947575490564339,1.2487545644030311,0.09057361201237096,0.3000990486477878,7714.150000000001,-3.851550605744198,False,True,False,False,False,False,False,False,False,False
2026-08-27,635,7711.62,7717.9800000000005,7711.1,7711.24,7710.72018996075,7708.365886140699,7701.556735852969,6.880000000000109,7.870032841875775,28.298523051992614,10.538408091603452,40.771581803963315,40.771581803963315,0.43678245476567196,0.31073182137012184,61.70452416278459,63.465481998585645,640,True,0.2991479028554325,0.8651997297266167,1.1643476325820492,0.06604928463373974,0.07874967760813165,7714.45,-4.1627546283088535,False,True,False,False,False,False,False,False,False,False
2026-08-27,640,7710.97,7714.650000000001,7710.97,7713.7300000000005,7711.723459973834,7709.43870891256,7702.716094343163,3.680000000000291,7.570744781741812,27.31599502721181,10.295165918509642,41.091806631970094,41.091806631970094,0.2692602111064299,0.103133556434449,64.31422239800011,63.54141593465493,645,True,0.3017868290559458,0.8879726847496384,1.189759513805584,0.2650386565672643,0.16684950676919974,7714.45,-0.9334005727441135,True,True,False,False,False,False,False,False,False,False
2026-08-27,645,7713.91,7721.03,7711.6900000000005,7720.62,7714.68897331589,7711.674967130049,7704.421228215242,9.339999999999236,7.697120154474486,30.868980696452322,9.402839143327236,41.96404420528218,41.96404420528218,0.5246254939015955,0.5696361355081653,70.55960265652602,63.61117890896352,650,True,0.3915758264587991,0.9423964767640727,1.3339723032228719,0.7705513965067146,0.5156192544081072,7714.45,7.991586167950337,True,True,True,True,False,False,False,False,False,False
2026-08-27,650,7720.47,7722.22,7717.360000000001,7719.6900000000005,7716.3559822105935,7713.277973704039,7705.875396956648,4.859999999999673,7.494468714869142,30.57330314540013,8.967300805700578,42.86965321722772,42.86965321722772,0.6993571377548022,0.4586518415566804,68.73299514192911,63.08871464267962,655,True,0.4107040303534233,0.9877386948996791,1.3984427252531024,0.4448637943864157,0.61812550202105,7720.62,-1.2047115881588268,False,True,True,False,False,False,False,False,False,False
2026-08-27,655,7719.57,7721.47,7715.900000000001,7721.34,7718.01732147373,7714.890378963231,7707.34821629411,5.569999999999709,7.35700666380704,28.91993954346489,9.899863064292443,43.307235798771025,43.307235798771025,0.7384763889336435,0.7061039939713809,70.26920031226882,63.91417173784597,660,True,0.42502918012585233,1.025167301563718,1.4501964816895703,0.45163456798489215,0.45240521178456533,7720.62,0.9324806316005443,False,True,True,True,False,False,False,False,False,False
2026-08-27,660,7721.38,7724.24,7720.21,7724.09,7720.0415476491535,7716.730303170586,7708.942671885147,4.029999999999745,7.119363330677947,30.52976089753771,9.499582004877453,43.96649807013236,43.96649807013236,0.6674846216167273,0.7046573267701786,72.77703887605969,64.32561602158687,665,True,0.46510401629581444,1.093866252320783,1.5589702686165974,0.568653707193387,0.5176818863392624,7721.34,3.5602899500135288,True,True,True,True,False,False,False,False,False,False
2026-08-27,665,7724.18,7724.54,7721.07,7723.45,7721.177698432769,7718.074242536469,7710.3243221818,3.4700000000002547,6.858694521343827,29.73891620421628,9.156289378745898,44.605902439106174,44.605902439106174,0.5787497406261508,0.605217391304351,71.2045041149043,65.2269430502367,670,True,0.45248492794691286,1.12994103040328,1.582425958350193,0.33130234334823305,0.4607840383041329,7724.09,-0.8286452297876304,False,True,False,False,False,False,False,False,False,False
2026-08-27,670,7723.4400000000005,7726.39,7722.74,7726.33,7722.895132288513,7719.725394029176,7711.8486724502,3.6500000000005457,6.629502055533592,30.562647062498424,8.796205706521853,45.36994726410998,45.36994726410998,0.687570488446319,0.6017543859649027,74.04380806311977,66.13141699484876,675,True,0.4781261447368749,1.1881317047637294,1.6662578495006044,0.5181185076516681,0.4304372508607731,7724.18,2.782692429652417,True,True,True,True,False,False,False,False,False,False
2026-08-27,675,7726.47,7728.9800000000005,7726.09,7727.24,7724.343421525676,7721.228315223341,7713.314513169228,2.8900000000003274,6.362394765852645,32.47874891981212,8.5108118815843,46.30589897157515,46.30589897157515,0.7798003004809289,0.5904375281912373,74.92276657057661,67.3980777686713,680,True,0.48961223202517823,1.2438401490877302,1.7334523811129083,0.4552654434255161,0.4975678513218638,7726.33,1.1776520465261264,False,True,False,False,False,False,False,False,False,False
2026-08-27,680,7727.2,7728.38,7725.21,7725.55,7724.745614350451,7722.092652178673,7714.479797629302,3.1700000000000728,6.134366568291748,31.279910109344943,9.221337289733217,46.88861578877233,46.88861578877233,0.7609044498887177,0.687888942077593,69.97224411896653,68.14656265189878,685,True,0.43247532442733955,1.2410172207056613,1.6734925451330007,0.131127744094489,0.30165821382492725,7727.24,-2.1875465177231392,False,True,False,False,False,False,False,False,False,False
2026-08-27,685,7725.6,7725.6900000000005,7720.25,7720.45,7723.313742900301,7721.764121742939,7715.048388331274,5.440000000000509,6.0847689562709455,29.282384904341253,14.454966282620601,45.960932081636365,45.960932081636365,0.19699493917546107,0.35518704203626134,57.15179841250065,67.75229021588534,690,True,0.25467214425040136,1.1036957130055498,1.3583678572559512,-0.47064118964610996,-0.16922230454019388,7727.24,-8.794824135898768,False,True,False,False,False,False,False,False,False,False
2026-08-27,690,7720.900000000001,7723.9400000000005,7718.46,7719.91,7722.1791619335345,7721.393297394352,7715.5113989663905,5.480000000000473,6.041571173680198,27.385202571860873,15.63473016833138,44.62900968563548,44.62900968563548,-0.558963095313222,0.25771476230190693,55.93110437838421,67.1031020662708,695,True,0.13007618657313708,0.9735709898752258,1.1036471764483629,-0.3755913599793583,-0.42479883843751887,7727.24,-9.49492934503113,False,True,False,False,False,False,False,False,False,False
2026-08-27,695,7720.14,7721.110000000001,7716.71,7717.5,7720.619441289024,7720.614637915482,7715.70078954102,4.400000000000546,5.924316089845937,25.93241412832913,16.915253953073975,42.94441563163789,42.94441563163789,-1.3147333857114798,0.16000000000000186,50.514030614894494,65.98159178373578,700,True,0.0008107895441721046,0.8294372379765502,0.8302480275207222,-0.5265487596737465,-0.4547869442508701,7727.2,-12.568837058632742,False,True,False,False,False,False,False,False,False,False
2026-08-27,700,7717.46,7721.4400000000005,7714.16,7714.38,7718.539627526016,7719.367710332386,7715.575000060922,7.280000000000655,6.021150654856989,23.692833005100674,18.47946554626678,40.75996209976534,40.75996209976534,-1.7336566606236754,0.24481327800832173,44.269421289728676,64.74051865076025,705,True,-0.13752899633923693,0.6298979196616626,0.4923689233224257,-0.6908359820993489,-0.6044582864875281,7725.6,-14.544266681185338,False,False,False,False,False,False,False,False,False,False
2026-08-27,705,7714.360000000001,7714.75,7711.62,7714.59,7717.223085017345,7718.41216826591,7715.481190531311,3.130000000000109,5.814639893795783,22.78184958762253,20.889137836788418,38.15810948872808,38.15810948872808,-2.156966732302467,0.3333333333333333,44.78626307147181,63.532071429952204,710,True,-0.20449817534424836,0.5040686591316181,0.29957048378736983,-0.45283716024339804,-0.5841043183607821,7720.900000000001,-8.179307001409537,False,False,False,False,False,False,False,False,False,False
2026-08-27,710,7714.56,7726.68,7714.56,7726.650000000001,7720.365390011564,7720.059734612728,7716.544886671186,12.11999999999989,6.265022758524648,33.23539709982849,18.002631955072996,37.556059721963095,37.556059721963095,-1.7961186365582644,0.086603518267942,65.4733410821784,63.614865621679215,715,True,0.04878759593017955,0.5610271625525176,0.6098147584826972,1.0031264419407075,0.2914215248561577,7720.14,8.425384869251511,True,True,True,True,False,False,False,False,False,False
2026-08-27,715,7726.6,7726.6,7723.2300000000005,7723.91,7721.546926674377,7720.8297876901825,7717.2463260358345,3.4200000000000728,6.0618068472014635,31.896038567834132,17.27714103841698,36.99701350996704,36.99701350996704,-1.254316196599433,0.014529374605180837,59.751249799525645,62.84284041760777,720,True,0.11830449274794803,0.5911540477411159,0.7094585404890639,0.3898298618198539,0.7132925489086208,7726.650000000001,-3.547426109315996,False,True,True,False,False,False,False,False,False,False
2026-08-27,720,7723.95,7727.16,7723.45,7726.08,7723.057951116251,7721.8798301521465,7718.087628318136,3.7100000000000364,5.893820643829933,31.140594775166143,16.50032025409712,36.54940287247409,36.54940287247409,-0.5362355387513299,0.008077544426494155,62.65888087353334,62.40897511272236,725,True,0.19989087474832337,0.6434199584916837,0.8433108332400071,0.5127487017970649,0.45684476461054035,7726.650000000001,-0.7377609343944387,True,True,True,True,False,False,False,False,False,False
2026-08-27,725,7726.2,7726.33,7722.4400000000005,7723.14,7723.085300744168,7722.131864121718,7718.568806573551,3.889999999999418,5.7506905978420395,29.635969105625627,16.957579052412044,35.882346450093,35.882346450093,-0.5579044239566974,0.12431776834443285,56.443845359414695,61.42144975894706,730,True,0.1657951521176362,0.619587767337621,0.7853829194552572,0.00951177165618089,0.26751118732920914,7726.650000000001,-4.544783598381252,False,True,False,False,False,False,False,False,False,False
2026-08-27,730,7723.18,7725.29,7722.1,7723.900000000001,7723.356867162779,7722.485491297374,7719.076539280833,3.1899999999996,5.56778412656758,28.423140609997056,16.69978635581038,35.17510213067255,35.17510213067255,-0.6073037930981636,0.05148205928235819,57.66502368156882,60.34202010219771,735,True,0.15650316994995062,0.612263683190463,0.7687668531404136,0.09754919100218813,0.05368671624701456,7726.6,-3.495643392586411,False,True,False,False,False,False,False,False,False,False
2026-08-27,735,7723.84,7725.68,7723.4400000000005,7724.64,7723.78457810852,7722.9163930379,7719.606392682658,2.2399999999997817,5.330085260384166,28.09256649611216,16.19848746725624,34.5807633989474,34.5807633989474,-0.656213157842231,0.15131816540268805,58.92645157226532,59.465016349152066,740,True,0.1628838992637854,0.6210032660909417,0.7838871653547271,0.16048934485878966,0.13119440500302115,7726.2,-2.01951158888892,False,True,False,False,False,False,False,False,False,False
2026-08-27,740,7724.610000000001,7724.610000000001,7721.49,7723.57,7723.713052072347,7723.04711443032,7719.983879093834,3.1500000000005457,5.174364884642479,26.871000641646322,18.185960708458456,33.4875438292211,33.4875438292211,-0.7982675402906333,0.12969525159460324,56.2023567796938,58.1906269717645,745,True,0.12869939729282015,0.5920021886314922,0.7207015859243124,-0.027646305495694135,0.06883644998149062,7726.2,-3.4051610848352634,False,True,False,False,False,False,False,False,False,False
2026-08-27,745,7723.55,7727.07,7722.5,7727.01,7724.812034714899,7723.839691544256,7720.65303346585,4.569999999999709,5.1311959643108525,28.585993847971068,17.029034094193953,32.90528071976306,32.90528071976306,-0.7566071369698287,0.32512820512819235,62.476351796520724,57.30159734504622,750,True,0.18949640150277908,0.6210361289201394,0.8105325304229185,0.42835340930048005,0.20023725726425495,7724.64,3.067163107074911,True,True,True,True,False,False,False,False,False,False
2026-08-27,750,7726.95,7729.35,7726.39,7729.1900000000005,7726.2713564766,7724.909753235405,7721.466077897674,2.9600000000000364,4.976110538288651,30.644191382927502,16.305492218739126,32.73637253417077,32.73637253417077,-0.6147969549255426,0.5231367008124069,65.9534511291817,57.01454070291874,755,True,0.27362801342892124,0.6920415676528796,0.9656695810818008,0.5865310870695192,0.5141172778555444,7727.01,2.8204766605560105,True,True,True,True,False,False,False,False,False,False
2026-08-27,755,7729.12,7733.06,7728.96,7733.04,7728.5275709844,7726.535802588325,7722.568356193134,4.100000000000364,4.913531214125202,34.21100085307922,15.333649432774468,33.119609835796474,33.119609835796474,-0.12264466447487621,0.5774647887323591,71.2470518577765,58.02134452043844,760,True,0.4053639448445867,0.807453178232802,1.2128171230773888,0.9183678334286064,0.7561845254630545,7729.1900000000005,4.978637120717666,True,True,True,True,False,True,False,True,False,True
2026-08-27,760,7733.110000000001,7735.43,7733.0,7734.650000000001,7730.568380656267,7728.158642070661,7723.718988936645,2.430000000000291,4.736136127401994,36.53156741662339,14.771696953862,33.783509315090306,33.783509315090306,0.29274286510908115,0.3720930232557825,73.20688443098183,59.2553288099097,765,True,0.5087984214948036,0.9373998159237024,1.4461982374185058,0.8618036378046592,0.9072847705550624,7733.04,2.0815421512293146,True,True,True,True,False,True,False,True,False,False
2026-08-27,765,7734.83,7736.99,7734.400000000001,7735.1,7732.078920437512,7729.546913656529,7724.8028947522025,2.589999999999236,4.582840689730369,37.48829217919377,14.17539345533815,34.593568865628335,34.593568865628335,0.6190654438191885,0.5825091098386236,73.76908235119375,60.916403933931065,770,True,0.5524972287728457,1.0351699361832893,1.587667164956135,0.6592154881704512,0.7749231739760352,7734.650000000001,0.5817636488213702,False,True,True,True,False,True,False,True,False,False
2026-08-27,770,7735.16,7737.96,7734.12,7737.05,7733.735946958342,7731.047530925223,7725.969285728183,3.8400000000001455,4.529780640463924,36.74787408053604,13.317049922221633,35.465519540196325,35.465519540196325,0.781969901466617,0.5776724591890392,76.20328965758799,63.19739453163531,775,True,0.5934980623792332,1.1210797166813378,1.714577779060571,0.7316144654013842,0.6992758708399136,7735.1,2.5203404398314837,False,True,True,True,False,False,False,False,False,False
2026-08-27,775,7737.18,7738.31,7735.17,7737.97,7735.147297972228,7732.432024740179,7727.1122108969275,3.1400000000003274,4.430510594716525,35.451855695323225,12.642900974796442,36.31977057563926,36.31977057563926,0.8454204201829848,0.8738951090158462,77.32037336269451,65.52125955243693,780,True,0.6128578578024854,1.2007225193402562,1.8135803771427417,0.6371053555628422,0.6925561894322508,7737.05,1.1889423194973265,False,True,True,True,False,False,False,False,False,False
2026-08-27,780,7737.99,7739.47,7737.59,7738.39,7736.228198648153,7733.6236197921435,7728.186286049601,1.8800000000001091,4.248331266522495,36.28160184734538,12.243270889114847,37.26394152293041,37.26394152293041,0.8901242191006915,0.8713168971737159,77.85428871841427,66.4056129550252,785,True,0.6130828065443064,1.2798751795532703,1.8929579860975767,0.5088589415996451,0.5866425034814752,7737.97,0.5427485562243215,False,True,False,False,False,False,False,False,False,False
2026-08-27,785,7738.32,7740.33,7735.6,7740.16,7737.538799098769,7734.930895833715,7729.326639759163,4.729999999999563,4.282736176056572,33.419413322412645,14.59639486831394,37.40235364224865,37.40235364224865,0.6456113673507744,0.8788221970554279,80.07785051518292,67.85751300614358,790,True,0.6089339052996271,1.3085690652353144,1.9175029705349413,0.6120388446724622,0.5584049608077466,7738.39,2.286774433602829,False,True,True,True,False,False,False,False,False,False
2026-08-27,790,7740.1900000000005,7741.27,7738.97,7739.4400000000005,7738.172532732514,7735.832716666972,7730.289816924957,2.300000000000182,4.141112163481115,33.714974871409176,14.017328409287705,37.67839335610222,37.67839335610222,0.4528742601543196,0.9168110918544926,76.56003201099514,68.85045237310514,795,True,0.565021176237502,1.3385050979530662,1.9035262741905683,0.3060692918834505,0.4695197829962753,7740.16,-0.9302998666561729,False,True,False,False,False,False,False,False,False,False
2026-08-27,795,7739.45,7740.24,7738.2,7739.28,7738.5416884883425,7736.522173333578,7731.146024836867,2.0399999999999636,3.991032723232462,32.48402693839313,14.883639272412102,37.641148550537345,37.641148550537345,0.12573567586897857,0.8745545260156629,75.72834580052542,70.22791669032733,800,True,0.5060131787464908,1.3470569823735774,1.8530701611200682,0.1849925978705703,0.2512856844633968,7740.1900000000005,-1.1758199729183645,False,True,False,False,False,False,False,False,False,False
2026-08-27,800,7739.33,7740.7300000000005,7738.6,7740.05,7739.044458992229,7737.227738666863,7731.994022471451,2.130000000000109,3.8581018144301513,32.11021288700812,14.296708311928107,37.69431279228866,37.69431279228866,0.09731971668000483,0.8605388272583017,77.07656455356782,71.61445532404154,805,True,0.4708844952124236,1.3565521199665316,1.8274366151789552,0.2606310191219491,0.22599876873490315,7740.1900000000005,-0.18087738451344296,False,True,False,False,False,False,False,False,False,False
2026-08-27,805,7739.97,7739.97,7734.88,7735.14,7737.742972661486,7736.810190933491,7732.293639378931,5.170000000000073,3.951808827685146,29.109601415427573,19.684584942336258,36.381566127391075,36.381566127391075,-0.4322757429037149,0.15350877192984788,55.11460901949175,71.3421808559863,810,True,0.23603918323697298,1.142907400509356,1.3789465837463288,-0.6586787911526675,-0.2021139841736627,7740.1900000000005,-6.528647186735058,False,True,False,False,False,False,False,False,False,False
2026-08-27,810,7735.18,7738.49,7734.860000000001,7735.400000000001,7736.961981774325,7736.528152746793,7732.589483247604,3.6299999999991996,3.9288224828504354,27.188490490076244,18.42184666744805,35.15579275497238,35.15579275497238,-0.8284519318549878,0.06082725060827286,55.86379225778794,71.31799767585015,815,True,0.11042215051087709,1.002506353082015,1.1129285035928922,-0.39756995413833884,-0.5300512372330617,7740.05,-6.01132455981544,False,True,False,False,False,False,False,False,False,False
2026-08-27,815,7735.45,7737.14,7734.99,7735.2,7736.374654516217,7736.262522197435,7732.838103890689,2.1500000000005457,3.8017637340754433,26.09021726287945,17.677700132436573,34.01757462344074,34.01757462344074,-1.2255793896159755,0.008278145695318491,55.068375972092326,70.78885654553385,820,True,0.029494815202923727,0.9007446401922664,0.9302394553951902,-0.3089762011479914,-0.35991667051938236,7740.05,-6.270038266625768,False,True,False,False,False,False,False,False,False,False
2026-08-27,820,7735.1900000000005,7737.7300000000005,7734.45,7734.6,7735.783103010812,7735.930017757948,7733.0059035201475,3.280000000000655,3.7644948959272444,25.585958517550463,16.577517314566858,33.113855646841195,33.113855646841195,-1.08923682684996,0.22833178005589097,52.54340685654786,69.83099624034571,825,True,-0.039026416876039444,0.7767613766627907,0.7377349597867512,-0.31427935048907824,-0.31315722191273315,7739.97,-6.942828329842384,False,False,False,False,False,False,False,False,False,False
2026-08-27,825,7734.71,7734.85,7730.9400000000005,7731.75,7734.438735340542,7735.094014206359,7732.886293661086,3.9099999999998545,3.7748881176467166,23.69297719530847,21.992661861919583,31.01442110234806,31.01442110234806,-1.3804572175414407,0.49131121642969033,42.20289232181787,67.75641341634868,830,True,-0.17358895029339638,0.5848439679451045,0.4112550176517082,-0.7122688823471663,-0.5128414711484713,7735.45,-4.7854625408217,False,False,False,False,False,False,False,False,False,False
2026-08-27,830,7731.84,7732.62,7730.28,7731.83,7733.569156893695,7734.441211365088,7732.785694264792,2.3400000000001455,3.6723961092433903,22.614631672428434,22.27541169162869,28.853081640849656,28.853081640849656,-1.7214976608636938,0.5324675324675382,42.559866670279966,65.56734071915568,835,True,-0.23746198543165017,0.4508002543975745,0.21333826896592428,-0.4735755190781476,-0.6028614700750579,7735.45,-4.681944636651208,False,False,False,False,False,False,False,False,False,False
2026-08-27,835,7731.84,7732.860000000001,7729.89,7730.610000000001,7732.582771262464,7733.674969092071,7732.578485287193,2.9700000000002547,3.6222249585831663,21.290160489363295,21.739869251066256,26.866797556793152,26.866797556793152,-2.082352696682681,0.8113848768053457,38.482187766346705,63.04684824880947,840,True,-0.3015267803890516,0.30271002420194715,0.001183243812895519,-0.544629691700647,-0.5123823338690883,7735.1900000000005,-5.924500136470378,False,False,False,False,False,False,False,False,False,False
2026-08-27,840,7730.58,7731.84,7723.68,7723.72,7729.628514174977,7731.683975273657,7731.734820021746,8.159999999999854,3.946351747255787,18.145706343219544,29.76903309876755,26.680480106739303,26.680480106739303,-1.4446469985362522,0.8762541806019516,23.920849768662634,59.31238825674337,845,True,-0.5208509606649798,-0.012883987881763755,-0.5337349485467435,-1.4972092082478907,-0.9985533401727068,7734.71,-14.22889488484795,False,False,False,False,False,False,False,False,False,False
2026-08-27,845,7723.67,7725.62,7722.2,7723.66,7727.639009449985,7730.079180218926,7730.965789543484,3.4200000000000728,3.908755193880379,17.0116530153948,30.613107207698622,26.81470493176532,26.81470493176532,-0.6794589030281118,0.875560538116534,23.83250197319299,55.49182601463611,850,True,-0.6242833454399039,-0.22682651652013386,-0.8511098619600378,-1.0179735625844584,-1.264791875484911,7731.84,-10.59083387927523,False,False,False,False,False,False,False,False,False,False
2026-08-27,850,7723.52,7723.91,7718.57,7720.7300000000005,7725.336006299991,7728.209344175141,7729.990952444105,5.3400000000001455,4.010986965746077,15.393913899632352,34.166311892994514,27.6049367868845,27.6049367868845,0.24604641003044966,0.9659999999999854,19.812492156721362,51.34598340308663,855,True,-0.7163667944295826,-0.4441820140973428,-1.1605488085269253,-1.148347361715668,-1.0701874405586398,7731.84,-14.389831013388205,False,False,False,False,False,False,False,False,False,False
2026-08-27,855,7720.84,7722.89,7719.25,7721.09,7723.920670866662,7726.785475340113,7729.1432426875235,3.6400000000003274,3.9844878967642376,14.389414019696689,31.93685573141516,28.338723509495168,28.338723509495168,0.5527478009186216,0.9093851132686309,21.639506846849912,47.171815998205695,860,True,-0.7189893777261362,-0.5917366066853501,-1.3107259844114865,-0.7104227544423414,-0.9332036336069254,7730.58,-12.29101072516935,False,False,False,False,False,False,False,False,False,False
2026-08-27,860,7721.150000000001,7722.360000000001,7718.400000000001,7719.25,7722.363780577774,7725.278380272091,7728.201029098235,3.9600000000000364,3.9827387612810803,13.367466867006524,31.193111446351516,29.171898368405998,29.171898368405998,0.7857311455468926,0.9483264826776739,19.132911493125533,43.06987881835786,865,True,-0.7318079012994493,-0.7338289055151886,-1.465636806814638,-0.7818189352627298,-0.7462768462525257,7723.67,-5.725944878064673,False,False,False,False,False,False,False,False,False,False
2026-08-27,865,7719.4800000000005,7719.4800000000005,7711.38,7712.38,7719.035853718517,7722.698704217673,7726.694264422213,8.100000000000364,4.276828849761029,11.559109630065025,38.69760022044623,30.945315334817078,30.945315334817078,1.1134595159775256,0.9628691983122684,12.870673381116674,38.58004507411438,870,True,-0.8564407479998738,-0.934234299500328,-1.7906750475002018,-1.5562590770702418,-1.1421586693650176,7723.52,-14.444309020043523,False,False,False,False,False,False,False,False,False,False
2026-08-27,870,7712.34,7717.24,7712.34,7713.76,7717.277235812345,7720.910963374139,7725.462429715335,4.899999999999636,4.321341074778072,10.622898324242508,35.56335095782567,32.592059660770225,32.592059660770225,1.4177787170916858,0.8513071895425048,18.871316711969428,34.42252737114307,875,False,-0.8408796017058073,-1.0532532059922313,-1.8941328076980386,-0.8139222874290671,-1.1770755136912754,7721.150000000001,-9.58028250814172,False,False,False,False,False,False,False,False,False,False
2026-08-27,875,7713.82,7718.400000000001,7713.150000000001,7718.400000000001,7717.651490541564,7720.408770699312,7724.789817361494,5.25,4.387673855151067,11.603401332477308,32.52386875166122,33.65044005104738,33.65044005104738,1.4928472275471283,0.5081842405785951,35.63822183553816,33.03135685800353,880,False,-0.6284150209822501,-0.9984895885181625,-1.6269046095004127,0.17059368657438717,-0.31551186862421354,7721.150000000001,-3.562914593698175,True,False,True,False,False,False,False,False,False,False
2026-08-27,880,7718.42,7719.650000000001,7716.67,7717.07,7717.457660361043,7719.74101655945,7724.0545966603995,2.980000000000473,4.28712572264031,13.109936244529628,30.90904842097197,34.13505727330022,34.13505727330022,1.0632473128277138,0.536337209302325,33.41152563021403,31.427623527462533,885,False,-0.5326077064520612,-1.0061706560573558,-1.5387783625094171,-0.09042430432961428,0.0420852012212895,7719.4800000000005,-3.1229469215657812,False,False,True,False,False,False,False,False,False,False
2026-08-27,885,7717.110000000001,7718.75,7713.71,7713.71,7716.208440240696,7718.534813247561,7723.069396978457,5.039999999999964,4.340902456737428,12.022702173949332,33.216310519377934,35.04313024431138,35.04313024431138,0.8170235278470509,0.5697909642616356,28.37312918896663,29.520820185810695,890,False,-0.5359192080563858,-1.0446177439112776,-1.5805369519676633,-0.5755577937068075,-0.3324309438532191,7718.42,-6.106011244913325,False,False,False,False,False,False,False,False,False,False
2026-08-27,890,7713.4800000000005,7714.42,7711.82,7711.99,7714.802293493798,7717.225850598049,7722.014216313842,2.600000000000364,4.2165522812562095,11.493172976240512,34.95499561772731,36.14803778234176,36.14803778234176,0.8325325770981257,0.47897100857493435,26.105991416917263,27.632433368694226,895,False,-0.5747722173455109,-1.1356116078717546,-1.7103838252172654,-0.6669651663753191,-0.6297483560322172,7718.42,-8.337666412949565,False,False,False,False,False,False,False,False,False,False
2026-08-27,895,7712.01,7716.35,7710.17,7715.400000000001,7715.0015289958665,7716.8606804784395,7721.384290950618,6.180000000000291,4.356798546880787,13.492875111623913,31.413373572596683,36.416497194914946,36.416497194914946,0.7604799738715755,0.2966954022988145,37.28319273314975,27.28102625521793,900,False,-0.42672422481044964,-1.0382877297408108,-1.4650119545512605,0.09145958892668157,-0.27701791392073966,7718.42,-3.9142494232308462,True,False,True,False,False,False,False,False,False,False
2026-08-27,900,7715.28,7718.45,7713.91,7717.68,7715.894352663911,7717.024544382752,7721.031501336274,4.539999999999964,4.369884364960728,15.924164470638958,29.08221159293525,35.90360184269972,35.90360184269972,0.28682386612944794,0.11217359323280701,43.69000933557373,27.36175073131034,905,False,-0.25863195097392655,-0.9169480514522983,-1.1755800024262248,0.4086257637403093,0.24990573637825092,7717.110000000001,0.7385639207633757,True,False,True,False,False,False,False,False,False,False
2026-08-27,905,7717.7,7720.53,7715.56,7719.91,7717.232901775941,7717.601635506202,7720.924691685201,4.969999999999345,4.412749767463486,18.009953367605323,26.742585359965066,34.73285559879235,34.73285559879235,-0.4717273945164706,0.040605643496222914,49.37989960973913,28.140158720124084,910,False,-0.0835609879761621,-0.7530579239957407,-0.8366189119719027,0.6066734723545217,0.5056649249697505,7717.68,2.88863471206214,False,False,True,False,False,False,False,False,False,False
2026-08-27,910,7720.06,7720.95,7717.75,7717.93,7717.465267850628,7717.667308404963,7720.6394829532765,3.199999999999818,4.326124784073224,17.751856150010433,25.329636995201305,33.50832383360213,33.50832383360213,-0.9693911204376064,0.0452054794520437,44.85279247254654,29.63529748468722,915,False,-0.046702433336698004,-0.6870293153022422,-0.7337317486389402,0.10742458263873167,0.3631229483948666,7719.91,-2.5654547268497683,False,False,True,False,False,False,False,False,False,False
2026-08-27,915,7717.66,7720.55,7717.66,7720.51,7718.480178567086,7718.23584672397,7720.6271512434405,2.8900000000003274,4.223544442353732,16.884222257371576,24.243841948065395,32.39304345027502,32.39304345027502,-1.1701861308082329,0.326374949819344,51.38616590969808,31.603416337294732,920,False,0.05784995196590184,-0.5661842919161398,-0.508334339950238,0.4805966790733967,0.295315180926532,7720.06,0.5828630492024726,True,False,True,False,False,False,False,False,False,False
2026-08-27,920,7720.45,7721.12,7718.42,7718.57,7718.510119044725,7718.302677379176,7720.431232077399,2.699999999999818,4.114719839328452,17.08233676803972,23.107531756228177,31.150099316363843,31.150099316363843,-1.1942520941428352,0.18884962701214256,46.70541296470452,33.524339252150675,925,False,0.050414529700408835,-0.5173024607600036,-0.4668879310595948,0.014552863284270086,0.25393009363846814,7720.51,-2.5134189364098654,False,False,False,False,False,False,False,False,False,False
2026-08-27,925,7718.5,7719.3,7716.54,7717.6900000000005,7718.236746029817,7718.180141903342,7720.170162355742,2.7600000000002183,4.017954136519292,16.244183677510556,25.31589110905951,30.484230663693324,30.484230663693324,-1.0080310566362674,0.03270382312298642,44.63079747508929,35.16657429702491,930,False,0.014087798056503523,-0.4952820228366427,-0.4811942247801391,-0.13607572690973987,-0.0605861911305011,7720.51,-3.6539430840053293,False,False,False,False,False,False,False,False,False,False
2026-08-27,930,7717.67,7723.28,7716.7,7722.72,7719.731164019879,7719.088113522674,7720.413004036148,6.579999999999927,4.200957412482195,21.19396132542347,22.483567985310568,28.51768298817136,28.51768298817136,-1.2917868207012215,0.2223534041716167,56.932338647969544,37.86653337951377,935,False,0.15307236757370793,-0.31537823010002175,-0.16230586252631382,0.7114654319610504,0.29065873686928756,7720.51,2.8616860380798945,True,False,True,False,False,False,False,False,False,False
2026-08-27,935,7722.85,7724.46,7722.47,7724.28,7721.247442679919,7720.126490818139,7720.781289366038,1.9899999999997817,4.043031883019165,22.53355036857454,21.69310214564699,26.616442823161155,26.616442823161155,-1.5112188310675627,0.4476916560779442,60.03066601708891,41.23510428208321,940,False,0.2772552614506416,-0.16195730502382646,0.11529795642681512,0.750070097843541,0.744663098687556,7722.72,2.0196057108228738,True,False,True,False,False,False,False,False,False,False
2026-08-27,940,7724.34,7724.95,7722.56,7724.95,7722.48162845328,7721.091192654511,7721.178309426416,2.389999999999418,3.9249581770891835,22.445193005226564,20.749570451643894,24.995663196168135,24.995663196168135,-1.8295224891750632,0.5744680851064207,61.373326029043724,44.270962090445664,945,False,0.3542549336919796,-0.02219559240471393,0.3320593412872656,0.6288911716635216,0.7007627366467991,7724.28,0.8673195295763374,False,False,True,False,False,True,False,False,False,False
2026-08-27,945,7724.2,7726.81,7724.2,7726.67,7723.877752302187,7722.20695412361,7721.701327576281,2.610000000000582,3.831032593011426,24.820868178264018,19.739839345697703,24.024722031290416,24.024722031290416,-1.4976536522936474,0.540009583133712,64.78933883273447,46.353184733102545,950,False,0.43612215192985876,0.13198179212856068,0.5681039440584195,0.7288498936047884,0.6865798080304584,7724.95,2.2260559853083604,True,True,True,True,False,False,False,False,False,False
2026-08-27,950,7726.56,7732.12,7722.87,7731.38,7726.378501534792,7724.041563298888,7722.623105902349,9.25,4.21810169351061,29.92483930169125,16.647833794131074,24.344966579825066,24.344966579825066,-0.7571587477786963,0.5879828326180593,72.32832036701801,49.1329557857314,955,False,0.5540260538287852,0.3362786152644887,0.8903046690932739,1.1857225900699844,0.9238452186933833,7726.67,6.0920560106993005,True,True,True,True,False,False,False,False,False,False
2026-08-27,955,7731.34,7732.14,7727.91,7730.110000000001,7727.622334356529,7725.255250639111,7723.336143435459,4.230000000000473,4.2189515725456,27.81561402373307,15.455588758532398,24.646332531540658,24.646332531540658,-0.11644355487582558,0.45658012533578746,67.91715517127363,51.9575290701819,960,False,0.5610597032734997,0.45487775117883383,1.0159374544523336,0.5896407201400302,0.8875622272389073,7731.38,-1.6429261679323153,False,True,True,False,False,False,False,False,False,False
2026-08-28,570,7735.17,7739.1900000000005,7733.99,7738.9800000000005,7731.408222904353,7728.000200511289,7724.826034536844,9.079999999999927,4.566169317363766,34.89304109379144,13.260301509236728,26.094786591263354,26.094786591263354,0.6900215199909793,0.7201505302771519,78.31068715203995,55.68643590840495,575,False,0.7463635612688403,0.6951485487790406,1.441512110047881,1.658233974560237,,,,True,True,False,False,False,False,False,False,False,False
2026-08-28,575,7739.110000000001,7743.110000000001,7735.28,7740.51,7734.442148602903,7730.502160409032,7726.319745533336,7.830000000000837,4.799300080409271,36.66096984300459,11.715014263808692,27.914217391278854,27.914217391278854,1.189750270484596,0.7097232079489384,79.59354402680333,58.70860385795164,580,False,0.8209505819306098,0.8714635062659545,1.6924140881965644,1.2643200665584453,,7738.9800000000005,1.9766139440421178,False,True,True,False,False,False,False,False,False,False
2026-08-28,580,7740.41,7747.04,7740.2300000000005,7744.42,7737.768099068603,7733.285728327226,7728.043579292065,6.809999999999491,4.942921503237144,38.73231274756045,10.56214998124273,30.00225244787541,30.00225244787541,1.7853066387782508,0.8573797678276032,82.55929276197129,61.48498124555146,585,False,0.9068262035805195,1.0605365737100327,1.9673627772905522,1.3457427812763427,1.286663395339095,7740.51,5.048796423747491,True,True,True,True,False,False,False,False,False,False
2026-08-28,585,7744.29,7747.37,7739.45,7740.04,7738.525399379069,7734.636582661781,7729.186095549964,7.920000000000073,5.155569967291639,34.48226420218898,10.483840393093587,31.671379463024852,31.671379463024852,1.8588642905871662,0.6641901931649421,69.77898553129039,62.94205881137655,590,False,0.7542942374868085,1.0572035965754283,1.8114978340622367,0.29377947162771445,0.7920076348631419,7744.42,-5.65888548379609,False,True,False,False,False,False,False,False,False,False
2026-08-28,590,7739.400000000001,7739.42,7734.56,7736.47,7737.840266252713,7735.003266129425,7729.879800735682,5.479999999999563,5.17874354105649,31.875967267560156,16.43603642598024,31.691908644623126,31.691908644623126,1.2592304177814242,0.4271512892202721,61.1053495590723,64.10295574612839,595,False,0.5478162996094502,0.989325953896987,1.5371422535064372,-0.2645943445257896,0.013935268958204235,7744.42,-10.276004430961171,False,True,False,False,False,False,False,False,False,False
2026-08-28,595,7735.9800000000005,7741.82,7734.97,7736.93,7737.536844168476,7735.388612903541,7730.551248284664,6.849999999999454,5.2981190024095595,32.16784476768733,14.918154736449731,32.04494626400756,32.04494626400756,0.6808979387107156,0.40688324220009187,61.79376860876218,64.84635593891868,600,True,0.405470557372912,0.9130343460908584,1.3185049034637704,-0.1145395503950795,-0.18658607142342662,7744.42,-9.680842401313933,False,True,False,False,False,False,False,False,False,False
2026-08-28,600,7738.360000000001,7748.25,7731.55,7735.91,7736.994562778984,7735.492890322833,7731.061605590887,16.699999999999818,6.112539073666007,33.40414410844328,12.006888694439915,33.12166924327974,33.12166924327974,0.4834299267516293,0.34860050890585803,59.18077402052188,65.73745315719135,605,True,0.24567081503339927,0.7249499231893557,0.970620738222755,-0.17743244925116983,-0.13835551209362826,7744.29,-10.832597587097199,False,True,False,False,False,False,False,False,False,False
2026-08-28,605,7735.82,7735.82,7725.05,7729.1900000000005,7734.393041852656,7734.232312258267,7730.883357439374,10.859999999999673,6.451643425546983,29.387791982662176,17.75963321134053,32.51750726143701,32.51750726143701,0.27519953893796156,0.0691547749725721,45.058808294420515,65.76802535857215,610,True,0.024912969268120304,0.5190855411555508,0.5439985104236711,-0.8064676717954951,-0.4872870536166177,7739.400000000001,-13.20966362581336,False,True,False,False,False,False,False,False,False,False
2026-08-28,610,7728.82,7728.91,7715.87,7719.25,7729.345361235104,7731.235849806614,7729.775418635624,13.320000000000618,6.942240323722243,25.360218225533295,24.770973044930564,30.27878576421212,30.27878576421212,-0.5887201665984788,0.2910967122630274,32.25200235383225,64.00514419470521,615,True,-0.27231678584363317,0.21036885830638222,-0.06194792753725094,-1.4541935692729235,-1.1018347373745958,7738.360000000001,-24.756291090456433,False,False,False,False,False,False,False,False,False,False
2026-08-28,615,7720.05,7735.04,7719.64,7732.75,7730.480240823403,7731.538679845292,7730.0587120988985,15.789999999999964,7.57422315774208,27.36478169025139,21.082394255739576,29.042265336812516,29.042265336812516,-1.3598013021557414,0.04897959183672423,52.764862458771354,63.48615822625395,620,True,-0.1397422547297508,0.1953953185127173,0.05565306378296649,0.29966890720366873,-0.5165943685266089,7738.360000000001,-7.254857586241094,True,False,True,False,False,False,False,False,False,False
2026-08-28,620,7732.400000000001,7740.43,7728.92,7733.13,7731.363493882269,7731.856943876234,7730.351215708527,11.510000000000218,7.855350075046233,29.401895255300737,18.87590572458087,28.52517208281482,28.52517208281482,-1.3307783928740637,0.12882624972473866,53.21345605605229,62.90331037104028,625,True,-0.06281705961558147,0.19168186692155958,0.12886480730597813,0.224879362581546,0.256911866165668,7735.82,-3.4785397374667175,False,False,True,False,False,False,False,False,False,False
2026-08-28,625,7733.25,7734.1,7724.45,7730.37,7731.032329254846,7731.559555100987,7730.353004688667,9.650000000000546,7.983539355400112,26.863383766822057,21.245491246272945,27.321763762797193,27.321763762797193,-0.9856740004716423,0.2174099485420295,49.381420968195386,61.80274480928748,630,True,-0.0660391115607538,0.15112976320509952,0.08509065164434572,-0.08296185756240444,0.06915334250469994,7733.13,-3.570333632155018,False,False,False,False,False,False,False,False,False,False
2026-08-28,630,7730.42,7738.72,7728.17,7738.08,7733.381552836565,7732.86364408079,7731.088909004032,10.550000000000182,8.166857972871545,28.42537021999004,19.28512959405155,26.73861727984488,26.73861727984488,-0.7678826856558784,0.12569389373513246,58.722888839078365,60.8309282715775,635,True,0.06341591313266597,0.21730940866779574,0.2807253218004617,0.5753065841284649,0.247103471249237,7733.25,6.241858445505768,True,True,True,True,False,False,False,False,False,False
2026-08-28,635,7738.49,7744.49,7737.67,7741.75,7736.171035224377,7734.640915264633,7732.104251003648,6.819999999999709,8.070653831952129,31.81630609951269,18.12108349240581,26.787629385286007,26.787629385286007,-0.5791808991762709,0.034385682686507546,62.435247402592964,60.439363430957464,640,True,0.189590582325124,0.3143071569917148,0.5038977393168388,0.6912655271541202,0.6367149522863128,7738.08,4.740530241870472,False,True,True,True,False,False,False,False,False,False
2026-08-28,640,7741.53,7753.31,7741.110000000001,7752.7300000000005,7741.690690149585,7738.258732211707,7734.0686080509195,12.199999999999818,8.36560712966982,36.03289926254408,16.23344644995865,27.580072912602176,27.580072912602176,0.0861030499349944,0.28456422821140825,71.16418903798855,59.92889927995379,645,True,0.4102461285452992,0.5008750824463913,0.9111212109916905,1.3196065365373222,0.9932497646883908,7741.75,14.162752991527464,True,True,True,True,True,False,True,True,True,True
2026-08-28,645,7752.6900000000005,7756.22,7750.26,7756.06,7746.480460099724,7741.818985769366,7736.163026331785,5.960000000000036,8.193778048979121,36.69754923004264,15.3900247684321,28.532004581513252,28.532004581513252,0.5977957672227904,0.3187802032994459,73.28241674291841,59.478104473962006,650,True,0.5689041492817608,0.6902749139374048,1.2591790632191655,1.1691236744531899,1.2582016273471455,7752.7300000000005,4.293417018434524,True,True,True,True,False,False,False,False,False,False
2026-08-28,650,7756.17,7765.03,7755.63,7763.7,7752.220306733149,7746.195188615493,7738.785595252567,9.399999999999636,8.2799367597663,41.321834352625174,14.142031861683144,29.994327250386004,29.994327250386004,1.0688992883666657,0.41707939366651536,77.54073124742852,59.119635794351815,655,True,0.7276768280324891,0.8948852603477038,1.622562088380193,1.3864469741643932,1.2717025369963748,7756.06,9.840668753299866,True,True,True,True,False,True,False,True,False,True
2026-08-28,655,7763.45,7768.37,7762.95,7767.85,7757.430204488766,7750.526150892395,7741.553633799942,5.420000000000073,8.075655562640142,42.29509154301913,13.464069982518069,31.545185293804376,31.545185293804376,1.3217041270674,0.6034967218232761,79.53406246051092,59.81642700358185,660,True,0.8549217512830904,1.1110574272090015,1.965979178492092,1.2902724033251785,1.3558954197722772,7763.7,5.342533648307505,True,True,True,True,False,True,False,True,False,False
2026-08-28,660,7768.360000000001,7771.4800000000005,7766.71,7768.04,7760.9668029925115,7754.028920713917,7744.076144866614,4.770000000000437,7.839537308165878,43.290525776345625,12.878907771207093,33.15928968582303,33.15928968582303,1.5424283681032602,0.8983612594365605,79.62719313537383,61.13941583046053,665,True,0.8849861931734264,1.2695616407023418,2.154547833875768,0.9022467435827943,1.1156903673704803,7767.85,0.24459194339833448,False,True,True,False,False,True,False,False,False,False
2026-08-28,665,7767.99,7768.29,7759.43,7760.24,7760.7245353283415,7755.271136571134,7745.615559641223,8.859999999999673,7.91242750043972,39.82803358237885,18.42075838814543,33.41587250870233,33.41587250870233,1.1405150861054416,0.5655214976342203,65.79877670671593,61.425487837457226,670,True,0.6892194281596372,1.2203052640134215,1.9095246921730586,-0.061237253461697824,0.41634894466863914,7768.360000000001,-10.463593909467749,False,True,False,False,False,False,False,False,False,False
2026-08-28,670,7760.400000000001,7762.02,7756.55,7759.83,7760.426356885561,7756.182909256908,7746.969315865868,5.470000000000255,7.737968393265473,37.81699129043981,20.149141658246297,33.20613927241626,33.20613927241626,0.5536513262039607,0.5489309210526242,65.12991957717259,61.85042680578942,675,True,0.5483929906390742,1.1906992795496896,1.7390922701887637,-0.07706892239058326,-0.06984341101994514,7768.360000000001,-10.9925088565093,False,True,False,False,False,False,False,False,False,False
2026-08-28,675,7759.89,7764.06,7759.87,7760.860000000001,7760.570904590375,7757.1183274055265,7748.2922381643575,4.230000000000473,7.487399222317973,38.23706970231502,19.33605302107935,33.179242466665,33.179242466665,0.006650926947322944,0.6499680238755104,66.10372765342755,63.35363533143278,680,True,0.46111835129042195,1.1787923922716412,1.6399107435620632,0.03861092497430491,-0.020518571723622033,7768.360000000001,-9.663877456879778,False,True,False,False,False,False,False,False,False,False
2026-08-28,680,7760.82,7767.08,7760.82,7766.22,7762.453936393584,7758.9386619244215,7749.999644053466,6.260000000000218,7.399727849295276,38.841685989167644,18.167634645458293,33.39960626008504,33.39960626008504,-0.00542208287243066,0.6315080789946157,70.86681435302981,66.11183618851831,685,True,0.475054561567022,1.2080198154594006,1.6830743770264227,0.5089462319584096,0.27400730801410844,7767.99,-2.2791010298440257,True,True,True,True,False,False,False,False,False,False
2026-08-28,685,7766.17,7769.81,7765.97,7767.92,7764.2759575957225,7760.734929539538,7751.706344619803,3.8400000000001455,7.1454615743456245,40.07971383696457,17.47025175510695,33.820110442399326,33.820110442399326,0.20465705666102232,0.6144634890819437,72.25777392360361,67.50418700743491,690,True,0.49556323539657005,1.2635411758633837,1.7591044112599536,0.5099799874875527,0.5185183583730648,7766.22,2.188488037981619,False,True,True,True,False,False,False,False,False,False
2026-08-28,690,7767.99,7768.18,7762.96,7762.99,7763.847305063815,7761.185943631631,7752.780978465536,5.220000000000255,7.007928604749527,37.947270938266215,19.60869988875952,33.68025628525756,33.68025628525756,0.16700460619752042,0.2807881773398828,62.51929510825444,68.16888979687792,695,True,0.37976434725382235,1.199350855315354,1.5791152025691764,-0.122333589876204,0.19882746369403295,7767.92,-6.350645820747278,False,True,False,False,False,False,False,False,False,False
2026-08-28,695,7762.89,7763.59,7754.14,7754.56,7760.751536709211,7759.860754905305,7752.950409087865,9.449999999999818,7.182362275838833,34.3809779973636,26.537357294762273,32.19421169695475,32.19421169695475,-0.4017981877100946,0.036023054755043735,49.647547305772015,68.18789882099054,700,True,0.12402351339233035,0.9621271598462299,1.0861506732385602,-0.8620473976979226,-0.4907049729818714,7767.99,-17.3188420748558,False,True,False,False,False,False,False,False,False,False
2026-08-28,700,7754.59,7754.59,7745.18,7745.58,7755.694357806141,7757.004603924244,7752.248465365212,9.409999999999854,7.341479256136049,31.233256948748135,32.82534139664403,30.072150601434775,30.072150601434775,-1.2493199469881837,0.4215914378780756,39.822162397741,66.83784693232359,705,True,-0.17847167749036946,0.6478447180869267,0.4693730405965572,-1.3777002499445026,-1.1105319477487738,7767.99,-28.93262996444405,False,False,False,False,False,False,False,False,False,False
2026-08-28,705,7745.67,7747.47,7739.52,7740.27,7750.552905204095,7753.657683139396,7751.107659139953,7.949999999999818,7.38494502355489,28.831610356056082,35.775731247924725,28.691867818780658,28.691867818780658,-1.6627961554923019,0.6248300860897211,35.189453575720194,64.89171880183268,710,True,-0.42041991177973936,0.3453003361987245,-0.07511957558101484,-1.3924145909409082,-1.3810030369335056,7767.99,-35.81270420799189,False,False,False,False,False,False,False,False,False,False
2026-08-28,710,7740.42,7742.39,7732.68,7738.77,7746.625270136064,7750.680146511517,7749.932643983767,9.710000000000036,7.551020379015258,26.183387972994193,38.959952269782015,28.04337736720037,28.04337736720037,-1.3836114432514606,0.6440044004400362,33.93485323523065,62.232480530207106,715,True,-0.5369971436869581,0.09899357838144426,-0.43800356530551376,-1.0402925355483645,-1.2010413447275146,7762.89,-31.167743711209777,False,False,False,False,False,False,False,False,False,False
2026-08-28,715,7738.78,7739.04,7726.42,7728.82,7740.690180090709,7746.308117209214,7747.921915985313,12.61999999999989,7.913090351942731,23.200677936091683,40.17245853093662,27.95318737068088,27.95318737068088,-0.706321076917965,0.6600840336134418,26.803541747130467,58.91256088765083,720,True,-0.7099548809178038,-0.20394039551214252,-0.9138952764299464,-1.5000688179675623,-1.2463809554461067,7754.59,-33.34273537228249,False,False,False,False,False,False,False,False,False,False
2026-08-28,720,7728.49,7730.21,7722.38,7726.1,7735.82678672714,7742.266493767372,7745.843638272426,7.829999999999927,7.90715532680396,21.559656962668555,40.98049383933585,28.174630408954563,28.174630408954563,-0.17241246994203152,0.6758164696453549,25.176435124467886,55.17225402172506,725,True,-0.8144151435096261,-0.4523933522499754,-1.2668084957596015,-1.2301246561032078,-1.365659704738412,7745.67,-25.329726511434885,False,False,False,False,False,False,False,False,False,False
2026-08-28,725,7725.8,7734.31,7725.28,7733.5,7735.051191151427,7740.5131950138975,7744.668053675052,9.030000000000655,7.987358517746581,23.485166567705495,37.671212245471615,27.819038717688183,27.819038717688183,-0.07477954983739583,0.4861407249467155,36.900201124151145,52.12697821198508,730,True,-0.6838310625890993,-0.5201793123374789,-1.2040103749265783,-0.19420577503567715,-0.7059892111707865,7740.42,-8.948083015452347,True,False,False,False,False,False,False,False,False,False
2026-08-28,730,7733.650000000001,7733.99,7728.25,7728.3,7732.800794100952,7738.070556011118,7743.109191420285,5.739999999999782,7.826832909336096,22.254922048076974,35.69784738645958,27.48884643294083,27.48884643294083,-0.15478031258001698,0.6756949394155517,32.83326822728337,48.784555004264334,735,True,-0.6732942904505398,-0.6437642744559878,-1.3170585649065276,-0.5750466571968068,-0.38661776241298973,7738.78,-13.560550185680633,False,False,False,False,False,False,False,False,False,False
2026-08-28,735,7728.45,7730.26,7716.3,7720.02,7728.540529400635,7734.460444808895,7740.91022080883,13.960000000000036,8.264916272954949,19.56991764831951,41.71863303956897,28.106673294819277,28.106673294819277,-0.022652371378428644,0.7639553429027188,27.419732548333442,46.043194707237014,740,True,-0.7162704633356555,-0.7803800772961632,-1.4966505406318187,-1.0309274914878537,-0.787746848942248,7733.650000000001,-17.65539467514347,False,False,False,False,False,False,False,False,False,False
2026-08-28,740,7719.88,7721.09,7709.79,7712.95,7723.343686267091,7730.158355847117,7738.2473426365605,11.300000000000182,8.481707967743894,17.7075900010123,43.23095855008297,29.09075245522251,29.09075245522251,0.42390457917810903,0.7717458359037717,23.670697178248005,43.0818216787424,745,True,-0.8034548708753408,-0.9536978660673604,-1.7571527369427014,-1.2254237361882938,-1.1150004067372836,7733.650000000001,-26.837980279919783,False,False,False,False,False,False,False,False,False,False
2026-08-28,745,7712.900000000001,7716.110000000001,7711.110000000001,7714.12,7720.26912417806,7726.950684677694,7735.949500480698,5.0,8.233014541476473,16.93944617541647,41.35562746985483,30.004540247025513,30.004540247025513,0.8385646046948949,0.7023271969433929,25.565438506152674,40.18622959679419,750,True,-0.8115569899668112,-1.0930159005148434,-1.9045728904816548,-0.7468861067938415,-1.0046630163113166,7733.650000000001,-25.31721051785642,False,False,False,False,False,False,False,False,False,False
2026-08-28,750,7713.79,7722.8,7713.67,7714.610000000001,7718.382749452041,7724.4825477421555,7733.917167101584,9.13000000000011,8.29708493137102,21.367359805605957,38.10511511760022,29.871623133007606,29.871623133007606,0.588316612729443,0.6308820533713435,26.425929163164184,37.01188065466094,755,True,-0.7351736592512513,-1.1371004922170103,-1.8722741514682615,-0.45470782609152227,-0.5979132256791043,7728.45,-17.93998659685873,False,False,False,False,False,False,False,False,False,False
2026-08-28,755,7714.56,7723.6,7714.39,7720.860000000001,7719.208499634695,7723.758038193725,7732.673627377623,9.210000000000036,8.362293150558807,20.369740563176975,35.10740603132739,29.635456556819666,29.635456556819666,0.18156803386571832,0.3879672196681911,36.89424778383369,34.485914501820226,760,True,-0.5440539427544708,-1.0661655868046687,-1.6102195295591395,0.19749371799951831,-0.1268341738646946,7719.88,1.2692886543733117,True,False,True,False,False,False,False,False,False,False
2026-08-28,760,7720.75,7721.02,7713.77,7714.56,7717.658999756463,7721.918430554981,7730.948520008325,7.25,8.282843639804607,19.09619054732313,33.44710068814183,29.469534313317215,29.469534313317215,-0.1783353112360994,0.4415465985774151,31.768452459618914,32.2894257412034,765,True,-0.5142473990512025,-1.090216095586925,-1.6044634946381273,-0.3741468378770519,-0.08737937440948165,7720.860000000001,-8.166376306620444,False,False,False,False,False,False,False,False,False,False
2026-08-28,765,7714.57,7723.77,7714.57,7721.56,7718.959333170977,7721.846744443985,7730.054375245628,9.210000000000036,8.349069094104282,19.94422422750183,30.811667462287456,28.893938689046106,28.893938689046106,-0.32589481465383346,0.13993831919813596,41.864552261395936,31.733497523747968,770,True,-0.3458363130623912,-0.9830593937040124,-1.3288957067664036,0.31149183216848236,-0.02984362219425885,7720.860000000001,0.9065525619173044,True,False,True,False,False,False,False,False,False,False
2026-08-28,770,7721.75,7724.53,7716.9800000000005,7717.21,7718.376222113985,7720.919395555188,7728.831101412711,7.549999999999272,8.291992730239638,19.301789537417235,28.807771337881213,28.24144509756504,28.24144509756504,-0.46467048641820813,0.1661371706223162,37.93984142664472,31.59904602581252,775,True,-0.3067023240298575,-0.954138060043177,-1.2608403840730344,-0.14064437245970457,0.08649577741500865,7721.56,-5.636752142290237,False,False,True,False,False,False,False,False,False,False
2026-08-28,775,7717.22,7718.9400000000005,7715.1,7715.150000000001,7717.300814742657,7719.765516444151,7727.528139373406,3.8400000000001455,7.973993249508246,18.63785555044155,29.500901005444256,27.836064122732637,27.836064122732637,-0.5444900635281927,0.38094249532902386,36.13507635997992,31.6665905104025,780,True,-0.30909252420624356,-0.9734925383506307,-1.2825850625568742,-0.26972868867041755,-0.2079909496313807,7721.75,-8.554597123840047,False,False,True,False,False,False,False,False,False,False
2026-08-28,780,7715.06,7715.06,7704.97,7708.26,7714.287209828439,7717.464413155321,7725.693078480701,10.180000000000291,8.131565160257678,16.971216561652476,35.76116854416525,28.392963894335562,28.392963894335562,-0.16699159823684795,0.40192539109505343,30.64916982353911,31.431898838138817,785,True,-0.39072469620127964,-1.0119411408761063,-1.402665837077386,-0.7412115268898095,-0.5028567323706544,7721.75,-17.50070703375312,False,False,False,False,False,False,False,False,False,False
2026-08-28,785,7708.28,7708.28,7703.25,7703.43,7710.668139885626,7714.657530524258,7723.572785292063,5.029999999999745,7.9100247916678255,16.200357326031185,35.6900230404295,29.047702474110398,29.047702474110398,0.2687524588484524,0.3574660633484065,27.371949841316194,31.47249941629494,790,True,-0.5043461611945577,-1.1270830373624157,-1.6314291985569733,-0.9150590644482431,-0.8385150529512322,7721.75,-23.781614164079777,False,False,False,False,False,False,False,False,False,False
2026-08-28,790,7703.05,7711.01,7701.35,7710.91,7710.748759923751,7713.9080244194065,7722.3668057404375,9.659999999999854,8.0350230208344,17.23604240415282,32.62517607806962,29.17743331314165,29.17743331314165,0.4471230634696705,0.04357112345151509,38.77724960755722,32.44398616508704,795,True,-0.393186738539964,-1.0527389030619825,-1.4459256416019466,0.02006715796963772,-0.44037831572015135,7717.22,-8.18321054194693,True,False,True,False,False,False,False,False,False,False
2026-08-28,795,7711.13,7711.63,7707.860000000001,7709.81,7710.4358399491675,7713.088419535526,7721.170919479444,3.769999999999527,7.7303785193461945,17.208508362817426,31.48868660062783,29.187933573553295,29.187933573553295,0.2649898930725776,0.09219251336897306,37.795312064987854,32.50792266086109,800,True,-0.34313708956420674,-1.045550347074318,-1.3886874366385247,-0.080958512911223,-0.030050266733688664,7715.06,-6.80950633024679,False,False,True,False,False,False,False,False,False,False
2026-08-28,800,7709.8,7710.22,7704.31,7706.99,7709.287226632779,7711.868735628421,7719.820355719497,5.9099999999998545,7.600351482250027,16.252704028713694,33.076036706218986,29.5391186698494,29.5391186698494,0.1638053985796676,0.15525672371639795,35.222897901459476,32.67861049473081,805,True,-0.3396565279475754,-1.0462174163452889,-1.3858739442928643,-0.30225268372703273,-0.1922981186311972,7711.13,-5.371746946603444,False,False,True,False,False,False,False,False,False,False
2026-08-28,805,7707.28,7711.33,7705.78,7707.09,7708.554817755186,7710.912988502737,7718.607940889068,5.550000000000182,7.453897804946467,16.452000454219917,31.31691868191975,29.651923715834148,29.651923715834148,0.1581634675641664,0.32075471698114005,35.3983062562902,33.248508616727726,810,True,-0.3163674642796419,-1.0323393998271506,-1.3487068641067925,-0.19651701613270936,-0.25235417001999827,7711.13,-5.241926589672579,False,False,True,False,False,False,False,False,False,False
2026-08-28,810,7706.8,7712.58,7705.81,7711.52,7709.543211836792,7711.03439080219,7717.932898899633,6.769999999999527,7.4050479617359715,16.58337760006611,29.271831711015118,29.51040722335427,29.51040722335427,0.10749121660032539,0.07403799318070954,43.079889529838724,34.634879498984205,815,True,-0.20137330279334786,-0.9315953297115795,-1.1329686325049273,0.2669514327825294,0.0345690136425633,7711.13,0.5057368715899425,True,False,True,False,False,False,False,False,False,False
2026-08-28,815,7711.51,7712.88,7704.76,7705.0,7708.028807891194,7709.827512641752,7716.701194242525,8.11999999999989,7.456115964469109,15.293381702218907,28.000705773925155,29.499033607272487,29.499033607272487,-0.013361687525637933,0.4080827994085771,35.99346880138545,35.379738805786545,820,True,-0.2412388379055558,-0.9218850180883078,-1.1631238559938637,-0.40621791635587906,-0.07054743602413695,7711.52,-8.462037637898035,False,False,False,False,False,False,False,False,False,False
2026-08-28,820,7704.84,7709.22,7704.78,7708.46,7708.17253859413,7709.554010113402,7715.91631860038,4.440000000000509,7.2406791098642085,14.623529234677434,26.774270560263727,29.4884723923394,29.4884723923394,-0.054483774498249225,0.2204585537918843,41.71713466411042,36.47196777013984,825,True,-0.19079308698959346,-0.8786894696535033,-1.0694825566430968,0.03970089013867112,-0.18930175220642104,7711.52,-3.969664498486598,True,False,True,False,False,False,False,False,False,False
2026-08-28,825,7708.53,7714.88,7707.3,7714.43,7710.258359062754,7710.529208090722,7715.774764447962,7.579999999999927,7.264916316302474,19.098594530727777,24.77887867557599,28.306851994568706,28.306851994568706,-0.4011850762618548,0.016513761467895266,50.337561598951105,37.43220447121966,830,True,-0.03728178222239661,-0.7220394742151737,-0.7593212564375703,0.5742173420339929,0.3068928910517713,7711.52,3.7721516690148906,True,False,True,False,False,False,False,False,False,False
2026-08-28,830,7714.37,7715.12,7712.650000000001,7713.3,7711.272239375169,7711.083366472578,7715.539072595776,2.469999999999345,6.922422293709394,18.85947996001328,24.147350869145384,27.163178352087765,27.163178352087765,-0.7786184183949073,0.1331923890063378,48.800577149049644,38.648784806178995,835,True,0.027284221415239365,-0.643662858772297,-0.6163786373570577,0.2929264553353924,0.4477768979589752,7714.43,-1.4650020095161722,False,False,True,False,False,False,False,False,False,False
2026-08-28,835,7713.21,7713.52,7709.150000000001,7713.32,7711.954826250113,7711.530693178062,7715.327732348559,4.369999999999891,6.740106415587286,17.986073577981564,26.73819674464816,26.62074194543775,26.62074194543775,-0.9559101489672166,0.2994247653647963,48.831685893424066,39.146437208466715,840,True,0.06292676196769698,-0.5633500328296817,-0.5004232708619847,0.20254483619569916,0.25169738914448353,7714.43,-1.4390690390137868,False,False,True,False,False,False,False,False,False,False
2026-08-28,840,7713.400000000001,7715.400000000001,7711.27,7713.150000000001,7712.353217500076,7711.85455454245,7715.120329267744,4.130000000000109,6.553670243045345,19.225482858863096,25.534631757831526,25.726079722858238,25.726079722858238,-0.8602574239034896,0.08709175738727329,48.54960442178225,39.904277422405116,845,True,0.07608911329574629,-0.4983123355586789,-0.4222232222629326,0.12157805784776152,0.16494240399940027,7714.43,-1.6595035750630356,False,False,True,False,False,False,False,False,False,False
2026-08-28,845,7713.08,7714.93,7711.81,7713.17,7712.625478333384,7712.117643633961,7714.934583623197,3.119999999999891,6.308408082827813,18.546304193862323,24.63256977916059,24.89532194474869,24.89532194474869,-0.7559521357796916,0.13636363636362125,48.58891081946909,40.79383702665434,850,True,0.08050124417373038,-0.4465373755549926,-0.36603613138126223,0.08631681074945251,0.10631082746483954,7714.37,-1.5557805675225853,False,False,True,False,False,False,False,False,False,False
2026-08-28,850,7713.31,7715.31,7710.22,7710.26,7711.83698555559,7711.74611490717,7714.489385182893,5.0900000000001455,6.221378934054409,17.462475932964427,25.018568494012026,24.387582845165333,24.387582845165333,-0.7443863667574723,0.13222806308129778,43.188153336172874,41.689478706128185,855,True,0.014606190907806595,-0.440942483137818,-0.42633629223001135,-0.2534784606926835,-0.0829770939783899,7713.400000000001,-4.072495609746399,False,False,False,False,False,False,False,False,False,False
2026-08-28,855,7710.24,7712.75,7710.0,7712.2300000000005,7711.967990370394,7711.842891925736,7714.2742056416655,2.75,5.973423295907665,16.888244201644135,24.45893410491282,23.9534735085499,23.9534735085499,-0.5908687381027787,0.1932330827067832,47.62210837050538,43.135918601070266,860,True,0.020942504567448804,-0.40702183580316303,-0.3860793312357142,0.04386255864143047,-0.11006887180439907,7713.400000000001,-1.5170709379778256,True,False,True,False,False,False,False,False,False,False
2026-08-28,860,7712.18,7713.4400000000005,7707.29,7708.53,7710.821993580263,7711.180313540589,7713.727138437697,6.150000000000546,5.986035917628585,15.648899079222874,25.897729768138696,24.004529731832104,24.004529731832104,-0.2969307376388623,0.11557788944726338,40.88059224664731,43.28615736100527,865,True,-0.05985930676945379,-0.4254610116200661,-0.4853203183895199,-0.38289004807222876,-0.1695599540822121,7713.31,-6.200922873752395,False,False,False,False,False,False,False,False,False,False
2026-08-28,865,7708.63,7710.72,7707.150000000001,7708.360000000001,7710.001329053509,7710.616250832471,7713.215982396012,3.569999999999709,5.813461923512237,14.962480329482334,24.933773838847365,24.075138816007748,24.075138816007748,-0.10414800971919529,0.17213114754102563,40.5836311349471,43.48532300885951,870,True,-0.10577548920988147,-0.44719163860452393,-0.5529671278144054,-0.2823324681753011,-0.33829434900582284,7713.31,-6.421599406358574,False,False,False,False,False,False,False,False,False,False
2026-08-28,870,7708.41,7712.25,7707.76,7711.45,7710.4842193690065,7710.783000665978,7713.047793596392,4.489999999999782,5.718928928975633,16.034340167804164,23.535501965530095,23.70954065265235,23.70954065265235,-0.08131095196585036,0.15613577023499334,48.26793140197769,44.41711111603938,875,False,-0.05224427522740228,-0.3960169742517851,-0.4482612494791874,0.16887438941583618,-0.059062494997056736,7712.2300000000005,-1.0114829247426291,True,False,True,False,False,False,False,False,False,False
2026-08-28,875,7711.42,7713.05,7708.68,7708.6900000000005,7709.886146246005,7710.364400532783,7712.63276563483,4.369999999999891,5.622576862620224,16.160488903381914,22.22890554056132,23.14511161683697,23.14511161683697,-0.28647270499837774,0.36010037641160025,42.716590177972236,44.939845681873805,880,False,-0.08505962630006764,-0.4034387003452947,-0.48849832664536236,-0.21273986558673288,-0.02048576841506053,7712.18,-4.527358085485059,False,False,False,False,False,False,False,False,False,False
2026-08-28,880,7708.63,7711.3,7707.97,7710.4800000000005,7710.084097497337,7710.387520426228,7712.427740336275,3.3299999999999272,5.45882137243306,15.456328159609557,22.18935938681091,22.76940833420396,22.76940833420396,-0.43524349393459616,0.16987951807230514,47.151345299488966,45.23066395113454,885,False,-0.05558396367809736,-0.37374732947853345,-0.4293312931566308,0.0725252716021585,-0.07329821666083561,7711.45,-1.25802803457028,True,False,True,False,False,False,False,False,False,False
2026-08-28,885,7710.53,7710.53,7704.900000000001,7705.22,7708.462731664892,7709.3540163409825,7711.741288875677,5.6299999999992,5.471048417259213,14.3202292818453,24.56646849912689,23.025090370786312,23.025090370786312,-0.22815009395534602,0.37087912087913977,37.542887448932284,45.3413367116736,890,False,-0.16290930149306476,-0.4363464463526966,-0.5992557478457613,-0.592707542975158,-0.26017217771697165,7711.45,-8.085427800892854,False,False,False,False,False,False,False,False,False,False
2026-08-28,890,7705.17,7705.17,7700.91,7702.81,7706.5784877765955,7708.045213072786,7710.890689935137,4.3100000000004,5.388116387455012,13.50202407714095,28.45224892631293,23.925767498695958,23.925767498695958,0.260218627286329,0.4294019933555215,33.97431787904472,44.788278369883194,895,False,-0.27221485037066906,-0.5281023381335246,-0.8003171885041936,-0.699407270668674,-0.6506187819000414,7711.42,-11.177739032897959,False,False,False,False,False,False,False,False,False,False
2026-08-28,895,7702.88,7705.62,7701.37,7704.32,7705.8256585177305,7707.300170458229,7710.264909941314,4.25,5.306822359779654,13.335343724294955,26.82466668084479,24.61599431181795,24.61599431181795,0.6155286592046636,0.34610872115764935,38.12029729922974,43.915616634188815,900,False,-0.2778521383481994,-0.5586656726168587,-0.8365178109650581,-0.2837212960324763,-0.49692131531439976,7710.53,-8.060412859278998,False,False,False,False,False,False,False,False,False,False
2026-08-28,900,7704.57,7706.9400000000005,7702.47,7705.31,7705.653772345154,7706.902136366584,7709.793013756427,4.470000000000255,5.247049334081126,14.320809336126123,25.19237159148099,24.822977663217024,24.822977663217024,0.5992957641435707,0.2093023255813989,40.85941461897235,43.34839073918329,905,False,-0.23791734019384392,-0.550952965329638,-0.7888703055234819,-0.0655172694719123,-0.17623532247645482,7710.53,-6.774548979858494,False,False,True,False,False,False,False,False,False,False
2026-08-28,905,7705.27,7710.9400000000005,7704.93,7710.9400000000005,7707.415848230104,7707.7097090932675,7709.90225054153,6.010000000000218,5.3015458102182045,18.550464329052982,23.152452364082038,23.838134307170765,23.838134307170765,-0.029211063841730816,0.04723544489198208,53.911518875376785,43.71123595217991,910,False,-0.05542927924861315,-0.4135664439673773,-0.4689957232159904,0.6647404164846479,0.29994831117146437,7705.31,7.301314755399612,True,False,True,False,False,False,False,False,False,False
2026-08-28,910,7710.860000000001,7711.08,7707.29,7709.84,7708.22389882007,7708.135767274614,7709.896321918527,3.7899999999999636,5.193578252345473,17.776070355361398,21.94563515641873,22.88519207361607,22.88519207361607,-0.5769340794006261,0.0530149736948804,51.41726475819246,43.91606883335208,915,False,0.016969330425612605,-0.3389868330408945,-0.3220175026152819,0.3111729719679419,0.4948662271056046,7710.9400000000005,-1.4267481556042199,False,False,True,False,False,False,False,False,False,False
2026-08-28,915,7709.87,7710.12,7707.610000000001,7709.97,7708.805932546714,7708.502613819692,7709.9033388786675,2.509999999999309,5.001894091463604,17.138912628193157,21.159025363703222,22.00031714245814,22.00031714245814,-0.9408868402529613,0.06526145115523824,51.71428155998848,44.13930960053203,920,False,0.06064077357010447,-0.2800389279265665,-0.21939815435646204,0.2327253300450808,0.27791158532976357,7710.9400000000005,-1.2581112507574668,False,False,True,False,False,False,False,False,False,False
2026-08-28,920,7709.9400000000005,7712.5,7709.32,7710.43,7709.347288364476,7708.888091055754,7709.953497080699,3.180000000000291,4.871758799216225,19.82932053989427,20.17249838781037,20.490144890002796,20.490144890002796,-1.1159964723893232,0.04627949183300947,52.861488902329995,44.83026214097182,925,False,0.0942569875989195,-0.218690224384002,-0.1244332367850825,0.22224245496270884,0.23059219282106008,7710.9400000000005,-0.6614417094769272,False,False,True,False,False,False,False,False,False,False
2026-08-28,925,7710.53,7713.47,7710.47,7712.56,7710.418192242985,7709.622472844603,7710.201735453966,3.0399999999999636,4.740918884986492,20.38254158732558,19.24856063609934,19.230944607559493,19.230944607559493,-1.218082488685526,0.180756655768321,58.05304929164992,45.57532934962501,930,False,0.1678407535935576,-0.1221836153318217,0.0456571382617359,0.45177059742528386,0.34007325064706057,7710.860000000001,2.204196790689237,True,False,True,False,False,False,False,False,False,False
2026-08-28,930,7712.7,7712.7,7710.13,7711.7300000000005,7710.855461495325,7710.043978275683,7710.34728445835,2.569999999999709,4.585853250344579,19.566629678932014,19.007620883991784,17.960818280966894,17.960818280966894,-1.346499620497082,0.06112469437652594,55.37930093939287,46.61095139910683,935,False,0.17695359518549456,-0.06613953088107785,0.11081406430441672,0.1907035521928659,0.3288751402446076,7712.56,-1.0762824943299716,False,False,True,False,False,False,False,False,False,False
2026-08-28,935,7711.68,7713.2,7709.42,7712.900000000001,7711.536974330217,7710.615182620547,7710.590400224221,3.7799999999997453,4.5282923038913765,18.399966915406047,18.99423193664037,16.791416290027154,16.791416290027154,-1.2329095333252138,0.46943765281173705,58.416523258702256,47.88472940794647,940,False,0.2035627666699317,0.005472790770190896,0.2090355574401226,0.30100213906511075,0.247064900441718,7712.7,0.259305838271892,False,True,True,True,False,False,False,False,False,False
2026-08-28,940,7712.87,7715.24,7712.72,7713.74,7712.271316220145,7711.2401460964375,7710.890362107629,2.519999999999527,4.384842853613387,20.967774908200447,18.214509181974904,16.0939446071448,16.0939446071448,-1.0456666668048982,0.7390128465178775,60.583547144724164,48.764416246714084,945,False,0.23516695081970912,0.07977115725377097,0.3149381080734801,0.3349455907283393,0.3228974839210015,7712.900000000001,1.0889659231439432,False,True,True,True,False,False,False,False,False,False
2026-08-28,945,7713.77,7714.64,7707.74,7710.08,7711.540877480097,7711.00811687715,7710.813184764045,6.900000000000546,4.564496935498184,18.70375375113502,24.040841851985846,15.836233926112962,15.836233926112962,-0.7081947849513105,0.34002361275088816,48.25663597710773,49.1601338037952,950,False,0.11671836140441834,0.04270615488622756,0.1594245162906459,-0.3200522425014575,0.0008551106365377874,7713.74,-4.747032456212977,False,True,False,False,False,False,False,False,False,False
2026-08-28,950,7709.9400000000005,7715.12,7708.9800000000005,7711.24,7711.440584986732,7711.054493501721,7710.853833834136,6.139999999999418,4.677032868676844,17.68294403955711,21.786500980084497,15.447702511667252,15.447702511667252,-0.447904592786634,0.3465809468146987,51.75662496446993,49.48908235129384,955,False,0.08255051778593128,0.042903198078534585,0.12545371586446588,-0.04288723050788169,-0.17761928486268305,7713.77,-3.280924987421809,False,True,False,False,False,False,False,False,False,False
2026-08-28,955,7711.02,7716.14,7709.82,7709.900000000001,7710.927056657822,7710.823594801377,7710.762992516599,6.3200000000006185,4.794387663771399,17.53759244732399,19.73513390182634,14.765426837462885,14.765426837462885,-0.4428392565606381,0.08112324492980195,47.57460111895274,50.205633327723866,960,False,0.021579785303196927,0.012640255446123745,0.034220040749320675,-0.21422061165015133,-0.12802903422138126,7713.77,-5.019520356943528,False,True,False,False,False,False,False,False,False,False
2026-09-03,570,7686.71,7710.68,7686.71,7707.12,7681.412445289565,7676.329524164879,7671.89625530053,43.23000000000047,6.270399676235894,57.32118266626582,10.753176426736688,20.141873392717,20.141873392717,0.6495894553420243,0.7067124332570391,87.61049220041232,56.266704549414285,575,False,0.8106215531920913,0.7070153567962442,1.5176369099883353,4.099827130296616,,,,True,True,False,False,False,False,False,False,False,False
2026-09-03,575,7707.21,7715.1900000000005,7702.08,7715.1900000000005,7692.671630193044,7684.101619331904,7676.019469081432,13.110000000000582,6.758942556504801,54.14569962242389,9.263360297153236,23.759040898600205,23.759040898600205,2.228998523733518,0.7437520826391091,89.46431448277751,59.70363120782814,580,False,1.2679514272380066,1.195771406977432,2.4637228342154387,3.3316409510368064,,7707.12,10.45988498015035,True,True,True,False,True,False,False,False,False,False
2026-09-03,580,7714.93,7715.41,7709.85,7714.12,7699.821086795363,7690.105295465523,7679.648091073677,5.559999999999491,6.673303802468707,51.15885084877016,8.712077531666994,27.126047667548786,27.126047667548786,3.565639731629011,0.7631401617250513,87.5111439173975,62.61757436459143,585,False,1.4559192294295766,1.567020579518281,3.0229398089478576,2.142703768311453,2.7585498953289274,7715.1900000000005,-1.3870668332883316,False,True,True,False,False,False,False,False,False,False
2026-09-03,585,7714.7300000000005,7716.02,7711.59,7712.88,7704.174057863576,7694.660236372419,7682.8130347809465,4.430000000000291,6.513067816578106,49.34235214707636,8.288813053980519,30.276684462837455,30.276684462837455,3.378270356706819,0.7156609936393228,85.08924814888871,64.57741783181405,590,False,1.4607281482531946,1.8189894417062242,3.279717589959419,1.3366883904178057,1.7660537237543836,7715.1900000000005,-2.9949901982144156,False,True,False,False,False,False,False,False,False,False
2026-09-03,590,7712.83,7716.6900000000005,7709.64,7712.52,7706.956038575719,7698.232189097936,7685.642269563714,7.050000000000182,6.551420115393968,45.5496784485306,9.777736344809497,32.73227869690007,32.73227869690007,2.991079266099954,0.7582804792106961,84.32700748380994,66.20817273153611,595,False,1.331596710961101,1.9217084712120684,3.2533051821731696,0.8492756267008614,1.0890694925197133,7715.1900000000005,-3.4619035023573,False,True,False,False,False,False,False,False,False,False
2026-09-03,595,7712.21,7712.96,7707.5,7711.25,7708.387359050479,7700.835751278349,7688.081101033837,5.460000000000036,6.473461535722973,42.80549367244186,11.549956207078228,34.50155326611963,34.50155326611963,2.458501866190281,0.7723317350381597,81.43189326102406,67.5378555598019,600,True,1.1665486433275032,1.9702982977696146,3.136846941097118,0.442211780161791,0.6508575301872404,7714.93,-4.772248338466904,False,True,False,False,False,False,False,False,False,False
2026-09-03,600,7713.46,7713.46,7697.16,7697.72,7704.83157270032,7700.212601022679,7688.999091411566,16.300000000000182,7.175357140314202,35.859801102553995,19.969006668721406,34.07025885125868,34.07025885125868,1.2645247961404078,0.411799410029493,57.692679845433894,67.70958895853771,605,True,0.6437270768989861,1.5627806939547355,2.2065077708537215,-0.9911106250536267,-0.29607806745428417,7714.7300000000005,-22.097452232609417,False,True,False,False,False,False,False,False,False,False
2026-09-03,605,7697.52,7700.06,7693.13,7694.57,7701.411048466881,7699.084080818144,7689.529654134274,6.930000000000291,7.15783163029178,33.37991578775492,22.609618653041643,33.010688106497064,33.010688106497064,0.09280313653233208,0.3480163772412682,53.600051749932085,67.08049334110686,610,True,0.3250939347175208,1.3348213785073628,1.6599153132248836,-0.9557431384569017,-0.9746402184251748,7713.46,-24.549779909728976,False,True,False,False,False,False,False,False,False,False
2026-09-03,610,7694.58,7700.07,7691.39,7700.07,7700.964032311254,7699.281264654515,7690.533496597676,8.679999999999382,7.266557942413752,30.531862011480744,22.390891691953517,31.751549052735598,31.751549052735598,-0.9166680711280103,0.42257849031393824,59.274832720897365,67.37121541850452,615,True,0.23157699561122866,1.2038393041332138,1.4354162997444424,-0.12303381027712988,-0.53223829214812,7713.46,-17.38945230368078,True,True,False,False,False,False,False,False,False,False
2026-09-03,615,7699.99,7705.26,7698.31,7704.71,7702.212688207504,7700.367011723612,7691.88363977885,6.949999999999818,7.243946660812757,33.55708306239889,20.85644108151778,31.1507930955936,31.1507930955936,-0.9731552518883598,0.4746496815286542,63.510373252805,68.4062583480718,620,True,0.25478880095509016,1.1710980687716193,1.4258868697267093,0.34474464120588677,0.11066339637193875,7713.46,-11.356689609342858,True,True,False,False,False,False,False,False,False,False
2026-09-03,620,7704.63,7706.72,7701.97,7704.96,7703.128458805003,7701.2856093788905,7693.129007418959,4.75,7.065807613611845,33.42166082619817,19.854957189404917,30.744639927144974,30.744639927144974,-0.7553493931173634,0.05527123848515245,63.738965086151204,68.98406104326861,625,True,0.2608122845805118,1.1543764571537625,1.4151887417342741,0.2592118686431105,0.3063240059889182,7704.71,0.3244663178004818,False,True,False,False,False,False,False,False,False,False
2026-09-03,625,7704.89,7705.41,7701.7,7703.52,7703.25897253667,7701.732487503113,7694.118625760011,3.7100000000000364,6.826107069782431,32.124180428014945,19.36668588153573,30.318324804813447,30.318324804813447,-0.47774141597405045,0.35963020030816056,61.252457363951955,69.35722523561203,630,True,0.22362453708269933,1.1154032108295409,1.33902774791224,0.03823957940628078,0.1532768704724557,7704.96,-1.8692753442576897,False,True,False,False,False,False,False,False,False,False
2026-09-03,630,7703.3,7706.16,7694.84,7694.84,7700.45264835778,7700.353990002491,7694.187328068581,11.319999999999709,7.147099421940808,28.489881682900773,24.031606454449328,28.759050068759755,28.759050068759755,-0.7972476756112812,0.4812780828756753,48.438454001455014,69.2387541271503,635,True,0.013803971298702542,0.8628202253600122,0.8766241966587147,-0.7853043628510057,-0.37439110459389807,7704.96,-13.151670470081106,False,True,False,False,False,False,False,False,False,False
2026-09-03,635,7695.3,7701.110000000001,7695.13,7697.83,7699.578432238521,7699.849192001993,7694.534249204907,6.270000000000437,7.084449463230782,26.688838838701542,22.51240208143239,27.311152099567042,27.311152099567042,-1.144495942525977,0.3599617316431485,52.305123323172275,69.6605026312935,640,True,-0.03821888558565851,0.7502266512975828,0.7120077657119243,-0.24679860412518362,-0.5195238271162087,7704.96,-9.26235055853417,False,False,False,False,False,False,False,False,False,False
2026-09-03,640,7697.54,7702.43,7696.26,7697.54,7698.89895482568,7699.387353601595,7694.820511185392,6.170000000000073,7.0191316444285885,26.356378751758296,21.09890284739159,26.151698403239628,26.151698403239628,-1.3888754671912729,0.35888835649257844,51.88060594437649,67.10836789871951,645,True,-0.06958108219875989,0.6506278336905192,0.5810467514917593,-0.19360725721096148,-0.2213512455394612,7704.89,-9.54850510682681,False,False,False,False,False,False,False,False,False,False
2026-09-03,645,7697.75,7703.87,7697.3,7703.83,7700.542636550454,7700.275882881277,7695.678557739165,6.569999999999709,6.987050812683669,26.058261878325727,19.681793689489304,25.279481773948504,25.279481773948504,-1.1598560982704171,0.15868263473053973,59.83495540553934,64.9919851074882,650,True,0.0381782924338746,0.6579779173448029,0.6961562097786775,0.47049370867301166,0.13799875480833584,7703.3,0.6879694904998491,True,True,True,True,False,False,False,False,False,False
2026-09-03,650,7703.62,7703.860000000001,7698.28,7702.2,7701.095091033636,7700.660706305021,7696.299647478292,5.580000000000837,6.886547183206324,24.55009263376411,18.542674125072605,24.469566332463888,24.469566332463888,-0.9471952557010516,0.12851405622488493,57.0839707162138,62.81861559311794,655,True,0.063077289250821,0.6332721915220801,0.6963494807729012,0.1604445503631037,0.3189023685644783,7703.83,-2.1162784658930036,False,True,False,False,False,False,False,False,False,False
2026-09-03,655,7702.25,7709.24,7692.21,7709.04,7703.743394022425,7702.336565044017,7697.513014385121,17.029999999999745,7.611079527262997,20.62641347577383,21.275703544382036,22.83242159520366,22.83242159520366,-1.1064256026786563,0.3753566796368401,64.73758068810436,61.36492506020477,660,True,0.18483961090775178,0.6337538113507039,0.8185934222584557,0.6959073228183811,0.4205392231819171,7703.83,6.758299347259888,False,True,True,True,False,False,False,False,False,False
2026-09-03,660,7708.99,7720.21,7708.99,7720.21,7709.232262681617,7705.911252035215,7699.674632062729,11.220000000000255,7.868859561029944,28.483529909488333,19.108813086436122,22.608530901433205,22.608530901433205,-0.8903169575050995,0.4554500226142065,73.4397653555271,60.58726490818457,665,True,0.42204472206483484,0.7925697395048361,1.214614461569671,1.39508619174625,1.0340979636082943,7709.04,14.468518343413031,True,True,True,True,True,False,True,True,True,True
2026-09-03,665,7720.6900000000005,7724.7,7720.51,7723.47,7713.9781751210785,7709.423001628173,7701.940857580565,4.489999999999782,7.6275124495277895,31.490585456582767,18.305344146802565,22.884961007997564,22.884961007997564,-0.528201774822108,0.43790849673202975,75.43056819791722,60.15859883224836,670,True,0.5972030230101895,0.9809415713338138,1.5781445943440033,1.2444194541445015,1.3418242403901333,7720.21,4.220900709137497,True,True,True,True,False,False,False,False,False,False
2026-09-03,670,7723.53,7730.88,7723.53,7730.88,7719.612116747387,7713.714401302539,7704.696966382416,7.4099999999998545,7.61197584599008,35.10007406796224,17.032513366987363,23.725816808286744,23.725816808286744,0.29779840436102845,0.5184000000000014,79.38231702081268,61.7078586304897,675,True,0.7747942931209413,1.1846378788594925,1.9594321719804337,1.4802836320807982,1.3636215190091439,7723.47,9.584937290450576,True,True,True,True,False,True,False,True,False,True
2026-09-03,675,7731.43,7736.08,7731.43,7735.85,7725.024744498259,7718.141521042032,7707.663921965042,5.199999999999818,7.439691856990776,38.340219928587494,16.182160660269638,24.933994209237454,24.933994209237454,0.7751544359347496,0.6039603960395952,81.61372359134793,63.70883519059084,680,True,0.9252027622298671,1.4083377750577248,2.333540537287592,1.4550677245549548,1.4848154452526503,7730.88,6.424633362849918,True,True,True,True,False,True,False,True,False,False
2026-09-03,680,7735.92,7738.4800000000005,7731.64,7737.29,7729.1131629988395,7721.9712168336255,7710.485453206466,6.8400000000001455,7.396856724348588,38.12538828609247,15.113309167562546,26.24044795221787,26.24044795221787,1.1184956480734354,0.9170447180816559,82.24024295214778,65.34922163568015,685,True,0.9655379888195628,1.5527897937174844,2.518327782537047,1.105447530738889,1.284470769884972,7735.85,1.8611167475945711,False,True,True,True,False,True,False,True,False,False
2026-09-03,685,7736.85,7745.84,7736.650000000001,7745.6900000000005,7734.63877533256,7726.714973466901,7713.838267186803,9.1899999999996,7.524938386895089,41.785861367386836,13.794918579315555,27.96333247241862,27.96333247241862,1.4125052213772922,0.9257253384912941,85.48588479568589,66.91890103160021,690,True,1.053005547455157,1.7112042143126627,2.7642097617678196,1.468613309404199,1.2776225319059324,7737.29,10.844740752599892,True,True,True,True,True,False,True,True,True,False
2026-09-03,690,7745.63,7748.22,7743.34,7745.08,7738.11918355504,7730.387978773521,7716.81367031187,4.880000000000109,7.3360142164025905,42.11773676147197,13.139451682118528,29.711848837562158,29.711848837562158,1.592618209441568,0.9138792772010521,84.22833594274076,68.38242752135662,695,True,1.0538699290184448,1.8503656156091868,2.904235544627632,0.9488553647287634,1.227644915963198,7745.6900000000005,-0.7875967711122185,False,True,False,False,False,False,False,False,False,False
2026-09-03,695,7745.07,7746.12,7740.87,7741.78,7739.339455703361,7732.666383018817,7719.1914159964535,5.25,7.1870132009452625,39.92014078607086,14.908693285903551,30.847954286574705,30.847954286574705,1.5358354447856115,0.7740159086273426,77.30705890922334,69.52918477459029,700,True,0.9284903892573685,1.874905005126663,2.8033953943840313,0.33957698815942466,0.6540520017665558,7745.6900000000005,-5.05051809790612,False,True,False,False,False,False,False,False,False,False
2026-09-03,700,7741.7,7744.53,7739.39,7741.900000000001,7740.192970468907,7734.513106415055,7721.354138282506,5.139999999999418,7.040797972306274,37.83850251106426,15.632731717658618,31.61084630618622,31.61084630618622,1.2158379445892002,0.8354377104376861,77.38308823592828,71.59665864848124,705,True,0.8067074323384167,1.8689597662519275,2.6756671985903444,0.24244830455404476,0.2945386193474591,7745.6900000000005,-4.895439104095847,False,True,False,False,False,False,False,False,False,False
2026-09-03,705,7741.9800000000005,7745.83,7741.9800000000005,7745.78,7742.055313645938,7736.766485132044,7723.680410827029,3.9299999999993815,6.818598117141496,37.64255403364697,14.98914911570809,32.42731212527575,32.42731212527575,0.9051544292378632,0.8245062836624484,79.83997140176375,73.56343351123776,710,True,0.7756474898555028,1.919173718732262,2.694821208587765,0.5462539792010463,0.3983015124106273,7745.63,0.19365383473276573,True,True,False,False,False,False,False,False,False,False
2026-09-03,710,7745.72,7749.09,7745.34,7748.150000000001,7744.086875763959,7739.043188105636,7726.010847891122,3.75,6.599412537345676,39.64316957900092,14.380769107143253,33.45118220954693,33.45118220954693,0.8677426409907412,0.7813199105145111,81.24034883080128,75.66055800312526,715,True,0.7642631264194477,1.974772775722817,2.7390359021422648,0.6156796855854108,0.5900381697638138,7745.78,3.0587946800214247,True,True,False,False,False,False,False,False,False,False
2026-09-03,715,7748.2,7749.46,7746.41,7749.46,7745.877917175973,7741.126550484509,7728.24410047292,3.050000000000182,6.345883070392426,38.69866895569274,13.887070557230178,34.43203569957269,34.43203569957269,0.9403964644621551,0.768707482993161,82.01711242002548,77.24499778987426,720,True,0.7487321526034453,2.0300484374970056,2.778780590100451,0.564473499478638,0.6023753491251379,7748.150000000001,1.6904403661667917,False,True,False,False,False,True,False,False,False,False
2026-09-03,720,7749.68,7749.68,7744.79,7745.07,7745.608611450649,7741.915240387608,7729.846567094546,4.890000000000327,6.241891422507276,36.53315672339779,14.963807199632319,34.964368957583225,34.964368957583225,0.8456856107691593,0.4608639168560824,70.94276906798055,78.23491195785759,725,True,0.5917070344612692,1.9334961914819537,2.5252032259432227,-0.08628978208543744,0.24379400147886934,7749.46,-5.668121785859039,False,True,False,False,False,False,False,False,False,False
2026-09-03,725,7745.0,7745.96,7741.81,7742.62,7744.612407633766,7742.056192310087,7731.063084514113,4.149999999999636,6.092470606613873,34.75563949655459,17.729518416375807,34.784048159263925,34.784048159263925,0.4442886499056655,0.2394764768305343,65.39860492095718,78.28212797448995,730,True,0.4195695783751013,1.804376008649055,2.2239455870241565,-0.32702786150558366,-0.20771697131096772,7749.68,-9.118360451630586,False,True,False,False,False,False,False,False,False,False
2026-09-03,730,7742.49,7743.650000000001,7740.78,7743.4800000000005,7744.234938422512,7742.34095384807,7732.245647893721,2.8700000000008004,5.86229413471294,33.540261023030666,18.36452435368396,34.38787647515341,34.38787647515341,-0.014719741473091593,0.22354640664499778,66.43447728832166,77.78175025540384,735,True,0.3230790763681832,1.7220742805398874,2.0451533569080707,-0.1287786667067715,-0.23432345709217062,7749.68,-8.006735989503191,False,True,False,False,False,False,False,False,False,False
2026-09-03,735,7743.45,7745.26,7742.49,7744.21,7744.226625615008,7742.714763078457,7733.385109999081,2.7700000000004366,5.641415982233475,34.402423962018794,17.720439193150852,34.21767956606688,34.21767956606688,-0.24889646383878272,0.07392607392609257,67.36739077283454,77.20580901075508,740,True,0.2679934508131552,1.6537786096181932,1.9217720604313484,-0.0029470641874586295,-0.06838389864770879,7749.68,-7.063341515790836,False,True,False,False,False,False,False,False,False,False
2026-09-03,740,7744.110000000001,7744.4800000000005,7741.41,7741.41,7743.287750410005,7742.453810462765,7734.149385237263,3.0700000000006185,5.457743412073985,33.020175010009886,18.42190979359869,33.80056381690373,33.80056381690373,-0.32782811412006413,0.1652408824853632,60.15309969673052,75.83229348760635,745,True,0.1527994052257649,1.5215858640643667,1.6743852692901315,-0.3440525265169546,-0.17354938497312378,7745.0,-4.637398096729337,False,True,False,False,False,False,False,False,False,False
2026-09-03,745,7741.45,7741.58,7738.91,7741.01,7742.528500273337,7742.165048370213,7734.802777119428,2.6700000000000728,5.2586188826401346,31.822632607387007,21.149588260033237,32.82540782897701,32.82540782897701,-0.5208228820587996,0.03987571206626158,59.1353393877642,74.2266946159218,750,True,0.06911546762281916,1.4000389484564912,1.4691544160793104,-0.2887640856327972,-0.32292230708647907,7744.21,-4.133827497961917,False,True,False,False,False,False,False,False,False,False
2026-09-03,750,7741.05,7742.79,7739.7300000000005,7741.71,7742.255666848891,7742.074038696171,7735.460607869959,3.0599999999994907,5.101574676737232,32.153381244793486,20.243457111787706,32.104324006673195,32.104324006673195,-0.7044518531312273,0.009552538964329556,60.45267133107487,72.67043950013088,755,True,0.03560237068546982,1.2963508809090667,1.3319532515945365,-0.10696047465101538,-0.20230686141279874,7744.21,-3.229260718885104,False,True,False,False,False,False,False,False,False,False
2026-09-03,755,7741.650000000001,7747.06,7740.51,7746.21,7743.573777899262,7742.901230956937,7736.484359501392,6.550000000000182,5.205033628398871,35.12297030436924,18.423863487224367,32.0387282650174,32.0387282650174,-0.5872785172954451,0.020965382740140735,67.92953664463616,71.41641463219875,760,True,0.1292108736157002,1.2328203646052596,1.3620312382209598,0.5064755175365473,0.2008205326900005,7744.110000000001,2.7110031873644713,True,True,False,False,False,False,False,False,False,False
2026-09-03,760,7746.360000000001,7748.64,7746.05,7747.7,7744.949185266175,7743.86098476555,7737.552515739354,2.5900000000001455,5.018245512084676,36.07708161037748,17.7446590248423,32.18320272340891,32.18320272340891,-0.2140683685227008,0.02292409577181589,70.03951282368311,70.40292726655177,765,True,0.21684879665703624,1.2571064948903068,1.473955291547343,0.5481626451317525,0.5367450458127437,7746.21,1.9231513868629164,True,True,False,False,False,False,False,False,False,False
2026-09-03,765,7747.82,7748.63,7746.93,7747.71,7745.869456844117,7744.630787812441,7738.519895192749,1.699999999999818,4.7812279755071865,35.16083404726166,17.293998941928162,32.3173575776296,32.3173575776296,0.0710111903188017,0.09547190398254266,70.05438833011496,69.88487936804404,770,True,0.2590692261530962,1.278101075915306,1.537170302068402,0.3849519757919208,0.48014421328902035,7747.7,0.012907039628765505,False,True,False,False,False,False,False,False,False,False
2026-09-03,770,7747.650000000001,7747.9800000000005,7743.87,7744.77,7745.502971229412,7744.658630249953,7739.11514326963,4.110000000000582,4.733283120113858,32.98006099416555,20.839132088674457,31.62031307578629,31.62031307578629,-0.13947172974370284,0.01777251184829897,60.17287415500708,68.65557836226395,775,True,0.17838378944015873,1.1711716454834946,1.3495554349236534,-0.15485471940112336,0.11699827565427445,7747.82,-3.938141481282559,False,True,False,False,False,False,False,False,False,False
2026-09-03,775,7744.85,7746.6,7743.97,7745.610000000001,7745.538647486275,7744.848904199963,7739.733701053475,2.630000000000109,4.583048611534305,31.628222828184505,19.984945248074794,30.973057466931788,30.973057466931788,-0.403381752159041,0.19580877537660668,61.900280113585524,67.3741718416798,780,True,0.15049879343993403,1.1161136571003112,1.2666124505402452,0.015568788326990931,-0.07218107113441612,7747.82,-2.853229119461381,False,True,False,False,False,False,False,False,False,False
2026-09-03,780,7745.6900000000005,7746.27,7742.93,7744.2300000000005,7745.102431657518,7744.725123359971,7740.161920000763,3.3400000000001455,4.494259424996151,29.949283187689172,20.57697482162756,30.085652042169876,30.085652042169876,-0.7439018451532414,0.04749841671944553,57.3064857899638,65.66461019590568,785,True,0.08395338627944389,1.0153404438178781,1.099293830097322,-0.1941213390274865,-0.08912248582411496,7747.82,-4.635709424951526,False,True,False,False,False,False,False,False,False,False
2026-09-03,785,7744.27,7745.02,7740.46,7740.46,7743.554954438346,7743.872098687977,7740.190308572119,4.5600000000004,4.498955180353597,27.781022115933574,23.008793332389256,28.607822246071972,28.607822246071972,-1.0041636099047722,0.19915029208709584,46.66334941058369,63.13934140951699,790,True,-0.07049286710308078,0.8183655911791005,0.7478727240760197,-0.687927377418865,-0.4409230517770311,7747.650000000001,-9.28885363402241,False,False,False,False,False,False,False,False,False,False
2026-09-03,790,7740.45,7741.68,7739.74,7740.43,7742.513302958898,7743.183678950382,7740.213136327155,1.9400000000005093,4.316172667471234,26.889107862643097,23.46162409975272,27.05063618219368,27.05063618219368,-1.307473761579369,0.061021170610186456,46.58589383069838,61.39956460685397,795,True,-0.15531723198580816,0.6882353538854171,0.532918121899609,-0.4826736832375422,-0.59986680285817,7745.6900000000005,-6.79548810595822,False,False,False,False,False,False,False,False,False,False
2026-09-03,795,7740.41,7741.77,7739.4400000000005,7739.650000000001,7741.558868639266,7742.476943160306,7740.159504295997,2.3299999999999272,4.1743031912232835,25.81704490900391,23.039559060689847,25.52451754485916,25.52451754485916,-1.5203781657702382,0.0827250608272327,44.428808439893594,59.90172200106372,800,True,-0.2199347960567133,0.5551678347614459,0.33523303870473264,-0.4572903672351048,-0.4781841921010624,7745.6900000000005,-7.8039704637806135,False,False,False,False,False,False,False,False,False,False
2026-09-03,800,7739.56,7739.56,7737.62,7738.74,7740.619245759511,7741.729554528245,7740.024313410664,2.030000000000655,4.021138677564524,24.886096784112564,25.44168062642844,23.780189921152505,23.780189921152505,-1.6092107749731557,0.17837837837838783,41.88341841719713,58.14807493884054,805,True,-0.27611799984146873,0.4240692138013415,0.14795121395987282,-0.46734169353470845,-0.47102508798187104,7744.27,-7.1458661229097435,False,False,False,False,False,False,False,False,False,False
2026-09-03,805,7738.75,7742.64,7738.7,7742.64,7741.2928305063415,7741.911643622597,7740.273426419172,3.9400000000005093,4.015343057738523,28.620856459182193,23.658516465737467,22.759602455912574,22.759602455912574,-1.4303445754270356,0.22242990654202283,54.46217453689341,57.22627377913046,810,True,-0.15411214119368855,0.40798934981840196,0.2538772086247134,0.33550545352844074,-0.06625539315040688,7740.45,2.828492607173405,True,False,False,False,False,False,False,False,False,False
2026-09-03,810,7742.62,7745.52,7742.57,7744.83,7742.471887004228,7742.495314898078,7740.707385807823,2.9500000000007276,3.939247125042966,32.312070740627306,22.39299865487294,22.429052751592014,22.429052751592014,-1.031821597755716,0.17134328358207374,59.939693988808045,57.211030514278846,815,True,-0.0059473023920533375,0.4538758380727869,0.4479285356807336,0.5986202238444914,0.47030338181614495,7742.64,2.8276927963552456,True,False,True,False,False,False,False,False,False,False
2026-09-03,815,7745.2,7747.63,7744.72,7746.59,7743.844591336153,7743.314251918463,7741.267634778506,2.9099999999998545,3.8657294732541727,34.47340508264182,21.188945253669132,22.53170252992159,22.53170252992159,-0.41616246374363897,0.060540540540531665,63.86897425344681,57.54914729039904,820,True,0.13718999773759696,0.5294258571678604,0.6666158549054574,0.7101916165737647,0.6600981386479057,7744.83,2.2719674075951075,False,True,True,True,False,True,False,True,False,True
2026-09-03,820,7746.57,7748.55,7746.57,7747.22,7744.969727557436,7744.095401534771,7741.834526704363,1.980000000000473,3.7310345108789087,34.927945005380806,20.385757224030822,22.800180173013334,22.800180173013334,0.013525905700253324,0.1513279802346883,65.24186389432687,57.891232473488465,825,True,0.23433876586139246,0.6059645987768649,0.8403033646382574,0.6031229236831402,0.6694766681801412,7746.59,0.8131949266964267,False,True,True,True,False,False,False,False,False,False
2026-09-03,825,7747.25,7748.14,7745.21,7746.41,7745.449818371624,7744.558321227817,7742.270286065853,2.930000000000291,3.6738177601018647,32.93821105657946,21.86863914908457,22.614269016548523,22.614269016548523,0.06173875498550293,0.04950495049499935,61.842932462338545,57.45647503189578,830,True,0.24266232078489977,0.6227949537433713,0.8654572745282711,0.2613579908082045,0.4369370339770767,7747.22,-1.045645660377388,False,True,True,False,False,False,False,False,False,False
2026-09-03,830,7746.28,7751.08,7746.05,7750.45,7747.116545581083,7745.736656982254,7743.049306440534,5.029999999999745,3.7706879200945704,35.36900657916705,19.784910714476297,23.017224546327387,23.017224546327387,0.16184067213526632,0.3304994686503103,70.474077087533,57.48751533645649,835,True,0.36595142002480435,0.7126950303681621,1.0786464503929662,0.8840441027092246,0.5693438622184319,7747.25,4.128792521724311,True,True,True,True,False,False,False,False,False,False
2026-09-03,835,7750.43,7751.28,7748.26,7748.6900000000005,7747.641030387389,7746.327325585804,7743.586515350959,3.019999999999527,3.717067354373496,33.700748253209774,18.636723857525233,23.429028773830694,23.429028773830694,0.2096162002724533,0.48958953004165834,63.440972730134646,57.015128507886466,840,True,0.35342507313982746,0.7373582379721124,1.0907833111119398,0.28220355258756774,0.5895002180110424,7750.45,-2.271351673636845,False,True,False,False,False,False,False,False,False,False
2026-09-03,840,7748.68,7755.52,7748.68,7754.33,7749.870686924926,7747.927860468643,7744.609704365153,6.8400000000001455,3.940133971918257,37.20836796010862,16.32579461911419,24.541808056744127,24.541808056744127,0.6425130133985348,0.6199821587867793,73.11400663655374,57.939495113711224,845,True,0.49308639506415936,0.8421429644622993,1.3352293595264586,1.1317668655065056,0.6989968776371701,7750.45,5.003656021861476,True,True,True,True,False,False,False,False,False,False
2026-09-03,845,7754.37,7755.49,7753.18,7754.43,7751.390457949951,7749.228288374915,7745.544970616092,2.3099999999994907,3.8236958310669165,35.60275365796276,15.621304452750305,25.575103105163745,25.575103105163745,0.8526261862787857,0.6798528058877311,73.25515685409913,58.75055773803363,850,True,0.5654658923100278,0.9632873328722654,1.528753225182293,0.7949225525088134,0.9805768367082793,7754.33,0.1289585436974269,False,True,True,True,False,False,False,False,False,False
2026-09-03,850,7754.53,7755.93,7753.96,7754.75,7752.5103052999675,7750.332630699932,7746.421640081226,1.9700000000002547,3.6912889859907265,35.09697941089966,15.025810383784998,26.60859560964929,26.60859560964929,1.0598556119395315,0.7569739952718909,73.75125377283902,59.92518402252472,855,True,0.5899496377281289,1.0595189467825223,1.6494685845106511,0.6067513837395645,0.7150939373912896,7754.43,0.4126503110992733,False,True,True,True,False,False,False,False,False,False
2026-09-03,855,7754.84,7756.76,7753.2300000000005,7753.6900000000005,7752.9035368666455,7751.004104559946,7747.113864835394,3.5299999999997453,3.679768344134228,34.30321171575853,13.996220907835127,27.711121145871275,27.711121145871275,1.0564376963757158,0.6034953577280742,68.98281925177028,61.51943186832376,860,True,0.5161825770165298,1.0571969104395529,1.5733794874560827,0.21372626203730932,0.41118863341116324,7754.75,-1.3670910237570635,False,True,False,False,False,False,False,False,False,False
2026-09-03,860,7753.92,7754.900000000001,7752.24,7753.83,7753.212357911098,7751.5692836479575,7747.753496755833,2.660000000000764,3.606927748124695,32.49624171770836,15.21946320905339,28.318022511996258,28.318022511996258,0.914306468944171,0.553505535055405,69.27796133603849,63.140293832990906,865,True,0.45553290164859617,1.057904997988461,1.513437899637057,0.17123772141637172,0.19464005385055644,7754.84,-1.3025820787923106,False,True,False,False,False,False,False,False,False,False
2026-09-03,865,7753.88,7755.12,7753.09,7754.14,7753.521571940732,7752.083426918367,7748.36173516004,2.0299999999997453,3.4942900518300557,31.597482189718267,14.587912269497961,28.925941896473073,28.925941896473073,0.7724487622745949,0.5097906819717019,69.989323536666,64.96604491133179,870,True,0.41157001881176547,1.0650780854263007,1.4766481042380661,0.17698246284506663,0.1768699978879158,7754.84,-0.9027435666622193,False,True,False,False,False,False,False,False,False,False
2026-09-03,870,7754.05,7755.54,7752.27,7755.2300000000005,7754.091047960489,7752.712741534694,7749.015855620988,3.269999999999527,3.478269333842161,29.475660000014713,15.292234768231502,29.12281289221578,29.12281289221578,0.4705639154481685,0.5245579567780578,72.50742644890809,67.153474056454,875,False,0.39626213312024183,1.0628521137615028,1.4591142468817446,0.32744791452170713,0.252622774447677,7754.84,0.5028864392162804,False,True,False,False,False,False,False,False,False,False
2026-09-03,875,7755.110000000001,7755.54,7754.43,7755.03,7754.40403197366,7753.176193227756,7749.588631276132,1.1099999999996726,3.3091072385676976,28.76942759693464,14.925835111401854,29.305621673976866,29.305621673976866,0.32919972066020264,0.587994542974114,71.27296219241435,68.35424460327694,880,False,0.37104833944128557,1.0841479870493747,1.4551963264906602,0.18916522832638763,0.2666761665025752,7755.2300000000005,-0.25789713257166974,False,True,False,False,False,False,False,False,False,False
2026-09-03,880,7754.92,7755.13,7751.75,7752.110000000001,7753.639354649107,7752.962954582205,7749.828761630786,3.380000000000109,3.314171007241441,26.6736510692994,19.614589572345967,28.301664869082554,28.301664869082554,-0.20809234246350647,0.12259970457909833,55.69760744386587,68.05123842149536,885,False,0.2040932907275685,0.9456943967499017,1.1497876874774702,-0.46145918414136705,-0.13629149201864138,7755.2300000000005,-4.02471069166961,False,True,False,False,False,False,False,False,False,False
2026-09-03,885,7752.150000000001,7754.68,7752.150000000001,7754.59,7753.9562364327385,7753.288363665764,7750.282212904044,2.569999999999709,3.261015935295603,25.172118930492882,18.510431144395508,27.369419264537836,27.369419264537836,-0.5844645425593148,0.41374474053298027,63.35016367304679,68.01418052289534,890,False,0.2048051221539342,0.9218448549064401,1.1266499770603742,0.19434543707748486,-0.13731780212245873,7755.2300000000005,-0.8253176505789828,True,True,False,False,False,False,False,False,False,False
2026-09-03,890,7754.66,7755.02,7751.860000000001,7752.62,7753.510824288493,7753.154690932612,7750.504859294135,3.1599999999998545,3.253800511345907,24.172323336265475,17.226373093063934,26.612902594971448,26.612902594971448,-0.8975730263351392,0.16147308781871197,54.87883892761209,67.27396445384429,895,False,0.10945150283157494,0.8143804849857699,0.9238319878173449,-0.2737796264357378,-0.039501610552467134,7755.110000000001,-3.2118174243039013,False,True,False,False,False,False,False,False,False,False
2026-09-03,895,7752.7300000000005,7753.42,7750.89,7753.400000000001,7753.473882858995,7753.20375274609,7750.780586980408,2.5299999999997453,3.202100474821181,22.808129995014536,18.4179408622876,25.472628143218948,25.472628143218948,-0.9430122419545354,0.09139307897069997,57.41535445396822,66.95770888181785,900,False,0.08436028632753878,0.7567425771726402,0.8411028635001789,-0.023073248193069055,-0.1506366141650118,7754.92,-1.960430262851816,False,True,False,False,False,False,False,False,False,False
2026-09-03,900,7753.39,7753.67,7751.0,7751.88,7752.942588572664,7752.939002196872,7750.885292982274,2.6700000000000728,3.164093298048245,21.9977487283353,17.307807846283954,24.505440758816576,24.505440758816576,-0.9546595019070866,0.23015236567761285,51.11574713016545,65.57497102772015,905,False,0.0011334608225120504,0.6490672117236942,0.6502006725462063,-0.33582719362904967,-0.1795887991605569,7754.66,-3.586226824976322,False,True,False,False,False,False,False,False,False,False
2026-09-03,905,7751.96,7753.27,7751.400000000001,7752.1,7752.66172571511,7752.771201757498,7751.000979364915,1.8699999999998909,3.0716580624733627,21.041173919799178,16.555175693730405,23.607338187585803,23.607338187585803,-1.0018548024618816,0.1367153912295792,51.97376354995523,64.75588465770734,910,False,-0.03564069963548905,0.5763084160341605,0.5406677163986714,-0.18287377816314432,-0.2644035004440312,7754.66,-3.302330981281834,False,False,False,False,False,False,False,False,False,False
2026-09-03,910,7752.13,7752.82,7749.78,7750.47,7751.93115047674,7752.310961405999,7750.95040990159,3.0399999999999636,3.0693967722966913,19.552627159138392,19.153924246797793,21.994675867533946,21.994675867533946,-1.159317425228334,0.2560975609755514,45.34045849087035,62.77205979015853,915,False,-0.12374122911916263,0.4432634831339221,0.31952225401475953,-0.4760383179938702,-0.32952341158785287,7753.400000000001,-3.780415897358858,False,False,False,False,False,False,False,False,False,False
2026-09-03,915,7750.46,7752.25,7749.56,7752.25,7752.03743365116,7752.298769124799,7751.074180387153,2.6899999999996,3.042297002846899,18.31773863790272,18.46074368064014,20.451401020922653,20.451401020922653,-1.3513465792979744,0.12954078135710698,52.749132871508074,61.307343791402026,920,False,-0.08590071034946928,0.4025211005039221,0.3166203901544528,0.06987034751724082,-0.2052041807113272,7753.39,-1.4705408107327904,True,False,False,False,False,False,False,False,False,False
2026-09-03,920,7752.400000000001,7752.400000000001,7747.76,7747.89,7750.654955767441,7751.4170152998395,7750.770925112186,4.640000000000327,3.1564186455007155,16.39434930638412,20.59567117549757,19.80187147725151,19.80187147725151,-1.2684889034447646,0.4109742441209354,38.40483161248438,58.78259935137669,925,False,-0.24143170408812847,0.20469090453969457,-0.036740799548433886,-0.8759787841773293,-0.4043173142189574,7752.25,-5.627338539911734,False,False,False,False,False,False,False,False,False,False
2026-09-03,925,7747.97,7750.68,7747.71,7750.55,7750.619970511628,7751.243612239872,7750.749884625311,2.9700000000002547,3.1431030279649685,15.28781729903008,19.3191996010361,19.21952576502557,19.21952576502557,-0.925050034169459,0.22047244094486357,48.09292468049378,57.29046402485694,930,False,-0.19841593568383536,0.1570828605261264,-0.041333075157708954,-0.022261602946219497,-0.4509757163290885,7752.400000000001,-2.3869273793477412,True,False,False,False,False,False,False,False,False,False
2026-09-03,930,7750.51,7751.93,7749.32,7750.01,7750.4166470077525,7750.996889791898,7750.6794194229005,2.610000000000582,3.105024240253227,17.245446296076455,18.159256713610635,18.03106267181294,18.03106267181294,-0.8067794497032376,0.11705685618730792,46.42525290257144,55.65812770818072,935,False,-0.186872223612042,0.1022440871416606,-0.08462813647038141,-0.1309641974708586,-0.07674940394948973,7752.400000000001,-3.0838669885591465,False,False,False,False,False,False,False,False,False,False
2026-09-03,935,7749.900000000001,7751.9800000000005,7749.78,7751.22,7750.684431338502,7751.041511833519,7750.730903287386,2.2000000000007276,3.0403796516637627,16.471577202051186,17.22069054408415,16.90194379526371,16.90194379526371,-0.9666425606626005,0.20215956808636426,50.73190047620969,54.2825974895767,940,False,-0.11744602185500565,0.10216110542716987,-0.015284916427835778,0.1761519030050732,0.021201571599358864,7752.400000000001,-1.5223409992237236,True,False,False,False,False,False,False,False,False,False
2026-09-03,940,7751.12,7752.04,7749.04,7749.2,7750.189620892335,7750.673209466815,7750.585102974302,3.0,3.037495390830637,15.309559410416412,17.74598066198753,16.221139923575016,16.221139923575016,-0.9994619471501842,0.20454545454544465,44.07742351218267,52.25188299409631,945,False,-0.15920635663826027,0.029006296694089054,-0.13020005994417122,-0.32580161119682516,-0.07474122137024611,7751.22,-2.6067206937495953,False,False,False,False,False,False,False,False,False,False
2026-09-03,945,7749.1900000000005,7750.76,7747.62,7749.02,7749.799747261557,7750.3425675734525,7750.436045548177,3.1400000000003274,3.0448171486284723,14.181834722806881,19.769973201952975,16.23813211970413,16.23813211970413,-0.5976435173696034,0.2717121588089416,43.50535353716238,50.268482375864025,950,False,-0.17827681775239712,-0.030700685841521327,-0.20897750359391842,-0.25609001246851776,-0.29055409036408825,7751.22,-2.8390686822331315,False,False,False,False,False,False,False,False,False,False
2026-09-03,950,7749.0,7750.17,7746.97,7749.06,7749.553164841039,7750.086054058763,7750.304993591208,3.199999999999818,3.05590163801214,13.121079958309844,19.81055242862803,16.529209290558303,16.529209290558303,-0.12424483490180194,0.1926229508196599,43.68806819499741,49.41065814380199,955,False,-0.1743803567154893,-0.07164482315841562,-0.2460251798739049,-0.16138112395501766,-0.2082711182126283,7751.22,-2.7874348630670744,False,False,False,False,False,False,False,False,False,False
2026-09-03,955,7748.84,7748.84,7744.25,7747.8,7748.968776560693,7749.628843247011,7750.066422772998,4.8100000000004,3.1811943781541587,11.703993276454035,23.77831740286504,17.779204129882036,17.779204129882036,0.5193547354356731,0.27423469387757343,39.19577191269467,47.685344446633984,960,False,-0.2074902089764156,-0.13755196129842276,-0.34504217027483836,-0.3674018062898658,-0.26121343183877715,7751.12,-4.285087379642878,False,False,False,False,False,False,False,False,False,False
2026-09-04,570,7750.1900000000005,7750.1900000000005,7734.87,7743.860000000001,7747.265851040463,7748.475074597609,7749.475334889855,15.320000000000618,4.0482519225717635,8.540278940616977,33.901137755966886,20.77747362562546,20.77747362562546,1.5131138353071105,0.3674263479710999,28.783819543424755,45.821414490620604,575,False,-0.2987026450612035,-0.24708449755035722,-0.5457871426115607,-0.8413140055519022,,,,False,False,False,False,False,False,False,False,False,False
2026-09-04,575,7744.02,7744.62,7738.34,7740.860000000001,7745.130567360309,7746.952059678088,7748.6548268051065,6.279999999999745,4.2076624995309055,7.629814965614707,30.286997649652363,23.56158101453007,23.56158101453007,2.344123907990589,0.5929203539822976,23.448248426193615,43.39519263149384,580,False,-0.4328988643888296,-0.40468244000290465,-0.8375813043917342,-1.0149500728218435,,7750.1900000000005,-12.052924352074482,False,False,False,False,False,False,False,False,False,False
2026-09-04,580,7740.95,7741.2300000000005,7734.9400000000005,7737.53,7742.597044906873,7745.06764774247,7747.595319490334,6.289999999999964,4.3564008924215525,6.842934476113075,32.73814922564572,26.551697233313917,26.551697233313917,2.924164367810627,0.5698569856985928,19.040751022498725,41.104121480946226,585,False,-0.5671201747974032,-0.5802201887022947,-1.147340363499698,-1.1631264045711844,-1.0717117751288243,7750.1900000000005,-16.36181055194715,False,False,False,False,False,False,False,False,False,False
2026-09-04,585,7737.22,7742.22,7733.93,7741.57,7742.254696604582,7744.368118193976,7747.021479538874,8.289999999999964,4.637372257248582,5.969164904219565,30.11352156356169,29.434716451602036,29.434716451602036,2.8857476086588583,0.4591002044989923,35.57019150416811,39.932437763390006,590,False,-0.45573688549392904,-0.5721691504817051,-1.0279060359756342,-0.1476475397272838,-0.6201509381162957,7750.1900000000005,-11.134692316934164,True,False,False,False,False,False,False,False,False,False
2026-09-04,590,7741.24,7741.24,7736.2,7740.27,7741.593131069722,7743.548494555182,7746.378481487553,5.369999999999891,4.689702810302246,5.480946097548035,27.650532552813004,32.11180572572672,32.11180572572672,2.850074903732216,0.4793307086614135,33.12211884788118,39.0596992174622,595,False,-0.41694827253524425,-0.603446966011172,-1.0203952385464163,-0.28213537685486995,-0.21406768781700694,7744.02,-4.844792235929754,False,False,False,False,False,False,False,False,False,False
2026-09-04,595,7740.34,7742.2,7738.150000000001,7740.45,7741.212087379815,7742.928795644146,7745.8138642030235,4.049999999999272,4.644009752423463,6.616082268957184,25.92811927498876,34.05674430395209,34.05674430395209,2.5016823568793902,0.5583203732504388,33.8314861328427,37.70843873612897,600,True,-0.36966077933730856,-0.6212451550886936,-0.9909059344260022,-0.1641011583615568,-0.22450625221513912,7741.57,-1.4469442991039163,False,False,False,False,False,False,False,False,False,False
2026-09-04,600,7741.56,7741.56,7734.7,7736.04,7739.4880582532105,7741.551036515317,7744.883019993212,6.860000000000582,4.802294770107543,5.941013272366477,28.414030546497283,36.29655013484074,36.29655013484074,2.2872778944129024,0.6070110701107372,26.17821243633354,36.83510879497533,605,True,-0.42958176473205123,-0.6938315195966865,-1.1234132843287379,-0.7180022090008713,-0.43834727297773757,7741.57,-7.148360142915168,False,False,False,False,False,False,False,False,False,False
2026-09-04,605,7736.37,7737.54,7732.05,7732.26,7737.078705502141,7739.692829212254,7743.680827612906,5.489999999999782,4.851416572242703,5.460797672601489,30.0189663814594,38.64803910984697,38.64803910984697,2.1787444613734173,0.662974683544343,21.490345288969763,34.934924552723615,610,True,-0.53883719758668,-0.8220276163191791,-1.360864813905859,-0.9932574188147318,-0.8519948382340384,7741.56,-12.027531407376605,False,False,False,False,False,False,False,False,False,False
2026-09-04,610,7731.89,7732.860000000001,7724.68,7732.47,7735.542470334761,7738.248263369804,7742.61312974501,8.180000000000291,5.089172531368246,4.833845835335319,36.916591429967674,41.37632880252571,41.37632880252571,2.439861499524542,0.6518664047151613,22.35931508823971,33.21592899455707,615,True,-0.5316764205507201,-0.8576770286923171,-1.389353449243037,-0.603726895840661,-0.7752906575932017,7741.56,-11.755622718226059,False,False,False,False,False,False,False,False,False,False
2026-09-04,615,7732.38,7732.59,7725.400000000001,7725.400000000001,7732.161646889841,7735.678610695843,7740.973784055009,7.1899999999996,5.239231636270485,4.36001202085747,33.29787251946513,43.90974066001312,43.90974066001312,2.5377301750574595,0.7165706973768645,15.754733404747157,30.717559918024026,620,True,-0.6712747307553578,-1.0106774669987073,-1.681952197754065,-1.2905798711075287,-0.9385075815812187,7741.56,-20.91801071789144,False,False,False,False,False,False,False,False,False,False
2026-09-04,620,7725.32,7728.14,7724.16,7726.64,7730.321097926561,7733.870888556676,7739.608661764056,3.980000000000473,5.149286519394056,4.119301171504738,33.17961019050935,46.33846986949197,46.33846986949197,2.563476919881668,0.6029411764706271,20.394384455040154,29.025914271085274,625,True,-0.6893752399957835,-1.1142850928511319,-1.8036603328469154,-0.7148753351938602,-1.013999199410215,7736.37,-12.592795833634753,False,False,False,False,False,False,False,False,False,False
2026-09-04,625,7726.88,7729.25,7723.78,7728.01,7729.550731951042,7732.698710845341,7738.504027310336,5.470000000000255,5.172194625151642,5.3410459184973655,30.67317943231185,48.052810813284104,48.052810813284104,2.2254940035861304,0.4771630152246971,25.49449485726859,27.739424365378575,630,True,-0.6086350422684347,-1.1224087424638185,-1.7310437847322533,-0.297887466095924,-0.5047982777181066,7732.47,-5.771214064164042,False,False,False,False,False,False,False,False,False,False
2026-09-04,630,7728.09,7728.47,7723.14,7724.03,7727.710487967362,7730.964968676273,7737.125548518875,5.329999999999927,5.1834664376408055,4.948757764172325,29.302226400740082,49.69925109743184,49.69925109743184,1.9298368124729066,0.4894851341552185,21.080500129516153,26.12459807498706,635,True,-0.6278579688060745,-1.1885057840570505,-1.816363752863125,-0.7100437538546064,-0.5036417213473809,7732.38,-10.810418913443323,False,False,False,False,False,False,False,False,False,False
2026-09-04,635,7723.900000000001,7727.7,7723.900000000001,7727.09,7727.503658644909,7730.189974941019,7736.169781993268,3.7999999999992724,5.084647406380697,4.684583251581841,27.738015391408894,51.22808850414045,51.22808850414045,1.6298728782161593,0.5443609022556525,31.359620495814013,25.564872973781295,640,True,-0.5283190910620201,-1.1760514691235509,-1.704370560185571,-0.08135444050445644,-0.4025988711752273,7728.09,-1.2941482498586143,True,False,True,False,False,False,False,False,False,False
2026-09-04,640,7727.49,7727.49,7718.58,7718.89,7724.6324390966065,7727.929979952815,7734.5240884701,8.909999999999854,5.357886877353494,4.128132043337025,31.535545080993685,53.0582004382196,53.0582004382196,1.668463208311832,0.6382089552239012,22.517787730448106,25.117299272854392,645,True,-0.6154554830462573,-1.2307293282275442,-1.8461848112738015,-1.071773112806486,-0.5744893352947147,7728.09,-11.918812160815634,False,False,False,False,False,False,False,False,False,False
2026-09-04,645,7718.9400000000005,7720.9400000000005,7713.91,7713.91,7721.058292731072,7725.125983962253,7732.560841949138,7.030000000000655,5.477323528971148,3.749678587385374,34.734515172122414,55.01926825234083,55.01926825234083,1.7733390516363297,0.6929503916449044,18.880673135653964,24.791043894958705,650,True,-0.742642133455477,-1.357388868406349,-2.1000310018618262,-1.3050703857937767,-1.1767363895423957,7728.09,-18.3823767713135,False,False,False,False,False,False,False,False,False,False
2026-09-04,650,7713.88,7717.37,7712.03,7712.03,7718.048861820715,7722.506787169802,7730.605523668268,5.3400000000001455,5.467514705473219,3.488090896460461,34.76740670271585,56.92962317852256,56.92962317852256,1.90051155812737,0.6712328767123267,17.66863759295549,24.69303579284847,655,True,-0.8153476651146163,-1.4812464043962392,-2.2965940695108555,-1.100840536320772,-1.2041261213804264,7727.49,-20.046602515809763,False,False,False,False,False,False,False,False,False,False
2026-09-04,655,7712.110000000001,7713.25,7709.26,7710.7300000000005,7715.6092412138105,7720.151429735842,7728.712616652242,3.9899999999997817,5.361977940796545,3.3026917925351107,36.60945146390153,58.82394943209916,58.82394943209916,1.9219163312931873,0.6467407629918825,16.82825879020389,23.354326313279604,660,True,-0.8471106319688531,-1.596647172168075,-2.443757804136928,-0.9099704004163035,-1.016239077710862,7727.49,-21.735944586309348,False,False,False,False,False,False,False,False,False,False
2026-09-04,660,7710.95,7711.96,7706.18,7710.68,7713.966160809207,7718.257143788674,7726.995224590124,5.779999999999745,5.39183665931106,3.049802103295536,37.88647947905032,60.700793043438495,60.700793043438495,1.893841597032555,0.6577120434651341,16.793696897978734,22.18801045971514,665,True,-0.7958295569017638,-1.6206130403377161,-2.41644259723948,-0.6094696514094683,-0.7572004252867821,7718.9400000000005,-10.712414469281851,False,False,False,False,False,False,False,False,False,False
2026-09-04,665,7710.860000000001,7713.28,7709.95,7712.34,7713.424107206139,7717.07371503094,7725.599488914874,3.3299999999999272,5.244562612217408,4.709264456500254,36.16821040150901,61.862102289309455,61.862102289309455,1.644159703595631,0.47113997113998124,22.721675572586307,21.39445256255397,670,True,-0.6958841174474919,-1.625640594712979,-2.321524712160471,-0.20671069949913468,-0.4166475203445039,7713.88,-1.9967999336128381,False,False,True,False,False,False,False,False,False,False
2026-09-04,670,7712.45,7715.01,7710.47,7715.01,7713.952738137426,7716.6609720247525,7724.590966161077,4.539999999999964,5.194236711344733,6.794266791002248,33.910162762118155,62.201707330180824,62.201707330180824,1.1259192993605538,0.3989708404802707,31.546422359752654,21.777896128512477,675,True,-0.5213920808443337,-1.5266909417132142,-2.048083022557548,0.2035451831189422,-0.002584147108978686,7712.34,3.4607861817419194,True,False,True,False,False,False,False,False,False,False
2026-09-04,675,7715.0,7715.31,7708.04,7709.35,7712.418492091618,7715.198777619802,7723.1394455743075,7.270000000000437,5.342505517677284,6.133871463016244,33.86300881281592,62.71074612802249,62.71074612802249,0.6699843615279993,0.5580143540669728,24.79413141756173,22.013880851983334,680,True,-0.5204085459500065,-1.4863190928360033,-2.0067276387860096,-0.5743545011725949,-0.18822912043674997,7715.01,-7.341734387464383,False,False,False,False,False,False,False,False,False,False
2026-09-04,680,7709.55,7710.78,7707.1900000000005,7709.16,7711.332328061078,7713.991022095842,7721.808069805325,3.589999999999236,5.217326552128853,5.832395241263247,33.36236650556926,63.24847172455309,63.24847172455309,0.46212314508121227,0.5015177065767156,24.595319145842367,22.17359542752638,685,True,-0.5095893477625081,-1.4982860726427025,-2.0078754204052105,-0.41636804585141435,-0.5022514979973336,7715.01,-7.588375387202191,False,False,True,False,False,False,False,False,False,False
2026-09-04,685,7709.17,7710.76,7707.47,7710.4400000000005,7711.0348853740525,7713.280817676674,7720.725396490532,3.2899999999999636,5.079660369833932,5.5625715164653515,31.81892549613324,63.74778834990293,63.74778834990293,0.5153603399073697,0.5974165769644477,28.915276491121304,23.113634219410248,690,True,-0.4421422180032218,-1.465566252828361,-1.907708470831583,-0.11711124971754829,-0.2723817375236261,7715.01,-5.927028807694125,False,False,True,False,False,False,False,False,False,False
2026-09-04,690,7710.39,7710.650000000001,7706.12,7708.12,7710.063256916035,7712.248654141339,7719.524882539053,4.530000000000655,5.040398914845841,5.205478904844405,31.68940439144238,64.32166842410741,64.32166842410741,0.5369740986949741,0.4897680763983471,25.890756680652785,23.506232235525435,695,True,-0.43357624311580883,-1.4435818514844887,-1.8771580946002977,-0.38553633330721926,-0.25177990204412487,7715.0,-8.925652428867362,False,False,True,False,False,False,False,False,False,False
2026-09-04,695,7708.22,7711.110000000001,7708.1,7710.91,7710.345504610691,7711.980923313072,7718.704417535333,3.0100000000002183,4.895370420928296,5.648047318444061,30.297635973871106,64.62544530064251,64.62544530064251,0.4589911920298064,0.15151515151514316,35.07808333080118,24.19077426934919,700,True,-0.33407455652164014,-1.3734393200395023,-1.7075138765611424,0.11531208892702906,-0.14082300297731423,7710.4400000000005,0.6095259833137012,True,False,True,False,False,False,False,False,False,False
2026-09-04,700,7710.93,7716.21,7710.89,7715.28,7711.990336407128,7712.640738650458,7718.378282531968,5.319999999999709,4.925701105147684,12.607932361353306,27.960283092666348,62.712434790395406,62.712434790395406,-0.3451178531691757,0.14580529385374036,46.71749808891263,26.021988409306083,705,True,-0.13204257210214196,-1.1648177100136312,-1.296860282115773,0.6678569248617134,0.39122948184547807,7710.91,5.6640847772211655,True,False,True,False,False,False,False,False,False,False
2026-09-04,705,7715.53,7716.26,7712.24,7714.12,7712.700224271419,7712.936590920367,7717.972731814638,4.020000000000437,4.861008169065737,11.936644688042056,26.308651312896007,60.91715337294956,60.91715337294956,-1.1348383503859527,0.15304740406316908,44.34340406398477,26.949401521318283,710,True,-0.0486250260701854,-1.0360280664244907,-1.084653092494676,0.29207433503530156,0.4844097312390219,7715.28,-1.503736006180685,False,False,True,False,False,False,False,False,False,False
2026-09-04,710,7714.03,7715.89,7713.07,7714.97,7713.456816180947,7713.343272736294,7717.686757356101,2.8200000000006185,4.7152218712753715,11.426725674090557,25.18477757061188,59.25010634246412,59.25010634246412,-1.7917796527261298,0.18692810457514847,46.581226925794944,28.668218606700197,715,True,0.024080191293657887,-0.9211622991204361,-0.8970821078267782,0.32091465902629523,0.3110097072530897,7715.53,-0.725861539318352,False,False,True,False,False,False,False,False,False,False
2026-09-04,715,7714.9800000000005,7716.03,7712.75,7715.33,7714.081210787298,7713.740618189036,7717.462304274568,3.2799999999997453,4.612706023327113,10.846346483879335,24.4011335884754,57.764816308707005,57.764816308707005,-1.6492061605628006,0.13810623556580048,47.58537474272732,30.718554435776863,720,True,0.0738379156486499,-0.8068335737658731,-0.7329956581172231,0.2707281162915254,0.2993874981183089,7715.53,-0.25922416798739406,False,False,True,False,False,False,False,False,False,False
2026-09-04,720,7715.1900000000005,7716.610000000001,7714.1,7716.41,7714.857473858199,7714.274494551229,7717.362084819847,2.5100000000002183,4.46251273594662,11.338952846299943,23.420794724778393,56.121482318318016,56.121482318318016,-1.5985570182105135,0.06979062811563035,50.712290308816826,33.07881534405267,725,True,0.13063924776608232,-0.6918950042981737,-0.5612557565320914,0.3479040248545741,0.3138719730635169,7715.53,1.1404267010178428,False,False,True,False,False,False,False,False,False,False
2026-09-04,725,7716.4400000000005,7720.01,7715.47,7719.24,7716.318315905467,7715.267595640983,7717.540933884624,4.539999999999964,4.46804754052186,15.95140463330359,21.72094057649941,53.2067366669833,53.2067366669833,-2.014456558493606,0.5739988392338146,58.08386257400341,36.02564418575264,730,True,0.23516317920852933,-0.5087990275446673,-0.27363584833613797,0.6539062236995683,0.5006896408062153,7716.41,3.666164026510288,True,False,True,False,False,False,False,False,False,False
2026-09-04,730,7719.17,7722.91,7718.55,7722.88,7718.505543936978,7716.790076512787,7718.049416371802,4.359999999999673,4.460329859055989,19.481762937428513,20.20434388800802,49.53630835687515,49.53630835687515,-2.7428359839439502,0.6634429400386586,65.54127503263321,39.50761405251368,735,True,0.38460550640846974,-0.2823423152120264,0.10226319119644336,0.9807472095680199,0.8178924416031644,7719.24,4.713267589293537,True,False,True,False,False,False,False,False,False,False
2026-09-04,735,7722.87,7723.9800000000005,7721.25,7723.68,7720.230362624652,7718.16806121023,7718.58566243163,2.730000000000473,4.336734869123452,20.368124102237115,19.29586154424911,46.19109816255447,46.19109816255447,-3.3101280519211826,0.6554455445544211,66.99322332060342,42.669867463086334,740,True,0.4755424245796572,-0.09629392480814136,0.3792484997715158,0.795445762642488,0.9020719129126371,7722.88,1.0357756924162858,False,False,True,False,False,True,False,False,False,False
2026-09-04,740,7723.66,7726.83,7723.66,7724.34,7721.600241749768,7719.402448968184,7719.133694580999,3.1700000000000728,4.253396664186068,24.069922654571865,18.268650891469793,43.87045511227435,43.87045511227435,-3.1120938515696515,0.8748651564185699,68.23545074599538,45.290512347817945,745,True,0.5167147470843241,0.06318582732905842,0.5799005744133825,0.6441341982751561,0.727582696165631,7723.68,0.8544419329028169,False,True,True,True,False,False,False,False,False,False
2026-09-04,745,7724.35,7724.35,7721.82,7722.26,7721.820161166513,7719.973959174548,7719.4314379542375,2.530000000000655,4.1302969024585385,23.016783138831244,20.651397502296643,41.12376016619941,41.12376016619941,-2.8041827302252478,0.6365675827257661,60.20234753730546,47.81967064208536,750,True,0.44699014031301065,0.13135162752777235,0.578341767840783,0.10649085135398968,0.38491144327039206,7724.34,-2.693512002962769,False,True,False,False,False,False,False,False,False,False
2026-09-04,750,7722.1900000000005,7725.0,7721.32,7724.99,7722.876774111009,7720.977167339639,7719.960824815738,3.680000000000291,4.098132837997235,22.673390485051556,19.326802239514947,38.75549377493755,38.75549377493755,-2.4785347958723065,0.599752933909838,66.09590211612172,50.78399799710531,755,True,0.4635298186912925,0.24800136161456496,0.7115311803058575,0.5156557809443404,0.311491211169252,7724.35,0.8284800368666082,True,True,True,True,False,False,False,False,False,False
2026-09-04,755,7724.95,7724.95,7722.82,7723.68,7723.144516074006,7721.517733871711,7720.315031976144,2.1700000000000728,3.9604090638545806,21.786013583191156,18.57040200438133,36.55638926876582,36.55638926876582,-2.4380219478361767,0.5850673194614961,61.20313344238867,53.09027349362441,760,True,0.410761155240697,0.30368122993746943,0.7144423851781664,0.1352092466613128,0.3343985144312972,7724.99,-1.6960826963306228,False,True,False,False,False,False,False,False,False,False
2026-09-04,760,7723.72,7725.21,7722.84,7724.62,7723.636344049338,7722.138187097369,7720.725028930798,2.369999999999891,3.8468084164363887,21.310055902038858,17.753178106655565,34.595606896666034,34.595606896666034,-2.1760510898444587,0.5873402312842686,63.39079210853652,55.76884745275896,765,True,0.38945452691832566,0.3673586031821786,0.7568131301005043,0.2557070288343887,0.19745457951160503,7724.99,-0.47898796316180065,False,True,False,False,False,False,False,False,False,False
2026-09-04,765,7724.650000000001,7728.1,7724.63,7727.95,7725.074229366225,7723.300549677896,7721.413121413579,3.480000000000473,3.820607815262395,25.326638301061674,16.5981438668086,33.6115931977481,33.6115931977481,-1.7146335257298162,0.6505154639175629,70.10822728240794,58.271000592159446,770,True,0.46424018744968326,0.4940125643824355,0.9582527518321188,0.7526997726086051,0.5050801824020101,7724.99,3.830252524925804,True,True,True,True,False,False,False,False,False,False
2026-09-04,770,7727.9400000000005,7728.76,7726.76,7726.78,7725.642819577484,7723.996439742317,7721.924252707524,2.0,3.6905643998865094,25.623664557656042,15.95565042878134,32.871620847797864,32.871620847797864,-1.228256140322652,0.5320677270395326,65.36725363605063,59.60312598838358,775,True,0.4461051635401844,0.5614824211866104,1.0075875847267948,0.30813184632422475,0.543677148191247,7727.95,-1.5142142004820545,False,True,False,False,False,False,False,False,False,False
2026-09-04,775,7726.7300000000005,7727.33,7724.85,7724.85,7725.37854638499,7724.167151793855,7722.2028953068075,2.4799999999995634,3.6040955141802993,24.364250335043547,18.956799426018627,31.415238728640823,31.415238728640823,-1.0601227226750705,0.3017751479290526,58.07872896166012,60.584220623931834,780,True,0.3361161174471866,0.5450067789044412,0.8811228963516278,-0.14665160313038433,0.08443644669444618,7727.95,-4.013022906592949,False,True,False,False,False,False,False,False,False,False
2026-09-04,780,7724.89,7725.18,7719.57,7720.46,7723.739030923327,7723.425721435085,7722.036905277588,5.610000000000582,3.7473744060246053,21.758932020899113,26.99390010227964,29.938276837685688,29.938276837685688,-1.2244387866874706,0.1251292657704386,45.18604230072439,60.484564579283926,785,True,0.08360773552240622,0.3706104613577161,0.4542181968801223,-0.8750208994476891,-0.5080326777854457,7727.95,-9.701494470536447,False,True,False,False,False,False,False,False,False,False
2026-09-04,785,7720.45,7722.1,7719.18,7719.27,7722.249353948885,7722.594577148068,7721.773390489246,2.9200000000000728,3.68827623416571,20.52846791038918,26.222688338098884,28.669817735587447,28.669817735587447,-1.4006010374034723,0.22351748606185295,42.32108544622609,60.10854391524813,790,True,-0.09360014740363594,0.22264781884168677,0.12904767143805085,-0.8077903496722685,-0.8484159638364732,7727.9400000000005,-11.231632006653573,False,False,False,False,False,False,False,False,False,False
2026-09-04,790,7719.33,7720.63,7718.95,7719.62,7721.37290263259,7721.999661718455,7721.568305680747,1.680000000000291,3.5448279317253233,19.83353540683938,25.798446178344758,27.555671952794942,27.555671952794942,-1.2865222586152936,0.24304840370756436,43.506274421129675,59.593828494699046,795,True,-0.1768094525141328,0.12168602990517026,-0.055123422608962545,-0.4944958306444387,-0.6674874877735723,7726.7300000000005,-9.210297916219428,False,False,False,False,False,False,False,False,False,False
2026-09-04,795,7719.59,7720.39,7717.900000000001,7718.3,7720.34860175506,7721.259729374765,7721.257038473056,2.4899999999997817,3.4694830794592133,18.816802983182207,26.637638071165533,26.816400864173573,26.816400864173573,-1.0406253245040382,0.21221864951771952,40.01745568536392,58.30337085979623,800,True,-0.26261192196001343,0.0007755915354381977,-0.2618363304245752,-0.5904631059274411,-0.5478488150231793,7724.89,-8.53814959252704,False,False,False,False,False,False,False,False,False,False
2026-09-04,800,7718.25,7719.4800000000005,7716.360000000001,7716.38,7719.025734503374,7720.283783499813,7720.792558618479,3.119999999999891,3.444520002354976,17.599373864561734,28.10768675241442,26.543127093772306,26.543127093772306,-0.7088968806050472,0.48235294117651617,35.37542509253133,56.148667292646095,805,True,-0.36523201943328365,-0.14770566532309856,-0.5129376847563822,-0.7680996195595493,-0.6814209607176205,7720.45,-5.274493998480775,False,False,False,False,False,False,False,False,False,False
2026-09-04,805,7716.35,7717.6,7713.88,7714.16,7717.40382300225,7719.0590267998505,7720.1608863691,3.7200000000002547,3.4641971450439244,16.249449232780506,31.065275878208812,26.883857477971635,26.883857477971635,-0.22393815827443575,0.5074626865672307,30.737429427044034,53.55896772882043,810,True,-0.477803002628982,-0.3180706879877809,-0.7958736906167628,-0.9363852189794333,-0.850060960596195,7719.62,-7.0778931212212814,False,False,False,False,False,False,False,False,False,False
2026-09-04,810,7714.13,7714.13,7710.1900000000005,7711.43,7715.412548668167,7717.53322143988,7719.329373381566,3.969999999999345,3.500325920397883,14.933034808173462,36.078499959753074,27.924462017016975,27.924462017016975,0.36935371761446706,0.6418491484185231,26.01822738561249,50.54345177450735,815,True,-0.6058500893746734,-0.5131384855389843,-1.1189885749136579,-1.1377650992322177,-1.0322426875028312,7719.59,-10.58169496448759,False,False,False,False,False,False,False,False,False,False
2026-09-04,815,7711.51,7713.04,7711.12,7712.55,7714.458365778778,7716.536577151905,7718.683718773798,1.9200000000000728,3.387445497512325,14.328461521042877,34.617839243723004,28.89073766041622,28.89073766041622,0.7825368555479718,0.8396946564886064,30.913765613213727,48.4514102085008,820,True,-0.613504003135335,-0.633852743452425,-1.24735674658776,-0.5633642755814887,-0.8695216574362115,7718.25,-7.390551763035336,True,False,False,False,False,False,False,False,False,False
2026-09-04,820,7712.400000000001,7712.400000000001,7708.860000000001,7708.9400000000005,7712.618910519186,7715.017261721524,7717.755745557246,3.6899999999996,3.4090565334042733,13.220655582559264,36.676644584894724,30.18486592572845,30.18486592572845,1.1003361492522714,0.8585178055823396,24.93149853690528,45.5110956671282,825,True,-0.7035234466888847,-0.8032966918819016,-1.5068201385707862,-1.0791579673546345,-0.8194754535769084,7716.35,-9.612216465557982,False,False,False,False,False,False,False,False,False,False
2026-09-04,825,7708.92,7710.39,7706.99,7709.28,7711.505940346125,7713.869809377219,7716.948531694651,3.4000000000005457,3.40840963816115,12.278653011761643,37.98222642982622,31.68168390858496,31.68168390858496,1.252407297189329,0.8113600833768848,26.439775751866293,43.02799868923375,830,True,-0.693540179158109,-0.9032723892580651,-1.596812568416174,-0.6530730112961854,-0.8662178981063567,7714.13,-6.291119274433363,False,False,False,False,False,False,False,False,False,False
2026-09-04,830,7709.21,7710.21,7708.42,7708.96,7710.657293564083,7712.8878475017755,7716.1877191523035,1.7899999999999636,3.2928089497210653,11.801882717405194,36.50740689889598,33.07158632123744,33.07158632123744,1.3936162202737397,0.7605820105821534,25.88901555800993,40.34930036419613,835,True,-0.6774015655785448,-1.002144886300679,-1.6795464518792238,-0.5154546133710906,-0.595727533864027,7712.55,-4.656918702393249,False,False,False,False,False,False,False,False,False,False
2026-09-04,835,7709.06,7710.66,7708.34,7709.79,7710.3681957093895,7712.268278001421,7715.5784125663695,2.319999999999709,3.22332259616954,12.192332358152195,34.63052406230993,34.132290866067535,34.132290866067535,1.315808313446362,0.6422764227643689,30.135614588127766,37.49411374317612,840,True,-0.5894794068361514,-1.0269324481769242,-1.6164118550130755,-0.17937879071634047,-0.35297262461012313,7712.400000000001,-3.3853062145669104,False,False,False,False,False,False,False,False,False,False
2026-09-04,840,7709.87,7711.34,7707.9400000000005,7708.76,7709.832130472927,7711.5666224011375,7714.929039941001,3.399999999999636,3.235942410728833,12.778297006222877,32.03150681727715,34.76330667315287,34.76330667315287,1.0272075881893024,0.7033678756477483,27.903440397172105,34.81812708325622,845,True,-0.53600828075917,-1.039084480834837,-1.575092761594007,-0.3313193922648719,-0.254999312849484,7709.79,-1.3361422589362562,False,False,False,False,False,False,False,False,False,False
2026-09-04,845,7708.81,7711.49,7707.89,7711.41,7710.358086981952,7711.53529792091,7714.593893279954,3.5999999999994543,3.261946524248163,12.099432649093632,29.506427659677293,35.26863078161773,35.26863078161773,0.7323481534600967,0.41085271317837024,40.631574258739654,33.571901747333335,850,True,-0.3608921636843375,-0.9376595650195193,-1.2985517287038568,0.32248015417441767,-0.003098986253381215,7709.87,1.9970407487086843,True,False,True,False,False,False,False,False,False,False
2026-09-04,850,7711.360000000001,7712.77,7710.9800000000005,7711.97,7710.895391321302,7711.6222383367285,7714.343998681863,1.7899999999999636,3.1568074868018634,14.505616201911929,28.311357148643616,35.05255837675038,35.05255837675038,0.30675583689428265,0.2861778066191056,43.022934194569494,33.41739402546513,855,True,-0.230247494807838,-0.862187623576594,-1.0924351183844319,0.34040994998626717,0.33681523273752756,7711.41,0.7261439035686085,False,False,True,False,False,False,False,False,False,False
2026-09-04,855,7712.06,7713.7,7711.63,7713.0,7711.596927547535,7711.8977906693835,7714.2159988074,2.069999999999709,3.0791783806017095,15.966427372902636,26.951891778018357,34.37710513875373,34.37710513875373,-0.12873384479971386,0.08157524613221212,47.40645974001147,33.780635046449795,860,True,-0.09770889654964769,-0.7528658140173775,-0.8505747105670253,0.4556645569167731,0.4023282877628315,7711.97,1.3354077531437125,False,False,True,False,False,False,False,False,False,False
2026-09-04,860,7713.1900000000005,7715.31,7712.99,7714.400000000001,7712.5312850316905,7712.398232535507,7714.233522730505,2.3200000000006185,3.024951353415917,18.89346118536226,25.475400762848587,32.981211332249856,32.981211332249856,-0.7624731497892915,0.23041117145078344,52.94245900976795,34.45464823135253,865,True,0.04398500360440678,-0.6067172594114525,-0.5627322558070458,0.6177669489460867,0.5408000061030311,7713.0,1.8147879290684248,True,False,True,False,False,False,False,False,False,False
2026-09-04,865,7714.42,7714.92,7713.16,7714.06,7713.040856687794,7712.730586028406,7714.216996756171,1.7600000000002183,2.9345976853147957,18.084090282674484,24.38406826905787,31.685024226210547,31.685024226210547,-1.1225113835132785,0.12469033856320169,51.462472786820385,35.27214945288514,870,True,0.10572851636215655,-0.5065126082541404,-0.40078409189198383,0.34728552990629125,0.4920364885055,7714.400000000001,-0.4407536368658599,False,False,True,False,False,False,False,False,False,False
2026-09-04,870,7714.150000000001,7715.78,7714.03,7715.52,7713.867237791864,7713.288468822725,7714.3410923032025,1.75,2.8499835649351675,19.446324754931453,23.31458542321501,30.067969230240745,30.067969230240745,-1.4363786361709938,0.6606425702811751,57.23737203322692,36.83371709150625,875,False,0.20307800236452597,-0.3693437019877677,-0.16626569962324175,0.5799199084764765,0.4687580576289057,7714.42,1.4256978142761134,True,False,True,False,False,False,False,False,False,False
2026-09-04,875,7715.53,7715.84,7713.6,7714.5,7714.07815852791,7713.530775058181,7714.356226369564,2.2399999999997817,2.8064133102969255,18.337645591611945,23.079799943160342,28.738089595457957,28.738089595457957,-1.4143739122639662,0.4906015037594073,52.342708999468904,38.376951346679455,880,False,0.19504734663321,-0.2941303436506538,-0.09908299701744382,0.1503133806207886,0.36961834392321424,7715.52,-1.3221854948479312,False,False,False,False,False,False,False,False,False,False
2026-09-04,880,7714.56,7717.150000000001,7713.96,7717.01,7715.055439018607,7714.226620046545,7714.60896671532,3.1900000000005093,2.8338123595614673,20.165141088425603,21.224032303845785,26.868110145557118,26.868110145557118,-1.6056380268844765,0.6274356975837613,61.46535033169194,40.90888869997085,885,False,0.29247489491177736,-0.13492307191242345,0.15755182299935389,0.6897284411927626,0.41929424957663936,7715.53,1.9178412364380413,True,False,True,False,False,False,False,False,False,False
2026-09-04,885,7716.9400000000005,7717.83,7716.360000000001,7717.610000000001,7715.906959345739,7714.903296037236,7714.894779409099,1.4699999999993452,2.736397191021316,21.16638573662381,20.409631748540775,25.078971527760206,25.078971527760206,-1.6629992341601796,0.620634920634907,63.35191867328822,43.22589963283331,890,False,0.36678275792566356,0.0031123508549401814,0.3698951087806037,0.6223660292627623,0.6683243294611803,7717.01,0.7774427575381028,False,True,True,True,False,False,False,False,False,False
2026-09-04,890,7717.53,7718.27,7716.8,7717.49,7716.434639563826,7715.420636829789,7715.141943274899,1.4700000000002547,2.645940248805526,21.51423434769142,19.599707437300342,23.620233327239216,23.620233327239216,-1.705952089406247,0.7467921300254768,62.6616699529498,45.920911876836485,895,False,0.3832296418993029,0.10532874089504062,0.48855838279434355,0.3988602677820748,0.5212515837579319,7717.610000000001,-0.15549096921512093,False,True,True,False,False,False,False,False,False,False
2026-09-04,895,7717.55,7719.12,7717.03,7718.12,7716.996426375884,7715.960509463832,7715.425567724908,2.0900000000001455,2.606230231033713,22.61147460508221,18.477029828189778,22.651808856739308,22.651808856739308,-1.4054337629392701,0.6938986556357903,64.91916880644101,48.66943995216325,900,False,0.39747712988546646,0.2052549819097267,0.6027321117951931,0.4311106558189179,0.4180240936399816,7717.610000000001,0.6607826776459925,False,True,True,True,False,False,False,False,False,False
2026-09-04,900,7718.16,7719.35,7712.58,7712.6,7715.530950917257,7715.288407571066,7715.156466036822,6.770000000000437,2.9036423573884793,18.845768732572104,26.346714783636433,22.219377759516284,22.219377759516284,-0.953197922747974,0.043062200956939585,40.6769600132101,49.72572169896326,905,False,0.08353072325632474,0.04544000879046746,0.12897073204679219,-1.0094049323251884,-0.3112258795473629,7718.12,-7.15711951870903,False,True,False,False,False,False,False,False,False,False
2026-09-04,905,7712.650000000001,7713.6900000000005,7711.82,7712.4400000000005,7714.500633944838,7714.7187260568535,7714.897754985696,1.8700000000008004,2.8298107604322165,17.956219407459983,27.021460644191983,22.071920588958918,22.071920588958918,-0.5161042460934328,0.04069767441856161,40.1876041681604,50.443720954679875,910,False,-0.0770695041042057,-0.06326533609459793,-0.14033484019880363,-0.7281878963959355,-0.8819644288384958,7718.16,-7.416589302476706,False,False,False,False,False,False,False,False,False,False
2026-09-04,910,7712.49,7713.72,7711.64,7711.78,7713.593755963226,7714.1309808454835,7714.600825939439,2.0799999999999272,2.776252848972767,16.995290661328177,26.03851605206164,21.996371637993885,21.996371637993885,-0.2184790729151409,0.20122887864826008,38.06263970797628,51.16937804830875,915,False,-0.19350718809943313,-0.16923714067676812,-0.3627443287762012,-0.653310797644768,-0.6977732430775189,7718.16,-8.273057582036975,False,False,False,False,False,False,False,False,False,False
2026-09-04,915,7711.8,7713.12,7711.67,7712.46,7713.215837308818,7713.796784676388,7714.396937754731,1.449999999999818,2.6815205026175564,16.338862142112323,25.03280071154523,21.926219040669213,21.926219040669213,-0.0977195729490236,0.11976047904192187,41.639454067478034,51.24136946321864,920,False,-0.21664848991564453,-0.22381073639282095,-0.4404592263084655,-0.2818689277519638,-0.4791298946871091,7718.16,-7.390638006550203,False,False,False,False,False,False,False,False,False,False
2026-09-04,920,7712.43,7713.85,7712.07,7713.3,7713.243891539212,7713.697427741111,7714.292467492376,1.7800000000006548,2.6171261810020634,17.537473092492952,23.816679827554786,21.44463061143322,21.44463061143322,-0.20909665917523293,0.17425431711144562,45.97516253806246,51.45224291632527,925,False,-0.17329550450833106,-0.22736379911087942,-0.4006593036192105,0.02143895896012887,-0.13368267321354185,7712.650000000001,0.8427002709600769,False,False,True,False,False,False,False,False,False,False
2026-09-04,925,7713.29,7716.08,7713.29,7715.58,7714.022594359475,7714.073942192889,7714.41508963596,2.7899999999999636,2.629474310930485,22.266024166325103,22.011633080523136,19.953909568559922,19.953909568559922,-0.680820689811321,0.07714285714284193,55.96478230647042,52.06355167107235,930,False,-0.019527794282201364,-0.1297397893002116,-0.14926758358241296,0.5922878326100601,0.3068130566264554,7713.3,2.955059762195124,True,False,True,False,False,False,False,False,False,False
2026-09-04,930,7715.4800000000005,7715.85,7713.67,7715.41,7714.485062906318,7714.341153754312,7714.509843003963,2.180000000000291,2.5973690030068997,20.931158752614927,20.692018609660078,18.569668600177575,18.569668600177575,-1.118850146830546,0.1372212692967525,55.11000586653577,52.21837644655576,935,False,0.05540574013142449,-0.06494620111988218,-0.00954046098845769,0.3561053868786072,0.4778571568647011,7715.58,-0.22033825810951427,False,False,True,False,False,False,False,False,False,False
2026-09-04,935,7715.35,7715.76,7712.1900000000005,7713.3,7714.090041937546,7714.13292300345,7714.394619860729,3.569999999999709,2.6668426456492433,18.929748774180684,22.6774990183377,17.886652677359752,17.886652677359752,-1.1859926446911555,0.32725892179195737,45.42281556049046,51.78697235896077,940,False,-0.01607933860442392,-0.09812984568332699,-0.1142091842877509,-0.2962461766667912,0.02529117275842178,7715.58,-2.95593325813821,False,False,False,False,False,False,False,False,False,False
2026-09-04,940,7713.33,7715.27,7712.55,7715.1,7714.426694625031,7714.3263384027605,7714.461798921612,2.7200000000002547,2.6706395995314587,17.5526330590964,21.027739127199744,17.252423606171774,17.252423606171774,-0.9004953207960492,0.1609427609427178,53.30086625604532,51.50579337487636,945,False,0.03757759837307403,-0.050722126218547985,-0.01314452784547396,0.25211390375833,-0.02185554400410887,7715.58,-0.6221565501413635,True,False,True,False,False,False,False,False,False,False
2026-09-04,945,7715.110000000001,7717.610000000001,7714.77,7717.03,7715.2944630833545,7714.867070722209,7714.706389500506,2.8400000000001455,2.682736770993508,22.45568909669163,19.437710941724948,16.534675246418416,16.534675246418416,-0.6783311179197197,0.06749226006193003,60.22621831046964,52.06890118280499,950,False,0.1593120748060258,0.059894516465648424,0.21920659127167422,0.6469277699587945,0.44895241263744995,7715.4800000000005,2.008544738065386,True,True,True,True,False,False,False,False,False,False
2026-09-04,950,7717.05,7720.03,7716.09,7719.78,7716.78964205557,7715.849656577768,7715.189590500458,3.9399999999996,2.772541287351086,26.410920289392802,17.464673697112076,16.81005769882226,16.81005769882226,-0.35886499284583095,0.5366218236172887,67.86521521812787,52.52603438897898,955,False,0.33903389720128657,0.23807258716813626,0.5771064843694228,1.0785620968288292,0.852267716018951,7717.03,3.5622776814883323,True,True,True,True,False,True,False,False,False,False
2026-09-04,955,7719.81,7719.81,7714.43,7717.81,7717.129761370381,7716.2417252622145,7715.439153309938,5.380000000000109,2.9587883382545876,22.98068527152067,19.203803929630006,16.248856905500848,16.248856905500848,-0.3345222335569756,0.3535220539828856,58.768762813612376,52.19866611328785,960,False,0.3001350575453289,0.27125020803280486,0.5713852655781337,0.22990445812718419,0.6202871166205645,7719.78,-2.55253757218608,False,True,False,False,False,False,False,False,False,False
2026-09-08,570,7717.81,7717.81,7702.21,7705.24,7713.166507580254,7714.041380209772,7714.467805375658,15.600000000000364,3.861732028379286,16.349710073249568,36.26536838381533,17.79191124259487,17.79191124259487,0.4190786653921516,0.24132841328413634,29.951085918019118,49.86219582507852,575,False,-0.22654928490342882,-0.11042329264493136,-0.3369725775483602,-2.0525783565517757,,,,False,False,False,False,False,False,False,False,False,False
2026-09-08,575,7705.46,7705.46,7696.41,7696.49,7707.6076717201695,7710.531104167818,7712.755633435119,9.050000000000182,4.232322597780779,13.85251864189127,40.51495020003189,20.023999674313117,20.023999674313117,1.071313991830286,0.4540801819732907,21.640868262599056,46.77088864337553,580,False,-0.6907395124325452,-0.5256048460171516,-1.216344358449697,-2.626848843233091,,7717.81,-27.700938999466796,False,False,False,False,False,False,False,False,False,False
2026-09-08,580,7696.89,7697.38,7685.83,7687.52,7700.91178114678,7705.928883334254,7710.352239774632,11.550000000000182,4.75501384079645,11.44909180399036,49.37856155165349,23.047687940297628,23.047687940297628,2.266277011598927,0.5953810623556748,16.394718334857004,45.03644280920745,585,False,-1.0551183141527067,-0.9302510126104441,-1.985369326763151,-2.816349561778961,-2.5772220321068193,7717.81,-39.40152350823147,False,False,False,False,False,False,False,False,False,False
2026-09-08,585,7688.06,7692.860000000001,7687.37,7691.87,7697.897854097854,7703.117106667404,7708.592026462762,5.490000000000691,4.807512852168181,10.515203594064229,45.350813565553075,25.85539847299753,25.85539847299753,2.687829076800886,0.5225920211593794,26.160442203320386,44.03450266886173,590,False,-1.0856450580670072,-1.1388258261002278,-2.2244708841672347,-1.2538404541416326,-2.019717454928113,7717.81,-33.72391889098556,True,False,False,False,False,False,False,False,False,False
2026-09-08,590,7692.25,7692.4800000000005,7683.74,7688.4800000000005,7694.75856939857,7700.189685333924,7706.67659537107,8.740000000000691,5.088404791299075,9.22511531378323,44.88243620380801,28.71578582499281,28.71578582499281,2.8972620502265642,0.5542292652809387,23.730273451071724,43.01076222193998,595,False,-1.0673513916661501,-1.2748415865495644,-2.3421929782157145,-1.2338973914390208,-1.2092614484468471,7705.46,-22.084989490770038,False,False,False,False,False,False,False,False,False,False
2026-09-08,595,7689.07,7696.22,7688.62,7690.91,7693.475712932381,7698.3337482671395,7705.175014859539,7.739999999999782,5.277804449063411,13.320400584008434,40.18094040501843,30.250755271761317,30.250755271761317,2.4010224438212298,0.45777959517484446,29.045598070720203,42.11120107931442,600,True,-0.9204652013245624,-1.296233435403953,-2.2166986367285157,-0.48613262525028833,-0.8378751445135906,7696.89,-7.775412792505013,False,False,False,False,False,False,False,False,False,False
2026-09-08,600,7690.84,7692.45,7680.99,7684.21,7690.3871419549205,7695.508998613712,7703.178346777679,11.460000000000036,5.719389845558885,11.413956080376241,43.959145912044804,32.288156064003665,32.288156064003665,2.144252530335379,0.5740568667534321,23.882812140233725,40.53317605089808,605,True,-0.8955250117752438,-1.3409381719139235,-2.236463183689167,-1.0800351299215956,-0.7643170970491121,7692.25,-10.463014415274914,False,False,False,False,False,False,False,False,False,False
2026-09-08,605,7684.58,7685.46,7680.02,7680.03,7686.9347613032805,7692.41319889097,7700.973742322662,5.4399999999996,5.699433428018936,10.635784482125883,42.17779398900215,34.24780887713316,34.24780887713316,1.8440076840467832,0.6600071352122999,21.233791486789116,38.05239099234941,610,True,-0.9612249457564095,-1.5019990214477887,-2.4632239672041982,-1.2114820517661202,-1.1476494482669537,7692.25,-15.911396179442338,False,False,False,False,False,False,False,False,False,False
2026-09-08,610,7680.110000000001,7682.8,7675.6900000000005,7679.5,7684.45650753552,7689.830559112776,7698.928624006217,7.109999999999673,5.800188183160417,9.704528642044952,43.81709898757191,36.354111680849975,36.354111680849975,2.034452136362886,0.748142644873731,20.903070258401357,35.60903844891124,615,True,-0.9265305551393068,-1.568580984985152,-2.4951115401244586,-0.8545425387939134,-1.0224900006897064,7690.91,-14.85773813399291,False,False,False,False,False,False,False,False,False,False
2026-09-08,615,7679.33,7683.09,7677.7300000000005,7681.32,7683.41100502368,7688.128447290222,7697.251612196102,5.359999999999673,5.768746170077507,9.41954131745653,40.909068571242464,38.22652129277068,38.22652129277068,1.9794550762556706,0.6796423915068392,25.392245254969325,34.1782834270883,620,True,-0.8177586822957409,-1.5814814236760615,-2.3992401059718023,-0.36247131734219507,-0.6108357302801466,7690.84,-12.393703165602314,False,False,False,False,False,False,False,False,False,False
2026-09-08,620,7681.05,7686.2,7679.400000000001,7685.92,7684.247336682454,7687.686757832178,7696.1724110345685,6.799999999999272,5.8424071579290615,12.438687271291716,37.508052777033605,39.08121232113145,39.08121232113145,1.6111344813327644,0.4225721784777068,35.75931537670516,32.92531550713544,625,True,-0.5886993249102729,-1.4524241417981516,-2.0411234667084246,0.28629694444964277,-0.03580216979267192,7684.58,1.7434477590192787,True,False,True,False,False,False,False,False,False,False
2026-09-08,625,7686.04,7686.55,7680.02,7682.37,7683.621557788303,7686.623406265743,7694.857895697943,6.529999999999745,5.891520932362682,11.878261674523378,34.538560234325686,39.77677939773998,39.77677939773998,1.1408892389633347,0.34846989141166557,31.909696122558827,30.90270677942752,630,True,-0.5095201242434015,-1.3976848298996483,-1.9072049541430498,-0.21243373360999043,0.03573826980161874,7685.92,-4.620969830924809,False,False,True,False,False,False,False,False,False,False
2026-09-08,630,7682.33,7685.12,7680.09,7685.12,7684.121038525535,7686.322725012595,7693.930477060044,5.029999999999745,5.829983722908187,11.146237378566221,32.41004463737319,40.42266311173361,40.42266311173361,0.7320472729876452,0.06997084548106881,37.749869150092884,28.751610631710736,635,True,-0.37764882231284036,-1.304935383876877,-1.6825842061897174,0.17134893027903816,-0.02166355223645302,7686.04,-1.1971185876083559,True,False,True,False,False,False,False,False,False,False
2026-09-08,635,7685.27,7685.89,7682.02,7684.78,7684.340692350357,7686.014180010076,7693.059003054325,3.869999999999891,5.689984885557594,11.571345981364445,30.83551280306462,40.78011626567972,40.78011626567972,0.5663013148494235,0.23407065037967537,37.3048238883915,27.218472137052096,640,True,-0.2941110905174734,-1.2381092719824602,-1.5322203624999335,0.07720717338945346,0.1263860232527755,7686.04,-1.639604516980601,False,False,True,False,False,False,False,False,False,False
2026-09-08,640,7684.46,7687.21,7683.360000000001,7686.42,7685.033794900239,7686.095344008061,7692.426717049151,3.8499999999994543,5.558557393732013,12.695100013433676,29.30997921220819,40.692568868959384,40.692568868959384,0.305263157073135,0.0721793973370849,41.0745442437267,28.013004874602643,645,True,-0.19097564936892844,-1.1390316934083442,-1.3300073427772725,0.24938216907222716,0.16420742110760594,7686.04,0.4943783972253782,True,False,True,False,False,False,False,False,False,False
2026-09-08,645,7686.47,7687.610000000001,7682.49,7687.400000000001,7685.822529933493,7686.35627520645,7691.94798209209,5.1200000000008,5.527231865608355,11.855117261421146,28.49496140453608,40.73157757203587,40.73157757203587,0.10297148676741823,0.1295681063122618,43.36384838439595,29.564646311873847,650,True,-0.09656647051091809,-1.0116649747285882,-1.1082314452395061,0.2853996548115249,0.26809759734449484,7686.42,1.2748133309057326,False,False,True,False,False,False,False,False,False,False
2026-09-08,650,7687.45,7692.01,7687.2300000000005,7691.37,7687.671686622329,7687.3590201651605,7691.892936178558,4.779999999999745,5.473858160922026,16.857237315125964,26.71760552879967,39.43850632358857,39.43850632358857,-0.44720331403038455,0.2939244663382464,51.88332817615818,32.09954701482393,655,True,0.05711994136062305,-0.8282852569627916,-0.7711653156021686,0.6756319343591164,0.4819072114293985,7687.400000000001,5.161629202598946,True,False,True,False,False,False,False,False,False,False
2026-09-08,655,7691.56,7694.21,7688.91,7691.6900000000005,7689.011124414887,7688.2252161321285,7691.873608923457,5.300000000000182,5.46143972085618,18.566057292849038,24.865617296755186,37.65750797094069,37.65750797094069,-1.0116869660062306,0.5687804878048901,52.53083290863854,33.983146350918084,660,True,0.14390130129183137,-0.6680276589698786,-0.5241263576780472,0.4905072145873591,0.5838377139305038,7691.37,0.4160334074834249,False,False,True,False,False,False,False,False,False,False
2026-09-08,660,7692.0,7693.54,7689.9800000000005,7692.51,7690.177416276591,7689.082172905703,7691.934217597413,3.5599999999994907,5.325622597937845,17.67957255733492,23.678343670210932,36.003723786339094,36.003723786339094,-1.5759512618989244,0.62578162578161,54.30357669666748,36.1669537256035,665,True,0.2056554610745699,-0.5355326329008716,-0.3298771718263018,0.4379926817029801,0.4705045481880327,7691.6900000000005,1.0659719649369437,False,False,True,False,False,False,False,False,False,False
2026-09-08,665,7692.42,7693.45,7690.39,7691.41,7690.588277517728,7689.547738324563,7691.884292111946,3.0599999999994907,5.16379241237082,16.931237008227495,22.676093969040966,34.468067043494756,34.468067043494756,-1.6568130933646046,0.5027404085699739,51.40634996002855,37.76415028912552,670,True,0.20150678223851,-0.45248793924882663,-0.25098115701031665,0.1591315871457946,0.30542534960602435,7692.51,-1.4301669004777589,False,False,False,False,False,False,False,False,False,False
2026-09-08,670,7692.01,7698.99,7691.9800000000005,7696.74,7692.6388516784855,7690.986190659651,7692.346740482237,7.579999999999927,5.336378668630042,22.628803652865678,20.37537920990832,32.38034884278604,32.38034884278604,-1.759053042718217,0.5201923076922664,62.354762175994374,40.51214672025128,675,True,0.30969710387120597,-0.25495751090231183,0.05473959296889411,0.7685264813801437,0.46125576064600216,7692.51,5.495833300851482,True,False,True,False,False,False,False,False,False,False
2026-09-08,675,7696.35,7699.32,7694.99,7696.06,7693.779234452324,7692.000952527721,7692.700384245833,4.329999999999927,5.264494478013606,21.747119216981023,19.178338593929467,30.515804663291338,30.515804663291338,-1.8293063743492521,0.7635248187395587,60.401530371315445,43.3098423548603,680,True,0.3377877841889363,-0.1328582869701049,0.2049294972188314,0.4332354335637724,0.606127890896796,7696.74,-0.8835689950434138,False,False,True,False,False,False,False,False,False,False
2026-09-08,680,7696.47,7696.6,7689.360000000001,7695.55,7694.369489634883,7692.710762022177,7692.971776222421,7.239999999999782,5.405602015298332,19.666616927935817,24.782958544273786,29.158278600061486,29.158278600061486,-1.7699294811444233,0.6647546207775623,58.84622192218768,46.020067473702184,685,True,0.30685344722238606,-0.048285870751374076,0.258567576471012,0.21838647421246318,0.3201563769400808,7696.74,-1.546348214227183,False,False,False,False,False,False,False,False,False,False
2026-09-08,685,7695.51,7698.45,7693.7300000000005,7693.87,7694.2029930899225,7692.942609617742,7693.057321344095,4.719999999999345,5.356630442776976,20.895715400043816,23.223135155050638,27.45235447653419,27.45235447653419,-1.6426647887506174,0.5337639459776744,53.72001274188407,48.043479437053236,690,True,0.2352940875135226,-0.021414903935987006,0.21387918357753558,-0.0621646562106324,0.07910917919862229,7696.74,-3.7302423877709017,False,False,False,False,False,False,False,False,False,False
2026-09-08,690,7693.8,7695.99,7691.91,7693.27,7693.891995393282,7693.008087694195,7693.077576454181,4.079999999999927,5.265442554007187,19.739191817163164,24.406723207479892,26.246683677613603,26.246683677613603,-1.4230403285592448,0.4283927454659448,51.903377037694135,49.19662669855245,695,True,0.16786959311034905,-0.013197135715347322,0.1546724573950017,-0.11812784716605344,-0.09068454108157956,7696.47,-4.159479649095662,False,False,False,False,False,False,False,False,False,False
2026-09-08,695,7693.32,7693.42,7689.24,7690.38,7692.7213302621885,7692.482470155356,7692.820664410926,4.180000000000291,5.1879109430066945,18.603174108987044,26.678211381830508,25.645707502197766,25.645707502197766,-1.17085703262124,0.1664804469273533,43.86530323662152,50.050598635271214,700,True,0.04604167447291011,-0.06518890923246216,-0.019147234759552045,-0.451305021984723,-0.28559912535339116,7696.47,-7.918984497515267,False,False,False,False,False,False,False,False,False,False
2026-09-08,700,7690.35,7695.57,7689.6900000000005,7695.04,7693.494220174793,7692.993976124285,7693.032029705123,5.8799999999992,5.237345875649017,20.04356202883813,24.538797822671828,24.53408496898526,24.53408496898526,-0.9727565025163104,0.19741796664873826,56.176583154763094,51.366792492747656,705,True,0.09551480127245306,-0.007265813971734276,0.08824898730071878,0.29514564474238864,-0.07594977072998721,7695.51,-0.6107830498610205,True,False,True,False,False,False,False,False,False,False
2026-09-08,705,7695.07,7695.71,7690.32,7691.1,7692.696146783195,7692.615180899428,7692.848026876064,5.390000000000327,5.248249741674111,18.763750336996218,22.73868585644599,23.46576430264515,23.46576430264515,-0.9269731249894839,0.026564610535802283,46.48033167144391,52.02218590582282,710,True,0.015427216262996361,-0.044366405582215614,-0.028939189319219252,-0.30412935011848496,-0.00479845286197825,7695.04,-5.122804280271482,False,False,False,False,False,False,False,False,False,False
2026-09-08,710,7691.09,7692.610000000001,7690.47,7691.13,7692.174097855464,7692.318144719543,7692.68440526882,2.1400000000003274,5.026231902983127,18.19310948294089,22.047159755097564,22.473752255329337,22.473752255329337,-1.0573184156228095,0.06442577030813086,46.55934454960628,52.4139573562428,715,True,-0.02865901670653615,-0.07286980711333785,-0.10152882381987399,-0.20772974180610948,-0.2626465202579914,7695.07,-5.122784298275545,False,False,False,False,False,False,False,False,False,False
2026-09-08,715,7691.150000000001,7692.860000000001,7689.07,7689.52,7691.28939857031,7691.758515775635,7692.383033338457,3.790000000000873,4.93792962419868,17.195700646966134,22.8635988706159,21.879110678375536,21.879110678375536,-0.8849914302032408,0.08618331053349519,42.748973223977885,52.370037701927224,720,True,-0.09500281312748861,-0.1264735649048945,-0.22147637803238313,-0.3583280250975766,-0.28488624179473493,7695.07,-7.217615663915657,False,False,False,False,False,False,False,False,False,False
2026-09-08,720,7689.53,7691.7,7687.55,7691.49,7691.356265713541,7691.704812620508,7692.297982544318,4.149999999999636,4.881648936755891,16.151525401361422,23.699324454135365,21.669182821014832,21.669182821014832,-0.5988604938767731,0.2827140549273342,48.545605935629894,52.131628970460916,725,True,-0.07139942086843569,-0.12151015599333576,-0.19290957686177146,0.027395310107628537,-0.16753194515194642,7695.07,-4.654494772794253,False,False,True,False,False,False,False,False,False,False
2026-09-08,725,7691.74,7693.150000000001,7688.860000000001,7688.860000000001,7690.524177142361,7691.135850096407,7691.970555635336,4.289999999999964,4.839388298416182,17.268991838966045,22.19869055404523,21.013560419844296,21.013560419844296,-0.48673061182834704,0.3508771929824865,42.137837713905306,51.38927217083712,730,True,-0.1263946838583886,-0.17248162111764284,-0.29887630497603146,-0.3438817139151197,-0.15812358520602568,7691.49,-3.4205330829267266,False,False,False,False,False,False,False,False,False,False
2026-09-08,730,7688.88,7688.900000000001,7686.03,7687.5,7689.516118094908,7690.408680077126,7691.54478843197,2.8700000000008004,4.698717705672227,16.515564297933857,25.532271146001698,21.044300840658078,21.044300840658078,-0.2782699459058193,0.37669630322886793,39.13290572465639,50.30565281569346,735,True,-0.1899586308707308,-0.24179114941785398,-0.4317497802885848,-0.4290783616292211,-0.3916276171286746,7691.74,-5.515447154471261,False,False,False,False,False,False,False,False,False,False
2026-09-08,735,7687.39,7687.66,7683.85,7684.66,7687.897412063273,7689.258944061701,7690.889094295592,3.8099999999994907,4.635237869552745,15.545906864625183,27.392586321852228,21.51184232783557,21.51184232783557,-0.05244683105975412,0.4087882822903189,33.517667969932376,49.02788981640089,740,True,-0.2937350869028141,-0.3516864246814513,-0.6454215115842654,-0.6984349356779438,-0.5666947744671569,7691.74,-9.213159723396906,False,False,False,False,False,False,False,False,False,False
2026-09-08,740,7684.62,7689.42,7683.57,7689.33,7688.374941375516,7689.2731552493615,7690.740609124584,5.850000000000364,4.722006593156147,16.83253368862405,24.96857703044059,21.365546542076846,21.365546542076846,0.11732870741084984,0.14812030075190694,47.463343237522146,47.96421703508144,745,True,-0.1902186826988897,-0.31076912881682045,-0.5009878115157101,0.20225694429743032,-0.24167198771941015,7691.74,-3.1342132539504153,True,False,True,False,False,False,False,False,False,False
2026-09-08,745,7689.400000000001,7691.63,7686.29,7686.6,7687.783294250345,7688.73852419949,7690.346265398433,5.3400000000001455,4.76614897935929,18.797496397070095,22.970374979147234,20.553053374498862,20.553053374498862,-0.16374915538640522,0.14296520423600842,41.7094004501763,46.62906489785722,750,True,-0.20041965815210178,-0.33732499884208683,-0.5377446569941886,-0.24827051262323957,-0.02394340030546244,7689.33,-3.551635313401977,False,False,False,False,False,False,False,False,False,False
2026-09-08,750,7686.58,7688.31,7685.650000000001,7687.4400000000005,7687.668862833563,7688.478819359592,7690.069478217631,2.6599999999998545,4.615709766547901,18.023720640776332,23.015234239338877,19.953754364858842,19.953754364858842,-0.519362654325576,0.33598585322723706,44.056990191970236,45.572691202841675,755,True,-0.17547821830115257,-0.344618474403765,-0.5200966927049175,-0.049583454146405435,-0.1529729072373349,7689.400000000001,-2.5496133953566287,False,False,True,False,False,False,False,False,False,False
2026-09-08,755,7687.39,7688.02,7685.08,7685.08,7686.805908555709,7687.799055487674,7689.594289815952,2.9400000000005093,4.496016211794516,17.181868397309227,22.845801883461103,19.53920371895501,19.53920371895501,-0.6087809410406114,0.2861216730038359,39.08206633881545,44.527123602622495,760,True,-0.22089487341260827,-0.3992944517344587,-0.6201893251470669,-0.38387507393351095,-0.21738927276814804,7689.400000000001,-5.6212817563390605,False,False,False,False,False,False,False,False,False,False
2026-09-08,760,7685.27,7686.88,7683.7,7685.59,7686.400605703806,7687.35724439014,7689.212928881099,3.180000000000291,4.402015053809214,16.29528835814272,23.906198562380876,19.495825752844553,19.495825752844553,-0.35240920721810315,0.2574349442379222,40.70973390050957,43.72757766425217,765,True,-0.2173183586699823,-0.4215534177588069,-0.6388717764287892,-0.18414423710439884,-0.2881083127282502,7689.400000000001,-4.957329235621988,False,False,False,False,False,False,False,False,False,False
2026-09-08,765,7685.4400000000005,7688.400000000001,7684.52,7687.6900000000005,7686.830403802538,7687.4237955121125,7689.067888035281,3.880000000000109,4.364728264251421,17.748075267132794,22.38825018807603,18.92905503592291,18.92905503592291,-0.34156644297864364,0.08314402544297633,47.2399477386097,43.968623700108466,770,True,-0.13595158132398244,-0.37667694839879234,-0.5126285297227748,0.19694151512313626,0.005612089767390787,7687.4400000000005,0.32519521468737683,True,False,True,False,False,False,False,False,False,False
2026-09-08,770,7687.66,7690.71,7686.6,7687.51,7687.056935868359,7687.44103640969,7688.919517746206,4.109999999999673,4.346533388233439,20.345472130572013,20.87611396275215,17.668929044506406,17.668929044506406,-0.6234248914828685,0.19683481701282562,46.74350291000308,43.294832254054185,775,True,-0.088369398558232,-0.3401518415844422,-0.42852124014267423,0.10423574172188267,0.15100083352163265,7687.6900000000005,-0.23414603688358265,False,False,True,False,False,False,False,False,False,False
2026-09-08,775,7687.54,7688.02,7681.28,7684.39,7686.167957245573,7686.830829127753,7688.48813510371,6.740000000000691,4.517495289073957,18.177259225834273,27.06309158850303,17.809818895165208,17.809818895165208,-0.5620022858931151,0.2158377595364488,38.793684275028454,42.745786011453085,780,True,-0.14673438260856947,-0.36686390796376495,-0.5135982905723344,-0.39357146644360325,-0.146640231937158,7687.6900000000005,-4.294420246760226,False,False,False,False,False,False,False,False,False,False
2026-09-08,780,7684.43,7694.05,7684.42,7694.05,7688.7953048303825,7688.2746633022025,7689.017836522405,9.659999999999854,4.884817054140092,24.427057195182286,23.24032136208479,16.71551886065611,16.71551886065611,-0.7378453917555999,0.2257842123405697,61.56334654536191,43.81750043972134,785,True,0.10658362890760786,-0.1521394172934851,-0.04555578838587724,1.0757199525341654,0.35587186638860907,7687.6900000000005,8.266127722070525,True,False,True,False,False,False,False,False,False,False
2026-09-08,785,7694.12,7696.18,7690.87,7690.87,7689.486869886922,7688.7937306417625,7689.194233044081,5.3100000000004,4.915187264558686,25.637479414700156,21.44695695629547,16.157268669654638,16.157268669654638,-0.5038867916172561,0.21158432708687452,54.10865609808353,44.62890635930031,790,True,0.14101990582488247,-0.08148263347074822,0.05953727235413426,0.2813992710004766,0.6752362550416494,7694.05,-4.134772789034649,False,False,True,False,False,False,False,False,False,False
2026-09-08,790,7690.97,7692.3,7690.83,7691.610000000001,7690.194579924615,7689.356984513411,7689.4243060875015,1.4700000000002547,4.66910245994737,25.060937057440697,21.02584471650976,15.62856535321884,15.62856535321884,-0.7270845139821223,0.08969315499608517,55.518729435183374,45.12698660926842,795,True,0.17939109676633413,-0.014418525759133244,0.1649725710072009,0.3031460730466621,0.299688239064319,7694.12,-3.263295980944573,False,False,True,False,False,False,False,False,False,False
2026-09-08,795,7691.75,7692.25,7690.72,7691.900000000001,7690.763053283077,7689.865587610729,7689.6600864601205,1.5299999999997453,4.444880855665397,24.444767019159368,20.68565333192751,15.107199636782237,15.107199636782237,-0.5361064079579579,0.23063533507396228,56.11324495442507,46.12522998359126,800,True,0.2019099502306382,0.04623321913032005,0.24814316936095826,0.255787894848573,0.2871130717774607,7694.12,-2.8861529661063523,False,True,True,True,False,False,False,False,False,False
2026-09-08,800,7691.610000000001,7691.95,7689.57,7691.650000000001,7691.058702188719,7690.222470088584,7689.849602035347,2.380000000000109,4.297389365975019,23.477758903450862,21.778811118619227,14.296259353943276,14.296259353943276,-0.6203364385704541,0.1880303707011895,55.395198294258286,47.28682230999139,805,True,0.19459072216168416,0.08676617859879326,0.2813569007604774,0.13759465594707404,0.2010807470566525,7694.12,-3.211274563974368,False,True,False,False,False,False,False,False,False,False
2026-09-08,805,7691.18,7691.18,7687.52,7689.92,7690.679134792479,7690.161976070867,7689.856306603409,4.130000000000109,4.285432982691097,21.861600418534145,23.69649549171574,13.562783247165227,13.562783247165227,-0.6885940353512048,0.22242647058822115,50.37668073297287,48.49103750735143,810,True,0.12067828938188008,0.07132755749359479,0.19200584687547487,-0.17714307878461044,-0.019582266468062305,7691.900000000001,-2.5747992176777816,False,True,False,False,False,False,False,False,False,False
2026-09-08,810,7689.9800000000005,7693.22,7689.87,7692.51,7691.289423194987,7690.631580856694,7690.109039307847,3.350000000000364,4.21861634107033,24.075658096384075,22.352397713825518,12.859132941479753,12.859132941479753,-0.7493555651008279,0.29026845637581805,56.94603474965779,49.168372615361115,815,True,0.15593793915035997,0.12386562479275078,0.27980356394311073,0.289331075957431,0.05469115643960243,7691.900000000001,0.7929791446480701,True,True,True,True,False,False,False,False,False,False
2026-09-08,815,7692.360000000001,7694.08,7691.9800000000005,7692.49,7691.689615463325,7691.003264685356,7690.335797469004,2.0999999999994543,4.067286602422411,24.698065287185525,21.528049693925453,12.430454108101092,12.430454108101092,-0.6219350819473947,0.22058823529406354,56.88061875913385,50.25203106600094,820,True,0.16874905681842117,0.16410626582208188,0.33285532264050305,0.19678587100256453,0.24844098034402354,7692.51,-0.02599938381517111,False,True,True,True,False,False,False,False,False,False
2026-09-08,820,7692.43,7692.49,7688.8,7689.05,7690.809743642217,7690.612611748285,7690.213340567195,3.6899999999996,4.04033755939221,23.086886949979352,25.745545547085587,11.931453993998659,11.931453993998659,-0.5437764177221892,0.061550759392481245,46.53646840414467,50.42913665258483,825,True,0.0487909465566987,0.09882124332965098,0.1476121898863497,-0.4355437179068974,-0.11872264277892479,7692.51,-4.499905710068261,False,True,False,False,False,False,False,False,False,False
2026-09-08,825,7689.1,7691.39,7688.900000000001,7691.12,7690.9131624281445,7690.714089398629,7690.299689084605,2.4899999999997817,3.929599162292751,22.04195397315302,24.580279324453606,11.468096745189257,11.468096745189257,-0.46367873209683214,0.2807676261993841,52.396906876073864,51.38019669096043,830,True,0.05065988191005522,0.10545612845200196,0.1561160103620572,0.052635793960916354,-0.19759090001626003,7692.51,-1.8072790438848014,True,True,True,True,False,False,False,False,False,False
2026-09-08,830,7691.13,7693.95,7690.110000000001,7693.12,7691.648774952097,7691.195271518904,7690.568290124167,3.839999999999236,3.9231992221289285,25.161836625783323,22.86177891442594,10.991049159440813,10.991049159440813,-0.4798016495534263,0.05702023298591149,57.464859139914644,52.576991350917936,835,True,0.1155953107440895,0.1598138048152119,0.2754091155593014,0.3750064589136402,0.21386405899227506,7692.49,0.8189135227321414,True,True,True,True,False,False,False,False,False,False
2026-09-08,835,7693.26,7693.3,7690.39,7690.39,7691.229183301398,7691.034217215123,7690.5513101123415,2.9099999999998545,3.850827849119709,23.803669583528016,21.627762689351034,10.54807640124583,10.54807640124583,-0.4611258642509431,0.030264817150034415,49.390214335640174,52.730581822134404,840,True,0.05062965521017992,0.12540345133631497,0.17603310654649487,-0.21792282965579282,0.08206569746440533,7693.12,-3.5498849863265236,False,True,False,False,False,False,False,False,False,False
2026-09-08,840,7690.33,7691.82,7690.33,7691.75,7691.402788867599,7691.177373772099,7690.665471054023,1.4899999999997817,3.6821972884682856,23.115659042521372,21.119033712901107,10.11705016178701,10.11705016178701,-0.4503488611340825,0.008495145631032866,53.08478182924006,53.183530316365605,845,True,0.061217549696864264,0.13902099153636127,0.20023854123322551,0.0942945489336548,-0.066804156656077,7693.26,-1.9631423278190505,True,True,True,True,False,False,False,False,False,False
2026-09-08,845,7691.8,7693.72,7691.24,7693.25,7692.018525911733,7691.59189901768,7690.911616667926,2.480000000000473,3.5963260535777275,25.75075234127044,20.078781545476357,10.278420504656388,10.278420504656388,-0.2375428849281415,0.07631430186543159,56.981419753784344,54.48265427913389,850,True,0.11862853581623305,0.18916036522243596,0.307788901038669,0.3424255948766151,0.21948583042138012,7693.26,-0.012998407695341083,True,True,True,True,False,False,False,False,False,False
2026-09-08,850,7693.28,7694.2300000000005,7692.39,7693.08,7692.372350607822,7691.8895192141445,7691.118129366218,1.8400000000001455,3.4708741926079,25.825221346797868,19.31847580458584,10.573776799496796,10.573776799496796,0.008566799416988976,0.08120386144232869,56.384322785402816,54.11272401056538,855,True,0.1391094481920668,0.2222465595465463,0.3613560077386131,0.20388217864099412,0.27934223092499194,7693.26,-0.23397650875889897,False,True,True,False,False,False,False,False,False,False
2026-09-08,855,7693.110000000001,7694.02,7691.9800000000005,7693.2,7692.648233738549,7692.151615371316,7691.316402759912,2.0399999999999636,3.368668893135905,24.708132134014235,19.35219640142098,10.686786613751604,10.686786613751604,0.1899121506548648,0.20499999999999574,56.74427104872663,54.30098222132561,860,True,0.14742273075403234,0.24793550149911855,0.39535823225315087,0.16379355732331413,0.18693075716002558,7693.28,-0.1039879373991671,False,True,True,True,False,False,False,False,False,False
2026-09-08,860,7693.2300000000005,7694.13,7691.07,7691.33,7692.208822492366,7691.9872922970535,7691.317697735159,3.0600000000004,3.3466211150547975,23.09441741932195,20.030541128387267,10.430919534462735,10.430919534462735,0.050833009935448814,0.07722513089007729,49.57214293522895,53.87622604275743,865,True,0.06619518245322872,0.20008077965046805,0.2662759621036968,-0.2625999365189755,-0.048863647790965845,7693.28,-2.5353222394563986,False,True,False,False,False,False,False,False,False,False
2026-09-08,865,7691.34,7693.49,7690.87,7693.01,7692.475881661578,7692.191833837644,7691.478869379429,2.619999999999891,3.29471960683659,21.78263499907187,19.326383705248865,10.112637382974057,10.112637382974057,-0.15371313884091306,0.03069657615114975,55.28437123925804,53.81702077738836,870,True,0.08621304931220397,0.21639609535670865,0.30260914466891264,0.16211344276892503,-0.05231160691592832,7693.28,-0.35096795662494534,True,True,True,True,False,False,False,False,False,False
2026-09-08,870,7692.91,7693.09,7690.59,7690.6,7691.8505877743855,7691.873467070115,7691.395167533769,2.5,3.2379539206339767,20.58133431809347,18.878217986113626,9.69859946821152,9.69859946821152,-0.3293957151800277,0.09742300439976648,46.73993470519782,53.19878766388404,875,False,-0.007065973231978933,0.14771659760126588,0.14065062436928694,-0.386227786138571,-0.11063613836441151,7693.2300000000005,-3.4197591865395536,False,False,False,False,False,False,False,False,False,False
2026-09-08,875,7690.67,7690.67,7687.1900000000005,7687.7,7690.467058516258,7691.038773656092,7691.043246816267,3.4799999999995634,3.255242926302947,19.009736809343394,24.89716315106742,9.963619964034066,9.963619964034066,-0.1557665234762228,0.2043010752688242,38.652787466073626,52.36136671624838,880,False,-0.1756290245546007,-0.00137414020273809,-0.1770031647573388,-0.8500313429450744,-0.617103912303577,7693.2300000000005,-7.19330879196724,False,False,False,False,False,False,False,False,False,False
2026-09-08,880,7687.56,7690.46,7686.22,7690.46,7690.464705677506,7690.923018924875,7690.987699500432,4.239999999999782,3.3255827172812924,17.27854108637238,24.713221772785648,10.516582327124112,10.516582327124112,0.13464831471668504,0.1519999999999917,48.241355416682865,51.73960390675017,885,False,-0.13781441820328041,-0.019449396107830412,-0.15726381431111083,-0.001414993372792477,-0.4167336117301106,7693.01,-3.3157964543085616,True,False,False,False,False,False,False,False,False,False
2026-09-08,885,7690.56,7691.39,7673.05,7679.14,7686.689803785004,7688.5664151399005,7689.859347167058,18.340000000000146,4.398041094618353,12.13195688304488,38.741537270923004,13.501497282212805,13.501497282212805,1.2676326046670947,0.4311996933691045,28.027932945319563,49.678697777192006,890,False,-0.4266925466414238,-0.29397906916783817,-0.720671615809262,-1.7166287496135835,-0.8588493490602902,7692.91,-17.931695476315742,False,False,False,False,False,False,False,False,False,False
2026-09-08,890,7678.7300000000005,7685.51,7677.82,7684.88,7686.08653585667,7687.82913211192,7689.3851236273385,7.690000000000509,4.633181016431364,10.693655513304744,34.14854319257428,16.27320402622373,16.27320402622373,2.1031946873965546,0.22546767312109725,41.91220798801971,49.348393461754505,895,False,-0.3761122755771053,-0.3358365472663052,-0.7119488228434105,-0.2604119831257973,-0.9449598030616301,7690.67,-7.534275096032682,True,False,False,False,False,False,False,False,False,False
2026-09-08,895,7684.93,7686.03,7682.9400000000005,7682.9400000000005,7685.037690571114,7686.851305689537,7688.771302329496,3.089999999999236,4.522953800971926,10.993026949665262,32.48213852637784,18.64143771291167,18.64143771291167,2.7082851285958527,0.33354901326430086,39.04802558870398,48.39490194122809,900,False,-0.4009802439356754,-0.4245006083295888,-0.8254808522652641,-0.46378775097424046,-0.3652730685720242,7690.56,-9.918078235675262,False,False,False,False,False,False,False,False,False,False
2026-09-08,900,7683.02,7684.58,7680.55,7681.4800000000005,7683.851793714076,7685.777044551631,7688.07689258383,4.029999999999745,4.4877428151881995,10.287901576087162,34.2026499949065,21.149365063774525,21.149365063774525,2.5492892605205735,0.360248447204954,36.912349112749666,46.926865510716304,905,False,-0.4290020433076166,-0.5124732247168579,-0.9414752680244745,-0.5285048211872635,-0.497965733470879,7690.56,-11.82063873107777,False,False,False,False,False,False,False,False,False,False
2026-09-08,905,7681.6,7684.99,7681.16,7683.83,7683.844529142718,7685.387635641305,7687.672426623465,3.8299999999999272,4.440761185531894,10.313594355462408,32.095608560091264,23.3073766304241,23.3073766304241,2.3447242014001226,0.2721463839674719,42.59741335301764,46.44166544052898,910,False,-0.3474869361618391,-0.5145043578574335,-0.8619912940192727,-0.003271768534926748,-0.26868398874570093,7684.93,-1.4315777418297435,True,False,True,False,False,False,False,False,False,False
2026-09-08,910,7683.76,7685.99,7683.49,7684.7300000000005,7684.139686095146,7685.256108513045,7687.392195516469,2.5,4.302135386565331,11.545806591658033,30.763396029229792,24.886976280786985,24.886976280786985,2.0818461892917717,0.19725044829645688,44.742807090009414,45.8458101020125,915,False,-0.2595042502345868,-0.4965178478796046,-0.7560220981141914,0.1372141626917607,0.06691848470631721,7684.93,-0.26025637855828126,False,False,True,False,False,False,False,False,False,False
2026-09-08,915,7684.62,7685.13,7681.81,7682.41,7683.563124063431,7684.686886810436,7686.917700705377,3.319999999999709,4.231982858953501,10.898827231292325,31.87509249091415,26.612181410970543,26.612181410970543,1.8209387823986727,0.3108504398827053,40.367528565772915,44.659103588583115,920,False,-0.26554047699579675,-0.5271320724330005,-0.7926725494287972,-0.27247843430926055,-0.0664948532793275,7684.7300000000005,-3.019885686914156,False,False,False,False,False,False,False,False,False,False
2026-09-08,920,7682.26,7683.85,7679.900000000001,7680.06,7682.395416042288,7683.761509448349,7686.264586352484,3.949999999999818,4.211841226171095,10.168736496761362,32.97901052250718,28.487418755207578,28.487418755207578,1.72668070826116,0.3096357226792002,36.320244890972674,43.22595516755239,925,False,-0.3243458935660584,-0.59429517157049,-0.9186410651365485,-0.5544881482654662,-0.414134806891531,7684.7300000000005,-6.0806816613412815,False,False,False,False,False,False,False,False,False,False
2026-09-08,925,7680.2,7685.0,7679.97,7684.39,7683.060277361526,7683.88720755868,7686.086054318914,5.029999999999745,4.2702811385874275,11.23677014856206,30.20427814131927,29.721878535239544,29.721878535239544,1.6116340848175195,0.09331829715251062,47.2774637137483,42.54975464362537,930,False,-0.19364771787077498,-0.5149185004155203,-0.7085662182862953,0.31138995193057434,-0.11775494062012035,7684.7300000000005,-0.4424554193633399,True,False,True,False,False,False,False,False,False,False
2026-09-08,930,7684.3,7686.89,7682.04,7686.49,7684.203518241017,7684.407766046944,7686.12452533616,4.850000000000364,4.3116896286883515,13.464959697745144,27.777474306018085,30.077699378214497,30.077699378214497,1.1551726557479849,0.11404768744614813,51.80236014578256,42.70905587295062,935,False,-0.04737071160400387,-0.39816393039838277,-0.4455346420023866,0.5302983182669582,0.41934887583249836,7684.62,2.4328399568592305,False,False,True,False,False,False,False,False,False,False
2026-09-08,935,7686.47,7686.6,7683.26,7685.04,7684.4823454940115,7684.534212837555,7686.021237208907,3.3400000000001455,4.242283226639194,12.707736641402255,26.215364618084042,30.40810444669124,30.40810444669124,0.6402285638278874,0.2365677626303106,48.56467882408345,42.22907784329529,940,False,-0.012226280229916,-0.35052453877064876,-0.3627508190005648,0.1314515029281177,0.33521291637393397,7686.49,-1.886782632230695,False,False,True,False,False,False,False,False,False,False
2026-09-08,940,7685.09,7686.26,7682.5,7683.32,7684.094896996008,7684.291370270044,7685.763976522345,3.7600000000002183,4.207834424736411,11.89664603298201,25.83223963389978,30.874392619196843,30.874392619196843,0.38417136131909996,0.07456978967497431,44.82592571565101,42.092362915470524,945,False,-0.0466922540680738,-0.3499677277327074,-0.3966599818007812,-0.18415577177968606,-0.02581404923410076,7686.49,-4.125820608799416,False,False,False,False,False,False,False,False,False,False
2026-09-08,945,7683.39,7683.66,7679.03,7680.5,7682.896597997339,7683.533096216036,7685.2626454249785,4.630000000000109,4.237989108683818,10.968283384023877,29.664864775268978,31.9557306705284,31.9557306705284,0.6260104307713009,0.11192660550461425,39.25222405088651,42.13517981438573,950,False,-0.15018873394288135,-0.40810610046130724,-0.5582948344041886,-0.565503576313671,-0.3741745096567492,7686.49,-7.798971421131152,False,False,False,False,False,False,False,False,False,False
2026-09-08,950,7680.42,7680.42,7670.09,7671.71,7679.167731998226,7681.168476972829,7683.9719172892665,10.409999999999854,4.678847029492107,9.225182553108255,38.59851802666682,34.0603241116135,34.0603241116135,1.2174065549740856,0.335393065568167,27.334030846132535,40.64179948791786,955,False,-0.4276149577003423,-0.5991733217107894,-1.0267882794111316,-1.593925159599817,-1.053072469932117,7686.47,-19.239517656428905,False,False,False,False,False,False,False,False,False,False
2026-09-08,955,7671.76,7675.33,7666.99,7674.13,7677.488487998818,7679.760781578264,7683.034591833146,8.340000000000146,4.940357955956967,8.112798980055125,38.42629741823894,36.27998341584018,36.27998341584018,1.8018635988811116,0.33219178082191364,33.5803181571798,41.038398431622156,960,False,-0.4599451294225479,-0.6626666091946747,-1.1226117386172225,-0.6798066109294618,-1.0946797877268177,7685.09,-14.281749201538203,False,False,False,False,False,False,False,False,False,False
