W,cons,r2,ddn,mag,cp,nx,pc,p,n_up,n_dn,days_up,days_dn,ep_up,ep_dn,fill_up,fill_dn,advS15_up,advL15_dn,ttf_up,ttf_dn,base_fill_up,base_adv15_up,base_fill_dn,base_adv15_dn,lift_up,lift_dn
15,0.6,0.7,0.25,0.5,False,False,False,3.0,18,6,4,3,9,5,0.6111111111111112,0.5,0.0,0.0,5.0,25.0,0.4666666666666667,0.01111111111111111,0.5333333333333333,0.0,0.1444444444444445,-0.033333333333333326
15,0.6,0.7,0.25,0.5,False,False,False,5.0,9,0,3,0,4,0,0.3333333333333333,,0.0,,5.0,,0.3999999999999999,0.0,,,-0.0666666666666666,
15,0.6,0.7,0.25,0.5,False,False,False,8.0,2,0,1,0,1,0,1.0,,0.0,,7.0,,0.6,0.0,,,0.4,
15,0.6,0.7,0.25,0.5,False,False,True,3.0,16,5,4,3,9,4,0.6875,0.4,0.0,0.0,5.0,25.5,0.5000000000000001,0.012500000000000002,0.48000000000000004,0.0,0.1874999999999999,-0.08000000000000002
15,0.6,0.7,0.25,0.5,False,False,True,5.0,7,0,3,0,4,0,0.42857142857142855,,0.0,,5.0,,0.45714285714285713,0.0,,,-0.02857142857142858,
15,0.6,0.7,0.25,0.5,False,False,True,8.0,2,0,1,0,1,0,1.0,,0.0,,7.0,,0.6,0.0,,,0.4,
15,0.6,0.7,0.25,0.5,False,True,False,3.0,18,6,4,3,9,5,0.6111111111111112,0.5,0.0,0.0,5.0,25.0,0.4666666666666667,0.01111111111111111,0.5333333333333333,0.0,0.1444444444444445,-0.033333333333333326
15,0.6,0.7,0.25,0.5,False,True,False,5.0,9,0,3,0,4,0,0.3333333333333333,,0.0,,5.0,,0.3999999999999999,0.0,,,-0.0666666666666666,
15,0.6,0.7,0.25,0.5,False,True,False,8.0,2,0,1,0,1,0,1.0,,0.0,,7.0,,0.6,0.0,,,0.4,
15,0.6,0.7,0.25,0.5,False,True,True,3.0,16,5,4,3,9,4,0.6875,0.4,0.0,0.0,5.0,25.5,0.5000000000000001,0.012500000000000002,0.48000000000000004,0.0,0.1874999999999999,-0.08000000000000002
15,0.6,0.7,0.25,0.5,False,True,True,5.0,7,0,3,0,4,0,0.42857142857142855,,0.0,,5.0,,0.45714285714285713,0.0,,,-0.02857142857142858,
15,0.6,0.7,0.25,0.5,False,True,True,8.0,2,0,1,0,1,0,1.0,,0.0,,7.0,,0.6,0.0,,,0.4,
15,0.6,0.7,0.25,0.5,True,False,False,3.0,15,6,3,3,8,5,0.7333333333333333,0.5,0.0,0.0,5.0,25.0,0.52,0.013333333333333332,0.5333333333333333,0.0,0.21333333333333326,-0.033333333333333326
15,0.6,0.7,0.25,0.5,True,False,False,5.0,6,0,2,0,3,0,0.5,,0.0,,5.0,,0.5,0.0,,,0.0,
15,0.6,0.7,0.25,0.5,True,False,False,8.0,2,0,1,0,1,0,1.0,,0.0,,7.0,,0.6,0.0,,,0.4,
15,0.6,0.7,0.25,0.5,True,False,True,3.0,15,5,3,3,8,4,0.7333333333333333,0.4,0.0,0.0,5.0,25.5,0.52,0.013333333333333332,0.48000000000000004,0.0,0.21333333333333326,-0.08000000000000002
15,0.6,0.7,0.25,0.5,True,False,True,5.0,6,0,2,0,3,0,0.5,,0.0,,5.0,,0.5,0.0,,,0.0,
15,0.6,0.7,0.25,0.5,True,False,True,8.0,2,0,1,0,1,0,1.0,,0.0,,7.0,,0.6,0.0,,,0.4,
15,0.6,0.7,0.25,0.5,True,True,False,3.0,15,6,3,3,8,5,0.7333333333333333,0.5,0.0,0.0,5.0,25.0,0.52,0.013333333333333332,0.5333333333333333,0.0,0.21333333333333326,-0.033333333333333326
15,0.6,0.7,0.25,0.5,True,True,False,5.0,6,0,2,0,3,0,0.5,,0.0,,5.0,,0.5,0.0,,,0.0,
15,0.6,0.7,0.25,0.5,True,True,False,8.0,2,0,1,0,1,0,1.0,,0.0,,7.0,,0.6,0.0,,,0.4,
15,0.6,0.7,0.25,0.5,True,True,True,3.0,15,5,3,3,8,4,0.7333333333333333,0.4,0.0,0.0,5.0,25.5,0.52,0.013333333333333332,0.48000000000000004,0.0,0.21333333333333326,-0.08000000000000002
15,0.6,0.7,0.25,0.5,True,True,True,5.0,6,0,2,0,3,0,0.5,,0.0,,5.0,,0.5,0.0,,,0.0,
15,0.6,0.7,0.25,0.5,True,True,True,8.0,2,0,1,0,1,0,1.0,,0.0,,7.0,,0.6,0.0,,,0.4,
15,0.6,0.7,0.25,1.0,False,False,False,3.0,14,5,4,3,7,4,0.5714285714285714,0.4,0.0,0.0,4.0,25.5,0.4142857142857144,0.014285714285714289,0.48000000000000004,0.0,0.15714285714285697,-0.08000000000000002
15,0.6,0.7,0.25,1.0,False,False,False,5.0,8,0,3,0,3,0,0.375,,0.0,,5.0,,0.4,0.0,,,-0.025000000000000022,
15,0.6,0.7,0.25,1.0,False,False,False,8.0,2,0,1,0,1,0,1.0,,0.0,,7.0,,0.6,0.0,,,0.4,
15,0.6,0.7,0.25,1.0,False,False,True,3.0,12,5,4,3,7,4,0.6666666666666666,0.4,0.0,0.0,4.0,25.5,0.45,0.016666666666666666,0.48000000000000004,0.0,0.21666666666666662,-0.08000000000000002
15,0.6,0.7,0.25,1.0,False,False,True,5.0,6,0,3,0,3,0,0.5,,0.0,,5.0,,0.4666666666666667,0.0,,,0.033333333333333326,
15,0.6,0.7,0.25,1.0,False,False,True,8.0,2,0,1,0,1,0,1.0,,0.0,,7.0,,0.6,0.0,,,0.4,
15,0.6,0.7,0.25,1.0,False,True,False,3.0,14,5,4,3,7,4,0.5714285714285714,0.4,0.0,0.0,4.0,25.5,0.4142857142857144,0.014285714285714289,0.48000000000000004,0.0,0.15714285714285697,-0.08000000000000002
15,0.6,0.7,0.25,1.0,False,True,False,5.0,8,0,3,0,3,0,0.375,,0.0,,5.0,,0.4,0.0,,,-0.025000000000000022,
15,0.6,0.7,0.25,1.0,False,True,False,8.0,2,0,1,0,1,0,1.0,,0.0,,7.0,,0.6,0.0,,,0.4,
15,0.6,0.7,0.25,1.0,False,True,True,3.0,12,5,4,3,7,4,0.6666666666666666,0.4,0.0,0.0,4.0,25.5,0.45,0.016666666666666666,0.48000000000000004,0.0,0.21666666666666662,-0.08000000000000002
15,0.6,0.7,0.25,1.0,False,True,True,5.0,6,0,3,0,3,0,0.5,,0.0,,5.0,,0.4666666666666667,0.0,,,0.033333333333333326,
15,0.6,0.7,0.25,1.0,False,True,True,8.0,2,0,1,0,1,0,1.0,,0.0,,7.0,,0.6,0.0,,,0.4,
15,0.6,0.7,0.25,1.0,True,False,False,3.0,11,5,3,3,6,4,0.7272727272727273,0.4,0.0,0.0,4.0,25.5,0.4727272727272727,0.01818181818181818,0.48000000000000004,0.0,0.2545454545454546,-0.08000000000000002
15,0.6,0.7,0.25,1.0,True,False,False,5.0,5,0,2,0,2,0,0.6,,0.0,,5.0,,0.52,0.0,,,0.07999999999999996,
15,0.6,0.7,0.25,1.0,True,False,False,8.0,2,0,1,0,1,0,1.0,,0.0,,7.0,,0.6,0.0,,,0.4,
15,0.6,0.7,0.25,1.0,True,False,True,3.0,11,5,3,3,6,4,0.7272727272727273,0.4,0.0,0.0,4.0,25.5,0.4727272727272727,0.01818181818181818,0.48000000000000004,0.0,0.2545454545454546,-0.08000000000000002
15,0.6,0.7,0.25,1.0,True,False,True,5.0,5,0,2,0,2,0,0.6,,0.0,,5.0,,0.52,0.0,,,0.07999999999999996,
15,0.6,0.7,0.25,1.0,True,False,True,8.0,2,0,1,0,1,0,1.0,,0.0,,7.0,,0.6,0.0,,,0.4,
15,0.6,0.7,0.25,1.0,True,True,False,3.0,11,5,3,3,6,4,0.7272727272727273,0.4,0.0,0.0,4.0,25.5,0.4727272727272727,0.01818181818181818,0.48000000000000004,0.0,0.2545454545454546,-0.08000000000000002
15,0.6,0.7,0.25,1.0,True,True,False,5.0,5,0,2,0,2,0,0.6,,0.0,,5.0,,0.52,0.0,,,0.07999999999999996,
15,0.6,0.7,0.25,1.0,True,True,False,8.0,2,0,1,0,1,0,1.0,,0.0,,7.0,,0.6,0.0,,,0.4,
15,0.6,0.7,0.25,1.0,True,True,True,3.0,11,5,3,3,6,4,0.7272727272727273,0.4,0.0,0.0,4.0,25.5,0.4727272727272727,0.01818181818181818,0.48000000000000004,0.0,0.2545454545454546,-0.08000000000000002
15,0.6,0.7,0.25,1.0,True,True,True,5.0,5,0,2,0,2,0,0.6,,0.0,,5.0,,0.52,0.0,,,0.07999999999999996,
15,0.6,0.7,0.25,1.0,True,True,True,8.0,2,0,1,0,1,0,1.0,,0.0,,7.0,,0.6,0.0,,,0.4,
15,0.6,0.7,0.25,2.0,False,False,False,3.0,2,0,2,0,2,0,0.0,,0.0,,,,0.2,0.0,,,-0.2,
15,0.6,0.7,0.25,2.0,False,False,False,5.0,1,0,1,0,1,0,0.0,,0.0,,,,0.2,0.0,,,-0.2,
15,0.6,0.7,0.25,2.0,False,False,False,8.0,0,0,0,0,0,0,,,,,,,,,,,,
15,0.6,0.7,0.25,2.0,False,False,True,3.0,2,0,2,0,2,0,0.0,,0.0,,,,0.2,0.0,,,-0.2,
15,0.6,0.7,0.25,2.0,False,False,True,5.0,1,0,1,0,1,0,0.0,,0.0,,,,0.2,0.0,,,-0.2,
15,0.6,0.7,0.25,2.0,False,False,True,8.0,0,0,0,0,0,0,,,,,,,,,,,,
15,0.6,0.7,0.25,2.0,False,True,False,3.0,2,0,2,0,2,0,0.0,,0.0,,,,0.2,0.0,,,-0.2,
15,0.6,0.7,0.25,2.0,False,True,False,5.0,1,0,1,0,1,0,0.0,,0.0,,,,0.2,0.0,,,-0.2,
15,0.6,0.7,0.25,2.0,False,True,False,8.0,0,0,0,0,0,0,,,,,,,,,,,,
15,0.6,0.7,0.25,2.0,False,True,True,3.0,2,0,2,0,2,0,0.0,,0.0,,,,0.2,0.0,,,-0.2,
15,0.6,0.7,0.25,2.0,False,True,True,5.0,1,0,1,0,1,0,0.0,,0.0,,,,0.2,0.0,,,-0.2,
15,0.6,0.7,0.25,2.0,False,True,True,8.0,0,0,0,0,0,0,,,,,,,,,,,,
15,0.6,0.7,0.25,2.0,True,False,False,3.0,1,0,1,0,1,0,0.0,,0.0,,,,0.2,0.0,,,-0.2,
15,0.6,0.7,0.25,2.0,True,False,False,5.0,0,0,0,0,0,0,,,,,,,,,,,,
15,0.6,0.7,0.25,2.0,True,False,False,8.0,0,0,0,0,0,0,,,,,,,,,,,,
15,0.6,0.7,0.25,2.0,True,False,True,3.0,1,0,1,0,1,0,0.0,,0.0,,,,0.2,0.0,,,-0.2,
15,0.6,0.7,0.25,2.0,True,False,True,5.0,0,0,0,0,0,0,,,,,,,,,,,,
15,0.6,0.7,0.25,2.0,True,False,True,8.0,0,0,0,0,0,0,,,,,,,,,,,,
15,0.6,0.7,0.25,2.0,True,True,False,3.0,1,0,1,0,1,0,0.0,,0.0,,,,0.2,0.0,,,-0.2,
15,0.6,0.7,0.25,2.0,True,True,False,5.0,0,0,0,0,0,0,,,,,,,,,,,,
15,0.6,0.7,0.25,2.0,True,True,False,8.0,0,0,0,0,0,0,,,,,,,,,,,,
15,0.6,0.7,0.25,2.0,True,True,True,3.0,1,0,1,0,1,0,0.0,,0.0,,,,0.2,0.0,,,-0.2,
15,0.6,0.7,0.25,2.0,True,True,True,5.0,0,0,0,0,0,0,,,,,,,,,,,,
15,0.6,0.7,0.25,2.0,True,True,True,8.0,0,0,0,0,0,0,,,,,,,,,,,,
15,0.6,0.7,0.5,0.5,False,False,False,3.0,24,8,4,3,12,6,0.4583333333333333,0.375,0.0,0.0,5.0,25.0,0.37500000000000006,0.01666666666666667,0.5250000000000001,0.0,0.08333333333333326,-0.15000000000000013
15,0.6,0.7,0.5,0.5,False,False,False,5.0,12,1,3,1,4,1,0.25,0.0,0.0,0.0,5.0,,0.31666666666666665,0.0,0.4,0.0,-0.06666666666666665,-0.4
15,0.6,0.7,0.5,0.5,False,False,False,8.0,2,1,1,1,1,1,1.0,0.0,0.0,0.0,7.0,,0.6,0.0,0.4,0.0,0.4,-0.4
15,0.6,0.7,0.5,0.5,False,False,True,3.0,21,7,4,3,12,5,0.5238095238095238,0.2857142857142857,0.0,0.0,5.0,25.5,0.40000000000000013,0.019047619047619053,0.4857142857142857,0.0,0.1238095238095237,-0.2
15,0.6,0.7,0.5,0.5,False,False,True,5.0,9,1,3,1,4,1,0.3333333333333333,0.0,0.0,0.0,5.0,,0.35555555555555546,0.0,0.4,0.0,-0.022222222222222143,-0.4
15,0.6,0.7,0.5,0.5,False,False,True,8.0,2,1,1,1,1,1,1.0,0.0,0.0,0.0,7.0,,0.6,0.0,0.4,0.0,0.4,-0.4
15,0.6,0.7,0.5,0.5,False,True,False,3.0,24,8,4,3,12,6,0.4583333333333333,0.375,0.0,0.0,5.0,25.0,0.37500000000000006,0.01666666666666667,0.5250000000000001,0.0,0.08333333333333326,-0.15000000000000013
15,0.6,0.7,0.5,0.5,False,True,False,5.0,12,1,3,1,4,1,0.25,0.0,0.0,0.0,5.0,,0.31666666666666665,0.0,0.4,0.0,-0.06666666666666665,-0.4
15,0.6,0.7,0.5,0.5,False,True,False,8.0,2,1,1,1,1,1,1.0,0.0,0.0,0.0,7.0,,0.6,0.0,0.4,0.0,0.4,-0.4
15,0.6,0.7,0.5,0.5,False,True,True,3.0,21,7,4,3,12,5,0.5238095238095238,0.2857142857142857,0.0,0.0,5.0,25.5,0.40000000000000013,0.019047619047619053,0.4857142857142857,0.0,0.1238095238095237,-0.2
15,0.6,0.7,0.5,0.5,False,True,True,5.0,9,1,3,1,4,1,0.3333333333333333,0.0,0.0,0.0,5.0,,0.35555555555555546,0.0,0.4,0.0,-0.022222222222222143,-0.4
15,0.6,0.7,0.5,0.5,False,True,True,8.0,2,1,1,1,1,1,1.0,0.0,0.0,0.0,7.0,,0.6,0.0,0.4,0.0,0.4,-0.4
15,0.6,0.7,0.5,0.5,True,False,False,3.0,20,8,3,3,11,6,0.55,0.375,0.0,0.0,5.0,25.0,0.4100000000000001,0.020000000000000004,0.5250000000000001,0.0,0.13999999999999996,-0.15000000000000013
15,0.6,0.7,0.5,0.5,True,False,False,5.0,8,1,2,1,3,1,0.375,0.0,0.0,0.0,5.0,,0.375,0.0,0.4,0.0,0.0,-0.4
15,0.6,0.7,0.5,0.5,True,False,False,8.0,2,1,1,1,1,1,1.0,0.0,0.0,0.0,7.0,,0.6,0.0,0.4,0.0,0.4,-0.4
15,0.6,0.7,0.5,0.5,True,False,True,3.0,20,7,3,3,11,5,0.55,0.2857142857142857,0.0,0.0,5.0,25.5,0.4100000000000001,0.020000000000000004,0.4857142857142857,0.0,0.13999999999999996,-0.2
15,0.6,0.7,0.5,0.5,True,False,True,5.0,8,1,2,1,3,1,0.375,0.0,0.0,0.0,5.0,,0.375,0.0,0.4,0.0,0.0,-0.4
15,0.6,0.7,0.5,0.5,True,False,True,8.0,2,1,1,1,1,1,1.0,0.0,0.0,0.0,7.0,,0.6,0.0,0.4,0.0,0.4,-0.4
15,0.6,0.7,0.5,0.5,True,True,False,3.0,20,8,3,3,11,6,0.55,0.375,0.0,0.0,5.0,25.0,0.4100000000000001,0.020000000000000004,0.5250000000000001,0.0,0.13999999999999996,-0.15000000000000013
15,0.6,0.7,0.5,0.5,True,True,False,5.0,8,1,2,1,3,1,0.375,0.0,0.0,0.0,5.0,,0.375,0.0,0.4,0.0,0.0,-0.4
15,0.6,0.7,0.5,0.5,True,True,False,8.0,2,1,1,1,1,1,1.0,0.0,0.0,0.0,7.0,,0.6,0.0,0.4,0.0,0.4,-0.4
15,0.6,0.7,0.5,0.5,True,True,True,3.0,20,7,3,3,11,5,0.55,0.2857142857142857,0.0,0.0,5.0,25.5,0.4100000000000001,0.020000000000000004,0.4857142857142857,0.0,0.13999999999999996,-0.2
15,0.6,0.7,0.5,0.5,True,True,True,5.0,8,1,2,1,3,1,0.375,0.0,0.0,0.0,5.0,,0.375,0.0,0.4,0.0,0.0,-0.4
15,0.6,0.7,0.5,0.5,True,True,True,8.0,2,1,1,1,1,1,1.0,0.0,0.0,0.0,7.0,,0.6,0.0,0.4,0.0,0.4,-0.4
15,0.6,0.7,0.5,1.0,False,False,False,3.0,15,7,4,3,7,5,0.5333333333333333,0.2857142857142857,0.0,0.0,4.0,25.5,0.39999999999999997,0.013333333333333332,0.4857142857142857,0.0,0.13333333333333336,-0.2
15,0.6,0.7,0.5,1.0,False,False,False,5.0,9,1,3,1,3,1,0.3333333333333333,0.0,0.0,0.0,5.0,,0.3777777777777777,0.0,0.4,0.0,-0.0444444444444444,-0.4
15,0.6,0.7,0.5,1.0,False,False,False,8.0,2,1,1,1,1,1,1.0,0.0,0.0,0.0,7.0,,0.6,0.0,0.4,0.0,0.4,-0.4
15,0.6,0.7,0.5,1.0,False,False,True,3.0,12,7,4,3,7,5,0.6666666666666666,0.2857142857142857,0.0,0.0,4.0,25.5,0.45,0.016666666666666666,0.4857142857142857,0.0,0.21666666666666662,-0.2
15,0.6,0.7,0.5,1.0,False,False,True,5.0,6,1,3,1,3,1,0.5,0.0,0.0,0.0,5.0,,0.4666666666666667,0.0,0.4,0.0,0.033333333333333326,-0.4
15,0.6,0.7,0.5,1.0,False,False,True,8.0,2,1,1,1,1,1,1.0,0.0,0.0,0.0,7.0,,0.6,0.0,0.4,0.0,0.4,-0.4
15,0.6,0.7,0.5,1.0,False,True,False,3.0,15,7,4,3,7,5,0.5333333333333333,0.2857142857142857,0.0,0.0,4.0,25.5,0.39999999999999997,0.013333333333333332,0.4857142857142857,0.0,0.13333333333333336,-0.2
15,0.6,0.7,0.5,1.0,False,True,False,5.0,9,1,3,1,3,1,0.3333333333333333,0.0,0.0,0.0,5.0,,0.3777777777777777,0.0,0.4,0.0,-0.0444444444444444,-0.4
15,0.6,0.7,0.5,1.0,False,True,False,8.0,2,1,1,1,1,1,1.0,0.0,0.0,0.0,7.0,,0.6,0.0,0.4,0.0,0.4,-0.4
15,0.6,0.7,0.5,1.0,False,True,True,3.0,12,7,4,3,7,5,0.6666666666666666,0.2857142857142857,0.0,0.0,4.0,25.5,0.45,0.016666666666666666,0.4857142857142857,0.0,0.21666666666666662,-0.2
15,0.6,0.7,0.5,1.0,False,True,True,5.0,6,1,3,1,3,1,0.5,0.0,0.0,0.0,5.0,,0.4666666666666667,0.0,0.4,0.0,0.033333333333333326,-0.4
15,0.6,0.7,0.5,1.0,False,True,True,8.0,2,1,1,1,1,1,1.0,0.0,0.0,0.0,7.0,,0.6,0.0,0.4,0.0,0.4,-0.4
15,0.6,0.7,0.5,1.0,True,False,False,3.0,11,7,3,3,6,5,0.7272727272727273,0.2857142857142857,0.0,0.0,4.0,25.5,0.4727272727272727,0.01818181818181818,0.4857142857142857,0.0,0.2545454545454546,-0.2
15,0.6,0.7,0.5,1.0,True,False,False,5.0,5,1,2,1,2,1,0.6,0.0,0.0,0.0,5.0,,0.52,0.0,0.4,0.0,0.07999999999999996,-0.4
15,0.6,0.7,0.5,1.0,True,False,False,8.0,2,1,1,1,1,1,1.0,0.0,0.0,0.0,7.0,,0.6,0.0,0.4,0.0,0.4,-0.4
15,0.6,0.7,0.5,1.0,True,False,True,3.0,11,7,3,3,6,5,0.7272727272727273,0.2857142857142857,0.0,0.0,4.0,25.5,0.4727272727272727,0.01818181818181818,0.4857142857142857,0.0,0.2545454545454546,-0.2
15,0.6,0.7,0.5,1.0,True,False,True,5.0,5,1,2,1,2,1,0.6,0.0,0.0,0.0,5.0,,0.52,0.0,0.4,0.0,0.07999999999999996,-0.4
15,0.6,0.7,0.5,1.0,True,False,True,8.0,2,1,1,1,1,1,1.0,0.0,0.0,0.0,7.0,,0.6,0.0,0.4,0.0,0.4,-0.4
15,0.6,0.7,0.5,1.0,True,True,False,3.0,11,7,3,3,6,5,0.7272727272727273,0.2857142857142857,0.0,0.0,4.0,25.5,0.4727272727272727,0.01818181818181818,0.4857142857142857,0.0,0.2545454545454546,-0.2
15,0.6,0.7,0.5,1.0,True,True,False,5.0,5,1,2,1,2,1,0.6,0.0,0.0,0.0,5.0,,0.52,0.0,0.4,0.0,0.07999999999999996,-0.4
15,0.6,0.7,0.5,1.0,True,True,False,8.0,2,1,1,1,1,1,1.0,0.0,0.0,0.0,7.0,,0.6,0.0,0.4,0.0,0.4,-0.4
15,0.6,0.7,0.5,1.0,True,True,True,3.0,11,7,3,3,6,5,0.7272727272727273,0.2857142857142857,0.0,0.0,4.0,25.5,0.4727272727272727,0.01818181818181818,0.4857142857142857,0.0,0.2545454545454546,-0.2
15,0.6,0.7,0.5,1.0,True,True,True,5.0,5,1,2,1,2,1,0.6,0.0,0.0,0.0,5.0,,0.52,0.0,0.4,0.0,0.07999999999999996,-0.4
15,0.6,0.7,0.5,1.0,True,True,True,8.0,2,1,1,1,1,1,1.0,0.0,0.0,0.0,7.0,,0.6,0.0,0.4,0.0,0.4,-0.4
15,0.6,0.7,0.5,2.0,False,False,False,3.0,2,0,2,0,2,0,0.0,,0.0,,,,0.2,0.0,,,-0.2,
15,0.6,0.7,0.5,2.0,False,False,False,5.0,1,0,1,0,1,0,0.0,,0.0,,,,0.2,0.0,,,-0.2,
15,0.6,0.7,0.5,2.0,False,False,False,8.0,0,0,0,0,0,0,,,,,,,,,,,,
15,0.6,0.7,0.5,2.0,False,False,True,3.0,2,0,2,0,2,0,0.0,,0.0,,,,0.2,0.0,,,-0.2,
15,0.6,0.7,0.5,2.0,False,False,True,5.0,1,0,1,0,1,0,0.0,,0.0,,,,0.2,0.0,,,-0.2,
15,0.6,0.7,0.5,2.0,False,False,True,8.0,0,0,0,0,0,0,,,,,,,,,,,,
15,0.6,0.7,0.5,2.0,False,True,False,3.0,2,0,2,0,2,0,0.0,,0.0,,,,0.2,0.0,,,-0.2,
15,0.6,0.7,0.5,2.0,False,True,False,5.0,1,0,1,0,1,0,0.0,,0.0,,,,0.2,0.0,,,-0.2,
15,0.6,0.7,0.5,2.0,False,True,False,8.0,0,0,0,0,0,0,,,,,,,,,,,,
15,0.6,0.7,0.5,2.0,False,True,True,3.0,2,0,2,0,2,0,0.0,,0.0,,,,0.2,0.0,,,-0.2,
15,0.6,0.7,0.5,2.0,False,True,True,5.0,1,0,1,0,1,0,0.0,,0.0,,,,0.2,0.0,,,-0.2,
15,0.6,0.7,0.5,2.0,False,True,True,8.0,0,0,0,0,0,0,,,,,,,,,,,,
15,0.6,0.7,0.5,2.0,True,False,False,3.0,1,0,1,0,1,0,0.0,,0.0,,,,0.2,0.0,,,-0.2,
15,0.6,0.7,0.5,2.0,True,False,False,5.0,0,0,0,0,0,0,,,,,,,,,,,,
15,0.6,0.7,0.5,2.0,True,False,False,8.0,0,0,0,0,0,0,,,,,,,,,,,,
15,0.6,0.7,0.5,2.0,True,False,True,3.0,1,0,1,0,1,0,0.0,,0.0,,,,0.2,0.0,,,-0.2,
15,0.6,0.7,0.5,2.0,True,False,True,5.0,0,0,0,0,0,0,,,,,,,,,,,,
15,0.6,0.7,0.5,2.0,True,False,True,8.0,0,0,0,0,0,0,,,,,,,,,,,,
15,0.6,0.7,0.5,2.0,True,True,False,3.0,1,0,1,0,1,0,0.0,,0.0,,,,0.2,0.0,,,-0.2,
15,0.6,0.7,0.5,2.0,True,True,False,5.0,0,0,0,0,0,0,,,,,,,,,,,,
15,0.6,0.7,0.5,2.0,True,True,False,8.0,0,0,0,0,0,0,,,,,,,,,,,,
15,0.6,0.7,0.5,2.0,True,True,True,3.0,1,0,1,0,1,0,0.0,,0.0,,,,0.2,0.0,,,-0.2,
15,0.6,0.7,0.5,2.0,True,True,True,5.0,0,0,0,0,0,0,,,,,,,,,,,,
15,0.6,0.7,0.5,2.0,True,True,True,8.0,0,0,0,0,0,0,,,,,,,,,,,,
15,0.6,0.85,0.25,0.5,False,False,False,3.0,8,2,2,2,3,2,0.875,0.5,0.0,0.0,4.0,26.0,0.525,0.0,0.5,0.0,0.35,0.0
15,0.6,0.85,0.25,0.5,False,False,False,5.0,4,0,1,0,1,0,0.75,,0.0,,5.0,,0.4999999999999999,0.0,,,0.2500000000000001,
15,0.6,0.85,0.25,0.5,False,False,False,8.0,2,0,1,0,1,0,1.0,,0.0,,7.0,,0.6,0.0,,,0.4,
15,0.6,0.85,0.25,0.5,False,False,True,3.0,8,2,2,2,3,2,0.875,0.5,0.0,0.0,4.0,26.0,0.525,0.0,0.5,0.0,0.35,0.0
15,0.6,0.85,0.25,0.5,False,False,True,5.0,4,0,1,0,1,0,0.75,,0.0,,5.0,,0.4999999999999999,0.0,,,0.2500000000000001,
15,0.6,0.85,0.25,0.5,False,False,True,8.0,2,0,1,0,1,0,1.0,,0.0,,7.0,,0.6,0.0,,,0.4,
15,0.6,0.85,0.25,0.5,False,True,False,3.0,8,2,2,2,3,2,0.875,0.5,0.0,0.0,4.0,26.0,0.525,0.0,0.5,0.0,0.35,0.0
15,0.6,0.85,0.25,0.5,False,True,False,5.0,4,0,1,0,1,0,0.75,,0.0,,5.0,,0.4999999999999999,0.0,,,0.2500000000000001,
15,0.6,0.85,0.25,0.5,False,True,False,8.0,2,0,1,0,1,0,1.0,,0.0,,7.0,,0.6,0.0,,,0.4,
15,0.6,0.85,0.25,0.5,False,True,True,3.0,8,2,2,2,3,2,0.875,0.5,0.0,0.0,4.0,26.0,0.525,0.0,0.5,0.0,0.35,0.0
15,0.6,0.85,0.25,0.5,False,True,True,5.0,4,0,1,0,1,0,0.75,,0.0,,5.0,,0.4999999999999999,0.0,,,0.2500000000000001,
15,0.6,0.85,0.25,0.5,False,True,True,8.0,2,0,1,0,1,0,1.0,,0.0,,7.0,,0.6,0.0,,,0.4,
15,0.6,0.85,0.25,0.5,True,False,False,3.0,8,2,2,2,3,2,0.875,0.5,0.0,0.0,4.0,26.0,0.525,0.0,0.5,0.0,0.35,0.0
15,0.6,0.85,0.25,0.5,True,False,False,5.0,4,0,1,0,1,0,0.75,,0.0,,5.0,,0.4999999999999999,0.0,,,0.2500000000000001,
15,0.6,0.85,0.25,0.5,True,False,False,8.0,2,0,1,0,1,0,1.0,,0.0,,7.0,,0.6,0.0,,,0.4,
15,0.6,0.85,0.25,0.5,True,False,True,3.0,8,2,2,2,3,2,0.875,0.5,0.0,0.0,4.0,26.0,0.525,0.0,0.5,0.0,0.35,0.0
15,0.6,0.85,0.25,0.5,True,False,True,5.0,4,0,1,0,1,0,0.75,,0.0,,5.0,,0.4999999999999999,0.0,,,0.2500000000000001,
15,0.6,0.85,0.25,0.5,True,False,True,8.0,2,0,1,0,1,0,1.0,,0.0,,7.0,,0.6,0.0,,,0.4,
15,0.6,0.85,0.25,0.5,True,True,False,3.0,8,2,2,2,3,2,0.875,0.5,0.0,0.0,4.0,26.0,0.525,0.0,0.5,0.0,0.35,0.0
15,0.6,0.85,0.25,0.5,True,True,False,5.0,4,0,1,0,1,0,0.75,,0.0,,5.0,,0.4999999999999999,0.0,,,0.2500000000000001,
15,0.6,0.85,0.25,0.5,True,True,False,8.0,2,0,1,0,1,0,1.0,,0.0,,7.0,,0.6,0.0,,,0.4,
15,0.6,0.85,0.25,0.5,True,True,True,3.0,8,2,2,2,3,2,0.875,0.5,0.0,0.0,4.0,26.0,0.525,0.0,0.5,0.0,0.35,0.0
15,0.6,0.85,0.25,0.5,True,True,True,5.0,4,0,1,0,1,0,0.75,,0.0,,5.0,,0.4999999999999999,0.0,,,0.2500000000000001,
15,0.6,0.85,0.25,0.5,True,True,True,8.0,2,0,1,0,1,0,1.0,,0.0,,7.0,,0.6,0.0,,,0.4,
15,0.6,0.85,0.25,1.0,False,False,False,3.0,8,2,2,2,3,2,0.875,0.5,0.0,0.0,4.0,26.0,0.525,0.0,0.5,0.0,0.35,0.0
15,0.6,0.85,0.25,1.0,False,False,False,5.0,4,0,1,0,1,0,0.75,,0.0,,5.0,,0.4999999999999999,0.0,,,0.2500000000000001,
15,0.6,0.85,0.25,1.0,False,False,False,8.0,2,0,1,0,1,0,1.0,,0.0,,7.0,,0.6,0.0,,,0.4,
15,0.6,0.85,0.25,1.0,False,False,True,3.0,8,2,2,2,3,2,0.875,0.5,0.0,0.0,4.0,26.0,0.525,0.0,0.5,0.0,0.35,0.0
15,0.6,0.85,0.25,1.0,False,False,True,5.0,4,0,1,0,1,0,0.75,,0.0,,5.0,,0.4999999999999999,0.0,,,0.2500000000000001,
15,0.6,0.85,0.25,1.0,False,False,True,8.0,2,0,1,0,1,0,1.0,,0.0,,7.0,,0.6,0.0,,,0.4,
15,0.6,0.85,0.25,1.0,False,True,False,3.0,8,2,2,2,3,2,0.875,0.5,0.0,0.0,4.0,26.0,0.525,0.0,0.5,0.0,0.35,0.0
15,0.6,0.85,0.25,1.0,False,True,False,5.0,4,0,1,0,1,0,0.75,,0.0,,5.0,,0.4999999999999999,0.0,,,0.2500000000000001,
15,0.6,0.85,0.25,1.0,False,True,False,8.0,2,0,1,0,1,0,1.0,,0.0,,7.0,,0.6,0.0,,,0.4,
15,0.6,0.85,0.25,1.0,False,True,True,3.0,8,2,2,2,3,2,0.875,0.5,0.0,0.0,4.0,26.0,0.525,0.0,0.5,0.0,0.35,0.0
15,0.6,0.85,0.25,1.0,False,True,True,5.0,4,0,1,0,1,0,0.75,,0.0,,5.0,,0.4999999999999999,0.0,,,0.2500000000000001,
15,0.6,0.85,0.25,1.0,False,True,True,8.0,2,0,1,0,1,0,1.0,,0.0,,7.0,,0.6,0.0,,,0.4,
15,0.6,0.85,0.25,1.0,True,False,False,3.0,8,2,2,2,3,2,0.875,0.5,0.0,0.0,4.0,26.0,0.525,0.0,0.5,0.0,0.35,0.0
15,0.6,0.85,0.25,1.0,True,False,False,5.0,4,0,1,0,1,0,0.75,,0.0,,5.0,,0.4999999999999999,0.0,,,0.2500000000000001,
15,0.6,0.85,0.25,1.0,True,False,False,8.0,2,0,1,0,1,0,1.0,,0.0,,7.0,,0.6,0.0,,,0.4,
15,0.6,0.85,0.25,1.0,True,False,True,3.0,8,2,2,2,3,2,0.875,0.5,0.0,0.0,4.0,26.0,0.525,0.0,0.5,0.0,0.35,0.0
15,0.6,0.85,0.25,1.0,True,False,True,5.0,4,0,1,0,1,0,0.75,,0.0,,5.0,,0.4999999999999999,0.0,,,0.2500000000000001,
15,0.6,0.85,0.25,1.0,True,False,True,8.0,2,0,1,0,1,0,1.0,,0.0,,7.0,,0.6,0.0,,,0.4,
15,0.6,0.85,0.25,1.0,True,True,False,3.0,8,2,2,2,3,2,0.875,0.5,0.0,0.0,4.0,26.0,0.525,0.0,0.5,0.0,0.35,0.0
15,0.6,0.85,0.25,1.0,True,True,False,5.0,4,0,1,0,1,0,0.75,,0.0,,5.0,,0.4999999999999999,0.0,,,0.2500000000000001,
15,0.6,0.85,0.25,1.0,True,True,False,8.0,2,0,1,0,1,0,1.0,,0.0,,7.0,,0.6,0.0,,,0.4,
15,0.6,0.85,0.25,1.0,True,True,True,3.0,8,2,2,2,3,2,0.875,0.5,0.0,0.0,4.0,26.0,0.525,0.0,0.5,0.0,0.35,0.0
15,0.6,0.85,0.25,1.0,True,True,True,5.0,4,0,1,0,1,0,0.75,,0.0,,5.0,,0.4999999999999999,0.0,,,0.2500000000000001,
15,0.6,0.85,0.25,1.0,True,True,True,8.0,2,0,1,0,1,0,1.0,,0.0,,7.0,,0.6,0.0,,,0.4,
15,0.6,0.85,0.25,2.0,False,False,False,3.0,0,0,0,0,0,0,,,,,,,,,,,,
15,0.6,0.85,0.25,2.0,False,False,False,5.0,0,0,0,0,0,0,,,,,,,,,,,,
15,0.6,0.85,0.25,2.0,False,False,False,8.0,0,0,0,0,0,0,,,,,,,,,,,,
15,0.6,0.85,0.25,2.0,False,False,True,3.0,0,0,0,0,0,0,,,,,,,,,,,,
15,0.6,0.85,0.25,2.0,False,False,True,5.0,0,0,0,0,0,0,,,,,,,,,,,,
15,0.6,0.85,0.25,2.0,False,False,True,8.0,0,0,0,0,0,0,,,,,,,,,,,,
15,0.6,0.85,0.25,2.0,False,True,False,3.0,0,0,0,0,0,0,,,,,,,,,,,,
15,0.6,0.85,0.25,2.0,False,True,False,5.0,0,0,0,0,0,0,,,,,,,,,,,,
15,0.6,0.85,0.25,2.0,False,True,False,8.0,0,0,0,0,0,0,,,,,,,,,,,,
15,0.6,0.85,0.25,2.0,False,True,True,3.0,0,0,0,0,0,0,,,,,,,,,,,,
15,0.6,0.85,0.25,2.0,False,True,True,5.0,0,0,0,0,0,0,,,,,,,,,,,,
15,0.6,0.85,0.25,2.0,False,True,True,8.0,0,0,0,0,0,0,,,,,,,,,,,,
15,0.6,0.85,0.25,2.0,True,False,False,3.0,0,0,0,0,0,0,,,,,,,,,,,,
15,0.6,0.85,0.25,2.0,True,False,False,5.0,0,0,0,0,0,0,,,,,,,,,,,,
15,0.6,0.85,0.25,2.0,True,False,False,8.0,0,0,0,0,0,0,,,,,,,,,,,,
15,0.6,0.85,0.25,2.0,True,False,True,3.0,0,0,0,0,0,0,,,,,,,,,,,,
15,0.6,0.85,0.25,2.0,True,False,True,5.0,0,0,0,0,0,0,,,,,,,,,,,,
15,0.6,0.85,0.25,2.0,True,False,True,8.0,0,0,0,0,0,0,,,,,,,,,,,,
15,0.6,0.85,0.25,2.0,True,True,False,3.0,0,0,0,0,0,0,,,,,,,,,,,,
15,0.6,0.85,0.25,2.0,True,True,False,5.0,0,0,0,0,0,0,,,,,,,,,,,,
15,0.6,0.85,0.25,2.0,True,True,False,8.0,0,0,0,0,0,0,,,,,,,,,,,,
15,0.6,0.85,0.25,2.0,True,True,True,3.0,0,0,0,0,0,0,,,,,,,,,,,,
15,0.6,0.85,0.25,2.0,True,True,True,5.0,0,0,0,0,0,0,,,,,,,,,,,,
15,0.6,0.85,0.25,2.0,True,True,True,8.0,0,0,0,0,0,0,,,,,,,,,,,,
15,0.6,0.85,0.5,0.5,False,False,False,3.0,9,2,2,2,4,2,0.7777777777777778,0.5,0.0,0.0,4.0,26.0,0.4666666666666665,0.0,0.5,0.0,0.3111111111111113,0.0
15,0.6,0.85,0.5,0.5,False,False,False,5.0,5,0,1,0,2,0,0.6,,0.0,,5.0,,0.4,0.0,,,0.19999999999999996,
15,0.6,0.85,0.5,0.5,False,False,False,8.0,2,0,1,0,1,0,1.0,,0.0,,7.0,,0.6,0.0,,,0.4,
15,0.6,0.85,0.5,0.5,False,False,True,3.0,9,2,2,2,4,2,0.7777777777777778,0.5,0.0,0.0,4.0,26.0,0.4666666666666665,0.0,0.5,0.0,0.3111111111111113,0.0
15,0.6,0.85,0.5,0.5,False,False,True,5.0,5,0,1,0,2,0,0.6,,0.0,,5.0,,0.4,0.0,,,0.19999999999999996,
15,0.6,0.85,0.5,0.5,False,False,True,8.0,2,0,1,0,1,0,1.0,,0.0,,7.0,,0.6,0.0,,,0.4,
15,0.6,0.85,0.5,0.5,False,True,False,3.0,9,2,2,2,4,2,0.7777777777777778,0.5,0.0,0.0,4.0,26.0,0.4666666666666665,0.0,0.5,0.0,0.3111111111111113,0.0
15,0.6,0.85,0.5,0.5,False,True,False,5.0,5,0,1,0,2,0,0.6,,0.0,,5.0,,0.4,0.0,,,0.19999999999999996,
15,0.6,0.85,0.5,0.5,False,True,False,8.0,2,0,1,0,1,0,1.0,,0.0,,7.0,,0.6,0.0,,,0.4,
15,0.6,0.85,0.5,0.5,False,True,True,3.0,9,2,2,2,4,2,0.7777777777777778,0.5,0.0,0.0,4.0,26.0,0.4666666666666665,0.0,0.5,0.0,0.3111111111111113,0.0
15,0.6,0.85,0.5,0.5,False,True,True,5.0,5,0,1,0,2,0,0.6,,0.0,,5.0,,0.4,0.0,,,0.19999999999999996,
15,0.6,0.85,0.5,0.5,False,True,True,8.0,2,0,1,0,1,0,1.0,,0.0,,7.0,,0.6,0.0,,,0.4,
15,0.6,0.85,0.5,0.5,True,False,False,3.0,9,2,2,2,4,2,0.7777777777777778,0.5,0.0,0.0,4.0,26.0,0.4666666666666665,0.0,0.5,0.0,0.3111111111111113,0.0
15,0.6,0.85,0.5,0.5,True,False,False,5.0,5,0,1,0,2,0,0.6,,0.0,,5.0,,0.4,0.0,,,0.19999999999999996,
15,0.6,0.85,0.5,0.5,True,False,False,8.0,2,0,1,0,1,0,1.0,,0.0,,7.0,,0.6,0.0,,,0.4,
15,0.6,0.85,0.5,0.5,True,False,True,3.0,9,2,2,2,4,2,0.7777777777777778,0.5,0.0,0.0,4.0,26.0,0.4666666666666665,0.0,0.5,0.0,0.3111111111111113,0.0
15,0.6,0.85,0.5,0.5,True,False,True,5.0,5,0,1,0,2,0,0.6,,0.0,,5.0,,0.4,0.0,,,0.19999999999999996,
15,0.6,0.85,0.5,0.5,True,False,True,8.0,2,0,1,0,1,0,1.0,,0.0,,7.0,,0.6,0.0,,,0.4,
15,0.6,0.85,0.5,0.5,True,True,False,3.0,9,2,2,2,4,2,0.7777777777777778,0.5,0.0,0.0,4.0,26.0,0.4666666666666665,0.0,0.5,0.0,0.3111111111111113,0.0
15,0.6,0.85,0.5,0.5,True,True,False,5.0,5,0,1,0,2,0,0.6,,0.0,,5.0,,0.4,0.0,,,0.19999999999999996,
15,0.6,0.85,0.5,0.5,True,True,False,8.0,2,0,1,0,1,0,1.0,,0.0,,7.0,,0.6,0.0,,,0.4,
15,0.6,0.85,0.5,0.5,True,True,True,3.0,9,2,2,2,4,2,0.7777777777777778,0.5,0.0,0.0,4.0,26.0,0.4666666666666665,0.0,0.5,0.0,0.3111111111111113,0.0
15,0.6,0.85,0.5,0.5,True,True,True,5.0,5,0,1,0,2,0,0.6,,0.0,,5.0,,0.4,0.0,,,0.19999999999999996,
15,0.6,0.85,0.5,0.5,True,True,True,8.0,2,0,1,0,1,0,1.0,,0.0,,7.0,,0.6,0.0,,,0.4,
15,0.6,0.85,0.5,1.0,False,False,False,3.0,8,2,2,2,3,2,0.875,0.5,0.0,0.0,4.0,26.0,0.525,0.0,0.5,0.0,0.35,0.0
15,0.6,0.85,0.5,1.0,False,False,False,5.0,4,0,1,0,1,0,0.75,,0.0,,5.0,,0.4999999999999999,0.0,,,0.2500000000000001,
15,0.6,0.85,0.5,1.0,False,False,False,8.0,2,0,1,0,1,0,1.0,,0.0,,7.0,,0.6,0.0,,,0.4,
15,0.6,0.85,0.5,1.0,False,False,True,3.0,8,2,2,2,3,2,0.875,0.5,0.0,0.0,4.0,26.0,0.525,0.0,0.5,0.0,0.35,0.0
15,0.6,0.85,0.5,1.0,False,False,True,5.0,4,0,1,0,1,0,0.75,,0.0,,5.0,,0.4999999999999999,0.0,,,0.2500000000000001,
15,0.6,0.85,0.5,1.0,False,False,True,8.0,2,0,1,0,1,0,1.0,,0.0,,7.0,,0.6,0.0,,,0.4,
15,0.6,0.85,0.5,1.0,False,True,False,3.0,8,2,2,2,3,2,0.875,0.5,0.0,0.0,4.0,26.0,0.525,0.0,0.5,0.0,0.35,0.0
15,0.6,0.85,0.5,1.0,False,True,False,5.0,4,0,1,0,1,0,0.75,,0.0,,5.0,,0.4999999999999999,0.0,,,0.2500000000000001,
15,0.6,0.85,0.5,1.0,False,True,False,8.0,2,0,1,0,1,0,1.0,,0.0,,7.0,,0.6,0.0,,,0.4,
15,0.6,0.85,0.5,1.0,False,True,True,3.0,8,2,2,2,3,2,0.875,0.5,0.0,0.0,4.0,26.0,0.525,0.0,0.5,0.0,0.35,0.0
15,0.6,0.85,0.5,1.0,False,True,True,5.0,4,0,1,0,1,0,0.75,,0.0,,5.0,,0.4999999999999999,0.0,,,0.2500000000000001,
15,0.6,0.85,0.5,1.0,False,True,True,8.0,2,0,1,0,1,0,1.0,,0.0,,7.0,,0.6,0.0,,,0.4,
15,0.6,0.85,0.5,1.0,True,False,False,3.0,8,2,2,2,3,2,0.875,0.5,0.0,0.0,4.0,26.0,0.525,0.0,0.5,0.0,0.35,0.0
15,0.6,0.85,0.5,1.0,True,False,False,5.0,4,0,1,0,1,0,0.75,,0.0,,5.0,,0.4999999999999999,0.0,,,0.2500000000000001,
15,0.6,0.85,0.5,1.0,True,False,False,8.0,2,0,1,0,1,0,1.0,,0.0,,7.0,,0.6,0.0,,,0.4,
15,0.6,0.85,0.5,1.0,True,False,True,3.0,8,2,2,2,3,2,0.875,0.5,0.0,0.0,4.0,26.0,0.525,0.0,0.5,0.0,0.35,0.0
15,0.6,0.85,0.5,1.0,True,False,True,5.0,4,0,1,0,1,0,0.75,,0.0,,5.0,,0.4999999999999999,0.0,,,0.2500000000000001,
15,0.6,0.85,0.5,1.0,True,False,True,8.0,2,0,1,0,1,0,1.0,,0.0,,7.0,,0.6,0.0,,,0.4,
15,0.6,0.85,0.5,1.0,True,True,False,3.0,8,2,2,2,3,2,0.875,0.5,0.0,0.0,4.0,26.0,0.525,0.0,0.5,0.0,0.35,0.0
15,0.6,0.85,0.5,1.0,True,True,False,5.0,4,0,1,0,1,0,0.75,,0.0,,5.0,,0.4999999999999999,0.0,,,0.2500000000000001,
15,0.6,0.85,0.5,1.0,True,True,False,8.0,2,0,1,0,1,0,1.0,,0.0,,7.0,,0.6,0.0,,,0.4,
15,0.6,0.85,0.5,1.0,True,True,True,3.0,8,2,2,2,3,2,0.875,0.5,0.0,0.0,4.0,26.0,0.525,0.0,0.5,0.0,0.35,0.0
15,0.6,0.85,0.5,1.0,True,True,True,5.0,4,0,1,0,1,0,0.75,,0.0,,5.0,,0.4999999999999999,0.0,,,0.2500000000000001,
15,0.6,0.85,0.5,1.0,True,True,True,8.0,2,0,1,0,1,0,1.0,,0.0,,7.0,,0.6,0.0,,,0.4,
15,0.6,0.85,0.5,2.0,False,False,False,3.0,0,0,0,0,0,0,,,,,,,,,,,,
15,0.6,0.85,0.5,2.0,False,False,False,5.0,0,0,0,0,0,0,,,,,,,,,,,,
15,0.6,0.85,0.5,2.0,False,False,False,8.0,0,0,0,0,0,0,,,,,,,,,,,,
15,0.6,0.85,0.5,2.0,False,False,True,3.0,0,0,0,0,0,0,,,,,,,,,,,,
15,0.6,0.85,0.5,2.0,False,False,True,5.0,0,0,0,0,0,0,,,,,,,,,,,,
15,0.6,0.85,0.5,2.0,False,False,True,8.0,0,0,0,0,0,0,,,,,,,,,,,,
15,0.6,0.85,0.5,2.0,False,True,False,3.0,0,0,0,0,0,0,,,,,,,,,,,,
15,0.6,0.85,0.5,2.0,False,True,False,5.0,0,0,0,0,0,0,,,,,,,,,,,,
15,0.6,0.85,0.5,2.0,False,True,False,8.0,0,0,0,0,0,0,,,,,,,,,,,,
15,0.6,0.85,0.5,2.0,False,True,True,3.0,0,0,0,0,0,0,,,,,,,,,,,,
15,0.6,0.85,0.5,2.0,False,True,True,5.0,0,0,0,0,0,0,,,,,,,,,,,,
15,0.6,0.85,0.5,2.0,False,True,True,8.0,0,0,0,0,0,0,,,,,,,,,,,,
15,0.6,0.85,0.5,2.0,True,False,False,3.0,0,0,0,0,0,0,,,,,,,,,,,,
15,0.6,0.85,0.5,2.0,True,False,False,5.0,0,0,0,0,0,0,,,,,,,,,,,,
15,0.6,0.85,0.5,2.0,True,False,False,8.0,0,0,0,0,0,0,,,,,,,,,,,,
15,0.6,0.85,0.5,2.0,True,False,True,3.0,0,0,0,0,0,0,,,,,,,,,,,,
15,0.6,0.85,0.5,2.0,True,False,True,5.0,0,0,0,0,0,0,,,,,,,,,,,,
15,0.6,0.85,0.5,2.0,True,False,True,8.0,0,0,0,0,0,0,,,,,,,,,,,,
15,0.6,0.85,0.5,2.0,True,True,False,3.0,0,0,0,0,0,0,,,,,,,,,,,,
15,0.6,0.85,0.5,2.0,True,True,False,5.0,0,0,0,0,0,0,,,,,,,,,,,,
15,0.6,0.85,0.5,2.0,True,True,False,8.0,0,0,0,0,0,0,,,,,,,,,,,,
15,0.6,0.85,0.5,2.0,True,True,True,3.0,0,0,0,0,0,0,,,,,,,,,,,,
15,0.6,0.85,0.5,2.0,True,True,True,5.0,0,0,0,0,0,0,,,,,,,,,,,,
15,0.6,0.85,0.5,2.0,True,True,True,8.0,0,0,0,0,0,0,,,,,,,,,,,,
15,0.7,0.7,0.25,0.5,False,False,False,3.0,7,1,4,1,5,1,0.2857142857142857,1.0,0.0,0.0,3.0,26.0,0.34285714285714286,0.02857142857142857,0.6000000000000001,0.0,-0.05714285714285716,0.3999999999999999
15,0.7,0.7,0.25,0.5,False,False,False,5.0,5,0,3,0,3,0,0.0,,0.0,,,,0.32,0.0,,,-0.32,
15,0.7,0.7,0.25,0.5,False,False,False,8.0,0,0,0,0,0,0,,,,,,,,,,,,
15,0.7,0.7,0.25,0.5,False,False,True,3.0,5,1,4,1,5,1,0.4,1.0,0.0,0.0,3.0,26.0,0.4,0.04,0.6000000000000001,0.0,0.0,0.3999999999999999
15,0.7,0.7,0.25,0.5,False,False,True,5.0,3,0,3,0,3,0,0.0,,0.0,,,,0.4,0.0,,,-0.4,
15,0.7,0.7,0.25,0.5,False,False,True,8.0,0,0,0,0,0,0,,,,,,,,,,,,
15,0.7,0.7,0.25,0.5,False,True,False,3.0,7,1,4,1,5,1,0.2857142857142857,1.0,0.0,0.0,3.0,26.0,0.34285714285714286,0.02857142857142857,0.6000000000000001,0.0,-0.05714285714285716,0.3999999999999999
15,0.7,0.7,0.25,0.5,False,True,False,5.0,5,0,3,0,3,0,0.0,,0.0,,,,0.32,0.0,,,-0.32,
15,0.7,0.7,0.25,0.5,False,True,False,8.0,0,0,0,0,0,0,,,,,,,,,,,,
15,0.7,0.7,0.25,0.5,False,True,True,3.0,5,1,4,1,5,1,0.4,1.0,0.0,0.0,3.0,26.0,0.4,0.04,0.6000000000000001,0.0,0.0,0.3999999999999999
15,0.7,0.7,0.25,0.5,False,True,True,5.0,3,0,3,0,3,0,0.0,,0.0,,,,0.4,0.0,,,-0.4,
15,0.7,0.7,0.25,0.5,False,True,True,8.0,0,0,0,0,0,0,,,,,,,,,,,,
15,0.7,0.7,0.25,0.5,True,False,False,3.0,4,1,3,1,4,1,0.5,1.0,0.0,0.0,3.0,26.0,0.4499999999999999,0.04999999999999999,0.6000000000000001,0.0,0.0500000000000001,0.3999999999999999
15,0.7,0.7,0.25,0.5,True,False,False,5.0,2,0,2,0,2,0,0.0,,0.0,,,,0.5,0.0,,,-0.5,
15,0.7,0.7,0.25,0.5,True,False,False,8.0,0,0,0,0,0,0,,,,,,,,,,,,
15,0.7,0.7,0.25,0.5,True,False,True,3.0,4,1,3,1,4,1,0.5,1.0,0.0,0.0,3.0,26.0,0.4499999999999999,0.04999999999999999,0.6000000000000001,0.0,0.0500000000000001,0.3999999999999999
15,0.7,0.7,0.25,0.5,True,False,True,5.0,2,0,2,0,2,0,0.0,,0.0,,,,0.5,0.0,,,-0.5,
15,0.7,0.7,0.25,0.5,True,False,True,8.0,0,0,0,0,0,0,,,,,,,,,,,,
15,0.7,0.7,0.25,0.5,True,True,False,3.0,4,1,3,1,4,1,0.5,1.0,0.0,0.0,3.0,26.0,0.4499999999999999,0.04999999999999999,0.6000000000000001,0.0,0.0500000000000001,0.3999999999999999
15,0.7,0.7,0.25,0.5,True,True,False,5.0,2,0,2,0,2,0,0.0,,0.0,,,,0.5,0.0,,,-0.5,
15,0.7,0.7,0.25,0.5,True,True,False,8.0,0,0,0,0,0,0,,,,,,,,,,,,
15,0.7,0.7,0.25,0.5,True,True,True,3.0,4,1,3,1,4,1,0.5,1.0,0.0,0.0,3.0,26.0,0.4499999999999999,0.04999999999999999,0.6000000000000001,0.0,0.0500000000000001,0.3999999999999999
15,0.7,0.7,0.25,0.5,True,True,True,5.0,2,0,2,0,2,0,0.0,,0.0,,,,0.5,0.0,,,-0.5,
15,0.7,0.7,0.25,0.5,True,True,True,8.0,0,0,0,0,0,0,,,,,,,,,,,,
15,0.7,0.7,0.25,1.0,False,False,False,3.0,6,1,3,1,4,1,0.3333333333333333,1.0,0.0,0.0,3.0,26.0,0.3333333333333333,0.03333333333333333,0.6000000000000001,0.0,0.0,0.3999999999999999
15,0.7,0.7,0.25,1.0,False,False,False,5.0,4,0,2,0,2,0,0.0,,0.0,,,,0.29999999999999993,0.0,,,-0.29999999999999993,
15,0.7,0.7,0.25,1.0,False,False,False,8.0,0,0,0,0,0,0,,,,,,,,,,,,
15,0.7,0.7,0.25,1.0,False,False,True,3.0,4,1,3,1,4,1,0.5,1.0,0.0,0.0,3.0,26.0,0.39999999999999986,0.04999999999999999,0.6000000000000001,0.0,0.10000000000000014,0.3999999999999999
15,0.7,0.7,0.25,1.0,False,False,True,5.0,2,0,2,0,2,0,0.0,,0.0,,,,0.4,0.0,,,-0.4,
15,0.7,0.7,0.25,1.0,False,False,True,8.0,0,0,0,0,0,0,,,,,,,,,,,,
15,0.7,0.7,0.25,1.0,False,True,False,3.0,6,1,3,1,4,1,0.3333333333333333,1.0,0.0,0.0,3.0,26.0,0.3333333333333333,0.03333333333333333,0.6000000000000001,0.0,0.0,0.3999999999999999
15,0.7,0.7,0.25,1.0,False,True,False,5.0,4,0,2,0,2,0,0.0,,0.0,,,,0.29999999999999993,0.0,,,-0.29999999999999993,
15,0.7,0.7,0.25,1.0,False,True,False,8.0,0,0,0,0,0,0,,,,,,,,,,,,
15,0.7,0.7,0.25,1.0,False,True,True,3.0,4,1,3,1,4,1,0.5,1.0,0.0,0.0,3.0,26.0,0.39999999999999986,0.04999999999999999,0.6000000000000001,0.0,0.10000000000000014,0.3999999999999999
15,0.7,0.7,0.25,1.0,False,True,True,5.0,2,0,2,0,2,0,0.0,,0.0,,,,0.4,0.0,,,-0.4,
15,0.7,0.7,0.25,1.0,False,True,True,8.0,0,0,0,0,0,0,,,,,,,,,,,,
15,0.7,0.7,0.25,1.0,True,False,False,3.0,3,1,2,1,3,1,0.6666666666666666,1.0,0.0,0.0,3.0,26.0,0.4666666666666667,0.06666666666666668,0.6000000000000001,0.0,0.19999999999999996,0.3999999999999999
15,0.7,0.7,0.25,1.0,True,False,False,5.0,1,0,1,0,1,0,0.0,,0.0,,,,0.6000000000000001,0.0,,,-0.6000000000000001,
15,0.7,0.7,0.25,1.0,True,False,False,8.0,0,0,0,0,0,0,,,,,,,,,,,,
15,0.7,0.7,0.25,1.0,True,False,True,3.0,3,1,2,1,3,1,0.6666666666666666,1.0,0.0,0.0,3.0,26.0,0.4666666666666667,0.06666666666666668,0.6000000000000001,0.0,0.19999999999999996,0.3999999999999999
15,0.7,0.7,0.25,1.0,True,False,True,5.0,1,0,1,0,1,0,0.0,,0.0,,,,0.6000000000000001,0.0,,,-0.6000000000000001,
15,0.7,0.7,0.25,1.0,True,False,True,8.0,0,0,0,0,0,0,,,,,,,,,,,,
15,0.7,0.7,0.25,1.0,True,True,False,3.0,3,1,2,1,3,1,0.6666666666666666,1.0,0.0,0.0,3.0,26.0,0.4666666666666667,0.06666666666666668,0.6000000000000001,0.0,0.19999999999999996,0.3999999999999999
15,0.7,0.7,0.25,1.0,True,True,False,5.0,1,0,1,0,1,0,0.0,,0.0,,,,0.6000000000000001,0.0,,,-0.6000000000000001,
15,0.7,0.7,0.25,1.0,True,True,False,8.0,0,0,0,0,0,0,,,,,,,,,,,,
15,0.7,0.7,0.25,1.0,True,True,True,3.0,3,1,2,1,3,1,0.6666666666666666,1.0,0.0,0.0,3.0,26.0,0.4666666666666667,0.06666666666666668,0.6000000000000001,0.0,0.19999999999999996,0.3999999999999999
15,0.7,0.7,0.25,1.0,True,True,True,5.0,1,0,1,0,1,0,0.0,,0.0,,,,0.6000000000000001,0.0,,,-0.6000000000000001,
15,0.7,0.7,0.25,1.0,True,True,True,8.0,0,0,0,0,0,0,,,,,,,,,,,,
15,0.7,0.7,0.25,2.0,False,False,False,3.0,1,0,1,0,1,0,0.0,,0.0,,,,0.2,0.0,,,-0.2,
15,0.7,0.7,0.25,2.0,False,False,False,5.0,1,0,1,0,1,0,0.0,,0.0,,,,0.2,0.0,,,-0.2,
15,0.7,0.7,0.25,2.0,False,False,False,8.0,0,0,0,0,0,0,,,,,,,,,,,,
15,0.7,0.7,0.25,2.0,False,False,True,3.0,1,0,1,0,1,0,0.0,,0.0,,,,0.2,0.0,,,-0.2,
15,0.7,0.7,0.25,2.0,False,False,True,5.0,1,0,1,0,1,0,0.0,,0.0,,,,0.2,0.0,,,-0.2,
15,0.7,0.7,0.25,2.0,False,False,True,8.0,0,0,0,0,0,0,,,,,,,,,,,,
15,0.7,0.7,0.25,2.0,False,True,False,3.0,1,0,1,0,1,0,0.0,,0.0,,,,0.2,0.0,,,-0.2,
15,0.7,0.7,0.25,2.0,False,True,False,5.0,1,0,1,0,1,0,0.0,,0.0,,,,0.2,0.0,,,-0.2,
15,0.7,0.7,0.25,2.0,False,True,False,8.0,0,0,0,0,0,0,,,,,,,,,,,,
15,0.7,0.7,0.25,2.0,False,True,True,3.0,1,0,1,0,1,0,0.0,,0.0,,,,0.2,0.0,,,-0.2,
15,0.7,0.7,0.25,2.0,False,True,True,5.0,1,0,1,0,1,0,0.0,,0.0,,,,0.2,0.0,,,-0.2,
15,0.7,0.7,0.25,2.0,False,True,True,8.0,0,0,0,0,0,0,,,,,,,,,,,,
15,0.7,0.7,0.25,2.0,True,False,False,3.0,0,0,0,0,0,0,,,,,,,,,,,,
15,0.7,0.7,0.25,2.0,True,False,False,5.0,0,0,0,0,0,0,,,,,,,,,,,,
15,0.7,0.7,0.25,2.0,True,False,False,8.0,0,0,0,0,0,0,,,,,,,,,,,,
15,0.7,0.7,0.25,2.0,True,False,True,3.0,0,0,0,0,0,0,,,,,,,,,,,,
15,0.7,0.7,0.25,2.0,True,False,True,5.0,0,0,0,0,0,0,,,,,,,,,,,,
15,0.7,0.7,0.25,2.0,True,False,True,8.0,0,0,0,0,0,0,,,,,,,,,,,,
15,0.7,0.7,0.25,2.0,True,True,False,3.0,0,0,0,0,0,0,,,,,,,,,,,,
15,0.7,0.7,0.25,2.0,True,True,False,5.0,0,0,0,0,0,0,,,,,,,,,,,,
15,0.7,0.7,0.25,2.0,True,True,False,8.0,0,0,0,0,0,0,,,,,,,,,,,,
15,0.7,0.7,0.25,2.0,True,True,True,3.0,0,0,0,0,0,0,,,,,,,,,,,,
15,0.7,0.7,0.25,2.0,True,True,True,5.0,0,0,0,0,0,0,,,,,,,,,,,,
15,0.7,0.7,0.25,2.0,True,True,True,8.0,0,0,0,0,0,0,,,,,,,,,,,,
15,0.7,0.7,0.5,0.5,False,False,False,3.0,9,1,4,1,5,1,0.2222222222222222,1.0,0.0,0.0,3.0,26.0,0.2666666666666666,0.02222222222222222,0.6000000000000001,0.0,-0.0444444444444444,0.3999999999999999
15,0.7,0.7,0.5,0.5,False,False,False,5.0,7,0,3,0,3,0,0.0,,0.0,,,,0.22857142857142856,0.0,,,-0.22857142857142856,
15,0.7,0.7,0.5,0.5,False,False,False,8.0,0,0,0,0,0,0,,,,,,,,,,,,
15,0.7,0.7,0.5,0.5,False,False,True,3.0,7,1,4,1,5,1,0.2857142857142857,1.0,0.0,0.0,3.0,26.0,0.2857142857142857,0.02857142857142857,0.6000000000000001,0.0,0.0,0.3999999999999999
15,0.7,0.7,0.5,0.5,False,False,True,5.0,5,0,3,0,3,0,0.0,,0.0,,,,0.24,0.0,,,-0.24,
15,0.7,0.7,0.5,0.5,False,False,True,8.0,0,0,0,0,0,0,,,,,,,,,,,,
15,0.7,0.7,0.5,0.5,False,True,False,3.0,9,1,4,1,5,1,0.2222222222222222,1.0,0.0,0.0,3.0,26.0,0.2666666666666666,0.02222222222222222,0.6000000000000001,0.0,-0.0444444444444444,0.3999999999999999
15,0.7,0.7,0.5,0.5,False,True,False,5.0,7,0,3,0,3,0,0.0,,0.0,,,,0.22857142857142856,0.0,,,-0.22857142857142856,
15,0.7,0.7,0.5,0.5,False,True,False,8.0,0,0,0,0,0,0,,,,,,,,,,,,
15,0.7,0.7,0.5,0.5,False,True,True,3.0,7,1,4,1,5,1,0.2857142857142857,1.0,0.0,0.0,3.0,26.0,0.2857142857142857,0.02857142857142857,0.6000000000000001,0.0,0.0,0.3999999999999999
15,0.7,0.7,0.5,0.5,False,True,True,5.0,5,0,3,0,3,0,0.0,,0.0,,,,0.24,0.0,,,-0.24,
15,0.7,0.7,0.5,0.5,False,True,True,8.0,0,0,0,0,0,0,,,,,,,,,,,,
15,0.7,0.7,0.5,0.5,True,False,False,3.0,6,1,3,1,4,1,0.3333333333333333,1.0,0.0,0.0,3.0,26.0,0.3,0.03333333333333333,0.6000000000000001,0.0,0.033333333333333326,0.3999999999999999
15,0.7,0.7,0.5,0.5,True,False,False,5.0,4,0,2,0,2,0,0.0,,0.0,,,,0.24999999999999994,0.0,,,-0.24999999999999994,
15,0.7,0.7,0.5,0.5,True,False,False,8.0,0,0,0,0,0,0,,,,,,,,,,,,
15,0.7,0.7,0.5,0.5,True,False,True,3.0,6,1,3,1,4,1,0.3333333333333333,1.0,0.0,0.0,3.0,26.0,0.3,0.03333333333333333,0.6000000000000001,0.0,0.033333333333333326,0.3999999999999999
15,0.7,0.7,0.5,0.5,True,False,True,5.0,4,0,2,0,2,0,0.0,,0.0,,,,0.24999999999999994,0.0,,,-0.24999999999999994,
15,0.7,0.7,0.5,0.5,True,False,True,8.0,0,0,0,0,0,0,,,,,,,,,,,,
15,0.7,0.7,0.5,0.5,True,True,False,3.0,6,1,3,1,4,1,0.3333333333333333,1.0,0.0,0.0,3.0,26.0,0.3,0.03333333333333333,0.6000000000000001,0.0,0.033333333333333326,0.3999999999999999
15,0.7,0.7,0.5,0.5,True,True,False,5.0,4,0,2,0,2,0,0.0,,0.0,,,,0.24999999999999994,0.0,,,-0.24999999999999994,
15,0.7,0.7,0.5,0.5,True,True,False,8.0,0,0,0,0,0,0,,,,,,,,,,,,
15,0.7,0.7,0.5,0.5,True,True,True,3.0,6,1,3,1,4,1,0.3333333333333333,1.0,0.0,0.0,3.0,26.0,0.3,0.03333333333333333,0.6000000000000001,0.0,0.033333333333333326,0.3999999999999999
15,0.7,0.7,0.5,0.5,True,True,True,5.0,4,0,2,0,2,0,0.0,,0.0,,,,0.24999999999999994,0.0,,,-0.24999999999999994,
15,0.7,0.7,0.5,0.5,True,True,True,8.0,0,0,0,0,0,0,,,,,,,,,,,,
15,0.7,0.7,0.5,1.0,False,False,False,3.0,6,1,3,1,4,1,0.3333333333333333,1.0,0.0,0.0,3.0,26.0,0.3333333333333333,0.03333333333333333,0.6000000000000001,0.0,0.0,0.3999999999999999
15,0.7,0.7,0.5,1.0,False,False,False,5.0,4,0,2,0,2,0,0.0,,0.0,,,,0.29999999999999993,0.0,,,-0.29999999999999993,
15,0.7,0.7,0.5,1.0,False,False,False,8.0,0,0,0,0,0,0,,,,,,,,,,,,
15,0.7,0.7,0.5,1.0,False,False,True,3.0,4,1,3,1,4,1,0.5,1.0,0.0,0.0,3.0,26.0,0.39999999999999986,0.04999999999999999,0.6000000000000001,0.0,0.10000000000000014,0.3999999999999999
15,0.7,0.7,0.5,1.0,False,False,True,5.0,2,0,2,0,2,0,0.0,,0.0,,,,0.4,0.0,,,-0.4,
15,0.7,0.7,0.5,1.0,False,False,True,8.0,0,0,0,0,0,0,,,,,,,,,,,,
15,0.7,0.7,0.5,1.0,False,True,False,3.0,6,1,3,1,4,1,0.3333333333333333,1.0,0.0,0.0,3.0,26.0,0.3333333333333333,0.03333333333333333,0.6000000000000001,0.0,0.0,0.3999999999999999
15,0.7,0.7,0.5,1.0,False,True,False,5.0,4,0,2,0,2,0,0.0,,0.0,,,,0.29999999999999993,0.0,,,-0.29999999999999993,
15,0.7,0.7,0.5,1.0,False,True,False,8.0,0,0,0,0,0,0,,,,,,,,,,,,
15,0.7,0.7,0.5,1.0,False,True,True,3.0,4,1,3,1,4,1,0.5,1.0,0.0,0.0,3.0,26.0,0.39999999999999986,0.04999999999999999,0.6000000000000001,0.0,0.10000000000000014,0.3999999999999999
15,0.7,0.7,0.5,1.0,False,True,True,5.0,2,0,2,0,2,0,0.0,,0.0,,,,0.4,0.0,,,-0.4,
15,0.7,0.7,0.5,1.0,False,True,True,8.0,0,0,0,0,0,0,,,,,,,,,,,,
15,0.7,0.7,0.5,1.0,True,False,False,3.0,3,1,2,1,3,1,0.6666666666666666,1.0,0.0,0.0,3.0,26.0,0.4666666666666667,0.06666666666666668,0.6000000000000001,0.0,0.19999999999999996,0.3999999999999999
15,0.7,0.7,0.5,1.0,True,False,False,5.0,1,0,1,0,1,0,0.0,,0.0,,,,0.6000000000000001,0.0,,,-0.6000000000000001,
15,0.7,0.7,0.5,1.0,True,False,False,8.0,0,0,0,0,0,0,,,,,,,,,,,,
15,0.7,0.7,0.5,1.0,True,False,True,3.0,3,1,2,1,3,1,0.6666666666666666,1.0,0.0,0.0,3.0,26.0,0.4666666666666667,0.06666666666666668,0.6000000000000001,0.0,0.19999999999999996,0.3999999999999999
15,0.7,0.7,0.5,1.0,True,False,True,5.0,1,0,1,0,1,0,0.0,,0.0,,,,0.6000000000000001,0.0,,,-0.6000000000000001,
15,0.7,0.7,0.5,1.0,True,False,True,8.0,0,0,0,0,0,0,,,,,,,,,,,,
15,0.7,0.7,0.5,1.0,True,True,False,3.0,3,1,2,1,3,1,0.6666666666666666,1.0,0.0,0.0,3.0,26.0,0.4666666666666667,0.06666666666666668,0.6000000000000001,0.0,0.19999999999999996,0.3999999999999999
15,0.7,0.7,0.5,1.0,True,True,False,5.0,1,0,1,0,1,0,0.0,,0.0,,,,0.6000000000000001,0.0,,,-0.6000000000000001,
15,0.7,0.7,0.5,1.0,True,True,False,8.0,0,0,0,0,0,0,,,,,,,,,,,,
15,0.7,0.7,0.5,1.0,True,True,True,3.0,3,1,2,1,3,1,0.6666666666666666,1.0,0.0,0.0,3.0,26.0,0.4666666666666667,0.06666666666666668,0.6000000000000001,0.0,0.19999999999999996,0.3999999999999999
15,0.7,0.7,0.5,1.0,True,True,True,5.0,1,0,1,0,1,0,0.0,,0.0,,,,0.6000000000000001,0.0,,,-0.6000000000000001,
15,0.7,0.7,0.5,1.0,True,True,True,8.0,0,0,0,0,0,0,,,,,,,,,,,,
15,0.7,0.7,0.5,2.0,False,False,False,3.0,1,0,1,0,1,0,0.0,,0.0,,,,0.2,0.0,,,-0.2,
15,0.7,0.7,0.5,2.0,False,False,False,5.0,1,0,1,0,1,0,0.0,,0.0,,,,0.2,0.0,,,-0.2,
15,0.7,0.7,0.5,2.0,False,False,False,8.0,0,0,0,0,0,0,,,,,,,,,,,,
15,0.7,0.7,0.5,2.0,False,False,True,3.0,1,0,1,0,1,0,0.0,,0.0,,,,0.2,0.0,,,-0.2,
15,0.7,0.7,0.5,2.0,False,False,True,5.0,1,0,1,0,1,0,0.0,,0.0,,,,0.2,0.0,,,-0.2,
15,0.7,0.7,0.5,2.0,False,False,True,8.0,0,0,0,0,0,0,,,,,,,,,,,,
15,0.7,0.7,0.5,2.0,False,True,False,3.0,1,0,1,0,1,0,0.0,,0.0,,,,0.2,0.0,,,-0.2,
15,0.7,0.7,0.5,2.0,False,True,False,5.0,1,0,1,0,1,0,0.0,,0.0,,,,0.2,0.0,,,-0.2,
15,0.7,0.7,0.5,2.0,False,True,False,8.0,0,0,0,0,0,0,,,,,,,,,,,,
15,0.7,0.7,0.5,2.0,False,True,True,3.0,1,0,1,0,1,0,0.0,,0.0,,,,0.2,0.0,,,-0.2,
15,0.7,0.7,0.5,2.0,False,True,True,5.0,1,0,1,0,1,0,0.0,,0.0,,,,0.2,0.0,,,-0.2,
15,0.7,0.7,0.5,2.0,False,True,True,8.0,0,0,0,0,0,0,,,,,,,,,,,,
15,0.7,0.7,0.5,2.0,True,False,False,3.0,0,0,0,0,0,0,,,,,,,,,,,,
15,0.7,0.7,0.5,2.0,True,False,False,5.0,0,0,0,0,0,0,,,,,,,,,,,,
15,0.7,0.7,0.5,2.0,True,False,False,8.0,0,0,0,0,0,0,,,,,,,,,,,,
15,0.7,0.7,0.5,2.0,True,False,True,3.0,0,0,0,0,0,0,,,,,,,,,,,,
15,0.7,0.7,0.5,2.0,True,False,True,5.0,0,0,0,0,0,0,,,,,,,,,,,,
15,0.7,0.7,0.5,2.0,True,False,True,8.0,0,0,0,0,0,0,,,,,,,,,,,,
15,0.7,0.7,0.5,2.0,True,True,False,3.0,0,0,0,0,0,0,,,,,,,,,,,,
15,0.7,0.7,0.5,2.0,True,True,False,5.0,0,0,0,0,0,0,,,,,,,,,,,,
15,0.7,0.7,0.5,2.0,True,True,False,8.0,0,0,0,0,0,0,,,,,,,,,,,,
15,0.7,0.7,0.5,2.0,True,True,True,3.0,0,0,0,0,0,0,,,,,,,,,,,,
15,0.7,0.7,0.5,2.0,True,True,True,5.0,0,0,0,0,0,0,,,,,,,,,,,,
15,0.7,0.7,0.5,2.0,True,True,True,8.0,0,0,0,0,0,0,,,,,,,,,,,,
15,0.7,0.85,0.25,0.5,False,False,False,3.0,1,1,1,1,1,1,1.0,1.0,0.0,0.0,3.0,26.0,0.6000000000000001,0.0,0.6000000000000001,0.0,0.3999999999999999,0.3999999999999999
15,0.7,0.85,0.25,0.5,False,False,False,5.0,0,0,0,0,0,0,,,,,,,,,,,,
15,0.7,0.85,0.25,0.5,False,False,False,8.0,0,0,0,0,0,0,,,,,,,,,,,,
15,0.7,0.85,0.25,0.5,False,False,True,3.0,1,1,1,1,1,1,1.0,1.0,0.0,0.0,3.0,26.0,0.6000000000000001,0.0,0.6000000000000001,0.0,0.3999999999999999,0.3999999999999999
15,0.7,0.85,0.25,0.5,False,False,True,5.0,0,0,0,0,0,0,,,,,,,,,,,,
15,0.7,0.85,0.25,0.5,False,False,True,8.0,0,0,0,0,0,0,,,,,,,,,,,,
15,0.7,0.85,0.25,0.5,False,True,False,3.0,1,1,1,1,1,1,1.0,1.0,0.0,0.0,3.0,26.0,0.6000000000000001,0.0,0.6000000000000001,0.0,0.3999999999999999,0.3999999999999999
15,0.7,0.85,0.25,0.5,False,True,False,5.0,0,0,0,0,0,0,,,,,,,,,,,,
15,0.7,0.85,0.25,0.5,False,True,False,8.0,0,0,0,0,0,0,,,,,,,,,,,,
15,0.7,0.85,0.25,0.5,False,True,True,3.0,1,1,1,1,1,1,1.0,1.0,0.0,0.0,3.0,26.0,0.6000000000000001,0.0,0.6000000000000001,0.0,0.3999999999999999,0.3999999999999999
15,0.7,0.85,0.25,0.5,False,True,True,5.0,0,0,0,0,0,0,,,,,,,,,,,,
15,0.7,0.85,0.25,0.5,False,True,True,8.0,0,0,0,0,0,0,,,,,,,,,,,,
15,0.7,0.85,0.25,0.5,True,False,False,3.0,1,1,1,1,1,1,1.0,1.0,0.0,0.0,3.0,26.0,0.6000000000000001,0.0,0.6000000000000001,0.0,0.3999999999999999,0.3999999999999999
15,0.7,0.85,0.25,0.5,True,False,False,5.0,0,0,0,0,0,0,,,,,,,,,,,,
15,0.7,0.85,0.25,0.5,True,False,False,8.0,0,0,0,0,0,0,,,,,,,,,,,,
15,0.7,0.85,0.25,0.5,True,False,True,3.0,1,1,1,1,1,1,1.0,1.0,0.0,0.0,3.0,26.0,0.6000000000000001,0.0,0.6000000000000001,0.0,0.3999999999999999,0.3999999999999999
15,0.7,0.85,0.25,0.5,True,False,True,5.0,0,0,0,0,0,0,,,,,,,,,,,,
15,0.7,0.85,0.25,0.5,True,False,True,8.0,0,0,0,0,0,0,,,,,,,,,,,,
15,0.7,0.85,0.25,0.5,True,True,False,3.0,1,1,1,1,1,1,1.0,1.0,0.0,0.0,3.0,26.0,0.6000000000000001,0.0,0.6000000000000001,0.0,0.3999999999999999,0.3999999999999999
15,0.7,0.85,0.25,0.5,True,True,False,5.0,0,0,0,0,0,0,,,,,,,,,,,,
15,0.7,0.85,0.25,0.5,True,True,False,8.0,0,0,0,0,0,0,,,,,,,,,,,,
15,0.7,0.85,0.25,0.5,True,True,True,3.0,1,1,1,1,1,1,1.0,1.0,0.0,0.0,3.0,26.0,0.6000000000000001,0.0,0.6000000000000001,0.0,0.3999999999999999,0.3999999999999999
15,0.7,0.85,0.25,0.5,True,True,True,5.0,0,0,0,0,0,0,,,,,,,,,,,,
15,0.7,0.85,0.25,0.5,True,True,True,8.0,0,0,0,0,0,0,,,,,,,,,,,,
15,0.7,0.85,0.25,1.0,False,False,False,3.0,1,1,1,1,1,1,1.0,1.0,0.0,0.0,3.0,26.0,0.6000000000000001,0.0,0.6000000000000001,0.0,0.3999999999999999,0.3999999999999999
15,0.7,0.85,0.25,1.0,False,False,False,5.0,0,0,0,0,0,0,,,,,,,,,,,,
15,0.7,0.85,0.25,1.0,False,False,False,8.0,0,0,0,0,0,0,,,,,,,,,,,,
15,0.7,0.85,0.25,1.0,False,False,True,3.0,1,1,1,1,1,1,1.0,1.0,0.0,0.0,3.0,26.0,0.6000000000000001,0.0,0.6000000000000001,0.0,0.3999999999999999,0.3999999999999999
15,0.7,0.85,0.25,1.0,False,False,True,5.0,0,0,0,0,0,0,,,,,,,,,,,,
15,0.7,0.85,0.25,1.0,False,False,True,8.0,0,0,0,0,0,0,,,,,,,,,,,,
15,0.7,0.85,0.25,1.0,False,True,False,3.0,1,1,1,1,1,1,1.0,1.0,0.0,0.0,3.0,26.0,0.6000000000000001,0.0,0.6000000000000001,0.0,0.3999999999999999,0.3999999999999999
15,0.7,0.85,0.25,1.0,False,True,False,5.0,0,0,0,0,0,0,,,,,,,,,,,,
15,0.7,0.85,0.25,1.0,False,True,False,8.0,0,0,0,0,0,0,,,,,,,,,,,,
15,0.7,0.85,0.25,1.0,False,True,True,3.0,1,1,1,1,1,1,1.0,1.0,0.0,0.0,3.0,26.0,0.6000000000000001,0.0,0.6000000000000001,0.0,0.3999999999999999,0.3999999999999999
15,0.7,0.85,0.25,1.0,False,True,True,5.0,0,0,0,0,0,0,,,,,,,,,,,,
15,0.7,0.85,0.25,1.0,False,True,True,8.0,0,0,0,0,0,0,,,,,,,,,,,,
15,0.7,0.85,0.25,1.0,True,False,False,3.0,1,1,1,1,1,1,1.0,1.0,0.0,0.0,3.0,26.0,0.6000000000000001,0.0,0.6000000000000001,0.0,0.3999999999999999,0.3999999999999999
15,0.7,0.85,0.25,1.0,True,False,False,5.0,0,0,0,0,0,0,,,,,,,,,,,,
15,0.7,0.85,0.25,1.0,True,False,False,8.0,0,0,0,0,0,0,,,,,,,,,,,,
15,0.7,0.85,0.25,1.0,True,False,True,3.0,1,1,1,1,1,1,1.0,1.0,0.0,0.0,3.0,26.0,0.6000000000000001,0.0,0.6000000000000001,0.0,0.3999999999999999,0.3999999999999999
15,0.7,0.85,0.25,1.0,True,False,True,5.0,0,0,0,0,0,0,,,,,,,,,,,,
15,0.7,0.85,0.25,1.0,True,False,True,8.0,0,0,0,0,0,0,,,,,,,,,,,,
15,0.7,0.85,0.25,1.0,True,True,False,3.0,1,1,1,1,1,1,1.0,1.0,0.0,0.0,3.0,26.0,0.6000000000000001,0.0,0.6000000000000001,0.0,0.3999999999999999,0.3999999999999999
15,0.7,0.85,0.25,1.0,True,True,False,5.0,0,0,0,0,0,0,,,,,,,,,,,,
15,0.7,0.85,0.25,1.0,True,True,False,8.0,0,0,0,0,0,0,,,,,,,,,,,,
15,0.7,0.85,0.25,1.0,True,True,True,3.0,1,1,1,1,1,1,1.0,1.0,0.0,0.0,3.0,26.0,0.6000000000000001,0.0,0.6000000000000001,0.0,0.3999999999999999,0.3999999999999999
15,0.7,0.85,0.25,1.0,True,True,True,5.0,0,0,0,0,0,0,,,,,,,,,,,,
15,0.7,0.85,0.25,1.0,True,True,True,8.0,0,0,0,0,0,0,,,,,,,,,,,,
15,0.7,0.85,0.25,2.0,False,False,False,3.0,0,0,0,0,0,0,,,,,,,,,,,,
15,0.7,0.85,0.25,2.0,False,False,False,5.0,0,0,0,0,0,0,,,,,,,,,,,,
15,0.7,0.85,0.25,2.0,False,False,False,8.0,0,0,0,0,0,0,,,,,,,,,,,,
15,0.7,0.85,0.25,2.0,False,False,True,3.0,0,0,0,0,0,0,,,,,,,,,,,,
15,0.7,0.85,0.25,2.0,False,False,True,5.0,0,0,0,0,0,0,,,,,,,,,,,,
15,0.7,0.85,0.25,2.0,False,False,True,8.0,0,0,0,0,0,0,,,,,,,,,,,,
15,0.7,0.85,0.25,2.0,False,True,False,3.0,0,0,0,0,0,0,,,,,,,,,,,,
15,0.7,0.85,0.25,2.0,False,True,False,5.0,0,0,0,0,0,0,,,,,,,,,,,,
15,0.7,0.85,0.25,2.0,False,True,False,8.0,0,0,0,0,0,0,,,,,,,,,,,,
15,0.7,0.85,0.25,2.0,False,True,True,3.0,0,0,0,0,0,0,,,,,,,,,,,,
15,0.7,0.85,0.25,2.0,False,True,True,5.0,0,0,0,0,0,0,,,,,,,,,,,,
15,0.7,0.85,0.25,2.0,False,True,True,8.0,0,0,0,0,0,0,,,,,,,,,,,,
15,0.7,0.85,0.25,2.0,True,False,False,3.0,0,0,0,0,0,0,,,,,,,,,,,,
15,0.7,0.85,0.25,2.0,True,False,False,5.0,0,0,0,0,0,0,,,,,,,,,,,,
15,0.7,0.85,0.25,2.0,True,False,False,8.0,0,0,0,0,0,0,,,,,,,,,,,,
15,0.7,0.85,0.25,2.0,True,False,True,3.0,0,0,0,0,0,0,,,,,,,,,,,,
15,0.7,0.85,0.25,2.0,True,False,True,5.0,0,0,0,0,0,0,,,,,,,,,,,,
15,0.7,0.85,0.25,2.0,True,False,True,8.0,0,0,0,0,0,0,,,,,,,,,,,,
15,0.7,0.85,0.25,2.0,True,True,False,3.0,0,0,0,0,0,0,,,,,,,,,,,,
15,0.7,0.85,0.25,2.0,True,True,False,5.0,0,0,0,0,0,0,,,,,,,,,,,,
15,0.7,0.85,0.25,2.0,True,True,False,8.0,0,0,0,0,0,0,,,,,,,,,,,,
15,0.7,0.85,0.25,2.0,True,True,True,3.0,0,0,0,0,0,0,,,,,,,,,,,,
15,0.7,0.85,0.25,2.0,True,True,True,5.0,0,0,0,0,0,0,,,,,,,,,,,,
15,0.7,0.85,0.25,2.0,True,True,True,8.0,0,0,0,0,0,0,,,,,,,,,,,,
15,0.7,0.85,0.5,0.5,False,False,False,3.0,2,1,2,1,2,1,0.5,1.0,0.0,0.0,3.0,26.0,0.30000000000000004,0.0,0.6000000000000001,0.0,0.19999999999999996,0.3999999999999999
15,0.7,0.85,0.5,0.5,False,False,False,5.0,1,0,1,0,1,0,0.0,,0.0,,,,0.0,0.0,,,0.0,
15,0.7,0.85,0.5,0.5,False,False,False,8.0,0,0,0,0,0,0,,,,,,,,,,,,
15,0.7,0.85,0.5,0.5,False,False,True,3.0,2,1,2,1,2,1,0.5,1.0,0.0,0.0,3.0,26.0,0.30000000000000004,0.0,0.6000000000000001,0.0,0.19999999999999996,0.3999999999999999
15,0.7,0.85,0.5,0.5,False,False,True,5.0,1,0,1,0,1,0,0.0,,0.0,,,,0.0,0.0,,,0.0,
15,0.7,0.85,0.5,0.5,False,False,True,8.0,0,0,0,0,0,0,,,,,,,,,,,,
15,0.7,0.85,0.5,0.5,False,True,False,3.0,2,1,2,1,2,1,0.5,1.0,0.0,0.0,3.0,26.0,0.30000000000000004,0.0,0.6000000000000001,0.0,0.19999999999999996,0.3999999999999999
15,0.7,0.85,0.5,0.5,False,True,False,5.0,1,0,1,0,1,0,0.0,,0.0,,,,0.0,0.0,,,0.0,
15,0.7,0.85,0.5,0.5,False,True,False,8.0,0,0,0,0,0,0,,,,,,,,,,,,
15,0.7,0.85,0.5,0.5,False,True,True,3.0,2,1,2,1,2,1,0.5,1.0,0.0,0.0,3.0,26.0,0.30000000000000004,0.0,0.6000000000000001,0.0,0.19999999999999996,0.3999999999999999
15,0.7,0.85,0.5,0.5,False,True,True,5.0,1,0,1,0,1,0,0.0,,0.0,,,,0.0,0.0,,,0.0,
15,0.7,0.85,0.5,0.5,False,True,True,8.0,0,0,0,0,0,0,,,,,,,,,,,,
15,0.7,0.85,0.5,0.5,True,False,False,3.0,2,1,2,1,2,1,0.5,1.0,0.0,0.0,3.0,26.0,0.30000000000000004,0.0,0.6000000000000001,0.0,0.19999999999999996,0.3999999999999999
15,0.7,0.85,0.5,0.5,True,False,False,5.0,1,0,1,0,1,0,0.0,,0.0,,,,0.0,0.0,,,0.0,
15,0.7,0.85,0.5,0.5,True,False,False,8.0,0,0,0,0,0,0,,,,,,,,,,,,
15,0.7,0.85,0.5,0.5,True,False,True,3.0,2,1,2,1,2,1,0.5,1.0,0.0,0.0,3.0,26.0,0.30000000000000004,0.0,0.6000000000000001,0.0,0.19999999999999996,0.3999999999999999
15,0.7,0.85,0.5,0.5,True,False,True,5.0,1,0,1,0,1,0,0.0,,0.0,,,,0.0,0.0,,,0.0,
15,0.7,0.85,0.5,0.5,True,False,True,8.0,0,0,0,0,0,0,,,,,,,,,,,,
15,0.7,0.85,0.5,0.5,True,True,False,3.0,2,1,2,1,2,1,0.5,1.0,0.0,0.0,3.0,26.0,0.30000000000000004,0.0,0.6000000000000001,0.0,0.19999999999999996,0.3999999999999999
15,0.7,0.85,0.5,0.5,True,True,False,5.0,1,0,1,0,1,0,0.0,,0.0,,,,0.0,0.0,,,0.0,
15,0.7,0.85,0.5,0.5,True,True,False,8.0,0,0,0,0,0,0,,,,,,,,,,,,
15,0.7,0.85,0.5,0.5,True,True,True,3.0,2,1,2,1,2,1,0.5,1.0,0.0,0.0,3.0,26.0,0.30000000000000004,0.0,0.6000000000000001,0.0,0.19999999999999996,0.3999999999999999
15,0.7,0.85,0.5,0.5,True,True,True,5.0,1,0,1,0,1,0,0.0,,0.0,,,,0.0,0.0,,,0.0,
15,0.7,0.85,0.5,0.5,True,True,True,8.0,0,0,0,0,0,0,,,,,,,,,,,,
15,0.7,0.85,0.5,1.0,False,False,False,3.0,1,1,1,1,1,1,1.0,1.0,0.0,0.0,3.0,26.0,0.6000000000000001,0.0,0.6000000000000001,0.0,0.3999999999999999,0.3999999999999999
15,0.7,0.85,0.5,1.0,False,False,False,5.0,0,0,0,0,0,0,,,,,,,,,,,,
15,0.7,0.85,0.5,1.0,False,False,False,8.0,0,0,0,0,0,0,,,,,,,,,,,,
15,0.7,0.85,0.5,1.0,False,False,True,3.0,1,1,1,1,1,1,1.0,1.0,0.0,0.0,3.0,26.0,0.6000000000000001,0.0,0.6000000000000001,0.0,0.3999999999999999,0.3999999999999999
15,0.7,0.85,0.5,1.0,False,False,True,5.0,0,0,0,0,0,0,,,,,,,,,,,,
15,0.7,0.85,0.5,1.0,False,False,True,8.0,0,0,0,0,0,0,,,,,,,,,,,,
15,0.7,0.85,0.5,1.0,False,True,False,3.0,1,1,1,1,1,1,1.0,1.0,0.0,0.0,3.0,26.0,0.6000000000000001,0.0,0.6000000000000001,0.0,0.3999999999999999,0.3999999999999999
15,0.7,0.85,0.5,1.0,False,True,False,5.0,0,0,0,0,0,0,,,,,,,,,,,,
15,0.7,0.85,0.5,1.0,False,True,False,8.0,0,0,0,0,0,0,,,,,,,,,,,,
15,0.7,0.85,0.5,1.0,False,True,True,3.0,1,1,1,1,1,1,1.0,1.0,0.0,0.0,3.0,26.0,0.6000000000000001,0.0,0.6000000000000001,0.0,0.3999999999999999,0.3999999999999999
15,0.7,0.85,0.5,1.0,False,True,True,5.0,0,0,0,0,0,0,,,,,,,,,,,,
15,0.7,0.85,0.5,1.0,False,True,True,8.0,0,0,0,0,0,0,,,,,,,,,,,,
15,0.7,0.85,0.5,1.0,True,False,False,3.0,1,1,1,1,1,1,1.0,1.0,0.0,0.0,3.0,26.0,0.6000000000000001,0.0,0.6000000000000001,0.0,0.3999999999999999,0.3999999999999999
15,0.7,0.85,0.5,1.0,True,False,False,5.0,0,0,0,0,0,0,,,,,,,,,,,,
15,0.7,0.85,0.5,1.0,True,False,False,8.0,0,0,0,0,0,0,,,,,,,,,,,,
15,0.7,0.85,0.5,1.0,True,False,True,3.0,1,1,1,1,1,1,1.0,1.0,0.0,0.0,3.0,26.0,0.6000000000000001,0.0,0.6000000000000001,0.0,0.3999999999999999,0.3999999999999999
15,0.7,0.85,0.5,1.0,True,False,True,5.0,0,0,0,0,0,0,,,,,,,,,,,,
15,0.7,0.85,0.5,1.0,True,False,True,8.0,0,0,0,0,0,0,,,,,,,,,,,,
15,0.7,0.85,0.5,1.0,True,True,False,3.0,1,1,1,1,1,1,1.0,1.0,0.0,0.0,3.0,26.0,0.6000000000000001,0.0,0.6000000000000001,0.0,0.3999999999999999,0.3999999999999999
15,0.7,0.85,0.5,1.0,True,True,False,5.0,0,0,0,0,0,0,,,,,,,,,,,,
15,0.7,0.85,0.5,1.0,True,True,False,8.0,0,0,0,0,0,0,,,,,,,,,,,,
15,0.7,0.85,0.5,1.0,True,True,True,3.0,1,1,1,1,1,1,1.0,1.0,0.0,0.0,3.0,26.0,0.6000000000000001,0.0,0.6000000000000001,0.0,0.3999999999999999,0.3999999999999999
15,0.7,0.85,0.5,1.0,True,True,True,5.0,0,0,0,0,0,0,,,,,,,,,,,,
15,0.7,0.85,0.5,1.0,True,True,True,8.0,0,0,0,0,0,0,,,,,,,,,,,,
15,0.7,0.85,0.5,2.0,False,False,False,3.0,0,0,0,0,0,0,,,,,,,,,,,,
15,0.7,0.85,0.5,2.0,False,False,False,5.0,0,0,0,0,0,0,,,,,,,,,,,,
15,0.7,0.85,0.5,2.0,False,False,False,8.0,0,0,0,0,0,0,,,,,,,,,,,,
15,0.7,0.85,0.5,2.0,False,False,True,3.0,0,0,0,0,0,0,,,,,,,,,,,,
15,0.7,0.85,0.5,2.0,False,False,True,5.0,0,0,0,0,0,0,,,,,,,,,,,,
15,0.7,0.85,0.5,2.0,False,False,True,8.0,0,0,0,0,0,0,,,,,,,,,,,,
15,0.7,0.85,0.5,2.0,False,True,False,3.0,0,0,0,0,0,0,,,,,,,,,,,,
15,0.7,0.85,0.5,2.0,False,True,False,5.0,0,0,0,0,0,0,,,,,,,,,,,,
15,0.7,0.85,0.5,2.0,False,True,False,8.0,0,0,0,0,0,0,,,,,,,,,,,,
15,0.7,0.85,0.5,2.0,False,True,True,3.0,0,0,0,0,0,0,,,,,,,,,,,,
15,0.7,0.85,0.5,2.0,False,True,True,5.0,0,0,0,0,0,0,,,,,,,,,,,,
15,0.7,0.85,0.5,2.0,False,True,True,8.0,0,0,0,0,0,0,,,,,,,,,,,,
15,0.7,0.85,0.5,2.0,True,False,False,3.0,0,0,0,0,0,0,,,,,,,,,,,,
15,0.7,0.85,0.5,2.0,True,False,False,5.0,0,0,0,0,0,0,,,,,,,,,,,,
15,0.7,0.85,0.5,2.0,True,False,False,8.0,0,0,0,0,0,0,,,,,,,,,,,,
15,0.7,0.85,0.5,2.0,True,False,True,3.0,0,0,0,0,0,0,,,,,,,,,,,,
15,0.7,0.85,0.5,2.0,True,False,True,5.0,0,0,0,0,0,0,,,,,,,,,,,,
15,0.7,0.85,0.5,2.0,True,False,True,8.0,0,0,0,0,0,0,,,,,,,,,,,,
15,0.7,0.85,0.5,2.0,True,True,False,3.0,0,0,0,0,0,0,,,,,,,,,,,,
15,0.7,0.85,0.5,2.0,True,True,False,5.0,0,0,0,0,0,0,,,,,,,,,,,,
15,0.7,0.85,0.5,2.0,True,True,False,8.0,0,0,0,0,0,0,,,,,,,,,,,,
15,0.7,0.85,0.5,2.0,True,True,True,3.0,0,0,0,0,0,0,,,,,,,,,,,,
15,0.7,0.85,0.5,2.0,True,True,True,5.0,0,0,0,0,0,0,,,,,,,,,,,,
15,0.7,0.85,0.5,2.0,True,True,True,8.0,0,0,0,0,0,0,,,,,,,,,,,,
15,0.8,0.7,0.25,0.5,False,False,False,3.0,3,0,3,0,3,0,0.3333333333333333,,0.0,,3.0,,0.4,0.0,,,-0.06666666666666671,
15,0.8,0.7,0.25,0.5,False,False,False,5.0,2,0,2,0,2,0,0.0,,0.0,,,,0.30000000000000004,0.0,,,-0.30000000000000004,
15,0.8,0.7,0.25,0.5,False,False,False,8.0,0,0,0,0,0,0,,,,,,,,,,,,
15,0.8,0.7,0.25,0.5,False,False,True,3.0,3,0,3,0,3,0,0.3333333333333333,,0.0,,3.0,,0.4,0.0,,,-0.06666666666666671,
15,0.8,0.7,0.25,0.5,False,False,True,5.0,2,0,2,0,2,0,0.0,,0.0,,,,0.30000000000000004,0.0,,,-0.30000000000000004,
15,0.8,0.7,0.25,0.5,False,False,True,8.0,0,0,0,0,0,0,,,,,,,,,,,,
15,0.8,0.7,0.25,0.5,False,True,False,3.0,3,0,3,0,3,0,0.3333333333333333,,0.0,,3.0,,0.4,0.0,,,-0.06666666666666671,
15,0.8,0.7,0.25,0.5,False,True,False,5.0,2,0,2,0,2,0,0.0,,0.0,,,,0.30000000000000004,0.0,,,-0.30000000000000004,
15,0.8,0.7,0.25,0.5,False,True,False,8.0,0,0,0,0,0,0,,,,,,,,,,,,
15,0.8,0.7,0.25,0.5,False,True,True,3.0,3,0,3,0,3,0,0.3333333333333333,,0.0,,3.0,,0.4,0.0,,,-0.06666666666666671,
15,0.8,0.7,0.25,0.5,False,True,True,5.0,2,0,2,0,2,0,0.0,,0.0,,,,0.30000000000000004,0.0,,,-0.30000000000000004,
15,0.8,0.7,0.25,0.5,False,True,True,8.0,0,0,0,0,0,0,,,,,,,,,,,,
15,0.8,0.7,0.25,0.5,True,False,False,3.0,2,0,2,0,2,0,0.5,,0.0,,3.0,,0.5,0.0,,,0.0,
15,0.8,0.7,0.25,0.5,True,False,False,5.0,1,0,1,0,1,0,0.0,,0.0,,,,0.4,0.0,,,-0.4,
15,0.8,0.7,0.25,0.5,True,False,False,8.0,0,0,0,0,0,0,,,,,,,,,,,,
15,0.8,0.7,0.25,0.5,True,False,True,3.0,2,0,2,0,2,0,0.5,,0.0,,3.0,,0.5,0.0,,,0.0,
15,0.8,0.7,0.25,0.5,True,False,True,5.0,1,0,1,0,1,0,0.0,,0.0,,,,0.4,0.0,,,-0.4,
15,0.8,0.7,0.25,0.5,True,False,True,8.0,0,0,0,0,0,0,,,,,,,,,,,,
15,0.8,0.7,0.25,0.5,True,True,False,3.0,2,0,2,0,2,0,0.5,,0.0,,3.0,,0.5,0.0,,,0.0,
15,0.8,0.7,0.25,0.5,True,True,False,5.0,1,0,1,0,1,0,0.0,,0.0,,,,0.4,0.0,,,-0.4,
15,0.8,0.7,0.25,0.5,True,True,False,8.0,0,0,0,0,0,0,,,,,,,,,,,,
15,0.8,0.7,0.25,0.5,True,True,True,3.0,2,0,2,0,2,0,0.5,,0.0,,3.0,,0.5,0.0,,,0.0,
15,0.8,0.7,0.25,0.5,True,True,True,5.0,1,0,1,0,1,0,0.0,,0.0,,,,0.4,0.0,,,-0.4,
15,0.8,0.7,0.25,0.5,True,True,True,8.0,0,0,0,0,0,0,,,,,,,,,,,,
15,0.8,0.7,0.25,1.0,False,False,False,3.0,2,0,2,0,2,0,0.5,,0.0,,3.0,,0.4,0.0,,,0.09999999999999998,
15,0.8,0.7,0.25,1.0,False,False,False,5.0,1,0,1,0,1,0,0.0,,0.0,,,,0.2,0.0,,,-0.2,
15,0.8,0.7,0.25,1.0,False,False,False,8.0,0,0,0,0,0,0,,,,,,,,,,,,
15,0.8,0.7,0.25,1.0,False,False,True,3.0,2,0,2,0,2,0,0.5,,0.0,,3.0,,0.4,0.0,,,0.09999999999999998,
15,0.8,0.7,0.25,1.0,False,False,True,5.0,1,0,1,0,1,0,0.0,,0.0,,,,0.2,0.0,,,-0.2,
15,0.8,0.7,0.25,1.0,False,False,True,8.0,0,0,0,0,0,0,,,,,,,,,,,,
15,0.8,0.7,0.25,1.0,False,True,False,3.0,2,0,2,0,2,0,0.5,,0.0,,3.0,,0.4,0.0,,,0.09999999999999998,
15,0.8,0.7,0.25,1.0,False,True,False,5.0,1,0,1,0,1,0,0.0,,0.0,,,,0.2,0.0,,,-0.2,
15,0.8,0.7,0.25,1.0,False,True,False,8.0,0,0,0,0,0,0,,,,,,,,,,,,
15,0.8,0.7,0.25,1.0,False,True,True,3.0,2,0,2,0,2,0,0.5,,0.0,,3.0,,0.4,0.0,,,0.09999999999999998,
15,0.8,0.7,0.25,1.0,False,True,True,5.0,1,0,1,0,1,0,0.0,,0.0,,,,0.2,0.0,,,-0.2,
15,0.8,0.7,0.25,1.0,False,True,True,8.0,0,0,0,0,0,0,,,,,,,,,,,,
15,0.8,0.7,0.25,1.0,True,False,False,3.0,1,0,1,0,1,0,1.0,,0.0,,3.0,,0.6000000000000001,0.0,,,0.3999999999999999,
15,0.8,0.7,0.25,1.0,True,False,False,5.0,0,0,0,0,0,0,,,,,,,,,,,,
15,0.8,0.7,0.25,1.0,True,False,False,8.0,0,0,0,0,0,0,,,,,,,,,,,,
15,0.8,0.7,0.25,1.0,True,False,True,3.0,1,0,1,0,1,0,1.0,,0.0,,3.0,,0.6000000000000001,0.0,,,0.3999999999999999,
15,0.8,0.7,0.25,1.0,True,False,True,5.0,0,0,0,0,0,0,,,,,,,,,,,,
15,0.8,0.7,0.25,1.0,True,False,True,8.0,0,0,0,0,0,0,,,,,,,,,,,,
15,0.8,0.7,0.25,1.0,True,True,False,3.0,1,0,1,0,1,0,1.0,,0.0,,3.0,,0.6000000000000001,0.0,,,0.3999999999999999,
15,0.8,0.7,0.25,1.0,True,True,False,5.0,0,0,0,0,0,0,,,,,,,,,,,,
15,0.8,0.7,0.25,1.0,True,True,False,8.0,0,0,0,0,0,0,,,,,,,,,,,,
15,0.8,0.7,0.25,1.0,True,True,True,3.0,1,0,1,0,1,0,1.0,,0.0,,3.0,,0.6000000000000001,0.0,,,0.3999999999999999,
15,0.8,0.7,0.25,1.0,True,True,True,5.0,0,0,0,0,0,0,,,,,,,,,,,,
15,0.8,0.7,0.25,1.0,True,True,True,8.0,0,0,0,0,0,0,,,,,,,,,,,,
15,0.8,0.7,0.25,2.0,False,False,False,3.0,1,0,1,0,1,0,0.0,,0.0,,,,0.2,0.0,,,-0.2,
15,0.8,0.7,0.25,2.0,False,False,False,5.0,1,0,1,0,1,0,0.0,,0.0,,,,0.2,0.0,,,-0.2,
15,0.8,0.7,0.25,2.0,False,False,False,8.0,0,0,0,0,0,0,,,,,,,,,,,,
15,0.8,0.7,0.25,2.0,False,False,True,3.0,1,0,1,0,1,0,0.0,,0.0,,,,0.2,0.0,,,-0.2,
15,0.8,0.7,0.25,2.0,False,False,True,5.0,1,0,1,0,1,0,0.0,,0.0,,,,0.2,0.0,,,-0.2,
15,0.8,0.7,0.25,2.0,False,False,True,8.0,0,0,0,0,0,0,,,,,,,,,,,,
15,0.8,0.7,0.25,2.0,False,True,False,3.0,1,0,1,0,1,0,0.0,,0.0,,,,0.2,0.0,,,-0.2,
15,0.8,0.7,0.25,2.0,False,True,False,5.0,1,0,1,0,1,0,0.0,,0.0,,,,0.2,0.0,,,-0.2,
15,0.8,0.7,0.25,2.0,False,True,False,8.0,0,0,0,0,0,0,,,,,,,,,,,,
15,0.8,0.7,0.25,2.0,False,True,True,3.0,1,0,1,0,1,0,0.0,,0.0,,,,0.2,0.0,,,-0.2,
15,0.8,0.7,0.25,2.0,False,True,True,5.0,1,0,1,0,1,0,0.0,,0.0,,,,0.2,0.0,,,-0.2,
15,0.8,0.7,0.25,2.0,False,True,True,8.0,0,0,0,0,0,0,,,,,,,,,,,,
15,0.8,0.7,0.25,2.0,True,False,False,3.0,0,0,0,0,0,0,,,,,,,,,,,,
15,0.8,0.7,0.25,2.0,True,False,False,5.0,0,0,0,0,0,0,,,,,,,,,,,,
15,0.8,0.7,0.25,2.0,True,False,False,8.0,0,0,0,0,0,0,,,,,,,,,,,,
15,0.8,0.7,0.25,2.0,True,False,True,3.0,0,0,0,0,0,0,,,,,,,,,,,,
15,0.8,0.7,0.25,2.0,True,False,True,5.0,0,0,0,0,0,0,,,,,,,,,,,,
15,0.8,0.7,0.25,2.0,True,False,True,8.0,0,0,0,0,0,0,,,,,,,,,,,,
15,0.8,0.7,0.25,2.0,True,True,False,3.0,0,0,0,0,0,0,,,,,,,,,,,,
15,0.8,0.7,0.25,2.0,True,True,False,5.0,0,0,0,0,0,0,,,,,,,,,,,,
15,0.8,0.7,0.25,2.0,True,True,False,8.0,0,0,0,0,0,0,,,,,,,,,,,,
15,0.8,0.7,0.25,2.0,True,True,True,3.0,0,0,0,0,0,0,,,,,,,,,,,,
15,0.8,0.7,0.25,2.0,True,True,True,5.0,0,0,0,0,0,0,,,,,,,,,,,,
15,0.8,0.7,0.25,2.0,True,True,True,8.0,0,0,0,0,0,0,,,,,,,,,,,,
15,0.8,0.7,0.5,0.5,False,False,False,3.0,3,0,3,0,3,0,0.3333333333333333,,0.0,,3.0,,0.4,0.0,,,-0.06666666666666671,
15,0.8,0.7,0.5,0.5,False,False,False,5.0,2,0,2,0,2,0,0.0,,0.0,,,,0.30000000000000004,0.0,,,-0.30000000000000004,
15,0.8,0.7,0.5,0.5,False,False,False,8.0,0,0,0,0,0,0,,,,,,,,,,,,
15,0.8,0.7,0.5,0.5,False,False,True,3.0,3,0,3,0,3,0,0.3333333333333333,,0.0,,3.0,,0.4,0.0,,,-0.06666666666666671,
15,0.8,0.7,0.5,0.5,False,False,True,5.0,2,0,2,0,2,0,0.0,,0.0,,,,0.30000000000000004,0.0,,,-0.30000000000000004,
15,0.8,0.7,0.5,0.5,False,False,True,8.0,0,0,0,0,0,0,,,,,,,,,,,,
15,0.8,0.7,0.5,0.5,False,True,False,3.0,3,0,3,0,3,0,0.3333333333333333,,0.0,,3.0,,0.4,0.0,,,-0.06666666666666671,
15,0.8,0.7,0.5,0.5,False,True,False,5.0,2,0,2,0,2,0,0.0,,0.0,,,,0.30000000000000004,0.0,,,-0.30000000000000004,
15,0.8,0.7,0.5,0.5,False,True,False,8.0,0,0,0,0,0,0,,,,,,,,,,,,
15,0.8,0.7,0.5,0.5,False,True,True,3.0,3,0,3,0,3,0,0.3333333333333333,,0.0,,3.0,,0.4,0.0,,,-0.06666666666666671,
15,0.8,0.7,0.5,0.5,False,True,True,5.0,2,0,2,0,2,0,0.0,,0.0,,,,0.30000000000000004,0.0,,,-0.30000000000000004,
15,0.8,0.7,0.5,0.5,False,True,True,8.0,0,0,0,0,0,0,,,,,,,,,,,,
15,0.8,0.7,0.5,0.5,True,False,False,3.0,2,0,2,0,2,0,0.5,,0.0,,3.0,,0.5,0.0,,,0.0,
15,0.8,0.7,0.5,0.5,True,False,False,5.0,1,0,1,0,1,0,0.0,,0.0,,,,0.4,0.0,,,-0.4,
15,0.8,0.7,0.5,0.5,True,False,False,8.0,0,0,0,0,0,0,,,,,,,,,,,,
15,0.8,0.7,0.5,0.5,True,False,True,3.0,2,0,2,0,2,0,0.5,,0.0,,3.0,,0.5,0.0,,,0.0,
15,0.8,0.7,0.5,0.5,True,False,True,5.0,1,0,1,0,1,0,0.0,,0.0,,,,0.4,0.0,,,-0.4,
15,0.8,0.7,0.5,0.5,True,False,True,8.0,0,0,0,0,0,0,,,,,,,,,,,,
15,0.8,0.7,0.5,0.5,True,True,False,3.0,2,0,2,0,2,0,0.5,,0.0,,3.0,,0.5,0.0,,,0.0,
15,0.8,0.7,0.5,0.5,True,True,False,5.0,1,0,1,0,1,0,0.0,,0.0,,,,0.4,0.0,,,-0.4,
15,0.8,0.7,0.5,0.5,True,True,False,8.0,0,0,0,0,0,0,,,,,,,,,,,,
15,0.8,0.7,0.5,0.5,True,True,True,3.0,2,0,2,0,2,0,0.5,,0.0,,3.0,,0.5,0.0,,,0.0,
15,0.8,0.7,0.5,0.5,True,True,True,5.0,1,0,1,0,1,0,0.0,,0.0,,,,0.4,0.0,,,-0.4,
15,0.8,0.7,0.5,0.5,True,True,True,8.0,0,0,0,0,0,0,,,,,,,,,,,,
15,0.8,0.7,0.5,1.0,False,False,False,3.0,2,0,2,0,2,0,0.5,,0.0,,3.0,,0.4,0.0,,,0.09999999999999998,
15,0.8,0.7,0.5,1.0,False,False,False,5.0,1,0,1,0,1,0,0.0,,0.0,,,,0.2,0.0,,,-0.2,
15,0.8,0.7,0.5,1.0,False,False,False,8.0,0,0,0,0,0,0,,,,,,,,,,,,
15,0.8,0.7,0.5,1.0,False,False,True,3.0,2,0,2,0,2,0,0.5,,0.0,,3.0,,0.4,0.0,,,0.09999999999999998,
15,0.8,0.7,0.5,1.0,False,False,True,5.0,1,0,1,0,1,0,0.0,,0.0,,,,0.2,0.0,,,-0.2,
15,0.8,0.7,0.5,1.0,False,False,True,8.0,0,0,0,0,0,0,,,,,,,,,,,,
15,0.8,0.7,0.5,1.0,False,True,False,3.0,2,0,2,0,2,0,0.5,,0.0,,3.0,,0.4,0.0,,,0.09999999999999998,
15,0.8,0.7,0.5,1.0,False,True,False,5.0,1,0,1,0,1,0,0.0,,0.0,,,,0.2,0.0,,,-0.2,
15,0.8,0.7,0.5,1.0,False,True,False,8.0,0,0,0,0,0,0,,,,,,,,,,,,
15,0.8,0.7,0.5,1.0,False,True,True,3.0,2,0,2,0,2,0,0.5,,0.0,,3.0,,0.4,0.0,,,0.09999999999999998,
15,0.8,0.7,0.5,1.0,False,True,True,5.0,1,0,1,0,1,0,0.0,,0.0,,,,0.2,0.0,,,-0.2,
15,0.8,0.7,0.5,1.0,False,True,True,8.0,0,0,0,0,0,0,,,,,,,,,,,,
15,0.8,0.7,0.5,1.0,True,False,False,3.0,1,0,1,0,1,0,1.0,,0.0,,3.0,,0.6000000000000001,0.0,,,0.3999999999999999,
15,0.8,0.7,0.5,1.0,True,False,False,5.0,0,0,0,0,0,0,,,,,,,,,,,,
15,0.8,0.7,0.5,1.0,True,False,False,8.0,0,0,0,0,0,0,,,,,,,,,,,,
15,0.8,0.7,0.5,1.0,True,False,True,3.0,1,0,1,0,1,0,1.0,,0.0,,3.0,,0.6000000000000001,0.0,,,0.3999999999999999,
15,0.8,0.7,0.5,1.0,True,False,True,5.0,0,0,0,0,0,0,,,,,,,,,,,,
15,0.8,0.7,0.5,1.0,True,False,True,8.0,0,0,0,0,0,0,,,,,,,,,,,,
15,0.8,0.7,0.5,1.0,True,True,False,3.0,1,0,1,0,1,0,1.0,,0.0,,3.0,,0.6000000000000001,0.0,,,0.3999999999999999,
15,0.8,0.7,0.5,1.0,True,True,False,5.0,0,0,0,0,0,0,,,,,,,,,,,,
15,0.8,0.7,0.5,1.0,True,True,False,8.0,0,0,0,0,0,0,,,,,,,,,,,,
15,0.8,0.7,0.5,1.0,True,True,True,3.0,1,0,1,0,1,0,1.0,,0.0,,3.0,,0.6000000000000001,0.0,,,0.3999999999999999,
15,0.8,0.7,0.5,1.0,True,True,True,5.0,0,0,0,0,0,0,,,,,,,,,,,,
15,0.8,0.7,0.5,1.0,True,True,True,8.0,0,0,0,0,0,0,,,,,,,,,,,,
15,0.8,0.7,0.5,2.0,False,False,False,3.0,1,0,1,0,1,0,0.0,,0.0,,,,0.2,0.0,,,-0.2,
15,0.8,0.7,0.5,2.0,False,False,False,5.0,1,0,1,0,1,0,0.0,,0.0,,,,0.2,0.0,,,-0.2,
15,0.8,0.7,0.5,2.0,False,False,False,8.0,0,0,0,0,0,0,,,,,,,,,,,,
15,0.8,0.7,0.5,2.0,False,False,True,3.0,1,0,1,0,1,0,0.0,,0.0,,,,0.2,0.0,,,-0.2,
15,0.8,0.7,0.5,2.0,False,False,True,5.0,1,0,1,0,1,0,0.0,,0.0,,,,0.2,0.0,,,-0.2,
15,0.8,0.7,0.5,2.0,False,False,True,8.0,0,0,0,0,0,0,,,,,,,,,,,,
15,0.8,0.7,0.5,2.0,False,True,False,3.0,1,0,1,0,1,0,0.0,,0.0,,,,0.2,0.0,,,-0.2,
15,0.8,0.7,0.5,2.0,False,True,False,5.0,1,0,1,0,1,0,0.0,,0.0,,,,0.2,0.0,,,-0.2,
15,0.8,0.7,0.5,2.0,False,True,False,8.0,0,0,0,0,0,0,,,,,,,,,,,,
15,0.8,0.7,0.5,2.0,False,True,True,3.0,1,0,1,0,1,0,0.0,,0.0,,,,0.2,0.0,,,-0.2,
15,0.8,0.7,0.5,2.0,False,True,True,5.0,1,0,1,0,1,0,0.0,,0.0,,,,0.2,0.0,,,-0.2,
15,0.8,0.7,0.5,2.0,False,True,True,8.0,0,0,0,0,0,0,,,,,,,,,,,,
15,0.8,0.7,0.5,2.0,True,False,False,3.0,0,0,0,0,0,0,,,,,,,,,,,,
15,0.8,0.7,0.5,2.0,True,False,False,5.0,0,0,0,0,0,0,,,,,,,,,,,,
15,0.8,0.7,0.5,2.0,True,False,False,8.0,0,0,0,0,0,0,,,,,,,,,,,,
15,0.8,0.7,0.5,2.0,True,False,True,3.0,0,0,0,0,0,0,,,,,,,,,,,,
15,0.8,0.7,0.5,2.0,True,False,True,5.0,0,0,0,0,0,0,,,,,,,,,,,,
15,0.8,0.7,0.5,2.0,True,False,True,8.0,0,0,0,0,0,0,,,,,,,,,,,,
15,0.8,0.7,0.5,2.0,True,True,False,3.0,0,0,0,0,0,0,,,,,,,,,,,,
15,0.8,0.7,0.5,2.0,True,True,False,5.0,0,0,0,0,0,0,,,,,,,,,,,,
15,0.8,0.7,0.5,2.0,True,True,False,8.0,0,0,0,0,0,0,,,,,,,,,,,,
15,0.8,0.7,0.5,2.0,True,True,True,3.0,0,0,0,0,0,0,,,,,,,,,,,,
15,0.8,0.7,0.5,2.0,True,True,True,5.0,0,0,0,0,0,0,,,,,,,,,,,,
15,0.8,0.7,0.5,2.0,True,True,True,8.0,0,0,0,0,0,0,,,,,,,,,,,,
15,0.8,0.85,0.25,0.5,False,False,False,3.0,1,0,1,0,1,0,1.0,,0.0,,3.0,,0.6000000000000001,0.0,,,0.3999999999999999,
15,0.8,0.85,0.25,0.5,False,False,False,5.0,0,0,0,0,0,0,,,,,,,,,,,,
15,0.8,0.85,0.25,0.5,False,False,False,8.0,0,0,0,0,0,0,,,,,,,,,,,,
15,0.8,0.85,0.25,0.5,False,False,True,3.0,1,0,1,0,1,0,1.0,,0.0,,3.0,,0.6000000000000001,0.0,,,0.3999999999999999,
15,0.8,0.85,0.25,0.5,False,False,True,5.0,0,0,0,0,0,0,,,,,,,,,,,,
15,0.8,0.85,0.25,0.5,False,False,True,8.0,0,0,0,0,0,0,,,,,,,,,,,,
15,0.8,0.85,0.25,0.5,False,True,False,3.0,1,0,1,0,1,0,1.0,,0.0,,3.0,,0.6000000000000001,0.0,,,0.3999999999999999,
15,0.8,0.85,0.25,0.5,False,True,False,5.0,0,0,0,0,0,0,,,,,,,,,,,,
15,0.8,0.85,0.25,0.5,False,True,False,8.0,0,0,0,0,0,0,,,,,,,,,,,,
15,0.8,0.85,0.25,0.5,False,True,True,3.0,1,0,1,0,1,0,1.0,,0.0,,3.0,,0.6000000000000001,0.0,,,0.3999999999999999,
15,0.8,0.85,0.25,0.5,False,True,True,5.0,0,0,0,0,0,0,,,,,,,,,,,,
15,0.8,0.85,0.25,0.5,False,True,True,8.0,0,0,0,0,0,0,,,,,,,,,,,,
15,0.8,0.85,0.25,0.5,True,False,False,3.0,1,0,1,0,1,0,1.0,,0.0,,3.0,,0.6000000000000001,0.0,,,0.3999999999999999,
15,0.8,0.85,0.25,0.5,True,False,False,5.0,0,0,0,0,0,0,,,,,,,,,,,,
15,0.8,0.85,0.25,0.5,True,False,False,8.0,0,0,0,0,0,0,,,,,,,,,,,,
15,0.8,0.85,0.25,0.5,True,False,True,3.0,1,0,1,0,1,0,1.0,,0.0,,3.0,,0.6000000000000001,0.0,,,0.3999999999999999,
15,0.8,0.85,0.25,0.5,True,False,True,5.0,0,0,0,0,0,0,,,,,,,,,,,,
15,0.8,0.85,0.25,0.5,True,False,True,8.0,0,0,0,0,0,0,,,,,,,,,,,,
15,0.8,0.85,0.25,0.5,True,True,False,3.0,1,0,1,0,1,0,1.0,,0.0,,3.0,,0.6000000000000001,0.0,,,0.3999999999999999,
15,0.8,0.85,0.25,0.5,True,True,False,5.0,0,0,0,0,0,0,,,,,,,,,,,,
15,0.8,0.85,0.25,0.5,True,True,False,8.0,0,0,0,0,0,0,,,,,,,,,,,,
15,0.8,0.85,0.25,0.5,True,True,True,3.0,1,0,1,0,1,0,1.0,,0.0,,3.0,,0.6000000000000001,0.0,,,0.3999999999999999,
15,0.8,0.85,0.25,0.5,True,True,True,5.0,0,0,0,0,0,0,,,,,,,,,,,,
15,0.8,0.85,0.25,0.5,True,True,True,8.0,0,0,0,0,0,0,,,,,,,,,,,,
15,0.8,0.85,0.25,1.0,False,False,False,3.0,1,0,1,0,1,0,1.0,,0.0,,3.0,,0.6000000000000001,0.0,,,0.3999999999999999,
15,0.8,0.85,0.25,1.0,False,False,False,5.0,0,0,0,0,0,0,,,,,,,,,,,,
15,0.8,0.85,0.25,1.0,False,False,False,8.0,0,0,0,0,0,0,,,,,,,,,,,,
15,0.8,0.85,0.25,1.0,False,False,True,3.0,1,0,1,0,1,0,1.0,,0.0,,3.0,,0.6000000000000001,0.0,,,0.3999999999999999,
15,0.8,0.85,0.25,1.0,False,False,True,5.0,0,0,0,0,0,0,,,,,,,,,,,,
15,0.8,0.85,0.25,1.0,False,False,True,8.0,0,0,0,0,0,0,,,,,,,,,,,,
15,0.8,0.85,0.25,1.0,False,True,False,3.0,1,0,1,0,1,0,1.0,,0.0,,3.0,,0.6000000000000001,0.0,,,0.3999999999999999,
15,0.8,0.85,0.25,1.0,False,True,False,5.0,0,0,0,0,0,0,,,,,,,,,,,,
15,0.8,0.85,0.25,1.0,False,True,False,8.0,0,0,0,0,0,0,,,,,,,,,,,,
15,0.8,0.85,0.25,1.0,False,True,True,3.0,1,0,1,0,1,0,1.0,,0.0,,3.0,,0.6000000000000001,0.0,,,0.3999999999999999,
15,0.8,0.85,0.25,1.0,False,True,True,5.0,0,0,0,0,0,0,,,,,,,,,,,,
15,0.8,0.85,0.25,1.0,False,True,True,8.0,0,0,0,0,0,0,,,,,,,,,,,,
15,0.8,0.85,0.25,1.0,True,False,False,3.0,1,0,1,0,1,0,1.0,,0.0,,3.0,,0.6000000000000001,0.0,,,0.3999999999999999,
15,0.8,0.85,0.25,1.0,True,False,False,5.0,0,0,0,0,0,0,,,,,,,,,,,,
15,0.8,0.85,0.25,1.0,True,False,False,8.0,0,0,0,0,0,0,,,,,,,,,,,,
15,0.8,0.85,0.25,1.0,True,False,True,3.0,1,0,1,0,1,0,1.0,,0.0,,3.0,,0.6000000000000001,0.0,,,0.3999999999999999,
15,0.8,0.85,0.25,1.0,True,False,True,5.0,0,0,0,0,0,0,,,,,,,,,,,,
15,0.8,0.85,0.25,1.0,True,False,True,8.0,0,0,0,0,0,0,,,,,,,,,,,,
15,0.8,0.85,0.25,1.0,True,True,False,3.0,1,0,1,0,1,0,1.0,,0.0,,3.0,,0.6000000000000001,0.0,,,0.3999999999999999,
15,0.8,0.85,0.25,1.0,True,True,False,5.0,0,0,0,0,0,0,,,,,,,,,,,,
15,0.8,0.85,0.25,1.0,True,True,False,8.0,0,0,0,0,0,0,,,,,,,,,,,,
15,0.8,0.85,0.25,1.0,True,True,True,3.0,1,0,1,0,1,0,1.0,,0.0,,3.0,,0.6000000000000001,0.0,,,0.3999999999999999,
15,0.8,0.85,0.25,1.0,True,True,True,5.0,0,0,0,0,0,0,,,,,,,,,,,,
15,0.8,0.85,0.25,1.0,True,True,True,8.0,0,0,0,0,0,0,,,,,,,,,,,,
15,0.8,0.85,0.25,2.0,False,False,False,3.0,0,0,0,0,0,0,,,,,,,,,,,,
15,0.8,0.85,0.25,2.0,False,False,False,5.0,0,0,0,0,0,0,,,,,,,,,,,,
15,0.8,0.85,0.25,2.0,False,False,False,8.0,0,0,0,0,0,0,,,,,,,,,,,,
15,0.8,0.85,0.25,2.0,False,False,True,3.0,0,0,0,0,0,0,,,,,,,,,,,,
15,0.8,0.85,0.25,2.0,False,False,True,5.0,0,0,0,0,0,0,,,,,,,,,,,,
15,0.8,0.85,0.25,2.0,False,False,True,8.0,0,0,0,0,0,0,,,,,,,,,,,,
15,0.8,0.85,0.25,2.0,False,True,False,3.0,0,0,0,0,0,0,,,,,,,,,,,,
15,0.8,0.85,0.25,2.0,False,True,False,5.0,0,0,0,0,0,0,,,,,,,,,,,,
15,0.8,0.85,0.25,2.0,False,True,False,8.0,0,0,0,0,0,0,,,,,,,,,,,,
15,0.8,0.85,0.25,2.0,False,True,True,3.0,0,0,0,0,0,0,,,,,,,,,,,,
15,0.8,0.85,0.25,2.0,False,True,True,5.0,0,0,0,0,0,0,,,,,,,,,,,,
15,0.8,0.85,0.25,2.0,False,True,True,8.0,0,0,0,0,0,0,,,,,,,,,,,,
15,0.8,0.85,0.25,2.0,True,False,False,3.0,0,0,0,0,0,0,,,,,,,,,,,,
15,0.8,0.85,0.25,2.0,True,False,False,5.0,0,0,0,0,0,0,,,,,,,,,,,,
15,0.8,0.85,0.25,2.0,True,False,False,8.0,0,0,0,0,0,0,,,,,,,,,,,,
15,0.8,0.85,0.25,2.0,True,False,True,3.0,0,0,0,0,0,0,,,,,,,,,,,,
15,0.8,0.85,0.25,2.0,True,False,True,5.0,0,0,0,0,0,0,,,,,,,,,,,,
15,0.8,0.85,0.25,2.0,True,False,True,8.0,0,0,0,0,0,0,,,,,,,,,,,,
15,0.8,0.85,0.25,2.0,True,True,False,3.0,0,0,0,0,0,0,,,,,,,,,,,,
15,0.8,0.85,0.25,2.0,True,True,False,5.0,0,0,0,0,0,0,,,,,,,,,,,,
15,0.8,0.85,0.25,2.0,True,True,False,8.0,0,0,0,0,0,0,,,,,,,,,,,,
15,0.8,0.85,0.25,2.0,True,True,True,3.0,0,0,0,0,0,0,,,,,,,,,,,,
15,0.8,0.85,0.25,2.0,True,True,True,5.0,0,0,0,0,0,0,,,,,,,,,,,,
15,0.8,0.85,0.25,2.0,True,True,True,8.0,0,0,0,0,0,0,,,,,,,,,,,,
15,0.8,0.85,0.5,0.5,False,False,False,3.0,1,0,1,0,1,0,1.0,,0.0,,3.0,,0.6000000000000001,0.0,,,0.3999999999999999,
15,0.8,0.85,0.5,0.5,False,False,False,5.0,0,0,0,0,0,0,,,,,,,,,,,,
15,0.8,0.85,0.5,0.5,False,False,False,8.0,0,0,0,0,0,0,,,,,,,,,,,,
15,0.8,0.85,0.5,0.5,False,False,True,3.0,1,0,1,0,1,0,1.0,,0.0,,3.0,,0.6000000000000001,0.0,,,0.3999999999999999,
15,0.8,0.85,0.5,0.5,False,False,True,5.0,0,0,0,0,0,0,,,,,,,,,,,,
15,0.8,0.85,0.5,0.5,False,False,True,8.0,0,0,0,0,0,0,,,,,,,,,,,,
15,0.8,0.85,0.5,0.5,False,True,False,3.0,1,0,1,0,1,0,1.0,,0.0,,3.0,,0.6000000000000001,0.0,,,0.3999999999999999,
15,0.8,0.85,0.5,0.5,False,True,False,5.0,0,0,0,0,0,0,,,,,,,,,,,,
15,0.8,0.85,0.5,0.5,False,True,False,8.0,0,0,0,0,0,0,,,,,,,,,,,,
15,0.8,0.85,0.5,0.5,False,True,True,3.0,1,0,1,0,1,0,1.0,,0.0,,3.0,,0.6000000000000001,0.0,,,0.3999999999999999,
15,0.8,0.85,0.5,0.5,False,True,True,5.0,0,0,0,0,0,0,,,,,,,,,,,,
15,0.8,0.85,0.5,0.5,False,True,True,8.0,0,0,0,0,0,0,,,,,,,,,,,,
15,0.8,0.85,0.5,0.5,True,False,False,3.0,1,0,1,0,1,0,1.0,,0.0,,3.0,,0.6000000000000001,0.0,,,0.3999999999999999,
15,0.8,0.85,0.5,0.5,True,False,False,5.0,0,0,0,0,0,0,,,,,,,,,,,,
15,0.8,0.85,0.5,0.5,True,False,False,8.0,0,0,0,0,0,0,,,,,,,,,,,,
15,0.8,0.85,0.5,0.5,True,False,True,3.0,1,0,1,0,1,0,1.0,,0.0,,3.0,,0.6000000000000001,0.0,,,0.3999999999999999,
15,0.8,0.85,0.5,0.5,True,False,True,5.0,0,0,0,0,0,0,,,,,,,,,,,,
15,0.8,0.85,0.5,0.5,True,False,True,8.0,0,0,0,0,0,0,,,,,,,,,,,,
15,0.8,0.85,0.5,0.5,True,True,False,3.0,1,0,1,0,1,0,1.0,,0.0,,3.0,,0.6000000000000001,0.0,,,0.3999999999999999,
15,0.8,0.85,0.5,0.5,True,True,False,5.0,0,0,0,0,0,0,,,,,,,,,,,,
15,0.8,0.85,0.5,0.5,True,True,False,8.0,0,0,0,0,0,0,,,,,,,,,,,,
15,0.8,0.85,0.5,0.5,True,True,True,3.0,1,0,1,0,1,0,1.0,,0.0,,3.0,,0.6000000000000001,0.0,,,0.3999999999999999,
15,0.8,0.85,0.5,0.5,True,True,True,5.0,0,0,0,0,0,0,,,,,,,,,,,,
15,0.8,0.85,0.5,0.5,True,True,True,8.0,0,0,0,0,0,0,,,,,,,,,,,,
15,0.8,0.85,0.5,1.0,False,False,False,3.0,1,0,1,0,1,0,1.0,,0.0,,3.0,,0.6000000000000001,0.0,,,0.3999999999999999,
15,0.8,0.85,0.5,1.0,False,False,False,5.0,0,0,0,0,0,0,,,,,,,,,,,,
15,0.8,0.85,0.5,1.0,False,False,False,8.0,0,0,0,0,0,0,,,,,,,,,,,,
15,0.8,0.85,0.5,1.0,False,False,True,3.0,1,0,1,0,1,0,1.0,,0.0,,3.0,,0.6000000000000001,0.0,,,0.3999999999999999,
15,0.8,0.85,0.5,1.0,False,False,True,5.0,0,0,0,0,0,0,,,,,,,,,,,,
15,0.8,0.85,0.5,1.0,False,False,True,8.0,0,0,0,0,0,0,,,,,,,,,,,,
15,0.8,0.85,0.5,1.0,False,True,False,3.0,1,0,1,0,1,0,1.0,,0.0,,3.0,,0.6000000000000001,0.0,,,0.3999999999999999,
15,0.8,0.85,0.5,1.0,False,True,False,5.0,0,0,0,0,0,0,,,,,,,,,,,,
15,0.8,0.85,0.5,1.0,False,True,False,8.0,0,0,0,0,0,0,,,,,,,,,,,,
15,0.8,0.85,0.5,1.0,False,True,True,3.0,1,0,1,0,1,0,1.0,,0.0,,3.0,,0.6000000000000001,0.0,,,0.3999999999999999,
15,0.8,0.85,0.5,1.0,False,True,True,5.0,0,0,0,0,0,0,,,,,,,,,,,,
15,0.8,0.85,0.5,1.0,False,True,True,8.0,0,0,0,0,0,0,,,,,,,,,,,,
15,0.8,0.85,0.5,1.0,True,False,False,3.0,1,0,1,0,1,0,1.0,,0.0,,3.0,,0.6000000000000001,0.0,,,0.3999999999999999,
15,0.8,0.85,0.5,1.0,True,False,False,5.0,0,0,0,0,0,0,,,,,,,,,,,,
15,0.8,0.85,0.5,1.0,True,False,False,8.0,0,0,0,0,0,0,,,,,,,,,,,,
15,0.8,0.85,0.5,1.0,True,False,True,3.0,1,0,1,0,1,0,1.0,,0.0,,3.0,,0.6000000000000001,0.0,,,0.3999999999999999,
15,0.8,0.85,0.5,1.0,True,False,True,5.0,0,0,0,0,0,0,,,,,,,,,,,,
15,0.8,0.85,0.5,1.0,True,False,True,8.0,0,0,0,0,0,0,,,,,,,,,,,,
15,0.8,0.85,0.5,1.0,True,True,False,3.0,1,0,1,0,1,0,1.0,,0.0,,3.0,,0.6000000000000001,0.0,,,0.3999999999999999,
15,0.8,0.85,0.5,1.0,True,True,False,5.0,0,0,0,0,0,0,,,,,,,,,,,,
15,0.8,0.85,0.5,1.0,True,True,False,8.0,0,0,0,0,0,0,,,,,,,,,,,,
15,0.8,0.85,0.5,1.0,True,True,True,3.0,1,0,1,0,1,0,1.0,,0.0,,3.0,,0.6000000000000001,0.0,,,0.3999999999999999,
15,0.8,0.85,0.5,1.0,True,True,True,5.0,0,0,0,0,0,0,,,,,,,,,,,,
15,0.8,0.85,0.5,1.0,True,True,True,8.0,0,0,0,0,0,0,,,,,,,,,,,,
15,0.8,0.85,0.5,2.0,False,False,False,3.0,0,0,0,0,0,0,,,,,,,,,,,,
15,0.8,0.85,0.5,2.0,False,False,False,5.0,0,0,0,0,0,0,,,,,,,,,,,,
15,0.8,0.85,0.5,2.0,False,False,False,8.0,0,0,0,0,0,0,,,,,,,,,,,,
15,0.8,0.85,0.5,2.0,False,False,True,3.0,0,0,0,0,0,0,,,,,,,,,,,,
15,0.8,0.85,0.5,2.0,False,False,True,5.0,0,0,0,0,0,0,,,,,,,,,,,,
15,0.8,0.85,0.5,2.0,False,False,True,8.0,0,0,0,0,0,0,,,,,,,,,,,,
15,0.8,0.85,0.5,2.0,False,True,False,3.0,0,0,0,0,0,0,,,,,,,,,,,,
15,0.8,0.85,0.5,2.0,False,True,False,5.0,0,0,0,0,0,0,,,,,,,,,,,,
15,0.8,0.85,0.5,2.0,False,True,False,8.0,0,0,0,0,0,0,,,,,,,,,,,,
15,0.8,0.85,0.5,2.0,False,True,True,3.0,0,0,0,0,0,0,,,,,,,,,,,,
15,0.8,0.85,0.5,2.0,False,True,True,5.0,0,0,0,0,0,0,,,,,,,,,,,,
15,0.8,0.85,0.5,2.0,False,True,True,8.0,0,0,0,0,0,0,,,,,,,,,,,,
15,0.8,0.85,0.5,2.0,True,False,False,3.0,0,0,0,0,0,0,,,,,,,,,,,,
15,0.8,0.85,0.5,2.0,True,False,False,5.0,0,0,0,0,0,0,,,,,,,,,,,,
15,0.8,0.85,0.5,2.0,True,False,False,8.0,0,0,0,0,0,0,,,,,,,,,,,,
15,0.8,0.85,0.5,2.0,True,False,True,3.0,0,0,0,0,0,0,,,,,,,,,,,,
15,0.8,0.85,0.5,2.0,True,False,True,5.0,0,0,0,0,0,0,,,,,,,,,,,,
15,0.8,0.85,0.5,2.0,True,False,True,8.0,0,0,0,0,0,0,,,,,,,,,,,,
15,0.8,0.85,0.5,2.0,True,True,False,3.0,0,0,0,0,0,0,,,,,,,,,,,,
15,0.8,0.85,0.5,2.0,True,True,False,5.0,0,0,0,0,0,0,,,,,,,,,,,,
15,0.8,0.85,0.5,2.0,True,True,False,8.0,0,0,0,0,0,0,,,,,,,,,,,,
15,0.8,0.85,0.5,2.0,True,True,True,3.0,0,0,0,0,0,0,,,,,,,,,,,,
15,0.8,0.85,0.5,2.0,True,True,True,5.0,0,0,0,0,0,0,,,,,,,,,,,,
15,0.8,0.85,0.5,2.0,True,True,True,8.0,0,0,0,0,0,0,,,,,,,,,,,,
30,0.6,0.7,0.25,0.5,False,False,False,3.0,20,5,3,2,7,3,0.45,0.8,0.0,0.0,15.0,25.0,0.45000000000000007,0.01,0.76,0.0,-5.551115123125783e-17,0.040000000000000036
30,0.6,0.7,0.25,0.5,False,False,False,5.0,0,0,0,0,0,0,,,,,,,,,,,,
30,0.6,0.7,0.25,0.5,False,False,False,8.0,0,0,0,0,0,0,,,,,,,,,,,,
30,0.6,0.7,0.25,0.5,False,False,True,3.0,10,5,2,2,6,3,0.8,0.8,0.0,0.0,12.0,25.0,0.5599999999999999,0.019999999999999997,0.76,0.0,0.2400000000000001,0.040000000000000036
30,0.6,0.7,0.25,0.5,False,False,True,5.0,0,0,0,0,0,0,,,,,,,,,,,,
30,0.6,0.7,0.25,0.5,False,False,True,8.0,0,0,0,0,0,0,,,,,,,,,,,,
30,0.6,0.7,0.25,0.5,False,True,False,3.0,20,5,3,2,7,3,0.45,0.8,0.0,0.0,15.0,25.0,0.45000000000000007,0.01,0.76,0.0,-5.551115123125783e-17,0.040000000000000036
30,0.6,0.7,0.25,0.5,False,True,False,5.0,0,0,0,0,0,0,,,,,,,,,,,,
30,0.6,0.7,0.25,0.5,False,True,False,8.0,0,0,0,0,0,0,,,,,,,,,,,,
30,0.6,0.7,0.25,0.5,False,True,True,3.0,10,5,2,2,6,3,0.8,0.8,0.0,0.0,12.0,25.0,0.5599999999999999,0.019999999999999997,0.76,0.0,0.2400000000000001,0.040000000000000036
30,0.6,0.7,0.25,0.5,False,True,True,5.0,0,0,0,0,0,0,,,,,,,,,,,,
30,0.6,0.7,0.25,0.5,False,True,True,8.0,0,0,0,0,0,0,,,,,,,,,,,,
30,0.6,0.7,0.25,0.5,True,False,False,3.0,19,5,3,2,7,3,0.47368421052631576,0.8,0.0,0.0,15.0,25.0,0.4631578947368419,0.010526315789473682,0.76,0.0,0.010526315789473883,0.040000000000000036
30,0.6,0.7,0.25,0.5,True,False,False,5.0,0,0,0,0,0,0,,,,,,,,,,,,
30,0.6,0.7,0.25,0.5,True,False,False,8.0,0,0,0,0,0,0,,,,,,,,,,,,
30,0.6,0.7,0.25,0.5,True,False,True,3.0,10,5,2,2,6,3,0.8,0.8,0.0,0.0,12.0,25.0,0.5599999999999999,0.019999999999999997,0.76,0.0,0.2400000000000001,0.040000000000000036
30,0.6,0.7,0.25,0.5,True,False,True,5.0,0,0,0,0,0,0,,,,,,,,,,,,
30,0.6,0.7,0.25,0.5,True,False,True,8.0,0,0,0,0,0,0,,,,,,,,,,,,
30,0.6,0.7,0.25,0.5,True,True,False,3.0,19,5,3,2,7,3,0.47368421052631576,0.8,0.0,0.0,15.0,25.0,0.4631578947368419,0.010526315789473682,0.76,0.0,0.010526315789473883,0.040000000000000036
30,0.6,0.7,0.25,0.5,True,True,False,5.0,0,0,0,0,0,0,,,,,,,,,,,,
30,0.6,0.7,0.25,0.5,True,True,False,8.0,0,0,0,0,0,0,,,,,,,,,,,,
30,0.6,0.7,0.25,0.5,True,True,True,3.0,10,5,2,2,6,3,0.8,0.8,0.0,0.0,12.0,25.0,0.5599999999999999,0.019999999999999997,0.76,0.0,0.2400000000000001,0.040000000000000036
30,0.6,0.7,0.25,0.5,True,True,True,5.0,0,0,0,0,0,0,,,,,,,,,,,,
30,0.6,0.7,0.25,0.5,True,True,True,8.0,0,0,0,0,0,0,,,,,,,,,,,,
30,0.6,0.7,0.25,1.0,False,False,False,3.0,20,5,3,2,7,3,0.45,0.8,0.0,0.0,15.0,25.0,0.45000000000000007,0.01,0.76,0.0,-5.551115123125783e-17,0.040000000000000036
30,0.6,0.7,0.25,1.0,False,False,False,5.0,0,0,0,0,0,0,,,,,,,,,,,,
30,0.6,0.7,0.25,1.0,False,False,False,8.0,0,0,0,0,0,0,,,,,,,,,,,,
30,0.6,0.7,0.25,1.0,False,False,True,3.0,10,5,2,2,6,3,0.8,0.8,0.0,0.0,12.0,25.0,0.5599999999999999,0.019999999999999997,0.76,0.0,0.2400000000000001,0.040000000000000036
30,0.6,0.7,0.25,1.0,False,False,True,5.0,0,0,0,0,0,0,,,,,,,,,,,,
30,0.6,0.7,0.25,1.0,False,False,True,8.0,0,0,0,0,0,0,,,,,,,,,,,,
30,0.6,0.7,0.25,1.0,False,True,False,3.0,20,5,3,2,7,3,0.45,0.8,0.0,0.0,15.0,25.0,0.45000000000000007,0.01,0.76,0.0,-5.551115123125783e-17,0.040000000000000036
30,0.6,0.7,0.25,1.0,False,True,False,5.0,0,0,0,0,0,0,,,,,,,,,,,,
30,0.6,0.7,0.25,1.0,False,True,False,8.0,0,0,0,0,0,0,,,,,,,,,,,,
30,0.6,0.7,0.25,1.0,False,True,True,3.0,10,5,2,2,6,3,0.8,0.8,0.0,0.0,12.0,25.0,0.5599999999999999,0.019999999999999997,0.76,0.0,0.2400000000000001,0.040000000000000036
30,0.6,0.7,0.25,1.0,False,True,True,5.0,0,0,0,0,0,0,,,,,,,,,,,,
30,0.6,0.7,0.25,1.0,False,True,True,8.0,0,0,0,0,0,0,,,,,,,,,,,,
30,0.6,0.7,0.25,1.0,True,False,False,3.0,19,5,3,2,7,3,0.47368421052631576,0.8,0.0,0.0,15.0,25.0,0.4631578947368419,0.010526315789473682,0.76,0.0,0.010526315789473883,0.040000000000000036
30,0.6,0.7,0.25,1.0,True,False,False,5.0,0,0,0,0,0,0,,,,,,,,,,,,
30,0.6,0.7,0.25,1.0,True,False,False,8.0,0,0,0,0,0,0,,,,,,,,,,,,
30,0.6,0.7,0.25,1.0,True,False,True,3.0,10,5,2,2,6,3,0.8,0.8,0.0,0.0,12.0,25.0,0.5599999999999999,0.019999999999999997,0.76,0.0,0.2400000000000001,0.040000000000000036
30,0.6,0.7,0.25,1.0,True,False,True,5.0,0,0,0,0,0,0,,,,,,,,,,,,
30,0.6,0.7,0.25,1.0,True,False,True,8.0,0,0,0,0,0,0,,,,,,,,,,,,
30,0.6,0.7,0.25,1.0,True,True,False,3.0,19,5,3,2,7,3,0.47368421052631576,0.8,0.0,0.0,15.0,25.0,0.4631578947368419,0.010526315789473682,0.76,0.0,0.010526315789473883,0.040000000000000036
30,0.6,0.7,0.25,1.0,True,True,False,5.0,0,0,0,0,0,0,,,,,,,,,,,,
30,0.6,0.7,0.25,1.0,True,True,False,8.0,0,0,0,0,0,0,,,,,,,,,,,,
30,0.6,0.7,0.25,1.0,True,True,True,3.0,10,5,2,2,6,3,0.8,0.8,0.0,0.0,12.0,25.0,0.5599999999999999,0.019999999999999997,0.76,0.0,0.2400000000000001,0.040000000000000036
30,0.6,0.7,0.25,1.0,True,True,True,5.0,0,0,0,0,0,0,,,,,,,,,,,,
30,0.6,0.7,0.25,1.0,True,True,True,8.0,0,0,0,0,0,0,,,,,,,,,,,,
30,0.6,0.7,0.25,2.0,False,False,False,3.0,12,4,2,1,5,2,0.16666666666666666,0.75,0.0,0.0,5.0,26.0,0.3333333333333333,0.016666666666666666,0.75,0.0,-0.16666666666666666,0.0
30,0.6,0.7,0.25,2.0,False,False,False,5.0,0,0,0,0,0,0,,,,,,,,,,,,
30,0.6,0.7,0.25,2.0,False,False,False,8.0,0,0,0,0,0,0,,,,,,,,,,,,
30,0.6,0.7,0.25,2.0,False,False,True,3.0,4,4,1,1,4,2,0.5,0.75,0.0,0.0,5.0,26.0,0.3999999999999999,0.04999999999999999,0.75,0.0,0.10000000000000009,0.0
30,0.6,0.7,0.25,2.0,False,False,True,5.0,0,0,0,0,0,0,,,,,,,,,,,,
30,0.6,0.7,0.25,2.0,False,False,True,8.0,0,0,0,0,0,0,,,,,,,,,,,,
30,0.6,0.7,0.25,2.0,False,True,False,3.0,12,4,2,1,5,2,0.16666666666666666,0.75,0.0,0.0,5.0,26.0,0.3333333333333333,0.016666666666666666,0.75,0.0,-0.16666666666666666,0.0
30,0.6,0.7,0.25,2.0,False,True,False,5.0,0,0,0,0,0,0,,,,,,,,,,,,
30,0.6,0.7,0.25,2.0,False,True,False,8.0,0,0,0,0,0,0,,,,,,,,,,,,
30,0.6,0.7,0.25,2.0,False,True,True,3.0,4,4,1,1,4,2,0.5,0.75,0.0,0.0,5.0,26.0,0.3999999999999999,0.04999999999999999,0.75,0.0,0.10000000000000009,0.0
30,0.6,0.7,0.25,2.0,False,True,True,5.0,0,0,0,0,0,0,,,,,,,,,,,,
30,0.6,0.7,0.25,2.0,False,True,True,8.0,0,0,0,0,0,0,,,,,,,,,,,,
30,0.6,0.7,0.25,2.0,True,False,False,3.0,12,4,2,1,5,2,0.16666666666666666,0.75,0.0,0.0,5.0,26.0,0.3333333333333333,0.016666666666666666,0.75,0.0,-0.16666666666666666,0.0
30,0.6,0.7,0.25,2.0,True,False,False,5.0,0,0,0,0,0,0,,,,,,,,,,,,
30,0.6,0.7,0.25,2.0,True,False,False,8.0,0,0,0,0,0,0,,,,,,,,,,,,
30,0.6,0.7,0.25,2.0,True,False,True,3.0,4,4,1,1,4,2,0.5,0.75,0.0,0.0,5.0,26.0,0.3999999999999999,0.04999999999999999,0.75,0.0,0.10000000000000009,0.0
30,0.6,0.7,0.25,2.0,True,False,True,5.0,0,0,0,0,0,0,,,,,,,,,,,,
30,0.6,0.7,0.25,2.0,True,False,True,8.0,0,0,0,0,0,0,,,,,,,,,,,,
30,0.6,0.7,0.25,2.0,True,True,False,3.0,12,4,2,1,5,2,0.16666666666666666,0.75,0.0,0.0,5.0,26.0,0.3333333333333333,0.016666666666666666,0.75,0.0,-0.16666666666666666,0.0
30,0.6,0.7,0.25,2.0,True,True,False,5.0,0,0,0,0,0,0,,,,,,,,,,,,
30,0.6,0.7,0.25,2.0,True,True,False,8.0,0,0,0,0,0,0,,,,,,,,,,,,
30,0.6,0.7,0.25,2.0,True,True,True,3.0,4,4,1,1,4,2,0.5,0.75,0.0,0.0,5.0,26.0,0.3999999999999999,0.04999999999999999,0.75,0.0,0.10000000000000009,0.0
30,0.6,0.7,0.25,2.0,True,True,True,5.0,0,0,0,0,0,0,,,,,,,,,,,,
30,0.6,0.7,0.25,2.0,True,True,True,8.0,0,0,0,0,0,0,,,,,,,,,,,,
30,0.6,0.7,0.5,0.5,False,False,False,3.0,22,7,3,3,7,4,0.4090909090909091,0.8571428571428571,0.0,0.0,15.0,22.0,0.40909090909090917,0.027272727272727275,0.7428571428571429,0.0,-5.551115123125783e-17,0.11428571428571421
30,0.6,0.7,0.5,0.5,False,False,False,5.0,2,1,1,1,1,1,0.0,1.0,0.0,0.0,,19.0,0.0,0.2,0.8,0.0,0.0,0.19999999999999996
30,0.6,0.7,0.5,0.5,False,False,False,8.0,0,0,0,0,0,0,,,,,,,,,,,,
30,0.6,0.7,0.5,0.5,False,False,True,3.0,12,7,2,3,6,4,0.6666666666666666,0.8571428571428571,0.0,0.0,12.0,22.0,0.46666666666666656,0.04999999999999999,0.7428571428571429,0.0,0.20000000000000007,0.11428571428571421
30,0.6,0.7,0.5,0.5,False,False,True,5.0,2,1,1,1,1,1,0.0,1.0,0.0,0.0,,19.0,0.0,0.2,0.8,0.0,0.0,0.19999999999999996
30,0.6,0.7,0.5,0.5,False,False,True,8.0,0,0,0,0,0,0,,,,,,,,,,,,
30,0.6,0.7,0.5,0.5,False,True,False,3.0,22,7,3,3,7,4,0.4090909090909091,0.8571428571428571,0.0,0.0,15.0,22.0,0.40909090909090917,0.027272727272727275,0.7428571428571429,0.0,-5.551115123125783e-17,0.11428571428571421
30,0.6,0.7,0.5,0.5,False,True,False,5.0,2,1,1,1,1,1,0.0,1.0,0.0,0.0,,19.0,0.0,0.2,0.8,0.0,0.0,0.19999999999999996
30,0.6,0.7,0.5,0.5,False,True,False,8.0,0,0,0,0,0,0,,,,,,,,,,,,
30,0.6,0.7,0.5,0.5,False,True,True,3.0,12,7,2,3,6,4,0.6666666666666666,0.8571428571428571,0.0,0.0,12.0,22.0,0.46666666666666656,0.04999999999999999,0.7428571428571429,0.0,0.20000000000000007,0.11428571428571421
30,0.6,0.7,0.5,0.5,False,True,True,5.0,2,1,1,1,1,1,0.0,1.0,0.0,0.0,,19.0,0.0,0.2,0.8,0.0,0.0,0.19999999999999996
30,0.6,0.7,0.5,0.5,False,True,True,8.0,0,0,0,0,0,0,,,,,,,,,,,,
30,0.6,0.7,0.5,0.5,True,False,False,3.0,21,7,3,3,7,4,0.42857142857142855,0.8571428571428571,0.0,0.0,15.0,22.0,0.41904761904761934,0.02857142857142858,0.7428571428571429,0.0,0.009523809523809212,0.11428571428571421
30,0.6,0.7,0.5,0.5,True,False,False,5.0,2,1,1,1,1,1,0.0,1.0,0.0,0.0,,19.0,0.0,0.2,0.8,0.0,0.0,0.19999999999999996
30,0.6,0.7,0.5,0.5,True,False,False,8.0,0,0,0,0,0,0,,,,,,,,,,,,
30,0.6,0.7,0.5,0.5,True,False,True,3.0,12,7,2,3,6,4,0.6666666666666666,0.8571428571428571,0.0,0.0,12.0,22.0,0.46666666666666656,0.04999999999999999,0.7428571428571429,0.0,0.20000000000000007,0.11428571428571421
30,0.6,0.7,0.5,0.5,True,False,True,5.0,2,1,1,1,1,1,0.0,1.0,0.0,0.0,,19.0,0.0,0.2,0.8,0.0,0.0,0.19999999999999996
30,0.6,0.7,0.5,0.5,True,False,True,8.0,0,0,0,0,0,0,,,,,,,,,,,,
30,0.6,0.7,0.5,0.5,True,True,False,3.0,21,7,3,3,7,4,0.42857142857142855,0.8571428571428571,0.0,0.0,15.0,22.0,0.41904761904761934,0.02857142857142858,0.7428571428571429,0.0,0.009523809523809212,0.11428571428571421
30,0.6,0.7,0.5,0.5,True,True,False,5.0,2,1,1,1,1,1,0.0,1.0,0.0,0.0,,19.0,0.0,0.2,0.8,0.0,0.0,0.19999999999999996
30,0.6,0.7,0.5,0.5,True,True,False,8.0,0,0,0,0,0,0,,,,,,,,,,,,
30,0.6,0.7,0.5,0.5,True,True,True,3.0,12,7,2,3,6,4,0.6666666666666666,0.8571428571428571,0.0,0.0,12.0,22.0,0.46666666666666656,0.04999999999999999,0.7428571428571429,0.0,0.20000000000000007,0.11428571428571421
30,0.6,0.7,0.5,0.5,True,True,True,5.0,2,1,1,1,1,1,0.0,1.0,0.0,0.0,,19.0,0.0,0.2,0.8,0.0,0.0,0.19999999999999996
30,0.6,0.7,0.5,0.5,True,True,True,8.0,0,0,0,0,0,0,,,,,,,,,,,,
30,0.6,0.7,0.5,1.0,False,False,False,3.0,22,7,3,3,7,4,0.4090909090909091,0.8571428571428571,0.0,0.0,15.0,22.0,0.40909090909090917,0.027272727272727275,0.7428571428571429,0.0,-5.551115123125783e-17,0.11428571428571421
30,0.6,0.7,0.5,1.0,False,False,False,5.0,2,1,1,1,1,1,0.0,1.0,0.0,0.0,,19.0,0.0,0.2,0.8,0.0,0.0,0.19999999999999996
30,0.6,0.7,0.5,1.0,False,False,False,8.0,0,0,0,0,0,0,,,,,,,,,,,,
30,0.6,0.7,0.5,1.0,False,False,True,3.0,12,7,2,3,6,4,0.6666666666666666,0.8571428571428571,0.0,0.0,12.0,22.0,0.46666666666666656,0.04999999999999999,0.7428571428571429,0.0,0.20000000000000007,0.11428571428571421
30,0.6,0.7,0.5,1.0,False,False,True,5.0,2,1,1,1,1,1,0.0,1.0,0.0,0.0,,19.0,0.0,0.2,0.8,0.0,0.0,0.19999999999999996
30,0.6,0.7,0.5,1.0,False,False,True,8.0,0,0,0,0,0,0,,,,,,,,,,,,
30,0.6,0.7,0.5,1.0,False,True,False,3.0,22,7,3,3,7,4,0.4090909090909091,0.8571428571428571,0.0,0.0,15.0,22.0,0.40909090909090917,0.027272727272727275,0.7428571428571429,0.0,-5.551115123125783e-17,0.11428571428571421
30,0.6,0.7,0.5,1.0,False,True,False,5.0,2,1,1,1,1,1,0.0,1.0,0.0,0.0,,19.0,0.0,0.2,0.8,0.0,0.0,0.19999999999999996
30,0.6,0.7,0.5,1.0,False,True,False,8.0,0,0,0,0,0,0,,,,,,,,,,,,
30,0.6,0.7,0.5,1.0,False,True,True,3.0,12,7,2,3,6,4,0.6666666666666666,0.8571428571428571,0.0,0.0,12.0,22.0,0.46666666666666656,0.04999999999999999,0.7428571428571429,0.0,0.20000000000000007,0.11428571428571421
30,0.6,0.7,0.5,1.0,False,True,True,5.0,2,1,1,1,1,1,0.0,1.0,0.0,0.0,,19.0,0.0,0.2,0.8,0.0,0.0,0.19999999999999996
30,0.6,0.7,0.5,1.0,False,True,True,8.0,0,0,0,0,0,0,,,,,,,,,,,,
30,0.6,0.7,0.5,1.0,True,False,False,3.0,21,7,3,3,7,4,0.42857142857142855,0.8571428571428571,0.0,0.0,15.0,22.0,0.41904761904761934,0.02857142857142858,0.7428571428571429,0.0,0.009523809523809212,0.11428571428571421
30,0.6,0.7,0.5,1.0,True,False,False,5.0,2,1,1,1,1,1,0.0,1.0,0.0,0.0,,19.0,0.0,0.2,0.8,0.0,0.0,0.19999999999999996
30,0.6,0.7,0.5,1.0,True,False,False,8.0,0,0,0,0,0,0,,,,,,,,,,,,
30,0.6,0.7,0.5,1.0,True,False,True,3.0,12,7,2,3,6,4,0.6666666666666666,0.8571428571428571,0.0,0.0,12.0,22.0,0.46666666666666656,0.04999999999999999,0.7428571428571429,0.0,0.20000000000000007,0.11428571428571421
30,0.6,0.7,0.5,1.0,True,False,True,5.0,2,1,1,1,1,1,0.0,1.0,0.0,0.0,,19.0,0.0,0.2,0.8,0.0,0.0,0.19999999999999996
30,0.6,0.7,0.5,1.0,True,False,True,8.0,0,0,0,0,0,0,,,,,,,,,,,,
30,0.6,0.7,0.5,1.0,True,True,False,3.0,21,7,3,3,7,4,0.42857142857142855,0.8571428571428571,0.0,0.0,15.0,22.0,0.41904761904761934,0.02857142857142858,0.7428571428571429,0.0,0.009523809523809212,0.11428571428571421
30,0.6,0.7,0.5,1.0,True,True,False,5.0,2,1,1,1,1,1,0.0,1.0,0.0,0.0,,19.0,0.0,0.2,0.8,0.0,0.0,0.19999999999999996
30,0.6,0.7,0.5,1.0,True,True,False,8.0,0,0,0,0,0,0,,,,,,,,,,,,
30,0.6,0.7,0.5,1.0,True,True,True,3.0,12,7,2,3,6,4,0.6666666666666666,0.8571428571428571,0.0,0.0,12.0,22.0,0.46666666666666656,0.04999999999999999,0.7428571428571429,0.0,0.20000000000000007,0.11428571428571421
30,0.6,0.7,0.5,1.0,True,True,True,5.0,2,1,1,1,1,1,0.0,1.0,0.0,0.0,,19.0,0.0,0.2,0.8,0.0,0.0,0.19999999999999996
30,0.6,0.7,0.5,1.0,True,True,True,8.0,0,0,0,0,0,0,,,,,,,,,,,,
30,0.6,0.7,0.5,2.0,False,False,False,3.0,12,6,2,2,5,3,0.16666666666666666,0.8333333333333334,0.0,0.0,5.0,24.0,0.3333333333333333,0.016666666666666666,0.7333333333333334,0.0,-0.16666666666666666,0.09999999999999998
30,0.6,0.7,0.5,2.0,False,False,False,5.0,0,1,0,1,0,1,,1.0,,0.0,,19.0,,,0.8,0.0,,0.19999999999999996
30,0.6,0.7,0.5,2.0,False,False,False,8.0,0,0,0,0,0,0,,,,,,,,,,,,
30,0.6,0.7,0.5,2.0,False,False,True,3.0,4,6,1,2,4,3,0.5,0.8333333333333334,0.0,0.0,5.0,24.0,0.3999999999999999,0.04999999999999999,0.7333333333333334,0.0,0.10000000000000009,0.09999999999999998
30,0.6,0.7,0.5,2.0,False,False,True,5.0,0,1,0,1,0,1,,1.0,,0.0,,19.0,,,0.8,0.0,,0.19999999999999996
30,0.6,0.7,0.5,2.0,False,False,True,8.0,0,0,0,0,0,0,,,,,,,,,,,,
30,0.6,0.7,0.5,2.0,False,True,False,3.0,12,6,2,2,5,3,0.16666666666666666,0.8333333333333334,0.0,0.0,5.0,24.0,0.3333333333333333,0.016666666666666666,0.7333333333333334,0.0,-0.16666666666666666,0.09999999999999998
30,0.6,0.7,0.5,2.0,False,True,False,5.0,0,1,0,1,0,1,,1.0,,0.0,,19.0,,,0.8,0.0,,0.19999999999999996
30,0.6,0.7,0.5,2.0,False,True,False,8.0,0,0,0,0,0,0,,,,,,,,,,,,
30,0.6,0.7,0.5,2.0,False,True,True,3.0,4,6,1,2,4,3,0.5,0.8333333333333334,0.0,0.0,5.0,24.0,0.3999999999999999,0.04999999999999999,0.7333333333333334,0.0,0.10000000000000009,0.09999999999999998
30,0.6,0.7,0.5,2.0,False,True,True,5.0,0,1,0,1,0,1,,1.0,,0.0,,19.0,,,0.8,0.0,,0.19999999999999996
30,0.6,0.7,0.5,2.0,False,True,True,8.0,0,0,0,0,0,0,,,,,,,,,,,,
30,0.6,0.7,0.5,2.0,True,False,False,3.0,12,6,2,2,5,3,0.16666666666666666,0.8333333333333334,0.0,0.0,5.0,24.0,0.3333333333333333,0.016666666666666666,0.7333333333333334,0.0,-0.16666666666666666,0.09999999999999998
30,0.6,0.7,0.5,2.0,True,False,False,5.0,0,1,0,1,0,1,,1.0,,0.0,,19.0,,,0.8,0.0,,0.19999999999999996
30,0.6,0.7,0.5,2.0,True,False,False,8.0,0,0,0,0,0,0,,,,,,,,,,,,
30,0.6,0.7,0.5,2.0,True,False,True,3.0,4,6,1,2,4,3,0.5,0.8333333333333334,0.0,0.0,5.0,24.0,0.3999999999999999,0.04999999999999999,0.7333333333333334,0.0,0.10000000000000009,0.09999999999999998
30,0.6,0.7,0.5,2.0,True,False,True,5.0,0,1,0,1,0,1,,1.0,,0.0,,19.0,,,0.8,0.0,,0.19999999999999996
30,0.6,0.7,0.5,2.0,True,False,True,8.0,0,0,0,0,0,0,,,,,,,,,,,,
30,0.6,0.7,0.5,2.0,True,True,False,3.0,12,6,2,2,5,3,0.16666666666666666,0.8333333333333334,0.0,0.0,5.0,24.0,0.3333333333333333,0.016666666666666666,0.7333333333333334,0.0,-0.16666666666666666,0.09999999999999998
30,0.6,0.7,0.5,2.0,True,True,False,5.0,0,1,0,1,0,1,,1.0,,0.0,,19.0,,,0.8,0.0,,0.19999999999999996
30,0.6,0.7,0.5,2.0,True,True,False,8.0,0,0,0,0,0,0,,,,,,,,,,,,
30,0.6,0.7,0.5,2.0,True,True,True,3.0,4,6,1,2,4,3,0.5,0.8333333333333334,0.0,0.0,5.0,24.0,0.3999999999999999,0.04999999999999999,0.7333333333333334,0.0,0.10000000000000009,0.09999999999999998
30,0.6,0.7,0.5,2.0,True,True,True,5.0,0,1,0,1,0,1,,1.0,,0.0,,19.0,,,0.8,0.0,,0.19999999999999996
30,0.6,0.7,0.5,2.0,True,True,True,8.0,0,0,0,0,0,0,,,,,,,,,,,,
30,0.6,0.85,0.25,0.5,False,False,False,3.0,6,4,3,2,4,2,0.6666666666666666,0.75,0.0,0.0,6.5,24.0,0.5666666666666667,0.0,0.75,0.0,0.09999999999999998,0.0
30,0.6,0.85,0.25,0.5,False,False,False,5.0,0,0,0,0,0,0,,,,,,,,,,,,
30,0.6,0.85,0.25,0.5,False,False,False,8.0,0,0,0,0,0,0,,,,,,,,,,,,
30,0.6,0.85,0.25,0.5,False,False,True,3.0,4,4,2,2,3,2,1.0,0.75,0.0,0.0,6.5,24.0,0.6500000000000001,0.0,0.75,0.0,0.34999999999999987,0.0
30,0.6,0.85,0.25,0.5,False,False,True,5.0,0,0,0,0,0,0,,,,,,,,,,,,
30,0.6,0.85,0.25,0.5,False,False,True,8.0,0,0,0,0,0,0,,,,,,,,,,,,
30,0.6,0.85,0.25,0.5,False,True,False,3.0,6,4,3,2,4,2,0.6666666666666666,0.75,0.0,0.0,6.5,24.0,0.5666666666666667,0.0,0.75,0.0,0.09999999999999998,0.0
30,0.6,0.85,0.25,0.5,False,True,False,5.0,0,0,0,0,0,0,,,,,,,,,,,,
30,0.6,0.85,0.25,0.5,False,True,False,8.0,0,0,0,0,0,0,,,,,,,,,,,,
30,0.6,0.85,0.25,0.5,False,True,True,3.0,4,4,2,2,3,2,1.0,0.75,0.0,0.0,6.5,24.0,0.6500000000000001,0.0,0.75,0.0,0.34999999999999987,0.0
30,0.6,0.85,0.25,0.5,False,True,True,5.0,0,0,0,0,0,0,,,,,,,,,,,,
30,0.6,0.85,0.25,0.5,False,True,True,8.0,0,0,0,0,0,0,,,,,,,,,,,,
30,0.6,0.85,0.25,0.5,True,False,False,3.0,6,4,3,2,4,2,0.6666666666666666,0.75,0.0,0.0,6.5,24.0,0.5666666666666667,0.0,0.75,0.0,0.09999999999999998,0.0
30,0.6,0.85,0.25,0.5,True,False,False,5.0,0,0,0,0,0,0,,,,,,,,,,,,
30,0.6,0.85,0.25,0.5,True,False,False,8.0,0,0,0,0,0,0,,,,,,,,,,,,
30,0.6,0.85,0.25,0.5,True,False,True,3.0,4,4,2,2,3,2,1.0,0.75,0.0,0.0,6.5,24.0,0.6500000000000001,0.0,0.75,0.0,0.34999999999999987,0.0
30,0.6,0.85,0.25,0.5,True,False,True,5.0,0,0,0,0,0,0,,,,,,,,,,,,
30,0.6,0.85,0.25,0.5,True,False,True,8.0,0,0,0,0,0,0,,,,,,,,,,,,
30,0.6,0.85,0.25,0.5,True,True,False,3.0,6,4,3,2,4,2,0.6666666666666666,0.75,0.0,0.0,6.5,24.0,0.5666666666666667,0.0,0.75,0.0,0.09999999999999998,0.0
30,0.6,0.85,0.25,0.5,True,True,False,5.0,0,0,0,0,0,0,,,,,,,,,,,,
30,0.6,0.85,0.25,0.5,True,True,False,8.0,0,0,0,0,0,0,,,,,,,,,,,,
30,0.6,0.85,0.25,0.5,True,True,True,3.0,4,4,2,2,3,2,1.0,0.75,0.0,0.0,6.5,24.0,0.6500000000000001,0.0,0.75,0.0,0.34999999999999987,0.0
30,0.6,0.85,0.25,0.5,True,True,True,5.0,0,0,0,0,0,0,,,,,,,,,,,,
30,0.6,0.85,0.25,0.5,True,True,True,8.0,0,0,0,0,0,0,,,,,,,,,,,,
30,0.6,0.85,0.25,1.0,False,False,False,3.0,6,4,3,2,4,2,0.6666666666666666,0.75,0.0,0.0,6.5,24.0,0.5666666666666667,0.0,0.75,0.0,0.09999999999999998,0.0
30,0.6,0.85,0.25,1.0,False,False,False,5.0,0,0,0,0,0,0,,,,,,,,,,,,
30,0.6,0.85,0.25,1.0,False,False,False,8.0,0,0,0,0,0,0,,,,,,,,,,,,
30,0.6,0.85,0.25,1.0,False,False,True,3.0,4,4,2,2,3,2,1.0,0.75,0.0,0.0,6.5,24.0,0.6500000000000001,0.0,0.75,0.0,0.34999999999999987,0.0
30,0.6,0.85,0.25,1.0,False,False,True,5.0,0,0,0,0,0,0,,,,,,,,,,,,
30,0.6,0.85,0.25,1.0,False,False,True,8.0,0,0,0,0,0,0,,,,,,,,,,,,
30,0.6,0.85,0.25,1.0,False,True,False,3.0,6,4,3,2,4,2,0.6666666666666666,0.75,0.0,0.0,6.5,24.0,0.5666666666666667,0.0,0.75,0.0,0.09999999999999998,0.0
30,0.6,0.85,0.25,1.0,False,True,False,5.0,0,0,0,0,0,0,,,,,,,,,,,,
30,0.6,0.85,0.25,1.0,False,True,False,8.0,0,0,0,0,0,0,,,,,,,,,,,,
30,0.6,0.85,0.25,1.0,False,True,True,3.0,4,4,2,2,3,2,1.0,0.75,0.0,0.0,6.5,24.0,0.6500000000000001,0.0,0.75,0.0,0.34999999999999987,0.0
30,0.6,0.85,0.25,1.0,False,True,True,5.0,0,0,0,0,0,0,,,,,,,,,,,,
30,0.6,0.85,0.25,1.0,False,True,True,8.0,0,0,0,0,0,0,,,,,,,,,,,,
30,0.6,0.85,0.25,1.0,True,False,False,3.0,6,4,3,2,4,2,0.6666666666666666,0.75,0.0,0.0,6.5,24.0,0.5666666666666667,0.0,0.75,0.0,0.09999999999999998,0.0
30,0.6,0.85,0.25,1.0,True,False,False,5.0,0,0,0,0,0,0,,,,,,,,,,,,
30,0.6,0.85,0.25,1.0,True,False,False,8.0,0,0,0,0,0,0,,,,,,,,,,,,
30,0.6,0.85,0.25,1.0,True,False,True,3.0,4,4,2,2,3,2,1.0,0.75,0.0,0.0,6.5,24.0,0.6500000000000001,0.0,0.75,0.0,0.34999999999999987,0.0
30,0.6,0.85,0.25,1.0,True,False,True,5.0,0,0,0,0,0,0,,,,,,,,,,,,
30,0.6,0.85,0.25,1.0,True,False,True,8.0,0,0,0,0,0,0,,,,,,,,,,,,
30,0.6,0.85,0.25,1.0,True,True,False,3.0,6,4,3,2,4,2,0.6666666666666666,0.75,0.0,0.0,6.5,24.0,0.5666666666666667,0.0,0.75,0.0,0.09999999999999998,0.0
30,0.6,0.85,0.25,1.0,True,True,False,5.0,0,0,0,0,0,0,,,,,,,,,,,,
30,0.6,0.85,0.25,1.0,True,True,False,8.0,0,0,0,0,0,0,,,,,,,,,,,,
30,0.6,0.85,0.25,1.0,True,True,True,3.0,4,4,2,2,3,2,1.0,0.75,0.0,0.0,6.5,24.0,0.6500000000000001,0.0,0.75,0.0,0.34999999999999987,0.0
30,0.6,0.85,0.25,1.0,True,True,True,5.0,0,0,0,0,0,0,,,,,,,,,,,,
30,0.6,0.85,0.25,1.0,True,True,True,8.0,0,0,0,0,0,0,,,,,,,,,,,,
30,0.6,0.85,0.25,2.0,False,False,False,3.0,4,3,2,1,3,1,0.5,0.6666666666666666,0.0,0.0,5.0,27.0,0.5499999999999999,0.0,0.7333333333333334,0.0,-0.04999999999999993,-0.06666666666666676
30,0.6,0.85,0.25,2.0,False,False,False,5.0,0,0,0,0,0,0,,,,,,,,,,,,
30,0.6,0.85,0.25,2.0,False,False,False,8.0,0,0,0,0,0,0,,,,,,,,,,,,
30,0.6,0.85,0.25,2.0,False,False,True,3.0,2,3,1,1,2,1,1.0,0.6666666666666666,0.0,0.0,5.0,27.0,0.7,0.0,0.7333333333333334,0.0,0.30000000000000004,-0.06666666666666676
30,0.6,0.85,0.25,2.0,False,False,True,5.0,0,0,0,0,0,0,,,,,,,,,,,,
30,0.6,0.85,0.25,2.0,False,False,True,8.0,0,0,0,0,0,0,,,,,,,,,,,,
30,0.6,0.85,0.25,2.0,False,True,False,3.0,4,3,2,1,3,1,0.5,0.6666666666666666,0.0,0.0,5.0,27.0,0.5499999999999999,0.0,0.7333333333333334,0.0,-0.04999999999999993,-0.06666666666666676
30,0.6,0.85,0.25,2.0,False,True,False,5.0,0,0,0,0,0,0,,,,,,,,,,,,
30,0.6,0.85,0.25,2.0,False,True,False,8.0,0,0,0,0,0,0,,,,,,,,,,,,
30,0.6,0.85,0.25,2.0,False,True,True,3.0,2,3,1,1,2,1,1.0,0.6666666666666666,0.0,0.0,5.0,27.0,0.7,0.0,0.7333333333333334,0.0,0.30000000000000004,-0.06666666666666676
30,0.6,0.85,0.25,2.0,False,True,True,5.0,0,0,0,0,0,0,,,,,,,,,,,,
30,0.6,0.85,0.25,2.0,False,True,True,8.0,0,0,0,0,0,0,,,,,,,,,,,,
30,0.6,0.85,0.25,2.0,True,False,False,3.0,4,3,2,1,3,1,0.5,0.6666666666666666,0.0,0.0,5.0,27.0,0.5499999999999999,0.0,0.7333333333333334,0.0,-0.04999999999999993,-0.06666666666666676
30,0.6,0.85,0.25,2.0,True,False,False,5.0,0,0,0,0,0,0,,,,,,,,,,,,
30,0.6,0.85,0.25,2.0,True,False,False,8.0,0,0,0,0,0,0,,,,,,,,,,,,
30,0.6,0.85,0.25,2.0,True,False,True,3.0,2,3,1,1,2,1,1.0,0.6666666666666666,0.0,0.0,5.0,27.0,0.7,0.0,0.7333333333333334,0.0,0.30000000000000004,-0.06666666666666676
30,0.6,0.85,0.25,2.0,True,False,True,5.0,0,0,0,0,0,0,,,,,,,,,,,,
30,0.6,0.85,0.25,2.0,True,False,True,8.0,0,0,0,0,0,0,,,,,,,,,,,,
30,0.6,0.85,0.25,2.0,True,True,False,3.0,4,3,2,1,3,1,0.5,0.6666666666666666,0.0,0.0,5.0,27.0,0.5499999999999999,0.0,0.7333333333333334,0.0,-0.04999999999999993,-0.06666666666666676
30,0.6,0.85,0.25,2.0,True,True,False,5.0,0,0,0,0,0,0,,,,,,,,,,,,
30,0.6,0.85,0.25,2.0,True,True,False,8.0,0,0,0,0,0,0,,,,,,,,,,,,
30,0.6,0.85,0.25,2.0,True,True,True,3.0,2,3,1,1,2,1,1.0,0.6666666666666666,0.0,0.0,5.0,27.0,0.7,0.0,0.7333333333333334,0.0,0.30000000000000004,-0.06666666666666676
30,0.6,0.85,0.25,2.0,True,True,True,5.0,0,0,0,0,0,0,,,,,,,,,,,,
30,0.6,0.85,0.25,2.0,True,True,True,8.0,0,0,0,0,0,0,,,,,,,,,,,,
30,0.6,0.85,0.5,0.5,False,False,False,3.0,6,5,3,3,4,3,0.6666666666666666,0.8,0.0,0.0,6.5,22.0,0.5666666666666667,0.0,0.72,0.0,0.09999999999999998,0.08000000000000007
30,0.6,0.85,0.5,0.5,False,False,False,5.0,0,0,0,0,0,0,,,,,,,,,,,,
30,0.6,0.85,0.5,0.5,False,False,False,8.0,0,0,0,0,0,0,,,,,,,,,,,,
30,0.6,0.85,0.5,0.5,False,False,True,3.0,4,5,2,3,3,3,1.0,0.8,0.0,0.0,6.5,22.0,0.6500000000000001,0.0,0.72,0.0,0.34999999999999987,0.08000000000000007
30,0.6,0.85,0.5,0.5,False,False,True,5.0,0,0,0,0,0,0,,,,,,,,,,,,
30,0.6,0.85,0.5,0.5,False,False,True,8.0,0,0,0,0,0,0,,,,,,,,,,,,
30,0.6,0.85,0.5,0.5,False,True,False,3.0,6,5,3,3,4,3,0.6666666666666666,0.8,0.0,0.0,6.5,22.0,0.5666666666666667,0.0,0.72,0.0,0.09999999999999998,0.08000000000000007
30,0.6,0.85,0.5,0.5,False,True,False,5.0,0,0,0,0,0,0,,,,,,,,,,,,
30,0.6,0.85,0.5,0.5,False,True,False,8.0,0,0,0,0,0,0,,,,,,,,,,,,
30,0.6,0.85,0.5,0.5,False,True,True,3.0,4,5,2,3,3,3,1.0,0.8,0.0,0.0,6.5,22.0,0.6500000000000001,0.0,0.72,0.0,0.34999999999999987,0.08000000000000007
30,0.6,0.85,0.5,0.5,False,True,True,5.0,0,0,0,0,0,0,,,,,,,,,,,,
30,0.6,0.85,0.5,0.5,False,True,True,8.0,0,0,0,0,0,0,,,,,,,,,,,,
30,0.6,0.85,0.5,0.5,True,False,False,3.0,6,5,3,3,4,3,0.6666666666666666,0.8,0.0,0.0,6.5,22.0,0.5666666666666667,0.0,0.72,0.0,0.09999999999999998,0.08000000000000007
30,0.6,0.85,0.5,0.5,True,False,False,5.0,0,0,0,0,0,0,,,,,,,,,,,,
30,0.6,0.85,0.5,0.5,True,False,False,8.0,0,0,0,0,0,0,,,,,,,,,,,,
30,0.6,0.85,0.5,0.5,True,False,True,3.0,4,5,2,3,3,3,1.0,0.8,0.0,0.0,6.5,22.0,0.6500000000000001,0.0,0.72,0.0,0.34999999999999987,0.08000000000000007
30,0.6,0.85,0.5,0.5,True,False,True,5.0,0,0,0,0,0,0,,,,,,,,,,,,
30,0.6,0.85,0.5,0.5,True,False,True,8.0,0,0,0,0,0,0,,,,,,,,,,,,
30,0.6,0.85,0.5,0.5,True,True,False,3.0,6,5,3,3,4,3,0.6666666666666666,0.8,0.0,0.0,6.5,22.0,0.5666666666666667,0.0,0.72,0.0,0.09999999999999998,0.08000000000000007
30,0.6,0.85,0.5,0.5,True,True,False,5.0,0,0,0,0,0,0,,,,,,,,,,,,
30,0.6,0.85,0.5,0.5,True,True,False,8.0,0,0,0,0,0,0,,,,,,,,,,,,
30,0.6,0.85,0.5,0.5,True,True,True,3.0,4,5,2,3,3,3,1.0,0.8,0.0,0.0,6.5,22.0,0.6500000000000001,0.0,0.72,0.0,0.34999999999999987,0.08000000000000007
30,0.6,0.85,0.5,0.5,True,True,True,5.0,0,0,0,0,0,0,,,,,,,,,,,,
30,0.6,0.85,0.5,0.5,True,True,True,8.0,0,0,0,0,0,0,,,,,,,,,,,,
30,0.6,0.85,0.5,1.0,False,False,False,3.0,6,5,3,3,4,3,0.6666666666666666,0.8,0.0,0.0,6.5,22.0,0.5666666666666667,0.0,0.72,0.0,0.09999999999999998,0.08000000000000007
30,0.6,0.85,0.5,1.0,False,False,False,5.0,0,0,0,0,0,0,,,,,,,,,,,,
30,0.6,0.85,0.5,1.0,False,False,False,8.0,0,0,0,0,0,0,,,,,,,,,,,,
30,0.6,0.85,0.5,1.0,False,False,True,3.0,4,5,2,3,3,3,1.0,0.8,0.0,0.0,6.5,22.0,0.6500000000000001,0.0,0.72,0.0,0.34999999999999987,0.08000000000000007
30,0.6,0.85,0.5,1.0,False,False,True,5.0,0,0,0,0,0,0,,,,,,,,,,,,
30,0.6,0.85,0.5,1.0,False,False,True,8.0,0,0,0,0,0,0,,,,,,,,,,,,
30,0.6,0.85,0.5,1.0,False,True,False,3.0,6,5,3,3,4,3,0.6666666666666666,0.8,0.0,0.0,6.5,22.0,0.5666666666666667,0.0,0.72,0.0,0.09999999999999998,0.08000000000000007
30,0.6,0.85,0.5,1.0,False,True,False,5.0,0,0,0,0,0,0,,,,,,,,,,,,
30,0.6,0.85,0.5,1.0,False,True,False,8.0,0,0,0,0,0,0,,,,,,,,,,,,
30,0.6,0.85,0.5,1.0,False,True,True,3.0,4,5,2,3,3,3,1.0,0.8,0.0,0.0,6.5,22.0,0.6500000000000001,0.0,0.72,0.0,0.34999999999999987,0.08000000000000007
30,0.6,0.85,0.5,1.0,False,True,True,5.0,0,0,0,0,0,0,,,,,,,,,,,,
30,0.6,0.85,0.5,1.0,False,True,True,8.0,0,0,0,0,0,0,,,,,,,,,,,,
30,0.6,0.85,0.5,1.0,True,False,False,3.0,6,5,3,3,4,3,0.6666666666666666,0.8,0.0,0.0,6.5,22.0,0.5666666666666667,0.0,0.72,0.0,0.09999999999999998,0.08000000000000007
30,0.6,0.85,0.5,1.0,True,False,False,5.0,0,0,0,0,0,0,,,,,,,,,,,,
30,0.6,0.85,0.5,1.0,True,False,False,8.0,0,0,0,0,0,0,,,,,,,,,,,,
30,0.6,0.85,0.5,1.0,True,False,True,3.0,4,5,2,3,3,3,1.0,0.8,0.0,0.0,6.5,22.0,0.6500000000000001,0.0,0.72,0.0,0.34999999999999987,0.08000000000000007
30,0.6,0.85,0.5,1.0,True,False,True,5.0,0,0,0,0,0,0,,,,,,,,,,,,
30,0.6,0.85,0.5,1.0,True,False,True,8.0,0,0,0,0,0,0,,,,,,,,,,,,
30,0.6,0.85,0.5,1.0,True,True,False,3.0,6,5,3,3,4,3,0.6666666666666666,0.8,0.0,0.0,6.5,22.0,0.5666666666666667,0.0,0.72,0.0,0.09999999999999998,0.08000000000000007
30,0.6,0.85,0.5,1.0,True,True,False,5.0,0,0,0,0,0,0,,,,,,,,,,,,
30,0.6,0.85,0.5,1.0,True,True,False,8.0,0,0,0,0,0,0,,,,,,,,,,,,
30,0.6,0.85,0.5,1.0,True,True,True,3.0,4,5,2,3,3,3,1.0,0.8,0.0,0.0,6.5,22.0,0.6500000000000001,0.0,0.72,0.0,0.34999999999999987,0.08000000000000007
30,0.6,0.85,0.5,1.0,True,True,True,5.0,0,0,0,0,0,0,,,,,,,,,,,,
30,0.6,0.85,0.5,1.0,True,True,True,8.0,0,0,0,0,0,0,,,,,,,,,,,,
30,0.6,0.85,0.5,2.0,False,False,False,3.0,4,4,2,2,3,2,0.5,0.75,0.0,0.0,5.0,24.0,0.5499999999999999,0.0,0.7000000000000001,0.0,-0.04999999999999993,0.04999999999999993
30,0.6,0.85,0.5,2.0,False,False,False,5.0,0,0,0,0,0,0,,,,,,,,,,,,
30,0.6,0.85,0.5,2.0,False,False,False,8.0,0,0,0,0,0,0,,,,,,,,,,,,
30,0.6,0.85,0.5,2.0,False,False,True,3.0,2,4,1,2,2,2,1.0,0.75,0.0,0.0,5.0,24.0,0.7,0.0,0.7000000000000001,0.0,0.30000000000000004,0.04999999999999993
30,0.6,0.85,0.5,2.0,False,False,True,5.0,0,0,0,0,0,0,,,,,,,,,,,,
30,0.6,0.85,0.5,2.0,False,False,True,8.0,0,0,0,0,0,0,,,,,,,,,,,,
30,0.6,0.85,0.5,2.0,False,True,False,3.0,4,4,2,2,3,2,0.5,0.75,0.0,0.0,5.0,24.0,0.5499999999999999,0.0,0.7000000000000001,0.0,-0.04999999999999993,0.04999999999999993
30,0.6,0.85,0.5,2.0,False,True,False,5.0,0,0,0,0,0,0,,,,,,,,,,,,
30,0.6,0.85,0.5,2.0,False,True,False,8.0,0,0,0,0,0,0,,,,,,,,,,,,
30,0.6,0.85,0.5,2.0,False,True,True,3.0,2,4,1,2,2,2,1.0,0.75,0.0,0.0,5.0,24.0,0.7,0.0,0.7000000000000001,0.0,0.30000000000000004,0.04999999999999993
30,0.6,0.85,0.5,2.0,False,True,True,5.0,0,0,0,0,0,0,,,,,,,,,,,,
30,0.6,0.85,0.5,2.0,False,True,True,8.0,0,0,0,0,0,0,,,,,,,,,,,,
30,0.6,0.85,0.5,2.0,True,False,False,3.0,4,4,2,2,3,2,0.5,0.75,0.0,0.0,5.0,24.0,0.5499999999999999,0.0,0.7000000000000001,0.0,-0.04999999999999993,0.04999999999999993
30,0.6,0.85,0.5,2.0,True,False,False,5.0,0,0,0,0,0,0,,,,,,,,,,,,
30,0.6,0.85,0.5,2.0,True,False,False,8.0,0,0,0,0,0,0,,,,,,,,,,,,
30,0.6,0.85,0.5,2.0,True,False,True,3.0,2,4,1,2,2,2,1.0,0.75,0.0,0.0,5.0,24.0,0.7,0.0,0.7000000000000001,0.0,0.30000000000000004,0.04999999999999993
30,0.6,0.85,0.5,2.0,True,False,True,5.0,0,0,0,0,0,0,,,,,,,,,,,,
30,0.6,0.85,0.5,2.0,True,False,True,8.0,0,0,0,0,0,0,,,,,,,,,,,,
30,0.6,0.85,0.5,2.0,True,True,False,3.0,4,4,2,2,3,2,0.5,0.75,0.0,0.0,5.0,24.0,0.5499999999999999,0.0,0.7000000000000001,0.0,-0.04999999999999993,0.04999999999999993
30,0.6,0.85,0.5,2.0,True,True,False,5.0,0,0,0,0,0,0,,,,,,,,,,,,
30,0.6,0.85,0.5,2.0,True,True,False,8.0,0,0,0,0,0,0,,,,,,,,,,,,
30,0.6,0.85,0.5,2.0,True,True,True,3.0,2,4,1,2,2,2,1.0,0.75,0.0,0.0,5.0,24.0,0.7,0.0,0.7000000000000001,0.0,0.30000000000000004,0.04999999999999993
30,0.6,0.85,0.5,2.0,True,True,True,5.0,0,0,0,0,0,0,,,,,,,,,,,,
30,0.6,0.85,0.5,2.0,True,True,True,8.0,0,0,0,0,0,0,,,,,,,,,,,,
30,0.7,0.7,0.25,0.5,False,False,False,3.0,9,4,2,1,3,2,0.1111111111111111,0.75,0.0,0.0,3.0,26.0,0.28888888888888886,0.02222222222222222,0.75,0.0,-0.17777777777777776,0.0
30,0.7,0.7,0.25,0.5,False,False,False,5.0,0,0,0,0,0,0,,,,,,,,,,,,
30,0.7,0.7,0.25,0.5,False,False,False,8.0,0,0,0,0,0,0,,,,,,,,,,,,
30,0.7,0.7,0.25,0.5,False,False,True,3.0,2,4,1,1,2,2,0.5,0.75,0.0,0.0,3.0,26.0,0.30000000000000004,0.1,0.75,0.0,0.19999999999999996,0.0
30,0.7,0.7,0.25,0.5,False,False,True,5.0,0,0,0,0,0,0,,,,,,,,,,,,
30,0.7,0.7,0.25,0.5,False,False,True,8.0,0,0,0,0,0,0,,,,,,,,,,,,
30,0.7,0.7,0.25,0.5,False,True,False,3.0,9,4,2,1,3,2,0.1111111111111111,0.75,0.0,0.0,3.0,26.0,0.28888888888888886,0.02222222222222222,0.75,0.0,-0.17777777777777776,0.0
30,0.7,0.7,0.25,0.5,False,True,False,5.0,0,0,0,0,0,0,,,,,,,,,,,,
30,0.7,0.7,0.25,0.5,False,True,False,8.0,0,0,0,0,0,0,,,,,,,,,,,,
30,0.7,0.7,0.25,0.5,False,True,True,3.0,2,4,1,1,2,2,0.5,0.75,0.0,0.0,3.0,26.0,0.30000000000000004,0.1,0.75,0.0,0.19999999999999996,0.0
30,0.7,0.7,0.25,0.5,False,True,True,5.0,0,0,0,0,0,0,,,,,,,,,,,,
30,0.7,0.7,0.25,0.5,False,True,True,8.0,0,0,0,0,0,0,,,,,,,,,,,,
30,0.7,0.7,0.25,0.5,True,False,False,3.0,9,4,2,1,3,2,0.1111111111111111,0.75,0.0,0.0,3.0,26.0,0.28888888888888886,0.02222222222222222,0.75,0.0,-0.17777777777777776,0.0
30,0.7,0.7,0.25,0.5,True,False,False,5.0,0,0,0,0,0,0,,,,,,,,,,,,
30,0.7,0.7,0.25,0.5,True,False,False,8.0,0,0,0,0,0,0,,,,,,,,,,,,
30,0.7,0.7,0.25,0.5,True,False,True,3.0,2,4,1,1,2,2,0.5,0.75,0.0,0.0,3.0,26.0,0.30000000000000004,0.1,0.75,0.0,0.19999999999999996,0.0
30,0.7,0.7,0.25,0.5,True,False,True,5.0,0,0,0,0,0,0,,,,,,,,,,,,
30,0.7,0.7,0.25,0.5,True,False,True,8.0,0,0,0,0,0,0,,,,,,,,,,,,
30,0.7,0.7,0.25,0.5,True,True,False,3.0,9,4,2,1,3,2,0.1111111111111111,0.75,0.0,0.0,3.0,26.0,0.28888888888888886,0.02222222222222222,0.75,0.0,-0.17777777777777776,0.0
30,0.7,0.7,0.25,0.5,True,True,False,5.0,0,0,0,0,0,0,,,,,,,,,,,,
30,0.7,0.7,0.25,0.5,True,True,False,8.0,0,0,0,0,0,0,,,,,,,,,,,,
30,0.7,0.7,0.25,0.5,True,True,True,3.0,2,4,1,1,2,2,0.5,0.75,0.0,0.0,3.0,26.0,0.30000000000000004,0.1,0.75,0.0,0.19999999999999996,0.0
30,0.7,0.7,0.25,0.5,True,True,True,5.0,0,0,0,0,0,0,,,,,,,,,,,,
30,0.7,0.7,0.25,0.5,True,True,True,8.0,0,0,0,0,0,0,,,,,,,,,,,,
30,0.7,0.7,0.25,1.0,False,False,False,3.0,9,4,2,1,3,2,0.1111111111111111,0.75,0.0,0.0,3.0,26.0,0.28888888888888886,0.02222222222222222,0.75,0.0,-0.17777777777777776,0.0
30,0.7,0.7,0.25,1.0,False,False,False,5.0,0,0,0,0,0,0,,,,,,,,,,,,
30,0.7,0.7,0.25,1.0,False,False,False,8.0,0,0,0,0,0,0,,,,,,,,,,,,
30,0.7,0.7,0.25,1.0,False,False,True,3.0,2,4,1,1,2,2,0.5,0.75,0.0,0.0,3.0,26.0,0.30000000000000004,0.1,0.75,0.0,0.19999999999999996,0.0
30,0.7,0.7,0.25,1.0,False,False,True,5.0,0,0,0,0,0,0,,,,,,,,,,,,
30,0.7,0.7,0.25,1.0,False,False,True,8.0,0,0,0,0,0,0,,,,,,,,,,,,
30,0.7,0.7,0.25,1.0,False,True,False,3.0,9,4,2,1,3,2,0.1111111111111111,0.75,0.0,0.0,3.0,26.0,0.28888888888888886,0.02222222222222222,0.75,0.0,-0.17777777777777776,0.0
30,0.7,0.7,0.25,1.0,False,True,False,5.0,0,0,0,0,0,0,,,,,,,,,,,,
30,0.7,0.7,0.25,1.0,False,True,False,8.0,0,0,0,0,0,0,,,,,,,,,,,,
30,0.7,0.7,0.25,1.0,False,True,True,3.0,2,4,1,1,2,2,0.5,0.75,0.0,0.0,3.0,26.0,0.30000000000000004,0.1,0.75,0.0,0.19999999999999996,0.0
30,0.7,0.7,0.25,1.0,False,True,True,5.0,0,0,0,0,0,0,,,,,,,,,,,,
30,0.7,0.7,0.25,1.0,False,True,True,8.0,0,0,0,0,0,0,,,,,,,,,,,,
30,0.7,0.7,0.25,1.0,True,False,False,3.0,9,4,2,1,3,2,0.1111111111111111,0.75,0.0,0.0,3.0,26.0,0.28888888888888886,0.02222222222222222,0.75,0.0,-0.17777777777777776,0.0
30,0.7,0.7,0.25,1.0,True,False,False,5.0,0,0,0,0,0,0,,,,,,,,,,,,
30,0.7,0.7,0.25,1.0,True,False,False,8.0,0,0,0,0,0,0,,,,,,,,,,,,
30,0.7,0.7,0.25,1.0,True,False,True,3.0,2,4,1,1,2,2,0.5,0.75,0.0,0.0,3.0,26.0,0.30000000000000004,0.1,0.75,0.0,0.19999999999999996,0.0
30,0.7,0.7,0.25,1.0,True,False,True,5.0,0,0,0,0,0,0,,,,,,,,,,,,
30,0.7,0.7,0.25,1.0,True,False,True,8.0,0,0,0,0,0,0,,,,,,,,,,,,
30,0.7,0.7,0.25,1.0,True,True,False,3.0,9,4,2,1,3,2,0.1111111111111111,0.75,0.0,0.0,3.0,26.0,0.28888888888888886,0.02222222222222222,0.75,0.0,-0.17777777777777776,0.0
30,0.7,0.7,0.25,1.0,True,True,False,5.0,0,0,0,0,0,0,,,,,,,,,,,,
30,0.7,0.7,0.25,1.0,True,True,False,8.0,0,0,0,0,0,0,,,,,,,,,,,,
30,0.7,0.7,0.25,1.0,True,True,True,3.0,2,4,1,1,2,2,0.5,0.75,0.0,0.0,3.0,26.0,0.30000000000000004,0.1,0.75,0.0,0.19999999999999996,0.0
30,0.7,0.7,0.25,1.0,True,True,True,5.0,0,0,0,0,0,0,,,,,,,,,,,,
30,0.7,0.7,0.25,1.0,True,True,True,8.0,0,0,0,0,0,0,,,,,,,,,,,,
30,0.7,0.7,0.25,2.0,False,False,False,3.0,9,4,2,1,3,2,0.1111111111111111,0.75,0.0,0.0,3.0,26.0,0.28888888888888886,0.02222222222222222,0.75,0.0,-0.17777777777777776,0.0
30,0.7,0.7,0.25,2.0,False,False,False,5.0,0,0,0,0,0,0,,,,,,,,,,,,
30,0.7,0.7,0.25,2.0,False,False,False,8.0,0,0,0,0,0,0,,,,,,,,,,,,
30,0.7,0.7,0.25,2.0,False,False,True,3.0,2,4,1,1,2,2,0.5,0.75,0.0,0.0,3.0,26.0,0.30000000000000004,0.1,0.75,0.0,0.19999999999999996,0.0
30,0.7,0.7,0.25,2.0,False,False,True,5.0,0,0,0,0,0,0,,,,,,,,,,,,
30,0.7,0.7,0.25,2.0,False,False,True,8.0,0,0,0,0,0,0,,,,,,,,,,,,
30,0.7,0.7,0.25,2.0,False,True,False,3.0,9,4,2,1,3,2,0.1111111111111111,0.75,0.0,0.0,3.0,26.0,0.28888888888888886,0.02222222222222222,0.75,0.0,-0.17777777777777776,0.0
30,0.7,0.7,0.25,2.0,False,True,False,5.0,0,0,0,0,0,0,,,,,,,,,,,,
30,0.7,0.7,0.25,2.0,False,True,False,8.0,0,0,0,0,0,0,,,,,,,,,,,,
30,0.7,0.7,0.25,2.0,False,True,True,3.0,2,4,1,1,2,2,0.5,0.75,0.0,0.0,3.0,26.0,0.30000000000000004,0.1,0.75,0.0,0.19999999999999996,0.0
30,0.7,0.7,0.25,2.0,False,True,True,5.0,0,0,0,0,0,0,,,,,,,,,,,,
30,0.7,0.7,0.25,2.0,False,True,True,8.0,0,0,0,0,0,0,,,,,,,,,,,,
30,0.7,0.7,0.25,2.0,True,False,False,3.0,9,4,2,1,3,2,0.1111111111111111,0.75,0.0,0.0,3.0,26.0,0.28888888888888886,0.02222222222222222,0.75,0.0,-0.17777777777777776,0.0
30,0.7,0.7,0.25,2.0,True,False,False,5.0,0,0,0,0,0,0,,,,,,,,,,,,
30,0.7,0.7,0.25,2.0,True,False,False,8.0,0,0,0,0,0,0,,,,,,,,,,,,
30,0.7,0.7,0.25,2.0,True,False,True,3.0,2,4,1,1,2,2,0.5,0.75,0.0,0.0,3.0,26.0,0.30000000000000004,0.1,0.75,0.0,0.19999999999999996,0.0
30,0.7,0.7,0.25,2.0,True,False,True,5.0,0,0,0,0,0,0,,,,,,,,,,,,
30,0.7,0.7,0.25,2.0,True,False,True,8.0,0,0,0,0,0,0,,,,,,,,,,,,
30,0.7,0.7,0.25,2.0,True,True,False,3.0,9,4,2,1,3,2,0.1111111111111111,0.75,0.0,0.0,3.0,26.0,0.28888888888888886,0.02222222222222222,0.75,0.0,-0.17777777777777776,0.0
30,0.7,0.7,0.25,2.0,True,True,False,5.0,0,0,0,0,0,0,,,,,,,,,,,,
30,0.7,0.7,0.25,2.0,True,True,False,8.0,0,0,0,0,0,0,,,,,,,,,,,,
30,0.7,0.7,0.25,2.0,True,True,True,3.0,2,4,1,1,2,2,0.5,0.75,0.0,0.0,3.0,26.0,0.30000000000000004,0.1,0.75,0.0,0.19999999999999996,0.0
30,0.7,0.7,0.25,2.0,True,True,True,5.0,0,0,0,0,0,0,,,,,,,,,,,,
30,0.7,0.7,0.25,2.0,True,True,True,8.0,0,0,0,0,0,0,,,,,,,,,,,,
30,0.7,0.7,0.5,0.5,False,False,False,3.0,11,5,2,1,3,2,0.09090909090909091,0.8,0.0,0.0,3.0,25.0,0.2363636363636364,0.05454545454545454,0.76,0.0,-0.14545454545454548,0.040000000000000036
30,0.7,0.7,0.5,0.5,False,False,False,5.0,2,1,1,1,1,1,0.0,1.0,0.0,0.0,,19.0,0.0,0.2,0.8,0.0,0.0,0.19999999999999996
30,0.7,0.7,0.5,0.5,False,False,False,8.0,0,0,0,0,0,0,,,,,,,,,,,,
30,0.7,0.7,0.5,0.5,False,False,True,3.0,4,5,1,1,2,2,0.25,0.8,0.0,0.0,3.0,25.0,0.15,0.15,0.76,0.0,0.1,0.040000000000000036
30,0.7,0.7,0.5,0.5,False,False,True,5.0,2,1,1,1,1,1,0.0,1.0,0.0,0.0,,19.0,0.0,0.2,0.8,0.0,0.0,0.19999999999999996
30,0.7,0.7,0.5,0.5,False,False,True,8.0,0,0,0,0,0,0,,,,,,,,,,,,
30,0.7,0.7,0.5,0.5,False,True,False,3.0,11,5,2,1,3,2,0.09090909090909091,0.8,0.0,0.0,3.0,25.0,0.2363636363636364,0.05454545454545454,0.76,0.0,-0.14545454545454548,0.040000000000000036
30,0.7,0.7,0.5,0.5,False,True,False,5.0,2,1,1,1,1,1,0.0,1.0,0.0,0.0,,19.0,0.0,0.2,0.8,0.0,0.0,0.19999999999999996
30,0.7,0.7,0.5,0.5,False,True,False,8.0,0,0,0,0,0,0,,,,,,,,,,,,
30,0.7,0.7,0.5,0.5,False,True,True,3.0,4,5,1,1,2,2,0.25,0.8,0.0,0.0,3.0,25.0,0.15,0.15,0.76,0.0,0.1,0.040000000000000036
30,0.7,0.7,0.5,0.5,False,True,True,5.0,2,1,1,1,1,1,0.0,1.0,0.0,0.0,,19.0,0.0,0.2,0.8,0.0,0.0,0.19999999999999996
30,0.7,0.7,0.5,0.5,False,True,True,8.0,0,0,0,0,0,0,,,,,,,,,,,,
30,0.7,0.7,0.5,0.5,True,False,False,3.0,11,5,2,1,3,2,0.09090909090909091,0.8,0.0,0.0,3.0,25.0,0.2363636363636364,0.05454545454545454,0.76,0.0,-0.14545454545454548,0.040000000000000036
30,0.7,0.7,0.5,0.5,True,False,False,5.0,2,1,1,1,1,1,0.0,1.0,0.0,0.0,,19.0,0.0,0.2,0.8,0.0,0.0,0.19999999999999996
30,0.7,0.7,0.5,0.5,True,False,False,8.0,0,0,0,0,0,0,,,,,,,,,,,,
30,0.7,0.7,0.5,0.5,True,False,True,3.0,4,5,1,1,2,2,0.25,0.8,0.0,0.0,3.0,25.0,0.15,0.15,0.76,0.0,0.1,0.040000000000000036
30,0.7,0.7,0.5,0.5,True,False,True,5.0,2,1,1,1,1,1,0.0,1.0,0.0,0.0,,19.0,0.0,0.2,0.8,0.0,0.0,0.19999999999999996
30,0.7,0.7,0.5,0.5,True,False,True,8.0,0,0,0,0,0,0,,,,,,,,,,,,
30,0.7,0.7,0.5,0.5,True,True,False,3.0,11,5,2,1,3,2,0.09090909090909091,0.8,0.0,0.0,3.0,25.0,0.2363636363636364,0.05454545454545454,0.76,0.0,-0.14545454545454548,0.040000000000000036
30,0.7,0.7,0.5,0.5,True,True,False,5.0,2,1,1,1,1,1,0.0,1.0,0.0,0.0,,19.0,0.0,0.2,0.8,0.0,0.0,0.19999999999999996
30,0.7,0.7,0.5,0.5,True,True,False,8.0,0,0,0,0,0,0,,,,,,,,,,,,
30,0.7,0.7,0.5,0.5,True,True,True,3.0,4,5,1,1,2,2,0.25,0.8,0.0,0.0,3.0,25.0,0.15,0.15,0.76,0.0,0.1,0.040000000000000036
30,0.7,0.7,0.5,0.5,True,True,True,5.0,2,1,1,1,1,1,0.0,1.0,0.0,0.0,,19.0,0.0,0.2,0.8,0.0,0.0,0.19999999999999996
30,0.7,0.7,0.5,0.5,True,True,True,8.0,0,0,0,0,0,0,,,,,,,,,,,,
30,0.7,0.7,0.5,1.0,False,False,False,3.0,11,5,2,1,3,2,0.09090909090909091,0.8,0.0,0.0,3.0,25.0,0.2363636363636364,0.05454545454545454,0.76,0.0,-0.14545454545454548,0.040000000000000036
30,0.7,0.7,0.5,1.0,False,False,False,5.0,2,1,1,1,1,1,0.0,1.0,0.0,0.0,,19.0,0.0,0.2,0.8,0.0,0.0,0.19999999999999996
30,0.7,0.7,0.5,1.0,False,False,False,8.0,0,0,0,0,0,0,,,,,,,,,,,,
30,0.7,0.7,0.5,1.0,False,False,True,3.0,4,5,1,1,2,2,0.25,0.8,0.0,0.0,3.0,25.0,0.15,0.15,0.76,0.0,0.1,0.040000000000000036
30,0.7,0.7,0.5,1.0,False,False,True,5.0,2,1,1,1,1,1,0.0,1.0,0.0,0.0,,19.0,0.0,0.2,0.8,0.0,0.0,0.19999999999999996
30,0.7,0.7,0.5,1.0,False,False,True,8.0,0,0,0,0,0,0,,,,,,,,,,,,
30,0.7,0.7,0.5,1.0,False,True,False,3.0,11,5,2,1,3,2,0.09090909090909091,0.8,0.0,0.0,3.0,25.0,0.2363636363636364,0.05454545454545454,0.76,0.0,-0.14545454545454548,0.040000000000000036
30,0.7,0.7,0.5,1.0,False,True,False,5.0,2,1,1,1,1,1,0.0,1.0,0.0,0.0,,19.0,0.0,0.2,0.8,0.0,0.0,0.19999999999999996
30,0.7,0.7,0.5,1.0,False,True,False,8.0,0,0,0,0,0,0,,,,,,,,,,,,
30,0.7,0.7,0.5,1.0,False,True,True,3.0,4,5,1,1,2,2,0.25,0.8,0.0,0.0,3.0,25.0,0.15,0.15,0.76,0.0,0.1,0.040000000000000036
30,0.7,0.7,0.5,1.0,False,True,True,5.0,2,1,1,1,1,1,0.0,1.0,0.0,0.0,,19.0,0.0,0.2,0.8,0.0,0.0,0.19999999999999996
30,0.7,0.7,0.5,1.0,False,True,True,8.0,0,0,0,0,0,0,,,,,,,,,,,,
30,0.7,0.7,0.5,1.0,True,False,False,3.0,11,5,2,1,3,2,0.09090909090909091,0.8,0.0,0.0,3.0,25.0,0.2363636363636364,0.05454545454545454,0.76,0.0,-0.14545454545454548,0.040000000000000036
30,0.7,0.7,0.5,1.0,True,False,False,5.0,2,1,1,1,1,1,0.0,1.0,0.0,0.0,,19.0,0.0,0.2,0.8,0.0,0.0,0.19999999999999996
30,0.7,0.7,0.5,1.0,True,False,False,8.0,0,0,0,0,0,0,,,,,,,,,,,,
30,0.7,0.7,0.5,1.0,True,False,True,3.0,4,5,1,1,2,2,0.25,0.8,0.0,0.0,3.0,25.0,0.15,0.15,0.76,0.0,0.1,0.040000000000000036
30,0.7,0.7,0.5,1.0,True,False,True,5.0,2,1,1,1,1,1,0.0,1.0,0.0,0.0,,19.0,0.0,0.2,0.8,0.0,0.0,0.19999999999999996
30,0.7,0.7,0.5,1.0,True,False,True,8.0,0,0,0,0,0,0,,,,,,,,,,,,
30,0.7,0.7,0.5,1.0,True,True,False,3.0,11,5,2,1,3,2,0.09090909090909091,0.8,0.0,0.0,3.0,25.0,0.2363636363636364,0.05454545454545454,0.76,0.0,-0.14545454545454548,0.040000000000000036
30,0.7,0.7,0.5,1.0,True,True,False,5.0,2,1,1,1,1,1,0.0,1.0,0.0,0.0,,19.0,0.0,0.2,0.8,0.0,0.0,0.19999999999999996
30,0.7,0.7,0.5,1.0,True,True,False,8.0,0,0,0,0,0,0,,,,,,,,,,,,
30,0.7,0.7,0.5,1.0,True,True,True,3.0,4,5,1,1,2,2,0.25,0.8,0.0,0.0,3.0,25.0,0.15,0.15,0.76,0.0,0.1,0.040000000000000036
30,0.7,0.7,0.5,1.0,True,True,True,5.0,2,1,1,1,1,1,0.0,1.0,0.0,0.0,,19.0,0.0,0.2,0.8,0.0,0.0,0.19999999999999996
30,0.7,0.7,0.5,1.0,True,True,True,8.0,0,0,0,0,0,0,,,,,,,,,,,,
30,0.7,0.7,0.5,2.0,False,False,False,3.0,9,5,2,1,3,2,0.1111111111111111,0.8,0.0,0.0,3.0,25.0,0.28888888888888886,0.02222222222222222,0.76,0.0,-0.17777777777777776,0.040000000000000036
30,0.7,0.7,0.5,2.0,False,False,False,5.0,0,1,0,1,0,1,,1.0,,0.0,,19.0,,,0.8,0.0,,0.19999999999999996
30,0.7,0.7,0.5,2.0,False,False,False,8.0,0,0,0,0,0,0,,,,,,,,,,,,
30,0.7,0.7,0.5,2.0,False,False,True,3.0,2,5,1,1,2,2,0.5,0.8,0.0,0.0,3.0,25.0,0.30000000000000004,0.1,0.76,0.0,0.19999999999999996,0.040000000000000036
30,0.7,0.7,0.5,2.0,False,False,True,5.0,0,1,0,1,0,1,,1.0,,0.0,,19.0,,,0.8,0.0,,0.19999999999999996
30,0.7,0.7,0.5,2.0,False,False,True,8.0,0,0,0,0,0,0,,,,,,,,,,,,
30,0.7,0.7,0.5,2.0,False,True,False,3.0,9,5,2,1,3,2,0.1111111111111111,0.8,0.0,0.0,3.0,25.0,0.28888888888888886,0.02222222222222222,0.76,0.0,-0.17777777777777776,0.040000000000000036
30,0.7,0.7,0.5,2.0,False,True,False,5.0,0,1,0,1,0,1,,1.0,,0.0,,19.0,,,0.8,0.0,,0.19999999999999996
30,0.7,0.7,0.5,2.0,False,True,False,8.0,0,0,0,0,0,0,,,,,,,,,,,,
30,0.7,0.7,0.5,2.0,False,True,True,3.0,2,5,1,1,2,2,0.5,0.8,0.0,0.0,3.0,25.0,0.30000000000000004,0.1,0.76,0.0,0.19999999999999996,0.040000000000000036
30,0.7,0.7,0.5,2.0,False,True,True,5.0,0,1,0,1,0,1,,1.0,,0.0,,19.0,,,0.8,0.0,,0.19999999999999996
30,0.7,0.7,0.5,2.0,False,True,True,8.0,0,0,0,0,0,0,,,,,,,,,,,,
30,0.7,0.7,0.5,2.0,True,False,False,3.0,9,5,2,1,3,2,0.1111111111111111,0.8,0.0,0.0,3.0,25.0,0.28888888888888886,0.02222222222222222,0.76,0.0,-0.17777777777777776,0.040000000000000036
30,0.7,0.7,0.5,2.0,True,False,False,5.0,0,1,0,1,0,1,,1.0,,0.0,,19.0,,,0.8,0.0,,0.19999999999999996
30,0.7,0.7,0.5,2.0,True,False,False,8.0,0,0,0,0,0,0,,,,,,,,,,,,
30,0.7,0.7,0.5,2.0,True,False,True,3.0,2,5,1,1,2,2,0.5,0.8,0.0,0.0,3.0,25.0,0.30000000000000004,0.1,0.76,0.0,0.19999999999999996,0.040000000000000036
30,0.7,0.7,0.5,2.0,True,False,True,5.0,0,1,0,1,0,1,,1.0,,0.0,,19.0,,,0.8,0.0,,0.19999999999999996
30,0.7,0.7,0.5,2.0,True,False,True,8.0,0,0,0,0,0,0,,,,,,,,,,,,
30,0.7,0.7,0.5,2.0,True,True,False,3.0,9,5,2,1,3,2,0.1111111111111111,0.8,0.0,0.0,3.0,25.0,0.28888888888888886,0.02222222222222222,0.76,0.0,-0.17777777777777776,0.040000000000000036
30,0.7,0.7,0.5,2.0,True,True,False,5.0,0,1,0,1,0,1,,1.0,,0.0,,19.0,,,0.8,0.0,,0.19999999999999996
30,0.7,0.7,0.5,2.0,True,True,False,8.0,0,0,0,0,0,0,,,,,,,,,,,,
30,0.7,0.7,0.5,2.0,True,True,True,3.0,2,5,1,1,2,2,0.5,0.8,0.0,0.0,3.0,25.0,0.30000000000000004,0.1,0.76,0.0,0.19999999999999996,0.040000000000000036
30,0.7,0.7,0.5,2.0,True,True,True,5.0,0,1,0,1,0,1,,1.0,,0.0,,19.0,,,0.8,0.0,,0.19999999999999996
30,0.7,0.7,0.5,2.0,True,True,True,8.0,0,0,0,0,0,0,,,,,,,,,,,,
30,0.7,0.85,0.25,0.5,False,False,False,3.0,3,3,2,1,2,1,0.3333333333333333,0.6666666666666666,0.0,0.0,3.0,27.0,0.4666666666666667,0.0,0.7333333333333334,0.0,-0.13333333333333336,-0.06666666666666676
30,0.7,0.85,0.25,0.5,False,False,False,5.0,0,0,0,0,0,0,,,,,,,,,,,,
30,0.7,0.85,0.25,0.5,False,False,False,8.0,0,0,0,0,0,0,,,,,,,,,,,,
30,0.7,0.85,0.25,0.5,False,False,True,3.0,1,3,1,1,1,1,1.0,0.6666666666666666,0.0,0.0,3.0,27.0,0.6000000000000001,0.0,0.7333333333333334,0.0,0.3999999999999999,-0.06666666666666676
30,0.7,0.85,0.25,0.5,False,False,True,5.0,0,0,0,0,0,0,,,,,,,,,,,,
30,0.7,0.85,0.25,0.5,False,False,True,8.0,0,0,0,0,0,0,,,,,,,,,,,,
30,0.7,0.85,0.25,0.5,False,True,False,3.0,3,3,2,1,2,1,0.3333333333333333,0.6666666666666666,0.0,0.0,3.0,27.0,0.4666666666666667,0.0,0.7333333333333334,0.0,-0.13333333333333336,-0.06666666666666676
30,0.7,0.85,0.25,0.5,False,True,False,5.0,0,0,0,0,0,0,,,,,,,,,,,,
30,0.7,0.85,0.25,0.5,False,True,False,8.0,0,0,0,0,0,0,,,,,,,,,,,,
30,0.7,0.85,0.25,0.5,False,True,True,3.0,1,3,1,1,1,1,1.0,0.6666666666666666,0.0,0.0,3.0,27.0,0.6000000000000001,0.0,0.7333333333333334,0.0,0.3999999999999999,-0.06666666666666676
30,0.7,0.85,0.25,0.5,False,True,True,5.0,0,0,0,0,0,0,,,,,,,,,,,,
30,0.7,0.85,0.25,0.5,False,True,True,8.0,0,0,0,0,0,0,,,,,,,,,,,,
30,0.7,0.85,0.25,0.5,True,False,False,3.0,3,3,2,1,2,1,0.3333333333333333,0.6666666666666666,0.0,0.0,3.0,27.0,0.4666666666666667,0.0,0.7333333333333334,0.0,-0.13333333333333336,-0.06666666666666676
30,0.7,0.85,0.25,0.5,True,False,False,5.0,0,0,0,0,0,0,,,,,,,,,,,,
30,0.7,0.85,0.25,0.5,True,False,False,8.0,0,0,0,0,0,0,,,,,,,,,,,,
30,0.7,0.85,0.25,0.5,True,False,True,3.0,1,3,1,1,1,1,1.0,0.6666666666666666,0.0,0.0,3.0,27.0,0.6000000000000001,0.0,0.7333333333333334,0.0,0.3999999999999999,-0.06666666666666676
30,0.7,0.85,0.25,0.5,True,False,True,5.0,0,0,0,0,0,0,,,,,,,,,,,,
30,0.7,0.85,0.25,0.5,True,False,True,8.0,0,0,0,0,0,0,,,,,,,,,,,,
30,0.7,0.85,0.25,0.5,True,True,False,3.0,3,3,2,1,2,1,0.3333333333333333,0.6666666666666666,0.0,0.0,3.0,27.0,0.4666666666666667,0.0,0.7333333333333334,0.0,-0.13333333333333336,-0.06666666666666676
30,0.7,0.85,0.25,0.5,True,True,False,5.0,0,0,0,0,0,0,,,,,,,,,,,,
30,0.7,0.85,0.25,0.5,True,True,False,8.0,0,0,0,0,0,0,,,,,,,,,,,,
30,0.7,0.85,0.25,0.5,True,True,True,3.0,1,3,1,1,1,1,1.0,0.6666666666666666,0.0,0.0,3.0,27.0,0.6000000000000001,0.0,0.7333333333333334,0.0,0.3999999999999999,-0.06666666666666676
30,0.7,0.85,0.25,0.5,True,True,True,5.0,0,0,0,0,0,0,,,,,,,,,,,,
30,0.7,0.85,0.25,0.5,True,True,True,8.0,0,0,0,0,0,0,,,,,,,,,,,,
30,0.7,0.85,0.25,1.0,False,False,False,3.0,3,3,2,1,2,1,0.3333333333333333,0.6666666666666666,0.0,0.0,3.0,27.0,0.4666666666666667,0.0,0.7333333333333334,0.0,-0.13333333333333336,-0.06666666666666676
30,0.7,0.85,0.25,1.0,False,False,False,5.0,0,0,0,0,0,0,,,,,,,,,,,,
30,0.7,0.85,0.25,1.0,False,False,False,8.0,0,0,0,0,0,0,,,,,,,,,,,,
30,0.7,0.85,0.25,1.0,False,False,True,3.0,1,3,1,1,1,1,1.0,0.6666666666666666,0.0,0.0,3.0,27.0,0.6000000000000001,0.0,0.7333333333333334,0.0,0.3999999999999999,-0.06666666666666676
30,0.7,0.85,0.25,1.0,False,False,True,5.0,0,0,0,0,0,0,,,,,,,,,,,,
30,0.7,0.85,0.25,1.0,False,False,True,8.0,0,0,0,0,0,0,,,,,,,,,,,,
30,0.7,0.85,0.25,1.0,False,True,False,3.0,3,3,2,1,2,1,0.3333333333333333,0.6666666666666666,0.0,0.0,3.0,27.0,0.4666666666666667,0.0,0.7333333333333334,0.0,-0.13333333333333336,-0.06666666666666676
30,0.7,0.85,0.25,1.0,False,True,False,5.0,0,0,0,0,0,0,,,,,,,,,,,,
30,0.7,0.85,0.25,1.0,False,True,False,8.0,0,0,0,0,0,0,,,,,,,,,,,,
30,0.7,0.85,0.25,1.0,False,True,True,3.0,1,3,1,1,1,1,1.0,0.6666666666666666,0.0,0.0,3.0,27.0,0.6000000000000001,0.0,0.7333333333333334,0.0,0.3999999999999999,-0.06666666666666676
30,0.7,0.85,0.25,1.0,False,True,True,5.0,0,0,0,0,0,0,,,,,,,,,,,,
30,0.7,0.85,0.25,1.0,False,True,True,8.0,0,0,0,0,0,0,,,,,,,,,,,,
30,0.7,0.85,0.25,1.0,True,False,False,3.0,3,3,2,1,2,1,0.3333333333333333,0.6666666666666666,0.0,0.0,3.0,27.0,0.4666666666666667,0.0,0.7333333333333334,0.0,-0.13333333333333336,-0.06666666666666676
30,0.7,0.85,0.25,1.0,True,False,False,5.0,0,0,0,0,0,0,,,,,,,,,,,,
30,0.7,0.85,0.25,1.0,True,False,False,8.0,0,0,0,0,0,0,,,,,,,,,,,,
30,0.7,0.85,0.25,1.0,True,False,True,3.0,1,3,1,1,1,1,1.0,0.6666666666666666,0.0,0.0,3.0,27.0,0.6000000000000001,0.0,0.7333333333333334,0.0,0.3999999999999999,-0.06666666666666676
30,0.7,0.85,0.25,1.0,True,False,True,5.0,0,0,0,0,0,0,,,,,,,,,,,,
30,0.7,0.85,0.25,1.0,True,False,True,8.0,0,0,0,0,0,0,,,,,,,,,,,,
30,0.7,0.85,0.25,1.0,True,True,False,3.0,3,3,2,1,2,1,0.3333333333333333,0.6666666666666666,0.0,0.0,3.0,27.0,0.4666666666666667,0.0,0.7333333333333334,0.0,-0.13333333333333336,-0.06666666666666676
30,0.7,0.85,0.25,1.0,True,True,False,5.0,0,0,0,0,0,0,,,,,,,,,,,,
30,0.7,0.85,0.25,1.0,True,True,False,8.0,0,0,0,0,0,0,,,,,,,,,,,,
30,0.7,0.85,0.25,1.0,True,True,True,3.0,1,3,1,1,1,1,1.0,0.6666666666666666,0.0,0.0,3.0,27.0,0.6000000000000001,0.0,0.7333333333333334,0.0,0.3999999999999999,-0.06666666666666676
30,0.7,0.85,0.25,1.0,True,True,True,5.0,0,0,0,0,0,0,,,,,,,,,,,,
30,0.7,0.85,0.25,1.0,True,True,True,8.0,0,0,0,0,0,0,,,,,,,,,,,,
30,0.7,0.85,0.25,2.0,False,False,False,3.0,3,3,2,1,2,1,0.3333333333333333,0.6666666666666666,0.0,0.0,3.0,27.0,0.4666666666666667,0.0,0.7333333333333334,0.0,-0.13333333333333336,-0.06666666666666676
30,0.7,0.85,0.25,2.0,False,False,False,5.0,0,0,0,0,0,0,,,,,,,,,,,,
30,0.7,0.85,0.25,2.0,False,False,False,8.0,0,0,0,0,0,0,,,,,,,,,,,,
30,0.7,0.85,0.25,2.0,False,False,True,3.0,1,3,1,1,1,1,1.0,0.6666666666666666,0.0,0.0,3.0,27.0,0.6000000000000001,0.0,0.7333333333333334,0.0,0.3999999999999999,-0.06666666666666676
30,0.7,0.85,0.25,2.0,False,False,True,5.0,0,0,0,0,0,0,,,,,,,,,,,,
30,0.7,0.85,0.25,2.0,False,False,True,8.0,0,0,0,0,0,0,,,,,,,,,,,,
30,0.7,0.85,0.25,2.0,False,True,False,3.0,3,3,2,1,2,1,0.3333333333333333,0.6666666666666666,0.0,0.0,3.0,27.0,0.4666666666666667,0.0,0.7333333333333334,0.0,-0.13333333333333336,-0.06666666666666676
30,0.7,0.85,0.25,2.0,False,True,False,5.0,0,0,0,0,0,0,,,,,,,,,,,,
30,0.7,0.85,0.25,2.0,False,True,False,8.0,0,0,0,0,0,0,,,,,,,,,,,,
30,0.7,0.85,0.25,2.0,False,True,True,3.0,1,3,1,1,1,1,1.0,0.6666666666666666,0.0,0.0,3.0,27.0,0.6000000000000001,0.0,0.7333333333333334,0.0,0.3999999999999999,-0.06666666666666676
30,0.7,0.85,0.25,2.0,False,True,True,5.0,0,0,0,0,0,0,,,,,,,,,,,,
30,0.7,0.85,0.25,2.0,False,True,True,8.0,0,0,0,0,0,0,,,,,,,,,,,,
30,0.7,0.85,0.25,2.0,True,False,False,3.0,3,3,2,1,2,1,0.3333333333333333,0.6666666666666666,0.0,0.0,3.0,27.0,0.4666666666666667,0.0,0.7333333333333334,0.0,-0.13333333333333336,-0.06666666666666676
30,0.7,0.85,0.25,2.0,True,False,False,5.0,0,0,0,0,0,0,,,,,,,,,,,,
30,0.7,0.85,0.25,2.0,True,False,False,8.0,0,0,0,0,0,0,,,,,,,,,,,,
30,0.7,0.85,0.25,2.0,True,False,True,3.0,1,3,1,1,1,1,1.0,0.6666666666666666,0.0,0.0,3.0,27.0,0.6000000000000001,0.0,0.7333333333333334,0.0,0.3999999999999999,-0.06666666666666676
30,0.7,0.85,0.25,2.0,True,False,True,5.0,0,0,0,0,0,0,,,,,,,,,,,,
30,0.7,0.85,0.25,2.0,True,False,True,8.0,0,0,0,0,0,0,,,,,,,,,,,,
30,0.7,0.85,0.25,2.0,True,True,False,3.0,3,3,2,1,2,1,0.3333333333333333,0.6666666666666666,0.0,0.0,3.0,27.0,0.4666666666666667,0.0,0.7333333333333334,0.0,-0.13333333333333336,-0.06666666666666676
30,0.7,0.85,0.25,2.0,True,True,False,5.0,0,0,0,0,0,0,,,,,,,,,,,,
30,0.7,0.85,0.25,2.0,True,True,False,8.0,0,0,0,0,0,0,,,,,,,,,,,,
30,0.7,0.85,0.25,2.0,True,True,True,3.0,1,3,1,1,1,1,1.0,0.6666666666666666,0.0,0.0,3.0,27.0,0.6000000000000001,0.0,0.7333333333333334,0.0,0.3999999999999999,-0.06666666666666676
30,0.7,0.85,0.25,2.0,True,True,True,5.0,0,0,0,0,0,0,,,,,,,,,,,,
30,0.7,0.85,0.25,2.0,True,True,True,8.0,0,0,0,0,0,0,,,,,,,,,,,,
30,0.7,0.85,0.5,0.5,False,False,False,3.0,3,3,2,1,2,1,0.3333333333333333,0.6666666666666666,0.0,0.0,3.0,27.0,0.4666666666666667,0.0,0.7333333333333334,0.0,-0.13333333333333336,-0.06666666666666676
30,0.7,0.85,0.5,0.5,False,False,False,5.0,0,0,0,0,0,0,,,,,,,,,,,,
30,0.7,0.85,0.5,0.5,False,False,False,8.0,0,0,0,0,0,0,,,,,,,,,,,,
30,0.7,0.85,0.5,0.5,False,False,True,3.0,1,3,1,1,1,1,1.0,0.6666666666666666,0.0,0.0,3.0,27.0,0.6000000000000001,0.0,0.7333333333333334,0.0,0.3999999999999999,-0.06666666666666676
30,0.7,0.85,0.5,0.5,False,False,True,5.0,0,0,0,0,0,0,,,,,,,,,,,,
30,0.7,0.85,0.5,0.5,False,False,True,8.0,0,0,0,0,0,0,,,,,,,,,,,,
30,0.7,0.85,0.5,0.5,False,True,False,3.0,3,3,2,1,2,1,0.3333333333333333,0.6666666666666666,0.0,0.0,3.0,27.0,0.4666666666666667,0.0,0.7333333333333334,0.0,-0.13333333333333336,-0.06666666666666676
30,0.7,0.85,0.5,0.5,False,True,False,5.0,0,0,0,0,0,0,,,,,,,,,,,,
30,0.7,0.85,0.5,0.5,False,True,False,8.0,0,0,0,0,0,0,,,,,,,,,,,,
30,0.7,0.85,0.5,0.5,False,True,True,3.0,1,3,1,1,1,1,1.0,0.6666666666666666,0.0,0.0,3.0,27.0,0.6000000000000001,0.0,0.7333333333333334,0.0,0.3999999999999999,-0.06666666666666676
30,0.7,0.85,0.5,0.5,False,True,True,5.0,0,0,0,0,0,0,,,,,,,,,,,,
30,0.7,0.85,0.5,0.5,False,True,True,8.0,0,0,0,0,0,0,,,,,,,,,,,,
30,0.7,0.85,0.5,0.5,True,False,False,3.0,3,3,2,1,2,1,0.3333333333333333,0.6666666666666666,0.0,0.0,3.0,27.0,0.4666666666666667,0.0,0.7333333333333334,0.0,-0.13333333333333336,-0.06666666666666676
30,0.7,0.85,0.5,0.5,True,False,False,5.0,0,0,0,0,0,0,,,,,,,,,,,,
30,0.7,0.85,0.5,0.5,True,False,False,8.0,0,0,0,0,0,0,,,,,,,,,,,,
30,0.7,0.85,0.5,0.5,True,False,True,3.0,1,3,1,1,1,1,1.0,0.6666666666666666,0.0,0.0,3.0,27.0,0.6000000000000001,0.0,0.7333333333333334,0.0,0.3999999999999999,-0.06666666666666676
30,0.7,0.85,0.5,0.5,True,False,True,5.0,0,0,0,0,0,0,,,,,,,,,,,,
30,0.7,0.85,0.5,0.5,True,False,True,8.0,0,0,0,0,0,0,,,,,,,,,,,,
30,0.7,0.85,0.5,0.5,True,True,False,3.0,3,3,2,1,2,1,0.3333333333333333,0.6666666666666666,0.0,0.0,3.0,27.0,0.4666666666666667,0.0,0.7333333333333334,0.0,-0.13333333333333336,-0.06666666666666676
30,0.7,0.85,0.5,0.5,True,True,False,5.0,0,0,0,0,0,0,,,,,,,,,,,,
30,0.7,0.85,0.5,0.5,True,True,False,8.0,0,0,0,0,0,0,,,,,,,,,,,,
30,0.7,0.85,0.5,0.5,True,True,True,3.0,1,3,1,1,1,1,1.0,0.6666666666666666,0.0,0.0,3.0,27.0,0.6000000000000001,0.0,0.7333333333333334,0.0,0.3999999999999999,-0.06666666666666676
30,0.7,0.85,0.5,0.5,True,True,True,5.0,0,0,0,0,0,0,,,,,,,,,,,,
30,0.7,0.85,0.5,0.5,True,True,True,8.0,0,0,0,0,0,0,,,,,,,,,,,,
30,0.7,0.85,0.5,1.0,False,False,False,3.0,3,3,2,1,2,1,0.3333333333333333,0.6666666666666666,0.0,0.0,3.0,27.0,0.4666666666666667,0.0,0.7333333333333334,0.0,-0.13333333333333336,-0.06666666666666676
30,0.7,0.85,0.5,1.0,False,False,False,5.0,0,0,0,0,0,0,,,,,,,,,,,,
30,0.7,0.85,0.5,1.0,False,False,False,8.0,0,0,0,0,0,0,,,,,,,,,,,,
30,0.7,0.85,0.5,1.0,False,False,True,3.0,1,3,1,1,1,1,1.0,0.6666666666666666,0.0,0.0,3.0,27.0,0.6000000000000001,0.0,0.7333333333333334,0.0,0.3999999999999999,-0.06666666666666676
30,0.7,0.85,0.5,1.0,False,False,True,5.0,0,0,0,0,0,0,,,,,,,,,,,,
30,0.7,0.85,0.5,1.0,False,False,True,8.0,0,0,0,0,0,0,,,,,,,,,,,,
30,0.7,0.85,0.5,1.0,False,True,False,3.0,3,3,2,1,2,1,0.3333333333333333,0.6666666666666666,0.0,0.0,3.0,27.0,0.4666666666666667,0.0,0.7333333333333334,0.0,-0.13333333333333336,-0.06666666666666676
30,0.7,0.85,0.5,1.0,False,True,False,5.0,0,0,0,0,0,0,,,,,,,,,,,,
30,0.7,0.85,0.5,1.0,False,True,False,8.0,0,0,0,0,0,0,,,,,,,,,,,,
30,0.7,0.85,0.5,1.0,False,True,True,3.0,1,3,1,1,1,1,1.0,0.6666666666666666,0.0,0.0,3.0,27.0,0.6000000000000001,0.0,0.7333333333333334,0.0,0.3999999999999999,-0.06666666666666676
30,0.7,0.85,0.5,1.0,False,True,True,5.0,0,0,0,0,0,0,,,,,,,,,,,,
30,0.7,0.85,0.5,1.0,False,True,True,8.0,0,0,0,0,0,0,,,,,,,,,,,,
30,0.7,0.85,0.5,1.0,True,False,False,3.0,3,3,2,1,2,1,0.3333333333333333,0.6666666666666666,0.0,0.0,3.0,27.0,0.4666666666666667,0.0,0.7333333333333334,0.0,-0.13333333333333336,-0.06666666666666676
30,0.7,0.85,0.5,1.0,True,False,False,5.0,0,0,0,0,0,0,,,,,,,,,,,,
30,0.7,0.85,0.5,1.0,True,False,False,8.0,0,0,0,0,0,0,,,,,,,,,,,,
30,0.7,0.85,0.5,1.0,True,False,True,3.0,1,3,1,1,1,1,1.0,0.6666666666666666,0.0,0.0,3.0,27.0,0.6000000000000001,0.0,0.7333333333333334,0.0,0.3999999999999999,-0.06666666666666676
30,0.7,0.85,0.5,1.0,True,False,True,5.0,0,0,0,0,0,0,,,,,,,,,,,,
30,0.7,0.85,0.5,1.0,True,False,True,8.0,0,0,0,0,0,0,,,,,,,,,,,,
30,0.7,0.85,0.5,1.0,True,True,False,3.0,3,3,2,1,2,1,0.3333333333333333,0.6666666666666666,0.0,0.0,3.0,27.0,0.4666666666666667,0.0,0.7333333333333334,0.0,-0.13333333333333336,-0.06666666666666676
30,0.7,0.85,0.5,1.0,True,True,False,5.0,0,0,0,0,0,0,,,,,,,,,,,,
30,0.7,0.85,0.5,1.0,True,True,False,8.0,0,0,0,0,0,0,,,,,,,,,,,,
30,0.7,0.85,0.5,1.0,True,True,True,3.0,1,3,1,1,1,1,1.0,0.6666666666666666,0.0,0.0,3.0,27.0,0.6000000000000001,0.0,0.7333333333333334,0.0,0.3999999999999999,-0.06666666666666676
30,0.7,0.85,0.5,1.0,True,True,True,5.0,0,0,0,0,0,0,,,,,,,,,,,,
30,0.7,0.85,0.5,1.0,True,True,True,8.0,0,0,0,0,0,0,,,,,,,,,,,,
30,0.7,0.85,0.5,2.0,False,False,False,3.0,3,3,2,1,2,1,0.3333333333333333,0.6666666666666666,0.0,0.0,3.0,27.0,0.4666666666666667,0.0,0.7333333333333334,0.0,-0.13333333333333336,-0.06666666666666676
30,0.7,0.85,0.5,2.0,False,False,False,5.0,0,0,0,0,0,0,,,,,,,,,,,,
30,0.7,0.85,0.5,2.0,False,False,False,8.0,0,0,0,0,0,0,,,,,,,,,,,,
30,0.7,0.85,0.5,2.0,False,False,True,3.0,1,3,1,1,1,1,1.0,0.6666666666666666,0.0,0.0,3.0,27.0,0.6000000000000001,0.0,0.7333333333333334,0.0,0.3999999999999999,-0.06666666666666676
30,0.7,0.85,0.5,2.0,False,False,True,5.0,0,0,0,0,0,0,,,,,,,,,,,,
30,0.7,0.85,0.5,2.0,False,False,True,8.0,0,0,0,0,0,0,,,,,,,,,,,,
30,0.7,0.85,0.5,2.0,False,True,False,3.0,3,3,2,1,2,1,0.3333333333333333,0.6666666666666666,0.0,0.0,3.0,27.0,0.4666666666666667,0.0,0.7333333333333334,0.0,-0.13333333333333336,-0.06666666666666676
30,0.7,0.85,0.5,2.0,False,True,False,5.0,0,0,0,0,0,0,,,,,,,,,,,,
30,0.7,0.85,0.5,2.0,False,True,False,8.0,0,0,0,0,0,0,,,,,,,,,,,,
30,0.7,0.85,0.5,2.0,False,True,True,3.0,1,3,1,1,1,1,1.0,0.6666666666666666,0.0,0.0,3.0,27.0,0.6000000000000001,0.0,0.7333333333333334,0.0,0.3999999999999999,-0.06666666666666676
30,0.7,0.85,0.5,2.0,False,True,True,5.0,0,0,0,0,0,0,,,,,,,,,,,,
30,0.7,0.85,0.5,2.0,False,True,True,8.0,0,0,0,0,0,0,,,,,,,,,,,,
30,0.7,0.85,0.5,2.0,True,False,False,3.0,3,3,2,1,2,1,0.3333333333333333,0.6666666666666666,0.0,0.0,3.0,27.0,0.4666666666666667,0.0,0.7333333333333334,0.0,-0.13333333333333336,-0.06666666666666676
30,0.7,0.85,0.5,2.0,True,False,False,5.0,0,0,0,0,0,0,,,,,,,,,,,,
30,0.7,0.85,0.5,2.0,True,False,False,8.0,0,0,0,0,0,0,,,,,,,,,,,,
30,0.7,0.85,0.5,2.0,True,False,True,3.0,1,3,1,1,1,1,1.0,0.6666666666666666,0.0,0.0,3.0,27.0,0.6000000000000001,0.0,0.7333333333333334,0.0,0.3999999999999999,-0.06666666666666676
30,0.7,0.85,0.5,2.0,True,False,True,5.0,0,0,0,0,0,0,,,,,,,,,,,,
30,0.7,0.85,0.5,2.0,True,False,True,8.0,0,0,0,0,0,0,,,,,,,,,,,,
30,0.7,0.85,0.5,2.0,True,True,False,3.0,3,3,2,1,2,1,0.3333333333333333,0.6666666666666666,0.0,0.0,3.0,27.0,0.4666666666666667,0.0,0.7333333333333334,0.0,-0.13333333333333336,-0.06666666666666676
30,0.7,0.85,0.5,2.0,True,True,False,5.0,0,0,0,0,0,0,,,,,,,,,,,,
30,0.7,0.85,0.5,2.0,True,True,False,8.0,0,0,0,0,0,0,,,,,,,,,,,,
30,0.7,0.85,0.5,2.0,True,True,True,3.0,1,3,1,1,1,1,1.0,0.6666666666666666,0.0,0.0,3.0,27.0,0.6000000000000001,0.0,0.7333333333333334,0.0,0.3999999999999999,-0.06666666666666676
30,0.7,0.85,0.5,2.0,True,True,True,5.0,0,0,0,0,0,0,,,,,,,,,,,,
30,0.7,0.85,0.5,2.0,True,True,True,8.0,0,0,0,0,0,0,,,,,,,,,,,,
30,0.8,0.7,0.25,0.5,False,False,False,3.0,0,3,0,1,0,1,,0.6666666666666666,,0.0,,27.0,,,0.7333333333333334,0.0,,-0.06666666666666676
30,0.8,0.7,0.25,0.5,False,False,False,5.0,0,0,0,0,0,0,,,,,,,,,,,,
30,0.8,0.7,0.25,0.5,False,False,False,8.0,0,0,0,0,0,0,,,,,,,,,,,,
30,0.8,0.7,0.25,0.5,False,False,True,3.0,0,3,0,1,0,1,,0.6666666666666666,,0.0,,27.0,,,0.7333333333333334,0.0,,-0.06666666666666676
30,0.8,0.7,0.25,0.5,False,False,True,5.0,0,0,0,0,0,0,,,,,,,,,,,,
30,0.8,0.7,0.25,0.5,False,False,True,8.0,0,0,0,0,0,0,,,,,,,,,,,,
30,0.8,0.7,0.25,0.5,False,True,False,3.0,0,3,0,1,0,1,,0.6666666666666666,,0.0,,27.0,,,0.7333333333333334,0.0,,-0.06666666666666676
30,0.8,0.7,0.25,0.5,False,True,False,5.0,0,0,0,0,0,0,,,,,,,,,,,,
30,0.8,0.7,0.25,0.5,False,True,False,8.0,0,0,0,0,0,0,,,,,,,,,,,,
30,0.8,0.7,0.25,0.5,False,True,True,3.0,0,3,0,1,0,1,,0.6666666666666666,,0.0,,27.0,,,0.7333333333333334,0.0,,-0.06666666666666676
30,0.8,0.7,0.25,0.5,False,True,True,5.0,0,0,0,0,0,0,,,,,,,,,,,,
30,0.8,0.7,0.25,0.5,False,True,True,8.0,0,0,0,0,0,0,,,,,,,,,,,,
30,0.8,0.7,0.25,0.5,True,False,False,3.0,0,3,0,1,0,1,,0.6666666666666666,,0.0,,27.0,,,0.7333333333333334,0.0,,-0.06666666666666676
30,0.8,0.7,0.25,0.5,True,False,False,5.0,0,0,0,0,0,0,,,,,,,,,,,,
30,0.8,0.7,0.25,0.5,True,False,False,8.0,0,0,0,0,0,0,,,,,,,,,,,,
30,0.8,0.7,0.25,0.5,True,False,True,3.0,0,3,0,1,0,1,,0.6666666666666666,,0.0,,27.0,,,0.7333333333333334,0.0,,-0.06666666666666676
30,0.8,0.7,0.25,0.5,True,False,True,5.0,0,0,0,0,0,0,,,,,,,,,,,,
30,0.8,0.7,0.25,0.5,True,False,True,8.0,0,0,0,0,0,0,,,,,,,,,,,,
30,0.8,0.7,0.25,0.5,True,True,False,3.0,0,3,0,1,0,1,,0.6666666666666666,,0.0,,27.0,,,0.7333333333333334,0.0,,-0.06666666666666676
30,0.8,0.7,0.25,0.5,True,True,False,5.0,0,0,0,0,0,0,,,,,,,,,,,,
30,0.8,0.7,0.25,0.5,True,True,False,8.0,0,0,0,0,0,0,,,,,,,,,,,,
30,0.8,0.7,0.25,0.5,True,True,True,3.0,0,3,0,1,0,1,,0.6666666666666666,,0.0,,27.0,,,0.7333333333333334,0.0,,-0.06666666666666676
30,0.8,0.7,0.25,0.5,True,True,True,5.0,0,0,0,0,0,0,,,,,,,,,,,,
30,0.8,0.7,0.25,0.5,True,True,True,8.0,0,0,0,0,0,0,,,,,,,,,,,,
30,0.8,0.7,0.25,1.0,False,False,False,3.0,0,3,0,1,0,1,,0.6666666666666666,,0.0,,27.0,,,0.7333333333333334,0.0,,-0.06666666666666676
30,0.8,0.7,0.25,1.0,False,False,False,5.0,0,0,0,0,0,0,,,,,,,,,,,,
30,0.8,0.7,0.25,1.0,False,False,False,8.0,0,0,0,0,0,0,,,,,,,,,,,,
30,0.8,0.7,0.25,1.0,False,False,True,3.0,0,3,0,1,0,1,,0.6666666666666666,,0.0,,27.0,,,0.7333333333333334,0.0,,-0.06666666666666676
30,0.8,0.7,0.25,1.0,False,False,True,5.0,0,0,0,0,0,0,,,,,,,,,,,,
30,0.8,0.7,0.25,1.0,False,False,True,8.0,0,0,0,0,0,0,,,,,,,,,,,,
30,0.8,0.7,0.25,1.0,False,True,False,3.0,0,3,0,1,0,1,,0.6666666666666666,,0.0,,27.0,,,0.7333333333333334,0.0,,-0.06666666666666676
30,0.8,0.7,0.25,1.0,False,True,False,5.0,0,0,0,0,0,0,,,,,,,,,,,,
30,0.8,0.7,0.25,1.0,False,True,False,8.0,0,0,0,0,0,0,,,,,,,,,,,,
30,0.8,0.7,0.25,1.0,False,True,True,3.0,0,3,0,1,0,1,,0.6666666666666666,,0.0,,27.0,,,0.7333333333333334,0.0,,-0.06666666666666676
30,0.8,0.7,0.25,1.0,False,True,True,5.0,0,0,0,0,0,0,,,,,,,,,,,,
30,0.8,0.7,0.25,1.0,False,True,True,8.0,0,0,0,0,0,0,,,,,,,,,,,,
30,0.8,0.7,0.25,1.0,True,False,False,3.0,0,3,0,1,0,1,,0.6666666666666666,,0.0,,27.0,,,0.7333333333333334,0.0,,-0.06666666666666676
30,0.8,0.7,0.25,1.0,True,False,False,5.0,0,0,0,0,0,0,,,,,,,,,,,,
30,0.8,0.7,0.25,1.0,True,False,False,8.0,0,0,0,0,0,0,,,,,,,,,,,,
30,0.8,0.7,0.25,1.0,True,False,True,3.0,0,3,0,1,0,1,,0.6666666666666666,,0.0,,27.0,,,0.7333333333333334,0.0,,-0.06666666666666676
30,0.8,0.7,0.25,1.0,True,False,True,5.0,0,0,0,0,0,0,,,,,,,,,,,,
30,0.8,0.7,0.25,1.0,True,False,True,8.0,0,0,0,0,0,0,,,,,,,,,,,,
30,0.8,0.7,0.25,1.0,True,True,False,3.0,0,3,0,1,0,1,,0.6666666666666666,,0.0,,27.0,,,0.7333333333333334,0.0,,-0.06666666666666676
30,0.8,0.7,0.25,1.0,True,True,False,5.0,0,0,0,0,0,0,,,,,,,,,,,,
30,0.8,0.7,0.25,1.0,True,True,False,8.0,0,0,0,0,0,0,,,,,,,,,,,,
30,0.8,0.7,0.25,1.0,True,True,True,3.0,0,3,0,1,0,1,,0.6666666666666666,,0.0,,27.0,,,0.7333333333333334,0.0,,-0.06666666666666676
30,0.8,0.7,0.25,1.0,True,True,True,5.0,0,0,0,0,0,0,,,,,,,,,,,,
30,0.8,0.7,0.25,1.0,True,True,True,8.0,0,0,0,0,0,0,,,,,,,,,,,,
30,0.8,0.7,0.25,2.0,False,False,False,3.0,0,3,0,1,0,1,,0.6666666666666666,,0.0,,27.0,,,0.7333333333333334,0.0,,-0.06666666666666676
30,0.8,0.7,0.25,2.0,False,False,False,5.0,0,0,0,0,0,0,,,,,,,,,,,,
30,0.8,0.7,0.25,2.0,False,False,False,8.0,0,0,0,0,0,0,,,,,,,,,,,,
30,0.8,0.7,0.25,2.0,False,False,True,3.0,0,3,0,1,0,1,,0.6666666666666666,,0.0,,27.0,,,0.7333333333333334,0.0,,-0.06666666666666676
30,0.8,0.7,0.25,2.0,False,False,True,5.0,0,0,0,0,0,0,,,,,,,,,,,,
30,0.8,0.7,0.25,2.0,False,False,True,8.0,0,0,0,0,0,0,,,,,,,,,,,,
30,0.8,0.7,0.25,2.0,False,True,False,3.0,0,3,0,1,0,1,,0.6666666666666666,,0.0,,27.0,,,0.7333333333333334,0.0,,-0.06666666666666676
30,0.8,0.7,0.25,2.0,False,True,False,5.0,0,0,0,0,0,0,,,,,,,,,,,,
30,0.8,0.7,0.25,2.0,False,True,False,8.0,0,0,0,0,0,0,,,,,,,,,,,,
30,0.8,0.7,0.25,2.0,False,True,True,3.0,0,3,0,1,0,1,,0.6666666666666666,,0.0,,27.0,,,0.7333333333333334,0.0,,-0.06666666666666676
30,0.8,0.7,0.25,2.0,False,True,True,5.0,0,0,0,0,0,0,,,,,,,,,,,,
30,0.8,0.7,0.25,2.0,False,True,True,8.0,0,0,0,0,0,0,,,,,,,,,,,,
30,0.8,0.7,0.25,2.0,True,False,False,3.0,0,3,0,1,0,1,,0.6666666666666666,,0.0,,27.0,,,0.7333333333333334,0.0,,-0.06666666666666676
30,0.8,0.7,0.25,2.0,True,False,False,5.0,0,0,0,0,0,0,,,,,,,,,,,,
30,0.8,0.7,0.25,2.0,True,False,False,8.0,0,0,0,0,0,0,,,,,,,,,,,,
30,0.8,0.7,0.25,2.0,True,False,True,3.0,0,3,0,1,0,1,,0.6666666666666666,,0.0,,27.0,,,0.7333333333333334,0.0,,-0.06666666666666676
30,0.8,0.7,0.25,2.0,True,False,True,5.0,0,0,0,0,0,0,,,,,,,,,,,,
30,0.8,0.7,0.25,2.0,True,False,True,8.0,0,0,0,0,0,0,,,,,,,,,,,,
30,0.8,0.7,0.25,2.0,True,True,False,3.0,0,3,0,1,0,1,,0.6666666666666666,,0.0,,27.0,,,0.7333333333333334,0.0,,-0.06666666666666676
30,0.8,0.7,0.25,2.0,True,True,False,5.0,0,0,0,0,0,0,,,,,,,,,,,,
30,0.8,0.7,0.25,2.0,True,True,False,8.0,0,0,0,0,0,0,,,,,,,,,,,,
30,0.8,0.7,0.25,2.0,True,True,True,3.0,0,3,0,1,0,1,,0.6666666666666666,,0.0,,27.0,,,0.7333333333333334,0.0,,-0.06666666666666676
30,0.8,0.7,0.25,2.0,True,True,True,5.0,0,0,0,0,0,0,,,,,,,,,,,,
30,0.8,0.7,0.25,2.0,True,True,True,8.0,0,0,0,0,0,0,,,,,,,,,,,,
30,0.8,0.7,0.5,0.5,False,False,False,3.0,0,3,0,1,0,1,,0.6666666666666666,,0.0,,27.0,,,0.7333333333333334,0.0,,-0.06666666666666676
30,0.8,0.7,0.5,0.5,False,False,False,5.0,0,0,0,0,0,0,,,,,,,,,,,,
30,0.8,0.7,0.5,0.5,False,False,False,8.0,0,0,0,0,0,0,,,,,,,,,,,,
30,0.8,0.7,0.5,0.5,False,False,True,3.0,0,3,0,1,0,1,,0.6666666666666666,,0.0,,27.0,,,0.7333333333333334,0.0,,-0.06666666666666676
30,0.8,0.7,0.5,0.5,False,False,True,5.0,0,0,0,0,0,0,,,,,,,,,,,,
30,0.8,0.7,0.5,0.5,False,False,True,8.0,0,0,0,0,0,0,,,,,,,,,,,,
30,0.8,0.7,0.5,0.5,False,True,False,3.0,0,3,0,1,0,1,,0.6666666666666666,,0.0,,27.0,,,0.7333333333333334,0.0,,-0.06666666666666676
30,0.8,0.7,0.5,0.5,False,True,False,5.0,0,0,0,0,0,0,,,,,,,,,,,,
30,0.8,0.7,0.5,0.5,False,True,False,8.0,0,0,0,0,0,0,,,,,,,,,,,,
30,0.8,0.7,0.5,0.5,False,True,True,3.0,0,3,0,1,0,1,,0.6666666666666666,,0.0,,27.0,,,0.7333333333333334,0.0,,-0.06666666666666676
30,0.8,0.7,0.5,0.5,False,True,True,5.0,0,0,0,0,0,0,,,,,,,,,,,,
30,0.8,0.7,0.5,0.5,False,True,True,8.0,0,0,0,0,0,0,,,,,,,,,,,,
30,0.8,0.7,0.5,0.5,True,False,False,3.0,0,3,0,1,0,1,,0.6666666666666666,,0.0,,27.0,,,0.7333333333333334,0.0,,-0.06666666666666676
30,0.8,0.7,0.5,0.5,True,False,False,5.0,0,0,0,0,0,0,,,,,,,,,,,,
30,0.8,0.7,0.5,0.5,True,False,False,8.0,0,0,0,0,0,0,,,,,,,,,,,,
30,0.8,0.7,0.5,0.5,True,False,True,3.0,0,3,0,1,0,1,,0.6666666666666666,,0.0,,27.0,,,0.7333333333333334,0.0,,-0.06666666666666676
30,0.8,0.7,0.5,0.5,True,False,True,5.0,0,0,0,0,0,0,,,,,,,,,,,,
30,0.8,0.7,0.5,0.5,True,False,True,8.0,0,0,0,0,0,0,,,,,,,,,,,,
30,0.8,0.7,0.5,0.5,True,True,False,3.0,0,3,0,1,0,1,,0.6666666666666666,,0.0,,27.0,,,0.7333333333333334,0.0,,-0.06666666666666676
30,0.8,0.7,0.5,0.5,True,True,False,5.0,0,0,0,0,0,0,,,,,,,,,,,,
30,0.8,0.7,0.5,0.5,True,True,False,8.0,0,0,0,0,0,0,,,,,,,,,,,,
30,0.8,0.7,0.5,0.5,True,True,True,3.0,0,3,0,1,0,1,,0.6666666666666666,,0.0,,27.0,,,0.7333333333333334,0.0,,-0.06666666666666676
30,0.8,0.7,0.5,0.5,True,True,True,5.0,0,0,0,0,0,0,,,,,,,,,,,,
30,0.8,0.7,0.5,0.5,True,True,True,8.0,0,0,0,0,0,0,,,,,,,,,,,,
30,0.8,0.7,0.5,1.0,False,False,False,3.0,0,3,0,1,0,1,,0.6666666666666666,,0.0,,27.0,,,0.7333333333333334,0.0,,-0.06666666666666676
30,0.8,0.7,0.5,1.0,False,False,False,5.0,0,0,0,0,0,0,,,,,,,,,,,,
30,0.8,0.7,0.5,1.0,False,False,False,8.0,0,0,0,0,0,0,,,,,,,,,,,,
30,0.8,0.7,0.5,1.0,False,False,True,3.0,0,3,0,1,0,1,,0.6666666666666666,,0.0,,27.0,,,0.7333333333333334,0.0,,-0.06666666666666676
30,0.8,0.7,0.5,1.0,False,False,True,5.0,0,0,0,0,0,0,,,,,,,,,,,,
30,0.8,0.7,0.5,1.0,False,False,True,8.0,0,0,0,0,0,0,,,,,,,,,,,,
30,0.8,0.7,0.5,1.0,False,True,False,3.0,0,3,0,1,0,1,,0.6666666666666666,,0.0,,27.0,,,0.7333333333333334,0.0,,-0.06666666666666676
30,0.8,0.7,0.5,1.0,False,True,False,5.0,0,0,0,0,0,0,,,,,,,,,,,,
30,0.8,0.7,0.5,1.0,False,True,False,8.0,0,0,0,0,0,0,,,,,,,,,,,,
30,0.8,0.7,0.5,1.0,False,True,True,3.0,0,3,0,1,0,1,,0.6666666666666666,,0.0,,27.0,,,0.7333333333333334,0.0,,-0.06666666666666676
30,0.8,0.7,0.5,1.0,False,True,True,5.0,0,0,0,0,0,0,,,,,,,,,,,,
30,0.8,0.7,0.5,1.0,False,True,True,8.0,0,0,0,0,0,0,,,,,,,,,,,,
30,0.8,0.7,0.5,1.0,True,False,False,3.0,0,3,0,1,0,1,,0.6666666666666666,,0.0,,27.0,,,0.7333333333333334,0.0,,-0.06666666666666676
30,0.8,0.7,0.5,1.0,True,False,False,5.0,0,0,0,0,0,0,,,,,,,,,,,,
30,0.8,0.7,0.5,1.0,True,False,False,8.0,0,0,0,0,0,0,,,,,,,,,,,,
30,0.8,0.7,0.5,1.0,True,False,True,3.0,0,3,0,1,0,1,,0.6666666666666666,,0.0,,27.0,,,0.7333333333333334,0.0,,-0.06666666666666676
30,0.8,0.7,0.5,1.0,True,False,True,5.0,0,0,0,0,0,0,,,,,,,,,,,,
30,0.8,0.7,0.5,1.0,True,False,True,8.0,0,0,0,0,0,0,,,,,,,,,,,,
30,0.8,0.7,0.5,1.0,True,True,False,3.0,0,3,0,1,0,1,,0.6666666666666666,,0.0,,27.0,,,0.7333333333333334,0.0,,-0.06666666666666676
30,0.8,0.7,0.5,1.0,True,True,False,5.0,0,0,0,0,0,0,,,,,,,,,,,,
30,0.8,0.7,0.5,1.0,True,True,False,8.0,0,0,0,0,0,0,,,,,,,,,,,,
30,0.8,0.7,0.5,1.0,True,True,True,3.0,0,3,0,1,0,1,,0.6666666666666666,,0.0,,27.0,,,0.7333333333333334,0.0,,-0.06666666666666676
30,0.8,0.7,0.5,1.0,True,True,True,5.0,0,0,0,0,0,0,,,,,,,,,,,,
30,0.8,0.7,0.5,1.0,True,True,True,8.0,0,0,0,0,0,0,,,,,,,,,,,,
30,0.8,0.7,0.5,2.0,False,False,False,3.0,0,3,0,1,0,1,,0.6666666666666666,,0.0,,27.0,,,0.7333333333333334,0.0,,-0.06666666666666676
30,0.8,0.7,0.5,2.0,False,False,False,5.0,0,0,0,0,0,0,,,,,,,,,,,,
30,0.8,0.7,0.5,2.0,False,False,False,8.0,0,0,0,0,0,0,,,,,,,,,,,,
30,0.8,0.7,0.5,2.0,False,False,True,3.0,0,3,0,1,0,1,,0.6666666666666666,,0.0,,27.0,,,0.7333333333333334,0.0,,-0.06666666666666676
30,0.8,0.7,0.5,2.0,False,False,True,5.0,0,0,0,0,0,0,,,,,,,,,,,,
30,0.8,0.7,0.5,2.0,False,False,True,8.0,0,0,0,0,0,0,,,,,,,,,,,,
30,0.8,0.7,0.5,2.0,False,True,False,3.0,0,3,0,1,0,1,,0.6666666666666666,,0.0,,27.0,,,0.7333333333333334,0.0,,-0.06666666666666676
30,0.8,0.7,0.5,2.0,False,True,False,5.0,0,0,0,0,0,0,,,,,,,,,,,,
30,0.8,0.7,0.5,2.0,False,True,False,8.0,0,0,0,0,0,0,,,,,,,,,,,,
30,0.8,0.7,0.5,2.0,False,True,True,3.0,0,3,0,1,0,1,,0.6666666666666666,,0.0,,27.0,,,0.7333333333333334,0.0,,-0.06666666666666676
30,0.8,0.7,0.5,2.0,False,True,True,5.0,0,0,0,0,0,0,,,,,,,,,,,,
30,0.8,0.7,0.5,2.0,False,True,True,8.0,0,0,0,0,0,0,,,,,,,,,,,,
30,0.8,0.7,0.5,2.0,True,False,False,3.0,0,3,0,1,0,1,,0.6666666666666666,,0.0,,27.0,,,0.7333333333333334,0.0,,-0.06666666666666676
30,0.8,0.7,0.5,2.0,True,False,False,5.0,0,0,0,0,0,0,,,,,,,,,,,,
30,0.8,0.7,0.5,2.0,True,False,False,8.0,0,0,0,0,0,0,,,,,,,,,,,,
30,0.8,0.7,0.5,2.0,True,False,True,3.0,0,3,0,1,0,1,,0.6666666666666666,,0.0,,27.0,,,0.7333333333333334,0.0,,-0.06666666666666676
30,0.8,0.7,0.5,2.0,True,False,True,5.0,0,0,0,0,0,0,,,,,,,,,,,,
30,0.8,0.7,0.5,2.0,True,False,True,8.0,0,0,0,0,0,0,,,,,,,,,,,,
30,0.8,0.7,0.5,2.0,True,True,False,3.0,0,3,0,1,0,1,,0.6666666666666666,,0.0,,27.0,,,0.7333333333333334,0.0,,-0.06666666666666676
30,0.8,0.7,0.5,2.0,True,True,False,5.0,0,0,0,0,0,0,,,,,,,,,,,,
30,0.8,0.7,0.5,2.0,True,True,False,8.0,0,0,0,0,0,0,,,,,,,,,,,,
30,0.8,0.7,0.5,2.0,True,True,True,3.0,0,3,0,1,0,1,,0.6666666666666666,,0.0,,27.0,,,0.7333333333333334,0.0,,-0.06666666666666676
30,0.8,0.7,0.5,2.0,True,True,True,5.0,0,0,0,0,0,0,,,,,,,,,,,,
30,0.8,0.7,0.5,2.0,True,True,True,8.0,0,0,0,0,0,0,,,,,,,,,,,,
30,0.8,0.85,0.25,0.5,False,False,False,3.0,0,3,0,1,0,1,,0.6666666666666666,,0.0,,27.0,,,0.7333333333333334,0.0,,-0.06666666666666676
30,0.8,0.85,0.25,0.5,False,False,False,5.0,0,0,0,0,0,0,,,,,,,,,,,,
30,0.8,0.85,0.25,0.5,False,False,False,8.0,0,0,0,0,0,0,,,,,,,,,,,,
30,0.8,0.85,0.25,0.5,False,False,True,3.0,0,3,0,1,0,1,,0.6666666666666666,,0.0,,27.0,,,0.7333333333333334,0.0,,-0.06666666666666676
30,0.8,0.85,0.25,0.5,False,False,True,5.0,0,0,0,0,0,0,,,,,,,,,,,,
30,0.8,0.85,0.25,0.5,False,False,True,8.0,0,0,0,0,0,0,,,,,,,,,,,,
30,0.8,0.85,0.25,0.5,False,True,False,3.0,0,3,0,1,0,1,,0.6666666666666666,,0.0,,27.0,,,0.7333333333333334,0.0,,-0.06666666666666676
30,0.8,0.85,0.25,0.5,False,True,False,5.0,0,0,0,0,0,0,,,,,,,,,,,,
30,0.8,0.85,0.25,0.5,False,True,False,8.0,0,0,0,0,0,0,,,,,,,,,,,,
30,0.8,0.85,0.25,0.5,False,True,True,3.0,0,3,0,1,0,1,,0.6666666666666666,,0.0,,27.0,,,0.7333333333333334,0.0,,-0.06666666666666676
30,0.8,0.85,0.25,0.5,False,True,True,5.0,0,0,0,0,0,0,,,,,,,,,,,,
30,0.8,0.85,0.25,0.5,False,True,True,8.0,0,0,0,0,0,0,,,,,,,,,,,,
30,0.8,0.85,0.25,0.5,True,False,False,3.0,0,3,0,1,0,1,,0.6666666666666666,,0.0,,27.0,,,0.7333333333333334,0.0,,-0.06666666666666676
30,0.8,0.85,0.25,0.5,True,False,False,5.0,0,0,0,0,0,0,,,,,,,,,,,,
30,0.8,0.85,0.25,0.5,True,False,False,8.0,0,0,0,0,0,0,,,,,,,,,,,,
30,0.8,0.85,0.25,0.5,True,False,True,3.0,0,3,0,1,0,1,,0.6666666666666666,,0.0,,27.0,,,0.7333333333333334,0.0,,-0.06666666666666676
30,0.8,0.85,0.25,0.5,True,False,True,5.0,0,0,0,0,0,0,,,,,,,,,,,,
30,0.8,0.85,0.25,0.5,True,False,True,8.0,0,0,0,0,0,0,,,,,,,,,,,,
30,0.8,0.85,0.25,0.5,True,True,False,3.0,0,3,0,1,0,1,,0.6666666666666666,,0.0,,27.0,,,0.7333333333333334,0.0,,-0.06666666666666676
30,0.8,0.85,0.25,0.5,True,True,False,5.0,0,0,0,0,0,0,,,,,,,,,,,,
30,0.8,0.85,0.25,0.5,True,True,False,8.0,0,0,0,0,0,0,,,,,,,,,,,,
30,0.8,0.85,0.25,0.5,True,True,True,3.0,0,3,0,1,0,1,,0.6666666666666666,,0.0,,27.0,,,0.7333333333333334,0.0,,-0.06666666666666676
30,0.8,0.85,0.25,0.5,True,True,True,5.0,0,0,0,0,0,0,,,,,,,,,,,,
30,0.8,0.85,0.25,0.5,True,True,True,8.0,0,0,0,0,0,0,,,,,,,,,,,,
30,0.8,0.85,0.25,1.0,False,False,False,3.0,0,3,0,1,0,1,,0.6666666666666666,,0.0,,27.0,,,0.7333333333333334,0.0,,-0.06666666666666676
30,0.8,0.85,0.25,1.0,False,False,False,5.0,0,0,0,0,0,0,,,,,,,,,,,,
30,0.8,0.85,0.25,1.0,False,False,False,8.0,0,0,0,0,0,0,,,,,,,,,,,,
30,0.8,0.85,0.25,1.0,False,False,True,3.0,0,3,0,1,0,1,,0.6666666666666666,,0.0,,27.0,,,0.7333333333333334,0.0,,-0.06666666666666676
30,0.8,0.85,0.25,1.0,False,False,True,5.0,0,0,0,0,0,0,,,,,,,,,,,,
30,0.8,0.85,0.25,1.0,False,False,True,8.0,0,0,0,0,0,0,,,,,,,,,,,,
30,0.8,0.85,0.25,1.0,False,True,False,3.0,0,3,0,1,0,1,,0.6666666666666666,,0.0,,27.0,,,0.7333333333333334,0.0,,-0.06666666666666676
30,0.8,0.85,0.25,1.0,False,True,False,5.0,0,0,0,0,0,0,,,,,,,,,,,,
30,0.8,0.85,0.25,1.0,False,True,False,8.0,0,0,0,0,0,0,,,,,,,,,,,,
30,0.8,0.85,0.25,1.0,False,True,True,3.0,0,3,0,1,0,1,,0.6666666666666666,,0.0,,27.0,,,0.7333333333333334,0.0,,-0.06666666666666676
30,0.8,0.85,0.25,1.0,False,True,True,5.0,0,0,0,0,0,0,,,,,,,,,,,,
30,0.8,0.85,0.25,1.0,False,True,True,8.0,0,0,0,0,0,0,,,,,,,,,,,,
30,0.8,0.85,0.25,1.0,True,False,False,3.0,0,3,0,1,0,1,,0.6666666666666666,,0.0,,27.0,,,0.7333333333333334,0.0,,-0.06666666666666676
30,0.8,0.85,0.25,1.0,True,False,False,5.0,0,0,0,0,0,0,,,,,,,,,,,,
30,0.8,0.85,0.25,1.0,True,False,False,8.0,0,0,0,0,0,0,,,,,,,,,,,,
30,0.8,0.85,0.25,1.0,True,False,True,3.0,0,3,0,1,0,1,,0.6666666666666666,,0.0,,27.0,,,0.7333333333333334,0.0,,-0.06666666666666676
30,0.8,0.85,0.25,1.0,True,False,True,5.0,0,0,0,0,0,0,,,,,,,,,,,,
30,0.8,0.85,0.25,1.0,True,False,True,8.0,0,0,0,0,0,0,,,,,,,,,,,,
30,0.8,0.85,0.25,1.0,True,True,False,3.0,0,3,0,1,0,1,,0.6666666666666666,,0.0,,27.0,,,0.7333333333333334,0.0,,-0.06666666666666676
30,0.8,0.85,0.25,1.0,True,True,False,5.0,0,0,0,0,0,0,,,,,,,,,,,,
30,0.8,0.85,0.25,1.0,True,True,False,8.0,0,0,0,0,0,0,,,,,,,,,,,,
30,0.8,0.85,0.25,1.0,True,True,True,3.0,0,3,0,1,0,1,,0.6666666666666666,,0.0,,27.0,,,0.7333333333333334,0.0,,-0.06666666666666676
30,0.8,0.85,0.25,1.0,True,True,True,5.0,0,0,0,0,0,0,,,,,,,,,,,,
30,0.8,0.85,0.25,1.0,True,True,True,8.0,0,0,0,0,0,0,,,,,,,,,,,,
30,0.8,0.85,0.25,2.0,False,False,False,3.0,0,3,0,1,0,1,,0.6666666666666666,,0.0,,27.0,,,0.7333333333333334,0.0,,-0.06666666666666676
30,0.8,0.85,0.25,2.0,False,False,False,5.0,0,0,0,0,0,0,,,,,,,,,,,,
30,0.8,0.85,0.25,2.0,False,False,False,8.0,0,0,0,0,0,0,,,,,,,,,,,,
30,0.8,0.85,0.25,2.0,False,False,True,3.0,0,3,0,1,0,1,,0.6666666666666666,,0.0,,27.0,,,0.7333333333333334,0.0,,-0.06666666666666676
30,0.8,0.85,0.25,2.0,False,False,True,5.0,0,0,0,0,0,0,,,,,,,,,,,,
30,0.8,0.85,0.25,2.0,False,False,True,8.0,0,0,0,0,0,0,,,,,,,,,,,,
30,0.8,0.85,0.25,2.0,False,True,False,3.0,0,3,0,1,0,1,,0.6666666666666666,,0.0,,27.0,,,0.7333333333333334,0.0,,-0.06666666666666676
30,0.8,0.85,0.25,2.0,False,True,False,5.0,0,0,0,0,0,0,,,,,,,,,,,,
30,0.8,0.85,0.25,2.0,False,True,False,8.0,0,0,0,0,0,0,,,,,,,,,,,,
30,0.8,0.85,0.25,2.0,False,True,True,3.0,0,3,0,1,0,1,,0.6666666666666666,,0.0,,27.0,,,0.7333333333333334,0.0,,-0.06666666666666676
30,0.8,0.85,0.25,2.0,False,True,True,5.0,0,0,0,0,0,0,,,,,,,,,,,,
30,0.8,0.85,0.25,2.0,False,True,True,8.0,0,0,0,0,0,0,,,,,,,,,,,,
30,0.8,0.85,0.25,2.0,True,False,False,3.0,0,3,0,1,0,1,,0.6666666666666666,,0.0,,27.0,,,0.7333333333333334,0.0,,-0.06666666666666676
30,0.8,0.85,0.25,2.0,True,False,False,5.0,0,0,0,0,0,0,,,,,,,,,,,,
30,0.8,0.85,0.25,2.0,True,False,False,8.0,0,0,0,0,0,0,,,,,,,,,,,,
30,0.8,0.85,0.25,2.0,True,False,True,3.0,0,3,0,1,0,1,,0.6666666666666666,,0.0,,27.0,,,0.7333333333333334,0.0,,-0.06666666666666676
30,0.8,0.85,0.25,2.0,True,False,True,5.0,0,0,0,0,0,0,,,,,,,,,,,,
30,0.8,0.85,0.25,2.0,True,False,True,8.0,0,0,0,0,0,0,,,,,,,,,,,,
30,0.8,0.85,0.25,2.0,True,True,False,3.0,0,3,0,1,0,1,,0.6666666666666666,,0.0,,27.0,,,0.7333333333333334,0.0,,-0.06666666666666676
30,0.8,0.85,0.25,2.0,True,True,False,5.0,0,0,0,0,0,0,,,,,,,,,,,,
30,0.8,0.85,0.25,2.0,True,True,False,8.0,0,0,0,0,0,0,,,,,,,,,,,,
30,0.8,0.85,0.25,2.0,True,True,True,3.0,0,3,0,1,0,1,,0.6666666666666666,,0.0,,27.0,,,0.7333333333333334,0.0,,-0.06666666666666676
30,0.8,0.85,0.25,2.0,True,True,True,5.0,0,0,0,0,0,0,,,,,,,,,,,,
30,0.8,0.85,0.25,2.0,True,True,True,8.0,0,0,0,0,0,0,,,,,,,,,,,,
30,0.8,0.85,0.5,0.5,False,False,False,3.0,0,3,0,1,0,1,,0.6666666666666666,,0.0,,27.0,,,0.7333333333333334,0.0,,-0.06666666666666676
30,0.8,0.85,0.5,0.5,False,False,False,5.0,0,0,0,0,0,0,,,,,,,,,,,,
30,0.8,0.85,0.5,0.5,False,False,False,8.0,0,0,0,0,0,0,,,,,,,,,,,,
30,0.8,0.85,0.5,0.5,False,False,True,3.0,0,3,0,1,0,1,,0.6666666666666666,,0.0,,27.0,,,0.7333333333333334,0.0,,-0.06666666666666676
30,0.8,0.85,0.5,0.5,False,False,True,5.0,0,0,0,0,0,0,,,,,,,,,,,,
30,0.8,0.85,0.5,0.5,False,False,True,8.0,0,0,0,0,0,0,,,,,,,,,,,,
30,0.8,0.85,0.5,0.5,False,True,False,3.0,0,3,0,1,0,1,,0.6666666666666666,,0.0,,27.0,,,0.7333333333333334,0.0,,-0.06666666666666676
30,0.8,0.85,0.5,0.5,False,True,False,5.0,0,0,0,0,0,0,,,,,,,,,,,,
30,0.8,0.85,0.5,0.5,False,True,False,8.0,0,0,0,0,0,0,,,,,,,,,,,,
30,0.8,0.85,0.5,0.5,False,True,True,3.0,0,3,0,1,0,1,,0.6666666666666666,,0.0,,27.0,,,0.7333333333333334,0.0,,-0.06666666666666676
30,0.8,0.85,0.5,0.5,False,True,True,5.0,0,0,0,0,0,0,,,,,,,,,,,,
30,0.8,0.85,0.5,0.5,False,True,True,8.0,0,0,0,0,0,0,,,,,,,,,,,,
30,0.8,0.85,0.5,0.5,True,False,False,3.0,0,3,0,1,0,1,,0.6666666666666666,,0.0,,27.0,,,0.7333333333333334,0.0,,-0.06666666666666676
30,0.8,0.85,0.5,0.5,True,False,False,5.0,0,0,0,0,0,0,,,,,,,,,,,,
30,0.8,0.85,0.5,0.5,True,False,False,8.0,0,0,0,0,0,0,,,,,,,,,,,,
30,0.8,0.85,0.5,0.5,True,False,True,3.0,0,3,0,1,0,1,,0.6666666666666666,,0.0,,27.0,,,0.7333333333333334,0.0,,-0.06666666666666676
30,0.8,0.85,0.5,0.5,True,False,True,5.0,0,0,0,0,0,0,,,,,,,,,,,,
30,0.8,0.85,0.5,0.5,True,False,True,8.0,0,0,0,0,0,0,,,,,,,,,,,,
30,0.8,0.85,0.5,0.5,True,True,False,3.0,0,3,0,1,0,1,,0.6666666666666666,,0.0,,27.0,,,0.7333333333333334,0.0,,-0.06666666666666676
30,0.8,0.85,0.5,0.5,True,True,False,5.0,0,0,0,0,0,0,,,,,,,,,,,,
30,0.8,0.85,0.5,0.5,True,True,False,8.0,0,0,0,0,0,0,,,,,,,,,,,,
30,0.8,0.85,0.5,0.5,True,True,True,3.0,0,3,0,1,0,1,,0.6666666666666666,,0.0,,27.0,,,0.7333333333333334,0.0,,-0.06666666666666676
30,0.8,0.85,0.5,0.5,True,True,True,5.0,0,0,0,0,0,0,,,,,,,,,,,,
30,0.8,0.85,0.5,0.5,True,True,True,8.0,0,0,0,0,0,0,,,,,,,,,,,,
30,0.8,0.85,0.5,1.0,False,False,False,3.0,0,3,0,1,0,1,,0.6666666666666666,,0.0,,27.0,,,0.7333333333333334,0.0,,-0.06666666666666676
30,0.8,0.85,0.5,1.0,False,False,False,5.0,0,0,0,0,0,0,,,,,,,,,,,,
30,0.8,0.85,0.5,1.0,False,False,False,8.0,0,0,0,0,0,0,,,,,,,,,,,,
30,0.8,0.85,0.5,1.0,False,False,True,3.0,0,3,0,1,0,1,,0.6666666666666666,,0.0,,27.0,,,0.7333333333333334,0.0,,-0.06666666666666676
30,0.8,0.85,0.5,1.0,False,False,True,5.0,0,0,0,0,0,0,,,,,,,,,,,,
30,0.8,0.85,0.5,1.0,False,False,True,8.0,0,0,0,0,0,0,,,,,,,,,,,,
30,0.8,0.85,0.5,1.0,False,True,False,3.0,0,3,0,1,0,1,,0.6666666666666666,,0.0,,27.0,,,0.7333333333333334,0.0,,-0.06666666666666676
30,0.8,0.85,0.5,1.0,False,True,False,5.0,0,0,0,0,0,0,,,,,,,,,,,,
30,0.8,0.85,0.5,1.0,False,True,False,8.0,0,0,0,0,0,0,,,,,,,,,,,,
30,0.8,0.85,0.5,1.0,False,True,True,3.0,0,3,0,1,0,1,,0.6666666666666666,,0.0,,27.0,,,0.7333333333333334,0.0,,-0.06666666666666676
30,0.8,0.85,0.5,1.0,False,True,True,5.0,0,0,0,0,0,0,,,,,,,,,,,,
30,0.8,0.85,0.5,1.0,False,True,True,8.0,0,0,0,0,0,0,,,,,,,,,,,,
30,0.8,0.85,0.5,1.0,True,False,False,3.0,0,3,0,1,0,1,,0.6666666666666666,,0.0,,27.0,,,0.7333333333333334,0.0,,-0.06666666666666676
30,0.8,0.85,0.5,1.0,True,False,False,5.0,0,0,0,0,0,0,,,,,,,,,,,,
30,0.8,0.85,0.5,1.0,True,False,False,8.0,0,0,0,0,0,0,,,,,,,,,,,,
30,0.8,0.85,0.5,1.0,True,False,True,3.0,0,3,0,1,0,1,,0.6666666666666666,,0.0,,27.0,,,0.7333333333333334,0.0,,-0.06666666666666676
30,0.8,0.85,0.5,1.0,True,False,True,5.0,0,0,0,0,0,0,,,,,,,,,,,,
30,0.8,0.85,0.5,1.0,True,False,True,8.0,0,0,0,0,0,0,,,,,,,,,,,,
30,0.8,0.85,0.5,1.0,True,True,False,3.0,0,3,0,1,0,1,,0.6666666666666666,,0.0,,27.0,,,0.7333333333333334,0.0,,-0.06666666666666676
30,0.8,0.85,0.5,1.0,True,True,False,5.0,0,0,0,0,0,0,,,,,,,,,,,,
30,0.8,0.85,0.5,1.0,True,True,False,8.0,0,0,0,0,0,0,,,,,,,,,,,,
30,0.8,0.85,0.5,1.0,True,True,True,3.0,0,3,0,1,0,1,,0.6666666666666666,,0.0,,27.0,,,0.7333333333333334,0.0,,-0.06666666666666676
30,0.8,0.85,0.5,1.0,True,True,True,5.0,0,0,0,0,0,0,,,,,,,,,,,,
30,0.8,0.85,0.5,1.0,True,True,True,8.0,0,0,0,0,0,0,,,,,,,,,,,,
30,0.8,0.85,0.5,2.0,False,False,False,3.0,0,3,0,1,0,1,,0.6666666666666666,,0.0,,27.0,,,0.7333333333333334,0.0,,-0.06666666666666676
30,0.8,0.85,0.5,2.0,False,False,False,5.0,0,0,0,0,0,0,,,,,,,,,,,,
30,0.8,0.85,0.5,2.0,False,False,False,8.0,0,0,0,0,0,0,,,,,,,,,,,,
30,0.8,0.85,0.5,2.0,False,False,True,3.0,0,3,0,1,0,1,,0.6666666666666666,,0.0,,27.0,,,0.7333333333333334,0.0,,-0.06666666666666676
30,0.8,0.85,0.5,2.0,False,False,True,5.0,0,0,0,0,0,0,,,,,,,,,,,,
30,0.8,0.85,0.5,2.0,False,False,True,8.0,0,0,0,0,0,0,,,,,,,,,,,,
30,0.8,0.85,0.5,2.0,False,True,False,3.0,0,3,0,1,0,1,,0.6666666666666666,,0.0,,27.0,,,0.7333333333333334,0.0,,-0.06666666666666676
30,0.8,0.85,0.5,2.0,False,True,False,5.0,0,0,0,0,0,0,,,,,,,,,,,,
30,0.8,0.85,0.5,2.0,False,True,False,8.0,0,0,0,0,0,0,,,,,,,,,,,,
30,0.8,0.85,0.5,2.0,False,True,True,3.0,0,3,0,1,0,1,,0.6666666666666666,,0.0,,27.0,,,0.7333333333333334,0.0,,-0.06666666666666676
30,0.8,0.85,0.5,2.0,False,True,True,5.0,0,0,0,0,0,0,,,,,,,,,,,,
30,0.8,0.85,0.5,2.0,False,True,True,8.0,0,0,0,0,0,0,,,,,,,,,,,,
30,0.8,0.85,0.5,2.0,True,False,False,3.0,0,3,0,1,0,1,,0.6666666666666666,,0.0,,27.0,,,0.7333333333333334,0.0,,-0.06666666666666676
30,0.8,0.85,0.5,2.0,True,False,False,5.0,0,0,0,0,0,0,,,,,,,,,,,,
30,0.8,0.85,0.5,2.0,True,False,False,8.0,0,0,0,0,0,0,,,,,,,,,,,,
30,0.8,0.85,0.5,2.0,True,False,True,3.0,0,3,0,1,0,1,,0.6666666666666666,,0.0,,27.0,,,0.7333333333333334,0.0,,-0.06666666666666676
30,0.8,0.85,0.5,2.0,True,False,True,5.0,0,0,0,0,0,0,,,,,,,,,,,,
30,0.8,0.85,0.5,2.0,True,False,True,8.0,0,0,0,0,0,0,,,,,,,,,,,,
30,0.8,0.85,0.5,2.0,True,True,False,3.0,0,3,0,1,0,1,,0.6666666666666666,,0.0,,27.0,,,0.7333333333333334,0.0,,-0.06666666666666676
30,0.8,0.85,0.5,2.0,True,True,False,5.0,0,0,0,0,0,0,,,,,,,,,,,,
30,0.8,0.85,0.5,2.0,True,True,False,8.0,0,0,0,0,0,0,,,,,,,,,,,,
30,0.8,0.85,0.5,2.0,True,True,True,3.0,0,3,0,1,0,1,,0.6666666666666666,,0.0,,27.0,,,0.7333333333333334,0.0,,-0.06666666666666676
30,0.8,0.85,0.5,2.0,True,True,True,5.0,0,0,0,0,0,0,,,,,,,,,,,,
30,0.8,0.85,0.5,2.0,True,True,True,8.0,0,0,0,0,0,0,,,,,,,,,,,,
45,0.6,0.7,0.25,0.5,False,False,False,3.0,5,7,2,2,4,5,0.6,0.8571428571428571,0.0,0.0,7.0,24.0,0.44,0.04,0.7714285714285715,0.0,0.15999999999999998,0.08571428571428563
45,0.6,0.7,0.25,0.5,False,False,False,5.0,0,0,0,0,0,0,,,,,,,,,,,,
45,0.6,0.7,0.25,0.5,False,False,False,8.0,0,0,0,0,0,0,,,,,,,,,,,,
45,0.6,0.7,0.25,0.5,False,False,True,3.0,5,7,2,2,4,5,0.6,0.8571428571428571,0.0,0.0,7.0,24.0,0.44,0.04,0.7714285714285715,0.0,0.15999999999999998,0.08571428571428563
45,0.6,0.7,0.25,0.5,False,False,True,5.0,0,0,0,0,0,0,,,,,,,,,,,,
45,0.6,0.7,0.25,0.5,False,False,True,8.0,0,0,0,0,0,0,,,,,,,,,,,,
45,0.6,0.7,0.25,0.5,False,True,False,3.0,5,7,2,2,4,5,0.6,0.8571428571428571,0.0,0.0,7.0,24.0,0.44,0.04,0.7714285714285715,0.0,0.15999999999999998,0.08571428571428563
45,0.6,0.7,0.25,0.5,False,True,False,5.0,0,0,0,0,0,0,,,,,,,,,,,,
45,0.6,0.7,0.25,0.5,False,True,False,8.0,0,0,0,0,0,0,,,,,,,,,,,,
45,0.6,0.7,0.25,0.5,False,True,True,3.0,5,7,2,2,4,5,0.6,0.8571428571428571,0.0,0.0,7.0,24.0,0.44,0.04,0.7714285714285715,0.0,0.15999999999999998,0.08571428571428563
45,0.6,0.7,0.25,0.5,False,True,True,5.0,0,0,0,0,0,0,,,,,,,,,,,,
45,0.6,0.7,0.25,0.5,False,True,True,8.0,0,0,0,0,0,0,,,,,,,,,,,,
45,0.6,0.7,0.25,0.5,True,False,False,3.0,5,7,2,2,4,5,0.6,0.8571428571428571,0.0,0.0,7.0,24.0,0.44,0.04,0.7714285714285715,0.0,0.15999999999999998,0.08571428571428563
45,0.6,0.7,0.25,0.5,True,False,False,5.0,0,0,0,0,0,0,,,,,,,,,,,,
45,0.6,0.7,0.25,0.5,True,False,False,8.0,0,0,0,0,0,0,,,,,,,,,,,,
45,0.6,0.7,0.25,0.5,True,False,True,3.0,5,7,2,2,4,5,0.6,0.8571428571428571,0.0,0.0,7.0,24.0,0.44,0.04,0.7714285714285715,0.0,0.15999999999999998,0.08571428571428563
45,0.6,0.7,0.25,0.5,True,False,True,5.0,0,0,0,0,0,0,,,,,,,,,,,,
45,0.6,0.7,0.25,0.5,True,False,True,8.0,0,0,0,0,0,0,,,,,,,,,,,,
45,0.6,0.7,0.25,0.5,True,True,False,3.0,5,7,2,2,4,5,0.6,0.8571428571428571,0.0,0.0,7.0,24.0,0.44,0.04,0.7714285714285715,0.0,0.15999999999999998,0.08571428571428563
45,0.6,0.7,0.25,0.5,True,True,False,5.0,0,0,0,0,0,0,,,,,,,,,,,,
45,0.6,0.7,0.25,0.5,True,True,False,8.0,0,0,0,0,0,0,,,,,,,,,,,,
45,0.6,0.7,0.25,0.5,True,True,True,3.0,5,7,2,2,4,5,0.6,0.8571428571428571,0.0,0.0,7.0,24.0,0.44,0.04,0.7714285714285715,0.0,0.15999999999999998,0.08571428571428563
45,0.6,0.7,0.25,0.5,True,True,True,5.0,0,0,0,0,0,0,,,,,,,,,,,,
45,0.6,0.7,0.25,0.5,True,True,True,8.0,0,0,0,0,0,0,,,,,,,,,,,,
45,0.6,0.7,0.25,1.0,False,False,False,3.0,5,7,2,2,4,5,0.6,0.8571428571428571,0.0,0.0,7.0,24.0,0.44,0.04,0.7714285714285715,0.0,0.15999999999999998,0.08571428571428563
45,0.6,0.7,0.25,1.0,False,False,False,5.0,0,0,0,0,0,0,,,,,,,,,,,,
45,0.6,0.7,0.25,1.0,False,False,False,8.0,0,0,0,0,0,0,,,,,,,,,,,,
45,0.6,0.7,0.25,1.0,False,False,True,3.0,5,7,2,2,4,5,0.6,0.8571428571428571,0.0,0.0,7.0,24.0,0.44,0.04,0.7714285714285715,0.0,0.15999999999999998,0.08571428571428563
45,0.6,0.7,0.25,1.0,False,False,True,5.0,0,0,0,0,0,0,,,,,,,,,,,,
45,0.6,0.7,0.25,1.0,False,False,True,8.0,0,0,0,0,0,0,,,,,,,,,,,,
45,0.6,0.7,0.25,1.0,False,True,False,3.0,5,7,2,2,4,5,0.6,0.8571428571428571,0.0,0.0,7.0,24.0,0.44,0.04,0.7714285714285715,0.0,0.15999999999999998,0.08571428571428563
45,0.6,0.7,0.25,1.0,False,True,False,5.0,0,0,0,0,0,0,,,,,,,,,,,,
45,0.6,0.7,0.25,1.0,False,True,False,8.0,0,0,0,0,0,0,,,,,,,,,,,,
45,0.6,0.7,0.25,1.0,False,True,True,3.0,5,7,2,2,4,5,0.6,0.8571428571428571,0.0,0.0,7.0,24.0,0.44,0.04,0.7714285714285715,0.0,0.15999999999999998,0.08571428571428563
45,0.6,0.7,0.25,1.0,False,True,True,5.0,0,0,0,0,0,0,,,,,,,,,,,,
45,0.6,0.7,0.25,1.0,False,True,True,8.0,0,0,0,0,0,0,,,,,,,,,,,,
45,0.6,0.7,0.25,1.0,True,False,False,3.0,5,7,2,2,4,5,0.6,0.8571428571428571,0.0,0.0,7.0,24.0,0.44,0.04,0.7714285714285715,0.0,0.15999999999999998,0.08571428571428563
45,0.6,0.7,0.25,1.0,True,False,False,5.0,0,0,0,0,0,0,,,,,,,,,,,,
45,0.6,0.7,0.25,1.0,True,False,False,8.0,0,0,0,0,0,0,,,,,,,,,,,,
45,0.6,0.7,0.25,1.0,True,False,True,3.0,5,7,2,2,4,5,0.6,0.8571428571428571,0.0,0.0,7.0,24.0,0.44,0.04,0.7714285714285715,0.0,0.15999999999999998,0.08571428571428563
45,0.6,0.7,0.25,1.0,True,False,True,5.0,0,0,0,0,0,0,,,,,,,,,,,,
45,0.6,0.7,0.25,1.0,True,False,True,8.0,0,0,0,0,0,0,,,,,,,,,,,,
45,0.6,0.7,0.25,1.0,True,True,False,3.0,5,7,2,2,4,5,0.6,0.8571428571428571,0.0,0.0,7.0,24.0,0.44,0.04,0.7714285714285715,0.0,0.15999999999999998,0.08571428571428563
45,0.6,0.7,0.25,1.0,True,True,False,5.0,0,0,0,0,0,0,,,,,,,,,,,,
45,0.6,0.7,0.25,1.0,True,True,False,8.0,0,0,0,0,0,0,,,,,,,,,,,,
45,0.6,0.7,0.25,1.0,True,True,True,3.0,5,7,2,2,4,5,0.6,0.8571428571428571,0.0,0.0,7.0,24.0,0.44,0.04,0.7714285714285715,0.0,0.15999999999999998,0.08571428571428563
45,0.6,0.7,0.25,1.0,True,True,True,5.0,0,0,0,0,0,0,,,,,,,,,,,,
45,0.6,0.7,0.25,1.0,True,True,True,8.0,0,0,0,0,0,0,,,,,,,,,,,,
45,0.6,0.7,0.25,2.0,False,False,False,3.0,4,7,2,2,3,5,0.75,0.8571428571428571,0.0,0.0,7.0,24.0,0.5499999999999999,0.0,0.7714285714285715,0.0,0.20000000000000007,0.08571428571428563
45,0.6,0.7,0.25,2.0,False,False,False,5.0,0,0,0,0,0,0,,,,,,,,,,,,
45,0.6,0.7,0.25,2.0,False,False,False,8.0,0,0,0,0,0,0,,,,,,,,,,,,
45,0.6,0.7,0.25,2.0,False,False,True,3.0,4,7,2,2,3,5,0.75,0.8571428571428571,0.0,0.0,7.0,24.0,0.5499999999999999,0.0,0.7714285714285715,0.0,0.20000000000000007,0.08571428571428563
45,0.6,0.7,0.25,2.0,False,False,True,5.0,0,0,0,0,0,0,,,,,,,,,,,,
45,0.6,0.7,0.25,2.0,False,False,True,8.0,0,0,0,0,0,0,,,,,,,,,,,,
45,0.6,0.7,0.25,2.0,False,True,False,3.0,4,7,2,2,3,5,0.75,0.8571428571428571,0.0,0.0,7.0,24.0,0.5499999999999999,0.0,0.7714285714285715,0.0,0.20000000000000007,0.08571428571428563
45,0.6,0.7,0.25,2.0,False,True,False,5.0,0,0,0,0,0,0,,,,,,,,,,,,
45,0.6,0.7,0.25,2.0,False,True,False,8.0,0,0,0,0,0,0,,,,,,,,,,,,
45,0.6,0.7,0.25,2.0,False,True,True,3.0,4,7,2,2,3,5,0.75,0.8571428571428571,0.0,0.0,7.0,24.0,0.5499999999999999,0.0,0.7714285714285715,0.0,0.20000000000000007,0.08571428571428563
45,0.6,0.7,0.25,2.0,False,True,True,5.0,0,0,0,0,0,0,,,,,,,,,,,,
45,0.6,0.7,0.25,2.0,False,True,True,8.0,0,0,0,0,0,0,,,,,,,,,,,,
45,0.6,0.7,0.25,2.0,True,False,False,3.0,4,7,2,2,3,5,0.75,0.8571428571428571,0.0,0.0,7.0,24.0,0.5499999999999999,0.0,0.7714285714285715,0.0,0.20000000000000007,0.08571428571428563
45,0.6,0.7,0.25,2.0,True,False,False,5.0,0,0,0,0,0,0,,,,,,,,,,,,
45,0.6,0.7,0.25,2.0,True,False,False,8.0,0,0,0,0,0,0,,,,,,,,,,,,
45,0.6,0.7,0.25,2.0,True,False,True,3.0,4,7,2,2,3,5,0.75,0.8571428571428571,0.0,0.0,7.0,24.0,0.5499999999999999,0.0,0.7714285714285715,0.0,0.20000000000000007,0.08571428571428563
45,0.6,0.7,0.25,2.0,True,False,True,5.0,0,0,0,0,0,0,,,,,,,,,,,,
45,0.6,0.7,0.25,2.0,True,False,True,8.0,0,0,0,0,0,0,,,,,,,,,,,,
45,0.6,0.7,0.25,2.0,True,True,False,3.0,4,7,2,2,3,5,0.75,0.8571428571428571,0.0,0.0,7.0,24.0,0.5499999999999999,0.0,0.7714285714285715,0.0,0.20000000000000007,0.08571428571428563
45,0.6,0.7,0.25,2.0,True,True,False,5.0,0,0,0,0,0,0,,,,,,,,,,,,
45,0.6,0.7,0.25,2.0,True,True,False,8.0,0,0,0,0,0,0,,,,,,,,,,,,
45,0.6,0.7,0.25,2.0,True,True,True,3.0,4,7,2,2,3,5,0.75,0.8571428571428571,0.0,0.0,7.0,24.0,0.5499999999999999,0.0,0.7714285714285715,0.0,0.20000000000000007,0.08571428571428563
45,0.6,0.7,0.25,2.0,True,True,True,5.0,0,0,0,0,0,0,,,,,,,,,,,,
45,0.6,0.7,0.25,2.0,True,True,True,8.0,0,0,0,0,0,0,,,,,,,,,,,,
45,0.6,0.7,0.5,0.5,False,False,False,3.0,5,13,2,3,4,5,0.6,0.9230769230769231,0.0,0.0,7.0,16.0,0.44,0.04,0.7384615384615385,0.0,0.15999999999999998,0.18461538461538463
45,0.6,0.7,0.5,0.5,False,False,False,5.0,0,2,0,1,0,2,,1.0,,0.0,,15.0,,,0.8,0.0,,0.19999999999999996
45,0.6,0.7,0.5,0.5,False,False,False,8.0,0,0,0,0,0,0,,,,,,,,,,,,
45,0.6,0.7,0.5,0.5,False,False,True,3.0,5,13,2,3,4,5,0.6,0.9230769230769231,0.0,0.0,7.0,16.0,0.44,0.04,0.7384615384615385,0.0,0.15999999999999998,0.18461538461538463
45,0.6,0.7,0.5,0.5,False,False,True,5.0,0,2,0,1,0,2,,1.0,,0.0,,15.0,,,0.8,0.0,,0.19999999999999996
45,0.6,0.7,0.5,0.5,False,False,True,8.0,0,0,0,0,0,0,,,,,,,,,,,,
45,0.6,0.7,0.5,0.5,False,True,False,3.0,5,13,2,3,4,5,0.6,0.9230769230769231,0.0,0.0,7.0,16.0,0.44,0.04,0.7384615384615385,0.0,0.15999999999999998,0.18461538461538463
45,0.6,0.7,0.5,0.5,False,True,False,5.0,0,2,0,1,0,2,,1.0,,0.0,,15.0,,,0.8,0.0,,0.19999999999999996
45,0.6,0.7,0.5,0.5,False,True,False,8.0,0,0,0,0,0,0,,,,,,,,,,,,
45,0.6,0.7,0.5,0.5,False,True,True,3.0,5,13,2,3,4,5,0.6,0.9230769230769231,0.0,0.0,7.0,16.0,0.44,0.04,0.7384615384615385,0.0,0.15999999999999998,0.18461538461538463
45,0.6,0.7,0.5,0.5,False,True,True,5.0,0,2,0,1,0,2,,1.0,,0.0,,15.0,,,0.8,0.0,,0.19999999999999996
45,0.6,0.7,0.5,0.5,False,True,True,8.0,0,0,0,0,0,0,,,,,,,,,,,,
45,0.6,0.7,0.5,0.5,True,False,False,3.0,5,13,2,3,4,5,0.6,0.9230769230769231,0.0,0.0,7.0,16.0,0.44,0.04,0.7384615384615385,0.0,0.15999999999999998,0.18461538461538463
45,0.6,0.7,0.5,0.5,True,False,False,5.0,0,2,0,1,0,2,,1.0,,0.0,,15.0,,,0.8,0.0,,0.19999999999999996
45,0.6,0.7,0.5,0.5,True,False,False,8.0,0,0,0,0,0,0,,,,,,,,,,,,
45,0.6,0.7,0.5,0.5,True,False,True,3.0,5,13,2,3,4,5,0.6,0.9230769230769231,0.0,0.0,7.0,16.0,0.44,0.04,0.7384615384615385,0.0,0.15999999999999998,0.18461538461538463
45,0.6,0.7,0.5,0.5,True,False,True,5.0,0,2,0,1,0,2,,1.0,,0.0,,15.0,,,0.8,0.0,,0.19999999999999996
45,0.6,0.7,0.5,0.5,True,False,True,8.0,0,0,0,0,0,0,,,,,,,,,,,,
45,0.6,0.7,0.5,0.5,True,True,False,3.0,5,13,2,3,4,5,0.6,0.9230769230769231,0.0,0.0,7.0,16.0,0.44,0.04,0.7384615384615385,0.0,0.15999999999999998,0.18461538461538463
45,0.6,0.7,0.5,0.5,True,True,False,5.0,0,2,0,1,0,2,,1.0,,0.0,,15.0,,,0.8,0.0,,0.19999999999999996
45,0.6,0.7,0.5,0.5,True,True,False,8.0,0,0,0,0,0,0,,,,,,,,,,,,
45,0.6,0.7,0.5,0.5,True,True,True,3.0,5,13,2,3,4,5,0.6,0.9230769230769231,0.0,0.0,7.0,16.0,0.44,0.04,0.7384615384615385,0.0,0.15999999999999998,0.18461538461538463
45,0.6,0.7,0.5,0.5,True,True,True,5.0,0,2,0,1,0,2,,1.0,,0.0,,15.0,,,0.8,0.0,,0.19999999999999996
45,0.6,0.7,0.5,0.5,True,True,True,8.0,0,0,0,0,0,0,,,,,,,,,,,,
45,0.6,0.7,0.5,1.0,False,False,False,3.0,5,13,2,3,4,5,0.6,0.9230769230769231,0.0,0.0,7.0,16.0,0.44,0.04,0.7384615384615385,0.0,0.15999999999999998,0.18461538461538463
45,0.6,0.7,0.5,1.0,False,False,False,5.0,0,2,0,1,0,2,,1.0,,0.0,,15.0,,,0.8,0.0,,0.19999999999999996
45,0.6,0.7,0.5,1.0,False,False,False,8.0,0,0,0,0,0,0,,,,,,,,,,,,
45,0.6,0.7,0.5,1.0,False,False,True,3.0,5,13,2,3,4,5,0.6,0.9230769230769231,0.0,0.0,7.0,16.0,0.44,0.04,0.7384615384615385,0.0,0.15999999999999998,0.18461538461538463
45,0.6,0.7,0.5,1.0,False,False,True,5.0,0,2,0,1,0,2,,1.0,,0.0,,15.0,,,0.8,0.0,,0.19999999999999996
45,0.6,0.7,0.5,1.0,False,False,True,8.0,0,0,0,0,0,0,,,,,,,,,,,,
45,0.6,0.7,0.5,1.0,False,True,False,3.0,5,13,2,3,4,5,0.6,0.9230769230769231,0.0,0.0,7.0,16.0,0.44,0.04,0.7384615384615385,0.0,0.15999999999999998,0.18461538461538463
45,0.6,0.7,0.5,1.0,False,True,False,5.0,0,2,0,1,0,2,,1.0,,0.0,,15.0,,,0.8,0.0,,0.19999999999999996
45,0.6,0.7,0.5,1.0,False,True,False,8.0,0,0,0,0,0,0,,,,,,,,,,,,
45,0.6,0.7,0.5,1.0,False,True,True,3.0,5,13,2,3,4,5,0.6,0.9230769230769231,0.0,0.0,7.0,16.0,0.44,0.04,0.7384615384615385,0.0,0.15999999999999998,0.18461538461538463
45,0.6,0.7,0.5,1.0,False,True,True,5.0,0,2,0,1,0,2,,1.0,,0.0,,15.0,,,0.8,0.0,,0.19999999999999996
45,0.6,0.7,0.5,1.0,False,True,True,8.0,0,0,0,0,0,0,,,,,,,,,,,,
45,0.6,0.7,0.5,1.0,True,False,False,3.0,5,13,2,3,4,5,0.6,0.9230769230769231,0.0,0.0,7.0,16.0,0.44,0.04,0.7384615384615385,0.0,0.15999999999999998,0.18461538461538463
45,0.6,0.7,0.5,1.0,True,False,False,5.0,0,2,0,1,0,2,,1.0,,0.0,,15.0,,,0.8,0.0,,0.19999999999999996
45,0.6,0.7,0.5,1.0,True,False,False,8.0,0,0,0,0,0,0,,,,,,,,,,,,
45,0.6,0.7,0.5,1.0,True,False,True,3.0,5,13,2,3,4,5,0.6,0.9230769230769231,0.0,0.0,7.0,16.0,0.44,0.04,0.7384615384615385,0.0,0.15999999999999998,0.18461538461538463
45,0.6,0.7,0.5,1.0,True,False,True,5.0,0,2,0,1,0,2,,1.0,,0.0,,15.0,,,0.8,0.0,,0.19999999999999996
45,0.6,0.7,0.5,1.0,True,False,True,8.0,0,0,0,0,0,0,,,,,,,,,,,,
45,0.6,0.7,0.5,1.0,True,True,False,3.0,5,13,2,3,4,5,0.6,0.9230769230769231,0.0,0.0,7.0,16.0,0.44,0.04,0.7384615384615385,0.0,0.15999999999999998,0.18461538461538463
45,0.6,0.7,0.5,1.0,True,True,False,5.0,0,2,0,1,0,2,,1.0,,0.0,,15.0,,,0.8,0.0,,0.19999999999999996
45,0.6,0.7,0.5,1.0,True,True,False,8.0,0,0,0,0,0,0,,,,,,,,,,,,
45,0.6,0.7,0.5,1.0,True,True,True,3.0,5,13,2,3,4,5,0.6,0.9230769230769231,0.0,0.0,7.0,16.0,0.44,0.04,0.7384615384615385,0.0,0.15999999999999998,0.18461538461538463
45,0.6,0.7,0.5,1.0,True,True,True,5.0,0,2,0,1,0,2,,1.0,,0.0,,15.0,,,0.8,0.0,,0.19999999999999996
45,0.6,0.7,0.5,1.0,True,True,True,8.0,0,0,0,0,0,0,,,,,,,,,,,,
45,0.6,0.7,0.5,2.0,False,False,False,3.0,4,12,2,2,3,4,0.75,0.9166666666666666,0.0,0.0,7.0,13.0,0.5499999999999999,0.0,0.7833333333333334,0.0,0.20000000000000007,0.1333333333333332
45,0.6,0.7,0.5,2.0,False,False,False,5.0,0,2,0,1,0,2,,1.0,,0.0,,15.0,,,0.8,0.0,,0.19999999999999996
45,0.6,0.7,0.5,2.0,False,False,False,8.0,0,0,0,0,0,0,,,,,,,,,,,,
45,0.6,0.7,0.5,2.0,False,False,True,3.0,4,12,2,2,3,4,0.75,0.9166666666666666,0.0,0.0,7.0,13.0,0.5499999999999999,0.0,0.7833333333333334,0.0,0.20000000000000007,0.1333333333333332
45,0.6,0.7,0.5,2.0,False,False,True,5.0,0,2,0,1,0,2,,1.0,,0.0,,15.0,,,0.8,0.0,,0.19999999999999996
45,0.6,0.7,0.5,2.0,False,False,True,8.0,0,0,0,0,0,0,,,,,,,,,,,,
45,0.6,0.7,0.5,2.0,False,True,False,3.0,4,12,2,2,3,4,0.75,0.9166666666666666,0.0,0.0,7.0,13.0,0.5499999999999999,0.0,0.7833333333333334,0.0,0.20000000000000007,0.1333333333333332
45,0.6,0.7,0.5,2.0,False,True,False,5.0,0,2,0,1,0,2,,1.0,,0.0,,15.0,,,0.8,0.0,,0.19999999999999996
45,0.6,0.7,0.5,2.0,False,True,False,8.0,0,0,0,0,0,0,,,,,,,,,,,,
45,0.6,0.7,0.5,2.0,False,True,True,3.0,4,12,2,2,3,4,0.75,0.9166666666666666,0.0,0.0,7.0,13.0,0.5499999999999999,0.0,0.7833333333333334,0.0,0.20000000000000007,0.1333333333333332
45,0.6,0.7,0.5,2.0,False,True,True,5.0,0,2,0,1,0,2,,1.0,,0.0,,15.0,,,0.8,0.0,,0.19999999999999996
45,0.6,0.7,0.5,2.0,False,True,True,8.0,0,0,0,0,0,0,,,,,,,,,,,,
45,0.6,0.7,0.5,2.0,True,False,False,3.0,4,12,2,2,3,4,0.75,0.9166666666666666,0.0,0.0,7.0,13.0,0.5499999999999999,0.0,0.7833333333333334,0.0,0.20000000000000007,0.1333333333333332
45,0.6,0.7,0.5,2.0,True,False,False,5.0,0,2,0,1,0,2,,1.0,,0.0,,15.0,,,0.8,0.0,,0.19999999999999996
45,0.6,0.7,0.5,2.0,True,False,False,8.0,0,0,0,0,0,0,,,,,,,,,,,,
45,0.6,0.7,0.5,2.0,True,False,True,3.0,4,12,2,2,3,4,0.75,0.9166666666666666,0.0,0.0,7.0,13.0,0.5499999999999999,0.0,0.7833333333333334,0.0,0.20000000000000007,0.1333333333333332
45,0.6,0.7,0.5,2.0,True,False,True,5.0,0,2,0,1,0,2,,1.0,,0.0,,15.0,,,0.8,0.0,,0.19999999999999996
45,0.6,0.7,0.5,2.0,True,False,True,8.0,0,0,0,0,0,0,,,,,,,,,,,,
45,0.6,0.7,0.5,2.0,True,True,False,3.0,4,12,2,2,3,4,0.75,0.9166666666666666,0.0,0.0,7.0,13.0,0.5499999999999999,0.0,0.7833333333333334,0.0,0.20000000000000007,0.1333333333333332
45,0.6,0.7,0.5,2.0,True,True,False,5.0,0,2,0,1,0,2,,1.0,,0.0,,15.0,,,0.8,0.0,,0.19999999999999996
45,0.6,0.7,0.5,2.0,True,True,False,8.0,0,0,0,0,0,0,,,,,,,,,,,,
45,0.6,0.7,0.5,2.0,True,True,True,3.0,4,12,2,2,3,4,0.75,0.9166666666666666,0.0,0.0,7.0,13.0,0.5499999999999999,0.0,0.7833333333333334,0.0,0.20000000000000007,0.1333333333333332
45,0.6,0.7,0.5,2.0,True,True,True,5.0,0,2,0,1,0,2,,1.0,,0.0,,15.0,,,0.8,0.0,,0.19999999999999996
45,0.6,0.7,0.5,2.0,True,True,True,8.0,0,0,0,0,0,0,,,,,,,,,,,,
45,0.6,0.85,0.25,0.5,False,False,False,3.0,2,4,1,1,1,2,1.0,0.75,0.0,0.0,6.5,26.0,0.8,0.0,0.75,0.0,0.19999999999999996,0.0
45,0.6,0.85,0.25,0.5,False,False,False,5.0,0,0,0,0,0,0,,,,,,,,,,,,
45,0.6,0.85,0.25,0.5,False,False,False,8.0,0,0,0,0,0,0,,,,,,,,,,,,
45,0.6,0.85,0.25,0.5,False,False,True,3.0,2,4,1,1,1,2,1.0,0.75,0.0,0.0,6.5,26.0,0.8,0.0,0.75,0.0,0.19999999999999996,0.0
45,0.6,0.85,0.25,0.5,False,False,True,5.0,0,0,0,0,0,0,,,,,,,,,,,,
45,0.6,0.85,0.25,0.5,False,False,True,8.0,0,0,0,0,0,0,,,,,,,,,,,,
45,0.6,0.85,0.25,0.5,False,True,False,3.0,2,4,1,1,1,2,1.0,0.75,0.0,0.0,6.5,26.0,0.8,0.0,0.75,0.0,0.19999999999999996,0.0
45,0.6,0.85,0.25,0.5,False,True,False,5.0,0,0,0,0,0,0,,,,,,,,,,,,
45,0.6,0.85,0.25,0.5,False,True,False,8.0,0,0,0,0,0,0,,,,,,,,,,,,
45,0.6,0.85,0.25,0.5,False,True,True,3.0,2,4,1,1,1,2,1.0,0.75,0.0,0.0,6.5,26.0,0.8,0.0,0.75,0.0,0.19999999999999996,0.0
45,0.6,0.85,0.25,0.5,False,True,True,5.0,0,0,0,0,0,0,,,,,,,,,,,,
45,0.6,0.85,0.25,0.5,False,True,True,8.0,0,0,0,0,0,0,,,,,,,,,,,,
45,0.6,0.85,0.25,0.5,True,False,False,3.0,2,4,1,1,1,2,1.0,0.75,0.0,0.0,6.5,26.0,0.8,0.0,0.75,0.0,0.19999999999999996,0.0
45,0.6,0.85,0.25,0.5,True,False,False,5.0,0,0,0,0,0,0,,,,,,,,,,,,
45,0.6,0.85,0.25,0.5,True,False,False,8.0,0,0,0,0,0,0,,,,,,,,,,,,
45,0.6,0.85,0.25,0.5,True,False,True,3.0,2,4,1,1,1,2,1.0,0.75,0.0,0.0,6.5,26.0,0.8,0.0,0.75,0.0,0.19999999999999996,0.0
45,0.6,0.85,0.25,0.5,True,False,True,5.0,0,0,0,0,0,0,,,,,,,,,,,,
45,0.6,0.85,0.25,0.5,True,False,True,8.0,0,0,0,0,0,0,,,,,,,,,,,,
45,0.6,0.85,0.25,0.5,True,True,False,3.0,2,4,1,1,1,2,1.0,0.75,0.0,0.0,6.5,26.0,0.8,0.0,0.75,0.0,0.19999999999999996,0.0
45,0.6,0.85,0.25,0.5,True,True,False,5.0,0,0,0,0,0,0,,,,,,,,,,,,
45,0.6,0.85,0.25,0.5,True,True,False,8.0,0,0,0,0,0,0,,,,,,,,,,,,
45,0.6,0.85,0.25,0.5,True,True,True,3.0,2,4,1,1,1,2,1.0,0.75,0.0,0.0,6.5,26.0,0.8,0.0,0.75,0.0,0.19999999999999996,0.0
45,0.6,0.85,0.25,0.5,True,True,True,5.0,0,0,0,0,0,0,,,,,,,,,,,,
45,0.6,0.85,0.25,0.5,True,True,True,8.0,0,0,0,0,0,0,,,,,,,,,,,,
45,0.6,0.85,0.25,1.0,False,False,False,3.0,2,4,1,1,1,2,1.0,0.75,0.0,0.0,6.5,26.0,0.8,0.0,0.75,0.0,0.19999999999999996,0.0
45,0.6,0.85,0.25,1.0,False,False,False,5.0,0,0,0,0,0,0,,,,,,,,,,,,
45,0.6,0.85,0.25,1.0,False,False,False,8.0,0,0,0,0,0,0,,,,,,,,,,,,
45,0.6,0.85,0.25,1.0,False,False,True,3.0,2,4,1,1,1,2,1.0,0.75,0.0,0.0,6.5,26.0,0.8,0.0,0.75,0.0,0.19999999999999996,0.0
45,0.6,0.85,0.25,1.0,False,False,True,5.0,0,0,0,0,0,0,,,,,,,,,,,,
45,0.6,0.85,0.25,1.0,False,False,True,8.0,0,0,0,0,0,0,,,,,,,,,,,,
45,0.6,0.85,0.25,1.0,False,True,False,3.0,2,4,1,1,1,2,1.0,0.75,0.0,0.0,6.5,26.0,0.8,0.0,0.75,0.0,0.19999999999999996,0.0
45,0.6,0.85,0.25,1.0,False,True,False,5.0,0,0,0,0,0,0,,,,,,,,,,,,
45,0.6,0.85,0.25,1.0,False,True,False,8.0,0,0,0,0,0,0,,,,,,,,,,,,
45,0.6,0.85,0.25,1.0,False,True,True,3.0,2,4,1,1,1,2,1.0,0.75,0.0,0.0,6.5,26.0,0.8,0.0,0.75,0.0,0.19999999999999996,0.0
45,0.6,0.85,0.25,1.0,False,True,True,5.0,0,0,0,0,0,0,,,,,,,,,,,,
45,0.6,0.85,0.25,1.0,False,True,True,8.0,0,0,0,0,0,0,,,,,,,,,,,,
45,0.6,0.85,0.25,1.0,True,False,False,3.0,2,4,1,1,1,2,1.0,0.75,0.0,0.0,6.5,26.0,0.8,0.0,0.75,0.0,0.19999999999999996,0.0
45,0.6,0.85,0.25,1.0,True,False,False,5.0,0,0,0,0,0,0,,,,,,,,,,,,
45,0.6,0.85,0.25,1.0,True,False,False,8.0,0,0,0,0,0,0,,,,,,,,,,,,
45,0.6,0.85,0.25,1.0,True,False,True,3.0,2,4,1,1,1,2,1.0,0.75,0.0,0.0,6.5,26.0,0.8,0.0,0.75,0.0,0.19999999999999996,0.0
45,0.6,0.85,0.25,1.0,True,False,True,5.0,0,0,0,0,0,0,,,,,,,,,,,,
45,0.6,0.85,0.25,1.0,True,False,True,8.0,0,0,0,0,0,0,,,,,,,,,,,,
45,0.6,0.85,0.25,1.0,True,True,False,3.0,2,4,1,1,1,2,1.0,0.75,0.0,0.0,6.5,26.0,0.8,0.0,0.75,0.0,0.19999999999999996,0.0
45,0.6,0.85,0.25,1.0,True,True,False,5.0,0,0,0,0,0,0,,,,,,,,,,,,
45,0.6,0.85,0.25,1.0,True,True,False,8.0,0,0,0,0,0,0,,,,,,,,,,,,
45,0.6,0.85,0.25,1.0,True,True,True,3.0,2,4,1,1,1,2,1.0,0.75,0.0,0.0,6.5,26.0,0.8,0.0,0.75,0.0,0.19999999999999996,0.0
45,0.6,0.85,0.25,1.0,True,True,True,5.0,0,0,0,0,0,0,,,,,,,,,,,,
45,0.6,0.85,0.25,1.0,True,True,True,8.0,0,0,0,0,0,0,,,,,,,,,,,,
45,0.6,0.85,0.25,2.0,False,False,False,3.0,2,4,1,1,1,2,1.0,0.75,0.0,0.0,6.5,26.0,0.8,0.0,0.75,0.0,0.19999999999999996,0.0
45,0.6,0.85,0.25,2.0,False,False,False,5.0,0,0,0,0,0,0,,,,,,,,,,,,
45,0.6,0.85,0.25,2.0,False,False,False,8.0,0,0,0,0,0,0,,,,,,,,,,,,
45,0.6,0.85,0.25,2.0,False,False,True,3.0,2,4,1,1,1,2,1.0,0.75,0.0,0.0,6.5,26.0,0.8,0.0,0.75,0.0,0.19999999999999996,0.0
45,0.6,0.85,0.25,2.0,False,False,True,5.0,0,0,0,0,0,0,,,,,,,,,,,,
45,0.6,0.85,0.25,2.0,False,False,True,8.0,0,0,0,0,0,0,,,,,,,,,,,,
45,0.6,0.85,0.25,2.0,False,True,False,3.0,2,4,1,1,1,2,1.0,0.75,0.0,0.0,6.5,26.0,0.8,0.0,0.75,0.0,0.19999999999999996,0.0
45,0.6,0.85,0.25,2.0,False,True,False,5.0,0,0,0,0,0,0,,,,,,,,,,,,
45,0.6,0.85,0.25,2.0,False,True,False,8.0,0,0,0,0,0,0,,,,,,,,,,,,
45,0.6,0.85,0.25,2.0,False,True,True,3.0,2,4,1,1,1,2,1.0,0.75,0.0,0.0,6.5,26.0,0.8,0.0,0.75,0.0,0.19999999999999996,0.0
45,0.6,0.85,0.25,2.0,False,True,True,5.0,0,0,0,0,0,0,,,,,,,,,,,,
45,0.6,0.85,0.25,2.0,False,True,True,8.0,0,0,0,0,0,0,,,,,,,,,,,,
45,0.6,0.85,0.25,2.0,True,False,False,3.0,2,4,1,1,1,2,1.0,0.75,0.0,0.0,6.5,26.0,0.8,0.0,0.75,0.0,0.19999999999999996,0.0
45,0.6,0.85,0.25,2.0,True,False,False,5.0,0,0,0,0,0,0,,,,,,,,,,,,
45,0.6,0.85,0.25,2.0,True,False,False,8.0,0,0,0,0,0,0,,,,,,,,,,,,
45,0.6,0.85,0.25,2.0,True,False,True,3.0,2,4,1,1,1,2,1.0,0.75,0.0,0.0,6.5,26.0,0.8,0.0,0.75,0.0,0.19999999999999996,0.0
45,0.6,0.85,0.25,2.0,True,False,True,5.0,0,0,0,0,0,0,,,,,,,,,,,,
45,0.6,0.85,0.25,2.0,True,False,True,8.0,0,0,0,0,0,0,,,,,,,,,,,,
45,0.6,0.85,0.25,2.0,True,True,False,3.0,2,4,1,1,1,2,1.0,0.75,0.0,0.0,6.5,26.0,0.8,0.0,0.75,0.0,0.19999999999999996,0.0
45,0.6,0.85,0.25,2.0,True,True,False,5.0,0,0,0,0,0,0,,,,,,,,,,,,
45,0.6,0.85,0.25,2.0,True,True,False,8.0,0,0,0,0,0,0,,,,,,,,,,,,
45,0.6,0.85,0.25,2.0,True,True,True,3.0,2,4,1,1,1,2,1.0,0.75,0.0,0.0,6.5,26.0,0.8,0.0,0.75,0.0,0.19999999999999996,0.0
45,0.6,0.85,0.25,2.0,True,True,True,5.0,0,0,0,0,0,0,,,,,,,,,,,,
45,0.6,0.85,0.25,2.0,True,True,True,8.0,0,0,0,0,0,0,,,,,,,,,,,,
45,0.6,0.85,0.5,0.5,False,False,False,3.0,2,5,1,1,1,2,1.0,0.8,0.0,0.0,6.5,25.0,0.8,0.0,0.76,0.0,0.19999999999999996,0.040000000000000036
45,0.6,0.85,0.5,0.5,False,False,False,5.0,0,1,0,1,0,1,,1.0,,0.0,,19.0,,,0.8,0.0,,0.19999999999999996
45,0.6,0.85,0.5,0.5,False,False,False,8.0,0,0,0,0,0,0,,,,,,,,,,,,
45,0.6,0.85,0.5,0.5,False,False,True,3.0,2,5,1,1,1,2,1.0,0.8,0.0,0.0,6.5,25.0,0.8,0.0,0.76,0.0,0.19999999999999996,0.040000000000000036
45,0.6,0.85,0.5,0.5,False,False,True,5.0,0,1,0,1,0,1,,1.0,,0.0,,19.0,,,0.8,0.0,,0.19999999999999996
45,0.6,0.85,0.5,0.5,False,False,True,8.0,0,0,0,0,0,0,,,,,,,,,,,,
45,0.6,0.85,0.5,0.5,False,True,False,3.0,2,5,1,1,1,2,1.0,0.8,0.0,0.0,6.5,25.0,0.8,0.0,0.76,0.0,0.19999999999999996,0.040000000000000036
45,0.6,0.85,0.5,0.5,False,True,False,5.0,0,1,0,1,0,1,,1.0,,0.0,,19.0,,,0.8,0.0,,0.19999999999999996
45,0.6,0.85,0.5,0.5,False,True,False,8.0,0,0,0,0,0,0,,,,,,,,,,,,
45,0.6,0.85,0.5,0.5,False,True,True,3.0,2,5,1,1,1,2,1.0,0.8,0.0,0.0,6.5,25.0,0.8,0.0,0.76,0.0,0.19999999999999996,0.040000000000000036
45,0.6,0.85,0.5,0.5,False,True,True,5.0,0,1,0,1,0,1,,1.0,,0.0,,19.0,,,0.8,0.0,,0.19999999999999996
45,0.6,0.85,0.5,0.5,False,True,True,8.0,0,0,0,0,0,0,,,,,,,,,,,,
45,0.6,0.85,0.5,0.5,True,False,False,3.0,2,5,1,1,1,2,1.0,0.8,0.0,0.0,6.5,25.0,0.8,0.0,0.76,0.0,0.19999999999999996,0.040000000000000036
45,0.6,0.85,0.5,0.5,True,False,False,5.0,0,1,0,1,0,1,,1.0,,0.0,,19.0,,,0.8,0.0,,0.19999999999999996
45,0.6,0.85,0.5,0.5,True,False,False,8.0,0,0,0,0,0,0,,,,,,,,,,,,
45,0.6,0.85,0.5,0.5,True,False,True,3.0,2,5,1,1,1,2,1.0,0.8,0.0,0.0,6.5,25.0,0.8,0.0,0.76,0.0,0.19999999999999996,0.040000000000000036
45,0.6,0.85,0.5,0.5,True,False,True,5.0,0,1,0,1,0,1,,1.0,,0.0,,19.0,,,0.8,0.0,,0.19999999999999996
45,0.6,0.85,0.5,0.5,True,False,True,8.0,0,0,0,0,0,0,,,,,,,,,,,,
45,0.6,0.85,0.5,0.5,True,True,False,3.0,2,5,1,1,1,2,1.0,0.8,0.0,0.0,6.5,25.0,0.8,0.0,0.76,0.0,0.19999999999999996,0.040000000000000036
45,0.6,0.85,0.5,0.5,True,True,False,5.0,0,1,0,1,0,1,,1.0,,0.0,,19.0,,,0.8,0.0,,0.19999999999999996
45,0.6,0.85,0.5,0.5,True,True,False,8.0,0,0,0,0,0,0,,,,,,,,,,,,
45,0.6,0.85,0.5,0.5,True,True,True,3.0,2,5,1,1,1,2,1.0,0.8,0.0,0.0,6.5,25.0,0.8,0.0,0.76,0.0,0.19999999999999996,0.040000000000000036
45,0.6,0.85,0.5,0.5,True,True,True,5.0,0,1,0,1,0,1,,1.0,,0.0,,19.0,,,0.8,0.0,,0.19999999999999996
45,0.6,0.85,0.5,0.5,True,True,True,8.0,0,0,0,0,0,0,,,,,,,,,,,,
45,0.6,0.85,0.5,1.0,False,False,False,3.0,2,5,1,1,1,2,1.0,0.8,0.0,0.0,6.5,25.0,0.8,0.0,0.76,0.0,0.19999999999999996,0.040000000000000036
45,0.6,0.85,0.5,1.0,False,False,False,5.0,0,1,0,1,0,1,,1.0,,0.0,,19.0,,,0.8,0.0,,0.19999999999999996
45,0.6,0.85,0.5,1.0,False,False,False,8.0,0,0,0,0,0,0,,,,,,,,,,,,
45,0.6,0.85,0.5,1.0,False,False,True,3.0,2,5,1,1,1,2,1.0,0.8,0.0,0.0,6.5,25.0,0.8,0.0,0.76,0.0,0.19999999999999996,0.040000000000000036
45,0.6,0.85,0.5,1.0,False,False,True,5.0,0,1,0,1,0,1,,1.0,,0.0,,19.0,,,0.8,0.0,,0.19999999999999996
45,0.6,0.85,0.5,1.0,False,False,True,8.0,0,0,0,0,0,0,,,,,,,,,,,,
45,0.6,0.85,0.5,1.0,False,True,False,3.0,2,5,1,1,1,2,1.0,0.8,0.0,0.0,6.5,25.0,0.8,0.0,0.76,0.0,0.19999999999999996,0.040000000000000036
45,0.6,0.85,0.5,1.0,False,True,False,5.0,0,1,0,1,0,1,,1.0,,0.0,,19.0,,,0.8,0.0,,0.19999999999999996
45,0.6,0.85,0.5,1.0,False,True,False,8.0,0,0,0,0,0,0,,,,,,,,,,,,
45,0.6,0.85,0.5,1.0,False,True,True,3.0,2,5,1,1,1,2,1.0,0.8,0.0,0.0,6.5,25.0,0.8,0.0,0.76,0.0,0.19999999999999996,0.040000000000000036
45,0.6,0.85,0.5,1.0,False,True,True,5.0,0,1,0,1,0,1,,1.0,,0.0,,19.0,,,0.8,0.0,,0.19999999999999996
45,0.6,0.85,0.5,1.0,False,True,True,8.0,0,0,0,0,0,0,,,,,,,,,,,,
45,0.6,0.85,0.5,1.0,True,False,False,3.0,2,5,1,1,1,2,1.0,0.8,0.0,0.0,6.5,25.0,0.8,0.0,0.76,0.0,0.19999999999999996,0.040000000000000036
45,0.6,0.85,0.5,1.0,True,False,False,5.0,0,1,0,1,0,1,,1.0,,0.0,,19.0,,,0.8,0.0,,0.19999999999999996
45,0.6,0.85,0.5,1.0,True,False,False,8.0,0,0,0,0,0,0,,,,,,,,,,,,
45,0.6,0.85,0.5,1.0,True,False,True,3.0,2,5,1,1,1,2,1.0,0.8,0.0,0.0,6.5,25.0,0.8,0.0,0.76,0.0,0.19999999999999996,0.040000000000000036
45,0.6,0.85,0.5,1.0,True,False,True,5.0,0,1,0,1,0,1,,1.0,,0.0,,19.0,,,0.8,0.0,,0.19999999999999996
45,0.6,0.85,0.5,1.0,True,False,True,8.0,0,0,0,0,0,0,,,,,,,,,,,,
45,0.6,0.85,0.5,1.0,True,True,False,3.0,2,5,1,1,1,2,1.0,0.8,0.0,0.0,6.5,25.0,0.8,0.0,0.76,0.0,0.19999999999999996,0.040000000000000036
45,0.6,0.85,0.5,1.0,True,True,False,5.0,0,1,0,1,0,1,,1.0,,0.0,,19.0,,,0.8,0.0,,0.19999999999999996
45,0.6,0.85,0.5,1.0,True,True,False,8.0,0,0,0,0,0,0,,,,,,,,,,,,
45,0.6,0.85,0.5,1.0,True,True,True,3.0,2,5,1,1,1,2,1.0,0.8,0.0,0.0,6.5,25.0,0.8,0.0,0.76,0.0,0.19999999999999996,0.040000000000000036
45,0.6,0.85,0.5,1.0,True,True,True,5.0,0,1,0,1,0,1,,1.0,,0.0,,19.0,,,0.8,0.0,,0.19999999999999996
45,0.6,0.85,0.5,1.0,True,True,True,8.0,0,0,0,0,0,0,,,,,,,,,,,,
45,0.6,0.85,0.5,2.0,False,False,False,3.0,2,5,1,1,1,2,1.0,0.8,0.0,0.0,6.5,25.0,0.8,0.0,0.76,0.0,0.19999999999999996,0.040000000000000036
45,0.6,0.85,0.5,2.0,False,False,False,5.0,0,1,0,1,0,1,,1.0,,0.0,,19.0,,,0.8,0.0,,0.19999999999999996
45,0.6,0.85,0.5,2.0,False,False,False,8.0,0,0,0,0,0,0,,,,,,,,,,,,
45,0.6,0.85,0.5,2.0,False,False,True,3.0,2,5,1,1,1,2,1.0,0.8,0.0,0.0,6.5,25.0,0.8,0.0,0.76,0.0,0.19999999999999996,0.040000000000000036
45,0.6,0.85,0.5,2.0,False,False,True,5.0,0,1,0,1,0,1,,1.0,,0.0,,19.0,,,0.8,0.0,,0.19999999999999996
45,0.6,0.85,0.5,2.0,False,False,True,8.0,0,0,0,0,0,0,,,,,,,,,,,,
45,0.6,0.85,0.5,2.0,False,True,False,3.0,2,5,1,1,1,2,1.0,0.8,0.0,0.0,6.5,25.0,0.8,0.0,0.76,0.0,0.19999999999999996,0.040000000000000036
45,0.6,0.85,0.5,2.0,False,True,False,5.0,0,1,0,1,0,1,,1.0,,0.0,,19.0,,,0.8,0.0,,0.19999999999999996
45,0.6,0.85,0.5,2.0,False,True,False,8.0,0,0,0,0,0,0,,,,,,,,,,,,
45,0.6,0.85,0.5,2.0,False,True,True,3.0,2,5,1,1,1,2,1.0,0.8,0.0,0.0,6.5,25.0,0.8,0.0,0.76,0.0,0.19999999999999996,0.040000000000000036
45,0.6,0.85,0.5,2.0,False,True,True,5.0,0,1,0,1,0,1,,1.0,,0.0,,19.0,,,0.8,0.0,,0.19999999999999996
45,0.6,0.85,0.5,2.0,False,True,True,8.0,0,0,0,0,0,0,,,,,,,,,,,,
45,0.6,0.85,0.5,2.0,True,False,False,3.0,2,5,1,1,1,2,1.0,0.8,0.0,0.0,6.5,25.0,0.8,0.0,0.76,0.0,0.19999999999999996,0.040000000000000036
45,0.6,0.85,0.5,2.0,True,False,False,5.0,0,1,0,1,0,1,,1.0,,0.0,,19.0,,,0.8,0.0,,0.19999999999999996
45,0.6,0.85,0.5,2.0,True,False,False,8.0,0,0,0,0,0,0,,,,,,,,,,,,
45,0.6,0.85,0.5,2.0,True,False,True,3.0,2,5,1,1,1,2,1.0,0.8,0.0,0.0,6.5,25.0,0.8,0.0,0.76,0.0,0.19999999999999996,0.040000000000000036
45,0.6,0.85,0.5,2.0,True,False,True,5.0,0,1,0,1,0,1,,1.0,,0.0,,19.0,,,0.8,0.0,,0.19999999999999996
45,0.6,0.85,0.5,2.0,True,False,True,8.0,0,0,0,0,0,0,,,,,,,,,,,,
45,0.6,0.85,0.5,2.0,True,True,False,3.0,2,5,1,1,1,2,1.0,0.8,0.0,0.0,6.5,25.0,0.8,0.0,0.76,0.0,0.19999999999999996,0.040000000000000036
45,0.6,0.85,0.5,2.0,True,True,False,5.0,0,1,0,1,0,1,,1.0,,0.0,,19.0,,,0.8,0.0,,0.19999999999999996
45,0.6,0.85,0.5,2.0,True,True,False,8.0,0,0,0,0,0,0,,,,,,,,,,,,
45,0.6,0.85,0.5,2.0,True,True,True,3.0,2,5,1,1,1,2,1.0,0.8,0.0,0.0,6.5,25.0,0.8,0.0,0.76,0.0,0.19999999999999996,0.040000000000000036
45,0.6,0.85,0.5,2.0,True,True,True,5.0,0,1,0,1,0,1,,1.0,,0.0,,19.0,,,0.8,0.0,,0.19999999999999996
45,0.6,0.85,0.5,2.0,True,True,True,8.0,0,0,0,0,0,0,,,,,,,,,,,,
45,0.7,0.7,0.25,0.5,False,False,False,3.0,0,6,0,1,0,4,,0.8333333333333334,,0.0,,24.0,,,0.7666666666666666,0.0,,0.06666666666666676
45,0.7,0.7,0.25,0.5,False,False,False,5.0,0,0,0,0,0,0,,,,,,,,,,,,
45,0.7,0.7,0.25,0.5,False,False,False,8.0,0,0,0,0,0,0,,,,,,,,,,,,
45,0.7,0.7,0.25,0.5,False,False,True,3.0,0,6,0,1,0,4,,0.8333333333333334,,0.0,,24.0,,,0.7666666666666666,0.0,,0.06666666666666676
45,0.7,0.7,0.25,0.5,False,False,True,5.0,0,0,0,0,0,0,,,,,,,,,,,,
45,0.7,0.7,0.25,0.5,False,False,True,8.0,0,0,0,0,0,0,,,,,,,,,,,,
45,0.7,0.7,0.25,0.5,False,True,False,3.0,0,6,0,1,0,4,,0.8333333333333334,,0.0,,24.0,,,0.7666666666666666,0.0,,0.06666666666666676
45,0.7,0.7,0.25,0.5,False,True,False,5.0,0,0,0,0,0,0,,,,,,,,,,,,
45,0.7,0.7,0.25,0.5,False,True,False,8.0,0,0,0,0,0,0,,,,,,,,,,,,
45,0.7,0.7,0.25,0.5,False,True,True,3.0,0,6,0,1,0,4,,0.8333333333333334,,0.0,,24.0,,,0.7666666666666666,0.0,,0.06666666666666676
45,0.7,0.7,0.25,0.5,False,True,True,5.0,0,0,0,0,0,0,,,,,,,,,,,,
45,0.7,0.7,0.25,0.5,False,True,True,8.0,0,0,0,0,0,0,,,,,,,,,,,,
45,0.7,0.7,0.25,0.5,True,False,False,3.0,0,6,0,1,0,4,,0.8333333333333334,,0.0,,24.0,,,0.7666666666666666,0.0,,0.06666666666666676
45,0.7,0.7,0.25,0.5,True,False,False,5.0,0,0,0,0,0,0,,,,,,,,,,,,
45,0.7,0.7,0.25,0.5,True,False,False,8.0,0,0,0,0,0,0,,,,,,,,,,,,
45,0.7,0.7,0.25,0.5,True,False,True,3.0,0,6,0,1,0,4,,0.8333333333333334,,0.0,,24.0,,,0.7666666666666666,0.0,,0.06666666666666676
45,0.7,0.7,0.25,0.5,True,False,True,5.0,0,0,0,0,0,0,,,,,,,,,,,,
45,0.7,0.7,0.25,0.5,True,False,True,8.0,0,0,0,0,0,0,,,,,,,,,,,,
45,0.7,0.7,0.25,0.5,True,True,False,3.0,0,6,0,1,0,4,,0.8333333333333334,,0.0,,24.0,,,0.7666666666666666,0.0,,0.06666666666666676
45,0.7,0.7,0.25,0.5,True,True,False,5.0,0,0,0,0,0,0,,,,,,,,,,,,
45,0.7,0.7,0.25,0.5,True,True,False,8.0,0,0,0,0,0,0,,,,,,,,,,,,
45,0.7,0.7,0.25,0.5,True,True,True,3.0,0,6,0,1,0,4,,0.8333333333333334,,0.0,,24.0,,,0.7666666666666666,0.0,,0.06666666666666676
45,0.7,0.7,0.25,0.5,True,True,True,5.0,0,0,0,0,0,0,,,,,,,,,,,,
45,0.7,0.7,0.25,0.5,True,True,True,8.0,0,0,0,0,0,0,,,,,,,,,,,,
45,0.7,0.7,0.25,1.0,False,False,False,3.0,0,6,0,1,0,4,,0.8333333333333334,,0.0,,24.0,,,0.7666666666666666,0.0,,0.06666666666666676
45,0.7,0.7,0.25,1.0,False,False,False,5.0,0,0,0,0,0,0,,,,,,,,,,,,
45,0.7,0.7,0.25,1.0,False,False,False,8.0,0,0,0,0,0,0,,,,,,,,,,,,
45,0.7,0.7,0.25,1.0,False,False,True,3.0,0,6,0,1,0,4,,0.8333333333333334,,0.0,,24.0,,,0.7666666666666666,0.0,,0.06666666666666676
45,0.7,0.7,0.25,1.0,False,False,True,5.0,0,0,0,0,0,0,,,,,,,,,,,,
45,0.7,0.7,0.25,1.0,False,False,True,8.0,0,0,0,0,0,0,,,,,,,,,,,,
45,0.7,0.7,0.25,1.0,False,True,False,3.0,0,6,0,1,0,4,,0.8333333333333334,,0.0,,24.0,,,0.7666666666666666,0.0,,0.06666666666666676
45,0.7,0.7,0.25,1.0,False,True,False,5.0,0,0,0,0,0,0,,,,,,,,,,,,
45,0.7,0.7,0.25,1.0,False,True,False,8.0,0,0,0,0,0,0,,,,,,,,,,,,
45,0.7,0.7,0.25,1.0,False,True,True,3.0,0,6,0,1,0,4,,0.8333333333333334,,0.0,,24.0,,,0.7666666666666666,0.0,,0.06666666666666676
45,0.7,0.7,0.25,1.0,False,True,True,5.0,0,0,0,0,0,0,,,,,,,,,,,,
45,0.7,0.7,0.25,1.0,False,True,True,8.0,0,0,0,0,0,0,,,,,,,,,,,,
45,0.7,0.7,0.25,1.0,True,False,False,3.0,0,6,0,1,0,4,,0.8333333333333334,,0.0,,24.0,,,0.7666666666666666,0.0,,0.06666666666666676
45,0.7,0.7,0.25,1.0,True,False,False,5.0,0,0,0,0,0,0,,,,,,,,,,,,
45,0.7,0.7,0.25,1.0,True,False,False,8.0,0,0,0,0,0,0,,,,,,,,,,,,
45,0.7,0.7,0.25,1.0,True,False,True,3.0,0,6,0,1,0,4,,0.8333333333333334,,0.0,,24.0,,,0.7666666666666666,0.0,,0.06666666666666676
45,0.7,0.7,0.25,1.0,True,False,True,5.0,0,0,0,0,0,0,,,,,,,,,,,,
45,0.7,0.7,0.25,1.0,True,False,True,8.0,0,0,0,0,0,0,,,,,,,,,,,,
45,0.7,0.7,0.25,1.0,True,True,False,3.0,0,6,0,1,0,4,,0.8333333333333334,,0.0,,24.0,,,0.7666666666666666,0.0,,0.06666666666666676
45,0.7,0.7,0.25,1.0,True,True,False,5.0,0,0,0,0,0,0,,,,,,,,,,,,
45,0.7,0.7,0.25,1.0,True,True,False,8.0,0,0,0,0,0,0,,,,,,,,,,,,
45,0.7,0.7,0.25,1.0,True,True,True,3.0,0,6,0,1,0,4,,0.8333333333333334,,0.0,,24.0,,,0.7666666666666666,0.0,,0.06666666666666676
45,0.7,0.7,0.25,1.0,True,True,True,5.0,0,0,0,0,0,0,,,,,,,,,,,,
45,0.7,0.7,0.25,1.0,True,True,True,8.0,0,0,0,0,0,0,,,,,,,,,,,,
45,0.7,0.7,0.25,2.0,False,False,False,3.0,0,6,0,1,0,4,,0.8333333333333334,,0.0,,24.0,,,0.7666666666666666,0.0,,0.06666666666666676
45,0.7,0.7,0.25,2.0,False,False,False,5.0,0,0,0,0,0,0,,,,,,,,,,,,
45,0.7,0.7,0.25,2.0,False,False,False,8.0,0,0,0,0,0,0,,,,,,,,,,,,
45,0.7,0.7,0.25,2.0,False,False,True,3.0,0,6,0,1,0,4,,0.8333333333333334,,0.0,,24.0,,,0.7666666666666666,0.0,,0.06666666666666676
45,0.7,0.7,0.25,2.0,False,False,True,5.0,0,0,0,0,0,0,,,,,,,,,,,,
45,0.7,0.7,0.25,2.0,False,False,True,8.0,0,0,0,0,0,0,,,,,,,,,,,,
45,0.7,0.7,0.25,2.0,False,True,False,3.0,0,6,0,1,0,4,,0.8333333333333334,,0.0,,24.0,,,0.7666666666666666,0.0,,0.06666666666666676
45,0.7,0.7,0.25,2.0,False,True,False,5.0,0,0,0,0,0,0,,,,,,,,,,,,
45,0.7,0.7,0.25,2.0,False,True,False,8.0,0,0,0,0,0,0,,,,,,,,,,,,
45,0.7,0.7,0.25,2.0,False,True,True,3.0,0,6,0,1,0,4,,0.8333333333333334,,0.0,,24.0,,,0.7666666666666666,0.0,,0.06666666666666676
45,0.7,0.7,0.25,2.0,False,True,True,5.0,0,0,0,0,0,0,,,,,,,,,,,,
45,0.7,0.7,0.25,2.0,False,True,True,8.0,0,0,0,0,0,0,,,,,,,,,,,,
45,0.7,0.7,0.25,2.0,True,False,False,3.0,0,6,0,1,0,4,,0.8333333333333334,,0.0,,24.0,,,0.7666666666666666,0.0,,0.06666666666666676
45,0.7,0.7,0.25,2.0,True,False,False,5.0,0,0,0,0,0,0,,,,,,,,,,,,
45,0.7,0.7,0.25,2.0,True,False,False,8.0,0,0,0,0,0,0,,,,,,,,,,,,
45,0.7,0.7,0.25,2.0,True,False,True,3.0,0,6,0,1,0,4,,0.8333333333333334,,0.0,,24.0,,,0.7666666666666666,0.0,,0.06666666666666676
45,0.7,0.7,0.25,2.0,True,False,True,5.0,0,0,0,0,0,0,,,,,,,,,,,,
45,0.7,0.7,0.25,2.0,True,False,True,8.0,0,0,0,0,0,0,,,,,,,,,,,,
45,0.7,0.7,0.25,2.0,True,True,False,3.0,0,6,0,1,0,4,,0.8333333333333334,,0.0,,24.0,,,0.7666666666666666,0.0,,0.06666666666666676
45,0.7,0.7,0.25,2.0,True,True,False,5.0,0,0,0,0,0,0,,,,,,,,,,,,
45,0.7,0.7,0.25,2.0,True,True,False,8.0,0,0,0,0,0,0,,,,,,,,,,,,
45,0.7,0.7,0.25,2.0,True,True,True,3.0,0,6,0,1,0,4,,0.8333333333333334,,0.0,,24.0,,,0.7666666666666666,0.0,,0.06666666666666676
45,0.7,0.7,0.25,2.0,True,True,True,5.0,0,0,0,0,0,0,,,,,,,,,,,,
45,0.7,0.7,0.25,2.0,True,True,True,8.0,0,0,0,0,0,0,,,,,,,,,,,,
45,0.7,0.7,0.5,0.5,False,False,False,3.0,0,10,0,1,0,3,,0.9,,0.0,,19.0,,,0.78,0.0,,0.12
45,0.7,0.7,0.5,0.5,False,False,False,5.0,0,1,0,1,0,1,,1.0,,0.0,,19.0,,,0.8,0.0,,0.19999999999999996
45,0.7,0.7,0.5,0.5,False,False,False,8.0,0,0,0,0,0,0,,,,,,,,,,,,
45,0.7,0.7,0.5,0.5,False,False,True,3.0,0,10,0,1,0,3,,0.9,,0.0,,19.0,,,0.78,0.0,,0.12
45,0.7,0.7,0.5,0.5,False,False,True,5.0,0,1,0,1,0,1,,1.0,,0.0,,19.0,,,0.8,0.0,,0.19999999999999996
45,0.7,0.7,0.5,0.5,False,False,True,8.0,0,0,0,0,0,0,,,,,,,,,,,,
45,0.7,0.7,0.5,0.5,False,True,False,3.0,0,10,0,1,0,3,,0.9,,0.0,,19.0,,,0.78,0.0,,0.12
45,0.7,0.7,0.5,0.5,False,True,False,5.0,0,1,0,1,0,1,,1.0,,0.0,,19.0,,,0.8,0.0,,0.19999999999999996
45,0.7,0.7,0.5,0.5,False,True,False,8.0,0,0,0,0,0,0,,,,,,,,,,,,
45,0.7,0.7,0.5,0.5,False,True,True,3.0,0,10,0,1,0,3,,0.9,,0.0,,19.0,,,0.78,0.0,,0.12
45,0.7,0.7,0.5,0.5,False,True,True,5.0,0,1,0,1,0,1,,1.0,,0.0,,19.0,,,0.8,0.0,,0.19999999999999996
45,0.7,0.7,0.5,0.5,False,True,True,8.0,0,0,0,0,0,0,,,,,,,,,,,,
45,0.7,0.7,0.5,0.5,True,False,False,3.0,0,10,0,1,0,3,,0.9,,0.0,,19.0,,,0.78,0.0,,0.12
45,0.7,0.7,0.5,0.5,True,False,False,5.0,0,1,0,1,0,1,,1.0,,0.0,,19.0,,,0.8,0.0,,0.19999999999999996
45,0.7,0.7,0.5,0.5,True,False,False,8.0,0,0,0,0,0,0,,,,,,,,,,,,
45,0.7,0.7,0.5,0.5,True,False,True,3.0,0,10,0,1,0,3,,0.9,,0.0,,19.0,,,0.78,0.0,,0.12
45,0.7,0.7,0.5,0.5,True,False,True,5.0,0,1,0,1,0,1,,1.0,,0.0,,19.0,,,0.8,0.0,,0.19999999999999996
45,0.7,0.7,0.5,0.5,True,False,True,8.0,0,0,0,0,0,0,,,,,,,,,,,,
45,0.7,0.7,0.5,0.5,True,True,False,3.0,0,10,0,1,0,3,,0.9,,0.0,,19.0,,,0.78,0.0,,0.12
45,0.7,0.7,0.5,0.5,True,True,False,5.0,0,1,0,1,0,1,,1.0,,0.0,,19.0,,,0.8,0.0,,0.19999999999999996
45,0.7,0.7,0.5,0.5,True,True,False,8.0,0,0,0,0,0,0,,,,,,,,,,,,
45,0.7,0.7,0.5,0.5,True,True,True,3.0,0,10,0,1,0,3,,0.9,,0.0,,19.0,,,0.78,0.0,,0.12
45,0.7,0.7,0.5,0.5,True,True,True,5.0,0,1,0,1,0,1,,1.0,,0.0,,19.0,,,0.8,0.0,,0.19999999999999996
45,0.7,0.7,0.5,0.5,True,True,True,8.0,0,0,0,0,0,0,,,,,,,,,,,,
45,0.7,0.7,0.5,1.0,False,False,False,3.0,0,10,0,1,0,3,,0.9,,0.0,,19.0,,,0.78,0.0,,0.12
45,0.7,0.7,0.5,1.0,False,False,False,5.0,0,1,0,1,0,1,,1.0,,0.0,,19.0,,,0.8,0.0,,0.19999999999999996
45,0.7,0.7,0.5,1.0,False,False,False,8.0,0,0,0,0,0,0,,,,,,,,,,,,
45,0.7,0.7,0.5,1.0,False,False,True,3.0,0,10,0,1,0,3,,0.9,,0.0,,19.0,,,0.78,0.0,,0.12
45,0.7,0.7,0.5,1.0,False,False,True,5.0,0,1,0,1,0,1,,1.0,,0.0,,19.0,,,0.8,0.0,,0.19999999999999996
45,0.7,0.7,0.5,1.0,False,False,True,8.0,0,0,0,0,0,0,,,,,,,,,,,,
45,0.7,0.7,0.5,1.0,False,True,False,3.0,0,10,0,1,0,3,,0.9,,0.0,,19.0,,,0.78,0.0,,0.12
45,0.7,0.7,0.5,1.0,False,True,False,5.0,0,1,0,1,0,1,,1.0,,0.0,,19.0,,,0.8,0.0,,0.19999999999999996
45,0.7,0.7,0.5,1.0,False,True,False,8.0,0,0,0,0,0,0,,,,,,,,,,,,
45,0.7,0.7,0.5,1.0,False,True,True,3.0,0,10,0,1,0,3,,0.9,,0.0,,19.0,,,0.78,0.0,,0.12
45,0.7,0.7,0.5,1.0,False,True,True,5.0,0,1,0,1,0,1,,1.0,,0.0,,19.0,,,0.8,0.0,,0.19999999999999996
45,0.7,0.7,0.5,1.0,False,True,True,8.0,0,0,0,0,0,0,,,,,,,,,,,,
45,0.7,0.7,0.5,1.0,True,False,False,3.0,0,10,0,1,0,3,,0.9,,0.0,,19.0,,,0.78,0.0,,0.12
45,0.7,0.7,0.5,1.0,True,False,False,5.0,0,1,0,1,0,1,,1.0,,0.0,,19.0,,,0.8,0.0,,0.19999999999999996
45,0.7,0.7,0.5,1.0,True,False,False,8.0,0,0,0,0,0,0,,,,,,,,,,,,
45,0.7,0.7,0.5,1.0,True,False,True,3.0,0,10,0,1,0,3,,0.9,,0.0,,19.0,,,0.78,0.0,,0.12
45,0.7,0.7,0.5,1.0,True,False,True,5.0,0,1,0,1,0,1,,1.0,,0.0,,19.0,,,0.8,0.0,,0.19999999999999996
45,0.7,0.7,0.5,1.0,True,False,True,8.0,0,0,0,0,0,0,,,,,,,,,,,,
45,0.7,0.7,0.5,1.0,True,True,False,3.0,0,10,0,1,0,3,,0.9,,0.0,,19.0,,,0.78,0.0,,0.12
45,0.7,0.7,0.5,1.0,True,True,False,5.0,0,1,0,1,0,1,,1.0,,0.0,,19.0,,,0.8,0.0,,0.19999999999999996
45,0.7,0.7,0.5,1.0,True,True,False,8.0,0,0,0,0,0,0,,,,,,,,,,,,
45,0.7,0.7,0.5,1.0,True,True,True,3.0,0,10,0,1,0,3,,0.9,,0.0,,19.0,,,0.78,0.0,,0.12
45,0.7,0.7,0.5,1.0,True,True,True,5.0,0,1,0,1,0,1,,1.0,,0.0,,19.0,,,0.8,0.0,,0.19999999999999996
45,0.7,0.7,0.5,1.0,True,True,True,8.0,0,0,0,0,0,0,,,,,,,,,,,,
45,0.7,0.7,0.5,2.0,False,False,False,3.0,0,10,0,1,0,3,,0.9,,0.0,,19.0,,,0.78,0.0,,0.12
45,0.7,0.7,0.5,2.0,False,False,False,5.0,0,1,0,1,0,1,,1.0,,0.0,,19.0,,,0.8,0.0,,0.19999999999999996
45,0.7,0.7,0.5,2.0,False,False,False,8.0,0,0,0,0,0,0,,,,,,,,,,,,
45,0.7,0.7,0.5,2.0,False,False,True,3.0,0,10,0,1,0,3,,0.9,,0.0,,19.0,,,0.78,0.0,,0.12
45,0.7,0.7,0.5,2.0,False,False,True,5.0,0,1,0,1,0,1,,1.0,,0.0,,19.0,,,0.8,0.0,,0.19999999999999996
45,0.7,0.7,0.5,2.0,False,False,True,8.0,0,0,0,0,0,0,,,,,,,,,,,,
45,0.7,0.7,0.5,2.0,False,True,False,3.0,0,10,0,1,0,3,,0.9,,0.0,,19.0,,,0.78,0.0,,0.12
45,0.7,0.7,0.5,2.0,False,True,False,5.0,0,1,0,1,0,1,,1.0,,0.0,,19.0,,,0.8,0.0,,0.19999999999999996
45,0.7,0.7,0.5,2.0,False,True,False,8.0,0,0,0,0,0,0,,,,,,,,,,,,
45,0.7,0.7,0.5,2.0,False,True,True,3.0,0,10,0,1,0,3,,0.9,,0.0,,19.0,,,0.78,0.0,,0.12
45,0.7,0.7,0.5,2.0,False,True,True,5.0,0,1,0,1,0,1,,1.0,,0.0,,19.0,,,0.8,0.0,,0.19999999999999996
45,0.7,0.7,0.5,2.0,False,True,True,8.0,0,0,0,0,0,0,,,,,,,,,,,,
45,0.7,0.7,0.5,2.0,True,False,False,3.0,0,10,0,1,0,3,,0.9,,0.0,,19.0,,,0.78,0.0,,0.12
45,0.7,0.7,0.5,2.0,True,False,False,5.0,0,1,0,1,0,1,,1.0,,0.0,,19.0,,,0.8,0.0,,0.19999999999999996
45,0.7,0.7,0.5,2.0,True,False,False,8.0,0,0,0,0,0,0,,,,,,,,,,,,
45,0.7,0.7,0.5,2.0,True,False,True,3.0,0,10,0,1,0,3,,0.9,,0.0,,19.0,,,0.78,0.0,,0.12
45,0.7,0.7,0.5,2.0,True,False,True,5.0,0,1,0,1,0,1,,1.0,,0.0,,19.0,,,0.8,0.0,,0.19999999999999996
45,0.7,0.7,0.5,2.0,True,False,True,8.0,0,0,0,0,0,0,,,,,,,,,,,,
45,0.7,0.7,0.5,2.0,True,True,False,3.0,0,10,0,1,0,3,,0.9,,0.0,,19.0,,,0.78,0.0,,0.12
45,0.7,0.7,0.5,2.0,True,True,False,5.0,0,1,0,1,0,1,,1.0,,0.0,,19.0,,,0.8,0.0,,0.19999999999999996
45,0.7,0.7,0.5,2.0,True,True,False,8.0,0,0,0,0,0,0,,,,,,,,,,,,
45,0.7,0.7,0.5,2.0,True,True,True,3.0,0,10,0,1,0,3,,0.9,,0.0,,19.0,,,0.78,0.0,,0.12
45,0.7,0.7,0.5,2.0,True,True,True,5.0,0,1,0,1,0,1,,1.0,,0.0,,19.0,,,0.8,0.0,,0.19999999999999996
45,0.7,0.7,0.5,2.0,True,True,True,8.0,0,0,0,0,0,0,,,,,,,,,,,,
45,0.7,0.85,0.25,0.5,False,False,False,3.0,0,4,0,1,0,2,,0.75,,0.0,,26.0,,,0.75,0.0,,0.0
45,0.7,0.85,0.25,0.5,False,False,False,5.0,0,0,0,0,0,0,,,,,,,,,,,,
45,0.7,0.85,0.25,0.5,False,False,False,8.0,0,0,0,0,0,0,,,,,,,,,,,,
45,0.7,0.85,0.25,0.5,False,False,True,3.0,0,4,0,1,0,2,,0.75,,0.0,,26.0,,,0.75,0.0,,0.0
45,0.7,0.85,0.25,0.5,False,False,True,5.0,0,0,0,0,0,0,,,,,,,,,,,,
45,0.7,0.85,0.25,0.5,False,False,True,8.0,0,0,0,0,0,0,,,,,,,,,,,,
45,0.7,0.85,0.25,0.5,False,True,False,3.0,0,4,0,1,0,2,,0.75,,0.0,,26.0,,,0.75,0.0,,0.0
45,0.7,0.85,0.25,0.5,False,True,False,5.0,0,0,0,0,0,0,,,,,,,,,,,,
45,0.7,0.85,0.25,0.5,False,True,False,8.0,0,0,0,0,0,0,,,,,,,,,,,,
45,0.7,0.85,0.25,0.5,False,True,True,3.0,0,4,0,1,0,2,,0.75,,0.0,,26.0,,,0.75,0.0,,0.0
45,0.7,0.85,0.25,0.5,False,True,True,5.0,0,0,0,0,0,0,,,,,,,,,,,,
45,0.7,0.85,0.25,0.5,False,True,True,8.0,0,0,0,0,0,0,,,,,,,,,,,,
45,0.7,0.85,0.25,0.5,True,False,False,3.0,0,4,0,1,0,2,,0.75,,0.0,,26.0,,,0.75,0.0,,0.0
45,0.7,0.85,0.25,0.5,True,False,False,5.0,0,0,0,0,0,0,,,,,,,,,,,,
45,0.7,0.85,0.25,0.5,True,False,False,8.0,0,0,0,0,0,0,,,,,,,,,,,,
45,0.7,0.85,0.25,0.5,True,False,True,3.0,0,4,0,1,0,2,,0.75,,0.0,,26.0,,,0.75,0.0,,0.0
45,0.7,0.85,0.25,0.5,True,False,True,5.0,0,0,0,0,0,0,,,,,,,,,,,,
45,0.7,0.85,0.25,0.5,True,False,True,8.0,0,0,0,0,0,0,,,,,,,,,,,,
45,0.7,0.85,0.25,0.5,True,True,False,3.0,0,4,0,1,0,2,,0.75,,0.0,,26.0,,,0.75,0.0,,0.0
45,0.7,0.85,0.25,0.5,True,True,False,5.0,0,0,0,0,0,0,,,,,,,,,,,,
45,0.7,0.85,0.25,0.5,True,True,False,8.0,0,0,0,0,0,0,,,,,,,,,,,,
45,0.7,0.85,0.25,0.5,True,True,True,3.0,0,4,0,1,0,2,,0.75,,0.0,,26.0,,,0.75,0.0,,0.0
45,0.7,0.85,0.25,0.5,True,True,True,5.0,0,0,0,0,0,0,,,,,,,,,,,,
45,0.7,0.85,0.25,0.5,True,True,True,8.0,0,0,0,0,0,0,,,,,,,,,,,,
45,0.7,0.85,0.25,1.0,False,False,False,3.0,0,4,0,1,0,2,,0.75,,0.0,,26.0,,,0.75,0.0,,0.0
45,0.7,0.85,0.25,1.0,False,False,False,5.0,0,0,0,0,0,0,,,,,,,,,,,,
45,0.7,0.85,0.25,1.0,False,False,False,8.0,0,0,0,0,0,0,,,,,,,,,,,,
45,0.7,0.85,0.25,1.0,False,False,True,3.0,0,4,0,1,0,2,,0.75,,0.0,,26.0,,,0.75,0.0,,0.0
45,0.7,0.85,0.25,1.0,False,False,True,5.0,0,0,0,0,0,0,,,,,,,,,,,,
45,0.7,0.85,0.25,1.0,False,False,True,8.0,0,0,0,0,0,0,,,,,,,,,,,,
45,0.7,0.85,0.25,1.0,False,True,False,3.0,0,4,0,1,0,2,,0.75,,0.0,,26.0,,,0.75,0.0,,0.0
45,0.7,0.85,0.25,1.0,False,True,False,5.0,0,0,0,0,0,0,,,,,,,,,,,,
45,0.7,0.85,0.25,1.0,False,True,False,8.0,0,0,0,0,0,0,,,,,,,,,,,,
45,0.7,0.85,0.25,1.0,False,True,True,3.0,0,4,0,1,0,2,,0.75,,0.0,,26.0,,,0.75,0.0,,0.0
45,0.7,0.85,0.25,1.0,False,True,True,5.0,0,0,0,0,0,0,,,,,,,,,,,,
45,0.7,0.85,0.25,1.0,False,True,True,8.0,0,0,0,0,0,0,,,,,,,,,,,,
45,0.7,0.85,0.25,1.0,True,False,False,3.0,0,4,0,1,0,2,,0.75,,0.0,,26.0,,,0.75,0.0,,0.0
45,0.7,0.85,0.25,1.0,True,False,False,5.0,0,0,0,0,0,0,,,,,,,,,,,,
45,0.7,0.85,0.25,1.0,True,False,False,8.0,0,0,0,0,0,0,,,,,,,,,,,,
45,0.7,0.85,0.25,1.0,True,False,True,3.0,0,4,0,1,0,2,,0.75,,0.0,,26.0,,,0.75,0.0,,0.0
45,0.7,0.85,0.25,1.0,True,False,True,5.0,0,0,0,0,0,0,,,,,,,,,,,,
45,0.7,0.85,0.25,1.0,True,False,True,8.0,0,0,0,0,0,0,,,,,,,,,,,,
45,0.7,0.85,0.25,1.0,True,True,False,3.0,0,4,0,1,0,2,,0.75,,0.0,,26.0,,,0.75,0.0,,0.0
45,0.7,0.85,0.25,1.0,True,True,False,5.0,0,0,0,0,0,0,,,,,,,,,,,,
45,0.7,0.85,0.25,1.0,True,True,False,8.0,0,0,0,0,0,0,,,,,,,,,,,,
45,0.7,0.85,0.25,1.0,True,True,True,3.0,0,4,0,1,0,2,,0.75,,0.0,,26.0,,,0.75,0.0,,0.0
45,0.7,0.85,0.25,1.0,True,True,True,5.0,0,0,0,0,0,0,,,,,,,,,,,,
45,0.7,0.85,0.25,1.0,True,True,True,8.0,0,0,0,0,0,0,,,,,,,,,,,,
45,0.7,0.85,0.25,2.0,False,False,False,3.0,0,4,0,1,0,2,,0.75,,0.0,,26.0,,,0.75,0.0,,0.0
45,0.7,0.85,0.25,2.0,False,False,False,5.0,0,0,0,0,0,0,,,,,,,,,,,,
45,0.7,0.85,0.25,2.0,False,False,False,8.0,0,0,0,0,0,0,,,,,,,,,,,,
45,0.7,0.85,0.25,2.0,False,False,True,3.0,0,4,0,1,0,2,,0.75,,0.0,,26.0,,,0.75,0.0,,0.0
45,0.7,0.85,0.25,2.0,False,False,True,5.0,0,0,0,0,0,0,,,,,,,,,,,,
45,0.7,0.85,0.25,2.0,False,False,True,8.0,0,0,0,0,0,0,,,,,,,,,,,,
45,0.7,0.85,0.25,2.0,False,True,False,3.0,0,4,0,1,0,2,,0.75,,0.0,,26.0,,,0.75,0.0,,0.0
45,0.7,0.85,0.25,2.0,False,True,False,5.0,0,0,0,0,0,0,,,,,,,,,,,,
45,0.7,0.85,0.25,2.0,False,True,False,8.0,0,0,0,0,0,0,,,,,,,,,,,,
45,0.7,0.85,0.25,2.0,False,True,True,3.0,0,4,0,1,0,2,,0.75,,0.0,,26.0,,,0.75,0.0,,0.0
45,0.7,0.85,0.25,2.0,False,True,True,5.0,0,0,0,0,0,0,,,,,,,,,,,,
45,0.7,0.85,0.25,2.0,False,True,True,8.0,0,0,0,0,0,0,,,,,,,,,,,,
45,0.7,0.85,0.25,2.0,True,False,False,3.0,0,4,0,1,0,2,,0.75,,0.0,,26.0,,,0.75,0.0,,0.0
45,0.7,0.85,0.25,2.0,True,False,False,5.0,0,0,0,0,0,0,,,,,,,,,,,,
45,0.7,0.85,0.25,2.0,True,False,False,8.0,0,0,0,0,0,0,,,,,,,,,,,,
45,0.7,0.85,0.25,2.0,True,False,True,3.0,0,4,0,1,0,2,,0.75,,0.0,,26.0,,,0.75,0.0,,0.0
45,0.7,0.85,0.25,2.0,True,False,True,5.0,0,0,0,0,0,0,,,,,,,,,,,,
45,0.7,0.85,0.25,2.0,True,False,True,8.0,0,0,0,0,0,0,,,,,,,,,,,,
45,0.7,0.85,0.25,2.0,True,True,False,3.0,0,4,0,1,0,2,,0.75,,0.0,,26.0,,,0.75,0.0,,0.0
45,0.7,0.85,0.25,2.0,True,True,False,5.0,0,0,0,0,0,0,,,,,,,,,,,,
45,0.7,0.85,0.25,2.0,True,True,False,8.0,0,0,0,0,0,0,,,,,,,,,,,,
45,0.7,0.85,0.25,2.0,True,True,True,3.0,0,4,0,1,0,2,,0.75,,0.0,,26.0,,,0.75,0.0,,0.0
45,0.7,0.85,0.25,2.0,True,True,True,5.0,0,0,0,0,0,0,,,,,,,,,,,,
45,0.7,0.85,0.25,2.0,True,True,True,8.0,0,0,0,0,0,0,,,,,,,,,,,,
45,0.7,0.85,0.5,0.5,False,False,False,3.0,0,5,0,1,0,2,,0.8,,0.0,,25.0,,,0.76,0.0,,0.040000000000000036
45,0.7,0.85,0.5,0.5,False,False,False,5.0,0,1,0,1,0,1,,1.0,,0.0,,19.0,,,0.8,0.0,,0.19999999999999996
45,0.7,0.85,0.5,0.5,False,False,False,8.0,0,0,0,0,0,0,,,,,,,,,,,,
45,0.7,0.85,0.5,0.5,False,False,True,3.0,0,5,0,1,0,2,,0.8,,0.0,,25.0,,,0.76,0.0,,0.040000000000000036
45,0.7,0.85,0.5,0.5,False,False,True,5.0,0,1,0,1,0,1,,1.0,,0.0,,19.0,,,0.8,0.0,,0.19999999999999996
45,0.7,0.85,0.5,0.5,False,False,True,8.0,0,0,0,0,0,0,,,,,,,,,,,,
45,0.7,0.85,0.5,0.5,False,True,False,3.0,0,5,0,1,0,2,,0.8,,0.0,,25.0,,,0.76,0.0,,0.040000000000000036
45,0.7,0.85,0.5,0.5,False,True,False,5.0,0,1,0,1,0,1,,1.0,,0.0,,19.0,,,0.8,0.0,,0.19999999999999996
45,0.7,0.85,0.5,0.5,False,True,False,8.0,0,0,0,0,0,0,,,,,,,,,,,,
45,0.7,0.85,0.5,0.5,False,True,True,3.0,0,5,0,1,0,2,,0.8,,0.0,,25.0,,,0.76,0.0,,0.040000000000000036
45,0.7,0.85,0.5,0.5,False,True,True,5.0,0,1,0,1,0,1,,1.0,,0.0,,19.0,,,0.8,0.0,,0.19999999999999996
45,0.7,0.85,0.5,0.5,False,True,True,8.0,0,0,0,0,0,0,,,,,,,,,,,,
45,0.7,0.85,0.5,0.5,True,False,False,3.0,0,5,0,1,0,2,,0.8,,0.0,,25.0,,,0.76,0.0,,0.040000000000000036
45,0.7,0.85,0.5,0.5,True,False,False,5.0,0,1,0,1,0,1,,1.0,,0.0,,19.0,,,0.8,0.0,,0.19999999999999996
45,0.7,0.85,0.5,0.5,True,False,False,8.0,0,0,0,0,0,0,,,,,,,,,,,,
45,0.7,0.85,0.5,0.5,True,False,True,3.0,0,5,0,1,0,2,,0.8,,0.0,,25.0,,,0.76,0.0,,0.040000000000000036
45,0.7,0.85,0.5,0.5,True,False,True,5.0,0,1,0,1,0,1,,1.0,,0.0,,19.0,,,0.8,0.0,,0.19999999999999996
45,0.7,0.85,0.5,0.5,True,False,True,8.0,0,0,0,0,0,0,,,,,,,,,,,,
45,0.7,0.85,0.5,0.5,True,True,False,3.0,0,5,0,1,0,2,,0.8,,0.0,,25.0,,,0.76,0.0,,0.040000000000000036
45,0.7,0.85,0.5,0.5,True,True,False,5.0,0,1,0,1,0,1,,1.0,,0.0,,19.0,,,0.8,0.0,,0.19999999999999996
45,0.7,0.85,0.5,0.5,True,True,False,8.0,0,0,0,0,0,0,,,,,,,,,,,,
45,0.7,0.85,0.5,0.5,True,True,True,3.0,0,5,0,1,0,2,,0.8,,0.0,,25.0,,,0.76,0.0,,0.040000000000000036
45,0.7,0.85,0.5,0.5,True,True,True,5.0,0,1,0,1,0,1,,1.0,,0.0,,19.0,,,0.8,0.0,,0.19999999999999996
45,0.7,0.85,0.5,0.5,True,True,True,8.0,0,0,0,0,0,0,,,,,,,,,,,,
45,0.7,0.85,0.5,1.0,False,False,False,3.0,0,5,0,1,0,2,,0.8,,0.0,,25.0,,,0.76,0.0,,0.040000000000000036
45,0.7,0.85,0.5,1.0,False,False,False,5.0,0,1,0,1,0,1,,1.0,,0.0,,19.0,,,0.8,0.0,,0.19999999999999996
45,0.7,0.85,0.5,1.0,False,False,False,8.0,0,0,0,0,0,0,,,,,,,,,,,,
45,0.7,0.85,0.5,1.0,False,False,True,3.0,0,5,0,1,0,2,,0.8,,0.0,,25.0,,,0.76,0.0,,0.040000000000000036
45,0.7,0.85,0.5,1.0,False,False,True,5.0,0,1,0,1,0,1,,1.0,,0.0,,19.0,,,0.8,0.0,,0.19999999999999996
45,0.7,0.85,0.5,1.0,False,False,True,8.0,0,0,0,0,0,0,,,,,,,,,,,,
45,0.7,0.85,0.5,1.0,False,True,False,3.0,0,5,0,1,0,2,,0.8,,0.0,,25.0,,,0.76,0.0,,0.040000000000000036
45,0.7,0.85,0.5,1.0,False,True,False,5.0,0,1,0,1,0,1,,1.0,,0.0,,19.0,,,0.8,0.0,,0.19999999999999996
45,0.7,0.85,0.5,1.0,False,True,False,8.0,0,0,0,0,0,0,,,,,,,,,,,,
45,0.7,0.85,0.5,1.0,False,True,True,3.0,0,5,0,1,0,2,,0.8,,0.0,,25.0,,,0.76,0.0,,0.040000000000000036
45,0.7,0.85,0.5,1.0,False,True,True,5.0,0,1,0,1,0,1,,1.0,,0.0,,19.0,,,0.8,0.0,,0.19999999999999996
45,0.7,0.85,0.5,1.0,False,True,True,8.0,0,0,0,0,0,0,,,,,,,,,,,,
45,0.7,0.85,0.5,1.0,True,False,False,3.0,0,5,0,1,0,2,,0.8,,0.0,,25.0,,,0.76,0.0,,0.040000000000000036
45,0.7,0.85,0.5,1.0,True,False,False,5.0,0,1,0,1,0,1,,1.0,,0.0,,19.0,,,0.8,0.0,,0.19999999999999996
45,0.7,0.85,0.5,1.0,True,False,False,8.0,0,0,0,0,0,0,,,,,,,,,,,,
45,0.7,0.85,0.5,1.0,True,False,True,3.0,0,5,0,1,0,2,,0.8,,0.0,,25.0,,,0.76,0.0,,0.040000000000000036
45,0.7,0.85,0.5,1.0,True,False,True,5.0,0,1,0,1,0,1,,1.0,,0.0,,19.0,,,0.8,0.0,,0.19999999999999996
45,0.7,0.85,0.5,1.0,True,False,True,8.0,0,0,0,0,0,0,,,,,,,,,,,,
45,0.7,0.85,0.5,1.0,True,True,False,3.0,0,5,0,1,0,2,,0.8,,0.0,,25.0,,,0.76,0.0,,0.040000000000000036
45,0.7,0.85,0.5,1.0,True,True,False,5.0,0,1,0,1,0,1,,1.0,,0.0,,19.0,,,0.8,0.0,,0.19999999999999996
45,0.7,0.85,0.5,1.0,True,True,False,8.0,0,0,0,0,0,0,,,,,,,,,,,,
45,0.7,0.85,0.5,1.0,True,True,True,3.0,0,5,0,1,0,2,,0.8,,0.0,,25.0,,,0.76,0.0,,0.040000000000000036
45,0.7,0.85,0.5,1.0,True,True,True,5.0,0,1,0,1,0,1,,1.0,,0.0,,19.0,,,0.8,0.0,,0.19999999999999996
45,0.7,0.85,0.5,1.0,True,True,True,8.0,0,0,0,0,0,0,,,,,,,,,,,,
45,0.7,0.85,0.5,2.0,False,False,False,3.0,0,5,0,1,0,2,,0.8,,0.0,,25.0,,,0.76,0.0,,0.040000000000000036
45,0.7,0.85,0.5,2.0,False,False,False,5.0,0,1,0,1,0,1,,1.0,,0.0,,19.0,,,0.8,0.0,,0.19999999999999996
45,0.7,0.85,0.5,2.0,False,False,False,8.0,0,0,0,0,0,0,,,,,,,,,,,,
45,0.7,0.85,0.5,2.0,False,False,True,3.0,0,5,0,1,0,2,,0.8,,0.0,,25.0,,,0.76,0.0,,0.040000000000000036
45,0.7,0.85,0.5,2.0,False,False,True,5.0,0,1,0,1,0,1,,1.0,,0.0,,19.0,,,0.8,0.0,,0.19999999999999996
45,0.7,0.85,0.5,2.0,False,False,True,8.0,0,0,0,0,0,0,,,,,,,,,,,,
45,0.7,0.85,0.5,2.0,False,True,False,3.0,0,5,0,1,0,2,,0.8,,0.0,,25.0,,,0.76,0.0,,0.040000000000000036
45,0.7,0.85,0.5,2.0,False,True,False,5.0,0,1,0,1,0,1,,1.0,,0.0,,19.0,,,0.8,0.0,,0.19999999999999996
45,0.7,0.85,0.5,2.0,False,True,False,8.0,0,0,0,0,0,0,,,,,,,,,,,,
45,0.7,0.85,0.5,2.0,False,True,True,3.0,0,5,0,1,0,2,,0.8,,0.0,,25.0,,,0.76,0.0,,0.040000000000000036
45,0.7,0.85,0.5,2.0,False,True,True,5.0,0,1,0,1,0,1,,1.0,,0.0,,19.0,,,0.8,0.0,,0.19999999999999996
45,0.7,0.85,0.5,2.0,False,True,True,8.0,0,0,0,0,0,0,,,,,,,,,,,,
45,0.7,0.85,0.5,2.0,True,False,False,3.0,0,5,0,1,0,2,,0.8,,0.0,,25.0,,,0.76,0.0,,0.040000000000000036
45,0.7,0.85,0.5,2.0,True,False,False,5.0,0,1,0,1,0,1,,1.0,,0.0,,19.0,,,0.8,0.0,,0.19999999999999996
45,0.7,0.85,0.5,2.0,True,False,False,8.0,0,0,0,0,0,0,,,,,,,,,,,,
45,0.7,0.85,0.5,2.0,True,False,True,3.0,0,5,0,1,0,2,,0.8,,0.0,,25.0,,,0.76,0.0,,0.040000000000000036
45,0.7,0.85,0.5,2.0,True,False,True,5.0,0,1,0,1,0,1,,1.0,,0.0,,19.0,,,0.8,0.0,,0.19999999999999996
45,0.7,0.85,0.5,2.0,True,False,True,8.0,0,0,0,0,0,0,,,,,,,,,,,,
45,0.7,0.85,0.5,2.0,True,True,False,3.0,0,5,0,1,0,2,,0.8,,0.0,,25.0,,,0.76,0.0,,0.040000000000000036
45,0.7,0.85,0.5,2.0,True,True,False,5.0,0,1,0,1,0,1,,1.0,,0.0,,19.0,,,0.8,0.0,,0.19999999999999996
45,0.7,0.85,0.5,2.0,True,True,False,8.0,0,0,0,0,0,0,,,,,,,,,,,,
45,0.7,0.85,0.5,2.0,True,True,True,3.0,0,5,0,1,0,2,,0.8,,0.0,,25.0,,,0.76,0.0,,0.040000000000000036
45,0.7,0.85,0.5,2.0,True,True,True,5.0,0,1,0,1,0,1,,1.0,,0.0,,19.0,,,0.8,0.0,,0.19999999999999996
45,0.7,0.85,0.5,2.0,True,True,True,8.0,0,0,0,0,0,0,,,,,,,,,,,,
45,0.8,0.7,0.25,0.5,False,False,False,3.0,0,0,0,0,0,0,,,,,,,,,,,,
45,0.8,0.7,0.25,0.5,False,False,False,5.0,0,0,0,0,0,0,,,,,,,,,,,,
45,0.8,0.7,0.25,0.5,False,False,False,8.0,0,0,0,0,0,0,,,,,,,,,,,,
45,0.8,0.7,0.25,0.5,False,False,True,3.0,0,0,0,0,0,0,,,,,,,,,,,,
45,0.8,0.7,0.25,0.5,False,False,True,5.0,0,0,0,0,0,0,,,,,,,,,,,,
45,0.8,0.7,0.25,0.5,False,False,True,8.0,0,0,0,0,0,0,,,,,,,,,,,,
45,0.8,0.7,0.25,0.5,False,True,False,3.0,0,0,0,0,0,0,,,,,,,,,,,,
45,0.8,0.7,0.25,0.5,False,True,False,5.0,0,0,0,0,0,0,,,,,,,,,,,,
45,0.8,0.7,0.25,0.5,False,True,False,8.0,0,0,0,0,0,0,,,,,,,,,,,,
45,0.8,0.7,0.25,0.5,False,True,True,3.0,0,0,0,0,0,0,,,,,,,,,,,,
45,0.8,0.7,0.25,0.5,False,True,True,5.0,0,0,0,0,0,0,,,,,,,,,,,,
45,0.8,0.7,0.25,0.5,False,True,True,8.0,0,0,0,0,0,0,,,,,,,,,,,,
45,0.8,0.7,0.25,0.5,True,False,False,3.0,0,0,0,0,0,0,,,,,,,,,,,,
45,0.8,0.7,0.25,0.5,True,False,False,5.0,0,0,0,0,0,0,,,,,,,,,,,,
45,0.8,0.7,0.25,0.5,True,False,False,8.0,0,0,0,0,0,0,,,,,,,,,,,,
45,0.8,0.7,0.25,0.5,True,False,True,3.0,0,0,0,0,0,0,,,,,,,,,,,,
45,0.8,0.7,0.25,0.5,True,False,True,5.0,0,0,0,0,0,0,,,,,,,,,,,,
45,0.8,0.7,0.25,0.5,True,False,True,8.0,0,0,0,0,0,0,,,,,,,,,,,,
45,0.8,0.7,0.25,0.5,True,True,False,3.0,0,0,0,0,0,0,,,,,,,,,,,,
45,0.8,0.7,0.25,0.5,True,True,False,5.0,0,0,0,0,0,0,,,,,,,,,,,,
45,0.8,0.7,0.25,0.5,True,True,False,8.0,0,0,0,0,0,0,,,,,,,,,,,,
45,0.8,0.7,0.25,0.5,True,True,True,3.0,0,0,0,0,0,0,,,,,,,,,,,,
45,0.8,0.7,0.25,0.5,True,True,True,5.0,0,0,0,0,0,0,,,,,,,,,,,,
45,0.8,0.7,0.25,0.5,True,True,True,8.0,0,0,0,0,0,0,,,,,,,,,,,,
45,0.8,0.7,0.25,1.0,False,False,False,3.0,0,0,0,0,0,0,,,,,,,,,,,,
45,0.8,0.7,0.25,1.0,False,False,False,5.0,0,0,0,0,0,0,,,,,,,,,,,,
45,0.8,0.7,0.25,1.0,False,False,False,8.0,0,0,0,0,0,0,,,,,,,,,,,,
45,0.8,0.7,0.25,1.0,False,False,True,3.0,0,0,0,0,0,0,,,,,,,,,,,,
45,0.8,0.7,0.25,1.0,False,False,True,5.0,0,0,0,0,0,0,,,,,,,,,,,,
45,0.8,0.7,0.25,1.0,False,False,True,8.0,0,0,0,0,0,0,,,,,,,,,,,,
45,0.8,0.7,0.25,1.0,False,True,False,3.0,0,0,0,0,0,0,,,,,,,,,,,,
45,0.8,0.7,0.25,1.0,False,True,False,5.0,0,0,0,0,0,0,,,,,,,,,,,,
45,0.8,0.7,0.25,1.0,False,True,False,8.0,0,0,0,0,0,0,,,,,,,,,,,,
45,0.8,0.7,0.25,1.0,False,True,True,3.0,0,0,0,0,0,0,,,,,,,,,,,,
45,0.8,0.7,0.25,1.0,False,True,True,5.0,0,0,0,0,0,0,,,,,,,,,,,,
45,0.8,0.7,0.25,1.0,False,True,True,8.0,0,0,0,0,0,0,,,,,,,,,,,,
45,0.8,0.7,0.25,1.0,True,False,False,3.0,0,0,0,0,0,0,,,,,,,,,,,,
45,0.8,0.7,0.25,1.0,True,False,False,5.0,0,0,0,0,0,0,,,,,,,,,,,,
45,0.8,0.7,0.25,1.0,True,False,False,8.0,0,0,0,0,0,0,,,,,,,,,,,,
45,0.8,0.7,0.25,1.0,True,False,True,3.0,0,0,0,0,0,0,,,,,,,,,,,,
45,0.8,0.7,0.25,1.0,True,False,True,5.0,0,0,0,0,0,0,,,,,,,,,,,,
45,0.8,0.7,0.25,1.0,True,False,True,8.0,0,0,0,0,0,0,,,,,,,,,,,,
45,0.8,0.7,0.25,1.0,True,True,False,3.0,0,0,0,0,0,0,,,,,,,,,,,,
45,0.8,0.7,0.25,1.0,True,True,False,5.0,0,0,0,0,0,0,,,,,,,,,,,,
45,0.8,0.7,0.25,1.0,True,True,False,8.0,0,0,0,0,0,0,,,,,,,,,,,,
45,0.8,0.7,0.25,1.0,True,True,True,3.0,0,0,0,0,0,0,,,,,,,,,,,,
45,0.8,0.7,0.25,1.0,True,True,True,5.0,0,0,0,0,0,0,,,,,,,,,,,,
45,0.8,0.7,0.25,1.0,True,True,True,8.0,0,0,0,0,0,0,,,,,,,,,,,,
45,0.8,0.7,0.25,2.0,False,False,False,3.0,0,0,0,0,0,0,,,,,,,,,,,,
45,0.8,0.7,0.25,2.0,False,False,False,5.0,0,0,0,0,0,0,,,,,,,,,,,,
45,0.8,0.7,0.25,2.0,False,False,False,8.0,0,0,0,0,0,0,,,,,,,,,,,,
45,0.8,0.7,0.25,2.0,False,False,True,3.0,0,0,0,0,0,0,,,,,,,,,,,,
45,0.8,0.7,0.25,2.0,False,False,True,5.0,0,0,0,0,0,0,,,,,,,,,,,,
45,0.8,0.7,0.25,2.0,False,False,True,8.0,0,0,0,0,0,0,,,,,,,,,,,,
45,0.8,0.7,0.25,2.0,False,True,False,3.0,0,0,0,0,0,0,,,,,,,,,,,,
45,0.8,0.7,0.25,2.0,False,True,False,5.0,0,0,0,0,0,0,,,,,,,,,,,,
45,0.8,0.7,0.25,2.0,False,True,False,8.0,0,0,0,0,0,0,,,,,,,,,,,,
45,0.8,0.7,0.25,2.0,False,True,True,3.0,0,0,0,0,0,0,,,,,,,,,,,,
45,0.8,0.7,0.25,2.0,False,True,True,5.0,0,0,0,0,0,0,,,,,,,,,,,,
45,0.8,0.7,0.25,2.0,False,True,True,8.0,0,0,0,0,0,0,,,,,,,,,,,,
45,0.8,0.7,0.25,2.0,True,False,False,3.0,0,0,0,0,0,0,,,,,,,,,,,,
45,0.8,0.7,0.25,2.0,True,False,False,5.0,0,0,0,0,0,0,,,,,,,,,,,,
45,0.8,0.7,0.25,2.0,True,False,False,8.0,0,0,0,0,0,0,,,,,,,,,,,,
45,0.8,0.7,0.25,2.0,True,False,True,3.0,0,0,0,0,0,0,,,,,,,,,,,,
45,0.8,0.7,0.25,2.0,True,False,True,5.0,0,0,0,0,0,0,,,,,,,,,,,,
45,0.8,0.7,0.25,2.0,True,False,True,8.0,0,0,0,0,0,0,,,,,,,,,,,,
45,0.8,0.7,0.25,2.0,True,True,False,3.0,0,0,0,0,0,0,,,,,,,,,,,,
45,0.8,0.7,0.25,2.0,True,True,False,5.0,0,0,0,0,0,0,,,,,,,,,,,,
45,0.8,0.7,0.25,2.0,True,True,False,8.0,0,0,0,0,0,0,,,,,,,,,,,,
45,0.8,0.7,0.25,2.0,True,True,True,3.0,0,0,0,0,0,0,,,,,,,,,,,,
45,0.8,0.7,0.25,2.0,True,True,True,5.0,0,0,0,0,0,0,,,,,,,,,,,,
45,0.8,0.7,0.25,2.0,True,True,True,8.0,0,0,0,0,0,0,,,,,,,,,,,,
45,0.8,0.7,0.5,0.5,False,False,False,3.0,0,0,0,0,0,0,,,,,,,,,,,,
45,0.8,0.7,0.5,0.5,False,False,False,5.0,0,0,0,0,0,0,,,,,,,,,,,,
45,0.8,0.7,0.5,0.5,False,False,False,8.0,0,0,0,0,0,0,,,,,,,,,,,,
45,0.8,0.7,0.5,0.5,False,False,True,3.0,0,0,0,0,0,0,,,,,,,,,,,,
45,0.8,0.7,0.5,0.5,False,False,True,5.0,0,0,0,0,0,0,,,,,,,,,,,,
45,0.8,0.7,0.5,0.5,False,False,True,8.0,0,0,0,0,0,0,,,,,,,,,,,,
45,0.8,0.7,0.5,0.5,False,True,False,3.0,0,0,0,0,0,0,,,,,,,,,,,,
45,0.8,0.7,0.5,0.5,False,True,False,5.0,0,0,0,0,0,0,,,,,,,,,,,,
45,0.8,0.7,0.5,0.5,False,True,False,8.0,0,0,0,0,0,0,,,,,,,,,,,,
45,0.8,0.7,0.5,0.5,False,True,True,3.0,0,0,0,0,0,0,,,,,,,,,,,,
45,0.8,0.7,0.5,0.5,False,True,True,5.0,0,0,0,0,0,0,,,,,,,,,,,,
45,0.8,0.7,0.5,0.5,False,True,True,8.0,0,0,0,0,0,0,,,,,,,,,,,,
45,0.8,0.7,0.5,0.5,True,False,False,3.0,0,0,0,0,0,0,,,,,,,,,,,,
45,0.8,0.7,0.5,0.5,True,False,False,5.0,0,0,0,0,0,0,,,,,,,,,,,,
45,0.8,0.7,0.5,0.5,True,False,False,8.0,0,0,0,0,0,0,,,,,,,,,,,,
45,0.8,0.7,0.5,0.5,True,False,True,3.0,0,0,0,0,0,0,,,,,,,,,,,,
45,0.8,0.7,0.5,0.5,True,False,True,5.0,0,0,0,0,0,0,,,,,,,,,,,,
45,0.8,0.7,0.5,0.5,True,False,True,8.0,0,0,0,0,0,0,,,,,,,,,,,,
45,0.8,0.7,0.5,0.5,True,True,False,3.0,0,0,0,0,0,0,,,,,,,,,,,,
45,0.8,0.7,0.5,0.5,True,True,False,5.0,0,0,0,0,0,0,,,,,,,,,,,,
45,0.8,0.7,0.5,0.5,True,True,False,8.0,0,0,0,0,0,0,,,,,,,,,,,,
45,0.8,0.7,0.5,0.5,True,True,True,3.0,0,0,0,0,0,0,,,,,,,,,,,,
45,0.8,0.7,0.5,0.5,True,True,True,5.0,0,0,0,0,0,0,,,,,,,,,,,,
45,0.8,0.7,0.5,0.5,True,True,True,8.0,0,0,0,0,0,0,,,,,,,,,,,,
45,0.8,0.7,0.5,1.0,False,False,False,3.0,0,0,0,0,0,0,,,,,,,,,,,,
45,0.8,0.7,0.5,1.0,False,False,False,5.0,0,0,0,0,0,0,,,,,,,,,,,,
45,0.8,0.7,0.5,1.0,False,False,False,8.0,0,0,0,0,0,0,,,,,,,,,,,,
45,0.8,0.7,0.5,1.0,False,False,True,3.0,0,0,0,0,0,0,,,,,,,,,,,,
45,0.8,0.7,0.5,1.0,False,False,True,5.0,0,0,0,0,0,0,,,,,,,,,,,,
45,0.8,0.7,0.5,1.0,False,False,True,8.0,0,0,0,0,0,0,,,,,,,,,,,,
45,0.8,0.7,0.5,1.0,False,True,False,3.0,0,0,0,0,0,0,,,,,,,,,,,,
45,0.8,0.7,0.5,1.0,False,True,False,5.0,0,0,0,0,0,0,,,,,,,,,,,,
45,0.8,0.7,0.5,1.0,False,True,False,8.0,0,0,0,0,0,0,,,,,,,,,,,,
45,0.8,0.7,0.5,1.0,False,True,True,3.0,0,0,0,0,0,0,,,,,,,,,,,,
45,0.8,0.7,0.5,1.0,False,True,True,5.0,0,0,0,0,0,0,,,,,,,,,,,,
45,0.8,0.7,0.5,1.0,False,True,True,8.0,0,0,0,0,0,0,,,,,,,,,,,,
45,0.8,0.7,0.5,1.0,True,False,False,3.0,0,0,0,0,0,0,,,,,,,,,,,,
45,0.8,0.7,0.5,1.0,True,False,False,5.0,0,0,0,0,0,0,,,,,,,,,,,,
45,0.8,0.7,0.5,1.0,True,False,False,8.0,0,0,0,0,0,0,,,,,,,,,,,,
45,0.8,0.7,0.5,1.0,True,False,True,3.0,0,0,0,0,0,0,,,,,,,,,,,,
45,0.8,0.7,0.5,1.0,True,False,True,5.0,0,0,0,0,0,0,,,,,,,,,,,,
45,0.8,0.7,0.5,1.0,True,False,True,8.0,0,0,0,0,0,0,,,,,,,,,,,,
45,0.8,0.7,0.5,1.0,True,True,False,3.0,0,0,0,0,0,0,,,,,,,,,,,,
45,0.8,0.7,0.5,1.0,True,True,False,5.0,0,0,0,0,0,0,,,,,,,,,,,,
45,0.8,0.7,0.5,1.0,True,True,False,8.0,0,0,0,0,0,0,,,,,,,,,,,,
45,0.8,0.7,0.5,1.0,True,True,True,3.0,0,0,0,0,0,0,,,,,,,,,,,,
45,0.8,0.7,0.5,1.0,True,True,True,5.0,0,0,0,0,0,0,,,,,,,,,,,,
45,0.8,0.7,0.5,1.0,True,True,True,8.0,0,0,0,0,0,0,,,,,,,,,,,,
45,0.8,0.7,0.5,2.0,False,False,False,3.0,0,0,0,0,0,0,,,,,,,,,,,,
45,0.8,0.7,0.5,2.0,False,False,False,5.0,0,0,0,0,0,0,,,,,,,,,,,,
45,0.8,0.7,0.5,2.0,False,False,False,8.0,0,0,0,0,0,0,,,,,,,,,,,,
45,0.8,0.7,0.5,2.0,False,False,True,3.0,0,0,0,0,0,0,,,,,,,,,,,,
45,0.8,0.7,0.5,2.0,False,False,True,5.0,0,0,0,0,0,0,,,,,,,,,,,,
45,0.8,0.7,0.5,2.0,False,False,True,8.0,0,0,0,0,0,0,,,,,,,,,,,,
45,0.8,0.7,0.5,2.0,False,True,False,3.0,0,0,0,0,0,0,,,,,,,,,,,,
45,0.8,0.7,0.5,2.0,False,True,False,5.0,0,0,0,0,0,0,,,,,,,,,,,,
45,0.8,0.7,0.5,2.0,False,True,False,8.0,0,0,0,0,0,0,,,,,,,,,,,,
45,0.8,0.7,0.5,2.0,False,True,True,3.0,0,0,0,0,0,0,,,,,,,,,,,,
45,0.8,0.7,0.5,2.0,False,True,True,5.0,0,0,0,0,0,0,,,,,,,,,,,,
45,0.8,0.7,0.5,2.0,False,True,True,8.0,0,0,0,0,0,0,,,,,,,,,,,,
45,0.8,0.7,0.5,2.0,True,False,False,3.0,0,0,0,0,0,0,,,,,,,,,,,,
45,0.8,0.7,0.5,2.0,True,False,False,5.0,0,0,0,0,0,0,,,,,,,,,,,,
45,0.8,0.7,0.5,2.0,True,False,False,8.0,0,0,0,0,0,0,,,,,,,,,,,,
45,0.8,0.7,0.5,2.0,True,False,True,3.0,0,0,0,0,0,0,,,,,,,,,,,,
45,0.8,0.7,0.5,2.0,True,False,True,5.0,0,0,0,0,0,0,,,,,,,,,,,,
45,0.8,0.7,0.5,2.0,True,False,True,8.0,0,0,0,0,0,0,,,,,,,,,,,,
45,0.8,0.7,0.5,2.0,True,True,False,3.0,0,0,0,0,0,0,,,,,,,,,,,,
45,0.8,0.7,0.5,2.0,True,True,False,5.0,0,0,0,0,0,0,,,,,,,,,,,,
45,0.8,0.7,0.5,2.0,True,True,False,8.0,0,0,0,0,0,0,,,,,,,,,,,,
45,0.8,0.7,0.5,2.0,True,True,True,3.0,0,0,0,0,0,0,,,,,,,,,,,,
45,0.8,0.7,0.5,2.0,True,True,True,5.0,0,0,0,0,0,0,,,,,,,,,,,,
45,0.8,0.7,0.5,2.0,True,True,True,8.0,0,0,0,0,0,0,,,,,,,,,,,,
45,0.8,0.85,0.25,0.5,False,False,False,3.0,0,0,0,0,0,0,,,,,,,,,,,,
45,0.8,0.85,0.25,0.5,False,False,False,5.0,0,0,0,0,0,0,,,,,,,,,,,,
45,0.8,0.85,0.25,0.5,False,False,False,8.0,0,0,0,0,0,0,,,,,,,,,,,,
45,0.8,0.85,0.25,0.5,False,False,True,3.0,0,0,0,0,0,0,,,,,,,,,,,,
45,0.8,0.85,0.25,0.5,False,False,True,5.0,0,0,0,0,0,0,,,,,,,,,,,,
45,0.8,0.85,0.25,0.5,False,False,True,8.0,0,0,0,0,0,0,,,,,,,,,,,,
45,0.8,0.85,0.25,0.5,False,True,False,3.0,0,0,0,0,0,0,,,,,,,,,,,,
45,0.8,0.85,0.25,0.5,False,True,False,5.0,0,0,0,0,0,0,,,,,,,,,,,,
45,0.8,0.85,0.25,0.5,False,True,False,8.0,0,0,0,0,0,0,,,,,,,,,,,,
45,0.8,0.85,0.25,0.5,False,True,True,3.0,0,0,0,0,0,0,,,,,,,,,,,,
45,0.8,0.85,0.25,0.5,False,True,True,5.0,0,0,0,0,0,0,,,,,,,,,,,,
45,0.8,0.85,0.25,0.5,False,True,True,8.0,0,0,0,0,0,0,,,,,,,,,,,,
45,0.8,0.85,0.25,0.5,True,False,False,3.0,0,0,0,0,0,0,,,,,,,,,,,,
45,0.8,0.85,0.25,0.5,True,False,False,5.0,0,0,0,0,0,0,,,,,,,,,,,,
45,0.8,0.85,0.25,0.5,True,False,False,8.0,0,0,0,0,0,0,,,,,,,,,,,,
45,0.8,0.85,0.25,0.5,True,False,True,3.0,0,0,0,0,0,0,,,,,,,,,,,,
45,0.8,0.85,0.25,0.5,True,False,True,5.0,0,0,0,0,0,0,,,,,,,,,,,,
45,0.8,0.85,0.25,0.5,True,False,True,8.0,0,0,0,0,0,0,,,,,,,,,,,,
45,0.8,0.85,0.25,0.5,True,True,False,3.0,0,0,0,0,0,0,,,,,,,,,,,,
45,0.8,0.85,0.25,0.5,True,True,False,5.0,0,0,0,0,0,0,,,,,,,,,,,,
45,0.8,0.85,0.25,0.5,True,True,False,8.0,0,0,0,0,0,0,,,,,,,,,,,,
45,0.8,0.85,0.25,0.5,True,True,True,3.0,0,0,0,0,0,0,,,,,,,,,,,,
45,0.8,0.85,0.25,0.5,True,True,True,5.0,0,0,0,0,0,0,,,,,,,,,,,,
45,0.8,0.85,0.25,0.5,True,True,True,8.0,0,0,0,0,0,0,,,,,,,,,,,,
45,0.8,0.85,0.25,1.0,False,False,False,3.0,0,0,0,0,0,0,,,,,,,,,,,,
45,0.8,0.85,0.25,1.0,False,False,False,5.0,0,0,0,0,0,0,,,,,,,,,,,,
45,0.8,0.85,0.25,1.0,False,False,False,8.0,0,0,0,0,0,0,,,,,,,,,,,,
45,0.8,0.85,0.25,1.0,False,False,True,3.0,0,0,0,0,0,0,,,,,,,,,,,,
45,0.8,0.85,0.25,1.0,False,False,True,5.0,0,0,0,0,0,0,,,,,,,,,,,,
45,0.8,0.85,0.25,1.0,False,False,True,8.0,0,0,0,0,0,0,,,,,,,,,,,,
45,0.8,0.85,0.25,1.0,False,True,False,3.0,0,0,0,0,0,0,,,,,,,,,,,,
45,0.8,0.85,0.25,1.0,False,True,False,5.0,0,0,0,0,0,0,,,,,,,,,,,,
45,0.8,0.85,0.25,1.0,False,True,False,8.0,0,0,0,0,0,0,,,,,,,,,,,,
45,0.8,0.85,0.25,1.0,False,True,True,3.0,0,0,0,0,0,0,,,,,,,,,,,,
45,0.8,0.85,0.25,1.0,False,True,True,5.0,0,0,0,0,0,0,,,,,,,,,,,,
45,0.8,0.85,0.25,1.0,False,True,True,8.0,0,0,0,0,0,0,,,,,,,,,,,,
45,0.8,0.85,0.25,1.0,True,False,False,3.0,0,0,0,0,0,0,,,,,,,,,,,,
45,0.8,0.85,0.25,1.0,True,False,False,5.0,0,0,0,0,0,0,,,,,,,,,,,,
45,0.8,0.85,0.25,1.0,True,False,False,8.0,0,0,0,0,0,0,,,,,,,,,,,,
45,0.8,0.85,0.25,1.0,True,False,True,3.0,0,0,0,0,0,0,,,,,,,,,,,,
45,0.8,0.85,0.25,1.0,True,False,True,5.0,0,0,0,0,0,0,,,,,,,,,,,,
45,0.8,0.85,0.25,1.0,True,False,True,8.0,0,0,0,0,0,0,,,,,,,,,,,,
45,0.8,0.85,0.25,1.0,True,True,False,3.0,0,0,0,0,0,0,,,,,,,,,,,,
45,0.8,0.85,0.25,1.0,True,True,False,5.0,0,0,0,0,0,0,,,,,,,,,,,,
45,0.8,0.85,0.25,1.0,True,True,False,8.0,0,0,0,0,0,0,,,,,,,,,,,,
45,0.8,0.85,0.25,1.0,True,True,True,3.0,0,0,0,0,0,0,,,,,,,,,,,,
45,0.8,0.85,0.25,1.0,True,True,True,5.0,0,0,0,0,0,0,,,,,,,,,,,,
45,0.8,0.85,0.25,1.0,True,True,True,8.0,0,0,0,0,0,0,,,,,,,,,,,,
45,0.8,0.85,0.25,2.0,False,False,False,3.0,0,0,0,0,0,0,,,,,,,,,,,,
45,0.8,0.85,0.25,2.0,False,False,False,5.0,0,0,0,0,0,0,,,,,,,,,,,,
45,0.8,0.85,0.25,2.0,False,False,False,8.0,0,0,0,0,0,0,,,,,,,,,,,,
45,0.8,0.85,0.25,2.0,False,False,True,3.0,0,0,0,0,0,0,,,,,,,,,,,,
45,0.8,0.85,0.25,2.0,False,False,True,5.0,0,0,0,0,0,0,,,,,,,,,,,,
45,0.8,0.85,0.25,2.0,False,False,True,8.0,0,0,0,0,0,0,,,,,,,,,,,,
45,0.8,0.85,0.25,2.0,False,True,False,3.0,0,0,0,0,0,0,,,,,,,,,,,,
45,0.8,0.85,0.25,2.0,False,True,False,5.0,0,0,0,0,0,0,,,,,,,,,,,,
45,0.8,0.85,0.25,2.0,False,True,False,8.0,0,0,0,0,0,0,,,,,,,,,,,,
45,0.8,0.85,0.25,2.0,False,True,True,3.0,0,0,0,0,0,0,,,,,,,,,,,,
45,0.8,0.85,0.25,2.0,False,True,True,5.0,0,0,0,0,0,0,,,,,,,,,,,,
45,0.8,0.85,0.25,2.0,False,True,True,8.0,0,0,0,0,0,0,,,,,,,,,,,,
45,0.8,0.85,0.25,2.0,True,False,False,3.0,0,0,0,0,0,0,,,,,,,,,,,,
45,0.8,0.85,0.25,2.0,True,False,False,5.0,0,0,0,0,0,0,,,,,,,,,,,,
45,0.8,0.85,0.25,2.0,True,False,False,8.0,0,0,0,0,0,0,,,,,,,,,,,,
45,0.8,0.85,0.25,2.0,True,False,True,3.0,0,0,0,0,0,0,,,,,,,,,,,,
45,0.8,0.85,0.25,2.0,True,False,True,5.0,0,0,0,0,0,0,,,,,,,,,,,,
45,0.8,0.85,0.25,2.0,True,False,True,8.0,0,0,0,0,0,0,,,,,,,,,,,,
45,0.8,0.85,0.25,2.0,True,True,False,3.0,0,0,0,0,0,0,,,,,,,,,,,,
45,0.8,0.85,0.25,2.0,True,True,False,5.0,0,0,0,0,0,0,,,,,,,,,,,,
45,0.8,0.85,0.25,2.0,True,True,False,8.0,0,0,0,0,0,0,,,,,,,,,,,,
45,0.8,0.85,0.25,2.0,True,True,True,3.0,0,0,0,0,0,0,,,,,,,,,,,,
45,0.8,0.85,0.25,2.0,True,True,True,5.0,0,0,0,0,0,0,,,,,,,,,,,,
45,0.8,0.85,0.25,2.0,True,True,True,8.0,0,0,0,0,0,0,,,,,,,,,,,,
45,0.8,0.85,0.5,0.5,False,False,False,3.0,0,0,0,0,0,0,,,,,,,,,,,,
45,0.8,0.85,0.5,0.5,False,False,False,5.0,0,0,0,0,0,0,,,,,,,,,,,,
45,0.8,0.85,0.5,0.5,False,False,False,8.0,0,0,0,0,0,0,,,,,,,,,,,,
45,0.8,0.85,0.5,0.5,False,False,True,3.0,0,0,0,0,0,0,,,,,,,,,,,,
45,0.8,0.85,0.5,0.5,False,False,True,5.0,0,0,0,0,0,0,,,,,,,,,,,,
45,0.8,0.85,0.5,0.5,False,False,True,8.0,0,0,0,0,0,0,,,,,,,,,,,,
45,0.8,0.85,0.5,0.5,False,True,False,3.0,0,0,0,0,0,0,,,,,,,,,,,,
45,0.8,0.85,0.5,0.5,False,True,False,5.0,0,0,0,0,0,0,,,,,,,,,,,,
45,0.8,0.85,0.5,0.5,False,True,False,8.0,0,0,0,0,0,0,,,,,,,,,,,,
45,0.8,0.85,0.5,0.5,False,True,True,3.0,0,0,0,0,0,0,,,,,,,,,,,,
45,0.8,0.85,0.5,0.5,False,True,True,5.0,0,0,0,0,0,0,,,,,,,,,,,,
45,0.8,0.85,0.5,0.5,False,True,True,8.0,0,0,0,0,0,0,,,,,,,,,,,,
45,0.8,0.85,0.5,0.5,True,False,False,3.0,0,0,0,0,0,0,,,,,,,,,,,,
45,0.8,0.85,0.5,0.5,True,False,False,5.0,0,0,0,0,0,0,,,,,,,,,,,,
45,0.8,0.85,0.5,0.5,True,False,False,8.0,0,0,0,0,0,0,,,,,,,,,,,,
45,0.8,0.85,0.5,0.5,True,False,True,3.0,0,0,0,0,0,0,,,,,,,,,,,,
45,0.8,0.85,0.5,0.5,True,False,True,5.0,0,0,0,0,0,0,,,,,,,,,,,,
45,0.8,0.85,0.5,0.5,True,False,True,8.0,0,0,0,0,0,0,,,,,,,,,,,,
45,0.8,0.85,0.5,0.5,True,True,False,3.0,0,0,0,0,0,0,,,,,,,,,,,,
45,0.8,0.85,0.5,0.5,True,True,False,5.0,0,0,0,0,0,0,,,,,,,,,,,,
45,0.8,0.85,0.5,0.5,True,True,False,8.0,0,0,0,0,0,0,,,,,,,,,,,,
45,0.8,0.85,0.5,0.5,True,True,True,3.0,0,0,0,0,0,0,,,,,,,,,,,,
45,0.8,0.85,0.5,0.5,True,True,True,5.0,0,0,0,0,0,0,,,,,,,,,,,,
45,0.8,0.85,0.5,0.5,True,True,True,8.0,0,0,0,0,0,0,,,,,,,,,,,,
45,0.8,0.85,0.5,1.0,False,False,False,3.0,0,0,0,0,0,0,,,,,,,,,,,,
45,0.8,0.85,0.5,1.0,False,False,False,5.0,0,0,0,0,0,0,,,,,,,,,,,,
45,0.8,0.85,0.5,1.0,False,False,False,8.0,0,0,0,0,0,0,,,,,,,,,,,,
45,0.8,0.85,0.5,1.0,False,False,True,3.0,0,0,0,0,0,0,,,,,,,,,,,,
45,0.8,0.85,0.5,1.0,False,False,True,5.0,0,0,0,0,0,0,,,,,,,,,,,,
45,0.8,0.85,0.5,1.0,False,False,True,8.0,0,0,0,0,0,0,,,,,,,,,,,,
45,0.8,0.85,0.5,1.0,False,True,False,3.0,0,0,0,0,0,0,,,,,,,,,,,,
45,0.8,0.85,0.5,1.0,False,True,False,5.0,0,0,0,0,0,0,,,,,,,,,,,,
45,0.8,0.85,0.5,1.0,False,True,False,8.0,0,0,0,0,0,0,,,,,,,,,,,,
45,0.8,0.85,0.5,1.0,False,True,True,3.0,0,0,0,0,0,0,,,,,,,,,,,,
45,0.8,0.85,0.5,1.0,False,True,True,5.0,0,0,0,0,0,0,,,,,,,,,,,,
45,0.8,0.85,0.5,1.0,False,True,True,8.0,0,0,0,0,0,0,,,,,,,,,,,,
45,0.8,0.85,0.5,1.0,True,False,False,3.0,0,0,0,0,0,0,,,,,,,,,,,,
45,0.8,0.85,0.5,1.0,True,False,False,5.0,0,0,0,0,0,0,,,,,,,,,,,,
45,0.8,0.85,0.5,1.0,True,False,False,8.0,0,0,0,0,0,0,,,,,,,,,,,,
45,0.8,0.85,0.5,1.0,True,False,True,3.0,0,0,0,0,0,0,,,,,,,,,,,,
45,0.8,0.85,0.5,1.0,True,False,True,5.0,0,0,0,0,0,0,,,,,,,,,,,,
45,0.8,0.85,0.5,1.0,True,False,True,8.0,0,0,0,0,0,0,,,,,,,,,,,,
45,0.8,0.85,0.5,1.0,True,True,False,3.0,0,0,0,0,0,0,,,,,,,,,,,,
45,0.8,0.85,0.5,1.0,True,True,False,5.0,0,0,0,0,0,0,,,,,,,,,,,,
45,0.8,0.85,0.5,1.0,True,True,False,8.0,0,0,0,0,0,0,,,,,,,,,,,,
45,0.8,0.85,0.5,1.0,True,True,True,3.0,0,0,0,0,0,0,,,,,,,,,,,,
45,0.8,0.85,0.5,1.0,True,True,True,5.0,0,0,0,0,0,0,,,,,,,,,,,,
45,0.8,0.85,0.5,1.0,True,True,True,8.0,0,0,0,0,0,0,,,,,,,,,,,,
45,0.8,0.85,0.5,2.0,False,False,False,3.0,0,0,0,0,0,0,,,,,,,,,,,,
45,0.8,0.85,0.5,2.0,False,False,False,5.0,0,0,0,0,0,0,,,,,,,,,,,,
45,0.8,0.85,0.5,2.0,False,False,False,8.0,0,0,0,0,0,0,,,,,,,,,,,,
45,0.8,0.85,0.5,2.0,False,False,True,3.0,0,0,0,0,0,0,,,,,,,,,,,,
45,0.8,0.85,0.5,2.0,False,False,True,5.0,0,0,0,0,0,0,,,,,,,,,,,,
45,0.8,0.85,0.5,2.0,False,False,True,8.0,0,0,0,0,0,0,,,,,,,,,,,,
45,0.8,0.85,0.5,2.0,False,True,False,3.0,0,0,0,0,0,0,,,,,,,,,,,,
45,0.8,0.85,0.5,2.0,False,True,False,5.0,0,0,0,0,0,0,,,,,,,,,,,,
45,0.8,0.85,0.5,2.0,False,True,False,8.0,0,0,0,0,0,0,,,,,,,,,,,,
45,0.8,0.85,0.5,2.0,False,True,True,3.0,0,0,0,0,0,0,,,,,,,,,,,,
45,0.8,0.85,0.5,2.0,False,True,True,5.0,0,0,0,0,0,0,,,,,,,,,,,,
45,0.8,0.85,0.5,2.0,False,True,True,8.0,0,0,0,0,0,0,,,,,,,,,,,,
45,0.8,0.85,0.5,2.0,True,False,False,3.0,0,0,0,0,0,0,,,,,,,,,,,,
45,0.8,0.85,0.5,2.0,True,False,False,5.0,0,0,0,0,0,0,,,,,,,,,,,,
45,0.8,0.85,0.5,2.0,True,False,False,8.0,0,0,0,0,0,0,,,,,,,,,,,,
45,0.8,0.85,0.5,2.0,True,False,True,3.0,0,0,0,0,0,0,,,,,,,,,,,,
45,0.8,0.85,0.5,2.0,True,False,True,5.0,0,0,0,0,0,0,,,,,,,,,,,,
45,0.8,0.85,0.5,2.0,True,False,True,8.0,0,0,0,0,0,0,,,,,,,,,,,,
45,0.8,0.85,0.5,2.0,True,True,False,3.0,0,0,0,0,0,0,,,,,,,,,,,,
45,0.8,0.85,0.5,2.0,True,True,False,5.0,0,0,0,0,0,0,,,,,,,,,,,,
45,0.8,0.85,0.5,2.0,True,True,False,8.0,0,0,0,0,0,0,,,,,,,,,,,,
45,0.8,0.85,0.5,2.0,True,True,True,3.0,0,0,0,0,0,0,,,,,,,,,,,,
45,0.8,0.85,0.5,2.0,True,True,True,5.0,0,0,0,0,0,0,,,,,,,,,,,,
45,0.8,0.85,0.5,2.0,True,True,True,8.0,0,0,0,0,0,0,,,,,,,,,,,,
60,0.6,0.7,0.25,0.5,False,False,False,3.0,4,4,2,2,3,4,1.0,0.5,0.0,0.0,7.5,25.0,0.6,0.0,0.5499999999999999,0.0,0.4,-0.04999999999999993
60,0.6,0.7,0.25,0.5,False,False,False,5.0,0,0,0,0,0,0,,,,,,,,,,,,
60,0.6,0.7,0.25,0.5,False,False,False,8.0,0,0,0,0,0,0,,,,,,,,,,,,
60,0.6,0.7,0.25,0.5,False,False,True,3.0,4,4,2,2,3,4,1.0,0.5,0.0,0.0,7.5,25.0,0.6,0.0,0.5499999999999999,0.0,0.4,-0.04999999999999993
60,0.6,0.7,0.25,0.5,False,False,True,5.0,0,0,0,0,0,0,,,,,,,,,,,,
60,0.6,0.7,0.25,0.5,False,False,True,8.0,0,0,0,0,0,0,,,,,,,,,,,,
60,0.6,0.7,0.25,0.5,False,True,False,3.0,4,4,2,2,3,4,1.0,0.5,0.0,0.0,7.5,25.0,0.6,0.0,0.5499999999999999,0.0,0.4,-0.04999999999999993
60,0.6,0.7,0.25,0.5,False,True,False,5.0,0,0,0,0,0,0,,,,,,,,,,,,
60,0.6,0.7,0.25,0.5,False,True,False,8.0,0,0,0,0,0,0,,,,,,,,,,,,
60,0.6,0.7,0.25,0.5,False,True,True,3.0,4,4,2,2,3,4,1.0,0.5,0.0,0.0,7.5,25.0,0.6,0.0,0.5499999999999999,0.0,0.4,-0.04999999999999993
60,0.6,0.7,0.25,0.5,False,True,True,5.0,0,0,0,0,0,0,,,,,,,,,,,,
60,0.6,0.7,0.25,0.5,False,True,True,8.0,0,0,0,0,0,0,,,,,,,,,,,,
60,0.6,0.7,0.25,0.5,True,False,False,3.0,4,4,2,2,3,4,1.0,0.5,0.0,0.0,7.5,25.0,0.6,0.0,0.5499999999999999,0.0,0.4,-0.04999999999999993
60,0.6,0.7,0.25,0.5,True,False,False,5.0,0,0,0,0,0,0,,,,,,,,,,,,
60,0.6,0.7,0.25,0.5,True,False,False,8.0,0,0,0,0,0,0,,,,,,,,,,,,
60,0.6,0.7,0.25,0.5,True,False,True,3.0,4,4,2,2,3,4,1.0,0.5,0.0,0.0,7.5,25.0,0.6,0.0,0.5499999999999999,0.0,0.4,-0.04999999999999993
60,0.6,0.7,0.25,0.5,True,False,True,5.0,0,0,0,0,0,0,,,,,,,,,,,,
60,0.6,0.7,0.25,0.5,True,False,True,8.0,0,0,0,0,0,0,,,,,,,,,,,,
60,0.6,0.7,0.25,0.5,True,True,False,3.0,4,4,2,2,3,4,1.0,0.5,0.0,0.0,7.5,25.0,0.6,0.0,0.5499999999999999,0.0,0.4,-0.04999999999999993
60,0.6,0.7,0.25,0.5,True,True,False,5.0,0,0,0,0,0,0,,,,,,,,,,,,
60,0.6,0.7,0.25,0.5,True,True,False,8.0,0,0,0,0,0,0,,,,,,,,,,,,
60,0.6,0.7,0.25,0.5,True,True,True,3.0,4,4,2,2,3,4,1.0,0.5,0.0,0.0,7.5,25.0,0.6,0.0,0.5499999999999999,0.0,0.4,-0.04999999999999993
60,0.6,0.7,0.25,0.5,True,True,True,5.0,0,0,0,0,0,0,,,,,,,,,,,,
60,0.6,0.7,0.25,0.5,True,True,True,8.0,0,0,0,0,0,0,,,,,,,,,,,,
60,0.6,0.7,0.25,1.0,False,False,False,3.0,4,4,2,2,3,4,1.0,0.5,0.0,0.0,7.5,25.0,0.6,0.0,0.5499999999999999,0.0,0.4,-0.04999999999999993
60,0.6,0.7,0.25,1.0,False,False,False,5.0,0,0,0,0,0,0,,,,,,,,,,,,
60,0.6,0.7,0.25,1.0,False,False,False,8.0,0,0,0,0,0,0,,,,,,,,,,,,
60,0.6,0.7,0.25,1.0,False,False,True,3.0,4,4,2,2,3,4,1.0,0.5,0.0,0.0,7.5,25.0,0.6,0.0,0.5499999999999999,0.0,0.4,-0.04999999999999993
60,0.6,0.7,0.25,1.0,False,False,True,5.0,0,0,0,0,0,0,,,,,,,,,,,,
60,0.6,0.7,0.25,1.0,False,False,True,8.0,0,0,0,0,0,0,,,,,,,,,,,,
60,0.6,0.7,0.25,1.0,False,True,False,3.0,4,4,2,2,3,4,1.0,0.5,0.0,0.0,7.5,25.0,0.6,0.0,0.5499999999999999,0.0,0.4,-0.04999999999999993
60,0.6,0.7,0.25,1.0,False,True,False,5.0,0,0,0,0,0,0,,,,,,,,,,,,
60,0.6,0.7,0.25,1.0,False,True,False,8.0,0,0,0,0,0,0,,,,,,,,,,,,
60,0.6,0.7,0.25,1.0,False,True,True,3.0,4,4,2,2,3,4,1.0,0.5,0.0,0.0,7.5,25.0,0.6,0.0,0.5499999999999999,0.0,0.4,-0.04999999999999993
60,0.6,0.7,0.25,1.0,False,True,True,5.0,0,0,0,0,0,0,,,,,,,,,,,,
60,0.6,0.7,0.25,1.0,False,True,True,8.0,0,0,0,0,0,0,,,,,,,,,,,,
60,0.6,0.7,0.25,1.0,True,False,False,3.0,4,4,2,2,3,4,1.0,0.5,0.0,0.0,7.5,25.0,0.6,0.0,0.5499999999999999,0.0,0.4,-0.04999999999999993
60,0.6,0.7,0.25,1.0,True,False,False,5.0,0,0,0,0,0,0,,,,,,,,,,,,
60,0.6,0.7,0.25,1.0,True,False,False,8.0,0,0,0,0,0,0,,,,,,,,,,,,
60,0.6,0.7,0.25,1.0,True,False,True,3.0,4,4,2,2,3,4,1.0,0.5,0.0,0.0,7.5,25.0,0.6,0.0,0.5499999999999999,0.0,0.4,-0.04999999999999993
60,0.6,0.7,0.25,1.0,True,False,True,5.0,0,0,0,0,0,0,,,,,,,,,,,,
60,0.6,0.7,0.25,1.0,True,False,True,8.0,0,0,0,0,0,0,,,,,,,,,,,,
60,0.6,0.7,0.25,1.0,True,True,False,3.0,4,4,2,2,3,4,1.0,0.5,0.0,0.0,7.5,25.0,0.6,0.0,0.5499999999999999,0.0,0.4,-0.04999999999999993
60,0.6,0.7,0.25,1.0,True,True,False,5.0,0,0,0,0,0,0,,,,,,,,,,,,
60,0.6,0.7,0.25,1.0,True,True,False,8.0,0,0,0,0,0,0,,,,,,,,,,,,
60,0.6,0.7,0.25,1.0,True,True,True,3.0,4,4,2,2,3,4,1.0,0.5,0.0,0.0,7.5,25.0,0.6,0.0,0.5499999999999999,0.0,0.4,-0.04999999999999993
60,0.6,0.7,0.25,1.0,True,True,True,5.0,0,0,0,0,0,0,,,,,,,,,,,,
60,0.6,0.7,0.25,1.0,True,True,True,8.0,0,0,0,0,0,0,,,,,,,,,,,,
60,0.6,0.7,0.25,2.0,False,False,False,3.0,4,4,2,2,3,4,1.0,0.5,0.0,0.0,7.5,25.0,0.6,0.0,0.5499999999999999,0.0,0.4,-0.04999999999999993
60,0.6,0.7,0.25,2.0,False,False,False,5.0,0,0,0,0,0,0,,,,,,,,,,,,
60,0.6,0.7,0.25,2.0,False,False,False,8.0,0,0,0,0,0,0,,,,,,,,,,,,
60,0.6,0.7,0.25,2.0,False,False,True,3.0,4,4,2,2,3,4,1.0,0.5,0.0,0.0,7.5,25.0,0.6,0.0,0.5499999999999999,0.0,0.4,-0.04999999999999993
60,0.6,0.7,0.25,2.0,False,False,True,5.0,0,0,0,0,0,0,,,,,,,,,,,,
60,0.6,0.7,0.25,2.0,False,False,True,8.0,0,0,0,0,0,0,,,,,,,,,,,,
60,0.6,0.7,0.25,2.0,False,True,False,3.0,4,4,2,2,3,4,1.0,0.5,0.0,0.0,7.5,25.0,0.6,0.0,0.5499999999999999,0.0,0.4,-0.04999999999999993
60,0.6,0.7,0.25,2.0,False,True,False,5.0,0,0,0,0,0,0,,,,,,,,,,,,
60,0.6,0.7,0.25,2.0,False,True,False,8.0,0,0,0,0,0,0,,,,,,,,,,,,
60,0.6,0.7,0.25,2.0,False,True,True,3.0,4,4,2,2,3,4,1.0,0.5,0.0,0.0,7.5,25.0,0.6,0.0,0.5499999999999999,0.0,0.4,-0.04999999999999993
60,0.6,0.7,0.25,2.0,False,True,True,5.0,0,0,0,0,0,0,,,,,,,,,,,,
60,0.6,0.7,0.25,2.0,False,True,True,8.0,0,0,0,0,0,0,,,,,,,,,,,,
60,0.6,0.7,0.25,2.0,True,False,False,3.0,4,4,2,2,3,4,1.0,0.5,0.0,0.0,7.5,25.0,0.6,0.0,0.5499999999999999,0.0,0.4,-0.04999999999999993
60,0.6,0.7,0.25,2.0,True,False,False,5.0,0,0,0,0,0,0,,,,,,,,,,,,
60,0.6,0.7,0.25,2.0,True,False,False,8.0,0,0,0,0,0,0,,,,,,,,,,,,
60,0.6,0.7,0.25,2.0,True,False,True,3.0,4,4,2,2,3,4,1.0,0.5,0.0,0.0,7.5,25.0,0.6,0.0,0.5499999999999999,0.0,0.4,-0.04999999999999993
60,0.6,0.7,0.25,2.0,True,False,True,5.0,0,0,0,0,0,0,,,,,,,,,,,,
60,0.6,0.7,0.25,2.0,True,False,True,8.0,0,0,0,0,0,0,,,,,,,,,,,,
60,0.6,0.7,0.25,2.0,True,True,False,3.0,4,4,2,2,3,4,1.0,0.5,0.0,0.0,7.5,25.0,0.6,0.0,0.5499999999999999,0.0,0.4,-0.04999999999999993
60,0.6,0.7,0.25,2.0,True,True,False,5.0,0,0,0,0,0,0,,,,,,,,,,,,
60,0.6,0.7,0.25,2.0,True,True,False,8.0,0,0,0,0,0,0,,,,,,,,,,,,
60,0.6,0.7,0.25,2.0,True,True,True,3.0,4,4,2,2,3,4,1.0,0.5,0.0,0.0,7.5,25.0,0.6,0.0,0.5499999999999999,0.0,0.4,-0.04999999999999993
60,0.6,0.7,0.25,2.0,True,True,True,5.0,0,0,0,0,0,0,,,,,,,,,,,,
60,0.6,0.7,0.25,2.0,True,True,True,8.0,0,0,0,0,0,0,,,,,,,,,,,,
60,0.6,0.7,0.5,0.5,False,False,False,3.0,5,13,2,2,4,4,1.0,0.8461538461538461,0.0,0.0,7.0,12.0,0.56,0.0,0.7230769230769232,0.0,0.43999999999999995,0.12307692307692297
60,0.6,0.7,0.5,0.5,False,False,False,5.0,0,2,0,1,0,2,,1.0,,0.0,,15.0,,,0.8,0.0,,0.19999999999999996
60,0.6,0.7,0.5,0.5,False,False,False,8.0,0,0,0,0,0,0,,,,,,,,,,,,
60,0.6,0.7,0.5,0.5,False,False,True,3.0,5,13,2,2,4,4,1.0,0.8461538461538461,0.0,0.0,7.0,12.0,0.56,0.0,0.7230769230769232,0.0,0.43999999999999995,0.12307692307692297
60,0.6,0.7,0.5,0.5,False,False,True,5.0,0,2,0,1,0,2,,1.0,,0.0,,15.0,,,0.8,0.0,,0.19999999999999996
60,0.6,0.7,0.5,0.5,False,False,True,8.0,0,0,0,0,0,0,,,,,,,,,,,,
60,0.6,0.7,0.5,0.5,False,True,False,3.0,5,13,2,2,4,4,1.0,0.8461538461538461,0.0,0.0,7.0,12.0,0.56,0.0,0.7230769230769232,0.0,0.43999999999999995,0.12307692307692297
60,0.6,0.7,0.5,0.5,False,True,False,5.0,0,2,0,1,0,2,,1.0,,0.0,,15.0,,,0.8,0.0,,0.19999999999999996
60,0.6,0.7,0.5,0.5,False,True,False,8.0,0,0,0,0,0,0,,,,,,,,,,,,
60,0.6,0.7,0.5,0.5,False,True,True,3.0,5,13,2,2,4,4,1.0,0.8461538461538461,0.0,0.0,7.0,12.0,0.56,0.0,0.7230769230769232,0.0,0.43999999999999995,0.12307692307692297
60,0.6,0.7,0.5,0.5,False,True,True,5.0,0,2,0,1,0,2,,1.0,,0.0,,15.0,,,0.8,0.0,,0.19999999999999996
60,0.6,0.7,0.5,0.5,False,True,True,8.0,0,0,0,0,0,0,,,,,,,,,,,,
60,0.6,0.7,0.5,0.5,True,False,False,3.0,5,13,2,2,4,4,1.0,0.8461538461538461,0.0,0.0,7.0,12.0,0.56,0.0,0.7230769230769232,0.0,0.43999999999999995,0.12307692307692297
60,0.6,0.7,0.5,0.5,True,False,False,5.0,0,2,0,1,0,2,,1.0,,0.0,,15.0,,,0.8,0.0,,0.19999999999999996
60,0.6,0.7,0.5,0.5,True,False,False,8.0,0,0,0,0,0,0,,,,,,,,,,,,
60,0.6,0.7,0.5,0.5,True,False,True,3.0,5,13,2,2,4,4,1.0,0.8461538461538461,0.0,0.0,7.0,12.0,0.56,0.0,0.7230769230769232,0.0,0.43999999999999995,0.12307692307692297
60,0.6,0.7,0.5,0.5,True,False,True,5.0,0,2,0,1,0,2,,1.0,,0.0,,15.0,,,0.8,0.0,,0.19999999999999996
60,0.6,0.7,0.5,0.5,True,False,True,8.0,0,0,0,0,0,0,,,,,,,,,,,,
60,0.6,0.7,0.5,0.5,True,True,False,3.0,5,13,2,2,4,4,1.0,0.8461538461538461,0.0,0.0,7.0,12.0,0.56,0.0,0.7230769230769232,0.0,0.43999999999999995,0.12307692307692297
60,0.6,0.7,0.5,0.5,True,True,False,5.0,0,2,0,1,0,2,,1.0,,0.0,,15.0,,,0.8,0.0,,0.19999999999999996
60,0.6,0.7,0.5,0.5,True,True,False,8.0,0,0,0,0,0,0,,,,,,,,,,,,
60,0.6,0.7,0.5,0.5,True,True,True,3.0,5,13,2,2,4,4,1.0,0.8461538461538461,0.0,0.0,7.0,12.0,0.56,0.0,0.7230769230769232,0.0,0.43999999999999995,0.12307692307692297
60,0.6,0.7,0.5,0.5,True,True,True,5.0,0,2,0,1,0,2,,1.0,,0.0,,15.0,,,0.8,0.0,,0.19999999999999996
60,0.6,0.7,0.5,0.5,True,True,True,8.0,0,0,0,0,0,0,,,,,,,,,,,,
60,0.6,0.7,0.5,1.0,False,False,False,3.0,5,13,2,2,4,4,1.0,0.8461538461538461,0.0,0.0,7.0,12.0,0.56,0.0,0.7230769230769232,0.0,0.43999999999999995,0.12307692307692297
60,0.6,0.7,0.5,1.0,False,False,False,5.0,0,2,0,1,0,2,,1.0,,0.0,,15.0,,,0.8,0.0,,0.19999999999999996
60,0.6,0.7,0.5,1.0,False,False,False,8.0,0,0,0,0,0,0,,,,,,,,,,,,
60,0.6,0.7,0.5,1.0,False,False,True,3.0,5,13,2,2,4,4,1.0,0.8461538461538461,0.0,0.0,7.0,12.0,0.56,0.0,0.7230769230769232,0.0,0.43999999999999995,0.12307692307692297
60,0.6,0.7,0.5,1.0,False,False,True,5.0,0,2,0,1,0,2,,1.0,,0.0,,15.0,,,0.8,0.0,,0.19999999999999996
60,0.6,0.7,0.5,1.0,False,False,True,8.0,0,0,0,0,0,0,,,,,,,,,,,,
60,0.6,0.7,0.5,1.0,False,True,False,3.0,5,13,2,2,4,4,1.0,0.8461538461538461,0.0,0.0,7.0,12.0,0.56,0.0,0.7230769230769232,0.0,0.43999999999999995,0.12307692307692297
60,0.6,0.7,0.5,1.0,False,True,False,5.0,0,2,0,1,0,2,,1.0,,0.0,,15.0,,,0.8,0.0,,0.19999999999999996
60,0.6,0.7,0.5,1.0,False,True,False,8.0,0,0,0,0,0,0,,,,,,,,,,,,
60,0.6,0.7,0.5,1.0,False,True,True,3.0,5,13,2,2,4,4,1.0,0.8461538461538461,0.0,0.0,7.0,12.0,0.56,0.0,0.7230769230769232,0.0,0.43999999999999995,0.12307692307692297
60,0.6,0.7,0.5,1.0,False,True,True,5.0,0,2,0,1,0,2,,1.0,,0.0,,15.0,,,0.8,0.0,,0.19999999999999996
60,0.6,0.7,0.5,1.0,False,True,True,8.0,0,0,0,0,0,0,,,,,,,,,,,,
60,0.6,0.7,0.5,1.0,True,False,False,3.0,5,13,2,2,4,4,1.0,0.8461538461538461,0.0,0.0,7.0,12.0,0.56,0.0,0.7230769230769232,0.0,0.43999999999999995,0.12307692307692297
60,0.6,0.7,0.5,1.0,True,False,False,5.0,0,2,0,1,0,2,,1.0,,0.0,,15.0,,,0.8,0.0,,0.19999999999999996
60,0.6,0.7,0.5,1.0,True,False,False,8.0,0,0,0,0,0,0,,,,,,,,,,,,
60,0.6,0.7,0.5,1.0,True,False,True,3.0,5,13,2,2,4,4,1.0,0.8461538461538461,0.0,0.0,7.0,12.0,0.56,0.0,0.7230769230769232,0.0,0.43999999999999995,0.12307692307692297
60,0.6,0.7,0.5,1.0,True,False,True,5.0,0,2,0,1,0,2,,1.0,,0.0,,15.0,,,0.8,0.0,,0.19999999999999996
60,0.6,0.7,0.5,1.0,True,False,True,8.0,0,0,0,0,0,0,,,,,,,,,,,,
60,0.6,0.7,0.5,1.0,True,True,False,3.0,5,13,2,2,4,4,1.0,0.8461538461538461,0.0,0.0,7.0,12.0,0.56,0.0,0.7230769230769232,0.0,0.43999999999999995,0.12307692307692297
60,0.6,0.7,0.5,1.0,True,True,False,5.0,0,2,0,1,0,2,,1.0,,0.0,,15.0,,,0.8,0.0,,0.19999999999999996
60,0.6,0.7,0.5,1.0,True,True,False,8.0,0,0,0,0,0,0,,,,,,,,,,,,
60,0.6,0.7,0.5,1.0,True,True,True,3.0,5,13,2,2,4,4,1.0,0.8461538461538461,0.0,0.0,7.0,12.0,0.56,0.0,0.7230769230769232,0.0,0.43999999999999995,0.12307692307692297
60,0.6,0.7,0.5,1.0,True,True,True,5.0,0,2,0,1,0,2,,1.0,,0.0,,15.0,,,0.8,0.0,,0.19999999999999996
60,0.6,0.7,0.5,1.0,True,True,True,8.0,0,0,0,0,0,0,,,,,,,,,,,,
60,0.6,0.7,0.5,2.0,False,False,False,3.0,5,13,2,2,4,4,1.0,0.8461538461538461,0.0,0.0,7.0,12.0,0.56,0.0,0.7230769230769232,0.0,0.43999999999999995,0.12307692307692297
60,0.6,0.7,0.5,2.0,False,False,False,5.0,0,2,0,1,0,2,,1.0,,0.0,,15.0,,,0.8,0.0,,0.19999999999999996
60,0.6,0.7,0.5,2.0,False,False,False,8.0,0,0,0,0,0,0,,,,,,,,,,,,
60,0.6,0.7,0.5,2.0,False,False,True,3.0,5,13,2,2,4,4,1.0,0.8461538461538461,0.0,0.0,7.0,12.0,0.56,0.0,0.7230769230769232,0.0,0.43999999999999995,0.12307692307692297
60,0.6,0.7,0.5,2.0,False,False,True,5.0,0,2,0,1,0,2,,1.0,,0.0,,15.0,,,0.8,0.0,,0.19999999999999996
60,0.6,0.7,0.5,2.0,False,False,True,8.0,0,0,0,0,0,0,,,,,,,,,,,,
60,0.6,0.7,0.5,2.0,False,True,False,3.0,5,13,2,2,4,4,1.0,0.8461538461538461,0.0,0.0,7.0,12.0,0.56,0.0,0.7230769230769232,0.0,0.43999999999999995,0.12307692307692297
60,0.6,0.7,0.5,2.0,False,True,False,5.0,0,2,0,1,0,2,,1.0,,0.0,,15.0,,,0.8,0.0,,0.19999999999999996
60,0.6,0.7,0.5,2.0,False,True,False,8.0,0,0,0,0,0,0,,,,,,,,,,,,
60,0.6,0.7,0.5,2.0,False,True,True,3.0,5,13,2,2,4,4,1.0,0.8461538461538461,0.0,0.0,7.0,12.0,0.56,0.0,0.7230769230769232,0.0,0.43999999999999995,0.12307692307692297
60,0.6,0.7,0.5,2.0,False,True,True,5.0,0,2,0,1,0,2,,1.0,,0.0,,15.0,,,0.8,0.0,,0.19999999999999996
60,0.6,0.7,0.5,2.0,False,True,True,8.0,0,0,0,0,0,0,,,,,,,,,,,,
60,0.6,0.7,0.5,2.0,True,False,False,3.0,5,13,2,2,4,4,1.0,0.8461538461538461,0.0,0.0,7.0,12.0,0.56,0.0,0.7230769230769232,0.0,0.43999999999999995,0.12307692307692297
60,0.6,0.7,0.5,2.0,True,False,False,5.0,0,2,0,1,0,2,,1.0,,0.0,,15.0,,,0.8,0.0,,0.19999999999999996
60,0.6,0.7,0.5,2.0,True,False,False,8.0,0,0,0,0,0,0,,,,,,,,,,,,
60,0.6,0.7,0.5,2.0,True,False,True,3.0,5,13,2,2,4,4,1.0,0.8461538461538461,0.0,0.0,7.0,12.0,0.56,0.0,0.7230769230769232,0.0,0.43999999999999995,0.12307692307692297
60,0.6,0.7,0.5,2.0,True,False,True,5.0,0,2,0,1,0,2,,1.0,,0.0,,15.0,,,0.8,0.0,,0.19999999999999996
60,0.6,0.7,0.5,2.0,True,False,True,8.0,0,0,0,0,0,0,,,,,,,,,,,,
60,0.6,0.7,0.5,2.0,True,True,False,3.0,5,13,2,2,4,4,1.0,0.8461538461538461,0.0,0.0,7.0,12.0,0.56,0.0,0.7230769230769232,0.0,0.43999999999999995,0.12307692307692297
60,0.6,0.7,0.5,2.0,True,True,False,5.0,0,2,0,1,0,2,,1.0,,0.0,,15.0,,,0.8,0.0,,0.19999999999999996
60,0.6,0.7,0.5,2.0,True,True,False,8.0,0,0,0,0,0,0,,,,,,,,,,,,
60,0.6,0.7,0.5,2.0,True,True,True,3.0,5,13,2,2,4,4,1.0,0.8461538461538461,0.0,0.0,7.0,12.0,0.56,0.0,0.7230769230769232,0.0,0.43999999999999995,0.12307692307692297
60,0.6,0.7,0.5,2.0,True,True,True,5.0,0,2,0,1,0,2,,1.0,,0.0,,15.0,,,0.8,0.0,,0.19999999999999996
60,0.6,0.7,0.5,2.0,True,True,True,8.0,0,0,0,0,0,0,,,,,,,,,,,,
60,0.6,0.85,0.25,0.5,False,False,False,3.0,1,0,1,0,1,0,1.0,,0.0,,8.0,,0.4,0.0,,,0.6,
60,0.6,0.85,0.25,0.5,False,False,False,5.0,0,0,0,0,0,0,,,,,,,,,,,,
60,0.6,0.85,0.25,0.5,False,False,False,8.0,0,0,0,0,0,0,,,,,,,,,,,,
60,0.6,0.85,0.25,0.5,False,False,True,3.0,1,0,1,0,1,0,1.0,,0.0,,8.0,,0.4,0.0,,,0.6,
60,0.6,0.85,0.25,0.5,False,False,True,5.0,0,0,0,0,0,0,,,,,,,,,,,,
60,0.6,0.85,0.25,0.5,False,False,True,8.0,0,0,0,0,0,0,,,,,,,,,,,,
60,0.6,0.85,0.25,0.5,False,True,False,3.0,1,0,1,0,1,0,1.0,,0.0,,8.0,,0.4,0.0,,,0.6,
60,0.6,0.85,0.25,0.5,False,True,False,5.0,0,0,0,0,0,0,,,,,,,,,,,,
60,0.6,0.85,0.25,0.5,False,True,False,8.0,0,0,0,0,0,0,,,,,,,,,,,,
60,0.6,0.85,0.25,0.5,False,True,True,3.0,1,0,1,0,1,0,1.0,,0.0,,8.0,,0.4,0.0,,,0.6,
60,0.6,0.85,0.25,0.5,False,True,True,5.0,0,0,0,0,0,0,,,,,,,,,,,,
60,0.6,0.85,0.25,0.5,False,True,True,8.0,0,0,0,0,0,0,,,,,,,,,,,,
60,0.6,0.85,0.25,0.5,True,False,False,3.0,1,0,1,0,1,0,1.0,,0.0,,8.0,,0.4,0.0,,,0.6,
60,0.6,0.85,0.25,0.5,True,False,False,5.0,0,0,0,0,0,0,,,,,,,,,,,,
60,0.6,0.85,0.25,0.5,True,False,False,8.0,0,0,0,0,0,0,,,,,,,,,,,,
60,0.6,0.85,0.25,0.5,True,False,True,3.0,1,0,1,0,1,0,1.0,,0.0,,8.0,,0.4,0.0,,,0.6,
60,0.6,0.85,0.25,0.5,True,False,True,5.0,0,0,0,0,0,0,,,,,,,,,,,,
60,0.6,0.85,0.25,0.5,True,False,True,8.0,0,0,0,0,0,0,,,,,,,,,,,,
60,0.6,0.85,0.25,0.5,True,True,False,3.0,1,0,1,0,1,0,1.0,,0.0,,8.0,,0.4,0.0,,,0.6,
60,0.6,0.85,0.25,0.5,True,True,False,5.0,0,0,0,0,0,0,,,,,,,,,,,,
60,0.6,0.85,0.25,0.5,True,True,False,8.0,0,0,0,0,0,0,,,,,,,,,,,,
60,0.6,0.85,0.25,0.5,True,True,True,3.0,1,0,1,0,1,0,1.0,,0.0,,8.0,,0.4,0.0,,,0.6,
60,0.6,0.85,0.25,0.5,True,True,True,5.0,0,0,0,0,0,0,,,,,,,,,,,,
60,0.6,0.85,0.25,0.5,True,True,True,8.0,0,0,0,0,0,0,,,,,,,,,,,,
60,0.6,0.85,0.25,1.0,False,False,False,3.0,1,0,1,0,1,0,1.0,,0.0,,8.0,,0.4,0.0,,,0.6,
60,0.6,0.85,0.25,1.0,False,False,False,5.0,0,0,0,0,0,0,,,,,,,,,,,,
60,0.6,0.85,0.25,1.0,False,False,False,8.0,0,0,0,0,0,0,,,,,,,,,,,,
60,0.6,0.85,0.25,1.0,False,False,True,3.0,1,0,1,0,1,0,1.0,,0.0,,8.0,,0.4,0.0,,,0.6,
60,0.6,0.85,0.25,1.0,False,False,True,5.0,0,0,0,0,0,0,,,,,,,,,,,,
60,0.6,0.85,0.25,1.0,False,False,True,8.0,0,0,0,0,0,0,,,,,,,,,,,,
60,0.6,0.85,0.25,1.0,False,True,False,3.0,1,0,1,0,1,0,1.0,,0.0,,8.0,,0.4,0.0,,,0.6,
60,0.6,0.85,0.25,1.0,False,True,False,5.0,0,0,0,0,0,0,,,,,,,,,,,,
60,0.6,0.85,0.25,1.0,False,True,False,8.0,0,0,0,0,0,0,,,,,,,,,,,,
60,0.6,0.85,0.25,1.0,False,True,True,3.0,1,0,1,0,1,0,1.0,,0.0,,8.0,,0.4,0.0,,,0.6,
60,0.6,0.85,0.25,1.0,False,True,True,5.0,0,0,0,0,0,0,,,,,,,,,,,,
60,0.6,0.85,0.25,1.0,False,True,True,8.0,0,0,0,0,0,0,,,,,,,,,,,,
60,0.6,0.85,0.25,1.0,True,False,False,3.0,1,0,1,0,1,0,1.0,,0.0,,8.0,,0.4,0.0,,,0.6,
60,0.6,0.85,0.25,1.0,True,False,False,5.0,0,0,0,0,0,0,,,,,,,,,,,,
60,0.6,0.85,0.25,1.0,True,False,False,8.0,0,0,0,0,0,0,,,,,,,,,,,,
60,0.6,0.85,0.25,1.0,True,False,True,3.0,1,0,1,0,1,0,1.0,,0.0,,8.0,,0.4,0.0,,,0.6,
60,0.6,0.85,0.25,1.0,True,False,True,5.0,0,0,0,0,0,0,,,,,,,,,,,,
60,0.6,0.85,0.25,1.0,True,False,True,8.0,0,0,0,0,0,0,,,,,,,,,,,,
60,0.6,0.85,0.25,1.0,True,True,False,3.0,1,0,1,0,1,0,1.0,,0.0,,8.0,,0.4,0.0,,,0.6,
60,0.6,0.85,0.25,1.0,True,True,False,5.0,0,0,0,0,0,0,,,,,,,,,,,,
60,0.6,0.85,0.25,1.0,True,True,False,8.0,0,0,0,0,0,0,,,,,,,,,,,,
60,0.6,0.85,0.25,1.0,True,True,True,3.0,1,0,1,0,1,0,1.0,,0.0,,8.0,,0.4,0.0,,,0.6,
60,0.6,0.85,0.25,1.0,True,True,True,5.0,0,0,0,0,0,0,,,,,,,,,,,,
60,0.6,0.85,0.25,1.0,True,True,True,8.0,0,0,0,0,0,0,,,,,,,,,,,,
60,0.6,0.85,0.25,2.0,False,False,False,3.0,1,0,1,0,1,0,1.0,,0.0,,8.0,,0.4,0.0,,,0.6,
60,0.6,0.85,0.25,2.0,False,False,False,5.0,0,0,0,0,0,0,,,,,,,,,,,,
60,0.6,0.85,0.25,2.0,False,False,False,8.0,0,0,0,0,0,0,,,,,,,,,,,,
60,0.6,0.85,0.25,2.0,False,False,True,3.0,1,0,1,0,1,0,1.0,,0.0,,8.0,,0.4,0.0,,,0.6,
60,0.6,0.85,0.25,2.0,False,False,True,5.0,0,0,0,0,0,0,,,,,,,,,,,,
60,0.6,0.85,0.25,2.0,False,False,True,8.0,0,0,0,0,0,0,,,,,,,,,,,,
60,0.6,0.85,0.25,2.0,False,True,False,3.0,1,0,1,0,1,0,1.0,,0.0,,8.0,,0.4,0.0,,,0.6,
60,0.6,0.85,0.25,2.0,False,True,False,5.0,0,0,0,0,0,0,,,,,,,,,,,,
60,0.6,0.85,0.25,2.0,False,True,False,8.0,0,0,0,0,0,0,,,,,,,,,,,,
60,0.6,0.85,0.25,2.0,False,True,True,3.0,1,0,1,0,1,0,1.0,,0.0,,8.0,,0.4,0.0,,,0.6,
60,0.6,0.85,0.25,2.0,False,True,True,5.0,0,0,0,0,0,0,,,,,,,,,,,,
60,0.6,0.85,0.25,2.0,False,True,True,8.0,0,0,0,0,0,0,,,,,,,,,,,,
60,0.6,0.85,0.25,2.0,True,False,False,3.0,1,0,1,0,1,0,1.0,,0.0,,8.0,,0.4,0.0,,,0.6,
60,0.6,0.85,0.25,2.0,True,False,False,5.0,0,0,0,0,0,0,,,,,,,,,,,,
60,0.6,0.85,0.25,2.0,True,False,False,8.0,0,0,0,0,0,0,,,,,,,,,,,,
60,0.6,0.85,0.25,2.0,True,False,True,3.0,1,0,1,0,1,0,1.0,,0.0,,8.0,,0.4,0.0,,,0.6,
60,0.6,0.85,0.25,2.0,True,False,True,5.0,0,0,0,0,0,0,,,,,,,,,,,,
60,0.6,0.85,0.25,2.0,True,False,True,8.0,0,0,0,0,0,0,,,,,,,,,,,,
60,0.6,0.85,0.25,2.0,True,True,False,3.0,1,0,1,0,1,0,1.0,,0.0,,8.0,,0.4,0.0,,,0.6,
60,0.6,0.85,0.25,2.0,True,True,False,5.0,0,0,0,0,0,0,,,,,,,,,,,,
60,0.6,0.85,0.25,2.0,True,True,False,8.0,0,0,0,0,0,0,,,,,,,,,,,,
60,0.6,0.85,0.25,2.0,True,True,True,3.0,1,0,1,0,1,0,1.0,,0.0,,8.0,,0.4,0.0,,,0.6,
60,0.6,0.85,0.25,2.0,True,True,True,5.0,0,0,0,0,0,0,,,,,,,,,,,,
60,0.6,0.85,0.25,2.0,True,True,True,8.0,0,0,0,0,0,0,,,,,,,,,,,,
60,0.6,0.85,0.5,0.5,False,False,False,3.0,2,0,2,0,2,0,1.0,,0.0,,5.5,,0.4,0.0,,,0.6,
60,0.6,0.85,0.5,0.5,False,False,False,5.0,0,0,0,0,0,0,,,,,,,,,,,,
60,0.6,0.85,0.5,0.5,False,False,False,8.0,0,0,0,0,0,0,,,,,,,,,,,,
60,0.6,0.85,0.5,0.5,False,False,True,3.0,2,0,2,0,2,0,1.0,,0.0,,5.5,,0.4,0.0,,,0.6,
60,0.6,0.85,0.5,0.5,False,False,True,5.0,0,0,0,0,0,0,,,,,,,,,,,,
60,0.6,0.85,0.5,0.5,False,False,True,8.0,0,0,0,0,0,0,,,,,,,,,,,,
60,0.6,0.85,0.5,0.5,False,True,False,3.0,2,0,2,0,2,0,1.0,,0.0,,5.5,,0.4,0.0,,,0.6,
60,0.6,0.85,0.5,0.5,False,True,False,5.0,0,0,0,0,0,0,,,,,,,,,,,,
60,0.6,0.85,0.5,0.5,False,True,False,8.0,0,0,0,0,0,0,,,,,,,,,,,,
60,0.6,0.85,0.5,0.5,False,True,True,3.0,2,0,2,0,2,0,1.0,,0.0,,5.5,,0.4,0.0,,,0.6,
60,0.6,0.85,0.5,0.5,False,True,True,5.0,0,0,0,0,0,0,,,,,,,,,,,,
60,0.6,0.85,0.5,0.5,False,True,True,8.0,0,0,0,0,0,0,,,,,,,,,,,,
60,0.6,0.85,0.5,0.5,True,False,False,3.0,2,0,2,0,2,0,1.0,,0.0,,5.5,,0.4,0.0,,,0.6,
60,0.6,0.85,0.5,0.5,True,False,False,5.0,0,0,0,0,0,0,,,,,,,,,,,,
60,0.6,0.85,0.5,0.5,True,False,False,8.0,0,0,0,0,0,0,,,,,,,,,,,,
60,0.6,0.85,0.5,0.5,True,False,True,3.0,2,0,2,0,2,0,1.0,,0.0,,5.5,,0.4,0.0,,,0.6,
60,0.6,0.85,0.5,0.5,True,False,True,5.0,0,0,0,0,0,0,,,,,,,,,,,,
60,0.6,0.85,0.5,0.5,True,False,True,8.0,0,0,0,0,0,0,,,,,,,,,,,,
60,0.6,0.85,0.5,0.5,True,True,False,3.0,2,0,2,0,2,0,1.0,,0.0,,5.5,,0.4,0.0,,,0.6,
60,0.6,0.85,0.5,0.5,True,True,False,5.0,0,0,0,0,0,0,,,,,,,,,,,,
60,0.6,0.85,0.5,0.5,True,True,False,8.0,0,0,0,0,0,0,,,,,,,,,,,,
60,0.6,0.85,0.5,0.5,True,True,True,3.0,2,0,2,0,2,0,1.0,,0.0,,5.5,,0.4,0.0,,,0.6,
60,0.6,0.85,0.5,0.5,True,True,True,5.0,0,0,0,0,0,0,,,,,,,,,,,,
60,0.6,0.85,0.5,0.5,True,True,True,8.0,0,0,0,0,0,0,,,,,,,,,,,,
60,0.6,0.85,0.5,1.0,False,False,False,3.0,2,0,2,0,2,0,1.0,,0.0,,5.5,,0.4,0.0,,,0.6,
60,0.6,0.85,0.5,1.0,False,False,False,5.0,0,0,0,0,0,0,,,,,,,,,,,,
60,0.6,0.85,0.5,1.0,False,False,False,8.0,0,0,0,0,0,0,,,,,,,,,,,,
60,0.6,0.85,0.5,1.0,False,False,True,3.0,2,0,2,0,2,0,1.0,,0.0,,5.5,,0.4,0.0,,,0.6,
60,0.6,0.85,0.5,1.0,False,False,True,5.0,0,0,0,0,0,0,,,,,,,,,,,,
60,0.6,0.85,0.5,1.0,False,False,True,8.0,0,0,0,0,0,0,,,,,,,,,,,,
60,0.6,0.85,0.5,1.0,False,True,False,3.0,2,0,2,0,2,0,1.0,,0.0,,5.5,,0.4,0.0,,,0.6,
60,0.6,0.85,0.5,1.0,False,True,False,5.0,0,0,0,0,0,0,,,,,,,,,,,,
60,0.6,0.85,0.5,1.0,False,True,False,8.0,0,0,0,0,0,0,,,,,,,,,,,,
60,0.6,0.85,0.5,1.0,False,True,True,3.0,2,0,2,0,2,0,1.0,,0.0,,5.5,,0.4,0.0,,,0.6,
60,0.6,0.85,0.5,1.0,False,True,True,5.0,0,0,0,0,0,0,,,,,,,,,,,,
60,0.6,0.85,0.5,1.0,False,True,True,8.0,0,0,0,0,0,0,,,,,,,,,,,,
60,0.6,0.85,0.5,1.0,True,False,False,3.0,2,0,2,0,2,0,1.0,,0.0,,5.5,,0.4,0.0,,,0.6,
60,0.6,0.85,0.5,1.0,True,False,False,5.0,0,0,0,0,0,0,,,,,,,,,,,,
60,0.6,0.85,0.5,1.0,True,False,False,8.0,0,0,0,0,0,0,,,,,,,,,,,,
60,0.6,0.85,0.5,1.0,True,False,True,3.0,2,0,2,0,2,0,1.0,,0.0,,5.5,,0.4,0.0,,,0.6,
60,0.6,0.85,0.5,1.0,True,False,True,5.0,0,0,0,0,0,0,,,,,,,,,,,,
60,0.6,0.85,0.5,1.0,True,False,True,8.0,0,0,0,0,0,0,,,,,,,,,,,,
60,0.6,0.85,0.5,1.0,True,True,False,3.0,2,0,2,0,2,0,1.0,,0.0,,5.5,,0.4,0.0,,,0.6,
60,0.6,0.85,0.5,1.0,True,True,False,5.0,0,0,0,0,0,0,,,,,,,,,,,,
60,0.6,0.85,0.5,1.0,True,True,False,8.0,0,0,0,0,0,0,,,,,,,,,,,,
60,0.6,0.85,0.5,1.0,True,True,True,3.0,2,0,2,0,2,0,1.0,,0.0,,5.5,,0.4,0.0,,,0.6,
60,0.6,0.85,0.5,1.0,True,True,True,5.0,0,0,0,0,0,0,,,,,,,,,,,,
60,0.6,0.85,0.5,1.0,True,True,True,8.0,0,0,0,0,0,0,,,,,,,,,,,,
60,0.6,0.85,0.5,2.0,False,False,False,3.0,2,0,2,0,2,0,1.0,,0.0,,5.5,,0.4,0.0,,,0.6,
60,0.6,0.85,0.5,2.0,False,False,False,5.0,0,0,0,0,0,0,,,,,,,,,,,,
60,0.6,0.85,0.5,2.0,False,False,False,8.0,0,0,0,0,0,0,,,,,,,,,,,,
60,0.6,0.85,0.5,2.0,False,False,True,3.0,2,0,2,0,2,0,1.0,,0.0,,5.5,,0.4,0.0,,,0.6,
60,0.6,0.85,0.5,2.0,False,False,True,5.0,0,0,0,0,0,0,,,,,,,,,,,,
60,0.6,0.85,0.5,2.0,False,False,True,8.0,0,0,0,0,0,0,,,,,,,,,,,,
60,0.6,0.85,0.5,2.0,False,True,False,3.0,2,0,2,0,2,0,1.0,,0.0,,5.5,,0.4,0.0,,,0.6,
60,0.6,0.85,0.5,2.0,False,True,False,5.0,0,0,0,0,0,0,,,,,,,,,,,,
60,0.6,0.85,0.5,2.0,False,True,False,8.0,0,0,0,0,0,0,,,,,,,,,,,,
60,0.6,0.85,0.5,2.0,False,True,True,3.0,2,0,2,0,2,0,1.0,,0.0,,5.5,,0.4,0.0,,,0.6,
60,0.6,0.85,0.5,2.0,False,True,True,5.0,0,0,0,0,0,0,,,,,,,,,,,,
60,0.6,0.85,0.5,2.0,False,True,True,8.0,0,0,0,0,0,0,,,,,,,,,,,,
60,0.6,0.85,0.5,2.0,True,False,False,3.0,2,0,2,0,2,0,1.0,,0.0,,5.5,,0.4,0.0,,,0.6,
60,0.6,0.85,0.5,2.0,True,False,False,5.0,0,0,0,0,0,0,,,,,,,,,,,,
60,0.6,0.85,0.5,2.0,True,False,False,8.0,0,0,0,0,0,0,,,,,,,,,,,,
60,0.6,0.85,0.5,2.0,True,False,True,3.0,2,0,2,0,2,0,1.0,,0.0,,5.5,,0.4,0.0,,,0.6,
60,0.6,0.85,0.5,2.0,True,False,True,5.0,0,0,0,0,0,0,,,,,,,,,,,,
60,0.6,0.85,0.5,2.0,True,False,True,8.0,0,0,0,0,0,0,,,,,,,,,,,,
60,0.6,0.85,0.5,2.0,True,True,False,3.0,2,0,2,0,2,0,1.0,,0.0,,5.5,,0.4,0.0,,,0.6,
60,0.6,0.85,0.5,2.0,True,True,False,5.0,0,0,0,0,0,0,,,,,,,,,,,,
60,0.6,0.85,0.5,2.0,True,True,False,8.0,0,0,0,0,0,0,,,,,,,,,,,,
60,0.6,0.85,0.5,2.0,True,True,True,3.0,2,0,2,0,2,0,1.0,,0.0,,5.5,,0.4,0.0,,,0.6,
60,0.6,0.85,0.5,2.0,True,True,True,5.0,0,0,0,0,0,0,,,,,,,,,,,,
60,0.6,0.85,0.5,2.0,True,True,True,8.0,0,0,0,0,0,0,,,,,,,,,,,,
60,0.7,0.7,0.25,0.5,False,False,False,3.0,0,1,0,1,0,1,,1.0,,0.0,,24.0,,,0.8,0.0,,0.19999999999999996
60,0.7,0.7,0.25,0.5,False,False,False,5.0,0,0,0,0,0,0,,,,,,,,,,,,
60,0.7,0.7,0.25,0.5,False,False,False,8.0,0,0,0,0,0,0,,,,,,,,,,,,
60,0.7,0.7,0.25,0.5,False,False,True,3.0,0,1,0,1,0,1,,1.0,,0.0,,24.0,,,0.8,0.0,,0.19999999999999996
60,0.7,0.7,0.25,0.5,False,False,True,5.0,0,0,0,0,0,0,,,,,,,,,,,,
60,0.7,0.7,0.25,0.5,False,False,True,8.0,0,0,0,0,0,0,,,,,,,,,,,,
60,0.7,0.7,0.25,0.5,False,True,False,3.0,0,1,0,1,0,1,,1.0,,0.0,,24.0,,,0.8,0.0,,0.19999999999999996
60,0.7,0.7,0.25,0.5,False,True,False,5.0,0,0,0,0,0,0,,,,,,,,,,,,
60,0.7,0.7,0.25,0.5,False,True,False,8.0,0,0,0,0,0,0,,,,,,,,,,,,
60,0.7,0.7,0.25,0.5,False,True,True,3.0,0,1,0,1,0,1,,1.0,,0.0,,24.0,,,0.8,0.0,,0.19999999999999996
60,0.7,0.7,0.25,0.5,False,True,True,5.0,0,0,0,0,0,0,,,,,,,,,,,,
60,0.7,0.7,0.25,0.5,False,True,True,8.0,0,0,0,0,0,0,,,,,,,,,,,,
60,0.7,0.7,0.25,0.5,True,False,False,3.0,0,1,0,1,0,1,,1.0,,0.0,,24.0,,,0.8,0.0,,0.19999999999999996
60,0.7,0.7,0.25,0.5,True,False,False,5.0,0,0,0,0,0,0,,,,,,,,,,,,
60,0.7,0.7,0.25,0.5,True,False,False,8.0,0,0,0,0,0,0,,,,,,,,,,,,
60,0.7,0.7,0.25,0.5,True,False,True,3.0,0,1,0,1,0,1,,1.0,,0.0,,24.0,,,0.8,0.0,,0.19999999999999996
60,0.7,0.7,0.25,0.5,True,False,True,5.0,0,0,0,0,0,0,,,,,,,,,,,,
60,0.7,0.7,0.25,0.5,True,False,True,8.0,0,0,0,0,0,0,,,,,,,,,,,,
60,0.7,0.7,0.25,0.5,True,True,False,3.0,0,1,0,1,0,1,,1.0,,0.0,,24.0,,,0.8,0.0,,0.19999999999999996
60,0.7,0.7,0.25,0.5,True,True,False,5.0,0,0,0,0,0,0,,,,,,,,,,,,
60,0.7,0.7,0.25,0.5,True,True,False,8.0,0,0,0,0,0,0,,,,,,,,,,,,
60,0.7,0.7,0.25,0.5,True,True,True,3.0,0,1,0,1,0,1,,1.0,,0.0,,24.0,,,0.8,0.0,,0.19999999999999996
60,0.7,0.7,0.25,0.5,True,True,True,5.0,0,0,0,0,0,0,,,,,,,,,,,,
60,0.7,0.7,0.25,0.5,True,True,True,8.0,0,0,0,0,0,0,,,,,,,,,,,,
60,0.7,0.7,0.25,1.0,False,False,False,3.0,0,1,0,1,0,1,,1.0,,0.0,,24.0,,,0.8,0.0,,0.19999999999999996
60,0.7,0.7,0.25,1.0,False,False,False,5.0,0,0,0,0,0,0,,,,,,,,,,,,
60,0.7,0.7,0.25,1.0,False,False,False,8.0,0,0,0,0,0,0,,,,,,,,,,,,
60,0.7,0.7,0.25,1.0,False,False,True,3.0,0,1,0,1,0,1,,1.0,,0.0,,24.0,,,0.8,0.0,,0.19999999999999996
60,0.7,0.7,0.25,1.0,False,False,True,5.0,0,0,0,0,0,0,,,,,,,,,,,,
60,0.7,0.7,0.25,1.0,False,False,True,8.0,0,0,0,0,0,0,,,,,,,,,,,,
60,0.7,0.7,0.25,1.0,False,True,False,3.0,0,1,0,1,0,1,,1.0,,0.0,,24.0,,,0.8,0.0,,0.19999999999999996
60,0.7,0.7,0.25,1.0,False,True,False,5.0,0,0,0,0,0,0,,,,,,,,,,,,
60,0.7,0.7,0.25,1.0,False,True,False,8.0,0,0,0,0,0,0,,,,,,,,,,,,
60,0.7,0.7,0.25,1.0,False,True,True,3.0,0,1,0,1,0,1,,1.0,,0.0,,24.0,,,0.8,0.0,,0.19999999999999996
60,0.7,0.7,0.25,1.0,False,True,True,5.0,0,0,0,0,0,0,,,,,,,,,,,,
60,0.7,0.7,0.25,1.0,False,True,True,8.0,0,0,0,0,0,0,,,,,,,,,,,,
60,0.7,0.7,0.25,1.0,True,False,False,3.0,0,1,0,1,0,1,,1.0,,0.0,,24.0,,,0.8,0.0,,0.19999999999999996
60,0.7,0.7,0.25,1.0,True,False,False,5.0,0,0,0,0,0,0,,,,,,,,,,,,
60,0.7,0.7,0.25,1.0,True,False,False,8.0,0,0,0,0,0,0,,,,,,,,,,,,
60,0.7,0.7,0.25,1.0,True,False,True,3.0,0,1,0,1,0,1,,1.0,,0.0,,24.0,,,0.8,0.0,,0.19999999999999996
60,0.7,0.7,0.25,1.0,True,False,True,5.0,0,0,0,0,0,0,,,,,,,,,,,,
60,0.7,0.7,0.25,1.0,True,False,True,8.0,0,0,0,0,0,0,,,,,,,,,,,,
60,0.7,0.7,0.25,1.0,True,True,False,3.0,0,1,0,1,0,1,,1.0,,0.0,,24.0,,,0.8,0.0,,0.19999999999999996
60,0.7,0.7,0.25,1.0,True,True,False,5.0,0,0,0,0,0,0,,,,,,,,,,,,
60,0.7,0.7,0.25,1.0,True,True,False,8.0,0,0,0,0,0,0,,,,,,,,,,,,
60,0.7,0.7,0.25,1.0,True,True,True,3.0,0,1,0,1,0,1,,1.0,,0.0,,24.0,,,0.8,0.0,,0.19999999999999996
60,0.7,0.7,0.25,1.0,True,True,True,5.0,0,0,0,0,0,0,,,,,,,,,,,,
60,0.7,0.7,0.25,1.0,True,True,True,8.0,0,0,0,0,0,0,,,,,,,,,,,,
60,0.7,0.7,0.25,2.0,False,False,False,3.0,0,1,0,1,0,1,,1.0,,0.0,,24.0,,,0.8,0.0,,0.19999999999999996
60,0.7,0.7,0.25,2.0,False,False,False,5.0,0,0,0,0,0,0,,,,,,,,,,,,
60,0.7,0.7,0.25,2.0,False,False,False,8.0,0,0,0,0,0,0,,,,,,,,,,,,
60,0.7,0.7,0.25,2.0,False,False,True,3.0,0,1,0,1,0,1,,1.0,,0.0,,24.0,,,0.8,0.0,,0.19999999999999996
60,0.7,0.7,0.25,2.0,False,False,True,5.0,0,0,0,0,0,0,,,,,,,,,,,,
60,0.7,0.7,0.25,2.0,False,False,True,8.0,0,0,0,0,0,0,,,,,,,,,,,,
60,0.7,0.7,0.25,2.0,False,True,False,3.0,0,1,0,1,0,1,,1.0,,0.0,,24.0,,,0.8,0.0,,0.19999999999999996
60,0.7,0.7,0.25,2.0,False,True,False,5.0,0,0,0,0,0,0,,,,,,,,,,,,
60,0.7,0.7,0.25,2.0,False,True,False,8.0,0,0,0,0,0,0,,,,,,,,,,,,
60,0.7,0.7,0.25,2.0,False,True,True,3.0,0,1,0,1,0,1,,1.0,,0.0,,24.0,,,0.8,0.0,,0.19999999999999996
60,0.7,0.7,0.25,2.0,False,True,True,5.0,0,0,0,0,0,0,,,,,,,,,,,,
60,0.7,0.7,0.25,2.0,False,True,True,8.0,0,0,0,0,0,0,,,,,,,,,,,,
60,0.7,0.7,0.25,2.0,True,False,False,3.0,0,1,0,1,0,1,,1.0,,0.0,,24.0,,,0.8,0.0,,0.19999999999999996
60,0.7,0.7,0.25,2.0,True,False,False,5.0,0,0,0,0,0,0,,,,,,,,,,,,
60,0.7,0.7,0.25,2.0,True,False,False,8.0,0,0,0,0,0,0,,,,,,,,,,,,
60,0.7,0.7,0.25,2.0,True,False,True,3.0,0,1,0,1,0,1,,1.0,,0.0,,24.0,,,0.8,0.0,,0.19999999999999996
60,0.7,0.7,0.25,2.0,True,False,True,5.0,0,0,0,0,0,0,,,,,,,,,,,,
60,0.7,0.7,0.25,2.0,True,False,True,8.0,0,0,0,0,0,0,,,,,,,,,,,,
60,0.7,0.7,0.25,2.0,True,True,False,3.0,0,1,0,1,0,1,,1.0,,0.0,,24.0,,,0.8,0.0,,0.19999999999999996
60,0.7,0.7,0.25,2.0,True,True,False,5.0,0,0,0,0,0,0,,,,,,,,,,,,
60,0.7,0.7,0.25,2.0,True,True,False,8.0,0,0,0,0,0,0,,,,,,,,,,,,
60,0.7,0.7,0.25,2.0,True,True,True,3.0,0,1,0,1,0,1,,1.0,,0.0,,24.0,,,0.8,0.0,,0.19999999999999996
60,0.7,0.7,0.25,2.0,True,True,True,5.0,0,0,0,0,0,0,,,,,,,,,,,,
60,0.7,0.7,0.25,2.0,True,True,True,8.0,0,0,0,0,0,0,,,,,,,,,,,,
60,0.7,0.7,0.5,0.5,False,False,False,3.0,0,1,0,1,0,1,,1.0,,0.0,,24.0,,,0.8,0.0,,0.19999999999999996
60,0.7,0.7,0.5,0.5,False,False,False,5.0,0,0,0,0,0,0,,,,,,,,,,,,
60,0.7,0.7,0.5,0.5,False,False,False,8.0,0,0,0,0,0,0,,,,,,,,,,,,
60,0.7,0.7,0.5,0.5,False,False,True,3.0,0,1,0,1,0,1,,1.0,,0.0,,24.0,,,0.8,0.0,,0.19999999999999996
60,0.7,0.7,0.5,0.5,False,False,True,5.0,0,0,0,0,0,0,,,,,,,,,,,,
60,0.7,0.7,0.5,0.5,False,False,True,8.0,0,0,0,0,0,0,,,,,,,,,,,,
60,0.7,0.7,0.5,0.5,False,True,False,3.0,0,1,0,1,0,1,,1.0,,0.0,,24.0,,,0.8,0.0,,0.19999999999999996
60,0.7,0.7,0.5,0.5,False,True,False,5.0,0,0,0,0,0,0,,,,,,,,,,,,
60,0.7,0.7,0.5,0.5,False,True,False,8.0,0,0,0,0,0,0,,,,,,,,,,,,
60,0.7,0.7,0.5,0.5,False,True,True,3.0,0,1,0,1,0,1,,1.0,,0.0,,24.0,,,0.8,0.0,,0.19999999999999996
60,0.7,0.7,0.5,0.5,False,True,True,5.0,0,0,0,0,0,0,,,,,,,,,,,,
60,0.7,0.7,0.5,0.5,False,True,True,8.0,0,0,0,0,0,0,,,,,,,,,,,,
60,0.7,0.7,0.5,0.5,True,False,False,3.0,0,1,0,1,0,1,,1.0,,0.0,,24.0,,,0.8,0.0,,0.19999999999999996
60,0.7,0.7,0.5,0.5,True,False,False,5.0,0,0,0,0,0,0,,,,,,,,,,,,
60,0.7,0.7,0.5,0.5,True,False,False,8.0,0,0,0,0,0,0,,,,,,,,,,,,
60,0.7,0.7,0.5,0.5,True,False,True,3.0,0,1,0,1,0,1,,1.0,,0.0,,24.0,,,0.8,0.0,,0.19999999999999996
60,0.7,0.7,0.5,0.5,True,False,True,5.0,0,0,0,0,0,0,,,,,,,,,,,,
60,0.7,0.7,0.5,0.5,True,False,True,8.0,0,0,0,0,0,0,,,,,,,,,,,,
60,0.7,0.7,0.5,0.5,True,True,False,3.0,0,1,0,1,0,1,,1.0,,0.0,,24.0,,,0.8,0.0,,0.19999999999999996
60,0.7,0.7,0.5,0.5,True,True,False,5.0,0,0,0,0,0,0,,,,,,,,,,,,
60,0.7,0.7,0.5,0.5,True,True,False,8.0,0,0,0,0,0,0,,,,,,,,,,,,
60,0.7,0.7,0.5,0.5,True,True,True,3.0,0,1,0,1,0,1,,1.0,,0.0,,24.0,,,0.8,0.0,,0.19999999999999996
60,0.7,0.7,0.5,0.5,True,True,True,5.0,0,0,0,0,0,0,,,,,,,,,,,,
60,0.7,0.7,0.5,0.5,True,True,True,8.0,0,0,0,0,0,0,,,,,,,,,,,,
60,0.7,0.7,0.5,1.0,False,False,False,3.0,0,1,0,1,0,1,,1.0,,0.0,,24.0,,,0.8,0.0,,0.19999999999999996
60,0.7,0.7,0.5,1.0,False,False,False,5.0,0,0,0,0,0,0,,,,,,,,,,,,
60,0.7,0.7,0.5,1.0,False,False,False,8.0,0,0,0,0,0,0,,,,,,,,,,,,
60,0.7,0.7,0.5,1.0,False,False,True,3.0,0,1,0,1,0,1,,1.0,,0.0,,24.0,,,0.8,0.0,,0.19999999999999996
60,0.7,0.7,0.5,1.0,False,False,True,5.0,0,0,0,0,0,0,,,,,,,,,,,,
60,0.7,0.7,0.5,1.0,False,False,True,8.0,0,0,0,0,0,0,,,,,,,,,,,,
60,0.7,0.7,0.5,1.0,False,True,False,3.0,0,1,0,1,0,1,,1.0,,0.0,,24.0,,,0.8,0.0,,0.19999999999999996
60,0.7,0.7,0.5,1.0,False,True,False,5.0,0,0,0,0,0,0,,,,,,,,,,,,
60,0.7,0.7,0.5,1.0,False,True,False,8.0,0,0,0,0,0,0,,,,,,,,,,,,
60,0.7,0.7,0.5,1.0,False,True,True,3.0,0,1,0,1,0,1,,1.0,,0.0,,24.0,,,0.8,0.0,,0.19999999999999996
60,0.7,0.7,0.5,1.0,False,True,True,5.0,0,0,0,0,0,0,,,,,,,,,,,,
60,0.7,0.7,0.5,1.0,False,True,True,8.0,0,0,0,0,0,0,,,,,,,,,,,,
60,0.7,0.7,0.5,1.0,True,False,False,3.0,0,1,0,1,0,1,,1.0,,0.0,,24.0,,,0.8,0.0,,0.19999999999999996
60,0.7,0.7,0.5,1.0,True,False,False,5.0,0,0,0,0,0,0,,,,,,,,,,,,
60,0.7,0.7,0.5,1.0,True,False,False,8.0,0,0,0,0,0,0,,,,,,,,,,,,
60,0.7,0.7,0.5,1.0,True,False,True,3.0,0,1,0,1,0,1,,1.0,,0.0,,24.0,,,0.8,0.0,,0.19999999999999996
60,0.7,0.7,0.5,1.0,True,False,True,5.0,0,0,0,0,0,0,,,,,,,,,,,,
60,0.7,0.7,0.5,1.0,True,False,True,8.0,0,0,0,0,0,0,,,,,,,,,,,,
60,0.7,0.7,0.5,1.0,True,True,False,3.0,0,1,0,1,0,1,,1.0,,0.0,,24.0,,,0.8,0.0,,0.19999999999999996
60,0.7,0.7,0.5,1.0,True,True,False,5.0,0,0,0,0,0,0,,,,,,,,,,,,
60,0.7,0.7,0.5,1.0,True,True,False,8.0,0,0,0,0,0,0,,,,,,,,,,,,
60,0.7,0.7,0.5,1.0,True,True,True,3.0,0,1,0,1,0,1,,1.0,,0.0,,24.0,,,0.8,0.0,,0.19999999999999996
60,0.7,0.7,0.5,1.0,True,True,True,5.0,0,0,0,0,0,0,,,,,,,,,,,,
60,0.7,0.7,0.5,1.0,True,True,True,8.0,0,0,0,0,0,0,,,,,,,,,,,,
60,0.7,0.7,0.5,2.0,False,False,False,3.0,0,1,0,1,0,1,,1.0,,0.0,,24.0,,,0.8,0.0,,0.19999999999999996
60,0.7,0.7,0.5,2.0,False,False,False,5.0,0,0,0,0,0,0,,,,,,,,,,,,
60,0.7,0.7,0.5,2.0,False,False,False,8.0,0,0,0,0,0,0,,,,,,,,,,,,
60,0.7,0.7,0.5,2.0,False,False,True,3.0,0,1,0,1,0,1,,1.0,,0.0,,24.0,,,0.8,0.0,,0.19999999999999996
60,0.7,0.7,0.5,2.0,False,False,True,5.0,0,0,0,0,0,0,,,,,,,,,,,,
60,0.7,0.7,0.5,2.0,False,False,True,8.0,0,0,0,0,0,0,,,,,,,,,,,,
60,0.7,0.7,0.5,2.0,False,True,False,3.0,0,1,0,1,0,1,,1.0,,0.0,,24.0,,,0.8,0.0,,0.19999999999999996
60,0.7,0.7,0.5,2.0,False,True,False,5.0,0,0,0,0,0,0,,,,,,,,,,,,
60,0.7,0.7,0.5,2.0,False,True,False,8.0,0,0,0,0,0,0,,,,,,,,,,,,
60,0.7,0.7,0.5,2.0,False,True,True,3.0,0,1,0,1,0,1,,1.0,,0.0,,24.0,,,0.8,0.0,,0.19999999999999996
60,0.7,0.7,0.5,2.0,False,True,True,5.0,0,0,0,0,0,0,,,,,,,,,,,,
60,0.7,0.7,0.5,2.0,False,True,True,8.0,0,0,0,0,0,0,,,,,,,,,,,,
60,0.7,0.7,0.5,2.0,True,False,False,3.0,0,1,0,1,0,1,,1.0,,0.0,,24.0,,,0.8,0.0,,0.19999999999999996
60,0.7,0.7,0.5,2.0,True,False,False,5.0,0,0,0,0,0,0,,,,,,,,,,,,
60,0.7,0.7,0.5,2.0,True,False,False,8.0,0,0,0,0,0,0,,,,,,,,,,,,
60,0.7,0.7,0.5,2.0,True,False,True,3.0,0,1,0,1,0,1,,1.0,,0.0,,24.0,,,0.8,0.0,,0.19999999999999996
60,0.7,0.7,0.5,2.0,True,False,True,5.0,0,0,0,0,0,0,,,,,,,,,,,,
60,0.7,0.7,0.5,2.0,True,False,True,8.0,0,0,0,0,0,0,,,,,,,,,,,,
60,0.7,0.7,0.5,2.0,True,True,False,3.0,0,1,0,1,0,1,,1.0,,0.0,,24.0,,,0.8,0.0,,0.19999999999999996
60,0.7,0.7,0.5,2.0,True,True,False,5.0,0,0,0,0,0,0,,,,,,,,,,,,
60,0.7,0.7,0.5,2.0,True,True,False,8.0,0,0,0,0,0,0,,,,,,,,,,,,
60,0.7,0.7,0.5,2.0,True,True,True,3.0,0,1,0,1,0,1,,1.0,,0.0,,24.0,,,0.8,0.0,,0.19999999999999996
60,0.7,0.7,0.5,2.0,True,True,True,5.0,0,0,0,0,0,0,,,,,,,,,,,,
60,0.7,0.7,0.5,2.0,True,True,True,8.0,0,0,0,0,0,0,,,,,,,,,,,,
60,0.7,0.85,0.25,0.5,False,False,False,3.0,0,0,0,0,0,0,,,,,,,,,,,,
60,0.7,0.85,0.25,0.5,False,False,False,5.0,0,0,0,0,0,0,,,,,,,,,,,,
60,0.7,0.85,0.25,0.5,False,False,False,8.0,0,0,0,0,0,0,,,,,,,,,,,,
60,0.7,0.85,0.25,0.5,False,False,True,3.0,0,0,0,0,0,0,,,,,,,,,,,,
60,0.7,0.85,0.25,0.5,False,False,True,5.0,0,0,0,0,0,0,,,,,,,,,,,,
60,0.7,0.85,0.25,0.5,False,False,True,8.0,0,0,0,0,0,0,,,,,,,,,,,,
60,0.7,0.85,0.25,0.5,False,True,False,3.0,0,0,0,0,0,0,,,,,,,,,,,,
60,0.7,0.85,0.25,0.5,False,True,False,5.0,0,0,0,0,0,0,,,,,,,,,,,,
60,0.7,0.85,0.25,0.5,False,True,False,8.0,0,0,0,0,0,0,,,,,,,,,,,,
60,0.7,0.85,0.25,0.5,False,True,True,3.0,0,0,0,0,0,0,,,,,,,,,,,,
60,0.7,0.85,0.25,0.5,False,True,True,5.0,0,0,0,0,0,0,,,,,,,,,,,,
60,0.7,0.85,0.25,0.5,False,True,True,8.0,0,0,0,0,0,0,,,,,,,,,,,,
60,0.7,0.85,0.25,0.5,True,False,False,3.0,0,0,0,0,0,0,,,,,,,,,,,,
60,0.7,0.85,0.25,0.5,True,False,False,5.0,0,0,0,0,0,0,,,,,,,,,,,,
60,0.7,0.85,0.25,0.5,True,False,False,8.0,0,0,0,0,0,0,,,,,,,,,,,,
60,0.7,0.85,0.25,0.5,True,False,True,3.0,0,0,0,0,0,0,,,,,,,,,,,,
60,0.7,0.85,0.25,0.5,True,False,True,5.0,0,0,0,0,0,0,,,,,,,,,,,,
60,0.7,0.85,0.25,0.5,True,False,True,8.0,0,0,0,0,0,0,,,,,,,,,,,,
60,0.7,0.85,0.25,0.5,True,True,False,3.0,0,0,0,0,0,0,,,,,,,,,,,,
60,0.7,0.85,0.25,0.5,True,True,False,5.0,0,0,0,0,0,0,,,,,,,,,,,,
60,0.7,0.85,0.25,0.5,True,True,False,8.0,0,0,0,0,0,0,,,,,,,,,,,,
60,0.7,0.85,0.25,0.5,True,True,True,3.0,0,0,0,0,0,0,,,,,,,,,,,,
60,0.7,0.85,0.25,0.5,True,True,True,5.0,0,0,0,0,0,0,,,,,,,,,,,,
60,0.7,0.85,0.25,0.5,True,True,True,8.0,0,0,0,0,0,0,,,,,,,,,,,,
60,0.7,0.85,0.25,1.0,False,False,False,3.0,0,0,0,0,0,0,,,,,,,,,,,,
60,0.7,0.85,0.25,1.0,False,False,False,5.0,0,0,0,0,0,0,,,,,,,,,,,,
60,0.7,0.85,0.25,1.0,False,False,False,8.0,0,0,0,0,0,0,,,,,,,,,,,,
60,0.7,0.85,0.25,1.0,False,False,True,3.0,0,0,0,0,0,0,,,,,,,,,,,,
60,0.7,0.85,0.25,1.0,False,False,True,5.0,0,0,0,0,0,0,,,,,,,,,,,,
60,0.7,0.85,0.25,1.0,False,False,True,8.0,0,0,0,0,0,0,,,,,,,,,,,,
60,0.7,0.85,0.25,1.0,False,True,False,3.0,0,0,0,0,0,0,,,,,,,,,,,,
60,0.7,0.85,0.25,1.0,False,True,False,5.0,0,0,0,0,0,0,,,,,,,,,,,,
60,0.7,0.85,0.25,1.0,False,True,False,8.0,0,0,0,0,0,0,,,,,,,,,,,,
60,0.7,0.85,0.25,1.0,False,True,True,3.0,0,0,0,0,0,0,,,,,,,,,,,,
60,0.7,0.85,0.25,1.0,False,True,True,5.0,0,0,0,0,0,0,,,,,,,,,,,,
60,0.7,0.85,0.25,1.0,False,True,True,8.0,0,0,0,0,0,0,,,,,,,,,,,,
60,0.7,0.85,0.25,1.0,True,False,False,3.0,0,0,0,0,0,0,,,,,,,,,,,,
60,0.7,0.85,0.25,1.0,True,False,False,5.0,0,0,0,0,0,0,,,,,,,,,,,,
60,0.7,0.85,0.25,1.0,True,False,False,8.0,0,0,0,0,0,0,,,,,,,,,,,,
60,0.7,0.85,0.25,1.0,True,False,True,3.0,0,0,0,0,0,0,,,,,,,,,,,,
60,0.7,0.85,0.25,1.0,True,False,True,5.0,0,0,0,0,0,0,,,,,,,,,,,,
60,0.7,0.85,0.25,1.0,True,False,True,8.0,0,0,0,0,0,0,,,,,,,,,,,,
60,0.7,0.85,0.25,1.0,True,True,False,3.0,0,0,0,0,0,0,,,,,,,,,,,,
60,0.7,0.85,0.25,1.0,True,True,False,5.0,0,0,0,0,0,0,,,,,,,,,,,,
60,0.7,0.85,0.25,1.0,True,True,False,8.0,0,0,0,0,0,0,,,,,,,,,,,,
60,0.7,0.85,0.25,1.0,True,True,True,3.0,0,0,0,0,0,0,,,,,,,,,,,,
60,0.7,0.85,0.25,1.0,True,True,True,5.0,0,0,0,0,0,0,,,,,,,,,,,,
60,0.7,0.85,0.25,1.0,True,True,True,8.0,0,0,0,0,0,0,,,,,,,,,,,,
60,0.7,0.85,0.25,2.0,False,False,False,3.0,0,0,0,0,0,0,,,,,,,,,,,,
60,0.7,0.85,0.25,2.0,False,False,False,5.0,0,0,0,0,0,0,,,,,,,,,,,,
60,0.7,0.85,0.25,2.0,False,False,False,8.0,0,0,0,0,0,0,,,,,,,,,,,,
60,0.7,0.85,0.25,2.0,False,False,True,3.0,0,0,0,0,0,0,,,,,,,,,,,,
60,0.7,0.85,0.25,2.0,False,False,True,5.0,0,0,0,0,0,0,,,,,,,,,,,,
60,0.7,0.85,0.25,2.0,False,False,True,8.0,0,0,0,0,0,0,,,,,,,,,,,,
60,0.7,0.85,0.25,2.0,False,True,False,3.0,0,0,0,0,0,0,,,,,,,,,,,,
60,0.7,0.85,0.25,2.0,False,True,False,5.0,0,0,0,0,0,0,,,,,,,,,,,,
60,0.7,0.85,0.25,2.0,False,True,False,8.0,0,0,0,0,0,0,,,,,,,,,,,,
60,0.7,0.85,0.25,2.0,False,True,True,3.0,0,0,0,0,0,0,,,,,,,,,,,,
60,0.7,0.85,0.25,2.0,False,True,True,5.0,0,0,0,0,0,0,,,,,,,,,,,,
60,0.7,0.85,0.25,2.0,False,True,True,8.0,0,0,0,0,0,0,,,,,,,,,,,,
60,0.7,0.85,0.25,2.0,True,False,False,3.0,0,0,0,0,0,0,,,,,,,,,,,,
60,0.7,0.85,0.25,2.0,True,False,False,5.0,0,0,0,0,0,0,,,,,,,,,,,,
60,0.7,0.85,0.25,2.0,True,False,False,8.0,0,0,0,0,0,0,,,,,,,,,,,,
60,0.7,0.85,0.25,2.0,True,False,True,3.0,0,0,0,0,0,0,,,,,,,,,,,,
60,0.7,0.85,0.25,2.0,True,False,True,5.0,0,0,0,0,0,0,,,,,,,,,,,,
60,0.7,0.85,0.25,2.0,True,False,True,8.0,0,0,0,0,0,0,,,,,,,,,,,,
60,0.7,0.85,0.25,2.0,True,True,False,3.0,0,0,0,0,0,0,,,,,,,,,,,,
60,0.7,0.85,0.25,2.0,True,True,False,5.0,0,0,0,0,0,0,,,,,,,,,,,,
60,0.7,0.85,0.25,2.0,True,True,False,8.0,0,0,0,0,0,0,,,,,,,,,,,,
60,0.7,0.85,0.25,2.0,True,True,True,3.0,0,0,0,0,0,0,,,,,,,,,,,,
60,0.7,0.85,0.25,2.0,True,True,True,5.0,0,0,0,0,0,0,,,,,,,,,,,,
60,0.7,0.85,0.25,2.0,True,True,True,8.0,0,0,0,0,0,0,,,,,,,,,,,,
60,0.7,0.85,0.5,0.5,False,False,False,3.0,0,0,0,0,0,0,,,,,,,,,,,,
60,0.7,0.85,0.5,0.5,False,False,False,5.0,0,0,0,0,0,0,,,,,,,,,,,,
60,0.7,0.85,0.5,0.5,False,False,False,8.0,0,0,0,0,0,0,,,,,,,,,,,,
60,0.7,0.85,0.5,0.5,False,False,True,3.0,0,0,0,0,0,0,,,,,,,,,,,,
60,0.7,0.85,0.5,0.5,False,False,True,5.0,0,0,0,0,0,0,,,,,,,,,,,,
60,0.7,0.85,0.5,0.5,False,False,True,8.0,0,0,0,0,0,0,,,,,,,,,,,,
60,0.7,0.85,0.5,0.5,False,True,False,3.0,0,0,0,0,0,0,,,,,,,,,,,,
60,0.7,0.85,0.5,0.5,False,True,False,5.0,0,0,0,0,0,0,,,,,,,,,,,,
60,0.7,0.85,0.5,0.5,False,True,False,8.0,0,0,0,0,0,0,,,,,,,,,,,,
60,0.7,0.85,0.5,0.5,False,True,True,3.0,0,0,0,0,0,0,,,,,,,,,,,,
60,0.7,0.85,0.5,0.5,False,True,True,5.0,0,0,0,0,0,0,,,,,,,,,,,,
60,0.7,0.85,0.5,0.5,False,True,True,8.0,0,0,0,0,0,0,,,,,,,,,,,,
60,0.7,0.85,0.5,0.5,True,False,False,3.0,0,0,0,0,0,0,,,,,,,,,,,,
60,0.7,0.85,0.5,0.5,True,False,False,5.0,0,0,0,0,0,0,,,,,,,,,,,,
60,0.7,0.85,0.5,0.5,True,False,False,8.0,0,0,0,0,0,0,,,,,,,,,,,,
60,0.7,0.85,0.5,0.5,True,False,True,3.0,0,0,0,0,0,0,,,,,,,,,,,,
60,0.7,0.85,0.5,0.5,True,False,True,5.0,0,0,0,0,0,0,,,,,,,,,,,,
60,0.7,0.85,0.5,0.5,True,False,True,8.0,0,0,0,0,0,0,,,,,,,,,,,,
60,0.7,0.85,0.5,0.5,True,True,False,3.0,0,0,0,0,0,0,,,,,,,,,,,,
60,0.7,0.85,0.5,0.5,True,True,False,5.0,0,0,0,0,0,0,,,,,,,,,,,,
60,0.7,0.85,0.5,0.5,True,True,False,8.0,0,0,0,0,0,0,,,,,,,,,,,,
60,0.7,0.85,0.5,0.5,True,True,True,3.0,0,0,0,0,0,0,,,,,,,,,,,,
60,0.7,0.85,0.5,0.5,True,True,True,5.0,0,0,0,0,0,0,,,,,,,,,,,,
60,0.7,0.85,0.5,0.5,True,True,True,8.0,0,0,0,0,0,0,,,,,,,,,,,,
60,0.7,0.85,0.5,1.0,False,False,False,3.0,0,0,0,0,0,0,,,,,,,,,,,,
60,0.7,0.85,0.5,1.0,False,False,False,5.0,0,0,0,0,0,0,,,,,,,,,,,,
60,0.7,0.85,0.5,1.0,False,False,False,8.0,0,0,0,0,0,0,,,,,,,,,,,,
60,0.7,0.85,0.5,1.0,False,False,True,3.0,0,0,0,0,0,0,,,,,,,,,,,,
60,0.7,0.85,0.5,1.0,False,False,True,5.0,0,0,0,0,0,0,,,,,,,,,,,,
60,0.7,0.85,0.5,1.0,False,False,True,8.0,0,0,0,0,0,0,,,,,,,,,,,,
60,0.7,0.85,0.5,1.0,False,True,False,3.0,0,0,0,0,0,0,,,,,,,,,,,,
60,0.7,0.85,0.5,1.0,False,True,False,5.0,0,0,0,0,0,0,,,,,,,,,,,,
60,0.7,0.85,0.5,1.0,False,True,False,8.0,0,0,0,0,0,0,,,,,,,,,,,,
60,0.7,0.85,0.5,1.0,False,True,True,3.0,0,0,0,0,0,0,,,,,,,,,,,,
60,0.7,0.85,0.5,1.0,False,True,True,5.0,0,0,0,0,0,0,,,,,,,,,,,,
60,0.7,0.85,0.5,1.0,False,True,True,8.0,0,0,0,0,0,0,,,,,,,,,,,,
60,0.7,0.85,0.5,1.0,True,False,False,3.0,0,0,0,0,0,0,,,,,,,,,,,,
60,0.7,0.85,0.5,1.0,True,False,False,5.0,0,0,0,0,0,0,,,,,,,,,,,,
60,0.7,0.85,0.5,1.0,True,False,False,8.0,0,0,0,0,0,0,,,,,,,,,,,,
60,0.7,0.85,0.5,1.0,True,False,True,3.0,0,0,0,0,0,0,,,,,,,,,,,,
60,0.7,0.85,0.5,1.0,True,False,True,5.0,0,0,0,0,0,0,,,,,,,,,,,,
60,0.7,0.85,0.5,1.0,True,False,True,8.0,0,0,0,0,0,0,,,,,,,,,,,,
60,0.7,0.85,0.5,1.0,True,True,False,3.0,0,0,0,0,0,0,,,,,,,,,,,,
60,0.7,0.85,0.5,1.0,True,True,False,5.0,0,0,0,0,0,0,,,,,,,,,,,,
60,0.7,0.85,0.5,1.0,True,True,False,8.0,0,0,0,0,0,0,,,,,,,,,,,,
60,0.7,0.85,0.5,1.0,True,True,True,3.0,0,0,0,0,0,0,,,,,,,,,,,,
60,0.7,0.85,0.5,1.0,True,True,True,5.0,0,0,0,0,0,0,,,,,,,,,,,,
60,0.7,0.85,0.5,1.0,True,True,True,8.0,0,0,0,0,0,0,,,,,,,,,,,,
60,0.7,0.85,0.5,2.0,False,False,False,3.0,0,0,0,0,0,0,,,,,,,,,,,,
60,0.7,0.85,0.5,2.0,False,False,False,5.0,0,0,0,0,0,0,,,,,,,,,,,,
60,0.7,0.85,0.5,2.0,False,False,False,8.0,0,0,0,0,0,0,,,,,,,,,,,,
60,0.7,0.85,0.5,2.0,False,False,True,3.0,0,0,0,0,0,0,,,,,,,,,,,,
60,0.7,0.85,0.5,2.0,False,False,True,5.0,0,0,0,0,0,0,,,,,,,,,,,,
60,0.7,0.85,0.5,2.0,False,False,True,8.0,0,0,0,0,0,0,,,,,,,,,,,,
60,0.7,0.85,0.5,2.0,False,True,False,3.0,0,0,0,0,0,0,,,,,,,,,,,,
60,0.7,0.85,0.5,2.0,False,True,False,5.0,0,0,0,0,0,0,,,,,,,,,,,,
60,0.7,0.85,0.5,2.0,False,True,False,8.0,0,0,0,0,0,0,,,,,,,,,,,,
60,0.7,0.85,0.5,2.0,False,True,True,3.0,0,0,0,0,0,0,,,,,,,,,,,,
60,0.7,0.85,0.5,2.0,False,True,True,5.0,0,0,0,0,0,0,,,,,,,,,,,,
60,0.7,0.85,0.5,2.0,False,True,True,8.0,0,0,0,0,0,0,,,,,,,,,,,,
60,0.7,0.85,0.5,2.0,True,False,False,3.0,0,0,0,0,0,0,,,,,,,,,,,,
60,0.7,0.85,0.5,2.0,True,False,False,5.0,0,0,0,0,0,0,,,,,,,,,,,,
60,0.7,0.85,0.5,2.0,True,False,False,8.0,0,0,0,0,0,0,,,,,,,,,,,,
60,0.7,0.85,0.5,2.0,True,False,True,3.0,0,0,0,0,0,0,,,,,,,,,,,,
60,0.7,0.85,0.5,2.0,True,False,True,5.0,0,0,0,0,0,0,,,,,,,,,,,,
60,0.7,0.85,0.5,2.0,True,False,True,8.0,0,0,0,0,0,0,,,,,,,,,,,,
60,0.7,0.85,0.5,2.0,True,True,False,3.0,0,0,0,0,0,0,,,,,,,,,,,,
60,0.7,0.85,0.5,2.0,True,True,False,5.0,0,0,0,0,0,0,,,,,,,,,,,,
60,0.7,0.85,0.5,2.0,True,True,False,8.0,0,0,0,0,0,0,,,,,,,,,,,,
60,0.7,0.85,0.5,2.0,True,True,True,3.0,0,0,0,0,0,0,,,,,,,,,,,,
60,0.7,0.85,0.5,2.0,True,True,True,5.0,0,0,0,0,0,0,,,,,,,,,,,,
60,0.7,0.85,0.5,2.0,True,True,True,8.0,0,0,0,0,0,0,,,,,,,,,,,,
60,0.8,0.7,0.25,0.5,False,False,False,3.0,0,0,0,0,0,0,,,,,,,,,,,,
60,0.8,0.7,0.25,0.5,False,False,False,5.0,0,0,0,0,0,0,,,,,,,,,,,,
60,0.8,0.7,0.25,0.5,False,False,False,8.0,0,0,0,0,0,0,,,,,,,,,,,,
60,0.8,0.7,0.25,0.5,False,False,True,3.0,0,0,0,0,0,0,,,,,,,,,,,,
60,0.8,0.7,0.25,0.5,False,False,True,5.0,0,0,0,0,0,0,,,,,,,,,,,,
60,0.8,0.7,0.25,0.5,False,False,True,8.0,0,0,0,0,0,0,,,,,,,,,,,,
60,0.8,0.7,0.25,0.5,False,True,False,3.0,0,0,0,0,0,0,,,,,,,,,,,,
60,0.8,0.7,0.25,0.5,False,True,False,5.0,0,0,0,0,0,0,,,,,,,,,,,,
60,0.8,0.7,0.25,0.5,False,True,False,8.0,0,0,0,0,0,0,,,,,,,,,,,,
60,0.8,0.7,0.25,0.5,False,True,True,3.0,0,0,0,0,0,0,,,,,,,,,,,,
60,0.8,0.7,0.25,0.5,False,True,True,5.0,0,0,0,0,0,0,,,,,,,,,,,,
60,0.8,0.7,0.25,0.5,False,True,True,8.0,0,0,0,0,0,0,,,,,,,,,,,,
60,0.8,0.7,0.25,0.5,True,False,False,3.0,0,0,0,0,0,0,,,,,,,,,,,,
60,0.8,0.7,0.25,0.5,True,False,False,5.0,0,0,0,0,0,0,,,,,,,,,,,,
60,0.8,0.7,0.25,0.5,True,False,False,8.0,0,0,0,0,0,0,,,,,,,,,,,,
60,0.8,0.7,0.25,0.5,True,False,True,3.0,0,0,0,0,0,0,,,,,,,,,,,,
60,0.8,0.7,0.25,0.5,True,False,True,5.0,0,0,0,0,0,0,,,,,,,,,,,,
60,0.8,0.7,0.25,0.5,True,False,True,8.0,0,0,0,0,0,0,,,,,,,,,,,,
60,0.8,0.7,0.25,0.5,True,True,False,3.0,0,0,0,0,0,0,,,,,,,,,,,,
60,0.8,0.7,0.25,0.5,True,True,False,5.0,0,0,0,0,0,0,,,,,,,,,,,,
60,0.8,0.7,0.25,0.5,True,True,False,8.0,0,0,0,0,0,0,,,,,,,,,,,,
60,0.8,0.7,0.25,0.5,True,True,True,3.0,0,0,0,0,0,0,,,,,,,,,,,,
60,0.8,0.7,0.25,0.5,True,True,True,5.0,0,0,0,0,0,0,,,,,,,,,,,,
60,0.8,0.7,0.25,0.5,True,True,True,8.0,0,0,0,0,0,0,,,,,,,,,,,,
60,0.8,0.7,0.25,1.0,False,False,False,3.0,0,0,0,0,0,0,,,,,,,,,,,,
60,0.8,0.7,0.25,1.0,False,False,False,5.0,0,0,0,0,0,0,,,,,,,,,,,,
60,0.8,0.7,0.25,1.0,False,False,False,8.0,0,0,0,0,0,0,,,,,,,,,,,,
60,0.8,0.7,0.25,1.0,False,False,True,3.0,0,0,0,0,0,0,,,,,,,,,,,,
60,0.8,0.7,0.25,1.0,False,False,True,5.0,0,0,0,0,0,0,,,,,,,,,,,,
60,0.8,0.7,0.25,1.0,False,False,True,8.0,0,0,0,0,0,0,,,,,,,,,,,,
60,0.8,0.7,0.25,1.0,False,True,False,3.0,0,0,0,0,0,0,,,,,,,,,,,,
60,0.8,0.7,0.25,1.0,False,True,False,5.0,0,0,0,0,0,0,,,,,,,,,,,,
60,0.8,0.7,0.25,1.0,False,True,False,8.0,0,0,0,0,0,0,,,,,,,,,,,,
60,0.8,0.7,0.25,1.0,False,True,True,3.0,0,0,0,0,0,0,,,,,,,,,,,,
60,0.8,0.7,0.25,1.0,False,True,True,5.0,0,0,0,0,0,0,,,,,,,,,,,,
60,0.8,0.7,0.25,1.0,False,True,True,8.0,0,0,0,0,0,0,,,,,,,,,,,,
60,0.8,0.7,0.25,1.0,True,False,False,3.0,0,0,0,0,0,0,,,,,,,,,,,,
60,0.8,0.7,0.25,1.0,True,False,False,5.0,0,0,0,0,0,0,,,,,,,,,,,,
60,0.8,0.7,0.25,1.0,True,False,False,8.0,0,0,0,0,0,0,,,,,,,,,,,,
60,0.8,0.7,0.25,1.0,True,False,True,3.0,0,0,0,0,0,0,,,,,,,,,,,,
60,0.8,0.7,0.25,1.0,True,False,True,5.0,0,0,0,0,0,0,,,,,,,,,,,,
60,0.8,0.7,0.25,1.0,True,False,True,8.0,0,0,0,0,0,0,,,,,,,,,,,,
60,0.8,0.7,0.25,1.0,True,True,False,3.0,0,0,0,0,0,0,,,,,,,,,,,,
60,0.8,0.7,0.25,1.0,True,True,False,5.0,0,0,0,0,0,0,,,,,,,,,,,,
60,0.8,0.7,0.25,1.0,True,True,False,8.0,0,0,0,0,0,0,,,,,,,,,,,,
60,0.8,0.7,0.25,1.0,True,True,True,3.0,0,0,0,0,0,0,,,,,,,,,,,,
60,0.8,0.7,0.25,1.0,True,True,True,5.0,0,0,0,0,0,0,,,,,,,,,,,,
60,0.8,0.7,0.25,1.0,True,True,True,8.0,0,0,0,0,0,0,,,,,,,,,,,,
60,0.8,0.7,0.25,2.0,False,False,False,3.0,0,0,0,0,0,0,,,,,,,,,,,,
60,0.8,0.7,0.25,2.0,False,False,False,5.0,0,0,0,0,0,0,,,,,,,,,,,,
60,0.8,0.7,0.25,2.0,False,False,False,8.0,0,0,0,0,0,0,,,,,,,,,,,,
60,0.8,0.7,0.25,2.0,False,False,True,3.0,0,0,0,0,0,0,,,,,,,,,,,,
60,0.8,0.7,0.25,2.0,False,False,True,5.0,0,0,0,0,0,0,,,,,,,,,,,,
60,0.8,0.7,0.25,2.0,False,False,True,8.0,0,0,0,0,0,0,,,,,,,,,,,,
60,0.8,0.7,0.25,2.0,False,True,False,3.0,0,0,0,0,0,0,,,,,,,,,,,,
60,0.8,0.7,0.25,2.0,False,True,False,5.0,0,0,0,0,0,0,,,,,,,,,,,,
60,0.8,0.7,0.25,2.0,False,True,False,8.0,0,0,0,0,0,0,,,,,,,,,,,,
60,0.8,0.7,0.25,2.0,False,True,True,3.0,0,0,0,0,0,0,,,,,,,,,,,,
60,0.8,0.7,0.25,2.0,False,True,True,5.0,0,0,0,0,0,0,,,,,,,,,,,,
60,0.8,0.7,0.25,2.0,False,True,True,8.0,0,0,0,0,0,0,,,,,,,,,,,,
60,0.8,0.7,0.25,2.0,True,False,False,3.0,0,0,0,0,0,0,,,,,,,,,,,,
60,0.8,0.7,0.25,2.0,True,False,False,5.0,0,0,0,0,0,0,,,,,,,,,,,,
60,0.8,0.7,0.25,2.0,True,False,False,8.0,0,0,0,0,0,0,,,,,,,,,,,,
60,0.8,0.7,0.25,2.0,True,False,True,3.0,0,0,0,0,0,0,,,,,,,,,,,,
60,0.8,0.7,0.25,2.0,True,False,True,5.0,0,0,0,0,0,0,,,,,,,,,,,,
60,0.8,0.7,0.25,2.0,True,False,True,8.0,0,0,0,0,0,0,,,,,,,,,,,,
60,0.8,0.7,0.25,2.0,True,True,False,3.0,0,0,0,0,0,0,,,,,,,,,,,,
60,0.8,0.7,0.25,2.0,True,True,False,5.0,0,0,0,0,0,0,,,,,,,,,,,,
60,0.8,0.7,0.25,2.0,True,True,False,8.0,0,0,0,0,0,0,,,,,,,,,,,,
60,0.8,0.7,0.25,2.0,True,True,True,3.0,0,0,0,0,0,0,,,,,,,,,,,,
60,0.8,0.7,0.25,2.0,True,True,True,5.0,0,0,0,0,0,0,,,,,,,,,,,,
60,0.8,0.7,0.25,2.0,True,True,True,8.0,0,0,0,0,0,0,,,,,,,,,,,,
60,0.8,0.7,0.5,0.5,False,False,False,3.0,0,0,0,0,0,0,,,,,,,,,,,,
60,0.8,0.7,0.5,0.5,False,False,False,5.0,0,0,0,0,0,0,,,,,,,,,,,,
60,0.8,0.7,0.5,0.5,False,False,False,8.0,0,0,0,0,0,0,,,,,,,,,,,,
60,0.8,0.7,0.5,0.5,False,False,True,3.0,0,0,0,0,0,0,,,,,,,,,,,,
60,0.8,0.7,0.5,0.5,False,False,True,5.0,0,0,0,0,0,0,,,,,,,,,,,,
60,0.8,0.7,0.5,0.5,False,False,True,8.0,0,0,0,0,0,0,,,,,,,,,,,,
60,0.8,0.7,0.5,0.5,False,True,False,3.0,0,0,0,0,0,0,,,,,,,,,,,,
60,0.8,0.7,0.5,0.5,False,True,False,5.0,0,0,0,0,0,0,,,,,,,,,,,,
60,0.8,0.7,0.5,0.5,False,True,False,8.0,0,0,0,0,0,0,,,,,,,,,,,,
60,0.8,0.7,0.5,0.5,False,True,True,3.0,0,0,0,0,0,0,,,,,,,,,,,,
60,0.8,0.7,0.5,0.5,False,True,True,5.0,0,0,0,0,0,0,,,,,,,,,,,,
60,0.8,0.7,0.5,0.5,False,True,True,8.0,0,0,0,0,0,0,,,,,,,,,,,,
60,0.8,0.7,0.5,0.5,True,False,False,3.0,0,0,0,0,0,0,,,,,,,,,,,,
60,0.8,0.7,0.5,0.5,True,False,False,5.0,0,0,0,0,0,0,,,,,,,,,,,,
60,0.8,0.7,0.5,0.5,True,False,False,8.0,0,0,0,0,0,0,,,,,,,,,,,,
60,0.8,0.7,0.5,0.5,True,False,True,3.0,0,0,0,0,0,0,,,,,,,,,,,,
60,0.8,0.7,0.5,0.5,True,False,True,5.0,0,0,0,0,0,0,,,,,,,,,,,,
60,0.8,0.7,0.5,0.5,True,False,True,8.0,0,0,0,0,0,0,,,,,,,,,,,,
60,0.8,0.7,0.5,0.5,True,True,False,3.0,0,0,0,0,0,0,,,,,,,,,,,,
60,0.8,0.7,0.5,0.5,True,True,False,5.0,0,0,0,0,0,0,,,,,,,,,,,,
60,0.8,0.7,0.5,0.5,True,True,False,8.0,0,0,0,0,0,0,,,,,,,,,,,,
60,0.8,0.7,0.5,0.5,True,True,True,3.0,0,0,0,0,0,0,,,,,,,,,,,,
60,0.8,0.7,0.5,0.5,True,True,True,5.0,0,0,0,0,0,0,,,,,,,,,,,,
60,0.8,0.7,0.5,0.5,True,True,True,8.0,0,0,0,0,0,0,,,,,,,,,,,,
60,0.8,0.7,0.5,1.0,False,False,False,3.0,0,0,0,0,0,0,,,,,,,,,,,,
60,0.8,0.7,0.5,1.0,False,False,False,5.0,0,0,0,0,0,0,,,,,,,,,,,,
60,0.8,0.7,0.5,1.0,False,False,False,8.0,0,0,0,0,0,0,,,,,,,,,,,,
60,0.8,0.7,0.5,1.0,False,False,True,3.0,0,0,0,0,0,0,,,,,,,,,,,,
60,0.8,0.7,0.5,1.0,False,False,True,5.0,0,0,0,0,0,0,,,,,,,,,,,,
60,0.8,0.7,0.5,1.0,False,False,True,8.0,0,0,0,0,0,0,,,,,,,,,,,,
60,0.8,0.7,0.5,1.0,False,True,False,3.0,0,0,0,0,0,0,,,,,,,,,,,,
60,0.8,0.7,0.5,1.0,False,True,False,5.0,0,0,0,0,0,0,,,,,,,,,,,,
60,0.8,0.7,0.5,1.0,False,True,False,8.0,0,0,0,0,0,0,,,,,,,,,,,,
60,0.8,0.7,0.5,1.0,False,True,True,3.0,0,0,0,0,0,0,,,,,,,,,,,,
60,0.8,0.7,0.5,1.0,False,True,True,5.0,0,0,0,0,0,0,,,,,,,,,,,,
60,0.8,0.7,0.5,1.0,False,True,True,8.0,0,0,0,0,0,0,,,,,,,,,,,,
60,0.8,0.7,0.5,1.0,True,False,False,3.0,0,0,0,0,0,0,,,,,,,,,,,,
60,0.8,0.7,0.5,1.0,True,False,False,5.0,0,0,0,0,0,0,,,,,,,,,,,,
60,0.8,0.7,0.5,1.0,True,False,False,8.0,0,0,0,0,0,0,,,,,,,,,,,,
60,0.8,0.7,0.5,1.0,True,False,True,3.0,0,0,0,0,0,0,,,,,,,,,,,,
60,0.8,0.7,0.5,1.0,True,False,True,5.0,0,0,0,0,0,0,,,,,,,,,,,,
60,0.8,0.7,0.5,1.0,True,False,True,8.0,0,0,0,0,0,0,,,,,,,,,,,,
60,0.8,0.7,0.5,1.0,True,True,False,3.0,0,0,0,0,0,0,,,,,,,,,,,,
60,0.8,0.7,0.5,1.0,True,True,False,5.0,0,0,0,0,0,0,,,,,,,,,,,,
60,0.8,0.7,0.5,1.0,True,True,False,8.0,0,0,0,0,0,0,,,,,,,,,,,,
60,0.8,0.7,0.5,1.0,True,True,True,3.0,0,0,0,0,0,0,,,,,,,,,,,,
60,0.8,0.7,0.5,1.0,True,True,True,5.0,0,0,0,0,0,0,,,,,,,,,,,,
60,0.8,0.7,0.5,1.0,True,True,True,8.0,0,0,0,0,0,0,,,,,,,,,,,,
60,0.8,0.7,0.5,2.0,False,False,False,3.0,0,0,0,0,0,0,,,,,,,,,,,,
60,0.8,0.7,0.5,2.0,False,False,False,5.0,0,0,0,0,0,0,,,,,,,,,,,,
60,0.8,0.7,0.5,2.0,False,False,False,8.0,0,0,0,0,0,0,,,,,,,,,,,,
60,0.8,0.7,0.5,2.0,False,False,True,3.0,0,0,0,0,0,0,,,,,,,,,,,,
60,0.8,0.7,0.5,2.0,False,False,True,5.0,0,0,0,0,0,0,,,,,,,,,,,,
60,0.8,0.7,0.5,2.0,False,False,True,8.0,0,0,0,0,0,0,,,,,,,,,,,,
60,0.8,0.7,0.5,2.0,False,True,False,3.0,0,0,0,0,0,0,,,,,,,,,,,,
60,0.8,0.7,0.5,2.0,False,True,False,5.0,0,0,0,0,0,0,,,,,,,,,,,,
60,0.8,0.7,0.5,2.0,False,True,False,8.0,0,0,0,0,0,0,,,,,,,,,,,,
60,0.8,0.7,0.5,2.0,False,True,True,3.0,0,0,0,0,0,0,,,,,,,,,,,,
60,0.8,0.7,0.5,2.0,False,True,True,5.0,0,0,0,0,0,0,,,,,,,,,,,,
60,0.8,0.7,0.5,2.0,False,True,True,8.0,0,0,0,0,0,0,,,,,,,,,,,,
60,0.8,0.7,0.5,2.0,True,False,False,3.0,0,0,0,0,0,0,,,,,,,,,,,,
60,0.8,0.7,0.5,2.0,True,False,False,5.0,0,0,0,0,0,0,,,,,,,,,,,,
60,0.8,0.7,0.5,2.0,True,False,False,8.0,0,0,0,0,0,0,,,,,,,,,,,,
60,0.8,0.7,0.5,2.0,True,False,True,3.0,0,0,0,0,0,0,,,,,,,,,,,,
60,0.8,0.7,0.5,2.0,True,False,True,5.0,0,0,0,0,0,0,,,,,,,,,,,,
60,0.8,0.7,0.5,2.0,True,False,True,8.0,0,0,0,0,0,0,,,,,,,,,,,,
60,0.8,0.7,0.5,2.0,True,True,False,3.0,0,0,0,0,0,0,,,,,,,,,,,,
60,0.8,0.7,0.5,2.0,True,True,False,5.0,0,0,0,0,0,0,,,,,,,,,,,,
60,0.8,0.7,0.5,2.0,True,True,False,8.0,0,0,0,0,0,0,,,,,,,,,,,,
60,0.8,0.7,0.5,2.0,True,True,True,3.0,0,0,0,0,0,0,,,,,,,,,,,,
60,0.8,0.7,0.5,2.0,True,True,True,5.0,0,0,0,0,0,0,,,,,,,,,,,,
60,0.8,0.7,0.5,2.0,True,True,True,8.0,0,0,0,0,0,0,,,,,,,,,,,,
60,0.8,0.85,0.25,0.5,False,False,False,3.0,0,0,0,0,0,0,,,,,,,,,,,,
60,0.8,0.85,0.25,0.5,False,False,False,5.0,0,0,0,0,0,0,,,,,,,,,,,,
60,0.8,0.85,0.25,0.5,False,False,False,8.0,0,0,0,0,0,0,,,,,,,,,,,,
60,0.8,0.85,0.25,0.5,False,False,True,3.0,0,0,0,0,0,0,,,,,,,,,,,,
60,0.8,0.85,0.25,0.5,False,False,True,5.0,0,0,0,0,0,0,,,,,,,,,,,,
60,0.8,0.85,0.25,0.5,False,False,True,8.0,0,0,0,0,0,0,,,,,,,,,,,,
60,0.8,0.85,0.25,0.5,False,True,False,3.0,0,0,0,0,0,0,,,,,,,,,,,,
60,0.8,0.85,0.25,0.5,False,True,False,5.0,0,0,0,0,0,0,,,,,,,,,,,,
60,0.8,0.85,0.25,0.5,False,True,False,8.0,0,0,0,0,0,0,,,,,,,,,,,,
60,0.8,0.85,0.25,0.5,False,True,True,3.0,0,0,0,0,0,0,,,,,,,,,,,,
60,0.8,0.85,0.25,0.5,False,True,True,5.0,0,0,0,0,0,0,,,,,,,,,,,,
60,0.8,0.85,0.25,0.5,False,True,True,8.0,0,0,0,0,0,0,,,,,,,,,,,,
60,0.8,0.85,0.25,0.5,True,False,False,3.0,0,0,0,0,0,0,,,,,,,,,,,,
60,0.8,0.85,0.25,0.5,True,False,False,5.0,0,0,0,0,0,0,,,,,,,,,,,,
60,0.8,0.85,0.25,0.5,True,False,False,8.0,0,0,0,0,0,0,,,,,,,,,,,,
60,0.8,0.85,0.25,0.5,True,False,True,3.0,0,0,0,0,0,0,,,,,,,,,,,,
60,0.8,0.85,0.25,0.5,True,False,True,5.0,0,0,0,0,0,0,,,,,,,,,,,,
60,0.8,0.85,0.25,0.5,True,False,True,8.0,0,0,0,0,0,0,,,,,,,,,,,,
60,0.8,0.85,0.25,0.5,True,True,False,3.0,0,0,0,0,0,0,,,,,,,,,,,,
60,0.8,0.85,0.25,0.5,True,True,False,5.0,0,0,0,0,0,0,,,,,,,,,,,,
60,0.8,0.85,0.25,0.5,True,True,False,8.0,0,0,0,0,0,0,,,,,,,,,,,,
60,0.8,0.85,0.25,0.5,True,True,True,3.0,0,0,0,0,0,0,,,,,,,,,,,,
60,0.8,0.85,0.25,0.5,True,True,True,5.0,0,0,0,0,0,0,,,,,,,,,,,,
60,0.8,0.85,0.25,0.5,True,True,True,8.0,0,0,0,0,0,0,,,,,,,,,,,,
60,0.8,0.85,0.25,1.0,False,False,False,3.0,0,0,0,0,0,0,,,,,,,,,,,,
60,0.8,0.85,0.25,1.0,False,False,False,5.0,0,0,0,0,0,0,,,,,,,,,,,,
60,0.8,0.85,0.25,1.0,False,False,False,8.0,0,0,0,0,0,0,,,,,,,,,,,,
60,0.8,0.85,0.25,1.0,False,False,True,3.0,0,0,0,0,0,0,,,,,,,,,,,,
60,0.8,0.85,0.25,1.0,False,False,True,5.0,0,0,0,0,0,0,,,,,,,,,,,,
60,0.8,0.85,0.25,1.0,False,False,True,8.0,0,0,0,0,0,0,,,,,,,,,,,,
60,0.8,0.85,0.25,1.0,False,True,False,3.0,0,0,0,0,0,0,,,,,,,,,,,,
60,0.8,0.85,0.25,1.0,False,True,False,5.0,0,0,0,0,0,0,,,,,,,,,,,,
60,0.8,0.85,0.25,1.0,False,True,False,8.0,0,0,0,0,0,0,,,,,,,,,,,,
60,0.8,0.85,0.25,1.0,False,True,True,3.0,0,0,0,0,0,0,,,,,,,,,,,,
60,0.8,0.85,0.25,1.0,False,True,True,5.0,0,0,0,0,0,0,,,,,,,,,,,,
60,0.8,0.85,0.25,1.0,False,True,True,8.0,0,0,0,0,0,0,,,,,,,,,,,,
60,0.8,0.85,0.25,1.0,True,False,False,3.0,0,0,0,0,0,0,,,,,,,,,,,,
60,0.8,0.85,0.25,1.0,True,False,False,5.0,0,0,0,0,0,0,,,,,,,,,,,,
60,0.8,0.85,0.25,1.0,True,False,False,8.0,0,0,0,0,0,0,,,,,,,,,,,,
60,0.8,0.85,0.25,1.0,True,False,True,3.0,0,0,0,0,0,0,,,,,,,,,,,,
60,0.8,0.85,0.25,1.0,True,False,True,5.0,0,0,0,0,0,0,,,,,,,,,,,,
60,0.8,0.85,0.25,1.0,True,False,True,8.0,0,0,0,0,0,0,,,,,,,,,,,,
60,0.8,0.85,0.25,1.0,True,True,False,3.0,0,0,0,0,0,0,,,,,,,,,,,,
60,0.8,0.85,0.25,1.0,True,True,False,5.0,0,0,0,0,0,0,,,,,,,,,,,,
60,0.8,0.85,0.25,1.0,True,True,False,8.0,0,0,0,0,0,0,,,,,,,,,,,,
60,0.8,0.85,0.25,1.0,True,True,True,3.0,0,0,0,0,0,0,,,,,,,,,,,,
60,0.8,0.85,0.25,1.0,True,True,True,5.0,0,0,0,0,0,0,,,,,,,,,,,,
60,0.8,0.85,0.25,1.0,True,True,True,8.0,0,0,0,0,0,0,,,,,,,,,,,,
60,0.8,0.85,0.25,2.0,False,False,False,3.0,0,0,0,0,0,0,,,,,,,,,,,,
60,0.8,0.85,0.25,2.0,False,False,False,5.0,0,0,0,0,0,0,,,,,,,,,,,,
60,0.8,0.85,0.25,2.0,False,False,False,8.0,0,0,0,0,0,0,,,,,,,,,,,,
60,0.8,0.85,0.25,2.0,False,False,True,3.0,0,0,0,0,0,0,,,,,,,,,,,,
60,0.8,0.85,0.25,2.0,False,False,True,5.0,0,0,0,0,0,0,,,,,,,,,,,,
60,0.8,0.85,0.25,2.0,False,False,True,8.0,0,0,0,0,0,0,,,,,,,,,,,,
60,0.8,0.85,0.25,2.0,False,True,False,3.0,0,0,0,0,0,0,,,,,,,,,,,,
60,0.8,0.85,0.25,2.0,False,True,False,5.0,0,0,0,0,0,0,,,,,,,,,,,,
60,0.8,0.85,0.25,2.0,False,True,False,8.0,0,0,0,0,0,0,,,,,,,,,,,,
60,0.8,0.85,0.25,2.0,False,True,True,3.0,0,0,0,0,0,0,,,,,,,,,,,,
60,0.8,0.85,0.25,2.0,False,True,True,5.0,0,0,0,0,0,0,,,,,,,,,,,,
60,0.8,0.85,0.25,2.0,False,True,True,8.0,0,0,0,0,0,0,,,,,,,,,,,,
60,0.8,0.85,0.25,2.0,True,False,False,3.0,0,0,0,0,0,0,,,,,,,,,,,,
60,0.8,0.85,0.25,2.0,True,False,False,5.0,0,0,0,0,0,0,,,,,,,,,,,,
60,0.8,0.85,0.25,2.0,True,False,False,8.0,0,0,0,0,0,0,,,,,,,,,,,,
60,0.8,0.85,0.25,2.0,True,False,True,3.0,0,0,0,0,0,0,,,,,,,,,,,,
60,0.8,0.85,0.25,2.0,True,False,True,5.0,0,0,0,0,0,0,,,,,,,,,,,,
60,0.8,0.85,0.25,2.0,True,False,True,8.0,0,0,0,0,0,0,,,,,,,,,,,,
60,0.8,0.85,0.25,2.0,True,True,False,3.0,0,0,0,0,0,0,,,,,,,,,,,,
60,0.8,0.85,0.25,2.0,True,True,False,5.0,0,0,0,0,0,0,,,,,,,,,,,,
60,0.8,0.85,0.25,2.0,True,True,False,8.0,0,0,0,0,0,0,,,,,,,,,,,,
60,0.8,0.85,0.25,2.0,True,True,True,3.0,0,0,0,0,0,0,,,,,,,,,,,,
60,0.8,0.85,0.25,2.0,True,True,True,5.0,0,0,0,0,0,0,,,,,,,,,,,,
60,0.8,0.85,0.25,2.0,True,True,True,8.0,0,0,0,0,0,0,,,,,,,,,,,,
60,0.8,0.85,0.5,0.5,False,False,False,3.0,0,0,0,0,0,0,,,,,,,,,,,,
60,0.8,0.85,0.5,0.5,False,False,False,5.0,0,0,0,0,0,0,,,,,,,,,,,,
60,0.8,0.85,0.5,0.5,False,False,False,8.0,0,0,0,0,0,0,,,,,,,,,,,,
60,0.8,0.85,0.5,0.5,False,False,True,3.0,0,0,0,0,0,0,,,,,,,,,,,,
60,0.8,0.85,0.5,0.5,False,False,True,5.0,0,0,0,0,0,0,,,,,,,,,,,,
60,0.8,0.85,0.5,0.5,False,False,True,8.0,0,0,0,0,0,0,,,,,,,,,,,,
60,0.8,0.85,0.5,0.5,False,True,False,3.0,0,0,0,0,0,0,,,,,,,,,,,,
60,0.8,0.85,0.5,0.5,False,True,False,5.0,0,0,0,0,0,0,,,,,,,,,,,,
60,0.8,0.85,0.5,0.5,False,True,False,8.0,0,0,0,0,0,0,,,,,,,,,,,,
60,0.8,0.85,0.5,0.5,False,True,True,3.0,0,0,0,0,0,0,,,,,,,,,,,,
60,0.8,0.85,0.5,0.5,False,True,True,5.0,0,0,0,0,0,0,,,,,,,,,,,,
60,0.8,0.85,0.5,0.5,False,True,True,8.0,0,0,0,0,0,0,,,,,,,,,,,,
60,0.8,0.85,0.5,0.5,True,False,False,3.0,0,0,0,0,0,0,,,,,,,,,,,,
60,0.8,0.85,0.5,0.5,True,False,False,5.0,0,0,0,0,0,0,,,,,,,,,,,,
60,0.8,0.85,0.5,0.5,True,False,False,8.0,0,0,0,0,0,0,,,,,,,,,,,,
60,0.8,0.85,0.5,0.5,True,False,True,3.0,0,0,0,0,0,0,,,,,,,,,,,,
60,0.8,0.85,0.5,0.5,True,False,True,5.0,0,0,0,0,0,0,,,,,,,,,,,,
60,0.8,0.85,0.5,0.5,True,False,True,8.0,0,0,0,0,0,0,,,,,,,,,,,,
60,0.8,0.85,0.5,0.5,True,True,False,3.0,0,0,0,0,0,0,,,,,,,,,,,,
60,0.8,0.85,0.5,0.5,True,True,False,5.0,0,0,0,0,0,0,,,,,,,,,,,,
60,0.8,0.85,0.5,0.5,True,True,False,8.0,0,0,0,0,0,0,,,,,,,,,,,,
60,0.8,0.85,0.5,0.5,True,True,True,3.0,0,0,0,0,0,0,,,,,,,,,,,,
60,0.8,0.85,0.5,0.5,True,True,True,5.0,0,0,0,0,0,0,,,,,,,,,,,,
60,0.8,0.85,0.5,0.5,True,True,True,8.0,0,0,0,0,0,0,,,,,,,,,,,,
60,0.8,0.85,0.5,1.0,False,False,False,3.0,0,0,0,0,0,0,,,,,,,,,,,,
60,0.8,0.85,0.5,1.0,False,False,False,5.0,0,0,0,0,0,0,,,,,,,,,,,,
60,0.8,0.85,0.5,1.0,False,False,False,8.0,0,0,0,0,0,0,,,,,,,,,,,,
60,0.8,0.85,0.5,1.0,False,False,True,3.0,0,0,0,0,0,0,,,,,,,,,,,,
60,0.8,0.85,0.5,1.0,False,False,True,5.0,0,0,0,0,0,0,,,,,,,,,,,,
60,0.8,0.85,0.5,1.0,False,False,True,8.0,0,0,0,0,0,0,,,,,,,,,,,,
60,0.8,0.85,0.5,1.0,False,True,False,3.0,0,0,0,0,0,0,,,,,,,,,,,,
60,0.8,0.85,0.5,1.0,False,True,False,5.0,0,0,0,0,0,0,,,,,,,,,,,,
60,0.8,0.85,0.5,1.0,False,True,False,8.0,0,0,0,0,0,0,,,,,,,,,,,,
60,0.8,0.85,0.5,1.0,False,True,True,3.0,0,0,0,0,0,0,,,,,,,,,,,,
60,0.8,0.85,0.5,1.0,False,True,True,5.0,0,0,0,0,0,0,,,,,,,,,,,,
60,0.8,0.85,0.5,1.0,False,True,True,8.0,0,0,0,0,0,0,,,,,,,,,,,,
60,0.8,0.85,0.5,1.0,True,False,False,3.0,0,0,0,0,0,0,,,,,,,,,,,,
60,0.8,0.85,0.5,1.0,True,False,False,5.0,0,0,0,0,0,0,,,,,,,,,,,,
60,0.8,0.85,0.5,1.0,True,False,False,8.0,0,0,0,0,0,0,,,,,,,,,,,,
60,0.8,0.85,0.5,1.0,True,False,True,3.0,0,0,0,0,0,0,,,,,,,,,,,,
60,0.8,0.85,0.5,1.0,True,False,True,5.0,0,0,0,0,0,0,,,,,,,,,,,,
60,0.8,0.85,0.5,1.0,True,False,True,8.0,0,0,0,0,0,0,,,,,,,,,,,,
60,0.8,0.85,0.5,1.0,True,True,False,3.0,0,0,0,0,0,0,,,,,,,,,,,,
60,0.8,0.85,0.5,1.0,True,True,False,5.0,0,0,0,0,0,0,,,,,,,,,,,,
60,0.8,0.85,0.5,1.0,True,True,False,8.0,0,0,0,0,0,0,,,,,,,,,,,,
60,0.8,0.85,0.5,1.0,True,True,True,3.0,0,0,0,0,0,0,,,,,,,,,,,,
60,0.8,0.85,0.5,1.0,True,True,True,5.0,0,0,0,0,0,0,,,,,,,,,,,,
60,0.8,0.85,0.5,1.0,True,True,True,8.0,0,0,0,0,0,0,,,,,,,,,,,,
60,0.8,0.85,0.5,2.0,False,False,False,3.0,0,0,0,0,0,0,,,,,,,,,,,,
60,0.8,0.85,0.5,2.0,False,False,False,5.0,0,0,0,0,0,0,,,,,,,,,,,,
60,0.8,0.85,0.5,2.0,False,False,False,8.0,0,0,0,0,0,0,,,,,,,,,,,,
60,0.8,0.85,0.5,2.0,False,False,True,3.0,0,0,0,0,0,0,,,,,,,,,,,,
60,0.8,0.85,0.5,2.0,False,False,True,5.0,0,0,0,0,0,0,,,,,,,,,,,,
60,0.8,0.85,0.5,2.0,False,False,True,8.0,0,0,0,0,0,0,,,,,,,,,,,,
60,0.8,0.85,0.5,2.0,False,True,False,3.0,0,0,0,0,0,0,,,,,,,,,,,,
60,0.8,0.85,0.5,2.0,False,True,False,5.0,0,0,0,0,0,0,,,,,,,,,,,,
60,0.8,0.85,0.5,2.0,False,True,False,8.0,0,0,0,0,0,0,,,,,,,,,,,,
60,0.8,0.85,0.5,2.0,False,True,True,3.0,0,0,0,0,0,0,,,,,,,,,,,,
60,0.8,0.85,0.5,2.0,False,True,True,5.0,0,0,0,0,0,0,,,,,,,,,,,,
60,0.8,0.85,0.5,2.0,False,True,True,8.0,0,0,0,0,0,0,,,,,,,,,,,,
60,0.8,0.85,0.5,2.0,True,False,False,3.0,0,0,0,0,0,0,,,,,,,,,,,,
60,0.8,0.85,0.5,2.0,True,False,False,5.0,0,0,0,0,0,0,,,,,,,,,,,,
60,0.8,0.85,0.5,2.0,True,False,False,8.0,0,0,0,0,0,0,,,,,,,,,,,,
60,0.8,0.85,0.5,2.0,True,False,True,3.0,0,0,0,0,0,0,,,,,,,,,,,,
60,0.8,0.85,0.5,2.0,True,False,True,5.0,0,0,0,0,0,0,,,,,,,,,,,,
60,0.8,0.85,0.5,2.0,True,False,True,8.0,0,0,0,0,0,0,,,,,,,,,,,,
60,0.8,0.85,0.5,2.0,True,True,False,3.0,0,0,0,0,0,0,,,,,,,,,,,,
60,0.8,0.85,0.5,2.0,True,True,False,5.0,0,0,0,0,0,0,,,,,,,,,,,,
60,0.8,0.85,0.5,2.0,True,True,False,8.0,0,0,0,0,0,0,,,,,,,,,,,,
60,0.8,0.85,0.5,2.0,True,True,True,3.0,0,0,0,0,0,0,,,,,,,,,,,,
60,0.8,0.85,0.5,2.0,True,True,True,5.0,0,0,0,0,0,0,,,,,,,,,,,,
60,0.8,0.85,0.5,2.0,True,True,True,8.0,0,0,0,0,0,0,,,,,,,,,,,,
