ticker,signal_date,entry_date,reference_month,era,common_nonoverlap,outside_prior_six,horizon,economic,mechanical,paired_observed,difference,both_entered,both_complete_worst_cover_difference
ABT,2024-02-06,2024-02-07,2024-02,2024-2025,True,True,2,0.0,,False,,False,
ABT,2024-02-06,2024-02-07,2024-02,2024-2025,True,True,4,0.0,,False,,False,
ABT,2024-07-22,2024-07-23,2024-07,2024-2025,True,True,2,0.0,-70.3,True,70.3,False,
ABT,2024-07-22,2024-07-23,2024-07,2024-2025,True,True,4,0.0,7.700000000000002,True,-7.700000000000002,False,
ABT,2024-07-23,2024-07-24,2024-07,2024-2025,False,True,2,0.0,12.700000000000001,True,-12.700000000000001,False,
ABT,2024-07-23,2024-07-24,2024-07,2024-2025,False,True,4,0.0,,False,,False,
ABT,2024-07-24,2024-07-25,2024-07,2024-2025,False,True,2,0.0,8.7,True,-8.7,False,
ABT,2024-07-24,2024-07-25,2024-07,2024-2025,False,True,4,0.0,,False,,False,
ABT,2024-07-25,2024-07-26,2024-07,2024-2025,False,True,2,0.0,,False,,False,
ABT,2024-07-25,2024-07-26,2024-07,2024-2025,False,True,4,0.0,,False,,False,
ABT,2024-07-26,2024-07-29,2024-07,2024-2025,False,True,2,0.0,,False,,False,
ABT,2024-07-26,2024-07-29,2024-07,2024-2025,False,True,4,0.0,,False,,False,
ABT,2024-07-29,2024-07-30,2024-07,2024-2025,False,True,2,0.0,-124.30000000000001,True,124.30000000000001,False,
ABT,2024-07-29,2024-07-30,2024-07,2024-2025,False,True,4,0.0,,False,,False,
ABT,2024-07-30,2024-07-31,2024-07,2024-2025,True,True,2,0.0,-218.3,True,218.3,False,
ABT,2024-07-30,2024-07-31,2024-07,2024-2025,True,True,4,0.0,,False,,False,
ABT,2024-07-31,2024-08-01,2024-08,2024-2025,False,True,2,0.0,,False,,False,
ABT,2024-07-31,2024-08-01,2024-08,2024-2025,False,True,4,0.0,,False,,False,
ABT,2024-08-01,2024-08-02,2024-08,2024-2025,False,True,2,0.0,,False,,False,
ABT,2024-08-01,2024-08-02,2024-08,2024-2025,False,True,4,0.0,,False,,False,
ABT,2024-11-08,2024-11-11,2024-11,2024-2025,True,True,2,0.0,,False,,False,
ABT,2024-11-08,2024-11-11,2024-11,2024-2025,True,True,4,0.0,,False,,False,
ABT,2024-11-11,2024-11-12,2024-11,2024-2025,False,True,2,0.0,,False,,False,
ABT,2024-11-11,2024-11-12,2024-11,2024-2025,False,True,4,0.0,,False,,False,
ABT,2026-04-17,2026-04-20,2026-04,2026,True,True,2,0.0,0.0,True,0.0,False,
ABT,2026-04-17,2026-04-20,2026-04,2026,True,True,4,0.0,0.0,True,0.0,False,
ABT,2026-04-20,2026-04-21,2026-04,2026,False,True,2,0.0,0.0,True,0.0,False,
ABT,2026-04-20,2026-04-21,2026-04,2026,False,True,4,0.0,0.0,True,0.0,False,
ABT,2026-04-21,2026-04-22,2026-04,2026,False,True,2,0.0,,False,,False,
ABT,2026-04-21,2026-04-22,2026-04,2026,False,True,4,0.0,,False,,False,
ADM,2024-07-31,2024-08-01,2024-08,2024-2025,True,True,2,0.0,,False,,False,
ADM,2024-07-31,2024-08-01,2024-08,2024-2025,True,True,4,0.0,,False,,False,
ADM,2024-08-01,2024-08-02,2024-08,2024-2025,False,True,2,0.0,0.0,True,0.0,False,
ADM,2024-08-01,2024-08-02,2024-08,2024-2025,False,True,4,0.0,0.0,True,0.0,False,
ADM,2025-03-24,2025-03-25,2025-03,2024-2025,True,True,2,0.0,-68.3,True,68.3,False,
ADM,2025-03-24,2025-03-25,2025-03,2024-2025,True,True,4,0.0,-48.3,True,48.3,False,
ADM,2025-03-25,2025-03-26,2025-03,2024-2025,False,True,2,0.0,-33.3,True,33.3,False,
ADM,2025-03-25,2025-03-26,2025-03,2024-2025,False,True,4,0.0,,False,,False,
ADM,2025-03-26,2025-03-27,2025-03,2024-2025,False,True,2,0.0,6.700000000000004,True,-6.700000000000004,False,
ADM,2025-03-26,2025-03-27,2025-03,2024-2025,False,True,4,0.0,,False,,False,
ADM,2025-03-27,2025-03-28,2025-03,2024-2025,False,True,2,0.0,,False,,False,
ADM,2025-03-27,2025-03-28,2025-03,2024-2025,False,True,4,0.0,,False,,False,
ADM,2025-03-28,2025-03-31,2025-03,2024-2025,False,True,2,0.0,,False,,False,
ADM,2025-03-28,2025-03-31,2025-03,2024-2025,False,True,4,0.0,,False,,False,
ADM,2025-03-31,2025-04-01,2025-04,2024-2025,False,True,2,0.0,-13.299999999999999,True,13.299999999999999,False,
ADM,2025-03-31,2025-04-01,2025-04,2024-2025,False,True,4,0.0,,False,,False,
ADM,2025-04-01,2025-04-02,2025-04,2024-2025,True,True,2,0.0,-3.3000000000000007,True,3.3000000000000007,False,
ADM,2025-04-01,2025-04-02,2025-04,2024-2025,True,True,4,0.0,,False,,False,
ADM,2025-04-02,2025-04-03,2025-04,2024-2025,False,True,2,0.0,,False,,False,
ADM,2025-04-02,2025-04-03,2025-04,2024-2025,False,True,4,0.0,,False,,False,
ADM,2025-04-03,2025-04-04,2025-04,2024-2025,False,True,2,0.0,0.0,True,0.0,False,
ADM,2025-04-03,2025-04-04,2025-04,2024-2025,False,True,4,0.0,0.0,True,0.0,False,
ADM,2026-03-25,2026-03-26,2026-03,2026,True,True,2,0.0,-3.3000000000000007,True,3.3000000000000007,False,
ADM,2026-03-25,2026-03-26,2026-03,2026,True,True,4,0.0,16.7,True,-16.7,False,
ADM,2026-03-26,2026-03-27,2026-03,2026,False,True,2,0.0,-23.3,True,23.3,False,
ADM,2026-03-26,2026-03-27,2026-03,2026,False,True,4,0.0,-8.3,True,8.3,False,
ADM,2026-03-27,2026-03-30,2026-03,2026,False,True,2,0.0,-3.3000000000000007,True,3.3000000000000007,False,
ADM,2026-03-27,2026-03-30,2026-03,2026,False,True,4,0.0,6.6999999999999975,True,-6.6999999999999975,False,
ADM,2026-03-30,2026-03-31,2026-03,2026,False,True,2,0.0,-8.3,True,8.3,False,
ADM,2026-03-30,2026-03-31,2026-03,2026,False,True,4,0.0,-13.299999999999999,True,13.299999999999999,False,
ADM,2026-03-31,2026-04-01,2026-04,2026,False,True,2,0.0,-3.3000000000000007,True,3.3000000000000007,False,
ADM,2026-03-31,2026-04-01,2026-04,2026,False,True,4,0.0,6.7,True,-6.7,False,
ADM,2026-04-01,2026-04-02,2026-04,2026,False,True,2,0.0,6.7,True,-6.7,False,
ADM,2026-04-01,2026-04-02,2026-04,2026,False,True,4,0.0,6.7,True,-6.7,False,
AKAM,2024-12-04,2024-12-05,2024-12,2024-2025,True,True,2,0.0,-18.3,True,18.3,False,
AKAM,2024-12-04,2024-12-05,2024-12,2024-2025,True,True,4,0.0,-18.3,True,18.3,False,
AKAM,2024-12-05,2024-12-06,2024-12,2024-2025,False,True,2,0.0,,False,,False,
AKAM,2024-12-05,2024-12-06,2024-12,2024-2025,False,True,4,0.0,,False,,False,
AKAM,2024-12-06,2024-12-09,2024-12,2024-2025,False,True,2,0.0,-8.299999999999999,True,8.299999999999999,False,
AKAM,2024-12-06,2024-12-09,2024-12,2024-2025,False,True,4,0.0,-118.30000000000001,True,118.30000000000001,False,
AKAM,2025-02-25,2025-02-26,2025-02,2024-2025,True,True,2,0.0,-8.299999999999999,True,8.299999999999999,False,
AKAM,2025-02-25,2025-02-26,2025-02,2024-2025,True,True,4,0.0,,False,,False,
AKAM,2025-02-26,2025-02-27,2025-02,2024-2025,False,True,2,0.0,-18.3,True,18.3,False,
AKAM,2025-02-26,2025-02-27,2025-02,2024-2025,False,True,4,0.0,-13.299999999999999,True,13.299999999999999,False,
AKAM,2025-02-27,2025-02-28,2025-02,2024-2025,False,True,2,0.0,,False,,False,
AKAM,2025-02-27,2025-02-28,2025-02,2024-2025,False,True,4,0.0,,False,,False,
AKAM,2025-02-28,2025-03-03,2025-03,2024-2025,False,True,2,0.0,-18.3,True,18.3,False,
AKAM,2025-02-28,2025-03-03,2025-03,2024-2025,False,True,4,0.0,-258.3,True,258.3,False,
AKAM,2025-03-21,2025-03-24,2025-03,2024-2025,True,True,2,0.0,,False,,False,
AKAM,2025-03-21,2025-03-24,2025-03,2024-2025,True,True,4,0.0,,False,,False,
AKAM,2025-03-24,2025-03-25,2025-03,2024-2025,False,True,2,0.0,-13.3,True,13.3,False,
AKAM,2025-03-24,2025-03-25,2025-03,2024-2025,False,True,4,0.0,-13.3,True,13.3,False,
AKAM,2025-03-25,2025-03-26,2025-03,2024-2025,False,True,2,0.0,0.0,True,0.0,False,
AKAM,2025-03-25,2025-03-26,2025-03,2024-2025,False,True,4,0.0,0.0,True,0.0,False,
AKAM,2025-03-26,2025-03-27,2025-03,2024-2025,False,True,2,0.0,6.7,True,-6.7,False,
AKAM,2025-03-26,2025-03-27,2025-03,2024-2025,False,True,4,0.0,,False,,False,
AKAM,2025-03-27,2025-03-28,2025-03,2024-2025,False,True,2,0.0,,False,,False,
AKAM,2025-03-27,2025-03-28,2025-03,2024-2025,False,True,4,0.0,,False,,False,
AKAM,2025-03-28,2025-03-31,2025-03,2024-2025,False,True,2,0.0,,False,,False,
AKAM,2025-03-28,2025-03-31,2025-03,2024-2025,False,True,4,0.0,,False,,False,
AKAM,2025-03-31,2025-04-01,2025-04,2024-2025,True,True,2,0.0,-8.299999999999999,True,8.299999999999999,False,
AKAM,2025-03-31,2025-04-01,2025-04,2024-2025,True,True,4,0.0,,False,,False,
AKAM,2025-04-01,2025-04-02,2025-04,2024-2025,False,True,2,0.0,11.699999999999998,True,-11.699999999999998,False,
AKAM,2025-04-01,2025-04-02,2025-04,2024-2025,False,True,4,0.0,,False,,False,
AKAM,2025-04-02,2025-04-03,2025-04,2024-2025,False,True,2,0.0,,False,,False,
AKAM,2025-04-02,2025-04-03,2025-04,2024-2025,False,True,4,0.0,,False,,False,
AKAM,2025-04-03,2025-04-04,2025-04,2024-2025,False,True,2,0.0,0.0,True,0.0,False,
AKAM,2025-04-03,2025-04-04,2025-04,2024-2025,False,True,4,0.0,0.0,True,0.0,False,
AKAM,2025-08-08,2025-08-11,2025-08,2024-2025,True,True,2,0.0,-93.3,True,93.3,False,
AKAM,2025-08-08,2025-08-11,2025-08,2024-2025,True,True,4,0.0,-48.3,True,48.3,False,
AKAM,2025-08-11,2025-08-12,2025-08,2024-2025,False,True,2,0.0,-53.3,True,53.3,False,
AKAM,2025-08-11,2025-08-12,2025-08,2024-2025,False,True,4,0.0,-48.3,True,48.3,False,
AKAM,2025-08-12,2025-08-13,2025-08,2024-2025,False,True,2,0.0,16.7,True,-16.7,False,
AKAM,2025-08-12,2025-08-13,2025-08,2024-2025,False,True,4,0.0,,False,,False,
AKAM,2025-08-13,2025-08-14,2025-08,2024-2025,False,True,2,0.0,0.0,True,0.0,False,
AKAM,2025-08-13,2025-08-14,2025-08,2024-2025,False,True,4,0.0,0.0,True,0.0,False,
AKAM,2025-08-14,2025-08-15,2025-08,2024-2025,False,True,2,0.0,,False,,False,
AKAM,2025-08-14,2025-08-15,2025-08,2024-2025,False,True,4,0.0,,False,,False,
AKAM,2025-08-15,2025-08-18,2025-08,2024-2025,False,True,2,0.0,-23.3,True,23.3,False,
AKAM,2025-08-15,2025-08-18,2025-08,2024-2025,False,True,4,0.0,-3.3000000000000007,True,3.3000000000000007,False,
AKAM,2026-03-25,2026-03-26,2026-03,2026,True,True,2,0.0,,False,,False,
AKAM,2026-03-25,2026-03-26,2026-03,2026,True,True,4,0.0,,False,,False,
AKAM,2026-03-26,2026-03-27,2026-03,2026,False,True,2,0.0,0.0,True,0.0,False,
AKAM,2026-03-26,2026-03-27,2026-03,2026,False,True,4,0.0,0.0,True,0.0,False,
AKAM,2026-03-27,2026-03-30,2026-03,2026,False,True,2,0.0,-93.3,True,93.3,False,
AKAM,2026-03-27,2026-03-30,2026-03,2026,False,True,4,0.0,-23.3,True,23.3,False,
AKAM,2026-03-30,2026-03-31,2026-03,2026,False,True,2,0.0,-73.3,True,73.3,False,
AKAM,2026-03-30,2026-03-31,2026-03,2026,False,True,4,0.0,,False,,False,
AKAM,2026-03-31,2026-04-01,2026-04,2026,False,True,2,0.0,26.699999999999996,True,-26.699999999999996,False,
AKAM,2026-03-31,2026-04-01,2026-04,2026,False,True,4,0.0,,False,,False,
AKAM,2026-04-01,2026-04-02,2026-04,2026,False,True,2,0.0,0.0,True,0.0,False,
AKAM,2026-04-01,2026-04-02,2026-04,2026,False,True,4,0.0,0.0,True,0.0,False,
AKAM,2026-04-02,2026-04-06,2026-04,2026,True,True,2,0.0,0.0,True,0.0,False,
AKAM,2026-04-02,2026-04-06,2026-04,2026,True,True,4,0.0,0.0,True,0.0,False,
BKNG,2024-12-10,2024-12-11,2024-12,2024-2025,True,True,2,0.0,,False,,False,
BKNG,2024-12-10,2024-12-11,2024-12,2024-2025,True,True,4,0.0,,False,,False,
BMY,2024-07-29,2024-07-30,2024-07,2024-2025,True,True,2,0.0,-0.2999999999999996,True,0.2999999999999996,False,
BMY,2024-07-29,2024-07-30,2024-07,2024-2025,True,True,4,0.0,,False,,False,
BMY,2024-07-30,2024-07-31,2024-07,2024-2025,False,True,2,0.0,-7.300000000000001,True,7.300000000000001,False,
BMY,2024-07-30,2024-07-31,2024-07,2024-2025,False,True,4,0.0,,False,,False,
BMY,2024-07-31,2024-08-01,2024-08,2024-2025,False,True,2,0.0,,False,,False,
BMY,2024-07-31,2024-08-01,2024-08,2024-2025,False,True,4,0.0,,False,,False,
BMY,2024-08-01,2024-08-02,2024-08,2024-2025,False,True,2,0.0,,False,,False,
BMY,2024-08-01,2024-08-02,2024-08,2024-2025,False,True,4,0.0,,False,,False,
BMY,2026-03-25,2026-03-26,2026-03,2026,True,True,2,0.0,,False,,False,
BMY,2026-03-25,2026-03-26,2026-03,2026,True,True,4,0.0,,False,,False,
BMY,2026-03-26,2026-03-27,2026-03,2026,False,True,2,0.0,,False,,False,
BMY,2026-03-26,2026-03-27,2026-03,2026,False,True,4,0.0,,False,,False,
BMY,2026-03-27,2026-03-30,2026-03,2026,False,True,2,0.0,-29.300000000000004,True,29.300000000000004,False,
BMY,2026-03-27,2026-03-30,2026-03,2026,False,True,4,0.0,8.7,True,-8.7,False,
C,2025-10-27,2025-10-28,2025-10,2024-2025,True,True,2,0.0,,False,,False,
C,2025-10-27,2025-10-28,2025-10,2024-2025,True,True,4,0.0,,False,,False,
CMG,2024-07-25,2024-07-26,2024-07,2024-2025,True,True,2,0.0,,False,,False,
CMG,2024-07-25,2024-07-26,2024-07,2024-2025,True,True,4,0.0,,False,,False,
CMG,2024-07-26,2024-07-29,2024-07,2024-2025,False,True,2,0.0,,False,,False,
CMG,2024-07-26,2024-07-29,2024-07,2024-2025,False,True,4,0.0,,False,,False,
CMG,2024-07-29,2024-07-30,2024-07,2024-2025,False,True,2,0.0,-8.299999999999999,True,8.299999999999999,False,
CMG,2024-07-29,2024-07-30,2024-07,2024-2025,False,True,4,0.0,,False,,False,
CMG,2024-07-30,2024-07-31,2024-07,2024-2025,False,True,2,0.0,11.699999999999998,True,-11.699999999999998,False,
CMG,2024-07-30,2024-07-31,2024-07,2024-2025,False,True,4,0.0,,False,,False,
CMG,2024-07-31,2024-08-01,2024-08,2024-2025,False,True,2,0.0,,False,,False,
CMG,2024-07-31,2024-08-01,2024-08,2024-2025,False,True,4,0.0,,False,,False,
CMG,2024-08-01,2024-08-02,2024-08,2024-2025,False,True,2,0.0,,False,,False,
CMG,2024-08-01,2024-08-02,2024-08,2024-2025,False,True,4,0.0,,False,,False,
CMG,2026-03-25,2026-03-26,2026-03,2026,True,True,2,0.0,,False,,False,
CMG,2026-03-25,2026-03-26,2026-03,2026,True,True,4,0.0,,False,,False,
CMG,2026-03-26,2026-03-27,2026-03,2026,False,True,2,0.0,,False,,False,
CMG,2026-03-26,2026-03-27,2026-03,2026,False,True,4,0.0,,False,,False,
COST,2024-07-22,2024-07-23,2024-07,2024-2025,True,True,2,0.0,97.69999999999999,True,-97.69999999999999,False,
COST,2024-07-22,2024-07-23,2024-07,2024-2025,True,True,4,0.0,125.69999999999999,True,-125.69999999999999,False,
COST,2024-07-23,2024-07-24,2024-07,2024-2025,False,True,2,0.0,23.7,True,-23.7,False,
COST,2024-07-23,2024-07-24,2024-07,2024-2025,False,True,4,0.0,,False,,False,
COST,2024-07-24,2024-07-25,2024-07,2024-2025,False,True,2,0.0,7.699999999999998,True,-7.699999999999998,False,
COST,2024-07-24,2024-07-25,2024-07,2024-2025,False,True,4,0.0,,False,,False,
COST,2024-07-25,2024-07-26,2024-07,2024-2025,False,True,2,0.0,,False,,False,
COST,2024-07-25,2024-07-26,2024-07,2024-2025,False,True,4,0.0,,False,,False,
COST,2024-07-26,2024-07-29,2024-07,2024-2025,False,True,2,0.0,,False,,False,
COST,2024-07-26,2024-07-29,2024-07,2024-2025,False,True,4,0.0,,False,,False,
COST,2024-07-29,2024-07-30,2024-07,2024-2025,False,True,2,0.0,-46.300000000000004,True,46.300000000000004,False,
COST,2024-07-29,2024-07-30,2024-07,2024-2025,False,True,4,0.0,,False,,False,
COST,2024-07-30,2024-07-31,2024-07,2024-2025,True,True,2,0.0,12.699999999999989,True,-12.699999999999989,False,
COST,2024-07-30,2024-07-31,2024-07,2024-2025,True,True,4,0.0,,False,,False,
COST,2024-07-31,2024-08-01,2024-08,2024-2025,False,True,2,0.0,,False,,False,
COST,2024-07-31,2024-08-01,2024-08,2024-2025,False,True,4,0.0,,False,,False,
COST,2024-08-01,2024-08-02,2024-08,2024-2025,False,True,2,0.0,,False,,False,
COST,2024-08-01,2024-08-02,2024-08,2024-2025,False,True,4,0.0,,False,,False,
COST,2025-03-24,2025-03-25,2025-03,2024-2025,True,True,2,0.0,-144.30000000000004,True,144.30000000000004,False,
COST,2025-03-24,2025-03-25,2025-03,2024-2025,True,True,4,0.0,-176.3,True,176.3,False,
COST,2025-03-25,2025-03-26,2025-03,2024-2025,False,True,2,0.0,12.700000000000012,True,-12.700000000000012,False,
COST,2025-03-25,2025-03-26,2025-03,2024-2025,False,True,4,0.0,,False,,False,
COST,2025-03-26,2025-03-27,2025-03,2024-2025,False,True,2,0.0,-59.29999999999998,True,59.29999999999998,False,
COST,2025-03-26,2025-03-27,2025-03,2024-2025,False,True,4,0.0,,False,,False,
COST,2025-03-27,2025-03-28,2025-03,2024-2025,False,True,2,0.0,,False,,False,
COST,2025-03-27,2025-03-28,2025-03,2024-2025,False,True,4,0.0,,False,,False,
COST,2025-03-28,2025-03-31,2025-03,2024-2025,False,True,2,0.0,,False,,False,
COST,2025-03-28,2025-03-31,2025-03,2024-2025,False,True,4,0.0,,False,,False,
COST,2025-03-31,2025-04-01,2025-04,2024-2025,False,True,2,0.0,-434.29999999999995,True,434.29999999999995,False,
COST,2025-03-31,2025-04-01,2025-04,2024-2025,False,True,4,0.0,,False,,False,
COST,2025-04-01,2025-04-02,2025-04,2024-2025,True,True,2,0.0,-5.29999999999998,True,5.29999999999998,False,
COST,2025-04-01,2025-04-02,2025-04,2024-2025,True,True,4,0.0,,False,,False,
COST,2025-04-02,2025-04-03,2025-04,2024-2025,False,True,2,0.0,,False,,False,
COST,2025-04-02,2025-04-03,2025-04,2024-2025,False,True,4,0.0,,False,,False,
COST,2025-04-03,2025-04-04,2025-04,2024-2025,False,True,2,0.0,,False,,False,
COST,2025-04-03,2025-04-04,2025-04,2024-2025,False,True,4,0.0,,False,,False,
CRM,2025-12-12,2025-12-15,2025-12,2024-2025,True,False,2,0.0,0.0,True,0.0,False,
CRM,2025-12-12,2025-12-15,2025-12,2024-2025,True,False,4,0.0,0.0,True,0.0,False,
CRM,2025-12-15,2025-12-16,2025-12,2024-2025,False,False,2,0.0,-3.3000000000000007,True,3.3000000000000007,False,
CRM,2025-12-15,2025-12-16,2025-12,2024-2025,False,False,4,0.0,-6.300000000000003,True,6.300000000000003,False,
CRM,2025-12-16,2025-12-17,2025-12,2024-2025,False,False,2,0.0,50.699999999999996,True,-50.699999999999996,False,
CRM,2025-12-16,2025-12-17,2025-12,2024-2025,False,False,4,0.0,58.69999999999999,True,-58.69999999999999,False,
CRM,2025-12-17,2025-12-18,2025-12,2024-2025,False,False,2,0.0,-2.3,True,2.3,False,
CRM,2025-12-17,2025-12-18,2025-12,2024-2025,False,False,4,0.0,5.700000000000001,True,-5.700000000000001,False,
CRM,2025-12-18,2025-12-19,2025-12,2024-2025,False,False,2,0.0,-2.300000000000003,True,2.300000000000003,False,
CRM,2025-12-18,2025-12-19,2025-12,2024-2025,False,False,4,0.0,16.699999999999996,True,-16.699999999999996,False,
CRM,2025-12-19,2025-12-22,2025-12,2024-2025,False,False,2,0.0,-15.29999999999999,True,15.29999999999999,False,
CRM,2025-12-19,2025-12-22,2025-12,2024-2025,False,False,4,0.0,44.70000000000001,True,-44.70000000000001,False,
CRM,2025-12-22,2025-12-23,2025-12,2024-2025,True,False,2,0.0,-4.300000000000002,True,4.300000000000002,False,
CRM,2025-12-22,2025-12-23,2025-12,2024-2025,True,False,4,0.0,19.7,True,-19.7,False,
CRM,2025-12-23,2025-12-24,2025-12,2024-2025,False,False,2,0.0,19.7,True,-19.7,False,
CRM,2025-12-23,2025-12-24,2025-12,2024-2025,False,False,4,0.0,27.699999999999996,True,-27.699999999999996,False,
CRM,2025-12-24,2025-12-26,2025-12,2024-2025,False,False,2,0.0,9.7,True,-9.7,False,
CRM,2025-12-24,2025-12-26,2025-12,2024-2025,False,False,4,0.0,17.699999999999996,True,-17.699999999999996,False,
CRM,2025-12-26,2025-12-29,2025-12,2024-2025,False,False,2,0.0,5.699999999999997,True,-5.699999999999997,False,
CRM,2025-12-26,2025-12-29,2025-12,2024-2025,False,False,4,0.0,32.7,True,-32.7,False,
CRM,2025-12-29,2025-12-30,2025-12,2024-2025,False,False,2,0.0,-1.2999999999999992,True,1.2999999999999992,False,
CRM,2025-12-29,2025-12-30,2025-12,2024-2025,False,False,4,0.0,3.7,True,-3.7,False,
CRM,2025-12-30,2025-12-31,2025-12,2024-2025,False,False,2,0.0,18.699999999999996,True,-18.699999999999996,False,
CRM,2025-12-30,2025-12-31,2025-12,2024-2025,False,False,4,0.0,14.699999999999998,True,-14.699999999999998,False,
CRM,2025-12-31,2026-01-02,2026-01,2024-2025,True,False,2,0.0,-8.299999999999999,True,8.299999999999999,False,
CRM,2025-12-31,2026-01-02,2026-01,2024-2025,True,False,4,0.0,-3.3000000000000007,True,3.3000000000000007,False,
CRM,2026-01-02,2026-01-05,2026-01,2026,False,False,2,0.0,-159.29999999999998,True,159.29999999999998,False,
CRM,2026-01-02,2026-01-05,2026-01,2026,False,False,4,0.0,33.7,True,-33.7,False,
CRM,2026-01-05,2026-01-06,2026-01,2026,False,False,2,0.0,17.699999999999992,True,-17.699999999999992,False,
CRM,2026-01-05,2026-01-06,2026-01,2026,False,False,4,0.0,68.7,True,-68.7,False,
CRM,2026-01-06,2026-01-07,2026-01,2026,False,False,2,0.0,58.69999999999999,True,-58.69999999999999,False,
CRM,2026-01-06,2026-01-07,2026-01,2026,False,False,4,0.0,73.69999999999999,True,-73.69999999999999,False,
CRM,2026-01-07,2026-01-08,2026-01,2026,False,False,2,0.0,2.6999999999999984,True,-2.6999999999999984,False,
CRM,2026-01-07,2026-01-08,2026-01,2026,False,False,4,0.0,16.699999999999996,True,-16.699999999999996,False,
CRM,2026-01-08,2026-01-09,2026-01,2026,False,False,2,0.0,13.7,True,-13.7,False,
CRM,2026-01-08,2026-01-09,2026-01,2026,False,False,4,0.0,14.699999999999998,True,-14.699999999999998,False,
CRM,2026-01-09,2026-01-12,2026-01,2026,True,False,2,0.0,12.699999999999998,True,-12.699999999999998,False,
CRM,2026-01-09,2026-01-12,2026-01,2026,True,False,4,0.0,15.7,True,-15.7,False,
CRM,2026-01-12,2026-01-13,2026-01,2026,False,False,2,0.0,-14.3,True,14.3,False,
CRM,2026-01-12,2026-01-13,2026-01,2026,False,False,4,0.0,-21.3,True,21.3,False,
CRM,2026-01-13,2026-01-14,2026-01,2026,False,False,2,0.0,15.7,True,-15.7,False,
CRM,2026-01-13,2026-01-14,2026-01,2026,False,False,4,0.0,19.7,True,-19.7,False,
CRM,2026-01-14,2026-01-15,2026-01,2026,False,False,2,0.0,-5.3000000000000025,True,5.3000000000000025,False,
CRM,2026-01-14,2026-01-15,2026-01,2026,False,False,4,0.0,10.699999999999998,True,-10.699999999999998,False,
CRM,2026-01-15,2026-01-16,2026-01,2026,False,False,2,0.0,-1.3000000000000005,True,1.3000000000000005,False,
CRM,2026-01-15,2026-01-16,2026-01,2026,False,False,4,0.0,1.699999999999999,True,-1.699999999999999,False,
CRM,2026-01-16,2026-01-20,2026-01,2026,False,False,2,0.0,-17.3,True,17.3,False,
CRM,2026-01-16,2026-01-20,2026-01,2026,False,False,4,0.0,-16.3,True,16.3,False,
CRM,2026-01-20,2026-01-21,2026-01,2026,True,False,2,0.0,-41.3,True,41.3,False,
CRM,2026-01-20,2026-01-21,2026-01,2026,True,False,4,0.0,-23.300000000000004,True,23.300000000000004,False,
CRM,2026-01-21,2026-01-22,2026-01,2026,False,False,2,0.0,-26.30000000000001,True,26.30000000000001,False,
CRM,2026-01-21,2026-01-22,2026-01,2026,False,False,4,0.0,20.699999999999996,True,-20.699999999999996,False,
CRM,2026-01-22,2026-01-23,2026-01,2026,False,False,2,0.0,-0.3000000000000038,True,0.3000000000000038,False,
CRM,2026-01-22,2026-01-23,2026-01,2026,False,False,4,0.0,29.699999999999992,True,-29.699999999999992,False,
CRM,2026-02-26,2026-02-27,2026-02,2026,True,False,2,0.0,5.699999999999999,True,-5.699999999999999,False,
CRM,2026-02-26,2026-02-27,2026-02,2026,True,False,4,0.0,9.699999999999998,True,-9.699999999999998,False,
CRM,2026-02-27,2026-03-02,2026-03,2026,False,False,2,0.0,13.699999999999996,True,-13.699999999999996,False,
CRM,2026-02-27,2026-03-02,2026-03,2026,False,False,4,0.0,19.699999999999996,True,-19.699999999999996,False,
CRM,2026-03-02,2026-03-03,2026-03,2026,False,False,2,0.0,-62.29999999999998,True,62.29999999999998,False,
CRM,2026-03-02,2026-03-03,2026-03,2026,False,False,4,0.0,42.7,True,-42.7,False,
CRM,2026-03-03,2026-03-04,2026-03,2026,False,False,2,0.0,-53.3,True,53.3,False,
CRM,2026-03-03,2026-03-04,2026-03,2026,False,False,4,0.0,4.700000000000001,True,-4.700000000000001,False,
CRM,2026-03-04,2026-03-05,2026-03,2026,False,False,2,0.0,88.69999999999999,True,-88.69999999999999,False,
CRM,2026-03-04,2026-03-05,2026-03,2026,False,False,4,0.0,133.7,True,-133.7,False,
CRM,2026-03-05,2026-03-06,2026-03,2026,False,False,2,0.0,23.7,True,-23.7,False,
CRM,2026-03-05,2026-03-06,2026-03,2026,False,False,4,0.0,32.7,True,-32.7,False,
CRM,2026-03-06,2026-03-09,2026-03,2026,True,False,2,0.0,3.7,True,-3.7,False,
CRM,2026-03-06,2026-03-09,2026-03,2026,True,False,4,0.0,-124.30000000000001,True,124.30000000000001,False,
CRM,2026-03-09,2026-03-10,2026-03,2026,False,False,2,0.0,-19.300000000000004,True,19.300000000000004,False,
CRM,2026-03-09,2026-03-10,2026-03,2026,False,False,4,0.0,23.7,True,-23.7,False,
CRM,2026-03-10,2026-03-11,2026-03,2026,False,False,2,0.0,-0.30000000000000104,True,0.30000000000000104,False,
CRM,2026-03-10,2026-03-11,2026-03,2026,False,False,4,0.0,9.699999999999998,True,-9.699999999999998,False,
CRM,2026-03-11,2026-03-12,2026-03,2026,False,False,2,0.0,61.7,True,-61.7,False,
CRM,2026-03-11,2026-03-12,2026-03,2026,False,False,4,0.0,89.7,True,-89.7,False,
CRM,2026-03-12,2026-03-13,2026-03,2026,False,False,2,0.0,3.6999999999999984,True,-3.6999999999999984,False,
CRM,2026-03-12,2026-03-13,2026-03,2026,False,False,4,0.0,7.699999999999998,True,-7.699999999999998,False,
CRM,2026-03-13,2026-03-16,2026-03,2026,False,False,2,0.0,26.700000000000003,True,-26.700000000000003,False,
CRM,2026-03-13,2026-03-16,2026-03,2026,False,False,4,0.0,40.7,True,-40.7,False,
CRM,2026-03-16,2026-03-17,2026-03,2026,True,False,2,0.0,-3.3000000000000007,True,3.3000000000000007,False,
CRM,2026-03-16,2026-03-17,2026-03,2026,True,False,4,0.0,9.7,True,-9.7,False,
CRM,2026-03-17,2026-03-18,2026-03,2026,False,False,2,0.0,-13.300000000000004,True,13.300000000000004,False,
CRM,2026-03-17,2026-03-18,2026-03,2026,False,False,4,0.0,31.699999999999992,True,-31.699999999999992,False,
CRM,2026-03-18,2026-03-19,2026-03,2026,False,False,2,0.0,10.699999999999998,True,-10.699999999999998,False,
CRM,2026-03-18,2026-03-19,2026-03,2026,False,False,4,0.0,21.7,True,-21.7,False,
CRM,2026-03-19,2026-03-20,2026-03,2026,False,False,2,0.0,29.7,True,-29.7,False,
CRM,2026-03-19,2026-03-20,2026-03,2026,False,False,4,0.0,31.7,True,-31.7,False,
CRM,2026-03-20,2026-03-23,2026-03,2026,False,False,2,0.0,11.7,True,-11.7,False,
CRM,2026-03-20,2026-03-23,2026-03,2026,False,False,4,0.0,22.7,True,-22.7,False,
CRM,2026-03-23,2026-03-24,2026-03,2026,False,False,2,0.0,-22.300000000000004,True,22.300000000000004,False,
CRM,2026-03-23,2026-03-24,2026-03,2026,False,False,4,0.0,5.700000000000002,True,-5.700000000000002,False,
CRM,2026-03-24,2026-03-25,2026-03,2026,True,False,2,0.0,-22.3,True,22.3,False,
CRM,2026-03-24,2026-03-25,2026-03,2026,True,False,4,0.0,4.699999999999999,True,-4.699999999999999,False,
CRM,2026-03-25,2026-03-26,2026-03,2026,False,False,2,0.0,32.7,True,-32.7,False,
CRM,2026-03-25,2026-03-26,2026-03,2026,False,False,4,0.0,55.70000000000001,True,-55.70000000000001,False,
CRM,2026-03-26,2026-03-27,2026-03,2026,False,False,2,0.0,-6.3,True,6.3,False,
CRM,2026-03-26,2026-03-27,2026-03,2026,False,False,4,0.0,7.700000000000002,True,-7.700000000000002,False,
CRM,2026-03-27,2026-03-30,2026-03,2026,False,False,2,0.0,23.7,True,-23.7,False,
CRM,2026-03-27,2026-03-30,2026-03,2026,False,False,4,0.0,65.7,True,-65.7,False,
CRM,2026-03-30,2026-03-31,2026-03,2026,False,False,2,0.0,27.699999999999992,True,-27.699999999999992,False,
CRM,2026-03-30,2026-03-31,2026-03,2026,False,False,4,0.0,44.7,True,-44.7,False,
CRM,2026-03-31,2026-04-01,2026-04,2026,False,False,2,0.0,16.699999999999996,True,-16.699999999999996,False,
CRM,2026-03-31,2026-04-01,2026-04,2026,False,False,4,0.0,20.699999999999996,True,-20.699999999999996,False,
CRM,2026-04-01,2026-04-02,2026-04,2026,True,False,2,0.0,11.7,True,-11.7,False,
CRM,2026-04-01,2026-04-02,2026-04,2026,True,False,4,0.0,22.7,True,-22.7,False,
CRM,2026-04-02,2026-04-06,2026-04,2026,False,False,2,0.0,12.699999999999998,True,-12.699999999999998,False,
CRM,2026-04-02,2026-04-06,2026-04,2026,False,False,4,0.0,17.7,True,-17.7,False,
CRM,2026-04-06,2026-04-07,2026-04,2026,False,False,2,0.0,24.699999999999996,True,-24.699999999999996,False,
CRM,2026-04-06,2026-04-07,2026-04,2026,False,False,4,0.0,24.699999999999996,True,-24.699999999999996,False,
CRM,2026-04-07,2026-04-08,2026-04,2026,False,False,2,0.0,3.7,True,-3.7,False,
CRM,2026-04-07,2026-04-08,2026-04,2026,False,False,4,0.0,8.7,True,-8.7,False,
CRM,2026-04-08,2026-04-09,2026-04,2026,False,False,2,0.0,-1.2999999999999992,True,1.2999999999999992,False,
CRM,2026-04-08,2026-04-09,2026-04,2026,False,False,4,0.0,-8.299999999999999,True,8.299999999999999,False,
CRM,2026-04-09,2026-04-10,2026-04,2026,False,False,2,0.0,-1.300000000000002,True,1.300000000000002,False,
CRM,2026-04-09,2026-04-10,2026-04,2026,False,False,4,0.0,-35.300000000000004,True,35.300000000000004,False,
CRM,2026-04-10,2026-04-13,2026-04,2026,True,False,2,0.0,-101.3,True,101.3,False,
CRM,2026-04-10,2026-04-13,2026-04,2026,True,False,4,0.0,-88.30000000000001,True,88.30000000000001,False,
CRM,2026-04-13,2026-04-14,2026-04,2026,False,False,2,0.0,-92.3,True,92.3,False,
CRM,2026-04-13,2026-04-14,2026-04,2026,False,False,4,0.0,-131.3,True,131.3,False,
CRM,2026-04-14,2026-04-15,2026-04,2026,False,False,2,0.0,-10.300000000000008,True,10.300000000000008,False,
CRM,2026-04-14,2026-04-15,2026-04,2026,False,False,4,0.0,-160.3,True,160.3,False,
CRM,2026-04-15,2026-04-16,2026-04,2026,False,False,2,0.0,-20.300000000000008,True,20.300000000000008,False,
CRM,2026-04-15,2026-04-16,2026-04,2026,False,False,4,0.0,-43.300000000000004,True,43.300000000000004,False,
CRM,2026-04-16,2026-04-17,2026-04,2026,False,False,2,0.0,-52.3,True,52.3,False,
CRM,2026-04-16,2026-04-17,2026-04,2026,False,False,4,0.0,36.699999999999996,True,-36.699999999999996,False,
CRM,2026-04-17,2026-04-20,2026-04,2026,False,False,2,0.0,-32.300000000000004,True,32.300000000000004,False,
CRM,2026-04-17,2026-04-20,2026-04,2026,False,False,4,0.0,63.69999999999999,True,-63.69999999999999,False,
CRM,2026-04-20,2026-04-21,2026-04,2026,True,False,2,0.0,48.7,True,-48.7,False,
CRM,2026-04-20,2026-04-21,2026-04,2026,True,False,4,0.0,52.699999999999996,True,-52.699999999999996,False,
CRM,2026-04-21,2026-04-22,2026-04,2026,False,False,2,0.0,74.7,True,-74.7,False,
CRM,2026-04-21,2026-04-22,2026-04,2026,False,False,4,0.0,74.7,True,-74.7,False,
CRM,2026-04-22,2026-04-23,2026-04,2026,False,False,2,0.0,-7.3,True,7.3,False,
CRM,2026-04-22,2026-04-23,2026-04,2026,False,False,4,0.0,-5.300000000000001,True,5.300000000000001,False,
CRM,2026-04-23,2026-04-24,2026-04,2026,False,False,2,0.0,-39.3,True,39.3,False,
CRM,2026-04-23,2026-04-24,2026-04,2026,False,False,4,0.0,72.7,True,-72.7,False,
CRM,2026-05-28,2026-05-29,2026-05,2026,True,False,2,0.0,-523.3,True,523.3,False,
CRM,2026-05-28,2026-05-29,2026-05,2026,True,False,4,0.0,363.70000000000005,True,-363.70000000000005,False,
CRM,2026-05-29,2026-06-01,2026-06,2026,False,False,2,0.0,475.70000000000005,True,-475.70000000000005,False,
CRM,2026-05-29,2026-06-01,2026-06,2026,False,False,4,0.0,495.70000000000005,True,-495.70000000000005,False,
CRM,2026-06-01,2026-06-02,2026-06,2026,False,False,2,27.699999999999996,8.7,True,18.999999999999996,True,7.999999999999999
CRM,2026-06-01,2026-06-02,2026-06,2026,False,False,4,36.7,17.699999999999996,True,19.000000000000007,True,7.999999999999999
CRM,2026-06-02,2026-06-03,2026-06,2026,False,False,2,0.0,-2.3,True,2.3,False,
CRM,2026-06-02,2026-06-03,2026-06,2026,False,False,4,0.0,3.7,True,-3.7,False,
CRM,2026-06-03,2026-06-04,2026-06,2026,False,False,2,0.0,32.7,True,-32.7,False,
CRM,2026-06-03,2026-06-04,2026-06,2026,False,False,4,0.0,34.7,True,-34.7,False,
CRM,2026-06-04,2026-06-05,2026-06,2026,False,False,2,0.0,18.7,True,-18.7,False,
CRM,2026-06-04,2026-06-05,2026-06,2026,False,False,4,0.0,17.7,True,-17.7,False,
CRM,2026-06-05,2026-06-08,2026-06,2026,True,False,2,0.0,17.699999999999996,True,-17.699999999999996,False,
CRM,2026-06-05,2026-06-08,2026-06,2026,True,False,4,0.0,-12.300000000000004,True,12.300000000000004,False,
CRM,2026-06-08,2026-06-09,2026-06,2026,False,False,2,0.0,7.700000000000002,True,-7.700000000000002,False,
CRM,2026-06-08,2026-06-09,2026-06,2026,False,False,4,0.0,9.7,True,-9.7,False,
CRM,2026-06-09,2026-06-10,2026-06,2026,False,False,2,0.0,11.699999999999994,True,-11.699999999999994,False,
CRM,2026-06-09,2026-06-10,2026-06,2026,False,False,4,0.0,21.699999999999996,True,-21.699999999999996,False,
CRM,2026-06-10,2026-06-11,2026-06,2026,False,False,2,0.0,7.699999999999998,True,-7.699999999999998,False,
CRM,2026-06-10,2026-06-11,2026-06,2026,False,False,4,0.0,,False,,False,
CRM,2026-06-11,2026-06-12,2026-06,2026,False,False,2,0.0,12.699999999999998,True,-12.699999999999998,False,
CRM,2026-06-11,2026-06-12,2026-06,2026,False,False,4,0.0,,False,,False,
CRM,2026-06-12,2026-06-15,2026-06,2026,False,False,2,0.0,,False,,False,
CRM,2026-06-12,2026-06-15,2026-06,2026,False,False,4,0.0,,False,,False,
CRM,2026-06-15,2026-06-16,2026-06,2026,True,False,2,0.0,,False,,False,
CRM,2026-06-15,2026-06-16,2026-06,2026,True,False,4,0.0,,False,,False,
CRWD,2024-06-05,2024-06-06,2024-06,2024-2025,True,True,2,0.0,,False,,False,
CRWD,2024-06-05,2024-06-06,2024-06,2024-2025,True,True,4,0.0,,False,,False,
CSCO,2025-03-24,2025-03-25,2025-03,2024-2025,True,True,2,0.0,-8.3,True,8.3,False,
CSCO,2025-03-24,2025-03-25,2025-03,2024-2025,True,True,4,0.0,-4.300000000000001,True,4.300000000000001,False,
CSCO,2025-03-25,2025-03-26,2025-03,2024-2025,False,True,2,0.0,15.7,True,-15.7,False,
CSCO,2025-03-25,2025-03-26,2025-03,2024-2025,False,True,4,0.0,,False,,False,
CSCO,2025-03-26,2025-03-27,2025-03,2024-2025,False,True,2,0.0,-2.3,True,2.3,False,
CSCO,2025-03-26,2025-03-27,2025-03,2024-2025,False,True,4,0.0,,False,,False,
CSCO,2025-03-27,2025-03-28,2025-03,2024-2025,False,True,2,0.0,,False,,False,
CSCO,2025-03-27,2025-03-28,2025-03,2024-2025,False,True,4,0.0,,False,,False,
CSCO,2025-03-28,2025-03-31,2025-03,2024-2025,False,True,2,0.0,,False,,False,
CSCO,2025-03-28,2025-03-31,2025-03,2024-2025,False,True,4,0.0,,False,,False,
CSCO,2025-03-31,2025-04-01,2025-04,2024-2025,False,True,2,0.0,3.700000000000001,True,-3.700000000000001,False,
CSCO,2025-03-31,2025-04-01,2025-04,2024-2025,False,True,4,0.0,,False,,False,
CSCO,2025-04-01,2025-04-02,2025-04,2024-2025,True,True,2,0.0,-14.3,True,14.3,False,
CSCO,2025-04-01,2025-04-02,2025-04,2024-2025,True,True,4,0.0,,False,,False,
CSCO,2025-04-02,2025-04-03,2025-04,2024-2025,False,True,2,0.0,,False,,False,
CSCO,2025-04-02,2025-04-03,2025-04,2024-2025,False,True,4,0.0,,False,,False,
CSCO,2025-04-03,2025-04-04,2025-04,2024-2025,False,True,2,0.0,,False,,False,
CSCO,2025-04-03,2025-04-04,2025-04,2024-2025,False,True,4,0.0,,False,,False,
CSCO,2026-03-25,2026-03-26,2026-03,2026,True,True,2,0.0,,False,,False,
CSCO,2026-03-25,2026-03-26,2026-03,2026,True,True,4,0.0,,False,,False,
CSCO,2026-03-26,2026-03-27,2026-03,2026,False,True,2,0.0,,False,,False,
CSCO,2026-03-26,2026-03-27,2026-03,2026,False,True,4,0.0,,False,,False,
CSCO,2026-03-27,2026-03-30,2026-03,2026,False,True,2,0.0,-13.300000000000002,True,13.300000000000002,False,
CSCO,2026-03-27,2026-03-30,2026-03,2026,False,True,4,0.0,-2.3000000000000007,True,2.3000000000000007,False,
CSCO,2026-03-30,2026-03-31,2026-03,2026,False,True,2,0.0,-7.299999999999999,True,7.299999999999999,False,
CSCO,2026-03-30,2026-03-31,2026-03,2026,False,True,4,0.0,,False,,False,
CSCO,2026-03-31,2026-04-01,2026-04,2026,False,True,2,0.0,-27.3,True,27.3,False,
CSCO,2026-03-31,2026-04-01,2026-04,2026,False,True,4,0.0,,False,,False,
CSCO,2026-04-01,2026-04-02,2026-04,2026,False,True,2,0.0,,False,,False,
CSCO,2026-04-01,2026-04-02,2026-04,2026,False,True,4,0.0,,False,,False,
CSCO,2026-04-02,2026-04-06,2026-04,2026,True,True,2,0.0,,False,,False,
CSCO,2026-04-02,2026-04-06,2026-04,2026,True,True,4,0.0,,False,,False,
CSCO,2026-04-06,2026-04-07,2026-04,2026,False,True,2,0.0,-52.3,True,52.3,False,
CSCO,2026-04-06,2026-04-07,2026-04,2026,False,True,4,0.0,4.6999999999999975,True,-4.6999999999999975,False,
CSCO,2026-04-07,2026-04-08,2026-04,2026,False,True,2,0.0,12.699999999999998,True,-12.699999999999998,False,
CSCO,2026-04-07,2026-04-08,2026-04,2026,False,True,4,0.0,,False,,False,
CSCO,2026-04-08,2026-04-09,2026-04,2026,False,True,2,0.0,4.700000000000001,True,-4.700000000000001,False,
CSCO,2026-04-08,2026-04-09,2026-04,2026,False,True,4,0.0,,False,,False,
CSCO,2026-04-09,2026-04-10,2026-04,2026,False,True,2,0.0,,False,,False,
CSCO,2026-04-09,2026-04-10,2026-04,2026,False,True,4,0.0,,False,,False,
CVS,2025-03-24,2025-03-25,2025-03,2024-2025,True,True,2,0.0,-12.3,True,12.3,False,
CVS,2025-03-24,2025-03-25,2025-03,2024-2025,True,True,4,0.0,-7.300000000000001,True,7.300000000000001,False,
CVS,2025-03-25,2025-03-26,2025-03,2024-2025,False,True,2,0.0,-1.300000000000002,True,1.300000000000002,False,
CVS,2025-03-25,2025-03-26,2025-03,2024-2025,False,True,4,0.0,,False,,False,
CVS,2025-03-26,2025-03-27,2025-03,2024-2025,False,True,2,0.0,-1.2999999999999992,True,1.2999999999999992,False,
CVS,2025-03-26,2025-03-27,2025-03,2024-2025,False,True,4,0.0,,False,,False,
CVS,2025-03-27,2025-03-28,2025-03,2024-2025,False,True,2,0.0,,False,,False,
CVS,2025-03-27,2025-03-28,2025-03,2024-2025,False,True,4,0.0,,False,,False,
CVS,2025-03-28,2025-03-31,2025-03,2024-2025,False,True,2,0.0,,False,,False,
CVS,2025-03-28,2025-03-31,2025-03,2024-2025,False,True,4,0.0,,False,,False,
CVS,2026-03-25,2026-03-26,2026-03,2026,True,True,2,0.0,,False,,False,
CVS,2026-03-25,2026-03-26,2026-03,2026,True,True,4,0.0,,False,,False,
CVS,2026-03-26,2026-03-27,2026-03,2026,False,True,2,0.0,,False,,False,
CVS,2026-03-26,2026-03-27,2026-03,2026,False,True,4,0.0,,False,,False,
CVS,2026-03-27,2026-03-30,2026-03,2026,False,True,2,0.0,-25.3,True,25.3,False,
CVS,2026-03-27,2026-03-30,2026-03,2026,False,True,4,0.0,-24.300000000000004,True,24.300000000000004,False,
CVS,2026-03-30,2026-03-31,2026-03,2026,False,True,2,0.0,-28.299999999999997,True,28.299999999999997,False,
CVS,2026-03-30,2026-03-31,2026-03,2026,False,True,4,0.0,,False,,False,
CVS,2026-03-31,2026-04-01,2026-04,2026,False,True,2,0.0,-24.300000000000004,True,24.300000000000004,False,
CVS,2026-03-31,2026-04-01,2026-04,2026,False,True,4,0.0,,False,,False,
CVS,2026-04-01,2026-04-02,2026-04,2026,False,True,2,0.0,,False,,False,
CVS,2026-04-01,2026-04-02,2026-04,2026,False,True,4,0.0,,False,,False,
DASH,2024-12-06,2024-12-09,2024-12,2024-2025,True,True,2,0.0,,False,,False,
DASH,2024-12-06,2024-12-09,2024-12,2024-2025,True,True,4,0.0,,False,,False,
DG,2024-07-22,2024-07-23,2024-07,2024-2025,True,True,2,0.0,-3.3,True,3.3,False,
DG,2024-07-22,2024-07-23,2024-07,2024-2025,True,True,4,0.0,-3.3,True,3.3,False,
DG,2024-07-23,2024-07-24,2024-07,2024-2025,False,True,2,0.0,-9.299999999999999,True,9.299999999999999,False,
DG,2024-07-23,2024-07-24,2024-07,2024-2025,False,True,4,0.0,,False,,False,
DG,2024-07-24,2024-07-25,2024-07,2024-2025,False,True,2,0.0,19.699999999999996,True,-19.699999999999996,False,
DG,2024-07-24,2024-07-25,2024-07,2024-2025,False,True,4,0.0,,False,,False,
DG,2024-07-25,2024-07-26,2024-07,2024-2025,False,True,2,0.0,,False,,False,
DG,2024-07-25,2024-07-26,2024-07,2024-2025,False,True,4,0.0,,False,,False,
DG,2024-07-26,2024-07-29,2024-07,2024-2025,False,True,2,0.0,,False,,False,
DG,2024-07-26,2024-07-29,2024-07,2024-2025,False,True,4,0.0,,False,,False,
DG,2025-03-24,2025-03-25,2025-03,2024-2025,True,True,2,0.0,-96.3,True,96.3,False,
DG,2025-03-24,2025-03-25,2025-03,2024-2025,True,True,4,0.0,-63.3,True,63.3,False,
DG,2025-03-25,2025-03-26,2025-03,2024-2025,False,True,2,0.0,-50.3,True,50.3,False,
DG,2025-03-25,2025-03-26,2025-03,2024-2025,False,True,4,0.0,,False,,False,
DG,2025-03-26,2025-03-27,2025-03,2024-2025,False,True,2,0.0,2.7000000000000046,True,-2.7000000000000046,False,
DG,2025-03-26,2025-03-27,2025-03,2024-2025,False,True,4,0.0,,False,,False,
DG,2025-03-27,2025-03-28,2025-03,2024-2025,False,True,2,0.0,0.0,True,0.0,False,
DG,2025-03-27,2025-03-28,2025-03,2024-2025,False,True,4,0.0,0.0,True,0.0,False,
DG,2025-03-28,2025-03-31,2025-03,2024-2025,False,True,2,0.0,,False,,False,
DG,2025-03-28,2025-03-31,2025-03,2024-2025,False,True,4,0.0,,False,,False,
DG,2025-03-31,2025-04-01,2025-04,2024-2025,False,True,2,0.0,-189.3,True,189.3,False,
DG,2025-03-31,2025-04-01,2025-04,2024-2025,False,True,4,0.0,,False,,False,
DG,2025-04-01,2025-04-02,2025-04,2024-2025,True,True,2,0.0,-274.29999999999995,True,274.29999999999995,False,
DG,2025-04-01,2025-04-02,2025-04,2024-2025,True,True,4,0.0,,False,,False,
DG,2025-04-02,2025-04-03,2025-04,2024-2025,False,True,2,0.0,,False,,False,
DG,2025-04-02,2025-04-03,2025-04,2024-2025,False,True,4,0.0,,False,,False,
DG,2025-04-03,2025-04-04,2025-04,2024-2025,False,True,2,0.0,,False,,False,
DG,2025-04-03,2025-04-04,2025-04,2024-2025,False,True,4,0.0,,False,,False,
DG,2026-03-25,2026-03-26,2026-03,2026,True,True,2,0.0,,False,,False,
DG,2026-03-25,2026-03-26,2026-03,2026,True,True,4,0.0,,False,,False,
DG,2026-03-26,2026-03-27,2026-03,2026,False,True,2,0.0,,False,,False,
DG,2026-03-26,2026-03-27,2026-03,2026,False,True,4,0.0,,False,,False,
DG,2026-03-27,2026-03-30,2026-03,2026,False,True,2,0.0,-10.3,True,10.3,False,
DG,2026-03-27,2026-03-30,2026-03,2026,False,True,4,0.0,-21.3,True,21.3,False,
DG,2026-03-30,2026-03-31,2026-03,2026,False,True,2,0.0,-32.300000000000004,True,32.300000000000004,False,
DG,2026-03-30,2026-03-31,2026-03,2026,False,True,4,0.0,,False,,False,
DG,2026-03-31,2026-04-01,2026-04,2026,False,True,2,0.0,-92.3,True,92.3,False,
DG,2026-03-31,2026-04-01,2026-04,2026,False,True,4,0.0,,False,,False,
DG,2026-04-01,2026-04-02,2026-04,2026,False,True,2,0.0,,False,,False,
DG,2026-04-01,2026-04-02,2026-04,2026,False,True,4,0.0,,False,,False,
DG,2026-04-02,2026-04-06,2026-04,2026,True,True,2,0.0,,False,,False,
DG,2026-04-02,2026-04-06,2026-04,2026,True,True,4,0.0,,False,,False,
DG,2026-04-06,2026-04-07,2026-04,2026,False,True,2,0.0,-218.3,True,218.3,False,
DG,2026-04-06,2026-04-07,2026-04,2026,False,True,4,0.0,-33.3,True,33.3,False,
DG,2026-04-07,2026-04-08,2026-04,2026,False,True,2,0.0,0.0,True,0.0,False,
DG,2026-04-07,2026-04-08,2026-04,2026,False,True,4,0.0,0.0,True,0.0,False,
DG,2026-04-08,2026-04-09,2026-04,2026,False,True,2,0.0,0.0,True,0.0,False,
DG,2026-04-08,2026-04-09,2026-04,2026,False,True,4,0.0,0.0,True,0.0,False,
DG,2026-04-09,2026-04-10,2026-04,2026,False,True,2,0.0,,False,,False,
DG,2026-04-09,2026-04-10,2026-04,2026,False,True,4,0.0,,False,,False,
DG,2026-04-10,2026-04-13,2026-04,2026,False,True,2,0.0,,False,,False,
DG,2026-04-10,2026-04-13,2026-04,2026,False,True,4,0.0,,False,,False,
DG,2026-04-13,2026-04-14,2026-04,2026,True,True,2,0.0,-76.3,True,76.3,False,
DG,2026-04-13,2026-04-14,2026-04,2026,True,True,4,0.0,-70.3,True,70.3,False,
DG,2026-04-14,2026-04-15,2026-04,2026,False,True,2,0.0,-114.30000000000001,True,114.30000000000001,False,
DG,2026-04-14,2026-04-15,2026-04,2026,False,True,4,0.0,,False,,False,
DG,2026-04-15,2026-04-16,2026-04,2026,False,True,2,0.0,-23.300000000000008,True,23.300000000000008,False,
DG,2026-04-15,2026-04-16,2026-04,2026,False,True,4,0.0,,False,,False,
DG,2026-04-16,2026-04-17,2026-04,2026,False,True,2,0.0,,False,,False,
DG,2026-04-16,2026-04-17,2026-04,2026,False,True,4,0.0,,False,,False,
DG,2026-04-17,2026-04-20,2026-04,2026,False,True,2,0.0,,False,,False,
DG,2026-04-17,2026-04-20,2026-04,2026,False,True,4,0.0,,False,,False,
DG,2026-04-20,2026-04-21,2026-04,2026,False,True,2,0.0,,False,,False,
DG,2026-04-20,2026-04-21,2026-04,2026,False,True,4,0.0,,False,,False,
DG,2026-04-21,2026-04-22,2026-04,2026,True,True,2,0.0,0.0,True,0.0,False,
DG,2026-04-21,2026-04-22,2026-04,2026,True,True,4,0.0,0.0,True,0.0,False,
DIS,2025-12-10,2025-12-11,2025-12,2024-2025,True,False,2,0.0,4.700000000000001,True,-4.700000000000001,False,
DIS,2025-12-10,2025-12-11,2025-12,2024-2025,True,False,4,0.0,15.7,True,-15.7,False,
DIS,2025-12-11,2025-12-12,2025-12,2024-2025,False,False,2,0.0,-3.3000000000000007,True,3.3000000000000007,False,
DIS,2025-12-11,2025-12-12,2025-12,2024-2025,False,False,4,0.0,3.7,True,-3.7,False,
DIS,2025-12-12,2025-12-15,2025-12,2024-2025,False,False,2,0.0,1.7000000000000004,True,-1.7000000000000004,False,
DIS,2025-12-12,2025-12-15,2025-12,2024-2025,False,False,4,0.0,8.700000000000001,True,-8.700000000000001,False,
DIS,2025-12-15,2025-12-16,2025-12,2024-2025,False,False,2,0.0,0.7000000000000026,True,-0.7000000000000026,False,
DIS,2025-12-15,2025-12-16,2025-12,2024-2025,False,False,4,0.0,16.7,True,-16.7,False,
DIS,2025-12-16,2025-12-17,2025-12,2024-2025,False,False,2,0.0,-5.299999999999999,True,5.299999999999999,False,
DIS,2025-12-16,2025-12-17,2025-12,2024-2025,False,False,4,0.0,2.700000000000001,True,-2.700000000000001,False,
DIS,2025-12-17,2025-12-18,2025-12,2024-2025,False,False,2,0.0,6.699999999999999,True,-6.699999999999999,False,
DIS,2025-12-17,2025-12-18,2025-12,2024-2025,False,False,4,0.0,7.699999999999998,True,-7.699999999999998,False,
DIS,2025-12-18,2025-12-19,2025-12,2024-2025,True,False,2,0.0,-6.3,True,6.3,False,
DIS,2025-12-18,2025-12-19,2025-12,2024-2025,True,False,4,0.0,-3.3,True,3.3,False,
DIS,2025-12-19,2025-12-22,2025-12,2024-2025,False,False,2,0.0,-15.300000000000002,True,15.300000000000002,False,
DIS,2025-12-19,2025-12-22,2025-12,2024-2025,False,False,4,0.0,2.6999999999999984,True,-2.6999999999999984,False,
DIS,2025-12-22,2025-12-23,2025-12,2024-2025,False,False,2,0.0,0.6999999999999997,True,-0.6999999999999997,False,
DIS,2025-12-22,2025-12-23,2025-12,2024-2025,False,False,4,0.0,1.7000000000000004,True,-1.7000000000000004,False,
DIS,2025-12-23,2025-12-24,2025-12,2024-2025,False,False,2,0.0,9.7,True,-9.7,False,
DIS,2025-12-23,2025-12-24,2025-12,2024-2025,False,False,4,0.0,17.699999999999996,True,-17.699999999999996,False,
DIS,2025-12-24,2025-12-26,2025-12,2024-2025,False,False,2,0.0,-3.3000000000000007,True,3.3000000000000007,False,
DIS,2025-12-24,2025-12-26,2025-12,2024-2025,False,False,4,0.0,0.6999999999999997,True,-0.6999999999999997,False,
DIS,2025-12-26,2025-12-29,2025-12,2024-2025,False,False,2,0.0,-4.299999999999999,True,4.299999999999999,False,
DIS,2025-12-26,2025-12-29,2025-12,2024-2025,False,False,4,0.0,1.7000000000000004,True,-1.7000000000000004,False,
DIS,2025-12-29,2025-12-30,2025-12,2024-2025,True,False,2,0.0,3.7,True,-3.7,False,
DIS,2025-12-29,2025-12-30,2025-12,2024-2025,True,False,4,0.0,2.7,True,-2.7,False,
DIS,2025-12-30,2025-12-31,2025-12,2024-2025,False,False,2,0.0,-9.299999999999999,True,9.299999999999999,False,
DIS,2025-12-30,2025-12-31,2025-12,2024-2025,False,False,4,0.0,-14.3,True,14.3,False,
DIS,2025-12-31,2026-01-02,2026-01,2024-2025,False,False,2,0.0,-10.3,True,10.3,False,
DIS,2025-12-31,2026-01-02,2026-01,2024-2025,False,False,4,0.0,-2.3,True,2.3,False,
DIS,2026-02-03,2026-02-04,2026-02,2026,True,False,2,0.0,-6.300000000000003,True,6.300000000000003,False,
DIS,2026-02-03,2026-02-04,2026-02,2026,True,False,4,0.0,-25.3,True,25.3,False,
DIS,2026-02-04,2026-02-05,2026-02,2026,False,False,2,0.0,-6.300000000000001,True,6.300000000000001,False,
DIS,2026-02-04,2026-02-05,2026-02,2026,False,False,4,0.0,-2.3,True,2.3,False,
DIS,2026-02-05,2026-02-06,2026-02,2026,False,False,2,0.0,-15.300000000000002,True,15.300000000000002,False,
DIS,2026-02-05,2026-02-06,2026-02,2026,False,False,4,0.0,32.7,True,-32.7,False,
DIS,2026-02-06,2026-02-09,2026-02,2026,False,False,2,0.0,-7.300000000000001,True,7.300000000000001,False,
DIS,2026-02-06,2026-02-09,2026-02,2026,False,False,4,0.0,-3.3,True,3.3,False,
DIS,2026-02-09,2026-02-10,2026-02,2026,False,False,2,0.0,51.7,True,-51.7,False,
DIS,2026-02-09,2026-02-10,2026-02,2026,False,False,4,0.0,53.70000000000001,True,-53.70000000000001,False,
DIS,2026-02-10,2026-02-11,2026-02,2026,False,False,2,0.0,-2.2999999999999994,True,2.2999999999999994,False,
DIS,2026-02-10,2026-02-11,2026-02,2026,False,False,4,0.0,-6.3,True,6.3,False,
DIS,2026-02-11,2026-02-12,2026-02,2026,True,False,2,0.0,0.0,True,0.0,False,
DIS,2026-02-11,2026-02-12,2026-02,2026,True,False,4,0.0,0.0,True,0.0,False,
DIS,2026-02-12,2026-02-13,2026-02,2026,False,False,2,0.0,-7.299999999999999,True,7.299999999999999,False,
DIS,2026-02-12,2026-02-13,2026-02,2026,False,False,4,0.0,26.699999999999996,True,-26.699999999999996,False,
DIS,2026-02-13,2026-02-17,2026-02,2026,False,False,2,0.0,-3.3000000000000007,True,3.3000000000000007,False,
DIS,2026-02-13,2026-02-17,2026-02,2026,False,False,4,0.0,7.7,True,-7.7,False,
DIS,2026-02-17,2026-02-18,2026-02,2026,False,False,2,0.0,6.7,True,-6.7,False,
DIS,2026-02-17,2026-02-18,2026-02,2026,False,False,4,0.0,9.7,True,-9.7,False,
DIS,2026-02-18,2026-02-19,2026-02,2026,False,False,2,0.0,-9.3,True,9.3,False,
DIS,2026-02-18,2026-02-19,2026-02,2026,False,False,4,0.0,-8.3,True,8.3,False,
DIS,2026-02-19,2026-02-20,2026-02,2026,False,False,2,0.0,-3.3000000000000007,True,3.3000000000000007,False,
DIS,2026-02-19,2026-02-20,2026-02,2026,False,False,4,0.0,1.7000000000000004,True,-1.7000000000000004,False,
DIS,2026-02-20,2026-02-23,2026-02,2026,True,False,2,0.0,-2.3,True,2.3,False,
DIS,2026-02-20,2026-02-23,2026-02,2026,True,False,4,0.0,-0.3000000000000004,True,0.3000000000000004,False,
DIS,2026-02-23,2026-02-24,2026-02,2026,False,False,2,0.0,5.700000000000002,True,-5.700000000000002,False,
DIS,2026-02-23,2026-02-24,2026-02,2026,False,False,4,0.0,29.7,True,-29.7,False,
DIS,2026-02-24,2026-02-25,2026-02,2026,False,False,2,0.0,-13.300000000000002,True,13.300000000000002,False,
DIS,2026-02-24,2026-02-25,2026-02,2026,False,False,4,0.0,-2.3000000000000007,True,2.3000000000000007,False,
DIS,2026-02-25,2026-02-26,2026-02,2026,False,False,2,0.0,6.7,True,-6.7,False,
DIS,2026-02-25,2026-02-26,2026-02,2026,False,False,4,0.0,10.700000000000001,True,-10.700000000000001,False,
DIS,2026-02-26,2026-02-27,2026-02,2026,False,False,2,0.0,6.699999999999999,True,-6.699999999999999,False,
DIS,2026-02-26,2026-02-27,2026-02,2026,False,False,4,0.0,15.7,True,-15.7,False,
DIS,2026-02-27,2026-03-02,2026-03,2026,False,False,2,0.0,-8.3,True,8.3,False,
DIS,2026-02-27,2026-03-02,2026-03,2026,False,False,4,0.0,-1.3000000000000005,True,1.3000000000000005,False,
DIS,2026-03-02,2026-03-03,2026-03,2026,True,False,2,0.0,0.6999999999999997,True,-0.6999999999999997,False,
DIS,2026-03-02,2026-03-03,2026-03,2026,True,False,4,0.0,10.700000000000001,True,-10.700000000000001,False,
DIS,2026-03-03,2026-03-04,2026-03,2026,False,False,2,0.0,2.7,True,-2.7,False,
DIS,2026-03-03,2026-03-04,2026-03,2026,False,False,4,0.0,9.700000000000001,True,-9.700000000000001,False,
DIS,2026-03-04,2026-03-05,2026-03,2026,False,False,2,0.0,-0.3000000000000004,True,0.3000000000000004,False,
DIS,2026-03-04,2026-03-05,2026-03,2026,False,False,4,0.0,1.699999999999999,True,-1.699999999999999,False,
DIS,2026-03-05,2026-03-06,2026-03,2026,False,False,2,0.0,2.7,True,-2.7,False,
DIS,2026-03-05,2026-03-06,2026-03,2026,False,False,4,0.0,3.7,True,-3.7,False,
DIS,2026-03-06,2026-03-09,2026-03,2026,False,False,2,0.0,0.6999999999999997,True,-0.6999999999999997,False,
DIS,2026-03-06,2026-03-09,2026-03,2026,False,False,4,0.0,1.699999999999999,True,-1.699999999999999,False,
DIS,2026-03-09,2026-03-10,2026-03,2026,False,False,2,0.0,0.0,True,0.0,False,
DIS,2026-03-09,2026-03-10,2026-03,2026,False,False,4,0.0,0.0,True,0.0,False,
DIS,2026-03-10,2026-03-11,2026-03,2026,True,False,2,0.0,-6.300000000000001,True,6.300000000000001,False,
DIS,2026-03-10,2026-03-11,2026-03,2026,True,False,4,0.0,4.700000000000001,True,-4.700000000000001,False,
DIS,2026-03-11,2026-03-12,2026-03,2026,False,False,2,0.0,1.7,True,-1.7,False,
DIS,2026-03-11,2026-03-12,2026-03,2026,False,False,4,0.0,-0.2999999999999996,True,0.2999999999999996,False,
DIS,2026-03-12,2026-03-13,2026-03,2026,False,False,2,0.0,2.700000000000001,True,-2.700000000000001,False,
DIS,2026-03-12,2026-03-13,2026-03,2026,False,False,4,0.0,4.700000000000001,True,-4.700000000000001,False,
DIS,2026-03-13,2026-03-16,2026-03,2026,False,False,2,0.0,-3.3,True,3.3,False,
DIS,2026-03-13,2026-03-16,2026-03,2026,False,False,4,0.0,3.7,True,-3.7,False,
DIS,2026-03-16,2026-03-17,2026-03,2026,False,False,2,0.0,-1.2999999999999992,True,1.2999999999999992,False,
DIS,2026-03-16,2026-03-17,2026-03,2026,False,False,4,0.0,9.7,True,-9.7,False,
DIS,2026-03-17,2026-03-18,2026-03,2026,False,False,2,0.0,-26.3,True,26.3,False,
DIS,2026-03-17,2026-03-18,2026-03,2026,False,False,4,0.0,0.6999999999999997,True,-0.6999999999999997,False,
DIS,2026-03-18,2026-03-19,2026-03,2026,True,False,2,0.0,2.700000000000001,True,-2.700000000000001,False,
DIS,2026-03-18,2026-03-19,2026-03,2026,True,False,4,0.0,4.700000000000001,True,-4.700000000000001,False,
DIS,2026-03-19,2026-03-20,2026-03,2026,False,False,2,0.0,-0.30000000000000004,True,0.30000000000000004,False,
DIS,2026-03-19,2026-03-20,2026-03,2026,False,False,4,0.0,0.6999999999999997,True,-0.6999999999999997,False,
DIS,2026-03-20,2026-03-23,2026-03,2026,False,False,2,0.0,-1.3000000000000003,True,1.3000000000000003,False,
DIS,2026-03-20,2026-03-23,2026-03,2026,False,False,4,0.0,-0.3000000000000004,True,0.3000000000000004,False,
DIS,2026-03-23,2026-03-24,2026-03,2026,False,False,2,0.0,-2.2999999999999994,True,2.2999999999999994,False,
DIS,2026-03-23,2026-03-24,2026-03,2026,False,False,4,0.0,2.7,True,-2.7,False,
DIS,2026-03-24,2026-03-25,2026-03,2026,False,False,2,0.0,-6.3,True,6.3,False,
DIS,2026-03-24,2026-03-25,2026-03,2026,False,False,4,0.0,-2.2999999999999994,True,2.2999999999999994,False,
DIS,2026-03-25,2026-03-26,2026-03,2026,False,False,2,0.0,-3.3000000000000007,True,3.3000000000000007,False,
DIS,2026-03-25,2026-03-26,2026-03,2026,False,False,4,0.0,-1.3000000000000003,True,1.3000000000000003,False,
DIS,2026-03-26,2026-03-27,2026-03,2026,True,False,2,0.0,-6.3,True,6.3,False,
DIS,2026-03-26,2026-03-27,2026-03,2026,True,False,4,0.0,0.6999999999999997,True,-0.6999999999999997,False,
DIS,2026-03-27,2026-03-30,2026-03,2026,False,False,2,0.0,-19.3,True,19.3,False,
DIS,2026-03-27,2026-03-30,2026-03,2026,False,False,4,0.0,12.699999999999998,True,-12.699999999999998,False,
DIS,2026-03-30,2026-03-31,2026-03,2026,False,False,2,0.0,12.699999999999996,True,-12.699999999999996,False,
DIS,2026-03-30,2026-03-31,2026-03,2026,False,False,4,0.0,22.699999999999996,True,-22.699999999999996,False,
DIS,2026-03-31,2026-04-01,2026-04,2026,False,False,2,0.0,1.7,True,-1.7,False,
DIS,2026-03-31,2026-04-01,2026-04,2026,False,False,4,0.0,0.6999999999999997,True,-0.6999999999999997,False,
DIS,2026-04-01,2026-04-02,2026-04,2026,False,False,2,0.0,0.7000000000000004,True,-0.7000000000000004,False,
DIS,2026-04-01,2026-04-02,2026-04,2026,False,False,4,0.0,-8.299999999999999,True,8.299999999999999,False,
DIS,2026-05-07,2026-05-08,2026-05,2026,True,False,2,0.0,0.0,True,0.0,False,
DIS,2026-05-07,2026-05-08,2026-05,2026,True,False,4,0.0,0.0,True,0.0,False,
DIS,2026-05-08,2026-05-11,2026-05,2026,False,False,2,0.0,-4.300000000000001,True,4.300000000000001,False,
DIS,2026-05-08,2026-05-11,2026-05,2026,False,False,4,0.0,-0.3000000000000004,True,0.3000000000000004,False,
DIS,2026-05-11,2026-05-12,2026-05,2026,False,False,2,0.0,-0.30000000000000104,True,0.30000000000000104,False,
DIS,2026-05-11,2026-05-12,2026-05,2026,False,False,4,0.0,12.699999999999996,True,-12.699999999999996,False,
DIS,2026-05-12,2026-05-13,2026-05,2026,False,False,2,0.0,-3.3,True,3.3,False,
DIS,2026-05-12,2026-05-13,2026-05,2026,False,False,4,0.0,-1.3000000000000005,True,1.3000000000000005,False,
DIS,2026-05-13,2026-05-14,2026-05,2026,False,False,2,0.0,2.7,True,-2.7,False,
DIS,2026-05-13,2026-05-14,2026-05,2026,False,False,4,0.0,4.700000000000001,True,-4.700000000000001,False,
DIS,2026-05-14,2026-05-15,2026-05,2026,False,False,2,0.0,-2.3000000000000007,True,2.3000000000000007,False,
DIS,2026-05-14,2026-05-15,2026-05,2026,False,False,4,0.0,1.699999999999999,True,-1.699999999999999,False,
DIS,2026-05-15,2026-05-18,2026-05,2026,True,False,2,0.0,2.6999999999999984,True,-2.6999999999999984,False,
DIS,2026-05-15,2026-05-18,2026-05,2026,True,False,4,0.0,14.699999999999998,True,-14.699999999999998,False,
DIS,2026-05-18,2026-05-19,2026-05,2026,False,False,2,0.0,-5.300000000000002,True,5.300000000000002,False,
DIS,2026-05-18,2026-05-19,2026-05,2026,False,False,4,0.0,5.700000000000001,True,-5.700000000000001,False,
DIS,2026-05-19,2026-05-20,2026-05,2026,False,False,2,0.0,19.7,True,-19.7,False,
DIS,2026-05-19,2026-05-20,2026-05,2026,False,False,4,0.0,30.7,True,-30.7,False,
DIS,2026-05-20,2026-05-21,2026-05,2026,False,False,2,0.0,2.7,True,-2.7,False,
DIS,2026-05-20,2026-05-21,2026-05,2026,False,False,4,0.0,3.7,True,-3.7,False,
DIS,2026-05-21,2026-05-22,2026-05,2026,False,False,2,0.0,0.7000000000000004,True,-0.7000000000000004,False,
DIS,2026-05-21,2026-05-22,2026-05,2026,False,False,4,0.0,2.7,True,-2.7,False,
DIS,2026-05-22,2026-05-26,2026-05,2026,False,False,2,0.0,-8.3,True,8.3,False,
DIS,2026-05-22,2026-05-26,2026-05,2026,False,False,4,0.0,1.699999999999999,True,-1.699999999999999,False,
DIS,2026-05-26,2026-05-27,2026-05,2026,True,False,2,0.0,10.700000000000001,True,-10.700000000000001,False,
DIS,2026-05-26,2026-05-27,2026-05,2026,True,False,4,0.0,16.7,True,-16.7,False,
DIS,2026-05-27,2026-05-28,2026-05,2026,False,False,2,0.0,-1.3000000000000005,True,1.3000000000000005,False,
DIS,2026-05-27,2026-05-28,2026-05,2026,False,False,4,0.0,1.7,True,-1.7,False,
DIS,2026-05-28,2026-05-29,2026-05,2026,False,False,2,0.0,-3.3000000000000007,True,3.3000000000000007,False,
DIS,2026-05-28,2026-05-29,2026-05,2026,False,False,4,0.0,-1.3000000000000005,True,1.3000000000000005,False,
DIS,2026-05-29,2026-06-01,2026-06,2026,False,False,2,0.0,3.700000000000001,True,-3.700000000000001,False,
DIS,2026-05-29,2026-06-01,2026-06,2026,False,False,4,0.0,8.700000000000001,True,-8.700000000000001,False,
DIS,2026-06-01,2026-06-02,2026-06,2026,False,False,2,0.0,-1.2999999999999992,True,1.2999999999999992,False,
DIS,2026-06-01,2026-06-02,2026-06,2026,False,False,4,0.0,4.700000000000001,True,-4.700000000000001,False,
DIS,2026-06-02,2026-06-03,2026-06,2026,False,False,2,0.0,-1.2999999999999992,True,1.2999999999999992,False,
DIS,2026-06-02,2026-06-03,2026-06,2026,False,False,4,0.0,5.700000000000001,True,-5.700000000000001,False,
DIS,2026-06-03,2026-06-04,2026-06,2026,True,False,2,0.0,3.7,True,-3.7,False,
DIS,2026-06-03,2026-06-04,2026-06,2026,True,False,4,0.0,5.700000000000001,True,-5.700000000000001,False,
DIS,2026-06-04,2026-06-05,2026-06,2026,False,False,2,0.0,6.7,True,-6.7,False,
DIS,2026-06-04,2026-06-05,2026-06,2026,False,False,4,0.0,5.700000000000001,True,-5.700000000000001,False,
DIS,2026-06-05,2026-06-08,2026-06,2026,False,False,2,0.0,-0.3000000000000004,True,0.3000000000000004,False,
DIS,2026-06-05,2026-06-08,2026-06,2026,False,False,4,0.0,1.699999999999999,True,-1.699999999999999,False,
DIS,2026-06-08,2026-06-09,2026-06,2026,False,False,2,0.0,-9.299999999999999,True,9.299999999999999,False,
DIS,2026-06-08,2026-06-09,2026-06,2026,False,False,4,0.0,,False,,False,
DIS,2026-06-09,2026-06-10,2026-06,2026,False,False,2,0.0,-4.299999999999999,True,4.299999999999999,False,
DIS,2026-06-09,2026-06-10,2026-06,2026,False,False,4,0.0,,False,,False,
DIS,2026-06-10,2026-06-11,2026-06,2026,False,False,2,0.0,,False,,False,
DIS,2026-06-10,2026-06-11,2026-06,2026,False,False,4,0.0,,False,,False,
DIS,2026-06-11,2026-06-12,2026-06,2026,True,False,2,0.0,,False,,False,
DIS,2026-06-11,2026-06-12,2026-06,2026,True,False,4,0.0,,False,,False,
DKNG,2024-05-09,2024-05-10,2024-05,2024-2025,True,True,2,0.0,-1.3000000000000005,True,1.3000000000000005,False,
DKNG,2024-05-09,2024-05-10,2024-05,2024-2025,True,True,4,0.0,,False,,False,
DKNG,2024-05-10,2024-05-13,2024-05,2024-2025,False,True,2,0.0,,False,,False,
DKNG,2024-05-10,2024-05-13,2024-05,2024-2025,False,True,4,0.0,,False,,False,
DKNG,2024-05-13,2024-05-14,2024-05,2024-2025,False,True,2,0.0,,False,,False,
DKNG,2024-05-13,2024-05-14,2024-05,2024-2025,False,True,4,0.0,,False,,False,
DOCU,2024-09-18,2024-09-19,2024-09,2024-2025,True,True,2,0.0,,False,,False,
DOCU,2024-09-18,2024-09-19,2024-09,2024-2025,True,True,4,0.0,,False,,False,
DVN,2025-03-24,2025-03-25,2025-03,2024-2025,True,True,2,0.0,-3.3,True,3.3,False,
DVN,2025-03-24,2025-03-25,2025-03,2024-2025,True,True,4,0.0,-3.3,True,3.3,False,
DVN,2025-03-25,2025-03-26,2025-03,2024-2025,False,True,2,0.0,4.700000000000001,True,-4.700000000000001,False,
DVN,2025-03-25,2025-03-26,2025-03,2024-2025,False,True,4,0.0,,False,,False,
DVN,2025-03-26,2025-03-27,2025-03,2024-2025,False,True,2,0.0,-4.300000000000001,True,4.300000000000001,False,
DVN,2025-03-26,2025-03-27,2025-03,2024-2025,False,True,4,0.0,,False,,False,
DVN,2025-03-27,2025-03-28,2025-03,2024-2025,False,True,2,0.0,,False,,False,
DVN,2025-03-27,2025-03-28,2025-03,2024-2025,False,True,4,0.0,,False,,False,
DVN,2025-03-28,2025-03-31,2025-03,2024-2025,False,True,2,0.0,,False,,False,
DVN,2025-03-28,2025-03-31,2025-03,2024-2025,False,True,4,0.0,,False,,False,
DVN,2025-03-31,2025-04-01,2025-04,2024-2025,False,True,2,0.0,-7.300000000000001,True,7.300000000000001,False,
DVN,2025-03-31,2025-04-01,2025-04,2024-2025,False,True,4,0.0,,False,,False,
DVN,2025-04-01,2025-04-02,2025-04,2024-2025,True,True,2,0.0,5.700000000000001,True,-5.700000000000001,False,
DVN,2025-04-01,2025-04-02,2025-04,2024-2025,True,True,4,0.0,,False,,False,
DVN,2025-04-02,2025-04-03,2025-04,2024-2025,False,True,2,0.0,0.0,True,0.0,False,
DVN,2025-04-02,2025-04-03,2025-04,2024-2025,False,True,4,0.0,0.0,True,0.0,False,
DVN,2025-04-03,2025-04-04,2025-04,2024-2025,False,True,2,0.0,0.0,True,0.0,False,
DVN,2025-04-03,2025-04-04,2025-04,2024-2025,False,True,4,0.0,0.0,True,0.0,False,
DVN,2026-03-25,2026-03-26,2026-03,2026,True,True,2,0.0,,False,,False,
DVN,2026-03-25,2026-03-26,2026-03,2026,True,True,4,0.0,,False,,False,
DVN,2026-03-26,2026-03-27,2026-03,2026,False,True,2,0.0,,False,,False,
DVN,2026-03-26,2026-03-27,2026-03,2026,False,True,4,0.0,,False,,False,
DVN,2026-03-27,2026-03-30,2026-03,2026,False,True,2,0.0,-48.3,True,48.3,False,
DVN,2026-03-27,2026-03-30,2026-03,2026,False,True,4,0.0,6.7,True,-6.7,False,
DVN,2026-03-30,2026-03-31,2026-03,2026,False,True,2,0.0,-9.3,True,9.3,False,
DVN,2026-03-30,2026-03-31,2026-03,2026,False,True,4,0.0,,False,,False,
DVN,2026-03-31,2026-04-01,2026-04,2026,False,True,2,0.0,-5.300000000000001,True,5.300000000000001,False,
DVN,2026-03-31,2026-04-01,2026-04,2026,False,True,4,0.0,,False,,False,
DVN,2026-04-01,2026-04-02,2026-04,2026,False,True,2,0.0,,False,,False,
DVN,2026-04-01,2026-04-02,2026-04,2026,False,True,4,0.0,,False,,False,
EBAY,2024-06-12,2024-06-13,2024-06,2024-2025,True,True,2,0.0,1.7,True,-1.7,False,
EBAY,2024-06-12,2024-06-13,2024-06,2024-2025,True,True,4,0.0,,False,,False,
EBAY,2024-08-01,2024-08-02,2024-08,2024-2025,True,True,2,0.0,,False,,False,
EBAY,2024-08-01,2024-08-02,2024-08,2024-2025,True,True,4,0.0,,False,,False,
EBAY,2025-03-24,2025-03-25,2025-03,2024-2025,True,True,2,0.0,-12.299999999999999,True,12.299999999999999,False,
EBAY,2025-03-24,2025-03-25,2025-03,2024-2025,True,True,4,0.0,-21.3,True,21.3,False,
EBAY,2025-03-25,2025-03-26,2025-03,2024-2025,False,True,2,0.0,-11.3,True,11.3,False,
EBAY,2025-03-25,2025-03-26,2025-03,2024-2025,False,True,4,0.0,,False,,False,
EBAY,2025-03-26,2025-03-27,2025-03,2024-2025,False,True,2,0.0,-29.300000000000008,True,29.300000000000008,False,
EBAY,2025-03-26,2025-03-27,2025-03,2024-2025,False,True,4,0.0,,False,,False,
EBAY,2025-03-27,2025-03-28,2025-03,2024-2025,False,True,2,0.0,,False,,False,
EBAY,2025-03-27,2025-03-28,2025-03,2024-2025,False,True,4,0.0,,False,,False,
EBAY,2026-03-25,2026-03-26,2026-03,2026,True,True,2,0.0,,False,,False,
EBAY,2026-03-25,2026-03-26,2026-03,2026,True,True,4,0.0,,False,,False,
EBAY,2026-03-26,2026-03-27,2026-03,2026,False,True,2,0.0,0.0,True,0.0,False,
EBAY,2026-03-26,2026-03-27,2026-03,2026,False,True,4,0.0,0.0,True,0.0,False,
F,2024-07-25,2024-07-26,2024-07,2024-2025,True,True,2,0.0,,False,,False,
F,2024-07-25,2024-07-26,2024-07,2024-2025,True,True,4,0.0,,False,,False,
F,2025-03-24,2025-03-25,2025-03,2024-2025,True,True,2,0.0,-3.3000000000000007,True,3.3000000000000007,False,
F,2025-03-24,2025-03-25,2025-03,2024-2025,True,True,4,0.0,-2.3,True,2.3,False,
F,2025-03-25,2025-03-26,2025-03,2024-2025,False,True,2,0.0,1.7000000000000004,True,-1.7000000000000004,False,
F,2025-03-25,2025-03-26,2025-03,2024-2025,False,True,4,0.0,,False,,False,
F,2025-03-26,2025-03-27,2025-03,2024-2025,False,True,2,0.0,-4.3,True,4.3,False,
F,2025-03-26,2025-03-27,2025-03,2024-2025,False,True,4,0.0,,False,,False,
F,2025-03-27,2025-03-28,2025-03,2024-2025,False,True,2,0.0,,False,,False,
F,2025-03-27,2025-03-28,2025-03,2024-2025,False,True,4,0.0,,False,,False,
F,2025-03-28,2025-03-31,2025-03,2024-2025,False,True,2,0.0,,False,,False,
F,2025-03-28,2025-03-31,2025-03,2024-2025,False,True,4,0.0,,False,,False,
F,2025-03-31,2025-04-01,2025-04,2024-2025,False,True,2,0.0,-2.3000000000000007,True,2.3000000000000007,False,
F,2025-03-31,2025-04-01,2025-04,2024-2025,False,True,4,0.0,,False,,False,
F,2025-04-01,2025-04-02,2025-04,2024-2025,True,True,2,0.0,-2.3000000000000007,True,2.3000000000000007,False,
F,2025-04-01,2025-04-02,2025-04,2024-2025,True,True,4,0.0,,False,,False,
F,2025-04-02,2025-04-03,2025-04,2024-2025,False,True,2,0.0,,False,,False,
F,2025-04-02,2025-04-03,2025-04,2024-2025,False,True,4,0.0,,False,,False,
F,2025-04-03,2025-04-04,2025-04,2024-2025,False,True,2,0.0,,False,,False,
F,2025-04-03,2025-04-04,2025-04,2024-2025,False,True,4,0.0,,False,,False,
F,2026-03-25,2026-03-26,2026-03,2026,True,True,2,0.0,,False,,False,
F,2026-03-25,2026-03-26,2026-03,2026,True,True,4,0.0,,False,,False,
F,2026-03-26,2026-03-27,2026-03,2026,False,True,2,0.0,,False,,False,
F,2026-03-26,2026-03-27,2026-03,2026,False,True,4,0.0,,False,,False,
FANG,2024-06-27,2024-06-28,2024-06,2024-2025,True,True,2,0.0,,False,,False,
FANG,2024-06-27,2024-06-28,2024-06,2024-2025,True,True,4,0.0,,False,,False,
FANG,2025-03-24,2025-03-25,2025-03,2024-2025,True,True,2,0.0,-8.299999999999999,True,8.299999999999999,False,
FANG,2025-03-24,2025-03-25,2025-03,2024-2025,True,True,4,0.0,16.7,True,-16.7,False,
FANG,2025-03-25,2025-03-26,2025-03,2024-2025,False,True,2,0.0,51.699999999999996,True,-51.699999999999996,False,
FANG,2025-03-25,2025-03-26,2025-03,2024-2025,False,True,4,0.0,,False,,False,
FANG,2025-03-26,2025-03-27,2025-03,2024-2025,False,True,2,0.0,-8.299999999999999,True,8.299999999999999,False,
FANG,2025-03-26,2025-03-27,2025-03,2024-2025,False,True,4,0.0,,False,,False,
FANG,2025-03-27,2025-03-28,2025-03,2024-2025,False,True,2,0.0,0.0,True,0.0,False,
FANG,2025-03-27,2025-03-28,2025-03,2024-2025,False,True,4,0.0,0.0,True,0.0,False,
FANG,2025-03-28,2025-03-31,2025-03,2024-2025,False,True,2,0.0,,False,,False,
FANG,2025-03-28,2025-03-31,2025-03,2024-2025,False,True,4,0.0,,False,,False,
FANG,2025-03-31,2025-04-01,2025-04,2024-2025,False,True,2,0.0,-118.30000000000001,True,118.30000000000001,False,
FANG,2025-03-31,2025-04-01,2025-04,2024-2025,False,True,4,0.0,,False,,False,
FANG,2025-04-01,2025-04-02,2025-04,2024-2025,True,True,2,0.0,-113.30000000000001,True,113.30000000000001,False,
FANG,2025-04-01,2025-04-02,2025-04,2024-2025,True,True,4,0.0,,False,,False,
FANG,2025-04-02,2025-04-03,2025-04,2024-2025,False,True,2,0.0,0.0,True,0.0,False,
FANG,2025-04-02,2025-04-03,2025-04,2024-2025,False,True,4,0.0,0.0,True,0.0,False,
FANG,2025-04-03,2025-04-04,2025-04,2024-2025,False,True,2,0.0,0.0,True,0.0,False,
FANG,2025-04-03,2025-04-04,2025-04,2024-2025,False,True,4,0.0,0.0,True,0.0,False,
FANG,2026-01-06,2026-01-07,2026-01,2026,True,True,2,0.0,,False,,False,
FANG,2026-01-06,2026-01-07,2026-01,2026,True,True,4,0.0,,False,,False,
FANG,2026-01-14,2026-01-15,2026-01,2026,True,True,2,0.0,0.0,True,0.0,False,
FANG,2026-01-14,2026-01-15,2026-01,2026,True,True,4,0.0,0.0,True,0.0,False,
FANG,2026-01-15,2026-01-16,2026-01,2026,False,True,2,0.0,0.0,True,0.0,False,
FANG,2026-01-15,2026-01-16,2026-01,2026,False,True,4,0.0,0.0,True,0.0,False,
FDX,2025-11-12,2025-11-13,2025-11,2024-2025,True,True,2,0.0,,False,,False,
FDX,2025-11-12,2025-11-13,2025-11,2024-2025,True,True,4,0.0,,False,,False,
GE,2024-09-13,2024-09-16,2024-09,2024-2025,True,True,2,0.0,,False,,False,
GE,2024-09-13,2024-09-16,2024-09,2024-2025,True,True,4,0.0,,False,,False,
GM,2024-07-24,2024-07-25,2024-07,2024-2025,True,True,2,0.0,-0.3000000000000004,True,0.3000000000000004,False,
GM,2024-07-24,2024-07-25,2024-07,2024-2025,True,True,4,0.0,,False,,False,
GM,2024-07-25,2024-07-26,2024-07,2024-2025,False,True,2,0.0,,False,,False,
GM,2024-07-25,2024-07-26,2024-07,2024-2025,False,True,4,0.0,,False,,False,
GM,2024-07-26,2024-07-29,2024-07,2024-2025,False,True,2,0.0,,False,,False,
GM,2024-07-26,2024-07-29,2024-07,2024-2025,False,True,4,0.0,,False,,False,
GM,2024-07-29,2024-07-30,2024-07,2024-2025,False,True,2,0.0,2.7,True,-2.7,False,
GM,2024-07-29,2024-07-30,2024-07,2024-2025,False,True,4,0.0,,False,,False,
GM,2024-07-30,2024-07-31,2024-07,2024-2025,False,True,2,0.0,-2.3,True,2.3,False,
GM,2024-07-30,2024-07-31,2024-07,2024-2025,False,True,4,0.0,,False,,False,
GM,2024-07-31,2024-08-01,2024-08,2024-2025,False,True,2,0.0,,False,,False,
GM,2024-07-31,2024-08-01,2024-08,2024-2025,False,True,4,0.0,,False,,False,
GM,2024-08-01,2024-08-02,2024-08,2024-2025,True,True,2,0.0,,False,,False,
GM,2024-08-01,2024-08-02,2024-08,2024-2025,True,True,4,0.0,,False,,False,
GM,2025-03-24,2025-03-25,2025-03,2024-2025,True,True,2,0.0,29.699999999999992,True,-29.699999999999992,False,
GM,2025-03-24,2025-03-25,2025-03,2024-2025,True,True,4,0.0,43.699999999999996,True,-43.699999999999996,False,
GM,2025-03-25,2025-03-26,2025-03,2024-2025,False,True,2,0.0,-4.3,True,4.3,False,
GM,2025-03-25,2025-03-26,2025-03,2024-2025,False,True,4,0.0,,False,,False,
GM,2025-03-26,2025-03-27,2025-03,2024-2025,False,True,2,0.0,-3.3,True,3.3,False,
GM,2025-03-26,2025-03-27,2025-03,2024-2025,False,True,4,0.0,,False,,False,
GM,2025-03-27,2025-03-28,2025-03,2024-2025,False,True,2,0.0,,False,,False,
GM,2025-03-27,2025-03-28,2025-03,2024-2025,False,True,4,0.0,,False,,False,
GM,2025-07-31,2025-08-01,2025-08,2024-2025,True,True,2,0.0,-2.3,True,2.3,False,
GM,2025-07-31,2025-08-01,2025-08,2024-2025,True,True,4,0.0,,False,,False,
GM,2025-08-01,2025-08-04,2025-08,2024-2025,False,True,2,0.0,,False,,False,
GM,2025-08-01,2025-08-04,2025-08,2024-2025,False,True,4,0.0,,False,,False,
GM,2025-08-04,2025-08-05,2025-08,2024-2025,False,True,2,0.0,,False,,False,
GM,2025-08-04,2025-08-05,2025-08,2024-2025,False,True,4,0.0,,False,,False,
GM,2026-03-25,2026-03-26,2026-03,2026,True,True,2,0.0,,False,,False,
GM,2026-03-25,2026-03-26,2026-03,2026,True,True,4,0.0,,False,,False,
GM,2026-03-26,2026-03-27,2026-03,2026,False,True,2,0.0,,False,,False,
GM,2026-03-26,2026-03-27,2026-03,2026,False,True,4,0.0,,False,,False,
GNRC,2024-11-01,2024-11-04,2024-11,2024-2025,True,True,2,0.0,,False,,False,
GNRC,2024-11-01,2024-11-04,2024-11,2024-2025,True,True,4,0.0,,False,,False,
GOOG,2024-07-24,2024-07-25,2024-07,2024-2025,True,True,2,0.0,5.699999999999999,True,-5.699999999999999,False,
GOOG,2024-07-24,2024-07-25,2024-07,2024-2025,True,True,4,0.0,,False,,False,
GOOG,2024-07-25,2024-07-26,2024-07,2024-2025,False,True,2,0.0,,False,,False,
GOOG,2024-07-25,2024-07-26,2024-07,2024-2025,False,True,4,0.0,,False,,False,
GOOG,2024-07-26,2024-07-29,2024-07,2024-2025,False,True,2,0.0,,False,,False,
GOOG,2024-07-26,2024-07-29,2024-07,2024-2025,False,True,4,0.0,,False,,False,
GOOG,2024-07-29,2024-07-30,2024-07,2024-2025,False,True,2,0.0,11.699999999999994,True,-11.699999999999994,False,
GOOG,2024-07-29,2024-07-30,2024-07,2024-2025,False,True,4,0.0,,False,,False,
GOOG,2024-07-30,2024-07-31,2024-07,2024-2025,False,True,2,0.0,26.699999999999996,True,-26.699999999999996,False,
GOOG,2024-07-30,2024-07-31,2024-07,2024-2025,False,True,4,0.0,,False,,False,
GOOG,2024-07-31,2024-08-01,2024-08,2024-2025,False,True,2,0.0,,False,,False,
GOOG,2024-07-31,2024-08-01,2024-08,2024-2025,False,True,4,0.0,,False,,False,
GOOG,2024-08-01,2024-08-02,2024-08,2024-2025,True,True,2,0.0,,False,,False,
GOOG,2024-08-01,2024-08-02,2024-08,2024-2025,True,True,4,0.0,,False,,False,
GOOG,2026-03-25,2026-03-26,2026-03,2026,True,True,2,0.0,,False,,False,
GOOG,2026-03-25,2026-03-26,2026-03,2026,True,True,4,0.0,,False,,False,
GOOG,2026-03-26,2026-03-27,2026-03,2026,False,True,2,0.0,,False,,False,
GOOG,2026-03-26,2026-03-27,2026-03,2026,False,True,4,0.0,,False,,False,
GS,2024-08-09,2024-08-12,2024-08,2024-2025,True,True,2,0.0,,False,,False,
GS,2024-08-09,2024-08-12,2024-08,2024-2025,True,True,4,0.0,,False,,False,
HD,2024-02-22,2024-02-23,2024-02,2024-2025,True,True,2,0.0,,False,,False,
HD,2024-02-22,2024-02-23,2024-02,2024-2025,True,True,4,0.0,,False,,False,
HD,2024-11-18,2024-11-19,2024-11,2024-2025,True,True,2,0.0,-6.300000000000003,True,6.300000000000003,False,
HD,2024-11-18,2024-11-19,2024-11,2024-2025,True,True,4,0.0,,False,,False,
HPQ,2024-01-10,2024-01-11,2024-01,2024-2025,True,True,2,0.0,,False,,False,
HPQ,2024-01-10,2024-01-11,2024-01,2024-2025,True,True,4,0.0,,False,,False,
HPQ,2024-07-22,2024-07-23,2024-07,2024-2025,True,True,2,0.0,-3.3000000000000007,True,3.3000000000000007,False,
HPQ,2024-07-22,2024-07-23,2024-07,2024-2025,True,True,4,0.0,-18.3,True,18.3,False,
HPQ,2024-07-23,2024-07-24,2024-07,2024-2025,False,True,2,0.0,-45.3,True,45.3,False,
HPQ,2024-07-23,2024-07-24,2024-07,2024-2025,False,True,4,0.0,,False,,False,
HPQ,2024-07-24,2024-07-25,2024-07,2024-2025,False,True,2,0.0,-5.3,True,5.3,False,
HPQ,2024-07-24,2024-07-25,2024-07,2024-2025,False,True,4,0.0,,False,,False,
HPQ,2024-07-25,2024-07-26,2024-07,2024-2025,False,True,2,0.0,,False,,False,
HPQ,2024-07-25,2024-07-26,2024-07,2024-2025,False,True,4,0.0,,False,,False,
HPQ,2025-03-24,2025-03-25,2025-03,2024-2025,True,True,2,0.0,0.0,True,0.0,False,
HPQ,2025-03-24,2025-03-25,2025-03,2024-2025,True,True,4,0.0,0.0,True,0.0,False,
HPQ,2025-03-25,2025-03-26,2025-03,2024-2025,False,True,2,0.0,0.7000000000000004,True,-0.7000000000000004,False,
HPQ,2025-03-25,2025-03-26,2025-03,2024-2025,False,True,4,0.0,,False,,False,
HPQ,2025-03-26,2025-03-27,2025-03,2024-2025,False,True,2,0.0,0.0,True,0.0,False,
HPQ,2025-03-26,2025-03-27,2025-03,2024-2025,False,True,4,0.0,0.0,True,0.0,False,
HPQ,2025-03-27,2025-03-28,2025-03,2024-2025,False,True,2,0.0,,False,,False,
HPQ,2025-03-27,2025-03-28,2025-03,2024-2025,False,True,4,0.0,,False,,False,
HPQ,2025-03-28,2025-03-31,2025-03,2024-2025,False,True,2,0.0,,False,,False,
HPQ,2025-03-28,2025-03-31,2025-03,2024-2025,False,True,4,0.0,,False,,False,
HPQ,2025-03-31,2025-04-01,2025-04,2024-2025,False,True,2,0.0,-7.3,True,7.3,False,
HPQ,2025-03-31,2025-04-01,2025-04,2024-2025,False,True,4,0.0,,False,,False,
HPQ,2025-04-01,2025-04-02,2025-04,2024-2025,True,True,2,0.0,-6.3,True,6.3,False,
HPQ,2025-04-01,2025-04-02,2025-04,2024-2025,True,True,4,0.0,,False,,False,
HPQ,2025-04-02,2025-04-03,2025-04,2024-2025,False,True,2,0.0,0.0,True,0.0,False,
HPQ,2025-04-02,2025-04-03,2025-04,2024-2025,False,True,4,0.0,0.0,True,0.0,False,
HPQ,2025-04-03,2025-04-04,2025-04,2024-2025,False,True,2,0.0,,False,,False,
HPQ,2025-04-03,2025-04-04,2025-04,2024-2025,False,True,4,0.0,,False,,False,
HPQ,2026-03-25,2026-03-26,2026-03,2026,True,True,2,0.0,,False,,False,
HPQ,2026-03-25,2026-03-26,2026-03,2026,True,True,4,0.0,,False,,False,
HPQ,2026-03-26,2026-03-27,2026-03,2026,False,True,2,0.0,,False,,False,
HPQ,2026-03-26,2026-03-27,2026-03,2026,False,True,4,0.0,,False,,False,
HPQ,2026-03-27,2026-03-30,2026-03,2026,False,True,2,0.0,-7.300000000000001,True,7.300000000000001,False,
HPQ,2026-03-27,2026-03-30,2026-03,2026,False,True,4,0.0,-6.3,True,6.3,False,
HPQ,2026-03-30,2026-03-31,2026-03,2026,False,True,2,0.0,-7.3,True,7.3,False,
HPQ,2026-03-30,2026-03-31,2026-03,2026,False,True,4,0.0,,False,,False,
HPQ,2026-03-31,2026-04-01,2026-04,2026,False,True,2,0.0,0.0,True,0.0,False,
HPQ,2026-03-31,2026-04-01,2026-04,2026,False,True,4,0.0,0.0,True,0.0,False,
HPQ,2026-04-01,2026-04-02,2026-04,2026,False,True,2,0.0,,False,,False,
HPQ,2026-04-01,2026-04-02,2026-04,2026,False,True,4,0.0,,False,,False,
HPQ,2026-04-02,2026-04-06,2026-04,2026,True,True,2,0.0,,False,,False,
HPQ,2026-04-02,2026-04-06,2026-04,2026,True,True,4,0.0,,False,,False,
HPQ,2026-04-06,2026-04-07,2026-04,2026,False,True,2,0.0,-4.300000000000001,True,4.300000000000001,False,
HPQ,2026-04-06,2026-04-07,2026-04,2026,False,True,4,0.0,-9.3,True,9.3,False,
HPQ,2026-04-07,2026-04-08,2026-04,2026,False,True,2,0.0,-5.300000000000001,True,5.300000000000001,False,
HPQ,2026-04-07,2026-04-08,2026-04,2026,False,True,4,0.0,,False,,False,
HPQ,2026-04-08,2026-04-09,2026-04,2026,False,True,2,0.0,-14.3,True,14.3,False,
HPQ,2026-04-08,2026-04-09,2026-04,2026,False,True,4,0.0,,False,,False,
HPQ,2026-04-09,2026-04-10,2026-04,2026,False,True,2,0.0,,False,,False,
HPQ,2026-04-09,2026-04-10,2026-04,2026,False,True,4,0.0,,False,,False,
HPQ,2026-04-10,2026-04-13,2026-04,2026,False,True,2,0.0,,False,,False,
HPQ,2026-04-10,2026-04-13,2026-04,2026,False,True,4,0.0,,False,,False,
HPQ,2026-04-13,2026-04-14,2026-04,2026,True,True,2,0.0,-8.3,True,8.3,False,
HPQ,2026-04-13,2026-04-14,2026-04,2026,True,True,4,0.0,-4.3,True,4.3,False,
HPQ,2026-04-14,2026-04-15,2026-04,2026,False,True,2,0.0,-7.300000000000001,True,7.300000000000001,False,
HPQ,2026-04-14,2026-04-15,2026-04,2026,False,True,4,0.0,,False,,False,
HPQ,2026-04-15,2026-04-16,2026-04,2026,False,True,2,0.0,1.7000000000000004,True,-1.7000000000000004,False,
HPQ,2026-04-15,2026-04-16,2026-04,2026,False,True,4,0.0,,False,,False,
HPQ,2026-04-16,2026-04-17,2026-04,2026,False,True,2,0.0,,False,,False,
HPQ,2026-04-16,2026-04-17,2026-04,2026,False,True,4,0.0,,False,,False,
HPQ,2026-04-17,2026-04-20,2026-04,2026,False,True,2,0.0,,False,,False,
HPQ,2026-04-17,2026-04-20,2026-04,2026,False,True,4,0.0,,False,,False,
HPQ,2026-04-20,2026-04-21,2026-04,2026,False,True,2,0.0,,False,,False,
HPQ,2026-04-20,2026-04-21,2026-04,2026,False,True,4,0.0,,False,,False,
HPQ,2026-04-21,2026-04-22,2026-04,2026,True,True,2,0.0,,False,,False,
HPQ,2026-04-21,2026-04-22,2026-04,2026,True,True,4,0.0,,False,,False,
JD,2025-03-24,2025-03-25,2025-03,2024-2025,True,True,2,0.0,-11.3,True,11.3,False,
JD,2025-03-24,2025-03-25,2025-03,2024-2025,True,True,4,0.0,-0.2999999999999996,True,0.2999999999999996,False,
JD,2025-03-25,2025-03-26,2025-03,2024-2025,False,True,2,0.0,2.6999999999999984,True,-2.6999999999999984,False,
JD,2025-03-25,2025-03-26,2025-03,2024-2025,False,True,4,0.0,,False,,False,
JD,2025-03-26,2025-03-27,2025-03,2024-2025,False,True,2,0.0,14.699999999999998,True,-14.699999999999998,False,
JD,2025-03-26,2025-03-27,2025-03,2024-2025,False,True,4,0.0,,False,,False,
JD,2025-03-27,2025-03-28,2025-03,2024-2025,False,True,2,0.0,0.0,True,0.0,False,
JD,2025-03-27,2025-03-28,2025-03,2024-2025,False,True,4,0.0,0.0,True,0.0,False,
JD,2025-03-28,2025-03-31,2025-03,2024-2025,False,True,2,0.0,,False,,False,
JD,2025-03-28,2025-03-31,2025-03,2024-2025,False,True,4,0.0,,False,,False,
JD,2025-03-31,2025-04-01,2025-04,2024-2025,False,True,2,0.0,2.7,True,-2.7,False,
JD,2025-03-31,2025-04-01,2025-04,2024-2025,False,True,4,0.0,,False,,False,
JD,2025-04-01,2025-04-02,2025-04,2024-2025,True,True,2,0.0,-52.3,True,52.3,False,
JD,2025-04-01,2025-04-02,2025-04,2024-2025,True,True,4,0.0,,False,,False,
JD,2025-04-02,2025-04-03,2025-04,2024-2025,False,True,2,0.0,,False,,False,
JD,2025-04-02,2025-04-03,2025-04,2024-2025,False,True,4,0.0,,False,,False,
JD,2025-04-03,2025-04-04,2025-04,2024-2025,False,True,2,0.0,0.0,True,0.0,False,
JD,2025-04-03,2025-04-04,2025-04,2024-2025,False,True,4,0.0,0.0,True,0.0,False,
JD,2026-03-25,2026-03-26,2026-03,2026,True,True,2,0.0,,False,,False,
JD,2026-03-25,2026-03-26,2026-03,2026,True,True,4,0.0,,False,,False,
JD,2026-03-26,2026-03-27,2026-03,2026,False,True,2,0.0,,False,,False,
JD,2026-03-26,2026-03-27,2026-03,2026,False,True,4,0.0,,False,,False,
JD,2026-03-27,2026-03-30,2026-03,2026,False,True,2,0.0,-2.2999999999999994,True,2.2999999999999994,False,
JD,2026-03-27,2026-03-30,2026-03,2026,False,True,4,0.0,1.7000000000000004,True,-1.7000000000000004,False,
JD,2026-03-30,2026-03-31,2026-03,2026,False,True,2,0.0,2.7,True,-2.7,False,
JD,2026-03-30,2026-03-31,2026-03,2026,False,True,4,0.0,,False,,False,
JD,2026-03-31,2026-04-01,2026-04,2026,False,True,2,0.0,-2.3,True,2.3,False,
JD,2026-03-31,2026-04-01,2026-04,2026,False,True,4,0.0,,False,,False,
JD,2026-04-01,2026-04-02,2026-04,2026,False,True,2,0.0,,False,,False,
JD,2026-04-01,2026-04-02,2026-04,2026,False,True,4,0.0,,False,,False,
JD,2026-04-02,2026-04-06,2026-04,2026,True,True,2,0.0,,False,,False,
JD,2026-04-02,2026-04-06,2026-04,2026,True,True,4,0.0,,False,,False,
JD,2026-04-06,2026-04-07,2026-04,2026,False,True,2,0.0,-13.299999999999999,True,13.299999999999999,False,
JD,2026-04-06,2026-04-07,2026-04,2026,False,True,4,0.0,-13.299999999999999,True,13.299999999999999,False,
JD,2026-04-07,2026-04-08,2026-04,2026,False,True,2,0.0,-13.299999999999999,True,13.299999999999999,False,
JD,2026-04-07,2026-04-08,2026-04,2026,False,True,4,0.0,,False,,False,
JD,2026-04-08,2026-04-09,2026-04,2026,False,True,2,0.0,-6.3,True,6.3,False,
JD,2026-04-08,2026-04-09,2026-04,2026,False,True,4,0.0,,False,,False,
JD,2026-04-09,2026-04-10,2026-04,2026,False,True,2,0.0,,False,,False,
JD,2026-04-09,2026-04-10,2026-04,2026,False,True,4,0.0,,False,,False,
JNJ,2024-07-22,2024-07-23,2024-07,2024-2025,True,True,2,0.0,-168.3,True,168.3,False,
JNJ,2024-07-22,2024-07-23,2024-07,2024-2025,True,True,4,0.0,-92.29999999999998,True,92.29999999999998,False,
JNJ,2024-07-23,2024-07-24,2024-07,2024-2025,False,True,2,0.0,-302.3,True,302.3,False,
JNJ,2024-07-23,2024-07-24,2024-07,2024-2025,False,True,4,0.0,,False,,False,
JNJ,2024-07-24,2024-07-25,2024-07,2024-2025,False,True,2,0.0,35.699999999999996,True,-35.699999999999996,False,
JNJ,2024-07-24,2024-07-25,2024-07,2024-2025,False,True,4,0.0,,False,,False,
JNJ,2024-07-25,2024-07-26,2024-07,2024-2025,False,True,2,0.0,,False,,False,
JNJ,2024-07-25,2024-07-26,2024-07,2024-2025,False,True,4,0.0,,False,,False,
JNJ,2024-07-26,2024-07-29,2024-07,2024-2025,False,True,2,0.0,,False,,False,
JNJ,2024-07-26,2024-07-29,2024-07,2024-2025,False,True,4,0.0,,False,,False,
JNJ,2024-07-29,2024-07-30,2024-07,2024-2025,False,True,2,0.0,14.699999999999992,True,-14.699999999999992,False,
JNJ,2024-07-29,2024-07-30,2024-07,2024-2025,False,True,4,0.0,,False,,False,
JNJ,2024-07-30,2024-07-31,2024-07,2024-2025,True,True,2,0.0,-52.3,True,52.3,False,
JNJ,2024-07-30,2024-07-31,2024-07,2024-2025,True,True,4,0.0,,False,,False,
JNJ,2024-07-31,2024-08-01,2024-08,2024-2025,False,True,2,0.0,,False,,False,
JNJ,2024-07-31,2024-08-01,2024-08,2024-2025,False,True,4,0.0,,False,,False,
JNJ,2024-08-01,2024-08-02,2024-08,2024-2025,False,True,2,0.0,,False,,False,
JNJ,2024-08-01,2024-08-02,2024-08,2024-2025,False,True,4,0.0,,False,,False,
KHC,2024-03-19,2024-03-20,2024-03,2024-2025,True,True,2,0.0,,False,,False,
KHC,2024-03-19,2024-03-20,2024-03,2024-2025,True,True,4,0.0,,False,,False,
KO,2024-08-14,2024-08-15,2024-08,2024-2025,True,True,2,0.0,,False,,False,
KO,2024-08-14,2024-08-15,2024-08,2024-2025,True,True,4,0.0,,False,,False,
LLY,2025-03-24,2025-03-25,2025-03,2024-2025,True,True,2,0.0,48.7,True,-48.7,False,
LLY,2025-03-24,2025-03-25,2025-03,2024-2025,True,True,4,0.0,79.7,True,-79.7,False,
LLY,2025-03-25,2025-03-26,2025-03,2024-2025,False,True,2,0.0,-18.300000000000004,True,18.300000000000004,False,
LLY,2025-03-25,2025-03-26,2025-03,2024-2025,False,True,4,0.0,,False,,False,
LLY,2025-03-26,2025-03-27,2025-03,2024-2025,False,True,2,0.0,64.7,True,-64.7,False,
LLY,2025-03-26,2025-03-27,2025-03,2024-2025,False,True,4,0.0,,False,,False,
LLY,2025-03-27,2025-03-28,2025-03,2024-2025,False,True,2,0.0,,False,,False,
LLY,2025-03-27,2025-03-28,2025-03,2024-2025,False,True,4,0.0,,False,,False,
LLY,2025-03-28,2025-03-31,2025-03,2024-2025,False,True,2,0.0,,False,,False,
LLY,2025-03-28,2025-03-31,2025-03,2024-2025,False,True,4,0.0,,False,,False,
LUV,2024-06-05,2024-06-06,2024-06,2024-2025,True,True,2,0.0,,False,,False,
LUV,2024-06-05,2024-06-06,2024-06,2024-2025,True,True,4,0.0,,False,,False,
LUV,2024-07-26,2024-07-29,2024-07,2024-2025,True,True,2,0.0,,False,,False,
LUV,2024-07-26,2024-07-29,2024-07,2024-2025,True,True,4,0.0,,False,,False,
LUV,2024-07-29,2024-07-30,2024-07,2024-2025,False,True,2,0.0,3.700000000000001,True,-3.700000000000001,False,
LUV,2024-07-29,2024-07-30,2024-07,2024-2025,False,True,4,0.0,,False,,False,
LUV,2024-07-30,2024-07-31,2024-07,2024-2025,False,True,2,0.0,-3.3000000000000007,True,3.3000000000000007,False,
LUV,2024-07-30,2024-07-31,2024-07,2024-2025,False,True,4,0.0,,False,,False,
LUV,2024-07-31,2024-08-01,2024-08,2024-2025,False,True,2,0.0,,False,,False,
LUV,2024-07-31,2024-08-01,2024-08,2024-2025,False,True,4,0.0,,False,,False,
LUV,2024-08-01,2024-08-02,2024-08,2024-2025,False,True,2,0.0,,False,,False,
LUV,2024-08-01,2024-08-02,2024-08,2024-2025,False,True,4,0.0,,False,,False,
MCD,2025-12-11,2025-12-12,2025-12,2024-2025,True,True,2,0.0,,False,,False,
MCD,2025-12-11,2025-12-12,2025-12,2024-2025,True,True,4,0.0,,False,,False,
MCD,2026-02-23,2026-02-24,2026-02,2026,True,True,2,0.0,-13.300000000000002,True,13.300000000000002,False,
MCD,2026-02-23,2026-02-24,2026-02,2026,True,True,4,0.0,,False,,False,
MGM,2024-08-01,2024-08-02,2024-08,2024-2025,True,True,2,0.0,,False,,False,
MGM,2024-08-01,2024-08-02,2024-08,2024-2025,True,True,4,0.0,,False,,False,
MGM,2025-03-24,2025-03-25,2025-03,2024-2025,True,True,2,0.0,0.0,True,0.0,False,
MGM,2025-03-24,2025-03-25,2025-03,2024-2025,True,True,4,0.0,0.0,True,0.0,False,
MGM,2025-03-25,2025-03-26,2025-03,2024-2025,False,True,2,0.0,1.7,True,-1.7,False,
MGM,2025-03-25,2025-03-26,2025-03,2024-2025,False,True,4,0.0,,False,,False,
MGM,2025-03-26,2025-03-27,2025-03,2024-2025,False,True,2,0.0,-5.300000000000001,True,5.300000000000001,False,
MGM,2025-03-26,2025-03-27,2025-03,2024-2025,False,True,4,0.0,,False,,False,
MGM,2025-03-27,2025-03-28,2025-03,2024-2025,False,True,2,0.0,0.0,True,0.0,False,
MGM,2025-03-27,2025-03-28,2025-03,2024-2025,False,True,4,0.0,0.0,True,0.0,False,
MGM,2026-03-25,2026-03-26,2026-03,2026,True,True,2,0.0,,False,,False,
MGM,2026-03-25,2026-03-26,2026-03,2026,True,True,4,0.0,,False,,False,
MGM,2026-03-26,2026-03-27,2026-03,2026,False,True,2,0.0,,False,,False,
MGM,2026-03-26,2026-03-27,2026-03,2026,False,True,4,0.0,,False,,False,
MOS,2025-03-24,2025-03-25,2025-03,2024-2025,True,True,2,0.0,-6.3,True,6.3,False,
MOS,2025-03-24,2025-03-25,2025-03,2024-2025,True,True,4,0.0,-3.3,True,3.3,False,
MOS,2025-03-25,2025-03-26,2025-03,2024-2025,False,True,2,0.0,0.0,True,0.0,False,
MOS,2025-03-25,2025-03-26,2025-03,2024-2025,False,True,4,0.0,0.0,True,0.0,False,
MOS,2025-03-26,2025-03-27,2025-03,2024-2025,False,True,2,0.0,1.7,True,-1.7,False,
MOS,2025-03-26,2025-03-27,2025-03,2024-2025,False,True,4,0.0,,False,,False,
MOS,2025-03-27,2025-03-28,2025-03,2024-2025,False,True,2,0.0,,False,,False,
MOS,2025-03-27,2025-03-28,2025-03,2024-2025,False,True,4,0.0,,False,,False,
MOS,2025-03-28,2025-03-31,2025-03,2024-2025,False,True,2,0.0,,False,,False,
MOS,2025-03-28,2025-03-31,2025-03,2024-2025,False,True,4,0.0,,False,,False,
MOS,2025-03-31,2025-04-01,2025-04,2024-2025,False,True,2,0.0,0.0,True,0.0,False,
MOS,2025-03-31,2025-04-01,2025-04,2024-2025,False,True,4,0.0,0.0,True,0.0,False,
MOS,2025-04-01,2025-04-02,2025-04,2024-2025,True,True,2,0.0,-26.3,True,26.3,False,
MOS,2025-04-01,2025-04-02,2025-04,2024-2025,True,True,4,0.0,,False,,False,
MOS,2025-04-02,2025-04-03,2025-04,2024-2025,False,True,2,0.0,,False,,False,
MOS,2025-04-02,2025-04-03,2025-04,2024-2025,False,True,4,0.0,,False,,False,
MOS,2025-04-03,2025-04-04,2025-04,2024-2025,False,True,2,0.0,0.0,True,0.0,False,
MOS,2025-04-03,2025-04-04,2025-04,2024-2025,False,True,4,0.0,0.0,True,0.0,False,
MOS,2026-03-25,2026-03-26,2026-03,2026,True,True,2,0.0,,False,,False,
MOS,2026-03-25,2026-03-26,2026-03,2026,True,True,4,0.0,,False,,False,
MOS,2026-03-26,2026-03-27,2026-03,2026,False,True,2,0.0,,False,,False,
MOS,2026-03-26,2026-03-27,2026-03,2026,False,True,4,0.0,,False,,False,
MOS,2026-03-27,2026-03-30,2026-03,2026,False,True,2,0.0,-21.3,True,21.3,False,
MOS,2026-03-27,2026-03-30,2026-03,2026,False,True,4,0.0,-11.3,True,11.3,False,
MOS,2026-03-30,2026-03-31,2026-03,2026,False,True,2,0.0,-14.3,True,14.3,False,
MOS,2026-03-30,2026-03-31,2026-03,2026,False,True,4,0.0,,False,,False,
MOS,2026-03-31,2026-04-01,2026-04,2026,False,True,2,0.0,-8.299999999999999,True,8.299999999999999,False,
MOS,2026-03-31,2026-04-01,2026-04,2026,False,True,4,0.0,,False,,False,
MOS,2026-04-01,2026-04-02,2026-04,2026,False,True,2,0.0,,False,,False,
MOS,2026-04-01,2026-04-02,2026-04,2026,False,True,4,0.0,,False,,False,
MOS,2026-04-02,2026-04-06,2026-04,2026,True,True,2,0.0,,False,,False,
MOS,2026-04-02,2026-04-06,2026-04,2026,True,True,4,0.0,,False,,False,
MOS,2026-04-06,2026-04-07,2026-04,2026,False,True,2,0.0,-18.3,True,18.3,False,
MOS,2026-04-06,2026-04-07,2026-04,2026,False,True,4,0.0,-38.300000000000004,True,38.300000000000004,False,
MOS,2026-04-07,2026-04-08,2026-04,2026,False,True,2,0.0,0.0,True,0.0,False,
MOS,2026-04-07,2026-04-08,2026-04,2026,False,True,4,0.0,0.0,True,0.0,False,
MOS,2026-04-08,2026-04-09,2026-04,2026,False,True,2,0.0,-3.3000000000000007,True,3.3000000000000007,False,
MOS,2026-04-08,2026-04-09,2026-04,2026,False,True,4,0.0,,False,,False,
MOS,2026-04-09,2026-04-10,2026-04,2026,False,True,2,0.0,0.0,True,0.0,False,
MOS,2026-04-09,2026-04-10,2026-04,2026,False,True,4,0.0,0.0,True,0.0,False,
MRK,2024-06-25,2024-06-26,2024-06,2024-2025,True,True,2,0.0,6.700000000000002,True,-6.700000000000002,False,
MRK,2024-06-25,2024-06-26,2024-06,2024-2025,True,True,4,0.0,,False,,False,
MRVL,2025-12-11,2025-12-12,2025-12,2024-2025,True,False,2,0.0,-6.3,True,6.3,False,
MRVL,2025-12-11,2025-12-12,2025-12,2024-2025,True,False,4,0.0,0.6999999999999997,True,-0.6999999999999997,False,
MRVL,2025-12-12,2025-12-15,2025-12,2024-2025,False,False,2,0.0,0.6999999999999997,True,-0.6999999999999997,False,
MRVL,2025-12-12,2025-12-15,2025-12,2024-2025,False,False,4,0.0,7.700000000000002,True,-7.700000000000002,False,
MRVL,2025-12-15,2025-12-16,2025-12,2024-2025,False,False,2,0.0,-8.300000000000002,True,8.300000000000002,False,
MRVL,2025-12-15,2025-12-16,2025-12,2024-2025,False,False,4,0.0,6.699999999999999,True,-6.699999999999999,False,
MRVL,2025-12-16,2025-12-17,2025-12,2024-2025,False,False,2,0.0,-9.3,True,9.3,False,
MRVL,2025-12-16,2025-12-17,2025-12,2024-2025,False,False,4,0.0,7.700000000000002,True,-7.700000000000002,False,
MRVL,2025-12-17,2025-12-18,2025-12,2024-2025,False,False,2,0.0,27.699999999999996,True,-27.699999999999996,False,
MRVL,2025-12-17,2025-12-18,2025-12,2024-2025,False,False,4,0.0,31.699999999999992,True,-31.699999999999992,False,
MRVL,2025-12-18,2025-12-19,2025-12,2024-2025,False,False,2,0.0,-1.300000000000002,True,1.300000000000002,False,
MRVL,2025-12-18,2025-12-19,2025-12,2024-2025,False,False,4,0.0,9.699999999999998,True,-9.699999999999998,False,
MRVL,2025-12-19,2025-12-22,2025-12,2024-2025,True,False,2,0.0,-5.3,True,5.3,False,
MRVL,2025-12-19,2025-12-22,2025-12,2024-2025,True,False,4,0.0,10.700000000000001,True,-10.700000000000001,False,
MRVL,2025-12-22,2025-12-23,2025-12,2024-2025,False,False,2,0.0,33.7,True,-33.7,False,
MRVL,2025-12-22,2025-12-23,2025-12,2024-2025,False,False,4,0.0,47.699999999999996,True,-47.699999999999996,False,
MRVL,2025-12-23,2025-12-24,2025-12,2024-2025,False,False,2,0.0,-0.2999999999999996,True,0.2999999999999996,False,
MRVL,2025-12-23,2025-12-24,2025-12,2024-2025,False,False,4,0.0,4.700000000000001,True,-4.700000000000001,False,
MRVL,2025-12-24,2025-12-26,2025-12,2024-2025,False,False,2,0.0,0.7000000000000008,True,-0.7000000000000008,False,
MRVL,2025-12-24,2025-12-26,2025-12,2024-2025,False,False,4,0.0,5.700000000000002,True,-5.700000000000002,False,
MRVL,2025-12-26,2025-12-29,2025-12,2024-2025,False,False,2,0.0,-32.300000000000004,True,32.300000000000004,False,
MRVL,2025-12-26,2025-12-29,2025-12,2024-2025,False,False,4,0.0,-28.3,True,28.3,False,
MRVL,2025-12-29,2025-12-30,2025-12,2024-2025,False,False,2,0.0,-32.300000000000004,True,32.300000000000004,False,
MRVL,2025-12-29,2025-12-30,2025-12,2024-2025,False,False,4,0.0,11.7,True,-11.7,False,
MRVL,2025-12-30,2025-12-31,2025-12,2024-2025,True,False,2,0.0,-42.3,True,42.3,False,
MRVL,2025-12-30,2025-12-31,2025-12,2024-2025,True,False,4,0.0,12.699999999999998,True,-12.699999999999998,False,
MRVL,2025-12-31,2026-01-02,2026-01,2024-2025,False,False,2,0.0,40.7,True,-40.7,False,
MRVL,2025-12-31,2026-01-02,2026-01,2024-2025,False,False,4,0.0,73.7,True,-73.7,False,
MRVL,2026-01-02,2026-01-05,2026-01,2026,False,False,2,0.0,19.7,True,-19.7,False,
MRVL,2026-01-02,2026-01-05,2026-01,2026,False,False,4,0.0,21.7,True,-21.7,False,
MRVL,2026-01-05,2026-01-06,2026-01,2026,False,False,2,0.0,1.7000000000000004,True,-1.7000000000000004,False,
MRVL,2026-01-05,2026-01-06,2026-01,2026,False,False,4,0.0,6.7,True,-6.7,False,
MRVL,2026-01-06,2026-01-07,2026-01,2026,False,False,2,0.0,-0.2999999999999996,True,0.2999999999999996,False,
MRVL,2026-01-06,2026-01-07,2026-01,2026,False,False,4,0.0,7.700000000000002,True,-7.700000000000002,False,
MRVL,2026-01-07,2026-01-08,2026-01,2026,False,False,2,0.0,3.7,True,-3.7,False,
MRVL,2026-01-07,2026-01-08,2026-01,2026,False,False,4,0.0,11.7,True,-11.7,False,
MRVL,2026-01-08,2026-01-09,2026-01,2026,True,False,2,0.0,14.699999999999998,True,-14.699999999999998,False,
MRVL,2026-01-08,2026-01-09,2026-01,2026,True,False,4,0.0,19.7,True,-19.7,False,
MRVL,2026-01-09,2026-01-12,2026-01,2026,False,False,2,0.0,5.700000000000002,True,-5.700000000000002,False,
MRVL,2026-01-09,2026-01-12,2026-01,2026,False,False,4,0.0,8.700000000000001,True,-8.700000000000001,False,
MRVL,2026-01-12,2026-01-13,2026-01,2026,False,False,2,0.0,6.7,True,-6.7,False,
MRVL,2026-01-12,2026-01-13,2026-01,2026,False,False,4,0.0,15.7,True,-15.7,False,
MRVL,2026-01-13,2026-01-14,2026-01,2026,False,False,2,0.0,-3.3,True,3.3,False,
MRVL,2026-01-13,2026-01-14,2026-01,2026,False,False,4,0.0,7.700000000000002,True,-7.700000000000002,False,
MRVL,2026-01-14,2026-01-15,2026-01,2026,False,False,2,0.0,8.7,True,-8.7,False,
MRVL,2026-01-14,2026-01-15,2026-01,2026,False,False,4,0.0,14.699999999999998,True,-14.699999999999998,False,
MRVL,2026-01-15,2026-01-16,2026-01,2026,False,False,2,0.0,5.699999999999999,True,-5.699999999999999,False,
MRVL,2026-01-15,2026-01-16,2026-01,2026,False,False,4,0.0,10.699999999999998,True,-10.699999999999998,False,
MRVL,2026-01-16,2026-01-20,2026-01,2026,True,False,2,0.0,-26.300000000000008,True,26.300000000000008,False,
MRVL,2026-01-16,2026-01-20,2026-01,2026,True,False,4,0.0,4.6999999999999975,True,-4.6999999999999975,False,
MRVL,2026-01-20,2026-01-21,2026-01,2026,False,False,2,0.0,18.699999999999996,True,-18.699999999999996,False,
MRVL,2026-01-20,2026-01-21,2026-01,2026,False,False,4,0.0,26.699999999999992,True,-26.699999999999992,False,
MRVL,2026-01-21,2026-01-22,2026-01,2026,False,False,2,0.0,-0.30000000000000104,True,0.30000000000000104,False,
MRVL,2026-01-21,2026-01-22,2026-01,2026,False,False,4,0.0,1.7000000000000004,True,-1.7000000000000004,False,
MRVL,2026-01-22,2026-01-23,2026-01,2026,False,False,2,0.0,0.6999999999999997,True,-0.6999999999999997,False,
MRVL,2026-01-22,2026-01-23,2026-01,2026,False,False,4,0.0,8.7,True,-8.7,False,
MRVL,2026-01-23,2026-01-26,2026-01,2026,False,False,2,0.0,-2.3,True,2.3,False,
MRVL,2026-01-23,2026-01-26,2026-01,2026,False,False,4,0.0,22.699999999999996,True,-22.699999999999996,False,
MRVL,2026-01-26,2026-01-27,2026-01,2026,False,False,2,0.0,9.699999999999994,True,-9.699999999999994,False,
MRVL,2026-01-26,2026-01-27,2026-01,2026,False,False,4,0.0,33.7,True,-33.7,False,
MRVL,2026-01-27,2026-01-28,2026-01,2026,True,False,2,0.0,1.6999999999999977,True,-1.6999999999999977,False,
MRVL,2026-01-27,2026-01-28,2026-01,2026,True,False,4,0.0,12.699999999999998,True,-12.699999999999998,False,
MRVL,2026-01-28,2026-01-29,2026-01,2026,False,False,2,0.0,-6.3,True,6.3,False,
MRVL,2026-01-28,2026-01-29,2026-01,2026,False,False,4,0.0,-5.3,True,5.3,False,
MRVL,2026-01-29,2026-01-30,2026-01,2026,False,False,2,0.0,-13.3,True,13.3,False,
MRVL,2026-01-29,2026-01-30,2026-01,2026,False,False,4,0.0,0.7000000000000008,True,-0.7000000000000008,False,
MRVL,2026-01-30,2026-02-02,2026-02,2026,False,False,2,0.0,-6.300000000000001,True,6.300000000000001,False,
MRVL,2026-01-30,2026-02-02,2026-02,2026,False,False,4,0.0,-6.300000000000001,True,6.300000000000001,False,
MRVL,2026-03-06,2026-03-09,2026-03,2026,True,False,2,0.0,-0.2999999999999996,True,0.2999999999999996,False,
MRVL,2026-03-06,2026-03-09,2026-03,2026,True,False,4,0.0,-197.29999999999998,True,197.29999999999998,False,
MRVL,2026-03-09,2026-03-10,2026-03,2026,False,False,2,0.0,13.699999999999996,True,-13.699999999999996,False,
MRVL,2026-03-09,2026-03-10,2026-03,2026,False,False,4,0.0,18.699999999999996,True,-18.699999999999996,False,
MRVL,2026-03-10,2026-03-11,2026-03,2026,False,False,2,0.0,-6.3,True,6.3,False,
MRVL,2026-03-10,2026-03-11,2026-03,2026,False,False,4,0.0,-6.3,True,6.3,False,
MRVL,2026-03-11,2026-03-12,2026-03,2026,False,False,2,0.0,-2.3,True,2.3,False,
MRVL,2026-03-11,2026-03-12,2026-03,2026,False,False,4,0.0,12.699999999999998,True,-12.699999999999998,False,
MRVL,2026-03-12,2026-03-13,2026-03,2026,False,False,2,0.0,4.6999999999999975,True,-4.6999999999999975,False,
MRVL,2026-03-12,2026-03-13,2026-03,2026,False,False,4,0.0,15.7,True,-15.7,False,
MRVL,2026-03-13,2026-03-16,2026-03,2026,False,False,2,0.0,34.7,True,-34.7,False,
MRVL,2026-03-13,2026-03-16,2026-03,2026,False,False,4,0.0,38.7,True,-38.7,False,
MRVL,2026-03-16,2026-03-17,2026-03,2026,True,False,2,0.0,8.7,True,-8.7,False,
MRVL,2026-03-16,2026-03-17,2026-03,2026,True,False,4,0.0,8.7,True,-8.7,False,
MRVL,2026-03-17,2026-03-18,2026-03,2026,False,False,2,0.0,-14.299999999999999,True,14.299999999999999,False,
MRVL,2026-03-17,2026-03-18,2026-03,2026,False,False,4,0.0,-7.300000000000001,True,7.300000000000001,False,
MRVL,2026-03-18,2026-03-19,2026-03,2026,False,False,2,0.0,-2.3,True,2.3,False,
MRVL,2026-03-18,2026-03-19,2026-03,2026,False,False,4,0.0,-151.3,True,151.3,False,
MRVL,2026-03-19,2026-03-20,2026-03,2026,False,False,2,0.0,-22.300000000000004,True,22.300000000000004,False,
MRVL,2026-03-19,2026-03-20,2026-03,2026,False,False,4,0.0,-118.3,True,118.3,False,
MRVL,2026-03-20,2026-03-23,2026-03,2026,False,False,2,0.0,-157.3,True,157.3,False,
MRVL,2026-03-20,2026-03-23,2026-03,2026,False,False,4,0.0,10.700000000000001,True,-10.700000000000001,False,
MRVL,2026-03-23,2026-03-24,2026-03,2026,False,False,2,0.0,-115.29999999999998,True,115.29999999999998,False,
MRVL,2026-03-23,2026-03-24,2026-03,2026,False,False,4,0.0,30.7,True,-30.7,False,
MRVL,2026-03-24,2026-03-25,2026-03,2026,True,False,2,0.0,78.7,True,-78.7,False,
MRVL,2026-03-24,2026-03-25,2026-03,2026,True,False,4,0.0,48.69999999999999,True,-48.69999999999999,False,
MRVL,2026-03-25,2026-03-26,2026-03,2026,False,False,2,0.0,13.7,True,-13.7,False,
MRVL,2026-03-25,2026-03-26,2026-03,2026,False,False,4,0.0,-25.3,True,25.3,False,
MRVL,2026-03-26,2026-03-27,2026-03,2026,False,False,2,0.0,-13.3,True,13.3,False,
MRVL,2026-03-26,2026-03-27,2026-03,2026,False,False,4,0.0,-4.3,True,4.3,False,
MRVL,2026-03-27,2026-03-30,2026-03,2026,False,False,2,0.0,-316.3,True,316.3,False,
MRVL,2026-03-27,2026-03-30,2026-03,2026,False,False,4,0.0,-426.3,True,426.3,False,
MRVL,2026-03-30,2026-03-31,2026-03,2026,False,False,2,0.0,-513.3,True,513.3,False,
MRVL,2026-03-30,2026-03-31,2026-03,2026,False,False,4,0.0,-663.2999999999998,True,663.2999999999998,False,
MRVL,2026-03-31,2026-04-01,2026-04,2026,False,False,2,0.0,-78.3,True,78.3,False,
MRVL,2026-03-31,2026-04-01,2026-04,2026,False,False,4,0.0,-235.3,True,235.3,False,
MRVL,2026-04-01,2026-04-02,2026-04,2026,True,False,2,0.0,1.7000000000000004,True,-1.7000000000000004,False,
MRVL,2026-04-01,2026-04-02,2026-04,2026,True,False,4,0.0,-144.3,True,144.3,False,
MRVL,2026-04-02,2026-04-06,2026-04,2026,False,False,2,0.0,-20.300000000000008,True,20.300000000000008,False,
MRVL,2026-04-02,2026-04-06,2026-04,2026,False,False,4,0.0,-1027.3,True,1027.3,False,
MRVL,2026-04-06,2026-04-07,2026-04,2026,False,False,2,0.0,-84.3,True,84.3,False,
MRVL,2026-04-06,2026-04-07,2026-04,2026,False,False,4,0.0,-441.29999999999995,True,441.29999999999995,False,
MRVL,2026-04-07,2026-04-08,2026-04,2026,False,False,2,0.0,-586.3,True,586.3,False,
MRVL,2026-04-07,2026-04-08,2026-04,2026,False,False,4,0.0,-911.3,True,911.3,False,
MRVL,2026-04-08,2026-04-09,2026-04,2026,False,False,2,0.0,-365.29999999999995,True,365.29999999999995,False,
MRVL,2026-04-08,2026-04-09,2026-04,2026,False,False,4,0.0,-445.30000000000007,True,445.30000000000007,False,
MRVL,2026-04-09,2026-04-10,2026-04,2026,False,False,2,0.0,-119.3,True,119.3,False,
MRVL,2026-04-09,2026-04-10,2026-04,2026,False,False,4,0.0,71.7,True,-71.7,False,
MRVL,2026-04-10,2026-04-13,2026-04,2026,True,False,2,0.0,9.7,True,-9.7,False,
MRVL,2026-04-10,2026-04-13,2026-04,2026,True,False,4,0.0,38.7,True,-38.7,False,
MRVL,2026-04-13,2026-04-14,2026-04,2026,False,False,2,0.0,21.7,True,-21.7,False,
MRVL,2026-04-13,2026-04-14,2026-04,2026,False,False,4,0.0,-224.3,True,224.3,False,
MRVL,2026-04-14,2026-04-15,2026-04,2026,False,False,2,0.0,-7.300000000000004,True,7.300000000000004,False,
MRVL,2026-04-14,2026-04-15,2026-04,2026,False,False,4,0.0,-182.29999999999998,True,182.29999999999998,False,
MRVL,2026-04-15,2026-04-16,2026-04,2026,False,False,2,0.0,-195.29999999999998,True,195.29999999999998,False,
MRVL,2026-04-15,2026-04-16,2026-04,2026,False,False,4,0.0,-468.3,True,468.3,False,
MRVL,2026-04-16,2026-04-17,2026-04,2026,False,False,2,0.0,-274.3,True,274.3,False,
MRVL,2026-04-16,2026-04-17,2026-04,2026,False,False,4,0.0,-1124.2999999999997,True,1124.2999999999997,False,
MRVL,2026-04-17,2026-04-20,2026-04,2026,False,False,2,0.0,-284.29999999999995,True,284.29999999999995,False,
MRVL,2026-04-17,2026-04-20,2026-04,2026,False,False,4,0.0,-694.3,True,694.3,False,
MRVL,2026-04-20,2026-04-21,2026-04,2026,True,False,2,0.0,-143.30000000000004,True,143.30000000000004,False,
MRVL,2026-04-20,2026-04-21,2026-04,2026,True,False,4,0.0,8.7,True,-8.7,False,
MRVL,2026-04-21,2026-04-22,2026-04,2026,False,False,2,0.0,-76.3,True,76.3,False,
MRVL,2026-04-21,2026-04-22,2026-04,2026,False,False,4,0.0,93.7,True,-93.7,False,
MRVL,2026-04-22,2026-04-23,2026-04,2026,False,False,2,0.0,97.7,True,-97.7,False,
MRVL,2026-04-22,2026-04-23,2026-04,2026,False,False,4,0.0,123.7,True,-123.7,False,
MRVL,2026-04-23,2026-04-24,2026-04,2026,False,False,2,0.0,55.70000000000001,True,-55.70000000000001,False,
MRVL,2026-04-23,2026-04-24,2026-04,2026,False,False,4,0.0,59.7,True,-59.7,False,
MRVL,2026-05-28,2026-05-29,2026-05,2026,True,False,2,-1466.3,-3597.2999999999997,True,2131.0,True,2131.0
MRVL,2026-05-28,2026-05-29,2026-05,2026,True,False,4,-2731.3,-6307.299999999999,True,3575.999999999999,True,3575.999999999999
MRVL,2026-05-29,2026-06-01,2026-06,2026,False,False,2,0.0,-5162.3,True,5162.3,False,
MRVL,2026-05-29,2026-06-01,2026-06,2026,False,False,4,0.0,-2472.3,True,2472.3,False,
MRVL,2026-06-01,2026-06-02,2026-06,2026,False,False,2,0.0,-1913.3,True,1913.3,False,
MRVL,2026-06-01,2026-06-02,2026-06,2026,False,False,4,0.0,481.69999999999965,True,-481.69999999999965,False,
MRVL,2026-06-02,2026-06-03,2026-06,2026,False,False,2,0.0,856.7,True,-856.7,False,
MRVL,2026-06-02,2026-06-03,2026-06,2026,False,False,4,0.0,1571.6999999999998,True,-1571.6999999999998,False,
MRVL,2026-06-03,2026-06-04,2026-06,2026,False,False,2,0.0,307.70000000000005,True,-307.70000000000005,False,
MRVL,2026-06-03,2026-06-04,2026-06,2026,False,False,4,0.0,326.70000000000005,True,-326.70000000000005,False,
MRVL,2026-06-04,2026-06-05,2026-06,2026,False,False,2,38.7,56.699999999999996,True,-17.999999999999993,True,57.00000000000001
MRVL,2026-06-04,2026-06-05,2026-06,2026,False,False,4,45.7,53.699999999999996,True,-7.999999999999993,True,57.00000000000001
MRVL,2026-06-05,2026-06-08,2026-06,2026,True,False,2,0.0,71.7,True,-71.7,False,
MRVL,2026-06-05,2026-06-08,2026-06,2026,True,False,4,0.0,80.7,True,-80.7,False,
MRVL,2026-06-08,2026-06-09,2026-06,2026,False,False,2,0.0,-30.300000000000004,True,30.300000000000004,False,
MRVL,2026-06-08,2026-06-09,2026-06,2026,False,False,4,0.0,-14.3,True,14.3,False,
MRVL,2026-06-09,2026-06-10,2026-06,2026,False,False,2,0.0,-60.300000000000004,True,60.300000000000004,False,
MRVL,2026-06-09,2026-06-10,2026-06,2026,False,False,4,0.0,,False,,False,
MRVL,2026-06-10,2026-06-11,2026-06,2026,False,False,2,0.0,-328.29999999999995,True,328.29999999999995,False,
MRVL,2026-06-10,2026-06-11,2026-06,2026,False,False,4,0.0,,False,,False,
MRVL,2026-06-11,2026-06-12,2026-06,2026,False,False,2,0.0,,False,,False,
MRVL,2026-06-11,2026-06-12,2026-06,2026,False,False,4,0.0,,False,,False,
MRVL,2026-06-12,2026-06-15,2026-06,2026,False,False,2,0.0,,False,,False,
MRVL,2026-06-12,2026-06-15,2026-06,2026,False,False,4,0.0,,False,,False,
MS,2024-04-23,2024-04-24,2024-04,2024-2025,True,True,2,0.0,,False,,False,
MS,2024-04-23,2024-04-24,2024-04,2024-2025,True,True,4,0.0,,False,,False,
MSFT,2024-02-22,2024-02-23,2024-02,2024-2025,True,True,2,0.0,,False,,False,
MSFT,2024-02-22,2024-02-23,2024-02,2024-2025,True,True,4,0.0,,False,,False,
MSFT,2024-02-23,2024-02-26,2024-02,2024-2025,False,True,2,0.0,,False,,False,
MSFT,2024-02-23,2024-02-26,2024-02,2024-2025,False,True,4,0.0,,False,,False,
MSFT,2024-06-27,2024-06-28,2024-06,2024-2025,True,True,2,0.0,,False,,False,
MSFT,2024-06-27,2024-06-28,2024-06,2024-2025,True,True,4,0.0,,False,,False,
MSFT,2024-07-31,2024-08-01,2024-08,2024-2025,True,True,2,0.0,,False,,False,
MSFT,2024-07-31,2024-08-01,2024-08,2024-2025,True,True,4,0.0,,False,,False,
MSFT,2024-08-01,2024-08-02,2024-08,2024-2025,False,True,2,0.0,,False,,False,
MSFT,2024-08-01,2024-08-02,2024-08,2024-2025,False,True,4,0.0,,False,,False,
MSFT,2025-03-24,2025-03-25,2025-03,2024-2025,True,True,2,0.0,24.699999999999996,True,-24.699999999999996,False,
MSFT,2025-03-24,2025-03-25,2025-03,2024-2025,True,True,4,0.0,49.699999999999996,True,-49.699999999999996,False,
MSFT,2025-03-25,2025-03-26,2025-03,2024-2025,False,True,2,0.0,18.699999999999996,True,-18.699999999999996,False,
MSFT,2025-03-25,2025-03-26,2025-03,2024-2025,False,True,4,0.0,,False,,False,
MSFT,2025-03-26,2025-03-27,2025-03,2024-2025,False,True,2,0.0,56.70000000000001,True,-56.70000000000001,False,
MSFT,2025-03-26,2025-03-27,2025-03,2024-2025,False,True,4,0.0,,False,,False,
MSFT,2025-03-27,2025-03-28,2025-03,2024-2025,False,True,2,0.0,,False,,False,
MSFT,2025-03-27,2025-03-28,2025-03,2024-2025,False,True,4,0.0,,False,,False,
NEE,2024-07-25,2024-07-26,2024-07,2024-2025,True,True,2,0.0,,False,,False,
NEE,2024-07-25,2024-07-26,2024-07,2024-2025,True,True,4,0.0,,False,,False,
NEE,2024-07-26,2024-07-29,2024-07,2024-2025,False,True,2,0.0,,False,,False,
NEE,2024-07-26,2024-07-29,2024-07,2024-2025,False,True,4,0.0,,False,,False,
NEE,2024-07-29,2024-07-30,2024-07,2024-2025,False,True,2,0.0,-64.29999999999998,True,64.29999999999998,False,
NEE,2024-07-29,2024-07-30,2024-07,2024-2025,False,True,4,0.0,,False,,False,
NEE,2024-07-30,2024-07-31,2024-07,2024-2025,False,True,2,0.0,-105.3,True,105.3,False,
NEE,2024-07-30,2024-07-31,2024-07,2024-2025,False,True,4,0.0,,False,,False,
NEE,2024-07-31,2024-08-01,2024-08,2024-2025,False,True,2,0.0,,False,,False,
NEE,2024-07-31,2024-08-01,2024-08,2024-2025,False,True,4,0.0,,False,,False,
NEE,2024-08-01,2024-08-02,2024-08,2024-2025,False,True,2,0.0,,False,,False,
NEE,2024-08-01,2024-08-02,2024-08,2024-2025,False,True,4,0.0,,False,,False,
NOW,2024-07-25,2024-07-26,2024-07,2024-2025,True,True,2,0.0,,False,,False,
NOW,2024-07-25,2024-07-26,2024-07,2024-2025,True,True,4,0.0,,False,,False,
NOW,2024-07-26,2024-07-29,2024-07,2024-2025,False,True,2,0.0,,False,,False,
NOW,2024-07-26,2024-07-29,2024-07,2024-2025,False,True,4,0.0,,False,,False,
NOW,2024-07-29,2024-07-30,2024-07,2024-2025,False,True,2,0.0,-78.3,True,78.3,False,
NOW,2024-07-29,2024-07-30,2024-07,2024-2025,False,True,4,0.0,,False,,False,
NOW,2024-07-30,2024-07-31,2024-07,2024-2025,False,True,2,0.0,221.70000000000005,True,-221.70000000000005,False,
NOW,2024-07-30,2024-07-31,2024-07,2024-2025,False,True,4,0.0,,False,,False,
NOW,2024-07-31,2024-08-01,2024-08,2024-2025,False,True,2,0.0,,False,,False,
NOW,2024-07-31,2024-08-01,2024-08,2024-2025,False,True,4,0.0,,False,,False,
NOW,2024-08-01,2024-08-02,2024-08,2024-2025,False,True,2,0.0,,False,,False,
NOW,2024-08-01,2024-08-02,2024-08,2024-2025,False,True,4,0.0,,False,,False,
NU,2025-03-24,2025-03-25,2025-03,2024-2025,True,True,2,0.0,-3.3,True,3.3,False,
NU,2025-03-24,2025-03-25,2025-03,2024-2025,True,True,4,0.0,-3.3,True,3.3,False,
NU,2025-03-25,2025-03-26,2025-03,2024-2025,False,True,2,0.0,-4.3,True,4.3,False,
NU,2025-03-25,2025-03-26,2025-03,2024-2025,False,True,4,0.0,,False,,False,
NU,2025-03-26,2025-03-27,2025-03,2024-2025,False,True,2,0.0,0.6999999999999997,True,-0.6999999999999997,False,
NU,2025-03-26,2025-03-27,2025-03,2024-2025,False,True,4,0.0,,False,,False,
NU,2025-03-27,2025-03-28,2025-03,2024-2025,False,True,2,0.0,,False,,False,
NU,2025-03-27,2025-03-28,2025-03,2024-2025,False,True,4,0.0,,False,,False,
NU,2025-03-28,2025-03-31,2025-03,2024-2025,False,True,2,0.0,,False,,False,
NU,2025-03-28,2025-03-31,2025-03,2024-2025,False,True,4,0.0,,False,,False,
NU,2025-03-31,2025-04-01,2025-04,2024-2025,False,True,2,0.0,-3.3000000000000007,True,3.3000000000000007,False,
NU,2025-03-31,2025-04-01,2025-04,2024-2025,False,True,4,0.0,,False,,False,
NU,2025-04-01,2025-04-02,2025-04,2024-2025,True,True,2,0.0,-3.3,True,3.3,False,
NU,2025-04-01,2025-04-02,2025-04,2024-2025,True,True,4,0.0,,False,,False,
NU,2025-04-02,2025-04-03,2025-04,2024-2025,False,True,2,0.0,,False,,False,
NU,2025-04-02,2025-04-03,2025-04,2024-2025,False,True,4,0.0,,False,,False,
NU,2025-04-03,2025-04-04,2025-04,2024-2025,False,True,2,0.0,,False,,False,
NU,2025-04-03,2025-04-04,2025-04,2024-2025,False,True,4,0.0,,False,,False,
NU,2026-03-25,2026-03-26,2026-03,2026,True,True,2,0.0,,False,,False,
NU,2026-03-25,2026-03-26,2026-03,2026,True,True,4,0.0,,False,,False,
NU,2026-03-26,2026-03-27,2026-03,2026,False,True,2,0.0,,False,,False,
NU,2026-03-26,2026-03-27,2026-03,2026,False,True,4,0.0,,False,,False,
NU,2026-03-27,2026-03-30,2026-03,2026,False,True,2,0.0,0.0,True,0.0,False,
NU,2026-03-27,2026-03-30,2026-03,2026,False,True,4,0.0,0.0,True,0.0,False,
NU,2026-03-30,2026-03-31,2026-03,2026,False,True,2,0.0,1.7000000000000004,True,-1.7000000000000004,False,
NU,2026-03-30,2026-03-31,2026-03,2026,False,True,4,0.0,,False,,False,
NU,2026-03-31,2026-04-01,2026-04,2026,False,True,2,0.0,0.6999999999999997,True,-0.6999999999999997,False,
NU,2026-03-31,2026-04-01,2026-04,2026,False,True,4,0.0,,False,,False,
NU,2026-04-01,2026-04-02,2026-04,2026,False,True,2,0.0,0.0,True,0.0,False,
NU,2026-04-01,2026-04-02,2026-04,2026,False,True,4,0.0,0.0,True,0.0,False,
NU,2026-04-02,2026-04-06,2026-04,2026,True,True,2,0.0,0.0,True,0.0,False,
NU,2026-04-02,2026-04-06,2026-04,2026,True,True,4,0.0,0.0,True,0.0,False,
NU,2026-04-06,2026-04-07,2026-04,2026,False,True,2,0.0,-13.300000000000002,True,13.300000000000002,False,
NU,2026-04-06,2026-04-07,2026-04,2026,False,True,4,0.0,-9.3,True,9.3,False,
NU,2026-04-07,2026-04-08,2026-04,2026,False,True,2,0.0,-10.3,True,10.3,False,
NU,2026-04-07,2026-04-08,2026-04,2026,False,True,4,0.0,,False,,False,
NU,2026-04-08,2026-04-09,2026-04,2026,False,True,2,0.0,-2.3000000000000007,True,2.3000000000000007,False,
NU,2026-04-08,2026-04-09,2026-04,2026,False,True,4,0.0,,False,,False,
NU,2026-04-09,2026-04-10,2026-04,2026,False,True,2,0.0,,False,,False,
NU,2026-04-09,2026-04-10,2026-04,2026,False,True,4,0.0,,False,,False,
NU,2026-04-10,2026-04-13,2026-04,2026,False,True,2,0.0,,False,,False,
NU,2026-04-10,2026-04-13,2026-04,2026,False,True,4,0.0,,False,,False,
OKTA,2024-07-22,2024-07-23,2024-07,2024-2025,True,True,2,0.0,20.699999999999992,True,-20.699999999999992,False,
OKTA,2024-07-22,2024-07-23,2024-07,2024-2025,True,True,4,0.0,32.7,True,-32.7,False,
OKTA,2024-07-23,2024-07-24,2024-07,2024-2025,False,True,2,0.0,-13.300000000000002,True,13.300000000000002,False,
OKTA,2024-07-23,2024-07-24,2024-07,2024-2025,False,True,4,0.0,,False,,False,
OKTA,2024-07-24,2024-07-25,2024-07,2024-2025,False,True,2,0.0,2.6999999999999984,True,-2.6999999999999984,False,
OKTA,2024-07-24,2024-07-25,2024-07,2024-2025,False,True,4,0.0,,False,,False,
OKTA,2024-07-25,2024-07-26,2024-07,2024-2025,False,True,2,0.0,,False,,False,
OKTA,2024-07-25,2024-07-26,2024-07,2024-2025,False,True,4,0.0,,False,,False,
OKTA,2025-01-15,2025-01-16,2025-01,2024-2025,True,True,2,0.0,,False,,False,
OKTA,2025-01-15,2025-01-16,2025-01,2024-2025,True,True,4,0.0,,False,,False,
OKTA,2025-03-24,2025-03-25,2025-03,2024-2025,True,True,2,0.0,12.699999999999996,True,-12.699999999999996,False,
OKTA,2025-03-24,2025-03-25,2025-03,2024-2025,True,True,4,0.0,16.699999999999996,True,-16.699999999999996,False,
OKTA,2025-03-25,2025-03-26,2025-03,2024-2025,False,True,2,0.0,-142.3,True,142.3,False,
OKTA,2025-03-25,2025-03-26,2025-03,2024-2025,False,True,4,0.0,,False,,False,
OKTA,2025-03-26,2025-03-27,2025-03,2024-2025,False,True,2,0.0,0.0,True,0.0,False,
OKTA,2025-03-26,2025-03-27,2025-03,2024-2025,False,True,4,0.0,0.0,True,0.0,False,
OKTA,2025-03-27,2025-03-28,2025-03,2024-2025,False,True,2,0.0,,False,,False,
OKTA,2025-03-27,2025-03-28,2025-03,2024-2025,False,True,4,0.0,,False,,False,
OKTA,2025-03-28,2025-03-31,2025-03,2024-2025,False,True,2,0.0,,False,,False,
OKTA,2025-03-28,2025-03-31,2025-03,2024-2025,False,True,4,0.0,,False,,False,
OKTA,2025-03-31,2025-04-01,2025-04,2024-2025,False,True,2,0.0,-25.300000000000004,True,25.300000000000004,False,
OKTA,2025-03-31,2025-04-01,2025-04,2024-2025,False,True,4,0.0,,False,,False,
OKTA,2025-04-01,2025-04-02,2025-04,2024-2025,True,True,2,0.0,0.6999999999999968,True,-0.6999999999999968,False,
OKTA,2025-04-01,2025-04-02,2025-04,2024-2025,True,True,4,0.0,,False,,False,
OKTA,2025-04-02,2025-04-03,2025-04,2024-2025,False,True,2,0.0,,False,,False,
OKTA,2025-04-02,2025-04-03,2025-04,2024-2025,False,True,4,0.0,,False,,False,
OKTA,2025-04-03,2025-04-04,2025-04,2024-2025,False,True,2,0.0,,False,,False,
OKTA,2025-04-03,2025-04-04,2025-04,2024-2025,False,True,4,0.0,,False,,False,
OKTA,2026-03-25,2026-03-26,2026-03,2026,True,True,2,0.0,,False,,False,
OKTA,2026-03-25,2026-03-26,2026-03,2026,True,True,4,0.0,,False,,False,
OKTA,2026-03-26,2026-03-27,2026-03,2026,False,True,2,0.0,,False,,False,
OKTA,2026-03-26,2026-03-27,2026-03,2026,False,True,4,0.0,,False,,False,
OKTA,2026-03-27,2026-03-30,2026-03,2026,False,True,2,0.0,-121.30000000000001,True,121.30000000000001,False,
OKTA,2026-03-27,2026-03-30,2026-03,2026,False,True,4,0.0,-120.30000000000001,True,120.30000000000001,False,
OKTA,2026-03-30,2026-03-31,2026-03,2026,False,True,2,0.0,-10.299999999999995,True,10.299999999999995,False,
OKTA,2026-03-30,2026-03-31,2026-03,2026,False,True,4,0.0,,False,,False,
OKTA,2026-03-31,2026-04-01,2026-04,2026,False,True,2,0.0,1.6999999999999977,True,-1.6999999999999977,False,
OKTA,2026-03-31,2026-04-01,2026-04,2026,False,True,4,0.0,,False,,False,
OKTA,2026-04-01,2026-04-02,2026-04,2026,False,True,2,0.0,,False,,False,
OKTA,2026-04-01,2026-04-02,2026-04,2026,False,True,4,0.0,,False,,False,
OKTA,2026-04-02,2026-04-06,2026-04,2026,True,True,2,0.0,,False,,False,
OKTA,2026-04-02,2026-04-06,2026-04,2026,True,True,4,0.0,,False,,False,
OKTA,2026-04-06,2026-04-07,2026-04,2026,False,True,2,0.0,11.699999999999998,True,-11.699999999999998,False,
OKTA,2026-04-06,2026-04-07,2026-04,2026,False,True,4,0.0,10.699999999999998,True,-10.699999999999998,False,
OKTA,2026-04-07,2026-04-08,2026-04,2026,False,True,2,0.0,-53.3,True,53.3,False,
OKTA,2026-04-07,2026-04-08,2026-04,2026,False,True,4,0.0,,False,,False,
OKTA,2026-04-08,2026-04-09,2026-04,2026,False,True,2,0.0,0.0,True,0.0,False,
OKTA,2026-04-08,2026-04-09,2026-04,2026,False,True,4,0.0,0.0,True,0.0,False,
OKTA,2026-04-09,2026-04-10,2026-04,2026,False,True,2,0.0,0.0,True,0.0,False,
OKTA,2026-04-09,2026-04-10,2026-04,2026,False,True,4,0.0,0.0,True,0.0,False,
OKTA,2026-04-10,2026-04-13,2026-04,2026,False,True,2,0.0,,False,,False,
OKTA,2026-04-10,2026-04-13,2026-04,2026,False,True,4,0.0,,False,,False,
OKTA,2026-04-13,2026-04-14,2026-04,2026,True,True,2,0.0,-143.30000000000004,True,143.30000000000004,False,
OKTA,2026-04-13,2026-04-14,2026-04,2026,True,True,4,0.0,-312.3,True,312.3,False,
OKTA,2026-04-14,2026-04-15,2026-04,2026,False,True,2,0.0,-173.3,True,173.3,False,
OKTA,2026-04-14,2026-04-15,2026-04,2026,False,True,4,0.0,,False,,False,
OKTA,2026-04-15,2026-04-16,2026-04,2026,False,True,2,0.0,-140.3,True,140.3,False,
OKTA,2026-04-15,2026-04-16,2026-04,2026,False,True,4,0.0,,False,,False,
OKTA,2026-04-16,2026-04-17,2026-04,2026,False,True,2,0.0,,False,,False,
OKTA,2026-04-16,2026-04-17,2026-04,2026,False,True,4,0.0,,False,,False,
OKTA,2026-04-17,2026-04-20,2026-04,2026,False,True,2,0.0,,False,,False,
OKTA,2026-04-17,2026-04-20,2026-04,2026,False,True,4,0.0,,False,,False,
OKTA,2026-04-20,2026-04-21,2026-04,2026,False,True,2,0.0,,False,,False,
OKTA,2026-04-20,2026-04-21,2026-04,2026,False,True,4,0.0,,False,,False,
OKTA,2026-04-21,2026-04-22,2026-04,2026,True,True,2,0.0,,False,,False,
OKTA,2026-04-21,2026-04-22,2026-04,2026,True,True,4,0.0,,False,,False,
ORCL,2025-12-11,2025-12-12,2025-12,2024-2025,True,False,2,0.0,11.699999999999998,True,-11.699999999999998,False,
ORCL,2025-12-11,2025-12-12,2025-12,2024-2025,True,False,4,0.0,15.7,True,-15.7,False,
ORCL,2025-12-12,2025-12-15,2025-12,2024-2025,False,False,2,0.0,11.699999999999998,True,-11.699999999999998,False,
ORCL,2025-12-12,2025-12-15,2025-12,2024-2025,False,False,4,0.0,14.699999999999998,True,-14.699999999999998,False,
ORCL,2025-12-15,2025-12-16,2025-12,2024-2025,False,False,2,0.0,42.7,True,-42.7,False,
ORCL,2025-12-15,2025-12-16,2025-12,2024-2025,False,False,4,0.0,-3.3000000000000007,True,3.3000000000000007,False,
ORCL,2025-12-16,2025-12-17,2025-12,2024-2025,False,False,2,0.0,-45.29999999999999,True,45.29999999999999,False,
ORCL,2025-12-16,2025-12-17,2025-12,2024-2025,False,False,4,0.0,4.700000000000001,True,-4.700000000000001,False,
ORCL,2025-12-17,2025-12-18,2025-12,2024-2025,False,False,2,0.0,-340.29999999999995,True,340.29999999999995,False,
ORCL,2025-12-17,2025-12-18,2025-12,2024-2025,False,False,4,0.0,-143.30000000000004,True,143.30000000000004,False,
ORCL,2025-12-18,2025-12-19,2025-12,2024-2025,False,False,2,0.0,106.70000000000003,True,-106.70000000000003,False,
ORCL,2025-12-18,2025-12-19,2025-12,2024-2025,False,False,4,0.0,-3.299999999999979,True,3.299999999999979,False,
ORCL,2025-12-19,2025-12-22,2025-12,2024-2025,True,False,2,15.700000000000003,31.7,True,-15.999999999999996,True,1.0000000000000009
ORCL,2025-12-19,2025-12-22,2025-12,2024-2025,True,False,4,34.7,56.699999999999996,True,-21.999999999999993,True,1.0000000000000009
ORCL,2025-12-22,2025-12-23,2025-12,2024-2025,False,False,2,0.0,6.7,True,-6.7,False,
ORCL,2025-12-22,2025-12-23,2025-12,2024-2025,False,False,4,0.0,18.7,True,-18.7,False,
ORCL,2025-12-23,2025-12-24,2025-12,2024-2025,False,False,2,0.0,49.7,True,-49.7,False,
ORCL,2025-12-23,2025-12-24,2025-12,2024-2025,False,False,4,0.0,58.7,True,-58.7,False,
ORCL,2025-12-24,2025-12-26,2025-12,2024-2025,False,False,2,0.0,17.7,True,-17.7,False,
ORCL,2025-12-24,2025-12-26,2025-12,2024-2025,False,False,4,0.0,22.7,True,-22.7,False,
ORCL,2025-12-26,2025-12-29,2025-12,2024-2025,False,False,2,0.0,-7.300000000000002,True,7.300000000000002,False,
ORCL,2025-12-26,2025-12-29,2025-12,2024-2025,False,False,4,0.0,5.699999999999999,True,-5.699999999999999,False,
ORCL,2025-12-29,2025-12-30,2025-12,2024-2025,False,False,2,0.0,38.7,True,-38.7,False,
ORCL,2025-12-29,2025-12-30,2025-12,2024-2025,False,False,4,0.0,60.7,True,-60.7,False,
ORCL,2025-12-30,2025-12-31,2025-12,2024-2025,True,False,2,0.0,14.699999999999998,True,-14.699999999999998,False,
ORCL,2025-12-30,2025-12-31,2025-12,2024-2025,True,False,4,0.0,23.7,True,-23.7,False,
ORCL,2025-12-31,2026-01-02,2026-01,2024-2025,False,False,2,0.0,24.699999999999996,True,-24.699999999999996,False,
ORCL,2025-12-31,2026-01-02,2026-01,2024-2025,False,False,4,0.0,36.699999999999996,True,-36.699999999999996,False,
ORCL,2026-01-02,2026-01-05,2026-01,2026,False,False,2,0.0,12.699999999999998,True,-12.699999999999998,False,
ORCL,2026-01-02,2026-01-05,2026-01,2026,False,False,4,0.0,18.7,True,-18.7,False,
ORCL,2026-01-05,2026-01-06,2026-01,2026,False,False,2,0.0,27.700000000000003,True,-27.700000000000003,False,
ORCL,2026-01-05,2026-01-06,2026-01,2026,False,False,4,0.0,-50.3,True,50.3,False,
ORCL,2026-01-06,2026-01-07,2026-01,2026,False,False,2,0.0,-41.3,True,41.3,False,
ORCL,2026-01-06,2026-01-07,2026-01,2026,False,False,4,0.0,-3.3000000000000007,True,3.3000000000000007,False,
ORCL,2026-01-07,2026-01-08,2026-01,2026,False,False,2,0.0,-167.3,True,167.3,False,
ORCL,2026-01-07,2026-01-08,2026-01,2026,False,False,4,0.0,16.7,True,-16.7,False,
ORCL,2026-01-08,2026-01-09,2026-01,2026,True,False,2,0.0,23.70000000000002,True,-23.70000000000002,False,
ORCL,2026-01-08,2026-01-09,2026-01,2026,True,False,4,0.0,203.70000000000005,True,-203.70000000000005,False,
ORCL,2026-01-09,2026-01-12,2026-01,2026,False,False,2,0.0,89.69999999999999,True,-89.69999999999999,False,
ORCL,2026-01-09,2026-01-12,2026-01,2026,False,False,4,0.0,94.7,True,-94.7,False,
ORCL,2026-01-12,2026-01-13,2026-01,2026,False,False,2,0.0,26.700000000000003,True,-26.700000000000003,False,
ORCL,2026-01-12,2026-01-13,2026-01,2026,False,False,4,0.0,33.7,True,-33.7,False,
ORCL,2026-01-13,2026-01-14,2026-01,2026,False,False,2,0.0,5.700000000000001,True,-5.700000000000001,False,
ORCL,2026-01-13,2026-01-14,2026-01,2026,False,False,4,0.0,10.700000000000001,True,-10.700000000000001,False,
ORCL,2026-01-14,2026-01-15,2026-01,2026,False,False,2,0.0,23.7,True,-23.7,False,
ORCL,2026-01-14,2026-01-15,2026-01,2026,False,False,4,0.0,26.699999999999996,True,-26.699999999999996,False,
ORCL,2026-01-15,2026-01-16,2026-01,2026,False,False,2,0.0,37.7,True,-37.7,False,
ORCL,2026-01-15,2026-01-16,2026-01,2026,False,False,4,0.0,40.7,True,-40.7,False,
ORCL,2026-01-16,2026-01-20,2026-01,2026,True,False,2,0.0,5.699999999999999,True,-5.699999999999999,False,
ORCL,2026-01-16,2026-01-20,2026-01,2026,True,False,4,0.0,6.699999999999999,True,-6.699999999999999,False,
ORCL,2026-01-20,2026-01-21,2026-01,2026,False,False,2,0.0,-0.29999999999999827,True,0.29999999999999827,False,
ORCL,2026-01-20,2026-01-21,2026-01,2026,False,False,4,0.0,13.7,True,-13.7,False,
ORCL,2026-01-21,2026-01-22,2026-01,2026,False,False,2,0.0,-28.3,True,28.3,False,
ORCL,2026-01-21,2026-01-22,2026-01,2026,False,False,4,0.0,54.70000000000001,True,-54.70000000000001,False,
ORCL,2026-01-22,2026-01-23,2026-01,2026,False,False,2,0.0,16.699999999999996,True,-16.699999999999996,False,
ORCL,2026-01-22,2026-01-23,2026-01,2026,False,False,4,0.0,28.7,True,-28.7,False,
ORCL,2026-01-23,2026-01-26,2026-01,2026,False,False,2,0.0,77.7,True,-77.7,False,
ORCL,2026-01-23,2026-01-26,2026-01,2026,False,False,4,0.0,95.7,True,-95.7,False,
ORCL,2026-01-26,2026-01-27,2026-01,2026,False,False,2,0.0,15.7,True,-15.7,False,
ORCL,2026-01-26,2026-01-27,2026-01,2026,False,False,4,0.0,24.7,True,-24.7,False,
ORCL,2026-01-27,2026-01-28,2026-01,2026,True,False,2,0.0,47.7,True,-47.7,False,
ORCL,2026-01-27,2026-01-28,2026-01,2026,True,False,4,0.0,57.7,True,-57.7,False,
ORCL,2026-01-28,2026-01-29,2026-01,2026,False,False,2,0.0,11.699999999999998,True,-11.699999999999998,False,
ORCL,2026-01-28,2026-01-29,2026-01,2026,False,False,4,0.0,15.7,True,-15.7,False,
ORCL,2026-01-29,2026-01-30,2026-01,2026,False,False,2,0.0,13.699999999999996,True,-13.699999999999996,False,
ORCL,2026-01-29,2026-01-30,2026-01,2026,False,False,4,0.0,25.699999999999996,True,-25.699999999999996,False,
ORCL,2026-01-30,2026-02-02,2026-02,2026,False,False,2,0.0,15.7,True,-15.7,False,
ORCL,2026-01-30,2026-02-02,2026-02,2026,False,False,4,0.0,18.7,True,-18.7,False,
ORCL,2026-02-02,2026-02-03,2026-02,2026,False,False,2,0.0,23.699999999999992,True,-23.699999999999992,False,
ORCL,2026-02-02,2026-02-03,2026-02,2026,False,False,4,0.0,13.699999999999996,True,-13.699999999999996,False,
ORCL,2026-02-03,2026-02-04,2026-02,2026,False,False,2,0.0,22.7,True,-22.7,False,
ORCL,2026-02-03,2026-02-04,2026-02,2026,False,False,4,0.0,5.700000000000002,True,-5.700000000000002,False,
ORCL,2026-02-04,2026-02-05,2026-02,2026,True,False,2,0.0,-63.3,True,63.3,False,
ORCL,2026-02-04,2026-02-05,2026-02,2026,True,False,4,0.0,-18.3,True,18.3,False,
ORCL,2026-02-05,2026-02-06,2026-02,2026,False,False,2,0.0,-521.2999999999998,True,521.2999999999998,False,
ORCL,2026-02-05,2026-02-06,2026-02,2026,False,False,4,0.0,-180.30000000000004,True,180.30000000000004,False,
ORCL,2026-03-11,2026-03-12,2026-03,2026,True,False,2,0.0,19.7,True,-19.7,False,
ORCL,2026-03-11,2026-03-12,2026-03,2026,True,False,4,0.0,21.7,True,-21.7,False,
ORCL,2026-03-12,2026-03-13,2026-03,2026,False,False,2,0.0,10.699999999999998,True,-10.699999999999998,False,
ORCL,2026-03-12,2026-03-13,2026-03,2026,False,False,4,0.0,15.7,True,-15.7,False,
ORCL,2026-03-13,2026-03-16,2026-03,2026,False,False,2,0.0,17.699999999999996,True,-17.699999999999996,False,
ORCL,2026-03-13,2026-03-16,2026-03,2026,False,False,4,0.0,26.699999999999996,True,-26.699999999999996,False,
ORCL,2026-03-16,2026-03-17,2026-03,2026,False,False,2,0.0,-11.300000000000002,True,11.300000000000002,False,
ORCL,2026-03-16,2026-03-17,2026-03,2026,False,False,4,0.0,22.7,True,-22.7,False,
ORCL,2026-03-17,2026-03-18,2026-03,2026,False,False,2,0.0,16.699999999999996,True,-16.699999999999996,False,
ORCL,2026-03-17,2026-03-18,2026-03,2026,False,False,4,0.0,33.7,True,-33.7,False,
ORCL,2026-03-18,2026-03-19,2026-03,2026,False,False,2,0.0,41.7,True,-41.7,False,
ORCL,2026-03-18,2026-03-19,2026-03,2026,False,False,4,0.0,59.7,True,-59.7,False,
ORCL,2026-03-19,2026-03-20,2026-03,2026,True,False,2,0.0,6.699999999999999,True,-6.699999999999999,False,
ORCL,2026-03-19,2026-03-20,2026-03,2026,True,False,4,0.0,9.699999999999998,True,-9.699999999999998,False,
ORCL,2026-03-20,2026-03-23,2026-03,2026,False,False,2,0.0,50.699999999999996,True,-50.699999999999996,False,
ORCL,2026-03-20,2026-03-23,2026-03,2026,False,False,4,0.0,52.699999999999996,True,-52.699999999999996,False,
ORCL,2026-03-23,2026-03-24,2026-03,2026,False,False,2,0.0,-0.30000000000000104,True,0.30000000000000104,False,
ORCL,2026-03-23,2026-03-24,2026-03,2026,False,False,4,0.0,6.699999999999999,True,-6.699999999999999,False,
ORCL,2026-03-24,2026-03-25,2026-03,2026,False,False,2,0.0,15.7,True,-15.7,False,
ORCL,2026-03-24,2026-03-25,2026-03,2026,False,False,4,0.0,17.7,True,-17.7,False,
ORCL,2026-03-25,2026-03-26,2026-03,2026,False,False,2,0.0,11.7,True,-11.7,False,
ORCL,2026-03-25,2026-03-26,2026-03,2026,False,False,4,0.0,6.7,True,-6.7,False,
ORCL,2026-03-26,2026-03-27,2026-03,2026,False,False,2,0.0,-2.3,True,2.3,False,
ORCL,2026-03-26,2026-03-27,2026-03,2026,False,False,4,0.0,15.7,True,-15.7,False,
ORCL,2026-03-27,2026-03-30,2026-03,2026,True,False,2,0.0,-19.300000000000004,True,19.300000000000004,False,
ORCL,2026-03-27,2026-03-30,2026-03,2026,True,False,4,0.0,17.699999999999996,True,-17.699999999999996,False,
ORCL,2026-03-30,2026-03-31,2026-03,2026,False,False,2,0.0,71.7,True,-71.7,False,
ORCL,2026-03-30,2026-03-31,2026-03,2026,False,False,4,0.0,104.7,True,-104.7,False,
ORCL,2026-03-31,2026-04-01,2026-04,2026,False,False,2,0.0,17.699999999999996,True,-17.699999999999996,False,
ORCL,2026-03-31,2026-04-01,2026-04,2026,False,False,4,0.0,23.7,True,-23.7,False,
ORCL,2026-04-01,2026-04-02,2026-04,2026,False,False,2,0.0,11.7,True,-11.7,False,
ORCL,2026-04-01,2026-04-02,2026-04,2026,False,False,4,0.0,21.7,True,-21.7,False,
ORCL,2026-04-02,2026-04-06,2026-04,2026,False,False,2,0.0,12.699999999999998,True,-12.699999999999998,False,
ORCL,2026-04-02,2026-04-06,2026-04,2026,False,False,4,0.0,18.7,True,-18.7,False,
ORCL,2026-04-06,2026-04-07,2026-04,2026,False,False,2,0.0,11.7,True,-11.7,False,
ORCL,2026-04-06,2026-04-07,2026-04,2026,False,False,4,0.0,-121.3,True,121.3,False,
ORCL,2026-04-07,2026-04-08,2026-04,2026,True,False,2,0.0,17.699999999999992,True,-17.699999999999992,False,
ORCL,2026-04-07,2026-04-08,2026-04,2026,True,False,4,0.0,-503.29999999999995,True,503.29999999999995,False,
ORCL,2026-04-08,2026-04-09,2026-04,2026,False,False,2,0.0,-280.3,True,280.3,False,
ORCL,2026-04-08,2026-04-09,2026-04,2026,False,False,4,0.0,-1372.3,True,1372.3,False,
ORCL,2026-04-09,2026-04-10,2026-04,2026,False,False,2,0.0,-1090.2999999999997,True,1090.2999999999997,False,
ORCL,2026-04-09,2026-04-10,2026-04,2026,False,False,4,0.0,-2610.3,True,2610.3,False,
ORCL,2026-04-10,2026-04-13,2026-04,2026,False,False,2,0.0,0.0,True,0.0,False,
ORCL,2026-04-10,2026-04-13,2026-04,2026,False,False,4,0.0,0.0,True,0.0,False,
ORCL,2026-04-13,2026-04-14,2026-04,2026,False,False,2,-59.29999999999999,-393.3,True,334.0,True,334.0
ORCL,2026-04-13,2026-04-14,2026-04,2026,False,False,4,-11.299999999999997,-188.3,True,177.0,True,334.0
ORCL,2026-04-14,2026-04-15,2026-04,2026,False,False,2,0.0,-13.30000000000001,True,13.30000000000001,False,
ORCL,2026-04-14,2026-04-15,2026-04,2026,False,False,4,0.0,-149.3,True,149.3,False,
ORCL,2026-04-15,2026-04-16,2026-04,2026,True,False,2,12.699999999999996,65.7,True,-53.00000000000001,True,6.000000000000005
ORCL,2026-04-15,2026-04-16,2026-04,2026,True,False,4,-22.300000000000008,9.699999999999989,True,-31.999999999999996,True,-8.999999999999998
ORCL,2026-04-16,2026-04-17,2026-04,2026,False,False,2,0.0,-17.300000000000004,True,17.300000000000004,False,
ORCL,2026-04-16,2026-04-17,2026-04,2026,False,False,4,0.0,34.7,True,-34.7,False,
ORCL,2026-04-17,2026-04-20,2026-04,2026,False,False,2,-3.3000000000000007,-61.300000000000004,True,58.0,True,56.0
ORCL,2026-04-17,2026-04-20,2026-04,2026,False,False,4,10.699999999999998,49.7,True,-39.00000000000001,True,56.0
ORCL,2026-04-20,2026-04-21,2026-04,2026,False,False,2,0.0,80.7,True,-80.7,False,
ORCL,2026-04-20,2026-04-21,2026-04,2026,False,False,4,0.0,99.7,True,-99.7,False,
ORCL,2026-04-21,2026-04-22,2026-04,2026,False,False,2,0.0,89.69999999999999,True,-89.69999999999999,False,
ORCL,2026-04-21,2026-04-22,2026-04,2026,False,False,4,0.0,108.69999999999999,True,-108.69999999999999,False,
ORCL,2026-04-22,2026-04-23,2026-04,2026,False,False,2,0.0,0.6999999999999997,True,-0.6999999999999997,False,
ORCL,2026-04-22,2026-04-23,2026-04,2026,False,False,4,0.0,9.7,True,-9.7,False,
ORCL,2026-04-23,2026-04-24,2026-04,2026,True,False,2,0.0,37.7,True,-37.7,False,
ORCL,2026-04-23,2026-04-24,2026-04,2026,True,False,4,0.0,50.7,True,-50.7,False,
ORCL,2026-04-24,2026-04-27,2026-04,2026,False,False,2,13.699999999999996,29.7,True,-16.000000000000004,True,0.9999999999999947
ORCL,2026-04-24,2026-04-27,2026-04,2026,False,False,4,7.699999999999998,32.7,True,-25.000000000000004,True,0.9999999999999947
ORCL,2026-04-27,2026-04-28,2026-04,2026,False,False,2,6.7,26.700000000000003,True,-20.000000000000004,True,3.9999999999999947
ORCL,2026-04-27,2026-04-28,2026-04,2026,False,False,4,-16.3,-17.300000000000004,True,1.0000000000000036,True,1.0000000000000036
ORCL,2026-04-28,2026-04-29,2026-04,2026,False,False,2,0.0,-32.3,True,32.3,False,
ORCL,2026-04-28,2026-04-29,2026-04,2026,False,False,4,0.0,-221.29999999999998,True,221.29999999999998,False,
ORCL,2026-04-29,2026-04-30,2026-04,2026,False,False,2,0.0,-253.29999999999995,True,253.29999999999995,False,
ORCL,2026-04-29,2026-04-30,2026-04,2026,False,False,4,0.0,-752.3,True,752.3,False,
ORCL,2026-04-30,2026-05-01,2026-05,2026,False,False,2,0.0,-533.3,True,533.3,False,
ORCL,2026-04-30,2026-05-01,2026-05,2026,False,False,4,0.0,-1088.3,True,1088.3,False,
ORCL,2026-05-01,2026-05-04,2026-05,2026,True,False,2,-140.3,-306.29999999999995,True,165.99999999999994,True,165.99999999999994
ORCL,2026-05-01,2026-05-04,2026-05,2026,True,False,4,-105.3,-216.3,True,111.00000000000001,True,165.99999999999994
ORCL,2026-05-04,2026-05-05,2026-05,2026,False,False,2,-10.300000000000002,-69.3,True,58.99999999999999,True,62.99999999999999
ORCL,2026-05-04,2026-05-05,2026-05,2026,False,False,4,6.7,31.699999999999992,True,-24.999999999999993,True,62.99999999999999
ORCL,2026-05-05,2026-05-06,2026-05,2026,False,False,2,0.0,26.699999999999992,True,-26.699999999999992,False,
ORCL,2026-05-05,2026-05-06,2026-05,2026,False,False,4,0.0,106.69999999999999,True,-106.69999999999999,False,
ORCL,2026-05-06,2026-05-07,2026-05,2026,False,False,2,34.70000000000001,54.70000000000001,True,-20.0,True,3.0000000000000036
ORCL,2026-05-06,2026-05-07,2026-05,2026,False,False,4,48.7,80.7,True,-32.0,True,3.0000000000000036
ORCL,2026-05-07,2026-05-08,2026-05,2026,False,False,2,74.7,59.69999999999999,True,15.000000000000014,True,2.0000000000000018
ORCL,2026-05-07,2026-05-08,2026-05,2026,False,False,4,74.7,59.69999999999999,True,15.000000000000014,True,2.0000000000000018
ORCL,2026-06-11,2026-06-12,2026-06,2026,True,False,2,0.0,,False,,False,
ORCL,2026-06-11,2026-06-12,2026-06,2026,True,False,4,0.0,,False,,False,
ORCL,2026-06-12,2026-06-15,2026-06,2026,False,False,2,0.0,,False,,False,
ORCL,2026-06-12,2026-06-15,2026-06,2026,False,False,4,0.0,,False,,False,
OXY,2025-03-24,2025-03-25,2025-03,2024-2025,True,True,2,0.0,-12.300000000000004,True,12.300000000000004,False,
OXY,2025-03-24,2025-03-25,2025-03,2024-2025,True,True,4,0.0,0.6999999999999968,True,-0.6999999999999968,False,
OXY,2025-03-25,2025-03-26,2025-03,2024-2025,False,True,2,0.0,11.699999999999998,True,-11.699999999999998,False,
OXY,2025-03-25,2025-03-26,2025-03,2024-2025,False,True,4,0.0,,False,,False,
OXY,2025-03-26,2025-03-27,2025-03,2024-2025,False,True,2,0.0,-2.3,True,2.3,False,
OXY,2025-03-26,2025-03-27,2025-03,2024-2025,False,True,4,0.0,,False,,False,
OXY,2025-03-27,2025-03-28,2025-03,2024-2025,False,True,2,0.0,,False,,False,
OXY,2025-03-27,2025-03-28,2025-03,2024-2025,False,True,4,0.0,,False,,False,
OXY,2025-03-28,2025-03-31,2025-03,2024-2025,False,True,2,0.0,,False,,False,
OXY,2025-03-28,2025-03-31,2025-03,2024-2025,False,True,4,0.0,,False,,False,
OXY,2025-03-31,2025-04-01,2025-04,2024-2025,False,True,2,0.0,0.7000000000000004,True,-0.7000000000000004,False,
OXY,2025-03-31,2025-04-01,2025-04,2024-2025,False,True,4,0.0,,False,,False,
OXY,2025-04-01,2025-04-02,2025-04,2024-2025,True,True,2,0.0,-6.3,True,6.3,False,
OXY,2025-04-01,2025-04-02,2025-04,2024-2025,True,True,4,0.0,,False,,False,
OXY,2025-04-02,2025-04-03,2025-04,2024-2025,False,True,2,0.0,,False,,False,
OXY,2025-04-02,2025-04-03,2025-04,2024-2025,False,True,4,0.0,,False,,False,
OXY,2025-04-03,2025-04-04,2025-04,2024-2025,False,True,2,0.0,,False,,False,
OXY,2025-04-03,2025-04-04,2025-04,2024-2025,False,True,4,0.0,,False,,False,
OXY,2026-03-25,2026-03-26,2026-03,2026,True,True,2,0.0,,False,,False,
OXY,2026-03-25,2026-03-26,2026-03,2026,True,True,4,0.0,,False,,False,
OXY,2026-03-26,2026-03-27,2026-03,2026,False,True,2,0.0,,False,,False,
OXY,2026-03-26,2026-03-27,2026-03,2026,False,True,4,0.0,,False,,False,
OXY,2026-03-27,2026-03-30,2026-03,2026,False,True,2,0.0,11.699999999999998,True,-11.699999999999998,False,
OXY,2026-03-27,2026-03-30,2026-03,2026,False,True,4,0.0,15.7,True,-15.7,False,
OXY,2026-03-30,2026-03-31,2026-03,2026,False,True,2,0.0,-0.2999999999999996,True,0.2999999999999996,False,
OXY,2026-03-30,2026-03-31,2026-03,2026,False,True,4,0.0,,False,,False,
OXY,2026-03-31,2026-04-01,2026-04,2026,False,True,2,0.0,-16.3,True,16.3,False,
OXY,2026-03-31,2026-04-01,2026-04,2026,False,True,4,0.0,,False,,False,
OXY,2026-04-01,2026-04-02,2026-04,2026,False,True,2,0.0,,False,,False,
OXY,2026-04-01,2026-04-02,2026-04,2026,False,True,4,0.0,,False,,False,
PANW,2024-09-12,2024-09-13,2024-09,2024-2025,True,True,2,0.0,,False,,False,
PANW,2024-09-12,2024-09-13,2024-09,2024-2025,True,True,4,0.0,,False,,False,
PANW,2024-09-13,2024-09-16,2024-09,2024-2025,False,True,2,0.0,,False,,False,
PANW,2024-09-13,2024-09-16,2024-09,2024-2025,False,True,4,0.0,,False,,False,
PANW,2025-03-24,2025-03-25,2025-03,2024-2025,True,True,2,0.0,107.69999999999999,True,-107.69999999999999,False,
PANW,2025-03-24,2025-03-25,2025-03,2024-2025,True,True,4,0.0,113.69999999999999,True,-113.69999999999999,False,
PANW,2025-03-25,2025-03-26,2025-03,2024-2025,False,True,2,0.0,-12.300000000000004,True,12.300000000000004,False,
PANW,2025-03-25,2025-03-26,2025-03,2024-2025,False,True,4,0.0,,False,,False,
PANW,2025-03-26,2025-03-27,2025-03,2024-2025,False,True,2,0.0,-1.3000000000000005,True,1.3000000000000005,False,
PANW,2025-03-26,2025-03-27,2025-03,2024-2025,False,True,4,0.0,,False,,False,
PANW,2025-03-27,2025-03-28,2025-03,2024-2025,False,True,2,0.0,,False,,False,
PANW,2025-03-27,2025-03-28,2025-03,2024-2025,False,True,4,0.0,,False,,False,
PANW,2025-03-28,2025-03-31,2025-03,2024-2025,False,True,2,0.0,,False,,False,
PANW,2025-03-28,2025-03-31,2025-03,2024-2025,False,True,4,0.0,,False,,False,
PANW,2025-03-31,2025-04-01,2025-04,2024-2025,False,True,2,0.0,5.699999999999999,True,-5.699999999999999,False,
PANW,2025-03-31,2025-04-01,2025-04,2024-2025,False,True,4,0.0,,False,,False,
PANW,2025-04-01,2025-04-02,2025-04,2024-2025,True,True,2,0.0,50.699999999999996,True,-50.699999999999996,False,
PANW,2025-04-01,2025-04-02,2025-04,2024-2025,True,True,4,0.0,,False,,False,
PANW,2025-04-02,2025-04-03,2025-04,2024-2025,False,True,2,0.0,,False,,False,
PANW,2025-04-02,2025-04-03,2025-04,2024-2025,False,True,4,0.0,,False,,False,
PANW,2025-04-03,2025-04-04,2025-04,2024-2025,False,True,2,0.0,,False,,False,
PANW,2025-04-03,2025-04-04,2025-04,2024-2025,False,True,4,0.0,,False,,False,
PBR,2026-03-25,2026-03-26,2026-03,2026,True,True,2,0.0,,False,,False,
PBR,2026-03-25,2026-03-26,2026-03,2026,True,True,4,0.0,,False,,False,
PBR,2026-03-26,2026-03-27,2026-03,2026,False,True,2,0.0,,False,,False,
PBR,2026-03-26,2026-03-27,2026-03,2026,False,True,4,0.0,,False,,False,
PBR,2026-03-27,2026-03-30,2026-03,2026,False,True,2,0.0,-0.2999999999999996,True,0.2999999999999996,False,
PBR,2026-03-27,2026-03-30,2026-03,2026,False,True,4,0.0,-1.2999999999999998,True,1.2999999999999998,False,
PBR,2026-03-30,2026-03-31,2026-03,2026,False,True,2,0.0,-2.3,True,2.3,False,
PBR,2026-03-30,2026-03-31,2026-03,2026,False,True,4,0.0,,False,,False,
PBR,2026-03-31,2026-04-01,2026-04,2026,False,True,2,0.0,-6.3,True,6.3,False,
PBR,2026-03-31,2026-04-01,2026-04,2026,False,True,4,0.0,,False,,False,
PBR,2026-04-01,2026-04-02,2026-04,2026,False,True,2,0.0,,False,,False,
PBR,2026-04-01,2026-04-02,2026-04,2026,False,True,4,0.0,,False,,False,
PBR,2026-04-02,2026-04-06,2026-04,2026,True,True,2,0.0,,False,,False,
PBR,2026-04-02,2026-04-06,2026-04,2026,True,True,4,0.0,,False,,False,
PBR,2026-04-06,2026-04-07,2026-04,2026,False,True,2,0.0,-12.3,True,12.3,False,
PBR,2026-04-06,2026-04-07,2026-04,2026,False,True,4,0.0,-6.3,True,6.3,False,
PBR,2026-04-07,2026-04-08,2026-04,2026,False,True,2,0.0,-8.3,True,8.3,False,
PBR,2026-04-07,2026-04-08,2026-04,2026,False,True,4,0.0,,False,,False,
PBR,2026-04-08,2026-04-09,2026-04,2026,False,True,2,0.0,-29.299999999999997,True,29.299999999999997,False,
PBR,2026-04-08,2026-04-09,2026-04,2026,False,True,4,0.0,,False,,False,
PFE,2024-07-31,2024-08-01,2024-08,2024-2025,True,True,2,0.0,,False,,False,
PFE,2024-07-31,2024-08-01,2024-08,2024-2025,True,True,4,0.0,,False,,False,
PFE,2024-08-01,2024-08-02,2024-08,2024-2025,False,True,2,0.0,,False,,False,
PFE,2024-08-01,2024-08-02,2024-08,2024-2025,False,True,4,0.0,,False,,False,
PFE,2025-03-24,2025-03-25,2025-03,2024-2025,True,True,2,0.0,-2.3,True,2.3,False,
PFE,2025-03-24,2025-03-25,2025-03,2024-2025,True,True,4,0.0,-1.3000000000000003,True,1.3000000000000003,False,
PFE,2025-03-25,2025-03-26,2025-03,2024-2025,False,True,2,0.0,-3.3000000000000007,True,3.3000000000000007,False,
PFE,2025-03-25,2025-03-26,2025-03,2024-2025,False,True,4,0.0,,False,,False,
PFE,2025-03-26,2025-03-27,2025-03,2024-2025,False,True,2,0.0,-3.3000000000000007,True,3.3000000000000007,False,
PFE,2025-03-26,2025-03-27,2025-03,2024-2025,False,True,4,0.0,,False,,False,
PFE,2025-03-27,2025-03-28,2025-03,2024-2025,False,True,2,0.0,,False,,False,
PFE,2025-03-27,2025-03-28,2025-03,2024-2025,False,True,4,0.0,,False,,False,
PFE,2026-03-25,2026-03-26,2026-03,2026,True,True,2,0.0,,False,,False,
PFE,2026-03-25,2026-03-26,2026-03,2026,True,True,4,0.0,,False,,False,
PFE,2026-03-26,2026-03-27,2026-03,2026,False,True,2,0.0,,False,,False,
PFE,2026-03-26,2026-03-27,2026-03,2026,False,True,4,0.0,,False,,False,
PFE,2026-03-27,2026-03-30,2026-03,2026,False,True,2,0.0,-20.3,True,20.3,False,
PFE,2026-03-27,2026-03-30,2026-03,2026,False,True,4,0.0,1.7,True,-1.7,False,
PFE,2026-03-30,2026-03-31,2026-03,2026,False,True,2,0.0,-6.3,True,6.3,False,
PFE,2026-03-30,2026-03-31,2026-03,2026,False,True,4,0.0,,False,,False,
PFE,2026-03-31,2026-04-01,2026-04,2026,False,True,2,0.0,5.700000000000002,True,-5.700000000000002,False,
PFE,2026-03-31,2026-04-01,2026-04,2026,False,True,4,0.0,,False,,False,
PFE,2026-04-01,2026-04-02,2026-04,2026,False,True,2,0.0,,False,,False,
PFE,2026-04-01,2026-04-02,2026-04,2026,False,True,4,0.0,,False,,False,
PLTR,2025-12-09,2025-12-10,2025-12,2024-2025,True,False,2,0.0,84.70000000000002,True,-84.70000000000002,False,
PLTR,2025-12-09,2025-12-10,2025-12,2024-2025,True,False,4,0.0,94.70000000000002,True,-94.70000000000002,False,
PLTR,2025-12-10,2025-12-11,2025-12,2024-2025,False,False,2,0.0,13.699999999999996,True,-13.699999999999996,False,
PLTR,2025-12-10,2025-12-11,2025-12,2024-2025,False,False,4,0.0,15.7,True,-15.7,False,
PLTR,2025-12-11,2025-12-12,2025-12,2024-2025,False,False,2,0.0,4.6999999999999975,True,-4.6999999999999975,False,
PLTR,2025-12-11,2025-12-12,2025-12,2024-2025,False,False,4,0.0,12.699999999999998,True,-12.699999999999998,False,
PLTR,2025-12-12,2025-12-15,2025-12,2024-2025,False,False,2,0.0,8.7,True,-8.7,False,
PLTR,2025-12-12,2025-12-15,2025-12,2024-2025,False,False,4,0.0,12.699999999999998,True,-12.699999999999998,False,
PLTR,2025-12-15,2025-12-16,2025-12,2024-2025,False,False,2,0.0,38.7,True,-38.7,False,
PLTR,2025-12-15,2025-12-16,2025-12,2024-2025,False,False,4,0.0,40.70000000000001,True,-40.70000000000001,False,
PLTR,2025-12-16,2025-12-17,2025-12,2024-2025,False,False,2,0.0,-61.300000000000004,True,61.300000000000004,False,
PLTR,2025-12-16,2025-12-17,2025-12,2024-2025,False,False,4,0.0,8.7,True,-8.7,False,
PLTR,2025-12-17,2025-12-18,2025-12,2024-2025,True,False,2,0.0,-40.3,True,40.3,False,
PLTR,2025-12-17,2025-12-18,2025-12,2024-2025,True,False,4,0.0,48.7,True,-48.7,False,
PLTR,2025-12-18,2025-12-19,2025-12,2024-2025,False,False,2,0.0,96.69999999999999,True,-96.69999999999999,False,
PLTR,2025-12-18,2025-12-19,2025-12,2024-2025,False,False,4,0.0,109.69999999999999,True,-109.69999999999999,False,
PLTR,2025-12-19,2025-12-22,2025-12,2024-2025,False,False,2,0.0,10.700000000000001,True,-10.700000000000001,False,
PLTR,2025-12-19,2025-12-22,2025-12,2024-2025,False,False,4,0.0,21.7,True,-21.7,False,
PLTR,2025-12-22,2025-12-23,2025-12,2024-2025,False,False,2,0.0,22.699999999999996,True,-22.699999999999996,False,
PLTR,2025-12-22,2025-12-23,2025-12,2024-2025,False,False,4,0.0,30.699999999999996,True,-30.699999999999996,False,
PLTR,2025-12-23,2025-12-24,2025-12,2024-2025,False,False,2,0.0,33.7,True,-33.7,False,
PLTR,2025-12-23,2025-12-24,2025-12,2024-2025,False,False,4,0.0,35.7,True,-35.7,False,
PLTR,2025-12-24,2025-12-26,2025-12,2024-2025,False,False,2,0.0,6.7,True,-6.7,False,
PLTR,2025-12-24,2025-12-26,2025-12,2024-2025,False,False,4,0.0,7.700000000000002,True,-7.700000000000002,False,
PLTR,2025-12-26,2025-12-29,2025-12,2024-2025,True,False,2,0.0,14.699999999999998,True,-14.699999999999998,False,
PLTR,2025-12-26,2025-12-29,2025-12,2024-2025,True,False,4,0.0,20.7,True,-20.7,False,
PLTR,2025-12-29,2025-12-30,2025-12,2024-2025,False,False,2,0.0,13.699999999999996,True,-13.699999999999996,False,
PLTR,2025-12-29,2025-12-30,2025-12,2024-2025,False,False,4,0.0,15.7,True,-15.7,False,
PLTR,2025-12-30,2025-12-31,2025-12,2024-2025,False,False,2,0.0,13.699999999999996,True,-13.699999999999996,False,
PLTR,2025-12-30,2025-12-31,2025-12,2024-2025,False,False,4,0.0,13.699999999999996,True,-13.699999999999996,False,
PLTR,2025-12-31,2026-01-02,2026-01,2024-2025,False,False,2,0.0,-6.3,True,6.3,False,
PLTR,2025-12-31,2026-01-02,2026-01,2024-2025,False,False,4,0.0,4.700000000000001,True,-4.700000000000001,False,
PLTR,2026-02-03,2026-02-04,2026-02,2026,True,False,2,0.0,3.7,True,-3.7,False,
PLTR,2026-02-03,2026-02-04,2026-02,2026,True,False,4,0.0,6.7,True,-6.7,False,
PLTR,2026-02-04,2026-02-05,2026-02,2026,False,False,2,0.6999999999999968,-0.30000000000000104,True,0.9999999999999979,True,-1.0000000000000009
PLTR,2026-02-04,2026-02-05,2026-02,2026,False,False,4,6.699999999999999,11.7,True,-5.0,True,-1.0000000000000009
PLTR,2026-02-05,2026-02-06,2026-02,2026,False,False,2,4.700000000000001,2.7000000000000046,True,1.9999999999999964,True,99.99999999999999
PLTR,2026-02-05,2026-02-06,2026-02,2026,False,False,4,9.7,57.7,True,-48.0,True,99.99999999999999
PLTR,2026-02-06,2026-02-09,2026-02,2026,False,False,2,0.0,101.7,True,-101.7,False,
PLTR,2026-02-06,2026-02-09,2026-02,2026,False,False,4,0.0,106.7,True,-106.7,False,
PLTR,2026-02-09,2026-02-10,2026-02,2026,False,False,2,0.0,12.699999999999998,True,-12.699999999999998,False,
PLTR,2026-02-09,2026-02-10,2026-02,2026,False,False,4,0.0,19.7,True,-19.7,False,
PLTR,2026-02-10,2026-02-11,2026-02,2026,False,False,2,0.0,11.7,True,-11.7,False,
PLTR,2026-02-10,2026-02-11,2026-02,2026,False,False,4,0.0,14.7,True,-14.7,False,
PLTR,2026-02-11,2026-02-12,2026-02,2026,True,False,2,0.0,13.7,True,-13.7,False,
PLTR,2026-02-11,2026-02-12,2026-02,2026,True,False,4,0.0,17.7,True,-17.7,False,
PLTR,2026-02-12,2026-02-13,2026-02,2026,False,False,2,0.0,7.700000000000002,True,-7.700000000000002,False,
PLTR,2026-02-12,2026-02-13,2026-02,2026,False,False,4,0.0,29.7,True,-29.7,False,
PLTR,2026-02-13,2026-02-17,2026-02,2026,False,False,2,0.0,9.700000000000005,True,-9.700000000000005,False,
PLTR,2026-02-13,2026-02-17,2026-02,2026,False,False,4,0.0,40.70000000000001,True,-40.70000000000001,False,
PLTR,2026-02-17,2026-02-18,2026-02,2026,False,False,2,0.0,35.7,True,-35.7,False,
PLTR,2026-02-17,2026-02-18,2026-02,2026,False,False,4,0.0,57.7,True,-57.7,False,
PLTR,2026-02-18,2026-02-19,2026-02,2026,False,False,2,0.0,14.699999999999998,True,-14.699999999999998,False,
PLTR,2026-02-18,2026-02-19,2026-02,2026,False,False,4,0.0,17.699999999999996,True,-17.699999999999996,False,
PLTR,2026-02-19,2026-02-20,2026-02,2026,False,False,2,0.0,17.699999999999996,True,-17.699999999999996,False,
PLTR,2026-02-19,2026-02-20,2026-02,2026,False,False,4,0.0,19.7,True,-19.7,False,
PLTR,2026-02-20,2026-02-23,2026-02,2026,True,False,2,0.0,0.7000000000000008,True,-0.7000000000000008,False,
PLTR,2026-02-20,2026-02-23,2026-02,2026,True,False,4,0.0,8.700000000000001,True,-8.700000000000001,False,
PLTR,2026-02-23,2026-02-24,2026-02,2026,False,False,2,0.0,-13.300000000000004,True,13.300000000000004,False,
PLTR,2026-02-23,2026-02-24,2026-02,2026,False,False,4,0.0,-132.3,True,132.3,False,
PLTR,2026-02-24,2026-02-25,2026-02,2026,False,False,2,0.0,26.700000000000003,True,-26.700000000000003,False,
PLTR,2026-02-24,2026-02-25,2026-02,2026,False,False,4,0.0,-335.3,True,335.3,False,
PLTR,2026-02-25,2026-02-26,2026-02,2026,False,False,2,0.0,-124.30000000000001,True,124.30000000000001,False,
PLTR,2026-02-25,2026-02-26,2026-02,2026,False,False,4,0.0,-455.3,True,455.3,False,
PLTR,2026-02-26,2026-02-27,2026-02,2026,False,False,2,0.0,-202.29999999999998,True,202.29999999999998,False,
PLTR,2026-02-26,2026-02-27,2026-02,2026,False,False,4,0.0,-306.3,True,306.3,False,
PLTR,2026-02-27,2026-03-02,2026-03,2026,False,False,2,0.0,-422.3,True,422.3,False,
PLTR,2026-02-27,2026-03-02,2026-03,2026,False,False,4,0.0,-877.3,True,877.3,False,
PLTR,2026-03-02,2026-03-03,2026-03,2026,True,False,2,0.0,-17.300000000000004,True,17.300000000000004,False,
PLTR,2026-03-02,2026-03-03,2026-03,2026,True,False,4,0.0,-30.300000000000004,True,30.300000000000004,False,
PLTR,2026-03-03,2026-03-04,2026-03,2026,False,False,2,0.0,-91.3,True,91.3,False,
PLTR,2026-03-03,2026-03-04,2026-03,2026,False,False,4,0.0,77.7,True,-77.7,False,
PLTR,2026-03-04,2026-03-05,2026-03,2026,False,False,2,0.0,-4.300000000000002,True,4.300000000000002,False,
PLTR,2026-03-04,2026-03-05,2026-03,2026,False,False,4,0.0,26.700000000000003,True,-26.700000000000003,False,
PLTR,2026-03-05,2026-03-06,2026-03,2026,False,False,2,0.0,162.7,True,-162.7,False,
PLTR,2026-03-05,2026-03-06,2026-03,2026,False,False,4,0.0,169.7,True,-169.7,False,
PLTR,2026-03-06,2026-03-09,2026-03,2026,False,False,2,0.0,5.700000000000001,True,-5.700000000000001,False,
PLTR,2026-03-06,2026-03-09,2026-03,2026,False,False,4,0.0,6.700000000000002,True,-6.700000000000002,False,
PLTR,2026-03-09,2026-03-10,2026-03,2026,False,False,2,0.0,0.6999999999999997,True,-0.6999999999999997,False,
PLTR,2026-03-09,2026-03-10,2026-03,2026,False,False,4,0.0,15.7,True,-15.7,False,
PLTR,2026-03-10,2026-03-11,2026-03,2026,True,False,2,0.0,16.7,True,-16.7,False,
PLTR,2026-03-10,2026-03-11,2026-03,2026,True,False,4,0.0,28.7,True,-28.7,False,
PLTR,2026-03-11,2026-03-12,2026-03,2026,False,False,2,0.0,37.7,True,-37.7,False,
PLTR,2026-03-11,2026-03-12,2026-03,2026,False,False,4,0.0,42.7,True,-42.7,False,
PLTR,2026-03-12,2026-03-13,2026-03,2026,False,False,2,0.0,7.7,True,-7.7,False,
PLTR,2026-03-12,2026-03-13,2026-03,2026,False,False,4,0.0,12.699999999999998,True,-12.699999999999998,False,
PLTR,2026-03-13,2026-03-16,2026-03,2026,False,False,2,0.0,17.699999999999996,True,-17.699999999999996,False,
PLTR,2026-03-13,2026-03-16,2026-03,2026,False,False,4,0.0,26.699999999999996,True,-26.699999999999996,False,
PLTR,2026-03-16,2026-03-17,2026-03,2026,False,False,2,0.0,18.699999999999996,True,-18.699999999999996,False,
PLTR,2026-03-16,2026-03-17,2026-03,2026,False,False,4,0.0,-2.3,True,2.3,False,
PLTR,2026-03-17,2026-03-18,2026-03,2026,False,False,2,0.0,6.6999999999999975,True,-6.6999999999999975,False,
PLTR,2026-03-17,2026-03-18,2026-03,2026,False,False,4,0.0,13.699999999999996,True,-13.699999999999996,False,
PLTR,2026-03-18,2026-03-19,2026-03,2026,True,False,2,0.0,-27.3,True,27.3,False,
PLTR,2026-03-18,2026-03-19,2026-03,2026,True,False,4,0.0,27.699999999999996,True,-27.699999999999996,False,
PLTR,2026-03-19,2026-03-20,2026-03,2026,False,False,2,0.0,1.699999999999999,True,-1.699999999999999,False,
PLTR,2026-03-19,2026-03-20,2026-03,2026,False,False,4,0.0,10.700000000000001,True,-10.700000000000001,False,
PLTR,2026-03-20,2026-03-23,2026-03,2026,False,False,2,0.0,156.7,True,-156.7,False,
PLTR,2026-03-20,2026-03-23,2026-03,2026,False,False,4,0.0,174.7,True,-174.7,False,
PLTR,2026-03-23,2026-03-24,2026-03,2026,False,False,2,0.0,2.6999999999999984,True,-2.6999999999999984,False,
PLTR,2026-03-23,2026-03-24,2026-03,2026,False,False,4,0.0,12.699999999999998,True,-12.699999999999998,False,
PLTR,2026-03-24,2026-03-25,2026-03,2026,False,False,2,0.0,19.699999999999996,True,-19.699999999999996,False,
PLTR,2026-03-24,2026-03-25,2026-03,2026,False,False,4,0.0,24.7,True,-24.7,False,
PLTR,2026-03-25,2026-03-26,2026-03,2026,False,False,2,0.0,11.7,True,-11.7,False,
PLTR,2026-03-25,2026-03-26,2026-03,2026,False,False,4,0.0,12.699999999999998,True,-12.699999999999998,False,
PLTR,2026-03-26,2026-03-27,2026-03,2026,True,False,2,0.0,9.7,True,-9.7,False,
PLTR,2026-03-26,2026-03-27,2026-03,2026,True,False,4,0.0,12.699999999999998,True,-12.699999999999998,False,
PLTR,2026-03-27,2026-03-30,2026-03,2026,False,False,2,0.0,-15.299999999999999,True,15.299999999999999,False,
PLTR,2026-03-27,2026-03-30,2026-03,2026,False,False,4,0.0,9.7,True,-9.7,False,
PLTR,2026-03-30,2026-03-31,2026-03,2026,False,False,2,0.0,27.699999999999992,True,-27.699999999999992,False,
PLTR,2026-03-30,2026-03-31,2026-03,2026,False,False,4,0.0,20.699999999999996,True,-20.699999999999996,False,
PLTR,2026-03-31,2026-04-01,2026-04,2026,False,False,2,0.0,19.7,True,-19.7,False,
PLTR,2026-03-31,2026-04-01,2026-04,2026,False,False,4,0.0,25.7,True,-25.7,False,
PLTR,2026-04-01,2026-04-02,2026-04,2026,False,False,2,0.0,-4.300000000000002,True,4.300000000000002,False,
PLTR,2026-04-01,2026-04-02,2026-04,2026,False,False,4,0.0,32.7,True,-32.7,False,
PLTR,2026-05-05,2026-05-06,2026-05,2026,True,False,2,0.0,9.7,True,-9.7,False,
PLTR,2026-05-05,2026-05-06,2026-05,2026,True,False,4,0.0,23.7,True,-23.7,False,
PLTR,2026-05-06,2026-05-07,2026-05,2026,False,False,2,0.0,26.699999999999996,True,-26.699999999999996,False,
PLTR,2026-05-06,2026-05-07,2026-05,2026,False,False,4,0.0,39.7,True,-39.7,False,
PLTR,2026-05-07,2026-05-08,2026-05,2026,False,False,2,0.0,20.7,True,-20.7,False,
PLTR,2026-05-07,2026-05-08,2026-05,2026,False,False,4,0.0,27.699999999999996,True,-27.699999999999996,False,
PLTR,2026-05-08,2026-05-11,2026-05,2026,False,False,2,0.0,14.7,True,-14.7,False,
PLTR,2026-05-08,2026-05-11,2026-05,2026,False,False,4,0.0,22.7,True,-22.7,False,
PLTR,2026-05-11,2026-05-12,2026-05,2026,False,False,2,0.0,7.699999999999998,True,-7.699999999999998,False,
PLTR,2026-05-11,2026-05-12,2026-05,2026,False,False,4,0.0,22.7,True,-22.7,False,
PLTR,2026-05-12,2026-05-13,2026-05,2026,False,False,2,8.7,16.699999999999996,True,-7.9999999999999964,True,-2.9999999999999973
PLTR,2026-05-12,2026-05-13,2026-05,2026,False,False,4,24.7,32.7,True,-8.000000000000004,True,-2.9999999999999973
PLTR,2026-05-13,2026-05-14,2026-05,2026,True,False,2,0.0,19.7,True,-19.7,False,
PLTR,2026-05-13,2026-05-14,2026-05,2026,True,False,4,0.0,30.7,True,-30.7,False,
PLTR,2026-05-14,2026-05-15,2026-05,2026,False,False,2,0.0,18.7,True,-18.7,False,
PLTR,2026-05-14,2026-05-15,2026-05,2026,False,False,4,0.0,26.700000000000003,True,-26.700000000000003,False,
PLTR,2026-05-15,2026-05-18,2026-05,2026,False,False,2,-0.30000000000000104,14.699999999999998,True,-14.999999999999998,True,2.6645352591003757e-15
PLTR,2026-05-15,2026-05-18,2026-05,2026,False,False,4,2.6999999999999984,21.7,True,-19.0,True,2.6645352591003757e-15
PLTR,2026-05-18,2026-05-19,2026-05,2026,False,False,2,0.0,14.700000000000003,True,-14.700000000000003,False,
PLTR,2026-05-18,2026-05-19,2026-05,2026,False,False,4,0.0,41.70000000000001,True,-41.70000000000001,False,
PLTR,2026-05-19,2026-05-20,2026-05,2026,False,False,2,-0.30000000000000104,21.7,True,-22.0,True,-2.6645352591003757e-15
PLTR,2026-05-19,2026-05-20,2026-05,2026,False,False,4,4.700000000000001,38.7,True,-34.0,True,-2.6645352591003757e-15
PLTR,2026-05-20,2026-05-21,2026-05,2026,False,False,2,0.0,21.699999999999996,True,-21.699999999999996,False,
PLTR,2026-05-20,2026-05-21,2026-05,2026,False,False,4,0.0,14.699999999999994,True,-14.699999999999994,False,
PLTR,2026-05-21,2026-05-22,2026-05,2026,True,False,2,-0.30000000000000104,12.699999999999998,True,-12.999999999999998,True,-1.0000000000000036
PLTR,2026-05-21,2026-05-22,2026-05,2026,True,False,4,-102.3,-643.2999999999998,True,540.9999999999999,True,540.9999999999999
PLTR,2026-05-22,2026-05-26,2026-05,2026,False,False,2,0.0,-53.3,True,53.3,False,
PLTR,2026-05-22,2026-05-26,2026-05,2026,False,False,4,0.0,-762.3,True,762.3,False,
PLTR,2026-05-26,2026-05-27,2026-05,2026,False,False,2,0.0,-672.3,True,672.3,False,
PLTR,2026-05-26,2026-05-27,2026-05,2026,False,False,4,0.0,-317.29999999999995,True,317.29999999999995,False,
PLTR,2026-05-27,2026-05-28,2026-05,2026,False,False,2,-221.29999999999998,-1197.3,True,976.0,True,976.0
PLTR,2026-05-27,2026-05-28,2026-05,2026,False,False,4,-5.3000000000000025,127.69999999999997,True,-132.99999999999997,True,976.0
PLTR,2026-05-28,2026-05-29,2026-05,2026,False,False,2,24.699999999999996,261.70000000000005,True,-237.00000000000006,True,186.99999999999994
PLTR,2026-05-28,2026-05-29,2026-05,2026,False,False,4,59.7,411.70000000000005,True,-352.00000000000006,True,186.99999999999994
PLTR,2026-05-29,2026-06-01,2026-06,2026,False,False,2,29.699999999999992,54.699999999999996,True,-25.000000000000004,True,-3.0000000000000027
PLTR,2026-05-29,2026-06-01,2026-06,2026,False,False,4,33.7,57.7,True,-24.0,True,-3.0000000000000027
PLTR,2026-06-01,2026-06-02,2026-06,2026,True,False,2,0.0,15.7,True,-15.7,False,
PLTR,2026-06-01,2026-06-02,2026-06,2026,True,False,4,0.0,20.7,True,-20.7,False,
PLTR,2026-06-02,2026-06-03,2026-06,2026,False,False,2,0.6999999999999997,6.7,True,-6.0,True,2.0000000000000018
PLTR,2026-06-02,2026-06-03,2026-06,2026,False,False,4,5.700000000000001,9.7,True,-3.9999999999999982,True,2.0000000000000018
PLTR,2026-06-03,2026-06-04,2026-06,2026,False,False,2,0.0,26.699999999999996,True,-26.699999999999996,False,
PLTR,2026-06-03,2026-06-04,2026-06,2026,False,False,4,0.0,30.699999999999996,True,-30.699999999999996,False,
PLTR,2026-06-04,2026-06-05,2026-06,2026,False,False,2,0.0,7.700000000000002,True,-7.700000000000002,False,
PLTR,2026-06-04,2026-06-05,2026-06,2026,False,False,4,0.0,9.700000000000001,True,-9.700000000000001,False,
PLTR,2026-06-05,2026-06-08,2026-06,2026,False,False,2,3.7,22.7,True,-19.0,True,-0.9999999999999982
PLTR,2026-06-05,2026-06-08,2026-06,2026,False,False,4,,,False,,True,
PLTR,2026-06-08,2026-06-09,2026-06,2026,False,False,2,0.0,5.699999999999999,True,-5.699999999999999,False,
PLTR,2026-06-08,2026-06-09,2026-06,2026,False,False,4,0.0,,False,,False,
PLTR,2026-06-09,2026-06-10,2026-06,2026,True,False,2,0.0,,False,,False,
PLTR,2026-06-09,2026-06-10,2026-06,2026,True,False,4,0.0,,False,,False,
PLTR,2026-06-10,2026-06-11,2026-06,2026,False,False,2,0.0,,False,,False,
PLTR,2026-06-10,2026-06-11,2026-06,2026,False,False,4,0.0,,False,,False,
PYPL,2024-07-31,2024-08-01,2024-08,2024-2025,True,True,2,0.0,,False,,False,
PYPL,2024-07-31,2024-08-01,2024-08,2024-2025,True,True,4,0.0,,False,,False,
PYPL,2024-08-01,2024-08-02,2024-08,2024-2025,False,True,2,0.0,,False,,False,
PYPL,2024-08-01,2024-08-02,2024-08,2024-2025,False,True,4,0.0,,False,,False,
PYPL,2025-03-24,2025-03-25,2025-03,2024-2025,True,True,2,0.0,3.7,True,-3.7,False,
PYPL,2025-03-24,2025-03-25,2025-03,2024-2025,True,True,4,0.0,6.7,True,-6.7,False,
PYPL,2025-03-25,2025-03-26,2025-03,2024-2025,False,True,2,0.0,0.7000000000000004,True,-0.7000000000000004,False,
PYPL,2025-03-25,2025-03-26,2025-03,2024-2025,False,True,4,0.0,,False,,False,
PYPL,2025-03-26,2025-03-27,2025-03,2024-2025,False,True,2,0.0,0.6999999999999997,True,-0.6999999999999997,False,
PYPL,2025-03-26,2025-03-27,2025-03,2024-2025,False,True,4,0.0,,False,,False,
PYPL,2025-03-27,2025-03-28,2025-03,2024-2025,False,True,2,0.0,,False,,False,
PYPL,2025-03-27,2025-03-28,2025-03,2024-2025,False,True,4,0.0,,False,,False,
PYPL,2026-03-25,2026-03-26,2026-03,2026,True,True,2,0.0,,False,,False,
PYPL,2026-03-25,2026-03-26,2026-03,2026,True,True,4,0.0,,False,,False,
PYPL,2026-03-26,2026-03-27,2026-03,2026,False,True,2,0.0,,False,,False,
PYPL,2026-03-26,2026-03-27,2026-03,2026,False,True,4,0.0,,False,,False,
PYPL,2026-03-27,2026-03-30,2026-03,2026,False,True,2,0.0,0.6999999999999968,True,-0.6999999999999968,False,
PYPL,2026-03-27,2026-03-30,2026-03,2026,False,True,4,0.0,6.699999999999999,True,-6.699999999999999,False,
PYPL,2026-03-30,2026-03-31,2026-03,2026,False,True,2,0.0,0.6999999999999982,True,-0.6999999999999982,False,
PYPL,2026-03-30,2026-03-31,2026-03,2026,False,True,4,0.0,,False,,False,
PYPL,2026-03-31,2026-04-01,2026-04,2026,False,True,2,0.0,-0.2999999999999996,True,0.2999999999999996,False,
PYPL,2026-03-31,2026-04-01,2026-04,2026,False,True,4,0.0,,False,,False,
PYPL,2026-04-01,2026-04-02,2026-04,2026,False,True,2,0.0,,False,,False,
PYPL,2026-04-01,2026-04-02,2026-04,2026,False,True,4,0.0,,False,,False,
QCOM,2025-12-11,2025-12-12,2025-12,2024-2025,True,False,2,0.0,5.699999999999999,True,-5.699999999999999,False,
QCOM,2025-12-11,2025-12-12,2025-12,2024-2025,True,False,4,0.0,9.699999999999998,True,-9.699999999999998,False,
QCOM,2025-12-12,2025-12-15,2025-12,2024-2025,False,False,2,0.0,25.7,True,-25.7,False,
QCOM,2025-12-12,2025-12-15,2025-12,2024-2025,False,False,4,0.0,28.7,True,-28.7,False,
QCOM,2025-12-15,2025-12-16,2025-12,2024-2025,False,False,2,0.0,-10.3,True,10.3,False,
QCOM,2025-12-15,2025-12-16,2025-12,2024-2025,False,False,4,0.0,-1.2999999999999992,True,1.2999999999999992,False,
QCOM,2025-12-16,2025-12-17,2025-12,2024-2025,False,False,2,0.0,1.7000000000000004,True,-1.7000000000000004,False,
QCOM,2025-12-16,2025-12-17,2025-12,2024-2025,False,False,4,0.0,-13.299999999999999,True,13.299999999999999,False,
QCOM,2025-12-17,2025-12-18,2025-12,2024-2025,False,False,2,0.0,22.699999999999996,True,-22.699999999999996,False,
QCOM,2025-12-17,2025-12-18,2025-12,2024-2025,False,False,4,0.0,32.7,True,-32.7,False,
QCOM,2025-12-18,2025-12-19,2025-12,2024-2025,False,False,2,0.0,17.7,True,-17.7,False,
QCOM,2025-12-18,2025-12-19,2025-12,2024-2025,False,False,4,0.0,21.7,True,-21.7,False,
QCOM,2025-12-19,2025-12-22,2025-12,2024-2025,True,False,2,0.0,1.7000000000000004,True,-1.7000000000000004,False,
QCOM,2025-12-19,2025-12-22,2025-12,2024-2025,True,False,4,0.0,9.7,True,-9.7,False,
QCOM,2025-12-22,2025-12-23,2025-12,2024-2025,False,False,2,0.0,9.699999999999998,True,-9.699999999999998,False,
QCOM,2025-12-22,2025-12-23,2025-12,2024-2025,False,False,4,0.0,17.699999999999996,True,-17.699999999999996,False,
QCOM,2025-12-23,2025-12-24,2025-12,2024-2025,False,False,2,0.0,10.699999999999998,True,-10.699999999999998,False,
QCOM,2025-12-23,2025-12-24,2025-12,2024-2025,False,False,4,0.0,11.699999999999998,True,-11.699999999999998,False,
QCOM,2025-12-24,2025-12-26,2025-12,2024-2025,False,False,2,0.0,8.7,True,-8.7,False,
QCOM,2025-12-24,2025-12-26,2025-12,2024-2025,False,False,4,0.0,11.699999999999998,True,-11.699999999999998,False,
QCOM,2025-12-26,2025-12-29,2025-12,2024-2025,False,False,2,0.0,-12.3,True,12.3,False,
QCOM,2025-12-26,2025-12-29,2025-12,2024-2025,False,False,4,0.0,-20.3,True,20.3,False,
QCOM,2025-12-29,2025-12-30,2025-12,2024-2025,False,False,2,0.0,-3.3000000000000007,True,3.3000000000000007,False,
QCOM,2025-12-29,2025-12-30,2025-12,2024-2025,False,False,4,0.0,-99.3,True,99.3,False,
QCOM,2025-12-30,2025-12-31,2025-12,2024-2025,True,False,2,0.0,-38.3,True,38.3,False,
QCOM,2025-12-30,2025-12-31,2025-12,2024-2025,True,False,4,0.0,-48.3,True,48.3,False,
QCOM,2025-12-31,2026-01-02,2026-01,2024-2025,False,False,2,0.0,-306.3,True,306.3,False,
QCOM,2025-12-31,2026-01-02,2026-01,2024-2025,False,False,4,0.0,-229.29999999999995,True,229.29999999999995,False,
QCOM,2026-02-05,2026-02-06,2026-02,2026,True,False,2,0.0,5.699999999999999,True,-5.699999999999999,False,
QCOM,2026-02-05,2026-02-06,2026-02,2026,True,False,4,0.0,-3.3000000000000007,True,3.3000000000000007,False,
QCOM,2026-02-06,2026-02-09,2026-02,2026,False,False,2,0.0,-23.299999999999997,True,23.299999999999997,False,
QCOM,2026-02-06,2026-02-09,2026-02,2026,False,False,4,0.0,4.700000000000001,True,-4.700000000000001,False,
QCOM,2026-02-09,2026-02-10,2026-02,2026,False,False,2,0.0,-9.300000000000004,True,9.300000000000004,False,
QCOM,2026-02-09,2026-02-10,2026-02,2026,False,False,4,0.0,3.6999999999999966,True,-3.6999999999999966,False,
QCOM,2026-02-10,2026-02-11,2026-02,2026,False,False,2,0.0,8.7,True,-8.7,False,
QCOM,2026-02-10,2026-02-11,2026-02,2026,False,False,4,0.0,20.699999999999996,True,-20.699999999999996,False,
QCOM,2026-02-11,2026-02-12,2026-02,2026,False,False,2,0.0,-12.3,True,12.3,False,
QCOM,2026-02-11,2026-02-12,2026-02,2026,False,False,4,0.0,-4.3,True,4.3,False,
QCOM,2026-02-12,2026-02-13,2026-02,2026,False,False,2,0.0,4.700000000000001,True,-4.700000000000001,False,
QCOM,2026-02-12,2026-02-13,2026-02,2026,False,False,4,0.0,11.7,True,-11.7,False,
QCOM,2026-02-13,2026-02-17,2026-02,2026,True,False,2,0.0,28.7,True,-28.7,False,
QCOM,2026-02-13,2026-02-17,2026-02,2026,True,False,4,0.0,41.7,True,-41.7,False,
QCOM,2026-02-17,2026-02-18,2026-02,2026,False,False,2,0.0,-1.2999999999999992,True,1.2999999999999992,False,
QCOM,2026-02-17,2026-02-18,2026-02,2026,False,False,4,0.0,-0.2999999999999996,True,0.2999999999999996,False,
QCOM,2026-02-18,2026-02-19,2026-02,2026,False,False,2,0.0,3.7,True,-3.7,False,
QCOM,2026-02-18,2026-02-19,2026-02,2026,False,False,4,0.0,-1.2999999999999992,True,1.2999999999999992,False,
QCOM,2026-02-19,2026-02-20,2026-02,2026,False,False,2,0.0,-25.3,True,25.3,False,
QCOM,2026-02-19,2026-02-20,2026-02,2026,False,False,4,0.0,22.7,True,-22.7,False,
QCOM,2026-02-20,2026-02-23,2026-02,2026,False,False,2,0.0,-29.300000000000004,True,29.300000000000004,False,
QCOM,2026-02-20,2026-02-23,2026-02,2026,False,False,4,0.0,4.700000000000001,True,-4.700000000000001,False,
QCOM,2026-02-23,2026-02-24,2026-02,2026,False,False,2,0.0,14.699999999999992,True,-14.699999999999992,False,
QCOM,2026-02-23,2026-02-24,2026-02,2026,False,False,4,0.0,98.7,True,-98.7,False,
QCOM,2026-02-24,2026-02-25,2026-02,2026,True,False,2,0.0,-0.30000000000000104,True,0.30000000000000104,False,
QCOM,2026-02-24,2026-02-25,2026-02,2026,True,False,4,0.0,4.699999999999999,True,-4.699999999999999,False,
QCOM,2026-02-25,2026-02-26,2026-02,2026,False,False,2,0.0,14.699999999999998,True,-14.699999999999998,False,
QCOM,2026-02-25,2026-02-26,2026-02,2026,False,False,4,0.0,15.7,True,-15.7,False,
QCOM,2026-02-26,2026-02-27,2026-02,2026,False,False,2,0.0,-1.2999999999999992,True,1.2999999999999992,False,
QCOM,2026-02-26,2026-02-27,2026-02,2026,False,False,4,0.0,-22.300000000000004,True,22.300000000000004,False,
QCOM,2026-02-27,2026-03-02,2026-03,2026,False,False,2,0.0,5.700000000000002,True,-5.700000000000002,False,
QCOM,2026-02-27,2026-03-02,2026-03,2026,False,False,4,0.0,8.700000000000001,True,-8.700000000000001,False,
QCOM,2026-03-02,2026-03-03,2026-03,2026,False,False,2,0.0,-9.299999999999999,True,9.299999999999999,False,
QCOM,2026-03-02,2026-03-03,2026-03,2026,False,False,4,0.0,-3.3,True,3.3,False,
QCOM,2026-03-03,2026-03-04,2026-03,2026,False,False,2,0.0,-2.3,True,2.3,False,
QCOM,2026-03-03,2026-03-04,2026-03,2026,False,False,4,0.0,13.7,True,-13.7,False,
QCOM,2026-03-04,2026-03-05,2026-03,2026,True,False,2,0.0,-16.3,True,16.3,False,
QCOM,2026-03-04,2026-03-05,2026-03,2026,True,False,4,0.0,1.7000000000000004,True,-1.7000000000000004,False,
QCOM,2026-03-05,2026-03-06,2026-03,2026,False,False,2,0.0,-2.3,True,2.3,False,
QCOM,2026-03-05,2026-03-06,2026-03,2026,False,False,4,0.0,7.700000000000002,True,-7.700000000000002,False,
QCOM,2026-03-06,2026-03-09,2026-03,2026,False,False,2,0.0,18.7,True,-18.7,False,
QCOM,2026-03-06,2026-03-09,2026-03,2026,False,False,4,0.0,-13.300000000000004,True,13.300000000000004,False,
QCOM,2026-03-09,2026-03-10,2026-03,2026,False,False,2,0.0,-20.3,True,20.3,False,
QCOM,2026-03-09,2026-03-10,2026-03,2026,False,False,4,0.0,-8.3,True,8.3,False,
QCOM,2026-03-10,2026-03-11,2026-03,2026,False,False,2,0.0,6.7,True,-6.7,False,
QCOM,2026-03-10,2026-03-11,2026-03,2026,False,False,4,0.0,9.7,True,-9.7,False,
QCOM,2026-03-11,2026-03-12,2026-03,2026,False,False,2,0.0,4.6999999999999975,True,-4.6999999999999975,False,
QCOM,2026-03-11,2026-03-12,2026-03,2026,False,False,4,0.0,6.699999999999999,True,-6.699999999999999,False,
QCOM,2026-03-12,2026-03-13,2026-03,2026,True,False,2,0.0,0.6999999999999982,True,-0.6999999999999982,False,
QCOM,2026-03-12,2026-03-13,2026-03,2026,True,False,4,0.0,1.6999999999999977,True,-1.6999999999999977,False,
QCOM,2026-03-13,2026-03-16,2026-03,2026,False,False,2,0.0,-1.3000000000000005,True,1.3000000000000005,False,
QCOM,2026-03-13,2026-03-16,2026-03,2026,False,False,4,0.0,3.7,True,-3.7,False,
QCOM,2026-03-16,2026-03-17,2026-03,2026,False,False,2,0.0,-57.300000000000004,True,57.300000000000004,False,
QCOM,2026-03-16,2026-03-17,2026-03,2026,False,False,4,0.0,12.699999999999998,True,-12.699999999999998,False,
QCOM,2026-03-17,2026-03-18,2026-03,2026,False,False,2,0.0,0.0,True,0.0,False,
QCOM,2026-03-17,2026-03-18,2026-03,2026,False,False,4,0.0,0.0,True,0.0,False,
QCOM,2026-03-18,2026-03-19,2026-03,2026,False,False,2,0.0,-4.299999999999999,True,4.299999999999999,False,
QCOM,2026-03-18,2026-03-19,2026-03,2026,False,False,4,0.0,2.700000000000001,True,-2.700000000000001,False,
QCOM,2026-03-19,2026-03-20,2026-03,2026,False,False,2,0.0,11.7,True,-11.7,False,
QCOM,2026-03-19,2026-03-20,2026-03,2026,False,False,4,0.0,13.7,True,-13.7,False,
QCOM,2026-03-20,2026-03-23,2026-03,2026,True,False,2,0.0,-4.300000000000001,True,4.300000000000001,False,
QCOM,2026-03-20,2026-03-23,2026-03,2026,True,False,4,0.0,-212.3,True,212.3,False,
QCOM,2026-03-23,2026-03-24,2026-03,2026,False,False,2,0.0,-23.300000000000004,True,23.300000000000004,False,
QCOM,2026-03-23,2026-03-24,2026-03,2026,False,False,4,0.0,8.7,True,-8.7,False,
QCOM,2026-03-24,2026-03-25,2026-03,2026,False,False,2,0.0,14.699999999999994,True,-14.699999999999994,False,
QCOM,2026-03-24,2026-03-25,2026-03,2026,False,False,4,0.0,-18.300000000000004,True,18.300000000000004,False,
QCOM,2026-03-25,2026-03-26,2026-03,2026,False,False,2,0.0,16.7,True,-16.7,False,
QCOM,2026-03-25,2026-03-26,2026-03,2026,False,False,4,0.0,21.7,True,-21.7,False,
QCOM,2026-03-26,2026-03-27,2026-03,2026,False,False,2,0.0,-17.3,True,17.3,False,
QCOM,2026-03-26,2026-03-27,2026-03,2026,False,False,4,0.0,-5.3,True,5.3,False,
QCOM,2026-04-30,2026-05-01,2026-05,2026,True,False,2,-84.3,-90.29999999999998,True,5.999999999999986,True,5.999999999999986
QCOM,2026-04-30,2026-05-01,2026-05,2026,True,False,4,-379.3,-370.3,True,-9.0,True,-9.0
QCOM,2026-05-01,2026-05-04,2026-05,2026,False,False,2,0.0,-266.3,True,266.3,False,
QCOM,2026-05-01,2026-05-04,2026-05,2026,False,False,4,0.0,-2212.3,True,2212.3,False,
QCOM,2026-05-04,2026-05-05,2026-05,2026,False,False,2,0.0,-1228.3000000000002,True,1228.3000000000002,False,
QCOM,2026-05-04,2026-05-05,2026-05,2026,False,False,4,0.0,-4038.2999999999997,True,4038.2999999999997,False,
QCOM,2026-05-05,2026-05-06,2026-05,2026,False,False,2,0.0,-710.3,True,710.3,False,
QCOM,2026-05-05,2026-05-06,2026-05,2026,False,False,4,0.0,-245.3,True,245.3,False,
QCOM,2026-05-06,2026-05-07,2026-05,2026,False,False,2,0.0,-1408.2999999999997,True,1408.2999999999997,False,
QCOM,2026-05-06,2026-05-07,2026-05,2026,False,False,4,0.0,22.700000000000042,True,-22.700000000000042,False,
QCOM,2026-05-07,2026-05-08,2026-05,2026,False,False,2,201.70000000000002,201.70000000000002,True,0.0,True,0.0
QCOM,2026-05-07,2026-05-08,2026-05,2026,False,False,4,274.70000000000005,274.70000000000005,True,0.0,True,0.0
QCOM,2026-05-08,2026-05-11,2026-05,2026,True,False,2,66.7,225.70000000000005,True,-159.00000000000006,True,11.99999999999998
QCOM,2026-05-08,2026-05-11,2026-05,2026,True,False,4,75.7,245.70000000000005,True,-170.00000000000006,True,11.99999999999998
QCOM,2026-05-11,2026-05-12,2026-05,2026,False,False,2,0.0,51.7,True,-51.7,False,
QCOM,2026-05-11,2026-05-12,2026-05,2026,False,False,4,0.0,93.7,True,-93.7,False,
QCOM,2026-05-12,2026-05-13,2026-05,2026,False,False,2,0.0,-18.299999999999994,True,18.299999999999994,False,
QCOM,2026-05-12,2026-05-13,2026-05,2026,False,False,4,0.0,-40.29999999999999,True,40.29999999999999,False,
QCOM,2026-05-13,2026-05-14,2026-05,2026,False,False,2,0.0,31.699999999999992,True,-31.699999999999992,False,
QCOM,2026-05-13,2026-05-14,2026-05,2026,False,False,4,0.0,36.7,True,-36.7,False,
QCOM,2026-05-14,2026-05-15,2026-05,2026,False,False,2,0.0,44.7,True,-44.7,False,
QCOM,2026-05-14,2026-05-15,2026-05,2026,False,False,4,0.0,79.7,True,-79.7,False,
QCOM,2026-05-15,2026-05-18,2026-05,2026,False,False,2,0.0,-1.3000000000000047,True,1.3000000000000047,False,
QCOM,2026-05-15,2026-05-18,2026-05,2026,False,False,4,0.0,33.7,True,-33.7,False,
QCOM,2026-05-18,2026-05-19,2026-05,2026,True,False,2,0.0,-89.30000000000001,True,89.30000000000001,False,
QCOM,2026-05-18,2026-05-19,2026-05,2026,True,False,4,0.0,-1013.2999999999998,True,1013.2999999999998,False,
QCOM,2026-05-19,2026-05-20,2026-05,2026,False,False,2,-431.3,-796.2999999999998,True,364.99999999999983,True,364.99999999999983
QCOM,2026-05-19,2026-05-20,2026-05,2026,False,False,4,-271.3,-256.29999999999995,True,-15.000000000000057,True,560.0
QCOM,2026-05-20,2026-05-21,2026-05,2026,False,False,2,-701.3,-962.3,True,261.0,True,261.0
QCOM,2026-05-20,2026-05-21,2026-05,2026,False,False,4,-356.3,-257.29999999999995,True,-99.00000000000006,True,261.0
QCOM,2026-05-21,2026-05-22,2026-05,2026,False,False,2,0.0,349.70000000000005,True,-349.70000000000005,False,
QCOM,2026-05-21,2026-05-22,2026-05,2026,False,False,4,0.0,384.70000000000005,True,-384.70000000000005,False,
QCOM,2026-05-22,2026-05-26,2026-05,2026,False,False,2,216.70000000000002,37.70000000000002,True,179.0,True,107.0
QCOM,2026-05-22,2026-05-26,2026-05,2026,False,False,4,442.70000000000005,194.70000000000002,True,248.00000000000003,True,107.0
QCOM,2026-05-26,2026-05-27,2026-05,2026,False,False,2,-109.3,-95.3,True,-14.0,True,72.00000000000001
QCOM,2026-05-26,2026-05-27,2026-05,2026,False,False,4,11.699999999999989,-39.3,True,50.999999999999986,True,72.00000000000001
QCOM,2026-05-27,2026-05-28,2026-05,2026,True,False,2,79.7,152.70000000000002,True,-73.00000000000001,True,-28.000000000000043
QCOM,2026-05-27,2026-05-28,2026-05,2026,True,False,4,18.699999999999996,105.70000000000003,True,-87.00000000000003,True,-28.000000000000043
QCOM,2026-05-28,2026-05-29,2026-05,2026,False,False,2,0.0,68.7,True,-68.7,False,
QCOM,2026-05-28,2026-05-29,2026-05,2026,False,False,4,0.0,123.7,True,-123.7,False,
QCOM,2026-05-29,2026-06-01,2026-06,2026,False,False,2,0.0,-68.3,True,68.3,False,
QCOM,2026-05-29,2026-06-01,2026-06,2026,False,False,4,0.0,-202.29999999999998,True,202.29999999999998,False,
QCOM,2026-06-01,2026-06-02,2026-06,2026,False,False,2,95.70000000000005,13.700000000000014,True,82.00000000000003,True,78.00000000000006
QCOM,2026-06-01,2026-06-02,2026-06,2026,False,False,4,291.70000000000005,208.7,True,83.00000000000006,True,78.00000000000006
QCOM,2026-06-02,2026-06-03,2026-06,2026,False,False,2,0.0,281.7,True,-281.7,False,
QCOM,2026-06-02,2026-06-03,2026-06,2026,False,False,4,0.0,300.70000000000005,True,-300.70000000000005,False,
QCOM,2026-06-03,2026-06-04,2026-06,2026,False,False,2,0.0,-81.3,True,81.3,False,
QCOM,2026-06-03,2026-06-04,2026-06,2026,False,False,4,0.0,36.7,True,-36.7,False,
QCOM,2026-06-04,2026-06-05,2026-06,2026,True,False,2,0.0,-6.300000000000001,True,6.300000000000001,False,
QCOM,2026-06-04,2026-06-05,2026-06,2026,True,False,4,0.0,15.7,True,-15.7,False,
QCOM,2026-06-05,2026-06-08,2026-06,2026,False,False,2,0.0,37.7,True,-37.7,False,
QCOM,2026-06-05,2026-06-08,2026-06,2026,False,False,4,0.0,39.7,True,-39.7,False,
QCOM,2026-06-08,2026-06-09,2026-06,2026,False,False,2,0.0,9.7,True,-9.7,False,
QCOM,2026-06-08,2026-06-09,2026-06,2026,False,False,4,0.0,14.699999999999998,True,-14.699999999999998,False,
QCOM,2026-06-09,2026-06-10,2026-06,2026,False,False,2,0.0,-60.300000000000004,True,60.300000000000004,False,
QCOM,2026-06-09,2026-06-10,2026-06,2026,False,False,4,0.0,,False,,False,
QCOM,2026-06-10,2026-06-11,2026-06,2026,False,False,2,0.0,-98.30000000000001,True,98.30000000000001,False,
QCOM,2026-06-10,2026-06-11,2026-06,2026,False,False,4,0.0,,False,,False,
QCOM,2026-06-11,2026-06-12,2026-06,2026,False,False,2,0.0,,False,,False,
QCOM,2026-06-11,2026-06-12,2026-06,2026,False,False,4,0.0,,False,,False,
QCOM,2026-06-12,2026-06-15,2026-06,2026,True,False,2,0.0,,False,,False,
QCOM,2026-06-12,2026-06-15,2026-06,2026,True,False,4,0.0,,False,,False,
RTX,2024-07-26,2024-07-29,2024-07,2024-2025,True,True,2,0.0,,False,,False,
RTX,2024-07-26,2024-07-29,2024-07,2024-2025,True,True,4,0.0,,False,,False,
RTX,2024-07-29,2024-07-30,2024-07,2024-2025,False,True,2,0.0,3.7,True,-3.7,False,
RTX,2024-07-29,2024-07-30,2024-07,2024-2025,False,True,4,0.0,,False,,False,
RTX,2024-07-30,2024-07-31,2024-07,2024-2025,False,True,2,0.0,-5.3,True,5.3,False,
RTX,2024-07-30,2024-07-31,2024-07,2024-2025,False,True,4,0.0,,False,,False,
RTX,2024-07-31,2024-08-01,2024-08,2024-2025,False,True,2,0.0,,False,,False,
RTX,2024-07-31,2024-08-01,2024-08,2024-2025,False,True,4,0.0,,False,,False,
RTX,2024-08-01,2024-08-02,2024-08,2024-2025,False,True,2,0.0,,False,,False,
RTX,2024-08-01,2024-08-02,2024-08,2024-2025,False,True,4,0.0,,False,,False,
SCHW,2024-07-22,2024-07-23,2024-07,2024-2025,True,True,2,0.0,-6.300000000000001,True,6.300000000000001,False,
SCHW,2024-07-22,2024-07-23,2024-07,2024-2025,True,True,4,0.0,7.700000000000002,True,-7.700000000000002,False,
SCHW,2024-07-23,2024-07-24,2024-07,2024-2025,False,True,2,0.0,-8.3,True,8.3,False,
SCHW,2024-07-23,2024-07-24,2024-07,2024-2025,False,True,4,0.0,,False,,False,
SCHW,2024-07-24,2024-07-25,2024-07,2024-2025,False,True,2,0.0,22.7,True,-22.7,False,
SCHW,2024-07-24,2024-07-25,2024-07,2024-2025,False,True,4,0.0,,False,,False,
SCHW,2024-07-25,2024-07-26,2024-07,2024-2025,False,True,2,0.0,,False,,False,
SCHW,2024-07-25,2024-07-26,2024-07,2024-2025,False,True,4,0.0,,False,,False,
SCHW,2024-07-26,2024-07-29,2024-07,2024-2025,False,True,2,0.0,,False,,False,
SCHW,2024-07-26,2024-07-29,2024-07,2024-2025,False,True,4,0.0,,False,,False,
SCHW,2024-07-29,2024-07-30,2024-07,2024-2025,False,True,2,0.0,-2.3000000000000007,True,2.3000000000000007,False,
SCHW,2024-07-29,2024-07-30,2024-07,2024-2025,False,True,4,0.0,,False,,False,
SCHW,2024-07-30,2024-07-31,2024-07,2024-2025,True,True,2,0.0,1.7000000000000004,True,-1.7000000000000004,False,
SCHW,2024-07-30,2024-07-31,2024-07,2024-2025,True,True,4,0.0,,False,,False,
SCHW,2024-07-31,2024-08-01,2024-08,2024-2025,False,True,2,0.0,,False,,False,
SCHW,2024-07-31,2024-08-01,2024-08,2024-2025,False,True,4,0.0,,False,,False,
SCHW,2024-08-01,2024-08-02,2024-08,2024-2025,False,True,2,0.0,,False,,False,
SCHW,2024-08-01,2024-08-02,2024-08,2024-2025,False,True,4,0.0,,False,,False,
SCHW,2026-04-17,2026-04-20,2026-04,2026,True,True,2,0.0,,False,,False,
SCHW,2026-04-17,2026-04-20,2026-04,2026,True,True,4,0.0,,False,,False,
SCHW,2026-04-20,2026-04-21,2026-04,2026,False,True,2,0.0,,False,,False,
SCHW,2026-04-20,2026-04-21,2026-04,2026,False,True,4,0.0,,False,,False,
SCHW,2026-04-21,2026-04-22,2026-04,2026,False,True,2,0.0,,False,,False,
SCHW,2026-04-21,2026-04-22,2026-04,2026,False,True,4,0.0,,False,,False,
TEVA,2024-08-01,2024-08-02,2024-08,2024-2025,True,True,2,0.0,,False,,False,
TEVA,2024-08-01,2024-08-02,2024-08,2024-2025,True,True,4,0.0,,False,,False,
TEVA,2025-03-24,2025-03-25,2025-03,2024-2025,True,True,2,0.0,-5.3,True,5.3,False,
TEVA,2025-03-24,2025-03-25,2025-03,2024-2025,True,True,4,0.0,-3.3,True,3.3,False,
TEVA,2025-03-25,2025-03-26,2025-03,2024-2025,False,True,2,0.0,-4.300000000000001,True,4.300000000000001,False,
TEVA,2025-03-25,2025-03-26,2025-03,2024-2025,False,True,4,0.0,,False,,False,
TEVA,2025-03-26,2025-03-27,2025-03,2024-2025,False,True,2,0.0,-4.3,True,4.3,False,
TEVA,2025-03-26,2025-03-27,2025-03,2024-2025,False,True,4,0.0,,False,,False,
TEVA,2025-03-27,2025-03-28,2025-03,2024-2025,False,True,2,0.0,,False,,False,
TEVA,2025-03-27,2025-03-28,2025-03,2024-2025,False,True,4,0.0,,False,,False,
TEVA,2025-03-28,2025-03-31,2025-03,2024-2025,False,True,2,0.0,,False,,False,
TEVA,2025-03-28,2025-03-31,2025-03,2024-2025,False,True,4,0.0,,False,,False,
TEVA,2025-03-31,2025-04-01,2025-04,2024-2025,False,True,2,0.0,-2.3,True,2.3,False,
TEVA,2025-03-31,2025-04-01,2025-04,2024-2025,False,True,4,0.0,,False,,False,
TEVA,2025-04-01,2025-04-02,2025-04,2024-2025,True,True,2,0.0,-4.3,True,4.3,False,
TEVA,2025-04-01,2025-04-02,2025-04,2024-2025,True,True,4,0.0,,False,,False,
TEVA,2025-04-02,2025-04-03,2025-04,2024-2025,False,True,2,0.0,,False,,False,
TEVA,2025-04-02,2025-04-03,2025-04,2024-2025,False,True,4,0.0,,False,,False,
TEVA,2025-04-03,2025-04-04,2025-04,2024-2025,False,True,2,0.0,,False,,False,
TEVA,2025-04-03,2025-04-04,2025-04,2024-2025,False,True,4,0.0,,False,,False,
TEVA,2026-03-25,2026-03-26,2026-03,2026,True,True,2,0.0,0.0,True,0.0,False,
TEVA,2026-03-25,2026-03-26,2026-03,2026,True,True,4,0.0,0.0,True,0.0,False,
TEVA,2026-03-26,2026-03-27,2026-03,2026,False,True,2,0.0,,False,,False,
TEVA,2026-03-26,2026-03-27,2026-03,2026,False,True,4,0.0,,False,,False,
TGT,2025-03-24,2025-03-25,2025-03,2024-2025,True,True,2,0.0,-10.299999999999999,True,10.299999999999999,False,
TGT,2025-03-24,2025-03-25,2025-03,2024-2025,True,True,4,0.0,1.7000000000000004,True,-1.7000000000000004,False,
TGT,2025-03-25,2025-03-26,2025-03,2024-2025,False,True,2,0.0,15.7,True,-15.7,False,
TGT,2025-03-25,2025-03-26,2025-03,2024-2025,False,True,4,0.0,,False,,False,
TGT,2025-03-26,2025-03-27,2025-03,2024-2025,False,True,2,0.0,14.7,True,-14.7,False,
TGT,2025-03-26,2025-03-27,2025-03,2024-2025,False,True,4,0.0,,False,,False,
TGT,2025-03-27,2025-03-28,2025-03,2024-2025,False,True,2,0.0,,False,,False,
TGT,2025-03-27,2025-03-28,2025-03,2024-2025,False,True,4,0.0,,False,,False,
TGT,2025-03-28,2025-03-31,2025-03,2024-2025,False,True,2,0.0,,False,,False,
TGT,2025-03-28,2025-03-31,2025-03,2024-2025,False,True,4,0.0,,False,,False,
TGT,2025-03-31,2025-04-01,2025-04,2024-2025,False,True,2,0.0,-25.300000000000004,True,25.300000000000004,False,
TGT,2025-03-31,2025-04-01,2025-04,2024-2025,False,True,4,0.0,,False,,False,
TGT,2025-04-01,2025-04-02,2025-04,2024-2025,True,True,2,0.0,-0.29999999999999827,True,0.29999999999999827,False,
TGT,2025-04-01,2025-04-02,2025-04,2024-2025,True,True,4,0.0,,False,,False,
TGT,2025-04-02,2025-04-03,2025-04,2024-2025,False,True,2,0.0,,False,,False,
TGT,2025-04-02,2025-04-03,2025-04,2024-2025,False,True,4,0.0,,False,,False,
TGT,2025-04-03,2025-04-04,2025-04,2024-2025,False,True,2,0.0,,False,,False,
TGT,2025-04-03,2025-04-04,2025-04,2024-2025,False,True,4,0.0,,False,,False,
TGT,2026-03-25,2026-03-26,2026-03,2026,True,True,2,0.0,,False,,False,
TGT,2026-03-25,2026-03-26,2026-03,2026,True,True,4,0.0,,False,,False,
TGT,2026-03-26,2026-03-27,2026-03,2026,False,True,2,0.0,,False,,False,
TGT,2026-03-26,2026-03-27,2026-03,2026,False,True,4,0.0,,False,,False,
TGT,2026-03-27,2026-03-30,2026-03,2026,False,True,2,0.0,-5.3,True,5.3,False,
TGT,2026-03-27,2026-03-30,2026-03,2026,False,True,4,0.0,3.7,True,-3.7,False,
TGT,2026-03-30,2026-03-31,2026-03,2026,False,True,2,0.0,3.7,True,-3.7,False,
TGT,2026-03-30,2026-03-31,2026-03,2026,False,True,4,0.0,,False,,False,
TGT,2026-03-31,2026-04-01,2026-04,2026,False,True,2,0.0,-3.3000000000000007,True,3.3000000000000007,False,
TGT,2026-03-31,2026-04-01,2026-04,2026,False,True,4,0.0,,False,,False,
TGT,2026-04-01,2026-04-02,2026-04,2026,False,True,2,0.0,,False,,False,
TGT,2026-04-01,2026-04-02,2026-04,2026,False,True,4,0.0,,False,,False,
TGT,2026-04-02,2026-04-06,2026-04,2026,True,True,2,0.0,,False,,False,
TGT,2026-04-02,2026-04-06,2026-04,2026,True,True,4,0.0,,False,,False,
TGT,2026-04-06,2026-04-07,2026-04,2026,False,True,2,0.0,-23.3,True,23.3,False,
TGT,2026-04-06,2026-04-07,2026-04,2026,False,True,4,0.0,4.700000000000001,True,-4.700000000000001,False,
TGT,2026-04-07,2026-04-08,2026-04,2026,False,True,2,0.0,4.699999999999995,True,-4.699999999999995,False,
TGT,2026-04-07,2026-04-08,2026-04,2026,False,True,4,0.0,,False,,False,
TGT,2026-04-08,2026-04-09,2026-04,2026,False,True,2,0.0,13.7,True,-13.7,False,
TGT,2026-04-08,2026-04-09,2026-04,2026,False,True,4,0.0,,False,,False,
TGT,2026-04-09,2026-04-10,2026-04,2026,False,True,2,0.0,,False,,False,
TGT,2026-04-09,2026-04-10,2026-04,2026,False,True,4,0.0,,False,,False,
TGT,2026-04-10,2026-04-13,2026-04,2026,False,True,2,0.0,,False,,False,
TGT,2026-04-10,2026-04-13,2026-04,2026,False,True,4,0.0,,False,,False,
TGT,2026-04-13,2026-04-14,2026-04,2026,True,True,2,0.0,-103.3,True,103.3,False,
TGT,2026-04-13,2026-04-14,2026-04,2026,True,True,4,0.0,-421.3,True,421.3,False,
TGT,2026-04-14,2026-04-15,2026-04,2026,False,True,2,0.0,-191.3,True,191.3,False,
TGT,2026-04-14,2026-04-15,2026-04,2026,False,True,4,0.0,,False,,False,
TGT,2026-04-15,2026-04-16,2026-04,2026,False,True,2,0.0,-108.3,True,108.3,False,
TGT,2026-04-15,2026-04-16,2026-04,2026,False,True,4,0.0,,False,,False,
TGT,2026-04-16,2026-04-17,2026-04,2026,False,True,2,0.0,,False,,False,
TGT,2026-04-16,2026-04-17,2026-04,2026,False,True,4,0.0,,False,,False,
TWLO,2024-12-04,2024-12-05,2024-12,2024-2025,True,True,2,0.0,9.7,True,-9.7,False,
TWLO,2024-12-04,2024-12-05,2024-12,2024-2025,True,True,4,0.0,3.7,True,-3.7,False,
TWLO,2024-12-05,2024-12-06,2024-12,2024-2025,False,True,2,0.0,,False,,False,
TWLO,2024-12-05,2024-12-06,2024-12,2024-2025,False,True,4,0.0,,False,,False,
TWLO,2024-12-06,2024-12-09,2024-12,2024-2025,False,True,2,0.0,0.0,True,0.0,False,
TWLO,2024-12-06,2024-12-09,2024-12,2024-2025,False,True,4,0.0,0.0,True,0.0,False,
TWLO,2025-02-20,2025-02-21,2025-02,2024-2025,True,True,2,0.0,0.0,True,0.0,False,
TWLO,2025-02-20,2025-02-21,2025-02,2024-2025,True,True,4,0.0,0.0,True,0.0,False,
TWLO,2025-02-21,2025-02-24,2025-02,2024-2025,False,True,2,0.0,-13.299999999999988,True,13.299999999999988,False,
TWLO,2025-02-21,2025-02-24,2025-02,2024-2025,False,True,4,0.0,102.7,True,-102.7,False,
TWLO,2025-02-24,2025-02-25,2025-02,2024-2025,False,True,2,0.0,0.0,True,0.0,False,
TWLO,2025-02-24,2025-02-25,2025-02,2024-2025,False,True,4,0.0,0.0,True,0.0,False,
TWLO,2025-02-25,2025-02-26,2025-02,2024-2025,False,True,2,0.0,30.699999999999996,True,-30.699999999999996,False,
TWLO,2025-02-25,2025-02-26,2025-02,2024-2025,False,True,4,0.0,,False,,False,
TWLO,2025-02-26,2025-02-27,2025-02,2024-2025,False,True,2,0.0,-3.3000000000000007,True,3.3000000000000007,False,
TWLO,2025-02-26,2025-02-27,2025-02,2024-2025,False,True,4,0.0,-34.3,True,34.3,False,
TWLO,2025-02-27,2025-02-28,2025-02,2024-2025,False,True,2,0.0,,False,,False,
TWLO,2025-02-27,2025-02-28,2025-02,2024-2025,False,True,4,0.0,,False,,False,
TWLO,2025-02-28,2025-03-03,2025-03,2024-2025,True,True,2,0.0,-10.3,True,10.3,False,
TWLO,2025-02-28,2025-03-03,2025-03,2024-2025,True,True,4,0.0,-17.300000000000004,True,17.300000000000004,False,
TWLO,2025-08-08,2025-08-11,2025-08,2024-2025,True,True,2,0.0,-12.3,True,12.3,False,
TWLO,2025-08-08,2025-08-11,2025-08,2024-2025,True,True,4,0.0,-3.3000000000000007,True,3.3000000000000007,False,
TWLO,2025-08-11,2025-08-12,2025-08,2024-2025,False,True,2,0.0,-126.3,True,126.3,False,
TWLO,2025-08-11,2025-08-12,2025-08,2024-2025,False,True,4,0.0,-276.29999999999995,True,276.29999999999995,False,
TWLO,2025-08-12,2025-08-13,2025-08,2024-2025,False,True,2,0.0,-184.3,True,184.3,False,
TWLO,2025-08-12,2025-08-13,2025-08,2024-2025,False,True,4,0.0,,False,,False,
TWLO,2025-08-13,2025-08-14,2025-08,2024-2025,False,True,2,0.0,0.0,True,0.0,False,
TWLO,2025-08-13,2025-08-14,2025-08,2024-2025,False,True,4,0.0,0.0,True,0.0,False,
TWLO,2025-08-14,2025-08-15,2025-08,2024-2025,False,True,2,0.0,,False,,False,
TWLO,2025-08-14,2025-08-15,2025-08,2024-2025,False,True,4,0.0,,False,,False,
TWLO,2025-08-15,2025-08-18,2025-08,2024-2025,False,True,2,0.0,-61.3,True,61.3,False,
TWLO,2025-08-15,2025-08-18,2025-08,2024-2025,False,True,4,0.0,1.699999999999999,True,-1.699999999999999,False,
TXN,2024-10-23,2024-10-24,2024-10,2024-2025,True,True,2,0.0,25.7,True,-25.7,False,
TXN,2024-10-23,2024-10-24,2024-10,2024-2025,True,True,4,0.0,-8.299999999999994,True,8.299999999999994,False,
TXN,2024-10-24,2024-10-25,2024-10,2024-2025,False,True,2,0.0,-40.29999999999999,True,40.29999999999999,False,
TXN,2024-10-24,2024-10-25,2024-10,2024-2025,False,True,4,0.0,25.7,True,-25.7,False,
TXN,2024-10-25,2024-10-28,2024-10,2024-2025,False,True,2,0.0,-20.3,True,20.3,False,
TXN,2024-10-25,2024-10-28,2024-10,2024-2025,False,True,4,0.0,-2.3,True,2.3,False,
TXN,2024-10-28,2024-10-29,2024-10,2024-2025,False,True,2,0.0,57.70000000000001,True,-57.70000000000001,False,
TXN,2024-10-28,2024-10-29,2024-10,2024-2025,False,True,4,0.0,76.7,True,-76.7,False,
TXN,2024-10-29,2024-10-30,2024-10,2024-2025,False,True,2,0.0,13.7,True,-13.7,False,
TXN,2024-10-29,2024-10-30,2024-10,2024-2025,False,True,4,0.0,,False,,False,
TXN,2024-10-30,2024-10-31,2024-10,2024-2025,False,True,2,0.0,-22.300000000000004,True,22.300000000000004,False,
TXN,2024-10-30,2024-10-31,2024-10,2024-2025,False,True,4,0.0,,False,,False,
TXN,2024-10-31,2024-11-01,2024-11,2024-2025,True,True,2,0.0,,False,,False,
TXN,2024-10-31,2024-11-01,2024-11,2024-2025,True,True,4,0.0,,False,,False,
TXN,2024-11-01,2024-11-04,2024-11,2024-2025,False,True,2,0.0,,False,,False,
TXN,2024-11-01,2024-11-04,2024-11,2024-2025,False,True,4,0.0,,False,,False,
UBER,2025-03-24,2025-03-25,2025-03,2024-2025,True,True,2,0.0,-2.299999999999999,True,2.299999999999999,False,
UBER,2025-03-24,2025-03-25,2025-03,2024-2025,True,True,4,0.0,3.700000000000001,True,-3.700000000000001,False,
UBER,2025-03-25,2025-03-26,2025-03,2024-2025,False,True,2,0.0,-1.3000000000000005,True,1.3000000000000005,False,
UBER,2025-03-25,2025-03-26,2025-03,2024-2025,False,True,4,0.0,,False,,False,
UBER,2025-03-26,2025-03-27,2025-03,2024-2025,False,True,2,0.0,10.700000000000001,True,-10.700000000000001,False,
UBER,2025-03-26,2025-03-27,2025-03,2024-2025,False,True,4,0.0,,False,,False,
UBER,2025-03-27,2025-03-28,2025-03,2024-2025,False,True,2,0.0,,False,,False,
UBER,2025-03-27,2025-03-28,2025-03,2024-2025,False,True,4,0.0,,False,,False,
UBER,2025-03-28,2025-03-31,2025-03,2024-2025,False,True,2,0.0,,False,,False,
UBER,2025-03-28,2025-03-31,2025-03,2024-2025,False,True,4,0.0,,False,,False,
UBER,2025-03-31,2025-04-01,2025-04,2024-2025,False,True,2,0.0,2.6999999999999984,True,-2.6999999999999984,False,
UBER,2025-03-31,2025-04-01,2025-04,2024-2025,False,True,4,0.0,,False,,False,
UBER,2025-04-01,2025-04-02,2025-04,2024-2025,True,True,2,0.0,26.699999999999996,True,-26.699999999999996,False,
UBER,2025-04-01,2025-04-02,2025-04,2024-2025,True,True,4,0.0,,False,,False,
UBER,2025-04-02,2025-04-03,2025-04,2024-2025,False,True,2,0.0,,False,,False,
UBER,2025-04-02,2025-04-03,2025-04,2024-2025,False,True,4,0.0,,False,,False,
UBER,2025-04-03,2025-04-04,2025-04,2024-2025,False,True,2,0.0,,False,,False,
UBER,2025-04-03,2025-04-04,2025-04,2024-2025,False,True,4,0.0,,False,,False,
UBER,2026-03-25,2026-03-26,2026-03,2026,True,True,2,0.0,,False,,False,
UBER,2026-03-25,2026-03-26,2026-03,2026,True,True,4,0.0,,False,,False,
UBER,2026-03-26,2026-03-27,2026-03,2026,False,True,2,0.0,,False,,False,
UBER,2026-03-26,2026-03-27,2026-03,2026,False,True,4,0.0,,False,,False,
UBER,2026-03-27,2026-03-30,2026-03,2026,False,True,2,0.0,-12.3,True,12.3,False,
UBER,2026-03-27,2026-03-30,2026-03,2026,False,True,4,0.0,3.7,True,-3.7,False,
UBER,2026-03-30,2026-03-31,2026-03,2026,False,True,2,0.0,10.699999999999998,True,-10.699999999999998,False,
UBER,2026-03-30,2026-03-31,2026-03,2026,False,True,4,0.0,,False,,False,
UBER,2026-03-31,2026-04-01,2026-04,2026,False,True,2,0.0,4.700000000000001,True,-4.700000000000001,False,
UBER,2026-03-31,2026-04-01,2026-04,2026,False,True,4,0.0,,False,,False,
UBER,2026-04-01,2026-04-02,2026-04,2026,False,True,2,0.0,,False,,False,
UBER,2026-04-01,2026-04-02,2026-04,2026,False,True,4,0.0,,False,,False,
UPS,2024-07-24,2024-07-25,2024-07,2024-2025,True,True,2,0.0,1.7000000000000004,True,-1.7000000000000004,False,
UPS,2024-07-24,2024-07-25,2024-07,2024-2025,True,True,4,0.0,,False,,False,
UPS,2024-07-25,2024-07-26,2024-07,2024-2025,False,True,2,0.0,,False,,False,
UPS,2024-07-25,2024-07-26,2024-07,2024-2025,False,True,4,0.0,,False,,False,
UPS,2024-07-26,2024-07-29,2024-07,2024-2025,False,True,2,0.0,,False,,False,
UPS,2024-07-26,2024-07-29,2024-07,2024-2025,False,True,4,0.0,,False,,False,
UPS,2024-07-29,2024-07-30,2024-07,2024-2025,False,True,2,0.0,-11.300000000000002,True,11.300000000000002,False,
UPS,2024-07-29,2024-07-30,2024-07,2024-2025,False,True,4,0.0,,False,,False,
UPS,2024-07-30,2024-07-31,2024-07,2024-2025,False,True,2,0.0,4.700000000000001,True,-4.700000000000001,False,
UPS,2024-07-30,2024-07-31,2024-07,2024-2025,False,True,4,0.0,,False,,False,
UPS,2024-07-31,2024-08-01,2024-08,2024-2025,False,True,2,0.0,,False,,False,
UPS,2024-07-31,2024-08-01,2024-08,2024-2025,False,True,4,0.0,,False,,False,
UPS,2024-08-01,2024-08-02,2024-08,2024-2025,True,True,2,0.0,,False,,False,
UPS,2024-08-01,2024-08-02,2024-08,2024-2025,True,True,4,0.0,,False,,False,
UPS,2025-03-24,2025-03-25,2025-03,2024-2025,True,True,2,0.0,-18.3,True,18.3,False,
UPS,2025-03-24,2025-03-25,2025-03,2024-2025,True,True,4,0.0,-4.3,True,4.3,False,
UPS,2025-03-25,2025-03-26,2025-03,2024-2025,False,True,2,0.0,3.700000000000001,True,-3.700000000000001,False,
UPS,2025-03-25,2025-03-26,2025-03,2024-2025,False,True,4,0.0,,False,,False,
UPS,2025-03-26,2025-03-27,2025-03,2024-2025,False,True,2,0.0,0.7000000000000004,True,-0.7000000000000004,False,
UPS,2025-03-26,2025-03-27,2025-03,2024-2025,False,True,4,0.0,,False,,False,
UPS,2025-03-27,2025-03-28,2025-03,2024-2025,False,True,2,0.0,,False,,False,
UPS,2025-03-27,2025-03-28,2025-03,2024-2025,False,True,4,0.0,,False,,False,
UPS,2026-03-25,2026-03-26,2026-03,2026,True,True,2,0.0,,False,,False,
UPS,2026-03-25,2026-03-26,2026-03,2026,True,True,4,0.0,,False,,False,
UPS,2026-03-26,2026-03-27,2026-03,2026,False,True,2,0.0,0.0,True,0.0,False,
UPS,2026-03-26,2026-03-27,2026-03,2026,False,True,4,0.0,0.0,True,0.0,False,
V,2024-08-15,2024-08-16,2024-08,2024-2025,True,True,2,0.0,,False,,False,
V,2024-08-15,2024-08-16,2024-08,2024-2025,True,True,4,0.0,,False,,False,
VALE,2026-03-25,2026-03-26,2026-03,2026,True,True,2,0.0,,False,,False,
VALE,2026-03-25,2026-03-26,2026-03,2026,True,True,4,0.0,,False,,False,
VALE,2026-03-26,2026-03-27,2026-03,2026,False,True,2,0.0,,False,,False,
VALE,2026-03-26,2026-03-27,2026-03,2026,False,True,4,0.0,,False,,False,
VLO,2025-11-25,2025-11-26,2025-11,2024-2025,True,True,2,0.0,,False,,False,
VLO,2025-11-25,2025-11-26,2025-11,2024-2025,True,True,4,0.0,,False,,False,
VLO,2025-11-26,2025-11-28,2025-11,2024-2025,False,True,2,0.0,,False,,False,
VLO,2025-11-26,2025-11-28,2025-11,2024-2025,False,True,4,0.0,,False,,False,
VZ,2024-09-18,2024-09-19,2024-09,2024-2025,True,True,2,0.0,,False,,False,
VZ,2024-09-18,2024-09-19,2024-09,2024-2025,True,True,4,0.0,,False,,False,
WMT,2025-03-24,2025-03-25,2025-03,2024-2025,True,True,2,0.0,-3.3000000000000007,True,3.3000000000000007,False,
WMT,2025-03-24,2025-03-25,2025-03,2024-2025,True,True,4,0.0,-7.300000000000001,True,7.300000000000001,False,
WMT,2025-03-25,2025-03-26,2025-03,2024-2025,False,True,2,0.0,-2.299999999999999,True,2.299999999999999,False,
WMT,2025-03-25,2025-03-26,2025-03,2024-2025,False,True,4,0.0,,False,,False,
WMT,2025-03-26,2025-03-27,2025-03,2024-2025,False,True,2,0.0,-45.300000000000004,True,45.300000000000004,False,
WMT,2025-03-26,2025-03-27,2025-03,2024-2025,False,True,4,0.0,,False,,False,
WMT,2025-03-27,2025-03-28,2025-03,2024-2025,False,True,2,0.0,,False,,False,
WMT,2025-03-27,2025-03-28,2025-03,2024-2025,False,True,4,0.0,,False,,False,
WMT,2025-03-28,2025-03-31,2025-03,2024-2025,False,True,2,0.0,,False,,False,
WMT,2025-03-28,2025-03-31,2025-03,2024-2025,False,True,4,0.0,,False,,False,
WMT,2025-03-31,2025-04-01,2025-04,2024-2025,False,True,2,0.0,-5.3,True,5.3,False,
WMT,2025-03-31,2025-04-01,2025-04,2024-2025,False,True,4,0.0,,False,,False,
WMT,2025-04-01,2025-04-02,2025-04,2024-2025,True,True,2,0.0,15.7,True,-15.7,False,
WMT,2025-04-01,2025-04-02,2025-04,2024-2025,True,True,4,0.0,,False,,False,
WMT,2025-04-02,2025-04-03,2025-04,2024-2025,False,True,2,0.0,,False,,False,
WMT,2025-04-02,2025-04-03,2025-04,2024-2025,False,True,4,0.0,,False,,False,
WMT,2025-04-03,2025-04-04,2025-04,2024-2025,False,True,2,0.0,,False,,False,
WMT,2025-04-03,2025-04-04,2025-04,2024-2025,False,True,4,0.0,,False,,False,
WMT,2026-03-25,2026-03-26,2026-03,2026,True,True,2,0.0,,False,,False,
WMT,2026-03-25,2026-03-26,2026-03,2026,True,True,4,0.0,,False,,False,
WMT,2026-03-26,2026-03-27,2026-03,2026,False,True,2,0.0,,False,,False,
WMT,2026-03-26,2026-03-27,2026-03,2026,False,True,4,0.0,,False,,False,
WMT,2026-03-27,2026-03-30,2026-03,2026,False,True,2,0.0,3.6999999999999966,True,-3.6999999999999966,False,
WMT,2026-03-27,2026-03-30,2026-03,2026,False,True,4,0.0,9.699999999999998,True,-9.699999999999998,False,
WMT,2026-03-30,2026-03-31,2026-03,2026,False,True,2,0.0,-2.3,True,2.3,False,
WMT,2026-03-30,2026-03-31,2026-03,2026,False,True,4,0.0,,False,,False,
WMT,2026-03-31,2026-04-01,2026-04,2026,False,True,2,0.0,-2.300000000000003,True,2.300000000000003,False,
WMT,2026-03-31,2026-04-01,2026-04,2026,False,True,4,0.0,,False,,False,
WMT,2026-04-01,2026-04-02,2026-04,2026,False,True,2,0.0,,False,,False,
WMT,2026-04-01,2026-04-02,2026-04,2026,False,True,4,0.0,,False,,False,
WMT,2026-04-02,2026-04-06,2026-04,2026,True,True,2,0.0,,False,,False,
WMT,2026-04-02,2026-04-06,2026-04,2026,True,True,4,0.0,,False,,False,
WMT,2026-04-06,2026-04-07,2026-04,2026,False,True,2,0.0,-37.300000000000004,True,37.300000000000004,False,
WMT,2026-04-06,2026-04-07,2026-04,2026,False,True,4,0.0,-1.2999999999999998,True,1.2999999999999998,False,
WMT,2026-04-07,2026-04-08,2026-04,2026,False,True,2,0.0,31.699999999999992,True,-31.699999999999992,False,
WMT,2026-04-07,2026-04-08,2026-04,2026,False,True,4,0.0,,False,,False,
WMT,2026-04-08,2026-04-09,2026-04,2026,False,True,2,0.0,28.699999999999992,True,-28.699999999999992,False,
WMT,2026-04-08,2026-04-09,2026-04,2026,False,True,4,0.0,,False,,False,
WMT,2026-04-09,2026-04-10,2026-04,2026,False,True,2,0.0,,False,,False,
WMT,2026-04-09,2026-04-10,2026-04,2026,False,True,4,0.0,,False,,False,
WMT,2026-04-10,2026-04-13,2026-04,2026,False,True,2,0.0,,False,,False,
WMT,2026-04-10,2026-04-13,2026-04,2026,False,True,4,0.0,,False,,False,
WMT,2026-04-13,2026-04-14,2026-04,2026,True,True,2,0.0,-2.3,True,2.3,False,
WMT,2026-04-13,2026-04-14,2026-04,2026,True,True,4,0.0,-9.3,True,9.3,False,
WMT,2026-04-14,2026-04-15,2026-04,2026,False,True,2,0.0,-19.3,True,19.3,False,
WMT,2026-04-14,2026-04-15,2026-04,2026,False,True,4,0.0,,False,,False,
WMT,2026-04-15,2026-04-16,2026-04,2026,False,True,2,0.0,-15.300000000000002,True,15.300000000000002,False,
WMT,2026-04-15,2026-04-16,2026-04,2026,False,True,4,0.0,,False,,False,
WMT,2026-04-16,2026-04-17,2026-04,2026,False,True,2,0.0,,False,,False,
WMT,2026-04-16,2026-04-17,2026-04,2026,False,True,4,0.0,,False,,False,
WMT,2026-04-17,2026-04-20,2026-04,2026,False,True,2,0.0,,False,,False,
WMT,2026-04-17,2026-04-20,2026-04,2026,False,True,4,0.0,,False,,False,
XOM,2024-08-15,2024-08-16,2024-08,2024-2025,True,True,2,0.0,,False,,False,
XOM,2024-08-15,2024-08-16,2024-08,2024-2025,True,True,4,0.0,,False,,False,
ZION,2024-07-23,2024-07-24,2024-07,2024-2025,True,True,2,0.0,-8.299999999999999,True,8.299999999999999,False,
ZION,2024-07-23,2024-07-24,2024-07,2024-2025,True,True,4,0.0,,False,,False,
ZION,2024-07-24,2024-07-25,2024-07,2024-2025,False,True,2,0.0,6.7,True,-6.7,False,
ZION,2024-07-24,2024-07-25,2024-07,2024-2025,False,True,4,0.0,,False,,False,
ZION,2024-07-26,2024-07-29,2024-07,2024-2025,False,True,2,0.0,,False,,False,
ZION,2024-07-26,2024-07-29,2024-07,2024-2025,False,True,4,0.0,,False,,False,
ZION,2024-07-30,2024-07-31,2024-07,2024-2025,False,True,2,0.0,6.6999999999999975,True,-6.6999999999999975,False,
ZION,2024-07-30,2024-07-31,2024-07,2024-2025,False,True,4,0.0,,False,,False,
ZION,2024-07-31,2024-08-01,2024-08,2024-2025,True,True,2,0.0,0.0,True,0.0,False,
ZION,2024-07-31,2024-08-01,2024-08,2024-2025,True,True,4,0.0,0.0,True,0.0,False,
ZION,2024-08-01,2024-08-02,2024-08,2024-2025,False,True,2,0.0,,False,,False,
ZION,2024-08-01,2024-08-02,2024-08,2024-2025,False,True,4,0.0,,False,,False,
ZION,2025-11-26,2025-11-28,2025-11,2024-2025,True,True,2,0.0,,False,,False,
ZION,2025-11-26,2025-11-28,2025-11,2024-2025,True,True,4,0.0,,False,,False,
ZION,2026-04-21,2026-04-22,2026-04,2026,True,True,2,0.0,,False,,False,
ZION,2026-04-21,2026-04-22,2026-04,2026,True,True,4,0.0,,False,,False,
ZM,2025-03-24,2025-03-25,2025-03,2024-2025,True,True,2,0.0,1.699999999999999,True,-1.699999999999999,False,
ZM,2025-03-24,2025-03-25,2025-03,2024-2025,True,True,4,0.0,4.699999999999999,True,-4.699999999999999,False,
ZM,2025-03-25,2025-03-26,2025-03,2024-2025,False,True,2,0.0,1.7000000000000004,True,-1.7000000000000004,False,
ZM,2025-03-25,2025-03-26,2025-03,2024-2025,False,True,4,0.0,,False,,False,
ZM,2025-03-26,2025-03-27,2025-03,2024-2025,False,True,2,0.0,-7.300000000000001,True,7.300000000000001,False,
ZM,2025-03-26,2025-03-27,2025-03,2024-2025,False,True,4,0.0,,False,,False,
ZM,2025-03-27,2025-03-28,2025-03,2024-2025,False,True,2,0.0,0.0,True,0.0,False,
ZM,2025-03-27,2025-03-28,2025-03,2024-2025,False,True,4,0.0,0.0,True,0.0,False,
ZM,2025-03-28,2025-03-31,2025-03,2024-2025,False,True,2,0.0,,False,,False,
ZM,2025-03-28,2025-03-31,2025-03,2024-2025,False,True,4,0.0,,False,,False,
ZM,2025-03-31,2025-04-01,2025-04,2024-2025,False,True,2,0.0,-2.299999999999999,True,2.299999999999999,False,
ZM,2025-03-31,2025-04-01,2025-04,2024-2025,False,True,4,0.0,,False,,False,
ZM,2025-04-01,2025-04-02,2025-04,2024-2025,True,True,2,0.0,-6.300000000000001,True,6.300000000000001,False,
ZM,2025-04-01,2025-04-02,2025-04,2024-2025,True,True,4,0.0,,False,,False,
ZM,2025-04-02,2025-04-03,2025-04,2024-2025,False,True,2,0.0,,False,,False,
ZM,2025-04-02,2025-04-03,2025-04,2024-2025,False,True,4,0.0,,False,,False,
ZM,2025-04-03,2025-04-04,2025-04,2024-2025,False,True,2,0.0,0.0,True,0.0,False,
ZM,2025-04-03,2025-04-04,2025-04,2024-2025,False,True,4,0.0,0.0,True,0.0,False,
ZM,2026-03-25,2026-03-26,2026-03,2026,True,True,2,0.0,,False,,False,
ZM,2026-03-25,2026-03-26,2026-03,2026,True,True,4,0.0,,False,,False,
ZM,2026-03-26,2026-03-27,2026-03,2026,False,True,2,0.0,,False,,False,
ZM,2026-03-26,2026-03-27,2026-03,2026,False,True,4,0.0,,False,,False,
ZM,2026-03-27,2026-03-30,2026-03,2026,False,True,2,0.0,-20.3,True,20.3,False,
ZM,2026-03-27,2026-03-30,2026-03,2026,False,True,4,0.0,-31.300000000000004,True,31.300000000000004,False,
ZM,2026-03-30,2026-03-31,2026-03,2026,False,True,2,0.0,-13.300000000000004,True,13.300000000000004,False,
ZM,2026-03-30,2026-03-31,2026-03,2026,False,True,4,0.0,,False,,False,
ZM,2026-03-31,2026-04-01,2026-04,2026,False,True,2,0.0,-13.3,True,13.3,False,
ZM,2026-03-31,2026-04-01,2026-04,2026,False,True,4,0.0,,False,,False,
ZM,2026-04-01,2026-04-02,2026-04,2026,False,True,2,0.0,,False,,False,
ZM,2026-04-01,2026-04-02,2026-04,2026,False,True,4,0.0,,False,,False,
ZM,2026-04-02,2026-04-06,2026-04,2026,True,True,2,0.0,,False,,False,
ZM,2026-04-02,2026-04-06,2026-04,2026,True,True,4,0.0,,False,,False,
ZM,2026-04-06,2026-04-07,2026-04,2026,False,True,2,0.0,18.699999999999996,True,-18.699999999999996,False,
ZM,2026-04-06,2026-04-07,2026-04,2026,False,True,4,0.0,41.699999999999996,True,-41.699999999999996,False,
ZM,2026-04-07,2026-04-08,2026-04,2026,False,True,2,0.0,-11.3,True,11.3,False,
ZM,2026-04-07,2026-04-08,2026-04,2026,False,True,4,0.0,,False,,False,
ZM,2026-04-08,2026-04-09,2026-04,2026,False,True,2,0.0,-13.300000000000002,True,13.300000000000002,False,
ZM,2026-04-08,2026-04-09,2026-04,2026,False,True,4,0.0,,False,,False,
ZM,2026-04-09,2026-04-10,2026-04,2026,False,True,2,0.0,0.0,True,0.0,False,
ZM,2026-04-09,2026-04-10,2026-04,2026,False,True,4,0.0,0.0,True,0.0,False,
ZM,2026-04-10,2026-04-13,2026-04,2026,False,True,2,0.0,,False,,False,
ZM,2026-04-10,2026-04-13,2026-04,2026,False,True,4,0.0,,False,,False,
ZM,2026-04-13,2026-04-14,2026-04,2026,True,True,2,0.0,-65.30000000000001,True,65.30000000000001,False,
ZM,2026-04-13,2026-04-14,2026-04,2026,True,True,4,0.0,-114.30000000000001,True,114.30000000000001,False,
ZM,2026-04-14,2026-04-15,2026-04,2026,False,True,2,0.0,89.7,True,-89.7,False,
ZM,2026-04-14,2026-04-15,2026-04,2026,False,True,4,0.0,,False,,False,
ZM,2026-04-15,2026-04-16,2026-04,2026,False,True,2,0.0,0.0,True,0.0,False,
ZM,2026-04-15,2026-04-16,2026-04,2026,False,True,4,0.0,0.0,True,0.0,False,
ZM,2026-04-16,2026-04-17,2026-04,2026,False,True,2,0.0,,False,,False,
ZM,2026-04-16,2026-04-17,2026-04,2026,False,True,4,0.0,,False,,False,
ZM,2026-04-17,2026-04-20,2026-04,2026,False,True,2,0.0,,False,,False,
ZM,2026-04-17,2026-04-20,2026-04,2026,False,True,4,0.0,,False,,False,
ZS,2024-07-22,2024-07-23,2024-07,2024-2025,True,True,2,0.0,33.7,True,-33.7,False,
ZS,2024-07-22,2024-07-23,2024-07,2024-2025,True,True,4,0.0,43.70000000000001,True,-43.70000000000001,False,
ZS,2024-07-23,2024-07-24,2024-07,2024-2025,False,True,2,0.0,-6.3,True,6.3,False,
ZS,2024-07-23,2024-07-24,2024-07,2024-2025,False,True,4,0.0,,False,,False,
ZS,2024-07-24,2024-07-25,2024-07,2024-2025,False,True,2,0.0,23.7,True,-23.7,False,
ZS,2024-07-24,2024-07-25,2024-07,2024-2025,False,True,4,0.0,,False,,False,
ZS,2024-07-25,2024-07-26,2024-07,2024-2025,False,True,2,0.0,,False,,False,
ZS,2024-07-25,2024-07-26,2024-07,2024-2025,False,True,4,0.0,,False,,False,
ZS,2024-07-26,2024-07-29,2024-07,2024-2025,False,True,2,0.0,,False,,False,
ZS,2024-07-26,2024-07-29,2024-07,2024-2025,False,True,4,0.0,,False,,False,
ZS,2024-07-29,2024-07-30,2024-07,2024-2025,False,True,2,0.0,-11.300000000000002,True,11.300000000000002,False,
ZS,2024-07-29,2024-07-30,2024-07,2024-2025,False,True,4,0.0,,False,,False,
ZS,2024-07-30,2024-07-31,2024-07,2024-2025,True,True,2,0.0,27.699999999999992,True,-27.699999999999992,False,
ZS,2024-07-30,2024-07-31,2024-07,2024-2025,True,True,4,0.0,,False,,False,
ZS,2024-07-31,2024-08-01,2024-08,2024-2025,False,True,2,0.0,,False,,False,
ZS,2024-07-31,2024-08-01,2024-08,2024-2025,False,True,4,0.0,,False,,False,
ZS,2024-08-01,2024-08-02,2024-08,2024-2025,False,True,2,0.0,,False,,False,
ZS,2024-08-01,2024-08-02,2024-08,2024-2025,False,True,4,0.0,,False,,False,
ZS,2025-03-24,2025-03-25,2025-03,2024-2025,True,True,2,0.0,83.70000000000002,True,-83.70000000000002,False,
ZS,2025-03-24,2025-03-25,2025-03,2024-2025,True,True,4,0.0,120.7,True,-120.7,False,
ZS,2025-03-25,2025-03-26,2025-03,2024-2025,False,True,2,0.0,13.7,True,-13.7,False,
ZS,2025-03-25,2025-03-26,2025-03,2024-2025,False,True,4,0.0,,False,,False,
ZS,2025-03-26,2025-03-27,2025-03,2024-2025,False,True,2,0.0,-16.3,True,16.3,False,
ZS,2025-03-26,2025-03-27,2025-03,2024-2025,False,True,4,0.0,,False,,False,
ZS,2025-03-27,2025-03-28,2025-03,2024-2025,False,True,2,0.0,,False,,False,
ZS,2025-03-27,2025-03-28,2025-03,2024-2025,False,True,4,0.0,,False,,False,
ZS,2025-03-28,2025-03-31,2025-03,2024-2025,False,True,2,0.0,,False,,False,
ZS,2025-03-28,2025-03-31,2025-03,2024-2025,False,True,4,0.0,,False,,False,
ZS,2025-03-31,2025-04-01,2025-04,2024-2025,False,True,2,0.0,24.7,True,-24.7,False,
ZS,2025-03-31,2025-04-01,2025-04,2024-2025,False,True,4,0.0,,False,,False,
ZS,2025-04-01,2025-04-02,2025-04,2024-2025,True,True,2,0.0,75.69999999999999,True,-75.69999999999999,False,
ZS,2025-04-01,2025-04-02,2025-04,2024-2025,True,True,4,0.0,,False,,False,
ZS,2025-04-02,2025-04-03,2025-04,2024-2025,False,True,2,0.0,,False,,False,
ZS,2025-04-02,2025-04-03,2025-04,2024-2025,False,True,4,0.0,,False,,False,
ZS,2025-04-03,2025-04-04,2025-04,2024-2025,False,True,2,0.0,,False,,False,
ZS,2025-04-03,2025-04-04,2025-04,2024-2025,False,True,4,0.0,,False,,False,
