ts,mode,tier,session_date,config_hash,schema_v,event_type,rule_id,branch,side,s0,expiry,leg_strikes,strike_quote_ts,run,rate,dC,dP,share,r15,pull30,bounce30,context,health,outcome_type,outcome_minutes,exit_ref,cap_source,resolution_debit,adverse,trade_id,entry_min,signal_min,entry_option_mid,resting_limit_ref,target,bh_level,entry_L,cap_value,episode,k1,k2,leg1_fill,limit_price,limit_status,limit_cancel_reason,first_eligible_min,leg2_fill,credit,quote_age,quote_gap_streak,last_valid_bid,last_valid_ask,last_valid_quote_min,data_invalid,leg_liq_loss_usd,spx_adverse_pts,pnl_usd,notes,disposition
2026-08-12 --:--,backtest,full,2026-08-12,3a996da36dc042ed6d71d2ee5c438b319720590fad6be20f87bea4c38d1d7af0,2,banner,R8.2,,,,,,,,,,,,,,,,OK,,,,,,,,,,,,,,,,,,,,,,,,,,,,,,,,,,,session start | CONFIG_HASH=3a996da36dc0… | mode=backtest tier=full,countable
2026-08-12 --:--,backtest,full,2026-08-12,3a996da36dc042ed6d71d2ee5c438b319720590fad6be20f87bea4c38d1d7af0,2,banner,R2.3,,,,,,,,,,,,,,,,OK,,,,,,,,,,,,,,,,,,,,,,,,,,,,,,,,,,,levels valid | VT=7720.0 CW=7800.0 IM=—,countable
2026-08-12 09:30,backtest,full,2026-08-12,3a996da36dc042ed6d71d2ee5c438b319720590fad6be20f87bea4c38d1d7af0,2,outage,R10,,,,,,,,,,,,,,,,DEGRADED_VWAP,,,,,,,,,,,,,,,,,,,,,,,,,,,,,,,,,,,SPY missing — context reads degrade to CHOP (degraded_vwap),countable
2026-08-12 09:30,backtest,full,2026-08-12,3a996da36dc042ed6d71d2ee5c438b319720590fad6be20f87bea4c38d1d7af0,2,state_line,R3.3,,,,,,,,,,,,,,,,DEGRADED_VWAP,,,,,,,,,,,,,,,,,,,,,,,,,,,,,,,,,,,warmup: range60_pct history below min obs — Branch A inactive,countable
2026-08-12 09:45,backtest,full,2026-08-12,3a996da36dc042ed6d71d2ee5c438b319720590fad6be20f87bea4c38d1d7af0,2,veto_change,R4,,,,,,,,,,,,,,,,DEGRADED_VWAP,,,,,,,,,,,,,,,,,,,,,,,,,,,,,,,,,,,vetoes: vt_broken=False levels_invalid=False flow_veto=True,countable
2026-08-12 09:48,backtest,full,2026-08-12,3a996da36dc042ed6d71d2ee5c438b319720590fad6be20f87bea4c38d1d7af0,2,veto_change,R4,,,,,,,,,,,,,,,,DEGRADED_VWAP,,,,,,,,,,,,,,,,,,,,,,,,,,,,,,,,,,,vetoes: vt_broken=False levels_invalid=False flow_veto=False,countable
2026-08-12 10:03,backtest,full,2026-08-12,3a996da36dc042ed6d71d2ee5c438b319720590fad6be20f87bea4c38d1d7af0,2,veto_change,R4,,,,,,,,,,,,,,,,DEGRADED_VWAP,,,,,,,,,,,,,,,,,,,,,,,,,,,,,,,,,,,vetoes: vt_broken=False levels_invalid=False flow_veto=True,countable
2026-08-12 10:08,backtest,full,2026-08-12,3a996da36dc042ed6d71d2ee5c438b319720590fad6be20f87bea4c38d1d7af0,2,veto_change,R4,,,,,,,,,,,,,,,,DEGRADED_VWAP,,,,,,,,,,,,,,,,,,,,,,,,,,,,,,,,,,,vetoes: vt_broken=False levels_invalid=False flow_veto=False,countable
2026-08-12 10:14,backtest,full,2026-08-12,3a996da36dc042ed6d71d2ee5c438b319720590fad6be20f87bea4c38d1d7af0,2,signal,R6.2,B,sell_first,,,,,0.9960797500000004,5.9764785000000025,0.5271705699999999,0.4689091799999997,0.7399864398407853,0.4042347490000006,12.229999999999563,3.9000000000005457,,DEGRADED_VWAP,,,,,,,,,614.0,,,,,,,1.0,,,,,,,,,,,,,,,,,,,SIGNAL B SELL-FIRST | SELL nearest -0.20Δ put (no chain feed) | run=1.00$B/10m rate=6.0 weak=0.47 share=0.74 r15=0.40 pull30=12.23,countable
2026-08-12 10:14,backtest,full,2026-08-12,3a996da36dc042ed6d71d2ee5c438b319720590fad6be20f87bea4c38d1d7af0,2,pending_entry,R6.2,B,sell_first,,2026-09-11,7475/7480,,,,,,,,,,,DEGRADED_VWAP,,,,,,,,,614.0,,,,,-1.606739654999999,,1.0,7475.0,7480.0,,,,,,,,,,,,,,,,,,countable
2026-08-12 10:15,backtest,full,2026-08-12,3a996da36dc042ed6d71d2ee5c438b319720590fad6be20f87bea4c38d1d7af0,2,entry,R1.4,B,sell_first,7746.39,2026-09-11,7475/7480,,,,,,,,,,,DEGRADED_VWAP,,,,chain,,,1.0,615.0,614.0,35.25,35.0,,,-1.606739654999999,3.5,1.0,7475.0,7480.0,35.1,35.0,resting,,616.0,,,0.0,0.0,35.1,35.4,615.0,False,0.0,0.0,,ENTRY B | sold 7475P @ 35.10 | resting BUY 7480P @ 35.00,countable
2026-08-12 10:20,backtest,full,2026-08-12,3a996da36dc042ed6d71d2ee5c438b319720590fad6be20f87bea4c38d1d7af0,2,heartbeat,R8.1,B,sell_first,,,,,,,,,,,,,,DEGRADED_VWAP,,,,,,,1.0,,,,,,,,,,,,,35.0,,,,,,,0.0,34.2,34.5,619.0,,30.0,1.3900000000003274,,"open 5m, clock 55m left, liq-loss $30, spx-adverse 1.39",countable
2026-08-12 10:25,backtest,full,2026-08-12,3a996da36dc042ed6d71d2ee5c438b319720590fad6be20f87bea4c38d1d7af0,2,exit_decision,R7.1,B,sell_first,,,,,,,,,,,,,,DEGRADED_VWAP,fill,,,,,,1.0,,,,,,,,,,,,,,,,,,,,,,,,,,,,,countable
2026-08-12 10:25,backtest,full,2026-08-12,3a996da36dc042ed6d71d2ee5c438b319720590fad6be20f87bea4c38d1d7af0,2,exit,R7,B,sell_first,7746.39,2026-09-11,7475/7480,,,,,,,,,,,DEGRADED_VWAP,fill,10.0,35.0,chain,,1.3900000000003274,1.0,615.0,614.0,35.25,35.0,,,-1.606739654999999,3.5,1.0,7475.0,7480.0,35.1,35.0,filled,,616.0,35.0,0.1,,0.0,34.1,34.300000000000004,625.0,False,30.0,1.3900000000003274,10.0,EXIT fill | pnl $+10,countable
2026-08-12 10:29,backtest,full,2026-08-12,3a996da36dc042ed6d71d2ee5c438b319720590fad6be20f87bea4c38d1d7af0,2,late_no_entry,R6.3,B,,,,,,1.9835922940000004,4.7606215056000005,,,,0.987512544,,,,DEGRADED_VWAP,,,,,,,,,629.0,,,,,,,2.0,,,,,,,,,,,,,,,,,,,LATE — NO ENTRY,countable
2026-08-12 10:30,backtest,full,2026-08-12,3a996da36dc042ed6d71d2ee5c438b319720590fad6be20f87bea4c38d1d7af0,2,state_line,R3.4,,,,,,,,,,,,,,,CHOP,DEGRADED_VWAP,,,,,,,,,,,,,,,,,,,,,,,,,,,,,,,,,,,10:30 context read: CHOP,countable
2026-08-12 10:41,backtest,full,2026-08-12,3a996da36dc042ed6d71d2ee5c438b319720590fad6be20f87bea4c38d1d7af0,2,veto_change,R4,,,,,,,,,,,,,,,,DEGRADED_VWAP,,,,,,,,,,,,,,,,,,,,,,,,,,,,,,,,,,,vetoes: vt_broken=False levels_invalid=False flow_veto=True,countable
2026-08-12 10:43,backtest,full,2026-08-12,3a996da36dc042ed6d71d2ee5c438b319720590fad6be20f87bea4c38d1d7af0,2,veto_change,R4,,,,,,,,,,,,,,,,DEGRADED_VWAP,,,,,,,,,,,,,,,,,,,,,,,,,,,,,,,,,,,vetoes: vt_broken=False levels_invalid=False flow_veto=False,countable
2026-08-12 10:47,backtest,full,2026-08-12,3a996da36dc042ed6d71d2ee5c438b319720590fad6be20f87bea4c38d1d7af0,2,signal,R6.2,B,sell_first,,,,,0.8673314080000001,3.4693256320000003,0.1878306529999996,0.679500755,0.7623328844099689,0.8673314080000001,6.890000000000327,5.050000000000182,,DEGRADED_VWAP,,,,,,,,,647.0,,,,,,,3.0,,,,,,,,,,,,,,,,,,,SIGNAL B SELL-FIRST | SELL nearest -0.20Δ put (no chain feed) | run=0.87$B/15m rate=3.5 weak=0.19 share=0.76 r15=0.87 pull30=6.89,countable
2026-08-12 10:47,backtest,full,2026-08-12,3a996da36dc042ed6d71d2ee5c438b319720590fad6be20f87bea4c38d1d7af0,2,pending_entry,R6.2,B,sell_first,,2026-09-11,7520/7525,,,,,,,,,,,DEGRADED_VWAP,,,,,,,,,647.0,,,,,-0.940471289999999,,3.0,7520.0,7525.0,,,,,,,,,,,,,,,,,,countable
2026-08-12 10:48,backtest,full,2026-08-12,3a996da36dc042ed6d71d2ee5c438b319720590fad6be20f87bea4c38d1d7af0,2,entry,R1.4,B,sell_first,7748.19,2026-09-11,7520/7525,,,,,,,,,,,DEGRADED_VWAP,,,,chain,,,2.0,648.0,647.0,41.1,40.8,,,-0.940471289999999,3.5,3.0,7520.0,7525.0,40.9,40.8,resting,,649.0,,,0.0,0.0,40.9,41.3,648.0,False,0.0,0.0,,ENTRY B | sold 7520P @ 40.90 | resting BUY 7525P @ 40.80,countable
2026-08-12 10:51,backtest,full,2026-08-12,3a996da36dc042ed6d71d2ee5c438b319720590fad6be20f87bea4c38d1d7af0,2,limit_canceled,R7.0,,,,,,,,,,,,,,,,DEGRADED_VWAP,,,,,,,2.0,,,,,,,,,,,,,40.8,,scratch,,,,,,,,,,,,,resting limit CANCELED (scratch),countable
2026-08-12 10:51,backtest,full,2026-08-12,3a996da36dc042ed6d71d2ee5c438b319720590fad6be20f87bea4c38d1d7af0,2,exit_decision,R7.2,B,sell_first,,,,,,,,,,,,,,DEGRADED_VWAP,scratch,,,,,,2.0,,,,,,,,,,,,,,,,,,,,,,,,,,,,,countable
2026-08-12 10:52,backtest,full,2026-08-12,3a996da36dc042ed6d71d2ee5c438b319720590fad6be20f87bea4c38d1d7af0,2,exit,R7,B,sell_first,7748.19,2026-09-11,7520/7525,,,,,,,,,,,DEGRADED_VWAP,scratch,,41.7,chain,,4.0700000000006185,2.0,648.0,647.0,41.1,40.8,,,-0.940471289999999,3.5,3.0,7520.0,7525.0,40.9,40.8,canceled,scratch,649.0,,,,0.0,41.3,41.7,651.0,False,80.0,4.0700000000006185,-80.0,EXIT scratch | pnl $-80,countable
2026-08-12 11:00,backtest,full,2026-08-12,3a996da36dc042ed6d71d2ee5c438b319720590fad6be20f87bea4c38d1d7af0,2,veto_change,R4,,,,,,,,,,,,,,,,DEGRADED_VWAP,,,,,,,,,,,,,,,,,,,,,,,,,,,,,,,,,,,vetoes: vt_broken=False levels_invalid=False flow_veto=True,countable
2026-08-12 11:06,backtest,full,2026-08-12,3a996da36dc042ed6d71d2ee5c438b319720590fad6be20f87bea4c38d1d7af0,2,veto_change,R4,,,,,,,,,,,,,,,,DEGRADED_VWAP,,,,,,,,,,,,,,,,,,,,,,,,,,,,,,,,,,,vetoes: vt_broken=False levels_invalid=False flow_veto=False,countable
2026-08-12 11:08,backtest,full,2026-08-12,3a996da36dc042ed6d71d2ee5c438b319720590fad6be20f87bea4c38d1d7af0,2,veto_change,R4,,,,,,,,,,,,,,,,DEGRADED_VWAP,,,,,,,,,,,,,,,,,,,,,,,,,,,,,,,,,,,vetoes: vt_broken=False levels_invalid=False flow_veto=True,countable
2026-08-12 11:09,backtest,full,2026-08-12,3a996da36dc042ed6d71d2ee5c438b319720590fad6be20f87bea4c38d1d7af0,2,veto_change,R4,,,,,,,,,,,,,,,,DEGRADED_VWAP,,,,,,,,,,,,,,,,,,,,,,,,,,,,,,,,,,,vetoes: vt_broken=False levels_invalid=False flow_veto=False,countable
2026-08-12 11:11,backtest,full,2026-08-12,3a996da36dc042ed6d71d2ee5c438b319720590fad6be20f87bea4c38d1d7af0,2,veto_change,R4,,,,,,,,,,,,,,,,DEGRADED_VWAP,,,,,,,,,,,,,,,,,,,,,,,,,,,,,,,,,,,vetoes: vt_broken=False levels_invalid=False flow_veto=True,countable
2026-08-12 11:12,backtest,full,2026-08-12,3a996da36dc042ed6d71d2ee5c438b319720590fad6be20f87bea4c38d1d7af0,2,veto_change,R4,,,,,,,,,,,,,,,,DEGRADED_VWAP,,,,,,,,,,,,,,,,,,,,,,,,,,,,,,,,,,,vetoes: vt_broken=False levels_invalid=False flow_veto=False,countable
2026-08-12 11:13,backtest,full,2026-08-12,3a996da36dc042ed6d71d2ee5c438b319720590fad6be20f87bea4c38d1d7af0,2,veto_change,R4,,,,,,,,,,,,,,,,DEGRADED_VWAP,,,,,,,,,,,,,,,,,,,,,,,,,,,,,,,,,,,vetoes: vt_broken=False levels_invalid=False flow_veto=True,countable
2026-08-12 11:14,backtest,full,2026-08-12,3a996da36dc042ed6d71d2ee5c438b319720590fad6be20f87bea4c38d1d7af0,2,veto_change,R4,,,,,,,,,,,,,,,,DEGRADED_VWAP,,,,,,,,,,,,,,,,,,,,,,,,,,,,,,,,,,,vetoes: vt_broken=False levels_invalid=False flow_veto=False,countable
2026-08-12 11:34,backtest,full,2026-08-12,3a996da36dc042ed6d71d2ee5c438b319720590fad6be20f87bea4c38d1d7af0,2,signal,R6.2,B,sell_first,,,,,0.6363230399999993,3.4708529454545416,0.3926769249999999,0.2436461149999998,1.1768854888548443,0.1874690249999995,4.4399999999996,1.4700000000002549,,DEGRADED_VWAP,,,,,,,,,694.0,,,,,,,4.0,,,,,,,,,,,,,,,,,,,SIGNAL B SELL-FIRST | SELL nearest -0.20Δ put (no chain feed) | run=0.64$B/11m rate=3.5 weak=0.24 share=1.18 r15=0.19 pull30=4.44,countable
2026-08-12 11:34,backtest,full,2026-08-12,3a996da36dc042ed6d71d2ee5c438b319720590fad6be20f87bea4c38d1d7af0,2,pending_entry,R6.2,B,sell_first,,2026-09-11,7475/7480,,,,,,,,,,,DEGRADED_VWAP,,,,,,,,,694.0,,,,,-2.521702606,,4.0,7475.0,7480.0,,,,,,,,,,,,,,,,,,countable
2026-08-12 11:35,backtest,full,2026-08-12,3a996da36dc042ed6d71d2ee5c438b319720590fad6be20f87bea4c38d1d7af0,2,entry,R1.4,B,sell_first,7741.53,2026-09-11,7475/7480,,,,,,,,,,,DEGRADED_VWAP,,,,chain,,,3.0,695.0,694.0,35.650000000000006,35.4,,,-2.521702606,3.5,4.0,7475.0,7480.0,35.5,35.4,resting,,696.0,,,0.0,0.0,35.5,35.800000000000004,695.0,False,0.0,0.0,,ENTRY B | sold 7475P @ 35.50 | resting BUY 7480P @ 35.40,countable
2026-08-12 11:40,backtest,full,2026-08-12,3a996da36dc042ed6d71d2ee5c438b319720590fad6be20f87bea4c38d1d7af0,2,heartbeat,R8.1,B,sell_first,,,,,,,,,,,,,,DEGRADED_VWAP,,,,,,,3.0,,,,,,,,,,,,,35.4,,,,,,,0.0,35.4,35.7,699.0,,30.0,3.369999999999891,,"open 5m, clock 55m left, liq-loss $30, spx-adverse 3.37",countable
2026-08-12 11:45,backtest,full,2026-08-12,3a996da36dc042ed6d71d2ee5c438b319720590fad6be20f87bea4c38d1d7af0,2,heartbeat,R8.1,B,sell_first,,,,,,,,,,,,,,DEGRADED_VWAP,,,,,,,3.0,,,,,,,,,,,,,35.4,,,,,,,0.0,35.5,35.800000000000004,704.0,,90.0,1.2799999999997451,,"open 10m, clock 50m left, liq-loss $90, spx-adverse 1.28",countable
2026-08-12 11:45,backtest,full,2026-08-12,3a996da36dc042ed6d71d2ee5c438b319720590fad6be20f87bea4c38d1d7af0,2,gate_fail,R6.2,B,,,,,,0.8522935299999994,2.3244368999999985,0.2224684669999987,0.629825063,1.0923856444152529,-0.1233080310000001,,,,DEGRADED_VWAP,,,,,,,,,705.0,,,,,,,4.0,,,,,,,,,,,,,,,,,,,gates failed: r15<=0,countable
2026-08-12 11:50,backtest,full,2026-08-12,3a996da36dc042ed6d71d2ee5c438b319720590fad6be20f87bea4c38d1d7af0,2,heartbeat,R8.1,B,sell_first,,,,,,,,,,,,,,DEGRADED_VWAP,,,,,,,3.0,,,,,,,,,,,,,35.4,,,,,,,0.0,35.6,35.9,709.0,,90.0,0.4699999999993451,,"open 15m, clock 45m left, liq-loss $90, spx-adverse 0.47",countable
2026-08-12 11:55,backtest,full,2026-08-12,3a996da36dc042ed6d71d2ee5c438b319720590fad6be20f87bea4c38d1d7af0,2,heartbeat,R8.1,B,sell_first,,,,,,,,,,,,,,DEGRADED_VWAP,,,,,,,3.0,,,,,,,,,,,,,35.4,,,,,,,0.0,35.2,35.5,714.0,,90.0,0.0499999999992724,,"open 20m, clock 40m left, liq-loss $90, spx-adverse 0.05",countable
2026-08-12 12:00,backtest,full,2026-08-12,3a996da36dc042ed6d71d2ee5c438b319720590fad6be20f87bea4c38d1d7af0,2,heartbeat,R8.1,B,sell_first,,,,,,,,,,,,,,DEGRADED_VWAP,,,,,,,3.0,,,,,,,,,,,,,35.4,,,,,,,0.0,35.4,35.7,719.0,,90.0,0.0,,"open 25m, clock 35m left, liq-loss $90, spx-adverse 0.00",countable
2026-08-12 12:05,backtest,full,2026-08-12,3a996da36dc042ed6d71d2ee5c438b319720590fad6be20f87bea4c38d1d7af0,2,heartbeat,R8.1,B,sell_first,,,,,,,,,,,,,,DEGRADED_VWAP,,,,,,,3.0,,,,,,,,,,,,,35.4,,,,,,,0.0,35.1,35.4,724.0,,90.0,0.0,,"open 30m, clock 30m left, liq-loss $90, spx-adverse 0.00",countable
2026-08-12 12:10,backtest,full,2026-08-12,3a996da36dc042ed6d71d2ee5c438b319720590fad6be20f87bea4c38d1d7af0,2,heartbeat,R8.1,B,sell_first,,,,,,,,,,,,,,DEGRADED_VWAP,,,,,,,3.0,,,,,,,,,,,,,35.4,,,,,,,0.0,35.1,35.4,729.0,,90.0,0.0,,"open 35m, clock 25m left, liq-loss $90, spx-adverse 0.00",countable
2026-08-12 12:15,backtest,full,2026-08-12,3a996da36dc042ed6d71d2ee5c438b319720590fad6be20f87bea4c38d1d7af0,2,heartbeat,R8.1,B,sell_first,,,,,,,,,,,,,,DEGRADED_VWAP,,,,,,,3.0,,,,,,,,,,,,,35.4,,,,,,,0.0,34.7,34.9,734.0,,90.0,0.0,,"open 40m, clock 20m left, liq-loss $90, spx-adverse 0.00",countable
2026-08-12 12:20,backtest,full,2026-08-12,3a996da36dc042ed6d71d2ee5c438b319720590fad6be20f87bea4c38d1d7af0,2,heartbeat,R8.1,B,sell_first,,,,,,,,,,,,,,DEGRADED_VWAP,,,,,,,3.0,,,,,,,,,,,,,35.4,,,,,,,0.0,34.7,35.0,739.0,,90.0,0.0,,"open 45m, clock 15m left, liq-loss $90, spx-adverse 0.00",countable
2026-08-12 12:25,backtest,full,2026-08-12,3a996da36dc042ed6d71d2ee5c438b319720590fad6be20f87bea4c38d1d7af0,2,heartbeat,R8.1,B,sell_first,,,,,,,,,,,,,,DEGRADED_VWAP,,,,,,,3.0,,,,,,,,,,,,,35.4,,,,,,,0.0,34.6,34.9,744.0,,90.0,0.0,,"open 50m, clock 10m left, liq-loss $90, spx-adverse 0.00",countable
2026-08-12 12:26,backtest,full,2026-08-12,3a996da36dc042ed6d71d2ee5c438b319720590fad6be20f87bea4c38d1d7af0,2,exit_decision,R7.1,B,sell_first,,,,,,,,,,,,,,DEGRADED_VWAP,fill,,,,,,3.0,,,,,,,,,,,,,,,,,,,,,,,,,,,,,countable
2026-08-12 12:26,backtest,full,2026-08-12,3a996da36dc042ed6d71d2ee5c438b319720590fad6be20f87bea4c38d1d7af0,2,exit,R7,B,sell_first,7741.53,2026-09-11,7475/7480,,,,,,,,,,,DEGRADED_VWAP,fill,51.0,35.4,chain,,3.449999999999818,3.0,695.0,694.0,35.650000000000006,35.4,,,-2.521702606,3.5,4.0,7475.0,7480.0,35.5,35.4,filled,,696.0,35.4,0.1,,0.0,34.5,34.800000000000004,746.0,False,90.0,3.449999999999818,10.0,EXIT fill | pnl $+10,countable
2026-08-12 12:31,backtest,full,2026-08-12,3a996da36dc042ed6d71d2ee5c438b319720590fad6be20f87bea4c38d1d7af0,2,skip,R6.4,B,,,,,,3.947944818,3.483480721764706,1.9730228969999983,1.974921921,0.8829687360640307,0.5022527579999999,3.8200000000006185,1.5399999999999636,,DEGRADED_VWAP,,,,,,,,,751.0,,,,,,,5.0,,,,,,,,,,,,,,,,,,,skip: 3 entries/day reached,countable
2026-08-12 13:00,backtest,full,2026-08-12,3a996da36dc042ed6d71d2ee5c438b319720590fad6be20f87bea4c38d1d7af0,2,state_line,R3.4,,,,,,,,,,,,,,,CHOP,DEGRADED_VWAP,,,,,,,,,,,,,,,,,,,,,,,,,,,,,,,,,,,13:00 context read: CHOP,countable
2026-08-12 13:16,backtest,full,2026-08-12,3a996da36dc042ed6d71d2ee5c438b319720590fad6be20f87bea4c38d1d7af0,2,veto_change,R4,,,,,,,,,,,,,,,,DEGRADED_VWAP,,,,,,,,,,,,,,,,,,,,,,,,,,,,,,,,,,,vetoes: vt_broken=False levels_invalid=False flow_veto=True,countable
2026-08-12 13:25,backtest,full,2026-08-12,3a996da36dc042ed6d71d2ee5c438b319720590fad6be20f87bea4c38d1d7af0,2,veto_change,R4,,,,,,,,,,,,,,,,DEGRADED_VWAP,,,,,,,,,,,,,,,,,,,,,,,,,,,,,,,,,,,vetoes: vt_broken=False levels_invalid=False flow_veto=False,countable
2026-08-12 13:33,backtest,full,2026-08-12,3a996da36dc042ed6d71d2ee5c438b319720590fad6be20f87bea4c38d1d7af0,2,skip,R6.4,B,,,,,,0.5837492809999999,3.184086987272727,0.336759592,0.2469896889999997,0.8744157236914869,0.3603172219999999,3.1099999999996726,2.5399999999999636,,DEGRADED_VWAP,,,,,,,,,813.0,,,,,,,6.0,,,,,,,,,,,,,,,,,,,skip: 3 entries/day reached,countable
2026-08-12 14:55,backtest,full,2026-08-12,3a996da36dc042ed6d71d2ee5c438b319720590fad6be20f87bea4c38d1d7af0,2,veto_change,R4,,,,,,,,,,,,,,,,DEGRADED_VWAP,,,,,,,,,,,,,,,,,,,,,,,,,,,,,,,,,,,vetoes: vt_broken=False levels_invalid=False flow_veto=True,countable
2026-08-12 15:12,backtest,full,2026-08-12,3a996da36dc042ed6d71d2ee5c438b319720590fad6be20f87bea4c38d1d7af0,2,veto_change,R4,,,,,,,,,,,,,,,,DEGRADED_VWAP,,,,,,,,,,,,,,,,,,,,,,,,,,,,,,,,,,,vetoes: vt_broken=False levels_invalid=False flow_veto=False,countable
2026-08-12 15:15,backtest,full,2026-08-12,3a996da36dc042ed6d71d2ee5c438b319720590fad6be20f87bea4c38d1d7af0,2,veto_change,R4,,,,,,,,,,,,,,,,DEGRADED_VWAP,,,,,,,,,,,,,,,,,,,,,,,,,,,,,,,,,,,vetoes: vt_broken=False levels_invalid=False flow_veto=True,countable
2026-08-12 15:16,backtest,full,2026-08-12,3a996da36dc042ed6d71d2ee5c438b319720590fad6be20f87bea4c38d1d7af0,2,veto_change,R4,,,,,,,,,,,,,,,,DEGRADED_VWAP,,,,,,,,,,,,,,,,,,,,,,,,,,,,,,,,,,,vetoes: vt_broken=False levels_invalid=False flow_veto=False,countable
2026-08-12 15:17,backtest,full,2026-08-12,3a996da36dc042ed6d71d2ee5c438b319720590fad6be20f87bea4c38d1d7af0,2,veto_change,R4,,,,,,,,,,,,,,,,DEGRADED_VWAP,,,,,,,,,,,,,,,,,,,,,,,,,,,,,,,,,,,vetoes: vt_broken=False levels_invalid=False flow_veto=True,countable
2026-08-12 15:18,backtest,full,2026-08-12,3a996da36dc042ed6d71d2ee5c438b319720590fad6be20f87bea4c38d1d7af0,2,veto_change,R4,,,,,,,,,,,,,,,,DEGRADED_VWAP,,,,,,,,,,,,,,,,,,,,,,,,,,,,,,,,,,,vetoes: vt_broken=False levels_invalid=False flow_veto=False,countable
2026-08-12 15:19,backtest,full,2026-08-12,3a996da36dc042ed6d71d2ee5c438b319720590fad6be20f87bea4c38d1d7af0,2,veto_change,R4,,,,,,,,,,,,,,,,DEGRADED_VWAP,,,,,,,,,,,,,,,,,,,,,,,,,,,,,,,,,,,vetoes: vt_broken=False levels_invalid=False flow_veto=True,countable
2026-08-12 15:29,backtest,full,2026-08-12,3a996da36dc042ed6d71d2ee5c438b319720590fad6be20f87bea4c38d1d7af0,2,veto_change,R4,,,,,,,,,,,,,,,,DEGRADED_VWAP,,,,,,,,,,,,,,,,,,,,,,,,,,,,,,,,,,,vetoes: vt_broken=False levels_invalid=False flow_veto=False,countable
2026-08-12 15:30,backtest,full,2026-08-12,3a996da36dc042ed6d71d2ee5c438b319720590fad6be20f87bea4c38d1d7af0,2,veto_change,R4,,,,,,,,,,,,,,,,DEGRADED_VWAP,,,,,,,,,,,,,,,,,,,,,,,,,,,,,,,,,,,vetoes: vt_broken=False levels_invalid=False flow_veto=True,countable
2026-08-12 15:35,backtest,full,2026-08-12,3a996da36dc042ed6d71d2ee5c438b319720590fad6be20f87bea4c38d1d7af0,2,veto_change,R4,,,,,,,,,,,,,,,,DEGRADED_VWAP,,,,,,,,,,,,,,,,,,,,,,,,,,,,,,,,,,,vetoes: vt_broken=False levels_invalid=False flow_veto=False,countable
2026-08-12 15:42,backtest,full,2026-08-12,3a996da36dc042ed6d71d2ee5c438b319720590fad6be20f87bea4c38d1d7af0,2,veto_change,R4,,,,,,,,,,,,,,,,DEGRADED_VWAP,,,,,,,,,,,,,,,,,,,,,,,,,,,,,,,,,,,vetoes: vt_broken=False levels_invalid=False flow_veto=True,countable
2026-08-12 15:47,backtest,full,2026-08-12,3a996da36dc042ed6d71d2ee5c438b319720590fad6be20f87bea4c38d1d7af0,2,veto_change,R4,,,,,,,,,,,,,,,,DEGRADED_VWAP,,,,,,,,,,,,,,,,,,,,,,,,,,,,,,,,,,,vetoes: vt_broken=False levels_invalid=False flow_veto=False,countable
2026-08-12 15:50,backtest,full,2026-08-12,3a996da36dc042ed6d71d2ee5c438b319720590fad6be20f87bea4c38d1d7af0,2,veto_change,R4,,,,,,,,,,,,,,,,DEGRADED_VWAP,,,,,,,,,,,,,,,,,,,,,,,,,,,,,,,,,,,vetoes: vt_broken=False levels_invalid=False flow_veto=True,countable
2026-08-12 15:57,backtest,full,2026-08-12,3a996da36dc042ed6d71d2ee5c438b319720590fad6be20f87bea4c38d1d7af0,2,veto_change,R4,,,,,,,,,,,,,,,,DEGRADED_VWAP,,,,,,,,,,,,,,,,,,,,,,,,,,,,,,,,,,,vetoes: vt_broken=False levels_invalid=False flow_veto=False,countable
2026-08-12 16:00,backtest,full,2026-08-12,3a996da36dc042ed6d71d2ee5c438b319720590fad6be20f87bea4c38d1d7af0,2,disposition,R10.3,,,,,,,,,,,,,,,,DEGRADED_VWAP,,,,,,,,,,,,,,,,,,,,,,,,,,,,,,,,,,,session countable | outage 0m,countable
2026-08-13 --:--,backtest,full,2026-08-13,3a996da36dc042ed6d71d2ee5c438b319720590fad6be20f87bea4c38d1d7af0,2,banner,R8.2,,,,,,,,,,,,,,,,OK,,,,,,,,,,,,,,,,,,,,,,,,,,,,,,,,,,,session start | CONFIG_HASH=3a996da36dc0… | mode=backtest tier=full,countable
2026-08-13 --:--,backtest,full,2026-08-13,3a996da36dc042ed6d71d2ee5c438b319720590fad6be20f87bea4c38d1d7af0,2,banner,R2.3,,,,,,,,,,,,,,,,OK,,,,,,,,,,,,,,,,,,,,,,,,,,,,,,,,,,,levels valid | VT=7720.0 CW=7800.0 IM=—,countable
2026-08-13 09:30,backtest,full,2026-08-13,3a996da36dc042ed6d71d2ee5c438b319720590fad6be20f87bea4c38d1d7af0,2,outage,R10,,,,,,,,,,,,,,,,DEGRADED_VWAP,,,,,,,,,,,,,,,,,,,,,,,,,,,,,,,,,,,SPY missing — context reads degrade to CHOP (degraded_vwap),countable
2026-08-13 10:30,backtest,full,2026-08-13,3a996da36dc042ed6d71d2ee5c438b319720590fad6be20f87bea4c38d1d7af0,2,state_line,R3.4,,,,,,,,,,,,,,,CHOP,DEGRADED_VWAP,,,,,,,,,,,,,,,,,,,,,,,,,,,,,,,,,,,10:30 context read: CHOP,countable
2026-08-13 10:40,backtest,full,2026-08-13,3a996da36dc042ed6d71d2ee5c438b319720590fad6be20f87bea4c38d1d7af0,2,veto_change,R4,,,,,,,,,,,,,,,,DEGRADED_VWAP,,,,,,,,,,,,,,,,,,,,,,,,,,,,,,,,,,,vetoes: vt_broken=False levels_invalid=False flow_veto=True,countable
2026-08-13 10:41,backtest,full,2026-08-13,3a996da36dc042ed6d71d2ee5c438b319720590fad6be20f87bea4c38d1d7af0,2,signal,R6.1,A,long_first,,,,,0.0,0.0,0.0,0.0,,-1.469463056,5.220000000000255,4.75,,DEGRADED_VWAP,,,,,,,,,641.0,,,,7816.7,,,1.0,,,,,,,,,,,,,,,,,,,SIGNAL A LONG-FIRST | BUY nearest -0.20Δ put (no chain feed) | range60=37.55>=p75 14.44 r30=-0.79 bounce30=4.75 close<mid30=7811.33,countable
2026-08-13 10:41,backtest,full,2026-08-13,3a996da36dc042ed6d71d2ee5c438b319720590fad6be20f87bea4c38d1d7af0,2,pending_entry,R6.1,A,long_first,,2026-09-11,7575/7570,,,,,,,,,,,DEGRADED_VWAP,,,,,,,,,641.0,,,,,,,1.0,7575.0,7570.0,,,,,,,,,,,,,,,,,,countable
2026-08-13 10:42,backtest,full,2026-08-13,3a996da36dc042ed6d71d2ee5c438b319720590fad6be20f87bea4c38d1d7af0,2,entry,R1.4,A,long_first,7810.96,2026-09-11,7575/7570,,,,,,,,,,,DEGRADED_VWAP,,,,chain,,,1.0,642.0,641.0,37.35,37.6,,,,3.5,1.0,7575.0,7570.0,37.5,37.6,resting,,643.0,,,0.0,0.0,37.2,37.5,642.0,False,0.0,0.0,,ENTRY A | bought 7575P @ 37.50 | resting SELL 7570P @ 37.60,countable
2026-08-13 10:47,backtest,full,2026-08-13,3a996da36dc042ed6d71d2ee5c438b319720590fad6be20f87bea4c38d1d7af0,2,heartbeat,R8.1,A,long_first,,,,,,,,,,,,,,DEGRADED_VWAP,,,,,,,1.0,,,,,,,,,,,,,37.6,,,,,,,0.0,37.6,38.0,646.0,,60.0,0.0,,"open 5m, clock 55m left, liq-loss $60, spx-adverse 0.00",countable
2026-08-13 10:52,backtest,full,2026-08-13,3a996da36dc042ed6d71d2ee5c438b319720590fad6be20f87bea4c38d1d7af0,2,heartbeat,R8.1,A,long_first,,,,,,,,,,,,,,DEGRADED_VWAP,,,,,,,1.0,,,,,,,,,,,,,37.6,,,,,,,0.0,38.2,38.5,651.0,,60.0,0.0,,"open 10m, clock 50m left, liq-loss $60, spx-adverse 0.00",countable
2026-08-13 10:57,backtest,full,2026-08-13,3a996da36dc042ed6d71d2ee5c438b319720590fad6be20f87bea4c38d1d7af0,2,heartbeat,R8.1,A,long_first,,,,,,,,,,,,,,DEGRADED_VWAP,,,,,,,1.0,,,,,,,,,,,,,37.6,,,,,,,0.0,38.1,38.5,656.0,,60.0,0.0,,"open 15m, clock 45m left, liq-loss $60, spx-adverse 0.00",countable
2026-08-13 10:57,backtest,full,2026-08-13,3a996da36dc042ed6d71d2ee5c438b319720590fad6be20f87bea4c38d1d7af0,2,skip,R6.4,A,,,,,,1.02796333,30.8388999,0.428347292,0.599616038,0.7983349386597283,-1.313236389,15.170000000000073,3.5399999999999636,,DEGRADED_VWAP,,,,,,,,,657.0,,,,,,,2.0,,,,,,,,,,,,,,,,,,,skip: one unpaired leg at a time,countable
2026-08-13 10:58,backtest,full,2026-08-13,3a996da36dc042ed6d71d2ee5c438b319720590fad6be20f87bea4c38d1d7af0,2,veto_change,R4,,,,,,,,,,,,,,,,DEGRADED_VWAP,,,,,,,,,,,,,,,,,,,,,,,,,,,,,,,,,,,vetoes: vt_broken=False levels_invalid=False flow_veto=False,countable
2026-08-13 11:02,backtest,full,2026-08-13,3a996da36dc042ed6d71d2ee5c438b319720590fad6be20f87bea4c38d1d7af0,2,heartbeat,R8.1,A,long_first,,,,,,,,,,,,,,DEGRADED_VWAP,,,,,,,1.0,,,,,,,,,,,,,37.6,,,,,,,0.0,37.1,37.5,661.0,,60.0,0.0,,"open 20m, clock 40m left, liq-loss $60, spx-adverse 0.00",countable
2026-08-13 11:04,backtest,full,2026-08-13,3a996da36dc042ed6d71d2ee5c438b319720590fad6be20f87bea4c38d1d7af0,2,exit_decision,R7.1,A,long_first,,,,,,,,,,,,,,DEGRADED_VWAP,fill,,,,,,1.0,,,,,,,,,,,,,,,,,,,,,,,,,,,,,countable
2026-08-13 11:04,backtest,full,2026-08-13,3a996da36dc042ed6d71d2ee5c438b319720590fad6be20f87bea4c38d1d7af0,2,exit,R7,A,long_first,7810.96,2026-09-11,7575/7570,,,,,,,,,,,DEGRADED_VWAP,fill,22.0,37.6,chain,,0.9200000000000728,1.0,642.0,641.0,37.35,37.6,,,,3.5,1.0,7575.0,7570.0,37.5,37.6,filled,,643.0,37.6,0.1,,0.0,38.7,39.0,664.0,False,60.0,0.9200000000000728,10.0,EXIT fill | pnl $+10,countable
2026-08-13 11:06,backtest,full,2026-08-13,3a996da36dc042ed6d71d2ee5c438b319720590fad6be20f87bea4c38d1d7af0,2,veto_change,R4,,,,,,,,,,,,,,,,DEGRADED_VWAP,,,,,,,,,,,,,,,,,,,,,,,,,,,,,,,,,,,vetoes: vt_broken=False levels_invalid=False flow_veto=True,countable
2026-08-13 11:10,backtest,full,2026-08-13,3a996da36dc042ed6d71d2ee5c438b319720590fad6be20f87bea4c38d1d7af0,2,veto_change,R4,,,,,,,,,,,,,,,,DEGRADED_VWAP,,,,,,,,,,,,,,,,,,,,,,,,,,,,,,,,,,,vetoes: vt_broken=False levels_invalid=False flow_veto=False,countable
2026-08-13 11:11,backtest,full,2026-08-13,3a996da36dc042ed6d71d2ee5c438b319720590fad6be20f87bea4c38d1d7af0,2,veto_change,R4,,,,,,,,,,,,,,,,DEGRADED_VWAP,,,,,,,,,,,,,,,,,,,,,,,,,,,,,,,,,,,vetoes: vt_broken=False levels_invalid=False flow_veto=True,countable
2026-08-13 11:19,backtest,full,2026-08-13,3a996da36dc042ed6d71d2ee5c438b319720590fad6be20f87bea4c38d1d7af0,2,signal,R6.1,A,long_first,,,,,0.5813474759999999,34.88084856,0.2663201829999999,0.315027293,0.9180680092950124,-0.956091126,9.840000000000146,3.839999999999236,,DEGRADED_VWAP,,,,,,,,,679.0,,,,7794.93,,,3.0,,,,,,,,,,,,,,,,,,,SIGNAL A LONG-FIRST | BUY nearest -0.20Δ put (no chain feed) | range60=26.25>=p75 17.76 r30=-1.39 bounce30=3.84 close<mid30=7797.82,countable
2026-08-13 11:19,backtest,full,2026-08-13,3a996da36dc042ed6d71d2ee5c438b319720590fad6be20f87bea4c38d1d7af0,2,pending_entry,R6.1,A,long_first,,2026-09-11,7530/7525,,,,,,,,,,,DEGRADED_VWAP,,,,,,,,,679.0,,,,,,,3.0,7530.0,7525.0,,,,,,,,,,,,,,,,,,countable
2026-08-13 11:20,backtest,full,2026-08-13,3a996da36dc042ed6d71d2ee5c438b319720590fad6be20f87bea4c38d1d7af0,2,entry,R1.4,A,long_first,7794.860000000001,2026-09-11,7530/7525,,,,,,,,,,,DEGRADED_VWAP,,,,chain,,,2.0,680.0,679.0,33.3,33.6,,,,3.5,3.0,7530.0,7525.0,33.5,33.6,resting,,681.0,,,0.0,0.0,33.1,33.5,680.0,False,0.0,0.0,,ENTRY A | bought 7530P @ 33.50 | resting SELL 7525P @ 33.60,countable
2026-08-13 11:21,backtest,full,2026-08-13,3a996da36dc042ed6d71d2ee5c438b319720590fad6be20f87bea4c38d1d7af0,2,veto_change,R4,,,,,,,,,,,,,,,,DEGRADED_VWAP,,,,,,,,,,,,,,,,,,,,,,,,,,,,,,,,,,,vetoes: vt_broken=False levels_invalid=False flow_veto=False,countable
2026-08-13 11:25,backtest,full,2026-08-13,3a996da36dc042ed6d71d2ee5c438b319720590fad6be20f87bea4c38d1d7af0,2,heartbeat,R8.1,A,long_first,,,,,,,,,,,,,,DEGRADED_VWAP,,,,,,,2.0,,,,,,,,,,,,,33.6,,,,,,,0.0,33.4,33.8,684.0,,40.0,0.0,,"open 5m, clock 55m left, liq-loss $40, spx-adverse 0.00",countable
2026-08-13 11:27,backtest,full,2026-08-13,3a996da36dc042ed6d71d2ee5c438b319720590fad6be20f87bea4c38d1d7af0,2,veto_change,R4,,,,,,,,,,,,,,,,DEGRADED_VWAP,,,,,,,,,,,,,,,,,,,,,,,,,,,,,,,,,,,vetoes: vt_broken=False levels_invalid=False flow_veto=True,countable
2026-08-13 11:28,backtest,full,2026-08-13,3a996da36dc042ed6d71d2ee5c438b319720590fad6be20f87bea4c38d1d7af0,2,exit_decision,R7.1,A,long_first,,,,,,,,,,,,,,DEGRADED_VWAP,fill,,,,,,2.0,,,,,,,,,,,,,,,,,,,,,,,,,,,,,countable
2026-08-13 11:28,backtest,full,2026-08-13,3a996da36dc042ed6d71d2ee5c438b319720590fad6be20f87bea4c38d1d7af0,2,exit,R7,A,long_first,7794.860000000001,2026-09-11,7530/7525,,,,,,,,,,,DEGRADED_VWAP,fill,8.0,33.6,chain,,0.7699999999995271,2.0,680.0,679.0,33.3,33.6,,,,3.5,3.0,7530.0,7525.0,33.5,33.6,filled,,681.0,33.6,0.1,,0.0,34.4,34.800000000000004,688.0,False,40.0,0.7699999999995271,10.0,EXIT fill | pnl $+10,countable
2026-08-13 11:35,backtest,full,2026-08-13,3a996da36dc042ed6d71d2ee5c438b319720590fad6be20f87bea4c38d1d7af0,2,signal,R6.1,A,long_first,,,,,0.2409362530000001,14.456175180000006,0.0320498229999999,0.2088864300000001,0.9014279059116932,-2.016019778999999,13.86999999999989,3.0,,DEGRADED_VWAP,,,,,,,,,695.0,,,,7783.55,,,4.0,,,,,,,,,,,,,,,,,,,SIGNAL A LONG-FIRST | BUY nearest -0.20Δ put (no chain feed) | range60=36.23>=p75 17.76 r30=-3.03 bounce30=3.00 close<mid30=7788.50,countable
2026-08-13 11:35,backtest,full,2026-08-13,3a996da36dc042ed6d71d2ee5c438b319720590fad6be20f87bea4c38d1d7af0,2,pending_entry,R6.1,A,long_first,,2026-09-11,7530/7525,,,,,,,,,,,DEGRADED_VWAP,,,,,,,,,695.0,,,,,,,4.0,7530.0,7525.0,,,,,,,,,,,,,,,,,,countable
2026-08-13 11:36,backtest,full,2026-08-13,3a996da36dc042ed6d71d2ee5c438b319720590fad6be20f87bea4c38d1d7af0,2,entry,R1.4,A,long_first,7782.99,2026-09-11,7530/7525,,,,,,,,,,,DEGRADED_VWAP,,,,chain,,,3.0,696.0,695.0,35.900000000000006,36.2,,,,3.5,4.0,7530.0,7525.0,36.1,36.2,resting,,697.0,,,0.0,0.0,35.7,36.1,696.0,False,0.0,0.0,,ENTRY A | bought 7530P @ 36.10 | resting SELL 7525P @ 36.20,countable
2026-08-13 11:41,backtest,full,2026-08-13,3a996da36dc042ed6d71d2ee5c438b319720590fad6be20f87bea4c38d1d7af0,2,veto_change,R4,,,,,,,,,,,,,,,,DEGRADED_VWAP,,,,,,,,,,,,,,,,,,,,,,,,,,,,,,,,,,,vetoes: vt_broken=False levels_invalid=False flow_veto=False,countable
2026-08-13 11:41,backtest,full,2026-08-13,3a996da36dc042ed6d71d2ee5c438b319720590fad6be20f87bea4c38d1d7af0,2,heartbeat,R8.1,A,long_first,,,,,,,,,,,,,,DEGRADED_VWAP,,,,,,,3.0,,,,,,,,,,,,,36.2,,,,,,,0.0,35.7,36.1,700.0,,40.0,0.5900000000001455,,"open 5m, clock 55m left, liq-loss $40, spx-adverse 0.59",countable
2026-08-13 11:41,backtest,full,2026-08-13,3a996da36dc042ed6d71d2ee5c438b319720590fad6be20f87bea4c38d1d7af0,2,skip,R6.4,A,,,,,,1.1297409669999996,9.683494002857138,0.4595543249999999,0.670186642,0.5810129084218655,-0.663222277,11.539999999999964,3.519999999999527,,DEGRADED_VWAP,,,,,,,,,701.0,,,,,,,5.0,,,,,,,,,,,,,,,,,,,skip: one unpaired leg at a time,countable
2026-08-13 11:46,backtest,full,2026-08-13,3a996da36dc042ed6d71d2ee5c438b319720590fad6be20f87bea4c38d1d7af0,2,heartbeat,R8.1,A,long_first,,,,,,,,,,,,,,DEGRADED_VWAP,,,,,,,3.0,,,,,,,,,,,,,36.2,,,,,,,0.0,35.7,36.1,705.0,,100.0,0.7600000000002183,,"open 10m, clock 50m left, liq-loss $100, spx-adverse 0.76",countable
2026-08-13 11:51,backtest,full,2026-08-13,3a996da36dc042ed6d71d2ee5c438b319720590fad6be20f87bea4c38d1d7af0,2,heartbeat,R8.1,A,long_first,,,,,,,,,,,,,,DEGRADED_VWAP,,,,,,,3.0,,,,,,,,,,,,,36.2,,,,,,,0.0,35.6,36.0,710.0,,100.0,0.0,,"open 15m, clock 45m left, liq-loss $100, spx-adverse 0.00",countable
2026-08-13 11:56,backtest,full,2026-08-13,3a996da36dc042ed6d71d2ee5c438b319720590fad6be20f87bea4c38d1d7af0,2,veto_change,R4,,,,,,,,,,,,,,,,DEGRADED_VWAP,,,,,,,,,,,,,,,,,,,,,,,,,,,,,,,,,,,vetoes: vt_broken=False levels_invalid=False flow_veto=True,countable
2026-08-13 11:56,backtest,full,2026-08-13,3a996da36dc042ed6d71d2ee5c438b319720590fad6be20f87bea4c38d1d7af0,2,heartbeat,R8.1,A,long_first,,,,,,,,,,,,,,DEGRADED_VWAP,,,,,,,3.0,,,,,,,,,,,,,36.2,,,,,,,0.0,35.9,36.2,715.0,,100.0,0.0,,"open 20m, clock 40m left, liq-loss $100, spx-adverse 0.00",countable
2026-08-13 12:00,backtest,full,2026-08-13,3a996da36dc042ed6d71d2ee5c438b319720590fad6be20f87bea4c38d1d7af0,2,veto_change,R4,,,,,,,,,,,,,,,,DEGRADED_VWAP,,,,,,,,,,,,,,,,,,,,,,,,,,,,,,,,,,,vetoes: vt_broken=False levels_invalid=False flow_veto=False,countable
2026-08-13 12:01,backtest,full,2026-08-13,3a996da36dc042ed6d71d2ee5c438b319720590fad6be20f87bea4c38d1d7af0,2,veto_change,R4,,,,,,,,,,,,,,,,DEGRADED_VWAP,,,,,,,,,,,,,,,,,,,,,,,,,,,,,,,,,,,vetoes: vt_broken=False levels_invalid=False flow_veto=True,countable
2026-08-13 12:01,backtest,full,2026-08-13,3a996da36dc042ed6d71d2ee5c438b319720590fad6be20f87bea4c38d1d7af0,2,heartbeat,R8.1,A,long_first,,,,,,,,,,,,,,DEGRADED_VWAP,,,,,,,3.0,,,,,,,,,,,,,36.2,,,,,,,0.0,36.0,36.4,720.0,,100.0,0.0,,"open 25m, clock 35m left, liq-loss $100, spx-adverse 0.00",countable
2026-08-13 12:01,backtest,full,2026-08-13,3a996da36dc042ed6d71d2ee5c438b319720590fad6be20f87bea4c38d1d7af0,2,skip,R6.4,A,,,,,,0.2113377710000001,6.340133130000005,0.0366140379999999,0.174723733,1.1453636652579235,-0.9879266130000008,4.5,3.480000000000473,,DEGRADED_VWAP,,,,,,,,,721.0,,,,,,,6.0,,,,,,,,,,,,,,,,,,,skip: one unpaired leg at a time,countable
2026-08-13 12:02,backtest,full,2026-08-13,3a996da36dc042ed6d71d2ee5c438b319720590fad6be20f87bea4c38d1d7af0,2,veto_change,R4,,,,,,,,,,,,,,,,DEGRADED_VWAP,,,,,,,,,,,,,,,,,,,,,,,,,,,,,,,,,,,vetoes: vt_broken=False levels_invalid=False flow_veto=False,countable
2026-08-13 12:06,backtest,full,2026-08-13,3a996da36dc042ed6d71d2ee5c438b319720590fad6be20f87bea4c38d1d7af0,2,heartbeat,R8.1,A,long_first,,,,,,,,,,,,,,DEGRADED_VWAP,,,,,,,3.0,,,,,,,,,,,,,36.2,,,,,,,0.0,35.6,35.9,725.0,,100.0,2.4700000000002547,,"open 30m, clock 30m left, liq-loss $100, spx-adverse 2.47",countable
2026-08-13 12:09,backtest,full,2026-08-13,3a996da36dc042ed6d71d2ee5c438b319720590fad6be20f87bea4c38d1d7af0,2,skip,R6.4,B,,,,,,0.8773339050000004,5.2640034300000025,0.4240690699999998,0.4532648349999997,0.7836691447596567,0.5297659860000001,3.100000000000364,4.880000000000109,,DEGRADED_VWAP,,,,,,,,,729.0,,,,,,,1.0,,,,,,,,,,,,,,,,,,,skip: one unpaired leg at a time,countable
2026-08-13 12:11,backtest,full,2026-08-13,3a996da36dc042ed6d71d2ee5c438b319720590fad6be20f87bea4c38d1d7af0,2,heartbeat,R8.1,A,long_first,,,,,,,,,,,,,,DEGRADED_VWAP,,,,,,,3.0,,,,,,,,,,,,,36.2,,,,,,,0.0,35.6,35.9,730.0,,100.0,1.1200000000008004,,"open 35m, clock 25m left, liq-loss $100, spx-adverse 1.12",countable
2026-08-13 12:16,backtest,full,2026-08-13,3a996da36dc042ed6d71d2ee5c438b319720590fad6be20f87bea4c38d1d7af0,2,heartbeat,R8.1,A,long_first,,,,,,,,,,,,,,DEGRADED_VWAP,,,,,,,3.0,,,,,,,,,,,,,36.2,,,,,,,0.0,36.1,36.4,735.0,,100.0,0.0,,"open 40m, clock 20m left, liq-loss $100, spx-adverse 0.00",countable
2026-08-13 12:20,backtest,full,2026-08-13,3a996da36dc042ed6d71d2ee5c438b319720590fad6be20f87bea4c38d1d7af0,2,veto_change,R4,,,,,,,,,,,,,,,,DEGRADED_VWAP,,,,,,,,,,,,,,,,,,,,,,,,,,,,,,,,,,,vetoes: vt_broken=False levels_invalid=False flow_veto=True,countable
2026-08-13 12:21,backtest,full,2026-08-13,3a996da36dc042ed6d71d2ee5c438b319720590fad6be20f87bea4c38d1d7af0,2,heartbeat,R8.1,A,long_first,,,,,,,,,,,,,,DEGRADED_VWAP,,,,,,,3.0,,,,,,,,,,,,,36.2,,,,,,,0.0,35.9,36.3,740.0,,100.0,0.0,,"open 45m, clock 15m left, liq-loss $100, spx-adverse 0.00",countable
2026-08-13 12:22,backtest,full,2026-08-13,3a996da36dc042ed6d71d2ee5c438b319720590fad6be20f87bea4c38d1d7af0,2,veto_change,R4,,,,,,,,,,,,,,,,DEGRADED_VWAP,,,,,,,,,,,,,,,,,,,,,,,,,,,,,,,,,,,vetoes: vt_broken=False levels_invalid=False flow_veto=False,countable
2026-08-13 12:26,backtest,full,2026-08-13,3a996da36dc042ed6d71d2ee5c438b319720590fad6be20f87bea4c38d1d7af0,2,heartbeat,R8.1,A,long_first,,,,,,,,,,,,,,DEGRADED_VWAP,,,,,,,3.0,,,,,,,,,,,,,36.2,,,,,,,0.0,35.6,36.0,745.0,,100.0,3.6900000000005098,,"open 50m, clock 10m left, liq-loss $100, spx-adverse 3.69",countable
2026-08-13 12:31,backtest,full,2026-08-13,3a996da36dc042ed6d71d2ee5c438b319720590fad6be20f87bea4c38d1d7af0,2,heartbeat,R8.1,A,long_first,,,,,,,,,,,,,,DEGRADED_VWAP,,,,,,,3.0,,,,,,,,,,,,,36.2,,,,,,,0.0,34.9,35.300000000000004,750.0,,120.0,6.390000000000327,,"open 55m, clock 5m left, liq-loss $120, spx-adverse 6.39",countable
2026-08-13 12:36,backtest,full,2026-08-13,3a996da36dc042ed6d71d2ee5c438b319720590fad6be20f87bea4c38d1d7af0,2,limit_canceled,R7.0,,,,,,,,,,,,,,,,DEGRADED_VWAP,,,,,,,3.0,,,,,,,,,,,,,36.2,,clock,,,,,,,,,,,,,resting limit CANCELED (clock),countable
2026-08-13 12:36,backtest,full,2026-08-13,3a996da36dc042ed6d71d2ee5c438b319720590fad6be20f87bea4c38d1d7af0,2,exit_decision,R7.5,A,long_first,,,,,,,,,,,,,,DEGRADED_VWAP,clock,,,,,,3.0,,,,,,,,,,,,,,,,,,,,,,,,,,,,,countable
2026-08-13 12:37,backtest,full,2026-08-13,3a996da36dc042ed6d71d2ee5c438b319720590fad6be20f87bea4c38d1d7af0,2,exit,R7,A,long_first,7782.99,2026-09-11,7530/7525,,,,,,,,,,,DEGRADED_VWAP,timeout,,35.0,chain,,6.680000000000291,3.0,696.0,695.0,35.900000000000006,36.2,,,,3.5,4.0,7530.0,7525.0,36.1,36.2,canceled,clock,697.0,,,,0.0,34.800000000000004,35.1,756.0,False,140.0,6.680000000000291,-110.0,EXIT timeout | pnl $-110,countable
2026-08-13 12:40,backtest,full,2026-08-13,3a996da36dc042ed6d71d2ee5c438b319720590fad6be20f87bea4c38d1d7af0,2,veto_change,R4,,,,,,,,,,,,,,,,DEGRADED_VWAP,,,,,,,,,,,,,,,,,,,,,,,,,,,,,,,,,,,vetoes: vt_broken=False levels_invalid=False flow_veto=True,countable
2026-08-13 12:41,backtest,full,2026-08-13,3a996da36dc042ed6d71d2ee5c438b319720590fad6be20f87bea4c38d1d7af0,2,veto_change,R4,,,,,,,,,,,,,,,,DEGRADED_VWAP,,,,,,,,,,,,,,,,,,,,,,,,,,,,,,,,,,,vetoes: vt_broken=False levels_invalid=False flow_veto=False,countable
2026-08-13 13:00,backtest,full,2026-08-13,3a996da36dc042ed6d71d2ee5c438b319720590fad6be20f87bea4c38d1d7af0,2,state_line,R3.4,,,,,,,,,,,,,,,CHOP,DEGRADED_VWAP,,,,,,,,,,,,,,,,,,,,,,,,,,,,,,,,,,,13:00 context read: CHOP,countable
2026-08-13 13:30,backtest,full,2026-08-13,3a996da36dc042ed6d71d2ee5c438b319720590fad6be20f87bea4c38d1d7af0,2,veto_change,R4,,,,,,,,,,,,,,,,DEGRADED_VWAP,,,,,,,,,,,,,,,,,,,,,,,,,,,,,,,,,,,vetoes: vt_broken=False levels_invalid=False flow_veto=True,countable
2026-08-13 13:47,backtest,full,2026-08-13,3a996da36dc042ed6d71d2ee5c438b319720590fad6be20f87bea4c38d1d7af0,2,veto_change,R4,,,,,,,,,,,,,,,,DEGRADED_VWAP,,,,,,,,,,,,,,,,,,,,,,,,,,,,,,,,,,,vetoes: vt_broken=False levels_invalid=False flow_veto=False,countable
2026-08-13 13:47,backtest,full,2026-08-13,3a996da36dc042ed6d71d2ee5c438b319720590fad6be20f87bea4c38d1d7af0,2,gate_fail,R6.2,B,,,,,,0.5113377300000002,3.068026380000001,0.1086531019999994,0.4026846279999998,0.8208243541895498,-1.092952243,,,,DEGRADED_VWAP,,,,,,,,,827.0,,,,,,,2.0,,,,,,,,,,,,,,,,,,,"gates failed: r15<=0,weak_side<0.15",countable
2026-08-13 15:35,backtest,full,2026-08-13,3a996da36dc042ed6d71d2ee5c438b319720590fad6be20f87bea4c38d1d7af0,2,veto_change,R4,,,,,,,,,,,,,,,,DEGRADED_VWAP,,,,,,,,,,,,,,,,,,,,,,,,,,,,,,,,,,,vetoes: vt_broken=False levels_invalid=False flow_veto=True,countable
2026-08-13 15:49,backtest,full,2026-08-13,3a996da36dc042ed6d71d2ee5c438b319720590fad6be20f87bea4c38d1d7af0,2,veto_change,R4,,,,,,,,,,,,,,,,DEGRADED_VWAP,,,,,,,,,,,,,,,,,,,,,,,,,,,,,,,,,,,vetoes: vt_broken=False levels_invalid=False flow_veto=False,countable
2026-08-13 15:54,backtest,full,2026-08-13,3a996da36dc042ed6d71d2ee5c438b319720590fad6be20f87bea4c38d1d7af0,2,veto_change,R4,,,,,,,,,,,,,,,,DEGRADED_VWAP,,,,,,,,,,,,,,,,,,,,,,,,,,,,,,,,,,,vetoes: vt_broken=False levels_invalid=False flow_veto=True,countable
2026-08-13 15:57,backtest,full,2026-08-13,3a996da36dc042ed6d71d2ee5c438b319720590fad6be20f87bea4c38d1d7af0,2,veto_change,R4,,,,,,,,,,,,,,,,DEGRADED_VWAP,,,,,,,,,,,,,,,,,,,,,,,,,,,,,,,,,,,vetoes: vt_broken=False levels_invalid=False flow_veto=False,countable
2026-08-13 16:00,backtest,full,2026-08-13,3a996da36dc042ed6d71d2ee5c438b319720590fad6be20f87bea4c38d1d7af0,2,disposition,R10.3,,,,,,,,,,,,,,,,DEGRADED_VWAP,,,,,,,,,,,,,,,,,,,,,,,,,,,,,,,,,,,session countable | outage 0m,countable
2026-08-14 --:--,backtest,full,2026-08-14,3a996da36dc042ed6d71d2ee5c438b319720590fad6be20f87bea4c38d1d7af0,2,banner,R8.2,,,,,,,,,,,,,,,,OK,,,,,,,,,,,,,,,,,,,,,,,,,,,,,,,,,,,session start | CONFIG_HASH=3a996da36dc0… | mode=backtest tier=full,countable
2026-08-14 --:--,backtest,full,2026-08-14,3a996da36dc042ed6d71d2ee5c438b319720590fad6be20f87bea4c38d1d7af0,2,banner,R2.3,,,,,,,,,,,,,,,,OK,,,,,,,,,,,,,,,,,,,,,,,,,,,,,,,,,,,levels valid | VT=7745.0 CW=7900.0 IM=—,countable
2026-08-14 09:30,backtest,full,2026-08-14,3a996da36dc042ed6d71d2ee5c438b319720590fad6be20f87bea4c38d1d7af0,2,outage,R10,,,,,,,,,,,,,,,,DEGRADED_VWAP,,,,,,,,,,,,,,,,,,,,,,,,,,,,,,,,,,,SPY missing — context reads degrade to CHOP (degraded_vwap),countable
2026-08-14 10:15,backtest,full,2026-08-14,3a996da36dc042ed6d71d2ee5c438b319720590fad6be20f87bea4c38d1d7af0,2,veto_change,R4,,,,,,,,,,,,,,,,DEGRADED_VWAP,,,,,,,,,,,,,,,,,,,,,,,,,,,,,,,,,,,vetoes: vt_broken=False levels_invalid=False flow_veto=True,countable
2026-08-14 10:30,backtest,full,2026-08-14,3a996da36dc042ed6d71d2ee5c438b319720590fad6be20f87bea4c38d1d7af0,2,state_line,R3.4,,,,,,,,,,,,,,,CHOP,DEGRADED_VWAP,,,,,,,,,,,,,,,,,,,,,,,,,,,,,,,,,,,10:30 context read: CHOP,countable
2026-08-14 10:36,backtest,full,2026-08-14,3a996da36dc042ed6d71d2ee5c438b319720590fad6be20f87bea4c38d1d7af0,2,signal,R6.1,A,long_first,,,,,0.947932187,28.43796561000001,0.4973163919999996,0.450615795,0.8575350327248672,-0.8368523849999998,14.890000000000327,4.130000000000109,,DEGRADED_VWAP,,,,,,,,,636.0,,,,7794.28,,,1.0,,,,,,,,,,,,,,,,,,,SIGNAL A LONG-FIRST | BUY nearest -0.20Δ put (no chain feed) | range60=20.23>=p75 17.76 r30=-4.67 bounce30=4.13 close<mid30=7799.51,countable
2026-08-14 10:36,backtest,full,2026-08-14,3a996da36dc042ed6d71d2ee5c438b319720590fad6be20f87bea4c38d1d7af0,2,pending_entry,R6.1,A,long_first,,2026-09-11,7575/7570,,,,,,,,,,,DEGRADED_VWAP,,,,,,,,,636.0,,,,,,,1.0,7575.0,7570.0,,,,,,,,,,,,,,,,,,countable
2026-08-14 10:37,backtest,full,2026-08-14,3a996da36dc042ed6d71d2ee5c438b319720590fad6be20f87bea4c38d1d7af0,2,entry,R1.4,A,long_first,7794.19,2026-09-11,7575/7570,,,,,,,,,,,DEGRADED_VWAP,,,,chain,,,1.0,637.0,636.0,37.400000000000006,37.6,,,,3.5,1.0,7575.0,7570.0,37.5,37.6,resting,,638.0,,,0.0,0.0,37.3,37.5,637.0,False,0.0,0.0,,ENTRY A | bought 7575P @ 37.50 | resting SELL 7570P @ 37.60,countable
2026-08-14 10:37,backtest,full,2026-08-14,3a996da36dc042ed6d71d2ee5c438b319720590fad6be20f87bea4c38d1d7af0,2,veto_change,R4,,,,,,,,,,,,,,,,DEGRADED_VWAP,,,,,,,,,,,,,,,,,,,,,,,,,,,,,,,,,,,vetoes: vt_broken=False levels_invalid=False flow_veto=False,countable
2026-08-14 10:42,backtest,full,2026-08-14,3a996da36dc042ed6d71d2ee5c438b319720590fad6be20f87bea4c38d1d7af0,2,heartbeat,R8.1,A,long_first,,,,,,,,,,,,,,DEGRADED_VWAP,,,,,,,1.0,,,,,,,,,,,,,37.6,,,,,,,0.0,37.5,37.8,641.0,,50.0,0.0,,"open 5m, clock 55m left, liq-loss $50, spx-adverse 0.00",countable
2026-08-14 10:47,backtest,full,2026-08-14,3a996da36dc042ed6d71d2ee5c438b319720590fad6be20f87bea4c38d1d7af0,2,heartbeat,R8.1,A,long_first,,,,,,,,,,,,,,DEGRADED_VWAP,,,,,,,1.0,,,,,,,,,,,,,37.6,,,,,,,0.0,37.3,37.6,646.0,,50.0,1.199999999999818,,"open 10m, clock 50m left, liq-loss $50, spx-adverse 1.20",countable
2026-08-14 10:51,backtest,full,2026-08-14,3a996da36dc042ed6d71d2ee5c438b319720590fad6be20f87bea4c38d1d7af0,2,skip,R6.4,B,,,,,,0.4568480739999998,2.741088443999999,0.1705838529999992,0.2862642209999997,0.6457641320821248,0.113287678999999,3.0799999999999272,4.140000000000327,,DEGRADED_VWAP,,,,,,,,,651.0,,,,,,,1.0,,,,,,,,,,,,,,,,,,,skip: one unpaired leg at a time,countable
2026-08-14 10:52,backtest,full,2026-08-14,3a996da36dc042ed6d71d2ee5c438b319720590fad6be20f87bea4c38d1d7af0,2,heartbeat,R8.1,A,long_first,,,,,,,,,,,,,,DEGRADED_VWAP,,,,,,,1.0,,,,,,,,,,,,,37.6,,,,,,,0.0,36.9,37.2,651.0,,70.0,0.75,,"open 15m, clock 45m left, liq-loss $70, spx-adverse 0.75",countable
2026-08-14 10:57,backtest,full,2026-08-14,3a996da36dc042ed6d71d2ee5c438b319720590fad6be20f87bea4c38d1d7af0,2,heartbeat,R8.1,A,long_first,,,,,,,,,,,,,,DEGRADED_VWAP,,,,,,,1.0,,,,,,,,,,,,,37.6,,,,,,,0.0,37.5,37.7,656.0,,70.0,0.0,,"open 20m, clock 40m left, liq-loss $70, spx-adverse 0.00",countable
2026-08-14 10:59,backtest,full,2026-08-14,3a996da36dc042ed6d71d2ee5c438b319720590fad6be20f87bea4c38d1d7af0,2,veto_change,R4,,,,,,,,,,,,,,,,DEGRADED_VWAP,,,,,,,,,,,,,,,,,,,,,,,,,,,,,,,,,,,vetoes: vt_broken=False levels_invalid=False flow_veto=True,countable
2026-08-14 11:02,backtest,full,2026-08-14,3a996da36dc042ed6d71d2ee5c438b319720590fad6be20f87bea4c38d1d7af0,2,heartbeat,R8.1,A,long_first,,,,,,,,,,,,,,DEGRADED_VWAP,,,,,,,1.0,,,,,,,,,,,,,37.6,,,,,,,0.0,37.5,37.7,661.0,,70.0,0.0,,"open 25m, clock 35m left, liq-loss $70, spx-adverse 0.00",countable
2026-08-14 11:05,backtest,full,2026-08-14,3a996da36dc042ed6d71d2ee5c438b319720590fad6be20f87bea4c38d1d7af0,2,veto_change,R4,,,,,,,,,,,,,,,,DEGRADED_VWAP,,,,,,,,,,,,,,,,,,,,,,,,,,,,,,,,,,,vetoes: vt_broken=False levels_invalid=False flow_veto=False,countable
2026-08-14 11:07,backtest,full,2026-08-14,3a996da36dc042ed6d71d2ee5c438b319720590fad6be20f87bea4c38d1d7af0,2,veto_change,R4,,,,,,,,,,,,,,,,DEGRADED_VWAP,,,,,,,,,,,,,,,,,,,,,,,,,,,,,,,,,,,vetoes: vt_broken=False levels_invalid=False flow_veto=True,countable
2026-08-14 11:07,backtest,full,2026-08-14,3a996da36dc042ed6d71d2ee5c438b319720590fad6be20f87bea4c38d1d7af0,2,heartbeat,R8.1,A,long_first,,,,,,,,,,,,,,DEGRADED_VWAP,,,,,,,1.0,,,,,,,,,,,,,37.6,,,,,,,0.0,37.3,37.5,666.0,,70.0,0.0,,"open 30m, clock 30m left, liq-loss $70, spx-adverse 0.00",countable
2026-08-14 11:09,backtest,full,2026-08-14,3a996da36dc042ed6d71d2ee5c438b319720590fad6be20f87bea4c38d1d7af0,2,veto_change,R4,,,,,,,,,,,,,,,,DEGRADED_VWAP,,,,,,,,,,,,,,,,,,,,,,,,,,,,,,,,,,,vetoes: vt_broken=False levels_invalid=False flow_veto=False,countable
2026-08-14 11:10,backtest,full,2026-08-14,3a996da36dc042ed6d71d2ee5c438b319720590fad6be20f87bea4c38d1d7af0,2,veto_change,R4,,,,,,,,,,,,,,,,DEGRADED_VWAP,,,,,,,,,,,,,,,,,,,,,,,,,,,,,,,,,,,vetoes: vt_broken=False levels_invalid=False flow_veto=True,countable
2026-08-14 11:11,backtest,full,2026-08-14,3a996da36dc042ed6d71d2ee5c438b319720590fad6be20f87bea4c38d1d7af0,2,veto_change,R4,,,,,,,,,,,,,,,,DEGRADED_VWAP,,,,,,,,,,,,,,,,,,,,,,,,,,,,,,,,,,,vetoes: vt_broken=False levels_invalid=False flow_veto=False,countable
2026-08-14 11:11,backtest,full,2026-08-14,3a996da36dc042ed6d71d2ee5c438b319720590fad6be20f87bea4c38d1d7af0,2,gate_fail,R6.2,B,,,,,,0.5106353130000016,2.553176565000008,0.3935018959999996,0.1171334169999998,0.9006791741408583,-0.3256342939999976,,,,DEGRADED_VWAP,,,,,,,,,671.0,,,,,,,2.0,,,,,,,,,,,,,,,,,,,"gates failed: r15<=0,weak_side<0.15",countable
2026-08-14 11:12,backtest,full,2026-08-14,3a996da36dc042ed6d71d2ee5c438b319720590fad6be20f87bea4c38d1d7af0,2,heartbeat,R8.1,A,long_first,,,,,,,,,,,,,,DEGRADED_VWAP,,,,,,,1.0,,,,,,,,,,,,,37.6,,,,,,,0.0,37.9,38.2,671.0,,70.0,0.0,,"open 35m, clock 25m left, liq-loss $70, spx-adverse 0.00",countable
2026-08-14 11:15,backtest,full,2026-08-14,3a996da36dc042ed6d71d2ee5c438b319720590fad6be20f87bea4c38d1d7af0,2,exit_decision,R7.1,A,long_first,,,,,,,,,,,,,,DEGRADED_VWAP,fill,,,,,,1.0,,,,,,,,,,,,,,,,,,,,,,,,,,,,,countable
2026-08-14 11:15,backtest,full,2026-08-14,3a996da36dc042ed6d71d2ee5c438b319720590fad6be20f87bea4c38d1d7af0,2,exit,R7,A,long_first,7794.19,2026-09-11,7575/7570,,,,,,,,,,,DEGRADED_VWAP,fill,38.0,37.6,chain,,1.699999999999818,1.0,637.0,636.0,37.400000000000006,37.6,,,,3.5,1.0,7575.0,7570.0,37.5,37.6,filled,,638.0,37.6,0.1,,0.0,38.4,38.7,675.0,False,70.0,1.699999999999818,10.0,EXIT fill | pnl $+10,countable
2026-08-14 11:21,backtest,full,2026-08-14,3a996da36dc042ed6d71d2ee5c438b319720590fad6be20f87bea4c38d1d7af0,2,veto_change,R4,,,,,,,,,,,,,,,,DEGRADED_VWAP,,,,,,,,,,,,,,,,,,,,,,,,,,,,,,,,,,,vetoes: vt_broken=False levels_invalid=False flow_veto=True,countable
2026-08-14 11:29,backtest,full,2026-08-14,3a996da36dc042ed6d71d2ee5c438b319720590fad6be20f87bea4c38d1d7af0,2,veto_change,R4,,,,,,,,,,,,,,,,DEGRADED_VWAP,,,,,,,,,,,,,,,,,,,,,,,,,,,,,,,,,,,vetoes: vt_broken=False levels_invalid=False flow_veto=False,countable
2026-08-14 11:36,backtest,full,2026-08-14,3a996da36dc042ed6d71d2ee5c438b319720590fad6be20f87bea4c38d1d7af0,2,signal,R6.2,B,sell_first,,,,,1.0771499440000003,6.462899664000002,0.3305105290000005,0.7466394149999998,1.0222740075637975,0.5120507850000005,5.920000000000073,2.759999999999309,,DEGRADED_VWAP,,,,,,,,,696.0,,,,,,,3.0,,,,,,,,,,,,,,,,,,,SIGNAL B SELL-FIRST | SELL nearest -0.20Δ put (no chain feed) | run=1.08$B/10m rate=6.5 weak=0.33 share=1.02 r15=0.51 pull30=5.92,countable
2026-08-14 11:36,backtest,full,2026-08-14,3a996da36dc042ed6d71d2ee5c438b319720590fad6be20f87bea4c38d1d7af0,2,pending_entry,R6.2,B,sell_first,,2026-09-11,7570/7575,,,,,,,,,,,DEGRADED_VWAP,,,,,,,,,696.0,,,,,-5.589365499999998,,3.0,7570.0,7575.0,,,,,,,,,,,,,,,,,,countable
2026-08-14 11:37,backtest,full,2026-08-14,3a996da36dc042ed6d71d2ee5c438b319720590fad6be20f87bea4c38d1d7af0,2,entry,R1.4,B,sell_first,7783.650000000001,2026-09-11,7570/7575,,,,,,,,,,,DEGRADED_VWAP,,,,chain,,,2.0,697.0,696.0,38.85,38.6,,,-5.589365499999998,3.5,3.0,7570.0,7575.0,38.7,38.6,resting,,698.0,,,0.0,0.0,38.7,39.0,697.0,False,0.0,0.0,,ENTRY B | sold 7570P @ 38.70 | resting BUY 7575P @ 38.60,countable
2026-08-14 11:40,backtest,full,2026-08-14,3a996da36dc042ed6d71d2ee5c438b319720590fad6be20f87bea4c38d1d7af0,2,limit_canceled,R7.0,,,,,,,,,,,,,,,,DEGRADED_VWAP,,,,,,,2.0,,,,,,,,,,,,,38.6,,scratch,,,,,,,,,,,,,resting limit CANCELED (scratch),countable
2026-08-14 11:40,backtest,full,2026-08-14,3a996da36dc042ed6d71d2ee5c438b319720590fad6be20f87bea4c38d1d7af0,2,exit_decision,R7.2,B,sell_first,,,,,,,,,,,,,,DEGRADED_VWAP,scratch,,,,,,2.0,,,,,,,,,,,,,,,,,,,,,,,,,,,,,countable
2026-08-14 11:41,backtest,full,2026-08-14,3a996da36dc042ed6d71d2ee5c438b319720590fad6be20f87bea4c38d1d7af0,2,exit,R7,B,sell_first,7783.650000000001,2026-09-11,7570/7575,,,,,,,,,,,DEGRADED_VWAP,scratch,,39.7,chain,,2.600000000000364,2.0,697.0,696.0,38.85,38.6,,,-5.589365499999998,3.5,3.0,7570.0,7575.0,38.7,38.6,canceled,scratch,698.0,,,,0.0,39.1,39.4,700.0,False,70.0,2.600000000000364,-100.0,EXIT scratch | pnl $-100,countable
2026-08-14 12:09,backtest,full,2026-08-14,3a996da36dc042ed6d71d2ee5c438b319720590fad6be20f87bea4c38d1d7af0,2,late_no_entry,R6.3,B,,,,,,1.288451747999999,4.294839159999997,,,,0.7883992409999996,,,,DEGRADED_VWAP,,,,,,,,,729.0,,,,,,,4.0,,,,,,,,,,,,,,,,,,,LATE — NO ENTRY,countable
2026-08-14 12:32,backtest,full,2026-08-14,3a996da36dc042ed6d71d2ee5c438b319720590fad6be20f87bea4c38d1d7af0,2,veto_change,R4,,,,,,,,,,,,,,,,DEGRADED_VWAP,,,,,,,,,,,,,,,,,,,,,,,,,,,,,,,,,,,vetoes: vt_broken=False levels_invalid=False flow_veto=True,countable
2026-08-14 12:34,backtest,full,2026-08-14,3a996da36dc042ed6d71d2ee5c438b319720590fad6be20f87bea4c38d1d7af0,2,veto_change,R4,,,,,,,,,,,,,,,,DEGRADED_VWAP,,,,,,,,,,,,,,,,,,,,,,,,,,,,,,,,,,,vetoes: vt_broken=False levels_invalid=False flow_veto=False,countable
2026-08-14 12:41,backtest,full,2026-08-14,3a996da36dc042ed6d71d2ee5c438b319720590fad6be20f87bea4c38d1d7af0,2,veto_change,R4,,,,,,,,,,,,,,,,DEGRADED_VWAP,,,,,,,,,,,,,,,,,,,,,,,,,,,,,,,,,,,vetoes: vt_broken=False levels_invalid=False flow_veto=True,countable
2026-08-14 13:00,backtest,full,2026-08-14,3a996da36dc042ed6d71d2ee5c438b319720590fad6be20f87bea4c38d1d7af0,2,state_line,R3.4,,,,,,,,,,,,,,,CHOP,DEGRADED_VWAP,,,,,,,,,,,,,,,,,,,,,,,,,,,,,,,,,,,13:00 context read: CHOP,countable
2026-08-14 13:01,backtest,full,2026-08-14,3a996da36dc042ed6d71d2ee5c438b319720590fad6be20f87bea4c38d1d7af0,2,veto_change,R4,,,,,,,,,,,,,,,,DEGRADED_VWAP,,,,,,,,,,,,,,,,,,,,,,,,,,,,,,,,,,,vetoes: vt_broken=False levels_invalid=False flow_veto=False,countable
2026-08-14 13:02,backtest,full,2026-08-14,3a996da36dc042ed6d71d2ee5c438b319720590fad6be20f87bea4c38d1d7af0,2,veto_change,R4,,,,,,,,,,,,,,,,DEGRADED_VWAP,,,,,,,,,,,,,,,,,,,,,,,,,,,,,,,,,,,vetoes: vt_broken=False levels_invalid=False flow_veto=True,countable
2026-08-14 13:03,backtest,full,2026-08-14,3a996da36dc042ed6d71d2ee5c438b319720590fad6be20f87bea4c38d1d7af0,2,veto_change,R4,,,,,,,,,,,,,,,,DEGRADED_VWAP,,,,,,,,,,,,,,,,,,,,,,,,,,,,,,,,,,,vetoes: vt_broken=False levels_invalid=False flow_veto=False,countable
2026-08-14 13:12,backtest,full,2026-08-14,3a996da36dc042ed6d71d2ee5c438b319720590fad6be20f87bea4c38d1d7af0,2,signal,R6.2,B,sell_first,,,,,1.2724129449999992,7.634477669999996,0.600844451,0.6715684940000002,0.7274755987333963,0.5555225279999991,3.230000000000473,3.519999999999527,,DEGRADED_VWAP,,,,,,,,,792.0,,,,,,,5.0,,,,,,,,,,,,,,,,,,,SIGNAL B SELL-FIRST | SELL nearest -0.20Δ put (no chain feed) | run=1.27$B/10m rate=7.6 weak=0.60 share=0.73 r15=0.56 pull30=3.23,countable
2026-08-14 13:12,backtest,full,2026-08-14,3a996da36dc042ed6d71d2ee5c438b319720590fad6be20f87bea4c38d1d7af0,2,pending_entry,R6.2,B,sell_first,,2026-09-11,7570/7575,,,,,,,,,,,DEGRADED_VWAP,,,,,,,,,792.0,,,,,-5.042704843,,5.0,7570.0,7575.0,,,,,,,,,,,,,,,,,,countable
2026-08-14 13:13,backtest,full,2026-08-14,3a996da36dc042ed6d71d2ee5c438b319720590fad6be20f87bea4c38d1d7af0,2,entry,R1.4,B,sell_first,7781.79,2026-09-11,7570/7575,,,,,,,,,,,DEGRADED_VWAP,,,,chain,,,3.0,793.0,792.0,38.25,38.0,,,-5.042704843,3.5,5.0,7570.0,7575.0,38.1,38.0,resting,,794.0,,,0.0,0.0,38.1,38.4,793.0,False,0.0,0.0,,ENTRY B | sold 7570P @ 38.10 | resting BUY 7575P @ 38.00,countable
2026-08-14 13:16,backtest,full,2026-08-14,3a996da36dc042ed6d71d2ee5c438b319720590fad6be20f87bea4c38d1d7af0,2,skip,R6.4,B,,,,,,1.149236263999998,4.925298274285706,0.485652301,0.6635839630000002,0.7137850350674284,0.7634282319999981,3.199999999999818,1.4200000000000728,,DEGRADED_VWAP,,,,,,,,,796.0,,,,,,,6.0,,,,,,,,,,,,,,,,,,,skip: one unpaired leg at a time,countable
2026-08-14 13:18,backtest,full,2026-08-14,3a996da36dc042ed6d71d2ee5c438b319720590fad6be20f87bea4c38d1d7af0,2,heartbeat,R8.1,B,sell_first,,,,,,,,,,,,,,DEGRADED_VWAP,,,,,,,3.0,,,,,,,,,,,,,38.0,,,,,,,0.0,38.4,38.7,797.0,,60.0,1.1199999999998909,,"open 5m, clock 55m left, liq-loss $60, spx-adverse 1.12",countable
2026-08-14 13:23,backtest,full,2026-08-14,3a996da36dc042ed6d71d2ee5c438b319720590fad6be20f87bea4c38d1d7af0,2,heartbeat,R8.1,B,sell_first,,,,,,,,,,,,,,DEGRADED_VWAP,,,,,,,3.0,,,,,,,,,,,,,38.0,,,,,,,0.0,37.9,38.2,802.0,,60.0,0.4899999999997817,,"open 10m, clock 50m left, liq-loss $60, spx-adverse 0.49",countable
2026-08-14 13:25,backtest,full,2026-08-14,3a996da36dc042ed6d71d2ee5c438b319720590fad6be20f87bea4c38d1d7af0,2,gate_fail,R6.2,B,,,,,,1.1085165409999975,2.891782280869559,0.3072349869999997,0.801281554,0.657778345230845,-0.0852551510000019,,,,DEGRADED_VWAP,,,,,,,,,805.0,,,,,,,7.0,,,,,,,,,,,,,,,,,,,gates failed: r15<=0,countable
2026-08-14 13:28,backtest,full,2026-08-14,3a996da36dc042ed6d71d2ee5c438b319720590fad6be20f87bea4c38d1d7af0,2,heartbeat,R8.1,B,sell_first,,,,,,,,,,,,,,DEGRADED_VWAP,,,,,,,3.0,,,,,,,,,,,,,38.0,,,,,,,0.0,38.0,38.3,807.0,,60.0,2.4899999999997817,,"open 15m, clock 45m left, liq-loss $60, spx-adverse 2.49",countable
2026-08-14 13:33,backtest,full,2026-08-14,3a996da36dc042ed6d71d2ee5c438b319720590fad6be20f87bea4c38d1d7af0,2,heartbeat,R8.1,B,sell_first,,,,,,,,,,,,,,DEGRADED_VWAP,,,,,,,3.0,,,,,,,,,,,,,38.0,,,,,,,0.0,37.8,38.1,812.0,,60.0,2.0399999999999636,,"open 20m, clock 40m left, liq-loss $60, spx-adverse 2.04",countable
2026-08-14 13:37,backtest,full,2026-08-14,3a996da36dc042ed6d71d2ee5c438b319720590fad6be20f87bea4c38d1d7af0,2,veto_change,R4,,,,,,,,,,,,,,,,DEGRADED_VWAP,,,,,,,,,,,,,,,,,,,,,,,,,,,,,,,,,,,vetoes: vt_broken=False levels_invalid=False flow_veto=True,countable
2026-08-14 13:37,backtest,full,2026-08-14,3a996da36dc042ed6d71d2ee5c438b319720590fad6be20f87bea4c38d1d7af0,2,limit_canceled,R7.0,,,,,,,,,,,,,,,,DEGRADED_VWAP,,,,,,,3.0,,,,,,,,,,,,,38.0,,veto_exit,,,,,,,,,,,,,resting limit CANCELED (veto_exit),countable
2026-08-14 13:37,backtest,full,2026-08-14,3a996da36dc042ed6d71d2ee5c438b319720590fad6be20f87bea4c38d1d7af0,2,exit_decision,R7.4,B,sell_first,,,,,,,,,,,,,,DEGRADED_VWAP,veto_exit,,,,,,3.0,,,,,,,,,,,,,,,,,,,,,,,,,,,,,countable
2026-08-14 13:38,backtest,full,2026-08-14,3a996da36dc042ed6d71d2ee5c438b319720590fad6be20f87bea4c38d1d7af0,2,exit,R7,B,sell_first,7781.79,2026-09-11,7570/7575,,,,,,,,,,,DEGRADED_VWAP,veto_exit,,38.7,chain,,5.479999999999563,3.0,793.0,792.0,38.25,38.0,,,-5.042704843,3.5,5.0,7570.0,7575.0,38.1,38.0,canceled,veto_exit,794.0,,,,0.0,38.0,38.3,817.0,False,60.0,5.479999999999563,-60.0,EXIT veto_exit | pnl $-60,countable
2026-08-14 13:40,backtest,full,2026-08-14,3a996da36dc042ed6d71d2ee5c438b319720590fad6be20f87bea4c38d1d7af0,2,veto_change,R4,,,,,,,,,,,,,,,,DEGRADED_VWAP,,,,,,,,,,,,,,,,,,,,,,,,,,,,,,,,,,,vetoes: vt_broken=False levels_invalid=False flow_veto=False,countable
2026-08-14 13:43,backtest,full,2026-08-14,3a996da36dc042ed6d71d2ee5c438b319720590fad6be20f87bea4c38d1d7af0,2,veto_change,R4,,,,,,,,,,,,,,,,DEGRADED_VWAP,,,,,,,,,,,,,,,,,,,,,,,,,,,,,,,,,,,vetoes: vt_broken=False levels_invalid=False flow_veto=True,countable
2026-08-14 13:45,backtest,full,2026-08-14,3a996da36dc042ed6d71d2ee5c438b319720590fad6be20f87bea4c38d1d7af0,2,veto_change,R4,,,,,,,,,,,,,,,,DEGRADED_VWAP,,,,,,,,,,,,,,,,,,,,,,,,,,,,,,,,,,,vetoes: vt_broken=False levels_invalid=False flow_veto=False,countable
2026-08-14 13:48,backtest,full,2026-08-14,3a996da36dc042ed6d71d2ee5c438b319720590fad6be20f87bea4c38d1d7af0,2,veto_change,R4,,,,,,,,,,,,,,,,DEGRADED_VWAP,,,,,,,,,,,,,,,,,,,,,,,,,,,,,,,,,,,vetoes: vt_broken=False levels_invalid=False flow_veto=True,countable
2026-08-14 13:48,backtest,full,2026-08-14,3a996da36dc042ed6d71d2ee5c438b319720590fad6be20f87bea4c38d1d7af0,2,gate_fail,R6.2,B,,,,,,0.3694099790000003,2.2164598740000017,0.2408590390000009,0.12855094,0.8922222374507115,-0.8863704429999997,,,,DEGRADED_VWAP,,,,,,,,,828.0,,,,,,,8.0,,,,,,,,,,,,,,,,,,,"gates failed: r15<=0,weak_side<0.15",countable
2026-08-14 13:51,backtest,full,2026-08-14,3a996da36dc042ed6d71d2ee5c438b319720590fad6be20f87bea4c38d1d7af0,2,veto_change,R4,,,,,,,,,,,,,,,,DEGRADED_VWAP,,,,,,,,,,,,,,,,,,,,,,,,,,,,,,,,,,,vetoes: vt_broken=False levels_invalid=False flow_veto=False,countable
2026-08-14 14:28,backtest,full,2026-08-14,3a996da36dc042ed6d71d2ee5c438b319720590fad6be20f87bea4c38d1d7af0,2,veto_change,R4,,,,,,,,,,,,,,,,DEGRADED_VWAP,,,,,,,,,,,,,,,,,,,,,,,,,,,,,,,,,,,vetoes: vt_broken=False levels_invalid=False flow_veto=True,countable
2026-08-14 14:40,backtest,full,2026-08-14,3a996da36dc042ed6d71d2ee5c438b319720590fad6be20f87bea4c38d1d7af0,2,veto_change,R4,,,,,,,,,,,,,,,,DEGRADED_VWAP,,,,,,,,,,,,,,,,,,,,,,,,,,,,,,,,,,,vetoes: vt_broken=False levels_invalid=False flow_veto=False,countable
2026-08-14 15:00,backtest,full,2026-08-14,3a996da36dc042ed6d71d2ee5c438b319720590fad6be20f87bea4c38d1d7af0,2,veto_change,R4,,,,,,,,,,,,,,,,DEGRADED_VWAP,,,,,,,,,,,,,,,,,,,,,,,,,,,,,,,,,,,vetoes: vt_broken=False levels_invalid=False flow_veto=True,countable
2026-08-14 15:01,backtest,full,2026-08-14,3a996da36dc042ed6d71d2ee5c438b319720590fad6be20f87bea4c38d1d7af0,2,veto_change,R4,,,,,,,,,,,,,,,,DEGRADED_VWAP,,,,,,,,,,,,,,,,,,,,,,,,,,,,,,,,,,,vetoes: vt_broken=False levels_invalid=False flow_veto=False,countable
2026-08-14 15:04,backtest,full,2026-08-14,3a996da36dc042ed6d71d2ee5c438b319720590fad6be20f87bea4c38d1d7af0,2,veto_change,R4,,,,,,,,,,,,,,,,DEGRADED_VWAP,,,,,,,,,,,,,,,,,,,,,,,,,,,,,,,,,,,vetoes: vt_broken=False levels_invalid=False flow_veto=True,countable
2026-08-14 15:13,backtest,full,2026-08-14,3a996da36dc042ed6d71d2ee5c438b319720590fad6be20f87bea4c38d1d7af0,2,veto_change,R4,,,,,,,,,,,,,,,,DEGRADED_VWAP,,,,,,,,,,,,,,,,,,,,,,,,,,,,,,,,,,,vetoes: vt_broken=False levels_invalid=False flow_veto=False,countable
2026-08-14 15:14,backtest,full,2026-08-14,3a996da36dc042ed6d71d2ee5c438b319720590fad6be20f87bea4c38d1d7af0,2,veto_change,R4,,,,,,,,,,,,,,,,DEGRADED_VWAP,,,,,,,,,,,,,,,,,,,,,,,,,,,,,,,,,,,vetoes: vt_broken=False levels_invalid=False flow_veto=True,countable
2026-08-14 15:15,backtest,full,2026-08-14,3a996da36dc042ed6d71d2ee5c438b319720590fad6be20f87bea4c38d1d7af0,2,veto_change,R4,,,,,,,,,,,,,,,,DEGRADED_VWAP,,,,,,,,,,,,,,,,,,,,,,,,,,,,,,,,,,,vetoes: vt_broken=False levels_invalid=False flow_veto=False,countable
2026-08-14 15:16,backtest,full,2026-08-14,3a996da36dc042ed6d71d2ee5c438b319720590fad6be20f87bea4c38d1d7af0,2,veto_change,R4,,,,,,,,,,,,,,,,DEGRADED_VWAP,,,,,,,,,,,,,,,,,,,,,,,,,,,,,,,,,,,vetoes: vt_broken=False levels_invalid=False flow_veto=True,countable
2026-08-14 15:19,backtest,full,2026-08-14,3a996da36dc042ed6d71d2ee5c438b319720590fad6be20f87bea4c38d1d7af0,2,veto_change,R4,,,,,,,,,,,,,,,,DEGRADED_VWAP,,,,,,,,,,,,,,,,,,,,,,,,,,,,,,,,,,,vetoes: vt_broken=False levels_invalid=False flow_veto=False,countable
2026-08-14 15:22,backtest,full,2026-08-14,3a996da36dc042ed6d71d2ee5c438b319720590fad6be20f87bea4c38d1d7af0,2,veto_change,R4,,,,,,,,,,,,,,,,DEGRADED_VWAP,,,,,,,,,,,,,,,,,,,,,,,,,,,,,,,,,,,vetoes: vt_broken=False levels_invalid=False flow_veto=True,countable
2026-08-14 15:25,backtest,full,2026-08-14,3a996da36dc042ed6d71d2ee5c438b319720590fad6be20f87bea4c38d1d7af0,2,veto_change,R4,,,,,,,,,,,,,,,,DEGRADED_VWAP,,,,,,,,,,,,,,,,,,,,,,,,,,,,,,,,,,,vetoes: vt_broken=False levels_invalid=False flow_veto=False,countable
2026-08-14 15:46,backtest,full,2026-08-14,3a996da36dc042ed6d71d2ee5c438b319720590fad6be20f87bea4c38d1d7af0,2,veto_change,R4,,,,,,,,,,,,,,,,DEGRADED_VWAP,,,,,,,,,,,,,,,,,,,,,,,,,,,,,,,,,,,vetoes: vt_broken=False levels_invalid=False flow_veto=True,countable
2026-08-14 15:50,backtest,full,2026-08-14,3a996da36dc042ed6d71d2ee5c438b319720590fad6be20f87bea4c38d1d7af0,2,veto_change,R4,,,,,,,,,,,,,,,,DEGRADED_VWAP,,,,,,,,,,,,,,,,,,,,,,,,,,,,,,,,,,,vetoes: vt_broken=False levels_invalid=False flow_veto=False,countable
2026-08-14 16:00,backtest,full,2026-08-14,3a996da36dc042ed6d71d2ee5c438b319720590fad6be20f87bea4c38d1d7af0,2,disposition,R10.3,,,,,,,,,,,,,,,,DEGRADED_VWAP,,,,,,,,,,,,,,,,,,,,,,,,,,,,,,,,,,,session countable | outage 0m,countable
2026-08-17 --:--,backtest,full,2026-08-17,3a996da36dc042ed6d71d2ee5c438b319720590fad6be20f87bea4c38d1d7af0,2,banner,R8.2,,,,,,,,,,,,,,,,OK,,,,,,,,,,,,,,,,,,,,,,,,,,,,,,,,,,,session start | CONFIG_HASH=3a996da36dc0… | mode=backtest tier=full,countable
2026-08-17 --:--,backtest,full,2026-08-17,3a996da36dc042ed6d71d2ee5c438b319720590fad6be20f87bea4c38d1d7af0,2,banner,R2.3,,,,,,,,,,,,,,,,OK,,,,,,,,,,,,,,,,,,,,,,,,,,,,,,,,,,,levels valid | VT=7765.0 CW=7900.0 IM=—,countable
2026-08-17 09:30,backtest,full,2026-08-17,3a996da36dc042ed6d71d2ee5c438b319720590fad6be20f87bea4c38d1d7af0,2,outage,R10,,,,,,,,,,,,,,,,DEGRADED_VWAP,,,,,,,,,,,,,,,,,,,,,,,,,,,,,,,,,,,SPY missing — context reads degrade to CHOP (degraded_vwap),countable
2026-08-17 10:00,backtest,full,2026-08-17,3a996da36dc042ed6d71d2ee5c438b319720590fad6be20f87bea4c38d1d7af0,2,veto_change,R4,,,,,,,,,,,,,,,,DEGRADED_VWAP,,,,,,,,,,,,,,,,,,,,,,,,,,,,,,,,,,,vetoes: vt_broken=False levels_invalid=False flow_veto=True,countable
2026-08-17 10:01,backtest,full,2026-08-17,3a996da36dc042ed6d71d2ee5c438b319720590fad6be20f87bea4c38d1d7af0,2,veto_change,R4,,,,,,,,,,,,,,,,DEGRADED_VWAP,,,,,,,,,,,,,,,,,,,,,,,,,,,,,,,,,,,vetoes: vt_broken=False levels_invalid=False flow_veto=False,countable
2026-08-17 10:03,backtest,full,2026-08-17,3a996da36dc042ed6d71d2ee5c438b319720590fad6be20f87bea4c38d1d7af0,2,veto_change,R4,,,,,,,,,,,,,,,,DEGRADED_VWAP,,,,,,,,,,,,,,,,,,,,,,,,,,,,,,,,,,,vetoes: vt_broken=False levels_invalid=False flow_veto=True,countable
2026-08-17 10:05,backtest,full,2026-08-17,3a996da36dc042ed6d71d2ee5c438b319720590fad6be20f87bea4c38d1d7af0,2,veto_change,R4,,,,,,,,,,,,,,,,DEGRADED_VWAP,,,,,,,,,,,,,,,,,,,,,,,,,,,,,,,,,,,vetoes: vt_broken=False levels_invalid=False flow_veto=False,countable
2026-08-17 10:06,backtest,full,2026-08-17,3a996da36dc042ed6d71d2ee5c438b319720590fad6be20f87bea4c38d1d7af0,2,veto_change,R4,,,,,,,,,,,,,,,,DEGRADED_VWAP,,,,,,,,,,,,,,,,,,,,,,,,,,,,,,,,,,,vetoes: vt_broken=False levels_invalid=False flow_veto=True,countable
2026-08-17 10:07,backtest,full,2026-08-17,3a996da36dc042ed6d71d2ee5c438b319720590fad6be20f87bea4c38d1d7af0,2,veto_change,R4,,,,,,,,,,,,,,,,DEGRADED_VWAP,,,,,,,,,,,,,,,,,,,,,,,,,,,,,,,,,,,vetoes: vt_broken=False levels_invalid=False flow_veto=False,countable
2026-08-17 10:08,backtest,full,2026-08-17,3a996da36dc042ed6d71d2ee5c438b319720590fad6be20f87bea4c38d1d7af0,2,veto_change,R4,,,,,,,,,,,,,,,,DEGRADED_VWAP,,,,,,,,,,,,,,,,,,,,,,,,,,,,,,,,,,,vetoes: vt_broken=False levels_invalid=False flow_veto=True,countable
2026-08-17 10:10,backtest,full,2026-08-17,3a996da36dc042ed6d71d2ee5c438b319720590fad6be20f87bea4c38d1d7af0,2,veto_change,R4,,,,,,,,,,,,,,,,DEGRADED_VWAP,,,,,,,,,,,,,,,,,,,,,,,,,,,,,,,,,,,vetoes: vt_broken=False levels_invalid=False flow_veto=False,countable
2026-08-17 10:30,backtest,full,2026-08-17,3a996da36dc042ed6d71d2ee5c438b319720590fad6be20f87bea4c38d1d7af0,2,state_line,R3.4,,,,,,,,,,,,,,,CHOP,DEGRADED_VWAP,,,,,,,,,,,,,,,,,,,,,,,,,,,,,,,,,,,10:30 context read: CHOP,countable
2026-08-17 10:50,backtest,full,2026-08-17,3a996da36dc042ed6d71d2ee5c438b319720590fad6be20f87bea4c38d1d7af0,2,gate_fail,R6.2,B,,,,,,0.5871964479999998,2.935982239999999,0.3689935179999999,0.2182029299999999,1.1972195461918056,-0.2009896020000003,,,,DEGRADED_VWAP,,,,,,,,,650.0,,,,,,,1.0,,,,,,,,,,,,,,,,,,,gates failed: r15<=0,countable
2026-08-17 11:33,backtest,full,2026-08-17,3a996da36dc042ed6d71d2ee5c438b319720590fad6be20f87bea4c38d1d7af0,2,veto_change,R4,,,,,,,,,,,,,,,,DEGRADED_VWAP,,,,,,,,,,,,,,,,,,,,,,,,,,,,,,,,,,,vetoes: vt_broken=False levels_invalid=False flow_veto=True,countable
2026-08-17 11:48,backtest,full,2026-08-17,3a996da36dc042ed6d71d2ee5c438b319720590fad6be20f87bea4c38d1d7af0,2,veto_change,R4,,,,,,,,,,,,,,,,DEGRADED_VWAP,,,,,,,,,,,,,,,,,,,,,,,,,,,,,,,,,,,vetoes: vt_broken=False levels_invalid=False flow_veto=False,countable
2026-08-17 11:51,backtest,full,2026-08-17,3a996da36dc042ed6d71d2ee5c438b319720590fad6be20f87bea4c38d1d7af0,2,signal,R6.2,B,sell_first,,,,,1.644702872,9.868217232,0.5829456120000001,1.06175726,0.9028047590105988,0.6649314919999998,4.289999999999964,4.029999999999745,,DEGRADED_VWAP,,,,,,,,,711.0,,,,,,,2.0,,,,,,,,,,,,,,,,,,,SIGNAL B SELL-FIRST | SELL nearest -0.20Δ put (no chain feed) | run=1.64$B/10m rate=9.9 weak=0.58 share=0.90 r15=0.66 pull30=4.29,countable
2026-08-17 11:51,backtest,full,2026-08-17,3a996da36dc042ed6d71d2ee5c438b319720590fad6be20f87bea4c38d1d7af0,2,pending_entry,R6.2,B,sell_first,,2026-09-18,7505/7510,,,,,,,,,,,DEGRADED_VWAP,,,,,,,,,711.0,,,,,-0.5298376060000003,,2.0,7505.0,7510.0,,,,,,,,,,,,,,,,,,countable
2026-08-17 11:52,backtest,full,2026-08-17,3a996da36dc042ed6d71d2ee5c438b319720590fad6be20f87bea4c38d1d7af0,2,entry,R1.4,B,sell_first,7774.02,2026-09-18,7505/7510,,,,,,,,,,,DEGRADED_VWAP,,,,chain,,,1.0,712.0,711.0,40.8,40.6,,,-0.5298376060000003,3.5,2.0,7505.0,7510.0,40.7,40.6,resting,,713.0,,,0.0,0.0,40.7,40.9,712.0,False,0.0,0.0,,ENTRY B | sold 7505P @ 40.70 | resting BUY 7510P @ 40.60,countable
2026-08-17 11:57,backtest,full,2026-08-17,3a996da36dc042ed6d71d2ee5c438b319720590fad6be20f87bea4c38d1d7af0,2,heartbeat,R8.1,B,sell_first,,,,,,,,,,,,,,DEGRADED_VWAP,,,,,,,1.0,,,,,,,,,,,,,40.6,,,,,,,0.0,40.5,40.8,716.0,,20.0,0.0,,"open 5m, clock 55m left, liq-loss $20, spx-adverse 0.00",countable
2026-08-17 12:02,backtest,full,2026-08-17,3a996da36dc042ed6d71d2ee5c438b319720590fad6be20f87bea4c38d1d7af0,2,heartbeat,R8.1,B,sell_first,,,,,,,,,,,,,,DEGRADED_VWAP,,,,,,,1.0,,,,,,,,,,,,,40.6,,,,,,,0.0,40.9,41.1,721.0,,40.0,1.7100000000000364,,"open 10m, clock 50m left, liq-loss $40, spx-adverse 1.71",countable
2026-08-17 12:07,backtest,full,2026-08-17,3a996da36dc042ed6d71d2ee5c438b319720590fad6be20f87bea4c38d1d7af0,2,heartbeat,R8.1,B,sell_first,,,,,,,,,,,,,,DEGRADED_VWAP,,,,,,,1.0,,,,,,,,,,,,,40.6,,,,,,,0.0,41.0,41.2,726.0,,50.0,2.740000000000691,,"open 15m, clock 45m left, liq-loss $50, spx-adverse 2.74",countable
2026-08-17 12:08,backtest,full,2026-08-17,3a996da36dc042ed6d71d2ee5c438b319720590fad6be20f87bea4c38d1d7af0,2,veto_change,R4,,,,,,,,,,,,,,,,DEGRADED_VWAP,,,,,,,,,,,,,,,,,,,,,,,,,,,,,,,,,,,vetoes: vt_broken=False levels_invalid=False flow_veto=True,countable
2026-08-17 12:08,backtest,full,2026-08-17,3a996da36dc042ed6d71d2ee5c438b319720590fad6be20f87bea4c38d1d7af0,2,limit_canceled,R7.0,,,,,,,,,,,,,,,,DEGRADED_VWAP,,,,,,,1.0,,,,,,,,,,,,,40.6,,veto_exit,,,,,,,,,,,,,resting limit CANCELED (veto_exit),countable
2026-08-17 12:08,backtest,full,2026-08-17,3a996da36dc042ed6d71d2ee5c438b319720590fad6be20f87bea4c38d1d7af0,2,exit_decision,R7.4,B,sell_first,,,,,,,,,,,,,,DEGRADED_VWAP,veto_exit,,,,,,1.0,,,,,,,,,,,,,,,,,,,,,,,,,,,,,countable
2026-08-17 12:09,backtest,full,2026-08-17,3a996da36dc042ed6d71d2ee5c438b319720590fad6be20f87bea4c38d1d7af0,2,exit,R7,B,sell_first,7774.02,2026-09-18,7505/7510,,,,,,,,,,,DEGRADED_VWAP,veto_exit,,41.2,chain,,2.740000000000691,1.0,712.0,711.0,40.8,40.6,,,-0.5298376060000003,3.5,2.0,7505.0,7510.0,40.7,40.6,canceled,veto_exit,713.0,,,,0.0,41.1,41.2,728.0,False,80.0,2.740000000000691,-50.0,EXIT veto_exit | pnl $-50,countable
2026-08-17 12:09,backtest,full,2026-08-17,3a996da36dc042ed6d71d2ee5c438b319720590fad6be20f87bea4c38d1d7af0,2,veto_change,R4,,,,,,,,,,,,,,,,DEGRADED_VWAP,,,,,,,,,,,,,,,,,,,,,,,,,,,,,,,,,,,vetoes: vt_broken=False levels_invalid=False flow_veto=False,countable
2026-08-17 12:11,backtest,full,2026-08-17,3a996da36dc042ed6d71d2ee5c438b319720590fad6be20f87bea4c38d1d7af0,2,veto_change,R4,,,,,,,,,,,,,,,,DEGRADED_VWAP,,,,,,,,,,,,,,,,,,,,,,,,,,,,,,,,,,,vetoes: vt_broken=False levels_invalid=False flow_veto=True,countable
2026-08-17 12:12,backtest,full,2026-08-17,3a996da36dc042ed6d71d2ee5c438b319720590fad6be20f87bea4c38d1d7af0,2,veto_change,R4,,,,,,,,,,,,,,,,DEGRADED_VWAP,,,,,,,,,,,,,,,,,,,,,,,,,,,,,,,,,,,vetoes: vt_broken=False levels_invalid=False flow_veto=False,countable
2026-08-17 12:32,backtest,full,2026-08-17,3a996da36dc042ed6d71d2ee5c438b319720590fad6be20f87bea4c38d1d7af0,2,veto_change,R4,,,,,,,,,,,,,,,,DEGRADED_VWAP,,,,,,,,,,,,,,,,,,,,,,,,,,,,,,,,,,,vetoes: vt_broken=False levels_invalid=False flow_veto=True,countable
2026-08-17 12:39,backtest,full,2026-08-17,3a996da36dc042ed6d71d2ee5c438b319720590fad6be20f87bea4c38d1d7af0,2,veto_change,R4,,,,,,,,,,,,,,,,DEGRADED_VWAP,,,,,,,,,,,,,,,,,,,,,,,,,,,,,,,,,,,vetoes: vt_broken=False levels_invalid=False flow_veto=False,countable
2026-08-17 12:41,backtest,full,2026-08-17,3a996da36dc042ed6d71d2ee5c438b319720590fad6be20f87bea4c38d1d7af0,2,veto_change,R4,,,,,,,,,,,,,,,,DEGRADED_VWAP,,,,,,,,,,,,,,,,,,,,,,,,,,,,,,,,,,,vetoes: vt_broken=False levels_invalid=False flow_veto=True,countable
2026-08-17 12:47,backtest,full,2026-08-17,3a996da36dc042ed6d71d2ee5c438b319720590fad6be20f87bea4c38d1d7af0,2,veto_change,R4,,,,,,,,,,,,,,,,DEGRADED_VWAP,,,,,,,,,,,,,,,,,,,,,,,,,,,,,,,,,,,vetoes: vt_broken=False levels_invalid=False flow_veto=False,countable
2026-08-17 12:48,backtest,full,2026-08-17,3a996da36dc042ed6d71d2ee5c438b319720590fad6be20f87bea4c38d1d7af0,2,veto_change,R4,,,,,,,,,,,,,,,,DEGRADED_VWAP,,,,,,,,,,,,,,,,,,,,,,,,,,,,,,,,,,,vetoes: vt_broken=False levels_invalid=False flow_veto=True,countable
2026-08-17 12:49,backtest,full,2026-08-17,3a996da36dc042ed6d71d2ee5c438b319720590fad6be20f87bea4c38d1d7af0,2,veto_change,R4,,,,,,,,,,,,,,,,DEGRADED_VWAP,,,,,,,,,,,,,,,,,,,,,,,,,,,,,,,,,,,vetoes: vt_broken=False levels_invalid=False flow_veto=False,countable
2026-08-17 12:50,backtest,full,2026-08-17,3a996da36dc042ed6d71d2ee5c438b319720590fad6be20f87bea4c38d1d7af0,2,veto_change,R4,,,,,,,,,,,,,,,,DEGRADED_VWAP,,,,,,,,,,,,,,,,,,,,,,,,,,,,,,,,,,,vetoes: vt_broken=False levels_invalid=False flow_veto=True,countable
2026-08-17 12:59,backtest,full,2026-08-17,3a996da36dc042ed6d71d2ee5c438b319720590fad6be20f87bea4c38d1d7af0,2,veto_change,R4,,,,,,,,,,,,,,,,DEGRADED_VWAP,,,,,,,,,,,,,,,,,,,,,,,,,,,,,,,,,,,vetoes: vt_broken=False levels_invalid=False flow_veto=False,countable
2026-08-17 13:00,backtest,full,2026-08-17,3a996da36dc042ed6d71d2ee5c438b319720590fad6be20f87bea4c38d1d7af0,2,state_line,R3.4,,,,,,,,,,,,,,,CHOP,DEGRADED_VWAP,,,,,,,,,,,,,,,,,,,,,,,,,,,,,,,,,,,13:00 context read: CHOP,countable
2026-08-17 13:12,backtest,full,2026-08-17,3a996da36dc042ed6d71d2ee5c438b319720590fad6be20f87bea4c38d1d7af0,2,veto_change,R4,,,,,,,,,,,,,,,,DEGRADED_VWAP,,,,,,,,,,,,,,,,,,,,,,,,,,,,,,,,,,,vetoes: vt_broken=True levels_invalid=False flow_veto=False,countable
2026-08-17 13:13,backtest,full,2026-08-17,3a996da36dc042ed6d71d2ee5c438b319720590fad6be20f87bea4c38d1d7af0,2,veto_change,R4,,,,,,,,,,,,,,,,DEGRADED_VWAP,,,,,,,,,,,,,,,,,,,,,,,,,,,,,,,,,,,vetoes: vt_broken=True levels_invalid=False flow_veto=True,countable
2026-08-17 13:32,backtest,full,2026-08-17,3a996da36dc042ed6d71d2ee5c438b319720590fad6be20f87bea4c38d1d7af0,2,veto_change,R4,,,,,,,,,,,,,,,,DEGRADED_VWAP,,,,,,,,,,,,,,,,,,,,,,,,,,,,,,,,,,,vetoes: vt_broken=True levels_invalid=False flow_veto=False,countable
2026-08-17 13:42,backtest,full,2026-08-17,3a996da36dc042ed6d71d2ee5c438b319720590fad6be20f87bea4c38d1d7af0,2,signal,R6.1,A,long_first,,,,,1.799734655,35.9946931,0.8230522560000004,0.976682399,0.7093231174125497,2.241363391000002,8.890000000000327,3.979999999999563,,DEGRADED_VWAP,,,,,,,,,822.0,,,,7756.49,,,1.0,,,,,,,,,,,,,,,,,,,SIGNAL A LONG-FIRST | BUY nearest -0.20Δ put (no chain feed) | range60=19.45>=p75 15.81 r30=-0.75 bounce30=3.98 close<mid30=7758.94,countable
2026-08-17 13:42,backtest,full,2026-08-17,3a996da36dc042ed6d71d2ee5c438b319720590fad6be20f87bea4c38d1d7af0,2,pending_entry,R6.1,A,long_first,,2026-09-18,7480/7475,,,,,,,,,,,DEGRADED_VWAP,,,,,,,,,822.0,,,,,,,1.0,7480.0,7475.0,,,,,,,,,,,,,,,,,,countable
2026-08-17 13:43,backtest,full,2026-08-17,3a996da36dc042ed6d71d2ee5c438b319720590fad6be20f87bea4c38d1d7af0,2,entry,R1.4,A,long_first,7756.44,2026-09-18,7480/7475,,,,,,,,,,,DEGRADED_VWAP,,,,chain,,,2.0,823.0,822.0,41.6,41.9,,,,3.5,1.0,7480.0,7475.0,41.8,41.9,resting,,824.0,,,0.0,0.0,41.4,41.8,823.0,False,0.0,0.0,,ENTRY A | bought 7480P @ 41.80 | resting SELL 7475P @ 41.90,countable
2026-08-17 13:48,backtest,full,2026-08-17,3a996da36dc042ed6d71d2ee5c438b319720590fad6be20f87bea4c38d1d7af0,2,heartbeat,R8.1,A,long_first,,,,,,,,,,,,,,DEGRADED_VWAP,,,,,,,2.0,,,,,,,,,,,,,41.9,,,,,,,0.0,41.0,41.3,827.0,,100.0,0.5099999999993088,,"open 5m, clock 55m left, liq-loss $100, spx-adverse 0.51",countable
2026-08-17 13:53,backtest,full,2026-08-17,3a996da36dc042ed6d71d2ee5c438b319720590fad6be20f87bea4c38d1d7af0,2,heartbeat,R8.1,A,long_first,,,,,,,,,,,,,,DEGRADED_VWAP,,,,,,,2.0,,,,,,,,,,,,,41.9,,,,,,,0.0,41.0,41.3,832.0,,100.0,0.0,,"open 10m, clock 50m left, liq-loss $100, spx-adverse 0.00",countable
2026-08-17 13:58,backtest,full,2026-08-17,3a996da36dc042ed6d71d2ee5c438b319720590fad6be20f87bea4c38d1d7af0,2,heartbeat,R8.1,A,long_first,,,,,,,,,,,,,,DEGRADED_VWAP,,,,,,,2.0,,,,,,,,,,,,,41.9,,,,,,,0.0,41.1,41.4,837.0,,100.0,0.0,,"open 15m, clock 45m left, liq-loss $100, spx-adverse 0.00",countable
2026-08-17 14:03,backtest,full,2026-08-17,3a996da36dc042ed6d71d2ee5c438b319720590fad6be20f87bea4c38d1d7af0,2,heartbeat,R8.1,A,long_first,,,,,,,,,,,,,,DEGRADED_VWAP,,,,,,,2.0,,,,,,,,,,,,,41.9,,,,,,,0.0,41.1,41.4,842.0,,100.0,0.0,,"open 20m, clock 40m left, liq-loss $100, spx-adverse 0.00",countable
2026-08-17 14:08,backtest,full,2026-08-17,3a996da36dc042ed6d71d2ee5c438b319720590fad6be20f87bea4c38d1d7af0,2,heartbeat,R8.1,A,long_first,,,,,,,,,,,,,,DEGRADED_VWAP,,,,,,,2.0,,,,,,,,,,,,,41.9,,,,,,,0.0,40.7,41.0,847.0,,110.0,0.0,,"open 25m, clock 35m left, liq-loss $110, spx-adverse 0.00",countable
2026-08-17 14:09,backtest,full,2026-08-17,3a996da36dc042ed6d71d2ee5c438b319720590fad6be20f87bea4c38d1d7af0,2,veto_change,R4,,,,,,,,,,,,,,,,DEGRADED_VWAP,,,,,,,,,,,,,,,,,,,,,,,,,,,,,,,,,,,vetoes: vt_broken=True levels_invalid=False flow_veto=True,countable
2026-08-17 14:11,backtest,full,2026-08-17,3a996da36dc042ed6d71d2ee5c438b319720590fad6be20f87bea4c38d1d7af0,2,veto_change,R4,,,,,,,,,,,,,,,,DEGRADED_VWAP,,,,,,,,,,,,,,,,,,,,,,,,,,,,,,,,,,,vetoes: vt_broken=True levels_invalid=False flow_veto=False,countable
2026-08-17 14:13,backtest,full,2026-08-17,3a996da36dc042ed6d71d2ee5c438b319720590fad6be20f87bea4c38d1d7af0,2,heartbeat,R8.1,A,long_first,,,,,,,,,,,,,,DEGRADED_VWAP,,,,,,,2.0,,,,,,,,,,,,,41.9,,,,,,,0.0,40.6,41.1,852.0,,120.0,1.3599999999996726,,"open 30m, clock 30m left, liq-loss $120, spx-adverse 1.36",countable
2026-08-17 14:18,backtest,full,2026-08-17,3a996da36dc042ed6d71d2ee5c438b319720590fad6be20f87bea4c38d1d7af0,2,heartbeat,R8.1,A,long_first,,,,,,,,,,,,,,DEGRADED_VWAP,,,,,,,2.0,,,,,,,,,,,,,41.9,,,,,,,0.0,40.4,40.7,857.0,,140.0,1.559999999999491,,"open 35m, clock 25m left, liq-loss $140, spx-adverse 1.56",countable
2026-08-17 14:23,backtest,full,2026-08-17,3a996da36dc042ed6d71d2ee5c438b319720590fad6be20f87bea4c38d1d7af0,2,heartbeat,R8.1,A,long_first,,,,,,,,,,,,,,DEGRADED_VWAP,,,,,,,2.0,,,,,,,,,,,,,41.9,,,,,,,0.0,40.5,40.7,862.0,,140.0,1.2899999999999636,,"open 40m, clock 20m left, liq-loss $140, spx-adverse 1.29",countable
2026-08-17 14:28,backtest,full,2026-08-17,3a996da36dc042ed6d71d2ee5c438b319720590fad6be20f87bea4c38d1d7af0,2,heartbeat,R8.1,A,long_first,,,,,,,,,,,,,,DEGRADED_VWAP,,,,,,,2.0,,,,,,,,,,,,,41.9,,,,,,,0.0,40.3,40.6,867.0,,170.0,0.0,,"open 45m, clock 15m left, liq-loss $170, spx-adverse 0.00",countable
2026-08-17 14:33,backtest,full,2026-08-17,3a996da36dc042ed6d71d2ee5c438b319720590fad6be20f87bea4c38d1d7af0,2,heartbeat,R8.1,A,long_first,,,,,,,,,,,,,,DEGRADED_VWAP,,,,,,,2.0,,,,,,,,,,,,,41.9,,,,,,,0.0,40.9,41.2,872.0,,170.0,0.0,,"open 50m, clock 10m left, liq-loss $170, spx-adverse 0.00",countable
2026-08-17 14:38,backtest,full,2026-08-17,3a996da36dc042ed6d71d2ee5c438b319720590fad6be20f87bea4c38d1d7af0,2,veto_change,R4,,,,,,,,,,,,,,,,DEGRADED_VWAP,,,,,,,,,,,,,,,,,,,,,,,,,,,,,,,,,,,vetoes: vt_broken=True levels_invalid=False flow_veto=True,countable
2026-08-17 14:38,backtest,full,2026-08-17,3a996da36dc042ed6d71d2ee5c438b319720590fad6be20f87bea4c38d1d7af0,2,heartbeat,R8.1,A,long_first,,,,,,,,,,,,,,DEGRADED_VWAP,,,,,,,2.0,,,,,,,,,,,,,41.9,,,,,,,0.0,41.0,41.2,877.0,,170.0,0.0,,"open 55m, clock 5m left, liq-loss $170, spx-adverse 0.00",countable
2026-08-17 14:39,backtest,full,2026-08-17,3a996da36dc042ed6d71d2ee5c438b319720590fad6be20f87bea4c38d1d7af0,2,veto_change,R4,,,,,,,,,,,,,,,,DEGRADED_VWAP,,,,,,,,,,,,,,,,,,,,,,,,,,,,,,,,,,,vetoes: vt_broken=True levels_invalid=False flow_veto=False,countable
2026-08-17 14:40,backtest,full,2026-08-17,3a996da36dc042ed6d71d2ee5c438b319720590fad6be20f87bea4c38d1d7af0,2,veto_change,R4,,,,,,,,,,,,,,,,DEGRADED_VWAP,,,,,,,,,,,,,,,,,,,,,,,,,,,,,,,,,,,vetoes: vt_broken=True levels_invalid=False flow_veto=True,countable
2026-08-17 14:41,backtest,full,2026-08-17,3a996da36dc042ed6d71d2ee5c438b319720590fad6be20f87bea4c38d1d7af0,2,veto_change,R4,,,,,,,,,,,,,,,,DEGRADED_VWAP,,,,,,,,,,,,,,,,,,,,,,,,,,,,,,,,,,,vetoes: vt_broken=True levels_invalid=False flow_veto=False,countable
2026-08-17 14:43,backtest,full,2026-08-17,3a996da36dc042ed6d71d2ee5c438b319720590fad6be20f87bea4c38d1d7af0,2,limit_canceled,R7.0,,,,,,,,,,,,,,,,DEGRADED_VWAP,,,,,,,2.0,,,,,,,,,,,,,41.9,,clock,,,,,,,,,,,,,resting limit CANCELED (clock),countable
2026-08-17 14:43,backtest,full,2026-08-17,3a996da36dc042ed6d71d2ee5c438b319720590fad6be20f87bea4c38d1d7af0,2,exit_decision,R7.5,A,long_first,,,,,,,,,,,,,,DEGRADED_VWAP,clock,,,,,,2.0,,,,,,,,,,,,,,,,,,,,,,,,,,,,,countable
2026-08-17 14:44,backtest,full,2026-08-17,3a996da36dc042ed6d71d2ee5c438b319720590fad6be20f87bea4c38d1d7af0,2,exit,R7,A,long_first,7756.44,2026-09-18,7480/7475,,,,,,,,,,,DEGRADED_VWAP,timeout,,40.9,chain,,2.25,2.0,823.0,822.0,41.6,41.9,,,,3.5,1.0,7480.0,7475.0,41.8,41.9,canceled,clock,824.0,,,,0.0,40.9,41.1,883.0,False,170.0,2.25,-90.0,EXIT timeout | pnl $-90,countable
2026-08-17 15:03,backtest,full,2026-08-17,3a996da36dc042ed6d71d2ee5c438b319720590fad6be20f87bea4c38d1d7af0,2,veto_change,R4,,,,,,,,,,,,,,,,DEGRADED_VWAP,,,,,,,,,,,,,,,,,,,,,,,,,,,,,,,,,,,vetoes: vt_broken=True levels_invalid=False flow_veto=True,countable
2026-08-17 15:11,backtest,full,2026-08-17,3a996da36dc042ed6d71d2ee5c438b319720590fad6be20f87bea4c38d1d7af0,2,veto_change,R4,,,,,,,,,,,,,,,,DEGRADED_VWAP,,,,,,,,,,,,,,,,,,,,,,,,,,,,,,,,,,,vetoes: vt_broken=True levels_invalid=False flow_veto=False,countable
2026-08-17 15:12,backtest,full,2026-08-17,3a996da36dc042ed6d71d2ee5c438b319720590fad6be20f87bea4c38d1d7af0,2,veto_change,R4,,,,,,,,,,,,,,,,DEGRADED_VWAP,,,,,,,,,,,,,,,,,,,,,,,,,,,,,,,,,,,vetoes: vt_broken=True levels_invalid=False flow_veto=True,countable
2026-08-17 15:16,backtest,full,2026-08-17,3a996da36dc042ed6d71d2ee5c438b319720590fad6be20f87bea4c38d1d7af0,2,veto_change,R4,,,,,,,,,,,,,,,,DEGRADED_VWAP,,,,,,,,,,,,,,,,,,,,,,,,,,,,,,,,,,,vetoes: vt_broken=True levels_invalid=False flow_veto=False,countable
2026-08-17 15:30,backtest,full,2026-08-17,3a996da36dc042ed6d71d2ee5c438b319720590fad6be20f87bea4c38d1d7af0,2,veto_change,R4,,,,,,,,,,,,,,,,DEGRADED_VWAP,,,,,,,,,,,,,,,,,,,,,,,,,,,,,,,,,,,vetoes: vt_broken=True levels_invalid=False flow_veto=True,countable
2026-08-17 15:44,backtest,full,2026-08-17,3a996da36dc042ed6d71d2ee5c438b319720590fad6be20f87bea4c38d1d7af0,2,veto_change,R4,,,,,,,,,,,,,,,,DEGRADED_VWAP,,,,,,,,,,,,,,,,,,,,,,,,,,,,,,,,,,,vetoes: vt_broken=True levels_invalid=False flow_veto=False,countable
2026-08-17 16:00,backtest,full,2026-08-17,3a996da36dc042ed6d71d2ee5c438b319720590fad6be20f87bea4c38d1d7af0,2,disposition,R10.3,,,,,,,,,,,,,,,,DEGRADED_VWAP,,,,,,,,,,,,,,,,,,,,,,,,,,,,,,,,,,,session countable | outage 0m,countable
2026-08-18 --:--,backtest,full,2026-08-18,3a996da36dc042ed6d71d2ee5c438b319720590fad6be20f87bea4c38d1d7af0,2,banner,R8.2,,,,,,,,,,,,,,,,OK,,,,,,,,,,,,,,,,,,,,,,,,,,,,,,,,,,,session start | CONFIG_HASH=3a996da36dc0… | mode=backtest tier=full,countable
2026-08-18 --:--,backtest,full,2026-08-18,3a996da36dc042ed6d71d2ee5c438b319720590fad6be20f87bea4c38d1d7af0,2,banner,R2.3,,,,,,,,,,,,,,,,OK,,,,,,,,,,,,,,,,,,,,,,,,,,,,,,,,,,,levels valid | VT=7745.0 CW=7900.0 IM=—,countable
2026-08-18 09:30,backtest,full,2026-08-18,3a996da36dc042ed6d71d2ee5c438b319720590fad6be20f87bea4c38d1d7af0,2,outage,R10,,,,,,,,,,,,,,,,DEGRADED_VWAP,,,,,,,,,,,,,,,,,,,,,,,,,,,,,,,,,,,SPY missing — context reads degrade to CHOP (degraded_vwap),countable
2026-08-18 09:30,backtest,full,2026-08-18,3a996da36dc042ed6d71d2ee5c438b319720590fad6be20f87bea4c38d1d7af0,2,veto_change,R4,,,,,,,,,,,,,,,,DEGRADED_VWAP,,,,,,,,,,,,,,,,,,,,,,,,,,,,,,,,,,,vetoes: vt_broken=True levels_invalid=False flow_veto=False,countable
2026-08-18 10:22,backtest,full,2026-08-18,3a996da36dc042ed6d71d2ee5c438b319720590fad6be20f87bea4c38d1d7af0,2,skip,R6.4,B,,,,,,1.177828961,7.066973765999999,0.6473079660000001,0.530520995,0.9949686260091885,0.0206671639999998,8.55999999999949,5.240000000000691,,DEGRADED_VWAP,,,,,,,,,622.0,,,,,,,1.0,,,,,,,,,,,,,,,,,,,skip: short blocked: vt_broken (R4),countable
2026-08-18 10:29,backtest,full,2026-08-18,3a996da36dc042ed6d71d2ee5c438b319720590fad6be20f87bea4c38d1d7af0,2,late_no_entry,R6.3,B,,,,,,1.925779704,6.796869543529411,,,,1.7381189190000002,,,,DEGRADED_VWAP,,,,,,,,,629.0,,,,,,,2.0,,,,,,,,,,,,,,,,,,,LATE — NO ENTRY,countable
2026-08-18 10:29,backtest,full,2026-08-18,3a996da36dc042ed6d71d2ee5c438b319720590fad6be20f87bea4c38d1d7af0,2,skip,R6.4,B,,,,,,1.925779704,6.796869543529411,0.9570632960000002,0.968716408,0.8851937007432498,1.7381189190000002,3.779999999999746,10.020000000000437,,DEGRADED_VWAP,,,,,,,,,629.0,,,,,,,2.0,,,,,,,,,,,,,,,,,,,skip: short blocked: vt_broken (R4),countable
2026-08-18 10:30,backtest,full,2026-08-18,3a996da36dc042ed6d71d2ee5c438b319720590fad6be20f87bea4c38d1d7af0,2,state_line,R3.4,,,,,,,,,,,,,,,CHOP,DEGRADED_VWAP,,,,,,,,,,,,,,,,,,,,,,,,,,,,,,,,,,,10:30 context read: CHOP,countable
2026-08-18 10:34,backtest,full,2026-08-18,3a996da36dc042ed6d71d2ee5c438b319720590fad6be20f87bea4c38d1d7af0,2,skip,R6.4,B,,,,,,2.171122048,5.921241949090909,1.1574690800000005,1.0136529680000002,0.8445673285337113,0.943250606,3.5599999999994907,11.240000000000691,,DEGRADED_VWAP,,,,,,,,,634.0,,,,,,,3.0,,,,,,,,,,,,,,,,,,,skip: short blocked: vt_broken (R4),countable
2026-08-18 10:41,backtest,full,2026-08-18,3a996da36dc042ed6d71d2ee5c438b319720590fad6be20f87bea4c38d1d7af0,2,late_no_entry,R6.3,B,,,,,,2.408332135,4.982756141379311,,,,0.1728793560000001,,,,DEGRADED_VWAP,,,,,,,,,641.0,,,,,,,4.0,,,,,,,,,,,,,,,,,,,LATE — NO ENTRY,countable
2026-08-18 10:41,backtest,full,2026-08-18,3a996da36dc042ed6d71d2ee5c438b319720590fad6be20f87bea4c38d1d7af0,2,skip,R6.4,B,,,,,,2.408332135,4.982756141379311,1.2846126270000002,1.1237195080000002,0.8777087795658218,0.1728793560000001,3.0,11.800000000000182,,DEGRADED_VWAP,,,,,,,,,641.0,,,,,,,4.0,,,,,,,,,,,,,,,,,,,skip: short blocked: vt_broken (R4),countable
2026-08-18 10:54,backtest,full,2026-08-18,3a996da36dc042ed6d71d2ee5c438b319720590fad6be20f87bea4c38d1d7af0,2,veto_change,R4,,,,,,,,,,,,,,,,DEGRADED_VWAP,,,,,,,,,,,,,,,,,,,,,,,,,,,,,,,,,,,vetoes: vt_broken=True levels_invalid=False flow_veto=True,countable
2026-08-18 10:55,backtest,full,2026-08-18,3a996da36dc042ed6d71d2ee5c438b319720590fad6be20f87bea4c38d1d7af0,2,veto_change,R4,,,,,,,,,,,,,,,,DEGRADED_VWAP,,,,,,,,,,,,,,,,,,,,,,,,,,,,,,,,,,,vetoes: vt_broken=True levels_invalid=False flow_veto=False,countable
2026-08-18 11:03,backtest,full,2026-08-18,3a996da36dc042ed6d71d2ee5c438b319720590fad6be20f87bea4c38d1d7af0,2,signal,R6.1,A,long_first,,,,,0.4924976489999999,9.84995298,0.1309302359999999,0.361567413,0.9542677065652352,-0.5833886650000001,10.480000000000471,4.589999999999236,,DEGRADED_VWAP,,,,,,,,,663.0,,,,7700.42,,,1.0,,,,,,,,,,,,,,,,,,,SIGNAL A LONG-FIRST | BUY nearest -0.20Δ put (no chain feed) | range60=17.92>=p75 15.86 r30=-0.90 bounce30=4.59 close<mid30=7702.90,countable
2026-08-18 11:03,backtest,full,2026-08-18,3a996da36dc042ed6d71d2ee5c438b319720590fad6be20f87bea4c38d1d7af0,2,pending_entry,R6.1,A,long_first,,2026-09-18,7420/7415,,,,,,,,,,,DEGRADED_VWAP,,,,,,,,,663.0,,,,,,,1.0,7420.0,7415.0,,,,,,,,,,,,,,,,,,countable
2026-08-18 11:04,backtest,full,2026-08-18,3a996da36dc042ed6d71d2ee5c438b319720590fad6be20f87bea4c38d1d7af0,2,entry,R1.4,A,long_first,7700.06,2026-09-18,7420/7415,,,,,,,,,,,DEGRADED_VWAP,,,,chain,,,1.0,664.0,663.0,42.650000000000006,42.9,,,,3.5,1.0,7420.0,7415.0,42.8,42.9,resting,,665.0,,,0.0,0.0,42.5,42.8,664.0,False,0.0,0.0,,ENTRY A | bought 7420P @ 42.80 | resting SELL 7415P @ 42.90,countable
2026-08-18 11:09,backtest,full,2026-08-18,3a996da36dc042ed6d71d2ee5c438b319720590fad6be20f87bea4c38d1d7af0,2,heartbeat,R8.1,A,long_first,,,,,,,,,,,,,,DEGRADED_VWAP,,,,,,,1.0,,,,,,,,,,,,,42.9,,,,,,,0.0,41.9,42.2,668.0,,90.0,0.2100000000000363,,"open 5m, clock 55m left, liq-loss $90, spx-adverse 0.21",countable
2026-08-18 11:14,backtest,full,2026-08-18,3a996da36dc042ed6d71d2ee5c438b319720590fad6be20f87bea4c38d1d7af0,2,heartbeat,R8.1,A,long_first,,,,,,,,,,,,,,DEGRADED_VWAP,,,,,,,1.0,,,,,,,,,,,,,42.9,,,,,,,0.0,42.9,43.2,673.0,,90.0,0.0,,"open 10m, clock 50m left, liq-loss $90, spx-adverse 0.00",countable
2026-08-18 11:19,backtest,full,2026-08-18,3a996da36dc042ed6d71d2ee5c438b319720590fad6be20f87bea4c38d1d7af0,2,heartbeat,R8.1,A,long_first,,,,,,,,,,,,,,DEGRADED_VWAP,,,,,,,1.0,,,,,,,,,,,,,42.9,,,,,,,0.0,43.5,43.8,678.0,,90.0,0.0,,"open 15m, clock 45m left, liq-loss $90, spx-adverse 0.00",countable
2026-08-18 11:20,backtest,full,2026-08-18,3a996da36dc042ed6d71d2ee5c438b319720590fad6be20f87bea4c38d1d7af0,2,exit_decision,R7.1,A,long_first,,,,,,,,,,,,,,DEGRADED_VWAP,fill,,,,,,1.0,,,,,,,,,,,,,,,,,,,,,,,,,,,,,countable
2026-08-18 11:20,backtest,full,2026-08-18,3a996da36dc042ed6d71d2ee5c438b319720590fad6be20f87bea4c38d1d7af0,2,exit,R7,A,long_first,7700.06,2026-09-18,7420/7415,,,,,,,,,,,DEGRADED_VWAP,fill,16.0,42.9,chain,,3.1799999999993815,1.0,664.0,663.0,42.650000000000006,42.9,,,,3.5,1.0,7420.0,7415.0,42.8,42.9,filled,,665.0,42.9,0.1,,0.0,43.8,44.2,680.0,False,90.0,3.1799999999993815,10.0,EXIT fill | pnl $+10,countable
2026-08-18 11:50,backtest,full,2026-08-18,3a996da36dc042ed6d71d2ee5c438b319720590fad6be20f87bea4c38d1d7af0,2,late_no_entry,R6.3,B,,,,,,2.620569085,6.047467119230769,,,,1.553702977,,,,DEGRADED_VWAP,,,,,,,,,710.0,,,,,,,5.0,,,,,,,,,,,,,,,,,,,LATE — NO ENTRY,countable
2026-08-18 11:50,backtest,full,2026-08-18,3a996da36dc042ed6d71d2ee5c438b319720590fad6be20f87bea4c38d1d7af0,2,skip,R6.4,B,,,,,,2.620569085,6.047467119230769,0.5256987349999999,2.0948703500000003,0.9326493844370446,1.553702977,3.3100000000004,6.1599999999998545,,DEGRADED_VWAP,,,,,,,,,710.0,,,,,,,5.0,,,,,,,,,,,,,,,,,,,skip: short blocked: vt_broken (R4),countable
2026-08-18 13:00,backtest,full,2026-08-18,3a996da36dc042ed6d71d2ee5c438b319720590fad6be20f87bea4c38d1d7af0,2,state_line,R3.4,,,,,,,,,,,,,,,CHOP,DEGRADED_VWAP,,,,,,,,,,,,,,,,,,,,,,,,,,,,,,,,,,,13:00 context read: CHOP,countable
2026-08-18 13:11,backtest,full,2026-08-18,3a996da36dc042ed6d71d2ee5c438b319720590fad6be20f87bea4c38d1d7af0,2,gate_fail,R6.2,B,,,,,,0.4699930790000004,2.8199584740000025,0.1521867220000001,0.3178063569999989,0.7523097377355212,-0.0388072389999996,,,,DEGRADED_VWAP,,,,,,,,,791.0,,,,,,,6.0,,,,,,,,,,,,,,,,,,,gates failed: r15<=0,countable
2026-08-18 13:24,backtest,full,2026-08-18,3a996da36dc042ed6d71d2ee5c438b319720590fad6be20f87bea4c38d1d7af0,2,veto_change,R4,,,,,,,,,,,,,,,,DEGRADED_VWAP,,,,,,,,,,,,,,,,,,,,,,,,,,,,,,,,,,,vetoes: vt_broken=True levels_invalid=False flow_veto=True,countable
2026-08-18 13:26,backtest,full,2026-08-18,3a996da36dc042ed6d71d2ee5c438b319720590fad6be20f87bea4c38d1d7af0,2,veto_change,R4,,,,,,,,,,,,,,,,DEGRADED_VWAP,,,,,,,,,,,,,,,,,,,,,,,,,,,,,,,,,,,vetoes: vt_broken=True levels_invalid=False flow_veto=False,countable
2026-08-18 13:46,backtest,full,2026-08-18,3a996da36dc042ed6d71d2ee5c438b319720590fad6be20f87bea4c38d1d7af0,2,veto_change,R4,,,,,,,,,,,,,,,,DEGRADED_VWAP,,,,,,,,,,,,,,,,,,,,,,,,,,,,,,,,,,,vetoes: vt_broken=True levels_invalid=False flow_veto=True,countable
2026-08-18 13:50,backtest,full,2026-08-18,3a996da36dc042ed6d71d2ee5c438b319720590fad6be20f87bea4c38d1d7af0,2,veto_change,R4,,,,,,,,,,,,,,,,DEGRADED_VWAP,,,,,,,,,,,,,,,,,,,,,,,,,,,,,,,,,,,vetoes: vt_broken=True levels_invalid=False flow_veto=False,countable
2026-08-18 13:59,backtest,full,2026-08-18,3a996da36dc042ed6d71d2ee5c438b319720590fad6be20f87bea4c38d1d7af0,2,veto_change,R4,,,,,,,,,,,,,,,,DEGRADED_VWAP,,,,,,,,,,,,,,,,,,,,,,,,,,,,,,,,,,,vetoes: vt_broken=True levels_invalid=False flow_veto=True,countable
2026-08-18 14:01,backtest,full,2026-08-18,3a996da36dc042ed6d71d2ee5c438b319720590fad6be20f87bea4c38d1d7af0,2,veto_change,R4,,,,,,,,,,,,,,,,DEGRADED_VWAP,,,,,,,,,,,,,,,,,,,,,,,,,,,,,,,,,,,vetoes: vt_broken=True levels_invalid=False flow_veto=False,countable
2026-08-18 14:12,backtest,full,2026-08-18,3a996da36dc042ed6d71d2ee5c438b319720590fad6be20f87bea4c38d1d7af0,2,skip,R6.4,B,,,,,,0.6328421830000002,2.920810075384616,0.391996071,0.2408461120000001,1.1263945058479126,0.1106560200000001,4.779999999999745,1.9700000000002549,,DEGRADED_VWAP,,,,,,,,,852.0,,,,,,,7.0,,,,,,,,,,,,,,,,,,,skip: short blocked: vt_broken (R4),countable
2026-08-18 14:25,backtest,full,2026-08-18,3a996da36dc042ed6d71d2ee5c438b319720590fad6be20f87bea4c38d1d7af0,2,late_no_entry,R6.3,B,,,,,,3.1842556060000016,7.348282167692312,,,,2.913202829000001,,,,DEGRADED_VWAP,,,,,,,,,865.0,,,,,,,8.0,,,,,,,,,,,,,,,,,,,LATE — NO ENTRY,countable
2026-08-18 14:25,backtest,full,2026-08-18,3a996da36dc042ed6d71d2ee5c438b319720590fad6be20f87bea4c38d1d7af0,2,skip,R6.4,B,,,,,,3.1842556060000016,7.348282167692312,1.1411327249999994,2.0431228810000004,0.8075321702048052,2.913202829000001,3.1400000000003274,6.739999999999782,,DEGRADED_VWAP,,,,,,,,,865.0,,,,,,,8.0,,,,,,,,,,,,,,,,,,,skip: short blocked: vt_broken (R4),countable
2026-08-18 14:49,backtest,full,2026-08-18,3a996da36dc042ed6d71d2ee5c438b319720590fad6be20f87bea4c38d1d7af0,2,veto_change,R4,,,,,,,,,,,,,,,,DEGRADED_VWAP,,,,,,,,,,,,,,,,,,,,,,,,,,,,,,,,,,,vetoes: vt_broken=True levels_invalid=False flow_veto=True,countable
2026-08-18 15:07,backtest,full,2026-08-18,3a996da36dc042ed6d71d2ee5c438b319720590fad6be20f87bea4c38d1d7af0,2,veto_change,R4,,,,,,,,,,,,,,,,DEGRADED_VWAP,,,,,,,,,,,,,,,,,,,,,,,,,,,,,,,,,,,vetoes: vt_broken=True levels_invalid=False flow_veto=False,countable
2026-08-18 15:53,backtest,full,2026-08-18,3a996da36dc042ed6d71d2ee5c438b319720590fad6be20f87bea4c38d1d7af0,2,veto_change,R4,,,,,,,,,,,,,,,,DEGRADED_VWAP,,,,,,,,,,,,,,,,,,,,,,,,,,,,,,,,,,,vetoes: vt_broken=True levels_invalid=False flow_veto=True,countable
2026-08-18 16:00,backtest,full,2026-08-18,3a996da36dc042ed6d71d2ee5c438b319720590fad6be20f87bea4c38d1d7af0,2,disposition,R10.3,,,,,,,,,,,,,,,,DEGRADED_VWAP,,,,,,,,,,,,,,,,,,,,,,,,,,,,,,,,,,,session countable | outage 0m,countable
2026-08-19 --:--,backtest,full,2026-08-19,3a996da36dc042ed6d71d2ee5c438b319720590fad6be20f87bea4c38d1d7af0,2,banner,R8.2,,,,,,,,,,,,,,,,OK,,,,,,,,,,,,,,,,,,,,,,,,,,,,,,,,,,,session start | CONFIG_HASH=3a996da36dc0… | mode=backtest tier=full,countable
2026-08-19 --:--,backtest,full,2026-08-19,3a996da36dc042ed6d71d2ee5c438b319720590fad6be20f87bea4c38d1d7af0,2,banner,R2.3,,,,,,,,,,,,,,,,OK,,,,,,,,,,,,,,,,,,,,,,,,,,,,,,,,,,,levels valid | VT=7720.0 CW=7900.0 IM=—,countable
2026-08-19 09:30,backtest,full,2026-08-19,3a996da36dc042ed6d71d2ee5c438b319720590fad6be20f87bea4c38d1d7af0,2,outage,R10,,,,,,,,,,,,,,,,DEGRADED_VWAP,,,,,,,,,,,,,,,,,,,,,,,,,,,,,,,,,,,SPY missing — context reads degrade to CHOP (degraded_vwap),countable
2026-08-19 09:33,backtest,full,2026-08-19,3a996da36dc042ed6d71d2ee5c438b319720590fad6be20f87bea4c38d1d7af0,2,veto_change,R4,,,,,,,,,,,,,,,,DEGRADED_VWAP,,,,,,,,,,,,,,,,,,,,,,,,,,,,,,,,,,,vetoes: vt_broken=True levels_invalid=False flow_veto=False,countable
2026-08-19 09:48,backtest,full,2026-08-19,3a996da36dc042ed6d71d2ee5c438b319720590fad6be20f87bea4c38d1d7af0,2,veto_change,R4,,,,,,,,,,,,,,,,DEGRADED_VWAP,,,,,,,,,,,,,,,,,,,,,,,,,,,,,,,,,,,vetoes: vt_broken=True levels_invalid=False flow_veto=True,countable
2026-08-19 09:50,backtest,full,2026-08-19,3a996da36dc042ed6d71d2ee5c438b319720590fad6be20f87bea4c38d1d7af0,2,veto_change,R4,,,,,,,,,,,,,,,,DEGRADED_VWAP,,,,,,,,,,,,,,,,,,,,,,,,,,,,,,,,,,,vetoes: vt_broken=True levels_invalid=False flow_veto=False,countable
2026-08-19 10:00,backtest,full,2026-08-19,3a996da36dc042ed6d71d2ee5c438b319720590fad6be20f87bea4c38d1d7af0,2,gate_fail,R6.2,B,,,,,,1.069948698,5.836083807272726,0.3211929949999996,0.748755703,0.907334480442538,-0.202582443,,,,DEGRADED_VWAP,,,,,,,,,600.0,,,,,,,1.0,,,,,,,,,,,,,,,,,,,gates failed: r15<=0,countable
2026-08-19 10:13,backtest,full,2026-08-19,3a996da36dc042ed6d71d2ee5c438b319720590fad6be20f87bea4c38d1d7af0,2,veto_change,R4,,,,,,,,,,,,,,,,DEGRADED_VWAP,,,,,,,,,,,,,,,,,,,,,,,,,,,,,,,,,,,vetoes: vt_broken=True levels_invalid=False flow_veto=True,countable
2026-08-19 10:17,backtest,full,2026-08-19,3a996da36dc042ed6d71d2ee5c438b319720590fad6be20f87bea4c38d1d7af0,2,veto_change,R4,,,,,,,,,,,,,,,,DEGRADED_VWAP,,,,,,,,,,,,,,,,,,,,,,,,,,,,,,,,,,,vetoes: vt_broken=True levels_invalid=False flow_veto=False,countable
2026-08-19 10:21,backtest,full,2026-08-19,3a996da36dc042ed6d71d2ee5c438b319720590fad6be20f87bea4c38d1d7af0,2,veto_change,R4,,,,,,,,,,,,,,,,DEGRADED_VWAP,,,,,,,,,,,,,,,,,,,,,,,,,,,,,,,,,,,vetoes: vt_broken=True levels_invalid=False flow_veto=True,countable
2026-08-19 10:25,backtest,full,2026-08-19,3a996da36dc042ed6d71d2ee5c438b319720590fad6be20f87bea4c38d1d7af0,2,veto_change,R4,,,,,,,,,,,,,,,,DEGRADED_VWAP,,,,,,,,,,,,,,,,,,,,,,,,,,,,,,,,,,,vetoes: vt_broken=True levels_invalid=False flow_veto=False,countable
2026-08-19 10:30,backtest,full,2026-08-19,3a996da36dc042ed6d71d2ee5c438b319720590fad6be20f87bea4c38d1d7af0,2,state_line,R3.4,,,,,,,,,,,,,,,CHOP,DEGRADED_VWAP,,,,,,,,,,,,,,,,,,,,,,,,,,,,,,,,,,,10:30 context read: CHOP,countable
2026-08-19 11:11,backtest,full,2026-08-19,3a996da36dc042ed6d71d2ee5c438b319720590fad6be20f87bea4c38d1d7af0,2,veto_change,R4,,,,,,,,,,,,,,,,DEGRADED_VWAP,,,,,,,,,,,,,,,,,,,,,,,,,,,,,,,,,,,vetoes: vt_broken=True levels_invalid=False flow_veto=True,countable
2026-08-19 11:19,backtest,full,2026-08-19,3a996da36dc042ed6d71d2ee5c438b319720590fad6be20f87bea4c38d1d7af0,2,signal,R6.1,A,long_first,,,,,0.0271947469999997,1.6316848199999878,-0.0862758240000001,0.1134705709999999,-0.0284170321569813,-1.812121836,7.220000000000255,6.210000000000036,,DEGRADED_VWAP,,,,,,,,,679.0,,,,7743.93,,,1.0,,,,,,,,,,,,,,,,,,,SIGNAL A LONG-FIRST | BUY nearest -0.20Δ put (no chain feed) | range60=32.77>=p75 15.87 r30=-0.74 bounce30=6.21 close<mid30=7735.41,countable
2026-08-19 11:19,backtest,full,2026-08-19,3a996da36dc042ed6d71d2ee5c438b319720590fad6be20f87bea4c38d1d7af0,2,pending_entry,R6.1,A,long_first,,2026-09-18,7475/7470,,,,,,,,,,,DEGRADED_VWAP,,,,,,,,,679.0,,,,,,,1.0,7475.0,7470.0,,,,,,,,,,,,,,,,,,countable
2026-08-19 11:20,backtest,full,2026-08-19,3a996da36dc042ed6d71d2ee5c438b319720590fad6be20f87bea4c38d1d7af0,2,entry,R1.4,A,long_first,7734.98,2026-09-18,7475/7470,,,,,,,,,,,DEGRADED_VWAP,,,,chain,,,1.0,680.0,679.0,39.35,39.6,,,,3.5,1.0,7475.0,7470.0,39.5,39.6,resting,,681.0,,,0.0,0.0,39.2,39.5,680.0,False,0.0,0.0,,ENTRY A | bought 7475P @ 39.50 | resting SELL 7470P @ 39.60,countable
2026-08-19 11:23,backtest,full,2026-08-19,3a996da36dc042ed6d71d2ee5c438b319720590fad6be20f87bea4c38d1d7af0,2,veto_change,R4,,,,,,,,,,,,,,,,DEGRADED_VWAP,,,,,,,,,,,,,,,,,,,,,,,,,,,,,,,,,,,vetoes: vt_broken=True levels_invalid=False flow_veto=False,countable
2026-08-19 11:25,backtest,full,2026-08-19,3a996da36dc042ed6d71d2ee5c438b319720590fad6be20f87bea4c38d1d7af0,2,veto_change,R4,,,,,,,,,,,,,,,,DEGRADED_VWAP,,,,,,,,,,,,,,,,,,,,,,,,,,,,,,,,,,,vetoes: vt_broken=True levels_invalid=False flow_veto=True,countable
2026-08-19 11:25,backtest,full,2026-08-19,3a996da36dc042ed6d71d2ee5c438b319720590fad6be20f87bea4c38d1d7af0,2,heartbeat,R8.1,A,long_first,,,,,,,,,,,,,,DEGRADED_VWAP,,,,,,,1.0,,,,,,,,,,,,,39.6,,,,,,,0.0,39.2,39.5,684.0,,30.0,0.0,,"open 5m, clock 55m left, liq-loss $30, spx-adverse 0.00",countable
2026-08-19 11:30,backtest,full,2026-08-19,3a996da36dc042ed6d71d2ee5c438b319720590fad6be20f87bea4c38d1d7af0,2,heartbeat,R8.1,A,long_first,,,,,,,,,,,,,,DEGRADED_VWAP,,,,,,,1.0,,,,,,,,,,,,,39.6,,,,,,,0.0,39.9,40.2,689.0,,30.0,0.0,,"open 10m, clock 50m left, liq-loss $30, spx-adverse 0.00",countable
2026-08-19 11:32,backtest,full,2026-08-19,3a996da36dc042ed6d71d2ee5c438b319720590fad6be20f87bea4c38d1d7af0,2,exit_decision,R7.1,A,long_first,,,,,,,,,,,,,,DEGRADED_VWAP,fill,,,,,,1.0,,,,,,,,,,,,,,,,,,,,,,,,,,,,,countable
2026-08-19 11:32,backtest,full,2026-08-19,3a996da36dc042ed6d71d2ee5c438b319720590fad6be20f87bea4c38d1d7af0,2,exit,R7,A,long_first,7734.98,2026-09-18,7475/7470,,,,,,,,,,,DEGRADED_VWAP,fill,12.0,39.6,chain,,0.569999999999709,1.0,680.0,679.0,39.35,39.6,,,,3.5,1.0,7475.0,7470.0,39.5,39.6,filled,,681.0,39.6,0.1,,0.0,40.3,40.6,692.0,False,30.0,0.569999999999709,10.0,EXIT fill | pnl $+10,countable
2026-08-19 11:44,backtest,full,2026-08-19,3a996da36dc042ed6d71d2ee5c438b319720590fad6be20f87bea4c38d1d7af0,2,veto_change,R4,,,,,,,,,,,,,,,,DEGRADED_VWAP,,,,,,,,,,,,,,,,,,,,,,,,,,,,,,,,,,,vetoes: vt_broken=True levels_invalid=False flow_veto=False,countable
2026-08-19 11:44,backtest,full,2026-08-19,3a996da36dc042ed6d71d2ee5c438b319720590fad6be20f87bea4c38d1d7af0,2,signal,R6.1,A,long_first,,,,,0.6260811549999996,12.521623099999992,0.3547927259999999,0.2712884290000004,0.8223737016968676,-0.6663012320000008,11.460000000000036,3.380000000000109,,DEGRADED_VWAP,,,,,,,,,704.0,,,,7724.98,,,2.0,,,,,,,,,,,,,,,,,,,SIGNAL A LONG-FIRST | BUY nearest -0.20Δ put (no chain feed) | range60=23.03>=p75 16.17 r30=-1.82 bounce30=3.38 close<mid30=7729.02,countable
2026-08-19 11:44,backtest,full,2026-08-19,3a996da36dc042ed6d71d2ee5c438b319720590fad6be20f87bea4c38d1d7af0,2,pending_entry,R6.1,A,long_first,,2026-09-18,7465/7460,,,,,,,,,,,DEGRADED_VWAP,,,,,,,,,704.0,,,,,,,2.0,7465.0,7460.0,,,,,,,,,,,,,,,,,,countable
2026-08-19 11:45,backtest,full,2026-08-19,3a996da36dc042ed6d71d2ee5c438b319720590fad6be20f87bea4c38d1d7af0,2,entry,R1.4,A,long_first,7724.92,2026-09-18,7465/7460,,,,,,,,,,,DEGRADED_VWAP,,,,chain,,,2.0,705.0,704.0,39.85,40.1,,,,3.5,2.0,7465.0,7460.0,40.0,40.1,resting,,706.0,,,0.0,0.0,39.7,40.0,705.0,False,0.0,0.0,,ENTRY A | bought 7465P @ 40.00 | resting SELL 7460P @ 40.10,countable
2026-08-19 11:50,backtest,full,2026-08-19,3a996da36dc042ed6d71d2ee5c438b319720590fad6be20f87bea4c38d1d7af0,2,heartbeat,R8.1,A,long_first,,,,,,,,,,,,,,DEGRADED_VWAP,,,,,,,2.0,,,,,,,,,,,,,40.1,,,,,,,0.0,39.0,39.3,709.0,,100.0,0.3100000000004002,,"open 5m, clock 55m left, liq-loss $100, spx-adverse 0.31",countable
2026-08-19 11:51,backtest,full,2026-08-19,3a996da36dc042ed6d71d2ee5c438b319720590fad6be20f87bea4c38d1d7af0,2,skip,R6.4,B,,,,,,0.5718262100000002,3.4309572600000013,0.3381304169999999,0.2336957930000005,1.0911317129027711,0.2562614449999998,10.970000000000256,2.219999999999345,,DEGRADED_VWAP,,,,,,,,,711.0,,,,,,,2.0,,,,,,,,,,,,,,,,,,,skip: short blocked: vt_broken (R4),countable
2026-08-19 11:52,backtest,full,2026-08-19,3a996da36dc042ed6d71d2ee5c438b319720590fad6be20f87bea4c38d1d7af0,2,gate_fail,R6.2,B,,,,,,0.5354502830000003,2.920637907272729,0.2873477429999997,0.2481025400000005,1.059093493839837,-0.1164593050000002,,,,DEGRADED_VWAP,,,,,,,,,712.0,,,,,,,2.0,,,,,,,,,,,,,,,,,,,gates failed: r15<=0,countable
2026-08-19 11:55,backtest,full,2026-08-19,3a996da36dc042ed6d71d2ee5c438b319720590fad6be20f87bea4c38d1d7af0,2,heartbeat,R8.1,A,long_first,,,,,,,,,,,,,,DEGRADED_VWAP,,,,,,,2.0,,,,,,,,,,,,,40.1,,,,,,,0.0,40.0,40.3,714.0,,100.0,0.0,,"open 10m, clock 50m left, liq-loss $100, spx-adverse 0.00",countable
2026-08-19 12:00,backtest,full,2026-08-19,3a996da36dc042ed6d71d2ee5c438b319720590fad6be20f87bea4c38d1d7af0,2,heartbeat,R8.1,A,long_first,,,,,,,,,,,,,,DEGRADED_VWAP,,,,,,,2.0,,,,,,,,,,,,,40.1,,,,,,,0.0,39.4,39.8,719.0,,100.0,2.800000000000182,,"open 15m, clock 45m left, liq-loss $100, spx-adverse 2.80",countable
2026-08-19 12:05,backtest,full,2026-08-19,3a996da36dc042ed6d71d2ee5c438b319720590fad6be20f87bea4c38d1d7af0,2,heartbeat,R8.1,A,long_first,,,,,,,,,,,,,,DEGRADED_VWAP,,,,,,,2.0,,,,,,,,,,,,,40.1,,,,,,,0.0,38.3,38.7,724.0,,170.0,8.520000000000437,,"open 20m, clock 40m left, liq-loss $170, spx-adverse 8.52",countable
2026-08-19 12:10,backtest,full,2026-08-19,3a996da36dc042ed6d71d2ee5c438b319720590fad6be20f87bea4c38d1d7af0,2,heartbeat,R8.1,A,long_first,,,,,,,,,,,,,,DEGRADED_VWAP,,,,,,,2.0,,,,,,,,,,,,,40.1,,,,,,,0.0,37.7,38.1,729.0,,240.0,11.140000000000327,,"open 25m, clock 35m left, liq-loss $240, spx-adverse 11.14",countable
2026-08-19 12:15,backtest,full,2026-08-19,3a996da36dc042ed6d71d2ee5c438b319720590fad6be20f87bea4c38d1d7af0,2,heartbeat,R8.1,A,long_first,,,,,,,,,,,,,,DEGRADED_VWAP,,,,,,,2.0,,,,,,,,,,,,,40.1,,,,,,,0.0,37.5,37.8,734.0,,270.0,12.279999999999744,,"open 30m, clock 30m left, liq-loss $270, spx-adverse 12.28",countable
2026-08-19 12:20,backtest,full,2026-08-19,3a996da36dc042ed6d71d2ee5c438b319720590fad6be20f87bea4c38d1d7af0,2,heartbeat,R8.1,A,long_first,,,,,,,,,,,,,,DEGRADED_VWAP,,,,,,,2.0,,,,,,,,,,,,,40.1,,,,,,,0.0,36.9,37.2,739.0,,310.0,13.5600000000004,,"open 35m, clock 25m left, liq-loss $310, spx-adverse 13.56",countable
2026-08-19 12:21,backtest,full,2026-08-19,3a996da36dc042ed6d71d2ee5c438b319720590fad6be20f87bea4c38d1d7af0,2,gate_fail,R6.2,B,,,,,,1.096353372999999,2.436340828888887,0.7987734469999999,0.297579926,1.0743925699583734,-0.3665028209999992,,,,DEGRADED_VWAP,,,,,,,,,741.0,,,,,,,3.0,,,,,,,,,,,,,,,,,,,gates failed: r15<=0,countable
2026-08-19 12:25,backtest,full,2026-08-19,3a996da36dc042ed6d71d2ee5c438b319720590fad6be20f87bea4c38d1d7af0,2,veto_change,R4,,,,,,,,,,,,,,,,DEGRADED_VWAP,,,,,,,,,,,,,,,,,,,,,,,,,,,,,,,,,,,vetoes: vt_broken=True levels_invalid=False flow_veto=True,countable
2026-08-19 12:25,backtest,full,2026-08-19,3a996da36dc042ed6d71d2ee5c438b319720590fad6be20f87bea4c38d1d7af0,2,heartbeat,R8.1,A,long_first,,,,,,,,,,,,,,DEGRADED_VWAP,,,,,,,2.0,,,,,,,,,,,,,40.1,,,,,,,0.0,37.7,38.0,744.0,,310.0,8.800000000000182,,"open 40m, clock 20m left, liq-loss $310, spx-adverse 8.80",countable
2026-08-19 12:27,backtest,full,2026-08-19,3a996da36dc042ed6d71d2ee5c438b319720590fad6be20f87bea4c38d1d7af0,2,skip,R6.4,A,,,,,,0.0,0.0,0.0,0.0,,-1.724806865,8.0,7.329999999999927,,DEGRADED_VWAP,,,,,,,,,747.0,,,,,,,3.0,,,,,,,,,,,,,,,,,,,skip: one unpaired leg at a time,countable
2026-08-19 12:30,backtest,full,2026-08-19,3a996da36dc042ed6d71d2ee5c438b319720590fad6be20f87bea4c38d1d7af0,2,heartbeat,R8.1,A,long_first,,,,,,,,,,,,,,DEGRADED_VWAP,,,,,,,2.0,,,,,,,,,,,,,40.1,,,,,,,0.0,38.8,39.1,749.0,,310.0,2.1900000000005093,,"open 45m, clock 15m left, liq-loss $310, spx-adverse 2.19",countable
2026-08-19 12:35,backtest,full,2026-08-19,3a996da36dc042ed6d71d2ee5c438b319720590fad6be20f87bea4c38d1d7af0,2,heartbeat,R8.1,A,long_first,,,,,,,,,,,,,,DEGRADED_VWAP,,,,,,,2.0,,,,,,,,,,,,,40.1,,,,,,,0.0,38.9,39.2,754.0,,310.0,2.069999999999709,,"open 50m, clock 10m left, liq-loss $310, spx-adverse 2.07",countable
2026-08-19 12:38,backtest,full,2026-08-19,3a996da36dc042ed6d71d2ee5c438b319720590fad6be20f87bea4c38d1d7af0,2,veto_change,R4,,,,,,,,,,,,,,,,DEGRADED_VWAP,,,,,,,,,,,,,,,,,,,,,,,,,,,,,,,,,,,vetoes: vt_broken=True levels_invalid=False flow_veto=False,countable
2026-08-19 12:40,backtest,full,2026-08-19,3a996da36dc042ed6d71d2ee5c438b319720590fad6be20f87bea4c38d1d7af0,2,heartbeat,R8.1,A,long_first,,,,,,,,,,,,,,DEGRADED_VWAP,,,,,,,2.0,,,,,,,,,,,,,40.1,,,,,,,0.0,39.3,39.6,759.0,,310.0,0.1199999999998908,,"open 55m, clock 5m left, liq-loss $310, spx-adverse 0.12",countable
2026-08-19 12:45,backtest,full,2026-08-19,3a996da36dc042ed6d71d2ee5c438b319720590fad6be20f87bea4c38d1d7af0,2,limit_canceled,R7.0,,,,,,,,,,,,,,,,DEGRADED_VWAP,,,,,,,2.0,,,,,,,,,,,,,40.1,,clock,,,,,,,,,,,,,resting limit CANCELED (clock),countable
2026-08-19 12:45,backtest,full,2026-08-19,3a996da36dc042ed6d71d2ee5c438b319720590fad6be20f87bea4c38d1d7af0,2,exit_decision,R7.5,A,long_first,,,,,,,,,,,,,,DEGRADED_VWAP,clock,,,,,,2.0,,,,,,,,,,,,,,,,,,,,,,,,,,,,,countable
2026-08-19 12:46,backtest,full,2026-08-19,3a996da36dc042ed6d71d2ee5c438b319720590fad6be20f87bea4c38d1d7af0,2,exit,R7,A,long_first,7724.92,2026-09-18,7465/7460,,,,,,,,,,,DEGRADED_VWAP,timeout,,39.9,chain,,14.44000000000051,2.0,705.0,704.0,39.85,40.1,,,,3.5,2.0,7465.0,7460.0,40.0,40.1,canceled,clock,706.0,,,,0.0,39.5,39.9,765.0,False,310.0,14.44000000000051,-10.0,EXIT timeout | pnl $-10,countable
2026-08-19 12:49,backtest,full,2026-08-19,3a996da36dc042ed6d71d2ee5c438b319720590fad6be20f87bea4c38d1d7af0,2,veto_change,R4,,,,,,,,,,,,,,,,DEGRADED_VWAP,,,,,,,,,,,,,,,,,,,,,,,,,,,,,,,,,,,vetoes: vt_broken=True levels_invalid=False flow_veto=True,countable
2026-08-19 12:51,backtest,full,2026-08-19,3a996da36dc042ed6d71d2ee5c438b319720590fad6be20f87bea4c38d1d7af0,2,veto_change,R4,,,,,,,,,,,,,,,,DEGRADED_VWAP,,,,,,,,,,,,,,,,,,,,,,,,,,,,,,,,,,,vetoes: vt_broken=True levels_invalid=False flow_veto=False,countable
2026-08-19 12:52,backtest,full,2026-08-19,3a996da36dc042ed6d71d2ee5c438b319720590fad6be20f87bea4c38d1d7af0,2,veto_change,R4,,,,,,,,,,,,,,,,DEGRADED_VWAP,,,,,,,,,,,,,,,,,,,,,,,,,,,,,,,,,,,vetoes: vt_broken=True levels_invalid=False flow_veto=True,countable
2026-08-19 13:00,backtest,full,2026-08-19,3a996da36dc042ed6d71d2ee5c438b319720590fad6be20f87bea4c38d1d7af0,2,state_line,R3.4,,,,,,,,,,,,,,,CHOP,DEGRADED_VWAP,,,,,,,,,,,,,,,,,,,,,,,,,,,,,,,,,,,13:00 context read: CHOP,countable
2026-08-19 13:00,backtest,full,2026-08-19,3a996da36dc042ed6d71d2ee5c438b319720590fad6be20f87bea4c38d1d7af0,2,signal,R6.1,A,long_first,,,,,0.4948516199999995,9.89703239999999,0.2172940620000001,0.2775575579999998,0.9280516369735248,-1.473740910000001,8.390000000000327,3.1299999999991996,,DEGRADED_VWAP,,,,,,,,,780.0,,,,7718.71,,,4.0,,,,,,,,,,,,,,,,,,,SIGNAL A LONG-FIRST | BUY nearest -0.20Δ put (no chain feed) | range60=24.16>=p75 17.45 r30=-1.65 bounce30=3.13 close<mid30=7721.16,countable
2026-08-19 13:00,backtest,full,2026-08-19,3a996da36dc042ed6d71d2ee5c438b319720590fad6be20f87bea4c38d1d7af0,2,pending_entry,R6.1,A,long_first,,2026-09-18,7460/7455,,,,,,,,,,,DEGRADED_VWAP,,,,,,,,,780.0,,,,,,,4.0,7460.0,7455.0,,,,,,,,,,,,,,,,,,countable
2026-08-19 13:01,backtest,full,2026-08-19,3a996da36dc042ed6d71d2ee5c438b319720590fad6be20f87bea4c38d1d7af0,2,entry,R1.4,A,long_first,7718.62,2026-09-18,7460/7455,,,,,,,,,,,DEGRADED_VWAP,,,,chain,,,3.0,781.0,780.0,39.8,40.1,,,,3.5,4.0,7460.0,7455.0,40.0,40.1,resting,,782.0,,,0.0,0.0,39.6,40.0,781.0,False,0.0,0.0,,ENTRY A | bought 7460P @ 40.00 | resting SELL 7455P @ 40.10,countable
2026-08-19 13:03,backtest,full,2026-08-19,3a996da36dc042ed6d71d2ee5c438b319720590fad6be20f87bea4c38d1d7af0,2,veto_change,R4,,,,,,,,,,,,,,,,DEGRADED_VWAP,,,,,,,,,,,,,,,,,,,,,,,,,,,,,,,,,,,vetoes: vt_broken=True levels_invalid=False flow_veto=False,countable
2026-08-19 13:06,backtest,full,2026-08-19,3a996da36dc042ed6d71d2ee5c438b319720590fad6be20f87bea4c38d1d7af0,2,heartbeat,R8.1,A,long_first,,,,,,,,,,,,,,DEGRADED_VWAP,,,,,,,3.0,,,,,,,,,,,,,40.1,,,,,,,0.0,39.5,39.8,785.0,,60.0,2.5799999999999272,,"open 5m, clock 55m left, liq-loss $60, spx-adverse 2.58",countable
2026-08-19 13:07,backtest,full,2026-08-19,3a996da36dc042ed6d71d2ee5c438b319720590fad6be20f87bea4c38d1d7af0,2,gate_fail,R6.2,B,,,,,,0.7198350239999991,4.319010143999995,0.3700562520000008,0.349778772,1.016093851526736,-0.4920251730000018,,,,DEGRADED_VWAP,,,,,,,,,787.0,,,,,,,4.0,,,,,,,,,,,,,,,,,,,gates failed: r15<=0,countable
2026-08-19 13:11,backtest,full,2026-08-19,3a996da36dc042ed6d71d2ee5c438b319720590fad6be20f87bea4c38d1d7af0,2,heartbeat,R8.1,A,long_first,,,,,,,,,,,,,,DEGRADED_VWAP,,,,,,,3.0,,,,,,,,,,,,,40.1,,,,,,,0.0,40.1,40.5,790.0,,100.0,0.0,,"open 10m, clock 50m left, liq-loss $100, spx-adverse 0.00",countable
2026-08-19 13:13,backtest,full,2026-08-19,3a996da36dc042ed6d71d2ee5c438b319720590fad6be20f87bea4c38d1d7af0,2,skip,R6.4,A,,,,,,0.5716923230000006,8.57538484500001,0.39708428,0.1746080430000001,0.8235681992882024,1.0342009349999994,5.170000000000073,4.110000000000582,,DEGRADED_VWAP,,,,,,,,,793.0,,,,,,,5.0,,,,,,,,,,,,,,,,,,,skip: one unpaired leg at a time,countable
2026-08-19 13:16,backtest,full,2026-08-19,3a996da36dc042ed6d71d2ee5c438b319720590fad6be20f87bea4c38d1d7af0,2,heartbeat,R8.1,A,long_first,,,,,,,,,,,,,,DEGRADED_VWAP,,,,,,,3.0,,,,,,,,,,,,,40.1,,,,,,,0.0,39.6,40.0,795.0,,100.0,0.1700000000000727,,"open 15m, clock 45m left, liq-loss $100, spx-adverse 0.17",countable
2026-08-19 13:21,backtest,full,2026-08-19,3a996da36dc042ed6d71d2ee5c438b319720590fad6be20f87bea4c38d1d7af0,2,heartbeat,R8.1,A,long_first,,,,,,,,,,,,,,DEGRADED_VWAP,,,,,,,3.0,,,,,,,,,,,,,40.1,,,,,,,0.0,40.3,40.7,800.0,,100.0,0.0,,"open 20m, clock 40m left, liq-loss $100, spx-adverse 0.00",countable
2026-08-19 13:22,backtest,full,2026-08-19,3a996da36dc042ed6d71d2ee5c438b319720590fad6be20f87bea4c38d1d7af0,2,exit_decision,R7.1,A,long_first,,,,,,,,,,,,,,DEGRADED_VWAP,fill,,,,,,3.0,,,,,,,,,,,,,,,,,,,,,,,,,,,,,countable
2026-08-19 13:22,backtest,full,2026-08-19,3a996da36dc042ed6d71d2ee5c438b319720590fad6be20f87bea4c38d1d7af0,2,exit,R7,A,long_first,7718.62,2026-09-18,7460/7455,,,,,,,,,,,DEGRADED_VWAP,fill,21.0,40.1,chain,,2.990000000000691,3.0,781.0,780.0,39.8,40.1,,,,3.5,4.0,7460.0,7455.0,40.0,40.1,filled,,782.0,40.1,0.1,,0.0,41.1,41.4,802.0,False,100.0,2.990000000000691,10.0,EXIT fill | pnl $+10,countable
2026-08-19 13:32,backtest,full,2026-08-19,3a996da36dc042ed6d71d2ee5c438b319720590fad6be20f87bea4c38d1d7af0,2,gate_fail,R6.2,B,,,,,,0.6044519689999994,3.626711813999997,0.4830288740000004,0.1214230949999999,0.9749290385717994,-0.2288775069999999,,,,DEGRADED_VWAP,,,,,,,,,812.0,,,,,,,5.0,,,,,,,,,,,,,,,,,,,"gates failed: r15<=0,weak_side<0.15",countable
2026-08-19 13:33,backtest,full,2026-08-19,3a996da36dc042ed6d71d2ee5c438b319720590fad6be20f87bea4c38d1d7af0,2,skip,R6.4,B,,,,,,0.5996154459999996,3.2706297054545432,0.4250481580000005,0.174567288,1.0252243035113553,0.1189180570000001,8.030000000000655,1.9299999999993815,,DEGRADED_VWAP,,,,,,,,,813.0,,,,,,,5.0,,,,,,,,,,,,,,,,,,,skip: short blocked: vt_broken (R4),countable
2026-08-19 13:40,backtest,full,2026-08-19,3a996da36dc042ed6d71d2ee5c438b319720590fad6be20f87bea4c38d1d7af0,2,gate_fail,R6.2,B,,,,,,0.6975783980000001,2.325261326666667,0.5529096760000005,0.1446687220000004,1.0458897653536574,0.4149078430000008,,,,DEGRADED_VWAP,,,,,,,,,820.0,,,,,,,6.0,,,,,,,,,,,,,,,,,,,gates failed: weak_side<0.15,countable
2026-08-19 13:41,backtest,full,2026-08-19,3a996da36dc042ed6d71d2ee5c438b319720590fad6be20f87bea4c38d1d7af0,2,skip,R6.4,B,,,,,,0.8968420960000003,2.832132934736843,0.6538216400000003,0.2430204560000004,0.971190861674272,0.1956186840000011,5.1899999999996,2.9399999999996,,DEGRADED_VWAP,,,,,,,,,821.0,,,,,,,6.0,,,,,,,,,,,,,,,,,,,skip: short blocked: vt_broken (R4),countable
2026-08-19 14:08,backtest,full,2026-08-19,3a996da36dc042ed6d71d2ee5c438b319720590fad6be20f87bea4c38d1d7af0,2,veto_change,R4,,,,,,,,,,,,,,,,DEGRADED_VWAP,,,,,,,,,,,,,,,,,,,,,,,,,,,,,,,,,,,vetoes: vt_broken=True levels_invalid=False flow_veto=True,countable
2026-08-19 14:11,backtest,full,2026-08-19,3a996da36dc042ed6d71d2ee5c438b319720590fad6be20f87bea4c38d1d7af0,2,veto_change,R4,,,,,,,,,,,,,,,,DEGRADED_VWAP,,,,,,,,,,,,,,,,,,,,,,,,,,,,,,,,,,,vetoes: vt_broken=True levels_invalid=False flow_veto=False,countable
2026-08-19 14:17,backtest,full,2026-08-19,3a996da36dc042ed6d71d2ee5c438b319720590fad6be20f87bea4c38d1d7af0,2,veto_change,R4,,,,,,,,,,,,,,,,DEGRADED_VWAP,,,,,,,,,,,,,,,,,,,,,,,,,,,,,,,,,,,vetoes: vt_broken=True levels_invalid=False flow_veto=True,countable
2026-08-19 14:20,backtest,full,2026-08-19,3a996da36dc042ed6d71d2ee5c438b319720590fad6be20f87bea4c38d1d7af0,2,veto_change,R4,,,,,,,,,,,,,,,,DEGRADED_VWAP,,,,,,,,,,,,,,,,,,,,,,,,,,,,,,,,,,,vetoes: vt_broken=True levels_invalid=False flow_veto=False,countable
2026-08-19 14:28,backtest,full,2026-08-19,3a996da36dc042ed6d71d2ee5c438b319720590fad6be20f87bea4c38d1d7af0,2,gate_fail,R6.2,B,,,,,,0.3734926980000006,2.0372328981818217,0.2202005730000005,0.1532921250000001,0.7612481891145281,-0.2719824999999991,,,,DEGRADED_VWAP,,,,,,,,,868.0,,,,,,,7.0,,,,,,,,,,,,,,,,,,,gates failed: r15<=0,countable
2026-08-19 14:30,backtest,full,2026-08-19,3a996da36dc042ed6d71d2ee5c438b319720590fad6be20f87bea4c38d1d7af0,2,skip,R6.4,B,,,,,,1.2145425330000004,5.605580921538463,0.6001735110000004,0.614369022,0.7862881702801587,0.7851411480000001,5.0900000000001455,8.789999999999964,,DEGRADED_VWAP,,,,,,,,,870.0,,,,,,,7.0,,,,,,,,,,,,,,,,,,,skip: short blocked: vt_broken (R4),countable
2026-08-19 15:37,backtest,full,2026-08-19,3a996da36dc042ed6d71d2ee5c438b319720590fad6be20f87bea4c38d1d7af0,2,veto_change,R4,,,,,,,,,,,,,,,,DEGRADED_VWAP,,,,,,,,,,,,,,,,,,,,,,,,,,,,,,,,,,,vetoes: vt_broken=True levels_invalid=False flow_veto=True,countable
2026-08-19 15:38,backtest,full,2026-08-19,3a996da36dc042ed6d71d2ee5c438b319720590fad6be20f87bea4c38d1d7af0,2,veto_change,R4,,,,,,,,,,,,,,,,DEGRADED_VWAP,,,,,,,,,,,,,,,,,,,,,,,,,,,,,,,,,,,vetoes: vt_broken=True levels_invalid=False flow_veto=False,countable
2026-08-19 15:39,backtest,full,2026-08-19,3a996da36dc042ed6d71d2ee5c438b319720590fad6be20f87bea4c38d1d7af0,2,veto_change,R4,,,,,,,,,,,,,,,,DEGRADED_VWAP,,,,,,,,,,,,,,,,,,,,,,,,,,,,,,,,,,,vetoes: vt_broken=True levels_invalid=False flow_veto=True,countable
2026-08-19 15:44,backtest,full,2026-08-19,3a996da36dc042ed6d71d2ee5c438b319720590fad6be20f87bea4c38d1d7af0,2,veto_change,R4,,,,,,,,,,,,,,,,DEGRADED_VWAP,,,,,,,,,,,,,,,,,,,,,,,,,,,,,,,,,,,vetoes: vt_broken=True levels_invalid=False flow_veto=False,countable
2026-08-19 15:45,backtest,full,2026-08-19,3a996da36dc042ed6d71d2ee5c438b319720590fad6be20f87bea4c38d1d7af0,2,veto_change,R4,,,,,,,,,,,,,,,,DEGRADED_VWAP,,,,,,,,,,,,,,,,,,,,,,,,,,,,,,,,,,,vetoes: vt_broken=True levels_invalid=False flow_veto=True,countable
2026-08-19 15:58,backtest,full,2026-08-19,3a996da36dc042ed6d71d2ee5c438b319720590fad6be20f87bea4c38d1d7af0,2,veto_change,R4,,,,,,,,,,,,,,,,DEGRADED_VWAP,,,,,,,,,,,,,,,,,,,,,,,,,,,,,,,,,,,vetoes: vt_broken=True levels_invalid=False flow_veto=False,countable
2026-08-19 16:00,backtest,full,2026-08-19,3a996da36dc042ed6d71d2ee5c438b319720590fad6be20f87bea4c38d1d7af0,2,disposition,R10.3,,,,,,,,,,,,,,,,DEGRADED_VWAP,,,,,,,,,,,,,,,,,,,,,,,,,,,,,,,,,,,session countable | outage 0m,countable
2026-08-20 --:--,backtest,full,2026-08-20,3a996da36dc042ed6d71d2ee5c438b319720590fad6be20f87bea4c38d1d7af0,2,banner,R8.2,,,,,,,,,,,,,,,,OK,,,,,,,,,,,,,,,,,,,,,,,,,,,,,,,,,,,session start | CONFIG_HASH=3a996da36dc0… | mode=backtest tier=full,countable
2026-08-20 --:--,backtest,full,2026-08-20,3a996da36dc042ed6d71d2ee5c438b319720590fad6be20f87bea4c38d1d7af0,2,banner,R2.3,,,,,,,,,,,,,,,,OK,,,,,,,,,,,,,,,,,,,,,,,,,,,,,,,,,,,levels valid | VT=7725.0 CW=7900.0 IM=—,countable
2026-08-20 09:30,backtest,full,2026-08-20,3a996da36dc042ed6d71d2ee5c438b319720590fad6be20f87bea4c38d1d7af0,2,outage,R10,,,,,,,,,,,,,,,,DEGRADED_VWAP,,,,,,,,,,,,,,,,,,,,,,,,,,,,,,,,,,,SPY missing — context reads degrade to CHOP (degraded_vwap),countable
2026-08-20 09:30,backtest,full,2026-08-20,3a996da36dc042ed6d71d2ee5c438b319720590fad6be20f87bea4c38d1d7af0,2,veto_change,R4,,,,,,,,,,,,,,,,DEGRADED_VWAP,,,,,,,,,,,,,,,,,,,,,,,,,,,,,,,,,,,vetoes: vt_broken=True levels_invalid=False flow_veto=False,countable
2026-08-20 09:57,backtest,full,2026-08-20,3a996da36dc042ed6d71d2ee5c438b319720590fad6be20f87bea4c38d1d7af0,2,veto_change,R4,,,,,,,,,,,,,,,,DEGRADED_VWAP,,,,,,,,,,,,,,,,,,,,,,,,,,,,,,,,,,,vetoes: vt_broken=True levels_invalid=False flow_veto=True,countable
2026-08-20 10:00,backtest,full,2026-08-20,3a996da36dc042ed6d71d2ee5c438b319720590fad6be20f87bea4c38d1d7af0,2,veto_change,R4,,,,,,,,,,,,,,,,DEGRADED_VWAP,,,,,,,,,,,,,,,,,,,,,,,,,,,,,,,,,,,vetoes: vt_broken=True levels_invalid=False flow_veto=False,countable
2026-08-20 10:04,backtest,full,2026-08-20,3a996da36dc042ed6d71d2ee5c438b319720590fad6be20f87bea4c38d1d7af0,2,veto_change,R4,,,,,,,,,,,,,,,,DEGRADED_VWAP,,,,,,,,,,,,,,,,,,,,,,,,,,,,,,,,,,,vetoes: vt_broken=True levels_invalid=False flow_veto=True,countable
2026-08-20 10:05,backtest,full,2026-08-20,3a996da36dc042ed6d71d2ee5c438b319720590fad6be20f87bea4c38d1d7af0,2,veto_change,R4,,,,,,,,,,,,,,,,DEGRADED_VWAP,,,,,,,,,,,,,,,,,,,,,,,,,,,,,,,,,,,vetoes: vt_broken=True levels_invalid=False flow_veto=False,countable
2026-08-20 10:15,backtest,full,2026-08-20,3a996da36dc042ed6d71d2ee5c438b319720590fad6be20f87bea4c38d1d7af0,2,veto_change,R4,,,,,,,,,,,,,,,,DEGRADED_VWAP,,,,,,,,,,,,,,,,,,,,,,,,,,,,,,,,,,,vetoes: vt_broken=True levels_invalid=False flow_veto=True,countable
2026-08-20 10:17,backtest,full,2026-08-20,3a996da36dc042ed6d71d2ee5c438b319720590fad6be20f87bea4c38d1d7af0,2,veto_change,R4,,,,,,,,,,,,,,,,DEGRADED_VWAP,,,,,,,,,,,,,,,,,,,,,,,,,,,,,,,,,,,vetoes: vt_broken=True levels_invalid=False flow_veto=False,countable
2026-08-20 10:30,backtest,full,2026-08-20,3a996da36dc042ed6d71d2ee5c438b319720590fad6be20f87bea4c38d1d7af0,2,state_line,R3.4,,,,,,,,,,,,,,,CHOP,DEGRADED_VWAP,,,,,,,,,,,,,,,,,,,,,,,,,,,,,,,,,,,10:30 context read: CHOP,countable
2026-08-20 10:50,backtest,full,2026-08-20,3a996da36dc042ed6d71d2ee5c438b319720590fad6be20f87bea4c38d1d7af0,2,signal,R6.1,A,long_first,,,,,0.0,0.0,0.0,0.0,,0.1229179690000004,6.890000000000327,6.469999999999345,,DEGRADED_VWAP,,,,,,,,,650.0,,,,7693.650000000001,,,1.0,,,,,,,,,,,,,,,,,,,SIGNAL A LONG-FIRST | BUY nearest -0.20Δ put (no chain feed) | range60=21.18>=p75 17.72 r30=-0.18 bounce30=6.47 close<mid30=7686.53,countable
2026-08-20 10:50,backtest,full,2026-08-20,3a996da36dc042ed6d71d2ee5c438b319720590fad6be20f87bea4c38d1d7af0,2,pending_entry,R6.1,A,long_first,,2026-09-18,7420/7415,,,,,,,,,,,DEGRADED_VWAP,,,,,,,,,650.0,,,,,,,1.0,7420.0,7415.0,,,,,,,,,,,,,,,,,,countable
2026-08-20 10:51,backtest,full,2026-08-20,3a996da36dc042ed6d71d2ee5c438b319720590fad6be20f87bea4c38d1d7af0,2,entry,R1.4,A,long_first,7686.34,2026-09-18,7420/7415,,,,,,,,,,,DEGRADED_VWAP,,,,chain,,,1.0,651.0,650.0,40.650000000000006,40.9,,,,3.5,1.0,7420.0,7415.0,40.8,40.9,resting,,652.0,,,0.0,0.0,40.5,40.8,651.0,False,0.0,0.0,,ENTRY A | bought 7420P @ 40.80 | resting SELL 7415P @ 40.90,countable
2026-08-20 10:54,backtest,full,2026-08-20,3a996da36dc042ed6d71d2ee5c438b319720590fad6be20f87bea4c38d1d7af0,2,skip,R6.4,A,,,,,,0.271318543,4.069778145000001,0.178524269,0.092794274,0.750503499497268,-0.2707905479999997,6.710000000000036,5.930000000000291,,DEGRADED_VWAP,,,,,,,,,654.0,,,,,,,2.0,,,,,,,,,,,,,,,,,,,skip: one unpaired leg at a time,countable
2026-08-20 10:56,backtest,full,2026-08-20,3a996da36dc042ed6d71d2ee5c438b319720590fad6be20f87bea4c38d1d7af0,2,heartbeat,R8.1,A,long_first,,,,,,,,,,,,,,DEGRADED_VWAP,,,,,,,1.0,,,,,,,,,,,,,40.9,,,,,,,0.0,40.5,40.8,655.0,,80.0,1.8599999999996728,,"open 5m, clock 55m left, liq-loss $80, spx-adverse 1.86",countable
2026-08-20 11:01,backtest,full,2026-08-20,3a996da36dc042ed6d71d2ee5c438b319720590fad6be20f87bea4c38d1d7af0,2,heartbeat,R8.1,A,long_first,,,,,,,,,,,,,,DEGRADED_VWAP,,,,,,,1.0,,,,,,,,,,,,,40.9,,,,,,,0.0,39.4,40.1,660.0,,140.0,12.479999999999563,,"open 10m, clock 50m left, liq-loss $140, spx-adverse 12.48",countable
2026-08-20 11:06,backtest,full,2026-08-20,3a996da36dc042ed6d71d2ee5c438b319720590fad6be20f87bea4c38d1d7af0,2,heartbeat,R8.1,A,long_first,,,,,,,,,,,,,,DEGRADED_VWAP,,,,,,,1.0,,,,,,,,,,,,,40.9,,,,,,,0.0,38.3,38.7,665.0,,300.0,5.199999999999818,,"open 15m, clock 45m left, liq-loss $300, spx-adverse 5.20",countable
2026-08-20 11:11,backtest,full,2026-08-20,3a996da36dc042ed6d71d2ee5c438b319720590fad6be20f87bea4c38d1d7af0,2,heartbeat,R8.1,A,long_first,,,,,,,,,,,,,,DEGRADED_VWAP,,,,,,,1.0,,,,,,,,,,,,,40.9,,,,,,,0.0,40.6,41.1,670.0,,300.0,0.0,,"open 20m, clock 40m left, liq-loss $300, spx-adverse 0.00",countable
2026-08-20 11:14,backtest,full,2026-08-20,3a996da36dc042ed6d71d2ee5c438b319720590fad6be20f87bea4c38d1d7af0,2,skip,R6.4,A,,,,,,0.3382256730000001,6.764513460000003,0.1439376519999999,0.1942880209999999,0.8424222693467738,-0.1512928070000001,12.88000000000011,3.75,,DEGRADED_VWAP,,,,,,,,,674.0,,,,,,,3.0,,,,,,,,,,,,,,,,,,,skip: one unpaired leg at a time,countable
2026-08-20 11:16,backtest,full,2026-08-20,3a996da36dc042ed6d71d2ee5c438b319720590fad6be20f87bea4c38d1d7af0,2,veto_change,R4,,,,,,,,,,,,,,,,DEGRADED_VWAP,,,,,,,,,,,,,,,,,,,,,,,,,,,,,,,,,,,vetoes: vt_broken=True levels_invalid=False flow_veto=True,countable
2026-08-20 11:16,backtest,full,2026-08-20,3a996da36dc042ed6d71d2ee5c438b319720590fad6be20f87bea4c38d1d7af0,2,heartbeat,R8.1,A,long_first,,,,,,,,,,,,,,DEGRADED_VWAP,,,,,,,1.0,,,,,,,,,,,,,40.9,,,,,,,0.0,40.3,40.7,675.0,,300.0,0.0,,"open 25m, clock 35m left, liq-loss $300, spx-adverse 0.00",countable
2026-08-20 11:20,backtest,full,2026-08-20,3a996da36dc042ed6d71d2ee5c438b319720590fad6be20f87bea4c38d1d7af0,2,veto_change,R4,,,,,,,,,,,,,,,,DEGRADED_VWAP,,,,,,,,,,,,,,,,,,,,,,,,,,,,,,,,,,,vetoes: vt_broken=True levels_invalid=False flow_veto=False,countable
2026-08-20 11:21,backtest,full,2026-08-20,3a996da36dc042ed6d71d2ee5c438b319720590fad6be20f87bea4c38d1d7af0,2,veto_change,R4,,,,,,,,,,,,,,,,DEGRADED_VWAP,,,,,,,,,,,,,,,,,,,,,,,,,,,,,,,,,,,vetoes: vt_broken=True levels_invalid=False flow_veto=True,countable
2026-08-20 11:21,backtest,full,2026-08-20,3a996da36dc042ed6d71d2ee5c438b319720590fad6be20f87bea4c38d1d7af0,2,heartbeat,R8.1,A,long_first,,,,,,,,,,,,,,DEGRADED_VWAP,,,,,,,1.0,,,,,,,,,,,,,40.9,,,,,,,0.0,40.3,40.6,680.0,,300.0,0.0,,"open 30m, clock 30m left, liq-loss $300, spx-adverse 0.00",countable
2026-08-20 11:23,backtest,full,2026-08-20,3a996da36dc042ed6d71d2ee5c438b319720590fad6be20f87bea4c38d1d7af0,2,exit_decision,R7.1,A,long_first,,,,,,,,,,,,,,DEGRADED_VWAP,fill,,,,,,1.0,,,,,,,,,,,,,,,,,,,,,,,,,,,,,countable
2026-08-20 11:23,backtest,full,2026-08-20,3a996da36dc042ed6d71d2ee5c438b319720590fad6be20f87bea4c38d1d7af0,2,exit,R7,A,long_first,7686.34,2026-09-18,7420/7415,,,,,,,,,,,DEGRADED_VWAP,fill,32.0,40.9,chain,,13.61999999999989,1.0,651.0,650.0,40.650000000000006,40.9,,,,3.5,1.0,7420.0,7415.0,40.8,40.9,filled,,652.0,40.9,0.1,,0.0,41.5,41.9,683.0,False,300.0,13.61999999999989,10.0,EXIT fill | pnl $+10,countable
2026-08-20 11:25,backtest,full,2026-08-20,3a996da36dc042ed6d71d2ee5c438b319720590fad6be20f87bea4c38d1d7af0,2,veto_change,R4,,,,,,,,,,,,,,,,DEGRADED_VWAP,,,,,,,,,,,,,,,,,,,,,,,,,,,,,,,,,,,vetoes: vt_broken=True levels_invalid=False flow_veto=False,countable
2026-08-20 11:27,backtest,full,2026-08-20,3a996da36dc042ed6d71d2ee5c438b319720590fad6be20f87bea4c38d1d7af0,2,signal,R6.1,A,long_first,,,,,0.3629473500000002,10.888420500000006,0.1059251089999999,0.257022241,0.5572518796459041,-0.6373381599999999,15.339999999999236,3.660000000000764,,DEGRADED_VWAP,,,,,,,,,687.0,,,,7683.72,,,4.0,,,,,,,,,,,,,,,,,,,SIGNAL A LONG-FIRST | BUY nearest -0.20Δ put (no chain feed) | range60=21.38>=p75 17.76 r30=-0.37 bounce30=3.66 close<mid30=7689.45,countable
2026-08-20 11:27,backtest,full,2026-08-20,3a996da36dc042ed6d71d2ee5c438b319720590fad6be20f87bea4c38d1d7af0,2,pending_entry,R6.1,A,long_first,,2026-09-18,7415/7410,,,,,,,,,,,DEGRADED_VWAP,,,,,,,,,687.0,,,,,,,4.0,7415.0,7410.0,,,,,,,,,,,,,,,,,,countable
2026-08-20 11:28,backtest,full,2026-08-20,3a996da36dc042ed6d71d2ee5c438b319720590fad6be20f87bea4c38d1d7af0,2,entry,R1.4,A,long_first,7683.73,2026-09-18,7415/7410,,,,,,,,,,,DEGRADED_VWAP,,,,chain,,,2.0,688.0,687.0,40.3,40.6,,,,3.5,4.0,7415.0,7410.0,40.5,40.6,resting,,689.0,,,0.0,0.0,40.1,40.5,688.0,False,0.0,0.0,,ENTRY A | bought 7415P @ 40.50 | resting SELL 7410P @ 40.60,countable
2026-08-20 11:33,backtest,full,2026-08-20,3a996da36dc042ed6d71d2ee5c438b319720590fad6be20f87bea4c38d1d7af0,2,veto_change,R4,,,,,,,,,,,,,,,,DEGRADED_VWAP,,,,,,,,,,,,,,,,,,,,,,,,,,,,,,,,,,,vetoes: vt_broken=True levels_invalid=False flow_veto=True,countable
2026-08-20 11:33,backtest,full,2026-08-20,3a996da36dc042ed6d71d2ee5c438b319720590fad6be20f87bea4c38d1d7af0,2,heartbeat,R8.1,A,long_first,,,,,,,,,,,,,,DEGRADED_VWAP,,,,,,,2.0,,,,,,,,,,,,,40.6,,,,,,,0.0,40.0,40.4,692.0,,70.0,0.9600000000000364,,"open 5m, clock 55m left, liq-loss $70, spx-adverse 0.96",countable
2026-08-20 11:36,backtest,full,2026-08-20,3a996da36dc042ed6d71d2ee5c438b319720590fad6be20f87bea4c38d1d7af0,2,exit_decision,R7.1,A,long_first,,,,,,,,,,,,,,DEGRADED_VWAP,fill,,,,,,2.0,,,,,,,,,,,,,,,,,,,,,,,,,,,,,countable
2026-08-20 11:36,backtest,full,2026-08-20,3a996da36dc042ed6d71d2ee5c438b319720590fad6be20f87bea4c38d1d7af0,2,exit,R7,A,long_first,7683.73,2026-09-18,7415/7410,,,,,,,,,,,DEGRADED_VWAP,fill,8.0,40.6,chain,,3.3299999999999272,2.0,688.0,687.0,40.3,40.6,,,,3.5,4.0,7415.0,7410.0,40.5,40.6,filled,,689.0,40.6,0.1,,0.0,41.5,41.9,696.0,False,70.0,3.3299999999999272,10.0,EXIT fill | pnl $+10,countable
2026-08-20 11:37,backtest,full,2026-08-20,3a996da36dc042ed6d71d2ee5c438b319720590fad6be20f87bea4c38d1d7af0,2,veto_change,R4,,,,,,,,,,,,,,,,DEGRADED_VWAP,,,,,,,,,,,,,,,,,,,,,,,,,,,,,,,,,,,vetoes: vt_broken=True levels_invalid=False flow_veto=False,countable
2026-08-20 11:38,backtest,full,2026-08-20,3a996da36dc042ed6d71d2ee5c438b319720590fad6be20f87bea4c38d1d7af0,2,veto_change,R4,,,,,,,,,,,,,,,,DEGRADED_VWAP,,,,,,,,,,,,,,,,,,,,,,,,,,,,,,,,,,,vetoes: vt_broken=True levels_invalid=False flow_veto=True,countable
2026-08-20 11:39,backtest,full,2026-08-20,3a996da36dc042ed6d71d2ee5c438b319720590fad6be20f87bea4c38d1d7af0,2,veto_change,R4,,,,,,,,,,,,,,,,DEGRADED_VWAP,,,,,,,,,,,,,,,,,,,,,,,,,,,,,,,,,,,vetoes: vt_broken=True levels_invalid=False flow_veto=False,countable
2026-08-20 11:44,backtest,full,2026-08-20,3a996da36dc042ed6d71d2ee5c438b319720590fad6be20f87bea4c38d1d7af0,2,veto_change,R4,,,,,,,,,,,,,,,,DEGRADED_VWAP,,,,,,,,,,,,,,,,,,,,,,,,,,,,,,,,,,,vetoes: vt_broken=True levels_invalid=False flow_veto=True,countable
2026-08-20 11:47,backtest,full,2026-08-20,3a996da36dc042ed6d71d2ee5c438b319720590fad6be20f87bea4c38d1d7af0,2,veto_change,R4,,,,,,,,,,,,,,,,DEGRADED_VWAP,,,,,,,,,,,,,,,,,,,,,,,,,,,,,,,,,,,vetoes: vt_broken=True levels_invalid=False flow_veto=False,countable
2026-08-20 11:47,backtest,full,2026-08-20,3a996da36dc042ed6d71d2ee5c438b319720590fad6be20f87bea4c38d1d7af0,2,signal,R6.1,A,long_first,,,,,0.4133333019999998,24.79999811999999,0.22873284,0.1846004620000001,0.9656749530431018,-0.6995883150000002,12.760000000000218,3.1400000000003274,,DEGRADED_VWAP,,,,,,,,,707.0,,,,7675.18,,,5.0,,,,,,,,,,,,,,,,,,,SIGNAL A LONG-FIRST | BUY nearest -0.20Δ put (no chain feed) | range60=28.82>=p75 17.79 r30=-1.58 bounce30=3.14 close<mid30=7679.99,countable
2026-08-20 11:47,backtest,full,2026-08-20,3a996da36dc042ed6d71d2ee5c438b319720590fad6be20f87bea4c38d1d7af0,2,pending_entry,R6.1,A,long_first,,2026-09-18,7405/7400,,,,,,,,,,,DEGRADED_VWAP,,,,,,,,,707.0,,,,,,,5.0,7405.0,7400.0,,,,,,,,,,,,,,,,,,countable
2026-08-20 11:48,backtest,full,2026-08-20,3a996da36dc042ed6d71d2ee5c438b319720590fad6be20f87bea4c38d1d7af0,2,entry,R1.4,A,long_first,7675.19,2026-09-18,7405/7400,,,,,,,,,,,DEGRADED_VWAP,,,,chain,,,3.0,708.0,707.0,41.150000000000006,41.4,,,,3.5,5.0,7405.0,7400.0,41.3,41.4,resting,,709.0,,,0.0,0.0,41.0,41.3,708.0,False,0.0,0.0,,ENTRY A | bought 7405P @ 41.30 | resting SELL 7400P @ 41.40,countable
2026-08-20 11:51,backtest,full,2026-08-20,3a996da36dc042ed6d71d2ee5c438b319720590fad6be20f87bea4c38d1d7af0,2,skip,R6.4,A,,,,,,0.8983305700000002,10.779966840000002,0.478934202,0.4193963680000001,0.8948935301177605,0.3195589370000005,8.260000000000218,5.430000000000291,,DEGRADED_VWAP,,,,,,,,,711.0,,,,,,,6.0,,,,,,,,,,,,,,,,,,,skip: one unpaired leg at a time,countable
2026-08-20 11:53,backtest,full,2026-08-20,3a996da36dc042ed6d71d2ee5c438b319720590fad6be20f87bea4c38d1d7af0,2,heartbeat,R8.1,A,long_first,,,,,,,,,,,,,,DEGRADED_VWAP,,,,,,,3.0,,,,,,,,,,,,,41.4,,,,,,,0.0,40.2,40.6,712.0,,110.0,2.3499999999994543,,"open 5m, clock 55m left, liq-loss $110, spx-adverse 2.35",countable
2026-08-20 11:56,backtest,full,2026-08-20,3a996da36dc042ed6d71d2ee5c438b319720590fad6be20f87bea4c38d1d7af0,2,gate_fail,R6.2,B,,,,,,0.7242381390000006,4.345428834000003,0.449193408,0.2750447309999995,0.9497344160164418,-0.0365666659999992,,,,DEGRADED_VWAP,,,,,,,,,716.0,,,,,,,1.0,,,,,,,,,,,,,,,,,,,gates failed: r15<=0,countable
2026-08-20 11:58,backtest,full,2026-08-20,3a996da36dc042ed6d71d2ee5c438b319720590fad6be20f87bea4c38d1d7af0,2,heartbeat,R8.1,A,long_first,,,,,,,,,,,,,,DEGRADED_VWAP,,,,,,,3.0,,,,,,,,,,,,,41.4,,,,,,,0.0,40.5,40.8,717.0,,110.0,2.449999999999818,,"open 10m, clock 50m left, liq-loss $110, spx-adverse 2.45",countable
2026-08-20 11:58,backtest,full,2026-08-20,3a996da36dc042ed6d71d2ee5c438b319720590fad6be20f87bea4c38d1d7af0,2,skip,R6.4,B,,,,,,0.5762655870000004,2.881327935000002,0.4118969500000001,0.1643686369999994,0.9755573570281576,0.0194775140000005,9.010000000000218,4.680000000000291,,DEGRADED_VWAP,,,,,,,,,718.0,,,,,,,1.0,,,,,,,,,,,,,,,,,,,skip: short blocked: vt_broken (R4),countable
2026-08-20 12:03,backtest,full,2026-08-20,3a996da36dc042ed6d71d2ee5c438b319720590fad6be20f87bea4c38d1d7af0,2,heartbeat,R8.1,A,long_first,,,,,,,,,,,,,,DEGRADED_VWAP,,,,,,,3.0,,,,,,,,,,,,,41.4,,,,,,,0.0,40.9,41.2,722.0,,110.0,4.369999999999891,,"open 15m, clock 45m left, liq-loss $110, spx-adverse 4.37",countable
2026-08-20 12:04,backtest,full,2026-08-20,3a996da36dc042ed6d71d2ee5c438b319720590fad6be20f87bea4c38d1d7af0,2,skip,R6.4,B,,,,,,0.6089137050000009,2.0297123500000027,0.364515805,0.2443978999999987,1.0411810652217115,0.0373527840000007,3.9899999999997817,2.9400000000005093,,DEGRADED_VWAP,,,,,,,,,724.0,,,,,,,2.0,,,,,,,,,,,,,,,,,,,skip: short blocked: vt_broken (R4),countable
2026-08-20 12:06,backtest,full,2026-08-20,3a996da36dc042ed6d71d2ee5c438b319720590fad6be20f87bea4c38d1d7af0,2,gate_fail,R6.2,B,,,,,,0.6884657150000009,2.0653971450000026,0.411408843,0.2770568719999988,1.023348349307415,-0.2098648549999993,,,,DEGRADED_VWAP,,,,,,,,,726.0,,,,,,,2.0,,,,,,,,,,,,,,,,,,,gates failed: r15<=0,countable
2026-08-20 12:08,backtest,full,2026-08-20,3a996da36dc042ed6d71d2ee5c438b319720590fad6be20f87bea4c38d1d7af0,2,heartbeat,R8.1,A,long_first,,,,,,,,,,,,,,DEGRADED_VWAP,,,,,,,3.0,,,,,,,,,,,,,41.4,,,,,,,0.0,40.7,41.0,727.0,,120.0,2.949999999999818,,"open 20m, clock 40m left, liq-loss $120, spx-adverse 2.95",countable
2026-08-20 12:13,backtest,full,2026-08-20,3a996da36dc042ed6d71d2ee5c438b319720590fad6be20f87bea4c38d1d7af0,2,heartbeat,R8.1,A,long_first,,,,,,,,,,,,,,DEGRADED_VWAP,,,,,,,3.0,,,,,,,,,,,,,41.4,,,,,,,0.0,40.0,40.3,732.0,,130.0,1.3299999999999272,,"open 25m, clock 35m left, liq-loss $130, spx-adverse 1.33",countable
2026-08-20 12:18,backtest,full,2026-08-20,3a996da36dc042ed6d71d2ee5c438b319720590fad6be20f87bea4c38d1d7af0,2,heartbeat,R8.1,A,long_first,,,,,,,,,,,,,,DEGRADED_VWAP,,,,,,,3.0,,,,,,,,,,,,,41.4,,,,,,,0.0,40.9,41.2,737.0,,130.0,0.0,,"open 30m, clock 30m left, liq-loss $130, spx-adverse 0.00",countable
2026-08-20 12:23,backtest,full,2026-08-20,3a996da36dc042ed6d71d2ee5c438b319720590fad6be20f87bea4c38d1d7af0,2,heartbeat,R8.1,A,long_first,,,,,,,,,,,,,,DEGRADED_VWAP,,,,,,,3.0,,,,,,,,,,,,,41.4,,,,,,,0.0,40.7,41.0,742.0,,130.0,3.1299999999991996,,"open 35m, clock 25m left, liq-loss $130, spx-adverse 3.13",countable
2026-08-20 12:28,backtest,full,2026-08-20,3a996da36dc042ed6d71d2ee5c438b319720590fad6be20f87bea4c38d1d7af0,2,heartbeat,R8.1,A,long_first,,,,,,,,,,,,,,DEGRADED_VWAP,,,,,,,3.0,,,,,,,,,,,,,41.4,,,,,,,0.0,39.9,40.2,747.0,,160.0,1.7999999999992724,,"open 40m, clock 20m left, liq-loss $160, spx-adverse 1.80",countable
2026-08-20 12:33,backtest,full,2026-08-20,3a996da36dc042ed6d71d2ee5c438b319720590fad6be20f87bea4c38d1d7af0,2,heartbeat,R8.1,A,long_first,,,,,,,,,,,,,,DEGRADED_VWAP,,,,,,,3.0,,,,,,,,,,,,,41.4,,,,,,,0.0,40.7,41.1,752.0,,160.0,1.2199999999993452,,"open 45m, clock 15m left, liq-loss $160, spx-adverse 1.22",countable
2026-08-20 12:38,backtest,full,2026-08-20,3a996da36dc042ed6d71d2ee5c438b319720590fad6be20f87bea4c38d1d7af0,2,heartbeat,R8.1,A,long_first,,,,,,,,,,,,,,DEGRADED_VWAP,,,,,,,3.0,,,,,,,,,,,,,41.4,,,,,,,0.0,38.9,39.2,757.0,,240.0,6.259999999999309,,"open 50m, clock 10m left, liq-loss $240, spx-adverse 6.26",countable
2026-08-20 12:43,backtest,full,2026-08-20,3a996da36dc042ed6d71d2ee5c438b319720590fad6be20f87bea4c38d1d7af0,2,heartbeat,R8.1,A,long_first,,,,,,,,,,,,,,DEGRADED_VWAP,,,,,,,3.0,,,,,,,,,,,,,41.4,,,,,,,0.0,38.6,38.9,762.0,,290.0,7.569999999999709,,"open 55m, clock 5m left, liq-loss $290, spx-adverse 7.57",countable
2026-08-20 12:48,backtest,full,2026-08-20,3a996da36dc042ed6d71d2ee5c438b319720590fad6be20f87bea4c38d1d7af0,2,limit_canceled,R7.0,,,,,,,,,,,,,,,,DEGRADED_VWAP,,,,,,,3.0,,,,,,,,,,,,,41.4,,clock,,,,,,,,,,,,,resting limit CANCELED (clock),countable
2026-08-20 12:48,backtest,full,2026-08-20,3a996da36dc042ed6d71d2ee5c438b319720590fad6be20f87bea4c38d1d7af0,2,exit_decision,R7.5,A,long_first,,,,,,,,,,,,,,DEGRADED_VWAP,clock,,,,,,3.0,,,,,,,,,,,,,,,,,,,,,,,,,,,,,countable
2026-08-20 12:49,backtest,full,2026-08-20,3a996da36dc042ed6d71d2ee5c438b319720590fad6be20f87bea4c38d1d7af0,2,exit,R7,A,long_first,7675.19,2026-09-18,7405/7400,,,,,,,,,,,DEGRADED_VWAP,timeout,,38.4,chain,,9.699999999999818,3.0,708.0,707.0,41.150000000000006,41.4,,,,3.5,5.0,7405.0,7400.0,41.3,41.4,canceled,clock,709.0,,,,0.0,38.1,38.4,768.0,False,330.0,9.699999999999818,-290.0,EXIT timeout | pnl $-290,countable
2026-08-20 12:51,backtest,full,2026-08-20,3a996da36dc042ed6d71d2ee5c438b319720590fad6be20f87bea4c38d1d7af0,2,skip,R6.4,B,,,,,,1.367641564,4.102924692,0.635971449,0.731670115,0.8857741778897851,0.0282208289999998,3.0100000000002183,9.039999999999964,,DEGRADED_VWAP,,,,,,,,,771.0,,,,,,,3.0,,,,,,,,,,,,,,,,,,,skip: short blocked: vt_broken (R4),countable
2026-08-20 13:00,backtest,full,2026-08-20,3a996da36dc042ed6d71d2ee5c438b319720590fad6be20f87bea4c38d1d7af0,2,state_line,R3.4,,,,,,,,,,,,,,,CHOP,DEGRADED_VWAP,,,,,,,,,,,,,,,,,,,,,,,,,,,,,,,,,,,13:00 context read: CHOP,countable
2026-08-20 13:05,backtest,full,2026-08-20,3a996da36dc042ed6d71d2ee5c438b319720590fad6be20f87bea4c38d1d7af0,2,veto_change,R4,,,,,,,,,,,,,,,,DEGRADED_VWAP,,,,,,,,,,,,,,,,,,,,,,,,,,,,,,,,,,,vetoes: vt_broken=True levels_invalid=False flow_veto=True,countable
2026-08-20 13:07,backtest,full,2026-08-20,3a996da36dc042ed6d71d2ee5c438b319720590fad6be20f87bea4c38d1d7af0,2,veto_change,R4,,,,,,,,,,,,,,,,DEGRADED_VWAP,,,,,,,,,,,,,,,,,,,,,,,,,,,,,,,,,,,vetoes: vt_broken=True levels_invalid=False flow_veto=False,countable
2026-08-20 13:14,backtest,full,2026-08-20,3a996da36dc042ed6d71d2ee5c438b319720590fad6be20f87bea4c38d1d7af0,2,veto_change,R4,,,,,,,,,,,,,,,,DEGRADED_VWAP,,,,,,,,,,,,,,,,,,,,,,,,,,,,,,,,,,,vetoes: vt_broken=True levels_invalid=False flow_veto=True,countable
2026-08-20 13:23,backtest,full,2026-08-20,3a996da36dc042ed6d71d2ee5c438b319720590fad6be20f87bea4c38d1d7af0,2,veto_change,R4,,,,,,,,,,,,,,,,DEGRADED_VWAP,,,,,,,,,,,,,,,,,,,,,,,,,,,,,,,,,,,vetoes: vt_broken=True levels_invalid=False flow_veto=False,countable
2026-08-20 13:24,backtest,full,2026-08-20,3a996da36dc042ed6d71d2ee5c438b319720590fad6be20f87bea4c38d1d7af0,2,veto_change,R4,,,,,,,,,,,,,,,,DEGRADED_VWAP,,,,,,,,,,,,,,,,,,,,,,,,,,,,,,,,,,,vetoes: vt_broken=True levels_invalid=False flow_veto=True,countable
2026-08-20 13:30,backtest,full,2026-08-20,3a996da36dc042ed6d71d2ee5c438b319720590fad6be20f87bea4c38d1d7af0,2,veto_change,R4,,,,,,,,,,,,,,,,DEGRADED_VWAP,,,,,,,,,,,,,,,,,,,,,,,,,,,,,,,,,,,vetoes: vt_broken=True levels_invalid=False flow_veto=False,countable
2026-08-20 13:37,backtest,full,2026-08-20,3a996da36dc042ed6d71d2ee5c438b319720590fad6be20f87bea4c38d1d7af0,2,veto_change,R4,,,,,,,,,,,,,,,,DEGRADED_VWAP,,,,,,,,,,,,,,,,,,,,,,,,,,,,,,,,,,,vetoes: vt_broken=True levels_invalid=False flow_veto=True,countable
2026-08-20 13:42,backtest,full,2026-08-20,3a996da36dc042ed6d71d2ee5c438b319720590fad6be20f87bea4c38d1d7af0,2,veto_change,R4,,,,,,,,,,,,,,,,DEGRADED_VWAP,,,,,,,,,,,,,,,,,,,,,,,,,,,,,,,,,,,vetoes: vt_broken=True levels_invalid=False flow_veto=False,countable
2026-08-20 13:43,backtest,full,2026-08-20,3a996da36dc042ed6d71d2ee5c438b319720590fad6be20f87bea4c38d1d7af0,2,veto_change,R4,,,,,,,,,,,,,,,,DEGRADED_VWAP,,,,,,,,,,,,,,,,,,,,,,,,,,,,,,,,,,,vetoes: vt_broken=True levels_invalid=False flow_veto=True,countable
2026-08-20 13:44,backtest,full,2026-08-20,3a996da36dc042ed6d71d2ee5c438b319720590fad6be20f87bea4c38d1d7af0,2,veto_change,R4,,,,,,,,,,,,,,,,DEGRADED_VWAP,,,,,,,,,,,,,,,,,,,,,,,,,,,,,,,,,,,vetoes: vt_broken=True levels_invalid=False flow_veto=False,countable
2026-08-20 13:46,backtest,full,2026-08-20,3a996da36dc042ed6d71d2ee5c438b319720590fad6be20f87bea4c38d1d7af0,2,skip,R6.4,A,,,,,,0.9928497899999992,19.856995799999986,0.4618610249999999,0.530988765,0.9373858154313556,-0.3619102220000005,5.270000000000437,3.199999999999818,,DEGRADED_VWAP,,,,,,,,,826.0,,,,,,,7.0,,,,,,,,,,,,,,,,,,,skip: 3 entries/day reached,countable
2026-08-20 14:03,backtest,full,2026-08-20,3a996da36dc042ed6d71d2ee5c438b319720590fad6be20f87bea4c38d1d7af0,2,veto_change,R4,,,,,,,,,,,,,,,,DEGRADED_VWAP,,,,,,,,,,,,,,,,,,,,,,,,,,,,,,,,,,,vetoes: vt_broken=True levels_invalid=False flow_veto=True,countable
2026-08-20 14:18,backtest,full,2026-08-20,3a996da36dc042ed6d71d2ee5c438b319720590fad6be20f87bea4c38d1d7af0,2,skip,R6.4,A,,,,,,0.7763440279999996,23.290320839999985,0.252337523,0.524006505,0.9096343573599316,-1.601917020000001,14.220000000000256,3.6599999999998545,,DEGRADED_VWAP,,,,,,,,,858.0,,,,,,,8.0,,,,,,,,,,,,,,,,,,,skip: 3 entries/day reached,countable
2026-08-20 14:19,backtest,full,2026-08-20,3a996da36dc042ed6d71d2ee5c438b319720590fad6be20f87bea4c38d1d7af0,2,veto_change,R4,,,,,,,,,,,,,,,,DEGRADED_VWAP,,,,,,,,,,,,,,,,,,,,,,,,,,,,,,,,,,,vetoes: vt_broken=True levels_invalid=False flow_veto=False,countable
2026-08-20 14:26,backtest,full,2026-08-20,3a996da36dc042ed6d71d2ee5c438b319720590fad6be20f87bea4c38d1d7af0,2,skip,R6.4,B,,,,,,1.3707137479999982,8.22428248799999,0.5815292930000002,0.789184455,0.9923430453547932,0.9241828589999984,12.899999999999636,3.4700000000002547,,DEGRADED_VWAP,,,,,,,,,866.0,,,,,,,4.0,,,,,,,,,,,,,,,,,,,skip: short blocked: vt_broken (R4),countable
2026-08-20 15:44,backtest,full,2026-08-20,3a996da36dc042ed6d71d2ee5c438b319720590fad6be20f87bea4c38d1d7af0,2,veto_change,R4,,,,,,,,,,,,,,,,DEGRADED_VWAP,,,,,,,,,,,,,,,,,,,,,,,,,,,,,,,,,,,vetoes: vt_broken=True levels_invalid=False flow_veto=True,countable
2026-08-20 15:47,backtest,full,2026-08-20,3a996da36dc042ed6d71d2ee5c438b319720590fad6be20f87bea4c38d1d7af0,2,veto_change,R4,,,,,,,,,,,,,,,,DEGRADED_VWAP,,,,,,,,,,,,,,,,,,,,,,,,,,,,,,,,,,,vetoes: vt_broken=True levels_invalid=False flow_veto=False,countable
2026-08-20 15:54,backtest,full,2026-08-20,3a996da36dc042ed6d71d2ee5c438b319720590fad6be20f87bea4c38d1d7af0,2,veto_change,R4,,,,,,,,,,,,,,,,DEGRADED_VWAP,,,,,,,,,,,,,,,,,,,,,,,,,,,,,,,,,,,vetoes: vt_broken=True levels_invalid=False flow_veto=True,countable
2026-08-20 16:00,backtest,full,2026-08-20,3a996da36dc042ed6d71d2ee5c438b319720590fad6be20f87bea4c38d1d7af0,2,disposition,R10.3,,,,,,,,,,,,,,,,DEGRADED_VWAP,,,,,,,,,,,,,,,,,,,,,,,,,,,,,,,,,,,session countable | outage 0m,countable
