signal_id,ticker,signal_date,entry_date,population_selection_status,original_selection_status,rank_product_label,rank_method,iv30_decimal,iv30_pct,iv60_decimal,iv60_pct,rr30_vol_points,call25_minus_atm30_vol_points,put25_minus_atm30_vol_points,iv30_rank_n,iv30_rank_missing_prior,iv30_rank_status,iv30_rank_window_sessions,iv30_rank_lookback_sessions,iv30_rank_minimum_valid,iv30_rank_first_prior_session,iv30_rank_last_prior_session,iv30_rank_01,iv30_rank_pct,rr30_rank_n,rr30_rank_missing_prior,rr30_rank_status,rr30_rank_window_sessions,rr30_rank_lookback_sessions,rr30_rank_minimum_valid,rr30_rank_first_prior_session,rr30_rank_last_prior_session,rr30_rank_01,rr30_rank_pct,rv30_rv_decimal,rv30_rv_pct,rv30_status,rv30_calendar_days,rv30_n_returns,rv30_expected_returns,rv30_price_quality,rv30_extreme_adjusted_jump_count,rv30_extreme_adjusted_jump_dates,rv30_adjusted_unadjusted_divergence_count,rv30_adjustment_divergence_dates,rv30_max_abs_adjusted_return_pct,rv30_max_abs_unadjusted_return_pct,variance_premium30_recomputed,frozen_rv30_decimal,rv30_minus_frozen,rv60_rv_decimal,rv60_rv_pct,rv60_status,rv60_calendar_days,rv60_n_returns,rv60_expected_returns,rv60_price_quality,rv60_extreme_adjusted_jump_count,rv60_extreme_adjusted_jump_dates,rv60_adjusted_unadjusted_divergence_count,rv60_adjustment_divergence_dates,rv60_max_abs_adjusted_return_pct,rv60_max_abs_unadjusted_return_pct,variance_premium60_recomputed,frozen_rv60_decimal,rv60_minus_frozen,rv_method,variance_premium_units,rv_price_basis,signal_adjusted_close,signal_unadjusted_close,signal_summary_spot,summary_to_unadjusted_close_gap_pct,iv_input_review,call_wing_5delta_10d_vol_points,call_wing_proxy_rank_pct,wing_observed_age_sessions,wing_age_left_censored,wing_cumulative_normalized_rank_excess,wing_pullback_from_known_peak_vol_points,wing_rollover_two_sessions,wing_expanding_two_sessions,wing_slope_vol_points_per_session,wing_second_difference_vol_points,iv10_slope_vol_points_per_session,iv10_second_difference_vol_points,call_skew_exearn_25delta_30d_vol_points,call_skew_exearn_25delta_proxy_rank_pct,surface_confidence_pct,dollar_turnover20,wing_depth_above_rank85_points,proxy_rank_method,original_expiry,original_far_strike,original_near_strike,original_signal_delta,original_signal_near_delta,original_signal_otm_pct,original_signal_spot,original_signal_calendar_dte,original_signal_delta_points,why_qualified,signal_earnings_status,entry_earnings_status,signal_next_actual_earnings,entry_next_actual_earnings,holding_deadline,variant_expiry,variant_far_strike,variant_near_strike,variant_signal_delta,variant_signal_near_delta,variant_signal_otm_pct,variant_signal_spot,variant_signal_calendar_dte,variant_selection_status,variant_name,variant_richness_status,variant_richness_delta,variant_richness_log_forward_moneyness,variant_richness_dte,variant_richness_forward,variant_richness_bid_iv,variant_richness_atm_mid_iv,variant_richness_bid_excess_vol_points,variant_richness_forward_type,variant_richness_atm_definition,variant_richness_delta_dte_n,variant_richness_delta_dte_mean,variant_richness_delta_dte_sample_std,variant_richness_delta_dte_z,variant_richness_delta_dte_midrank_percentile,variant_richness_delta_dte_status,variant_richness_forward_moneyness_dte_n,variant_richness_forward_moneyness_dte_mean,variant_richness_forward_moneyness_dte_sample_std,variant_richness_forward_moneyness_dte_z,variant_richness_forward_moneyness_dte_midrank_percentile,variant_richness_forward_moneyness_dte_status,original_near_otm_pct,original_near_delta_points,original_far_delta_points,variant_near_otm_pct,variant_near_delta_points,variant_far_delta_points,original_expiry_calendar_dte,variant_expiry_calendar_dte
AAL:2026-06-11,AAL,2026-06-11,2026-06-12,selected,selected,SpotGamma-compatible ORATS reconstruction; not official values,30D_input_prior_252_exchange_sessions_min100_strict_below_exclude_current,0.508583,50.8583,0.554187,55.4187,-1.2545000000000028,1.8113999999999963,3.065899999999999,252,0,ok,252,252,100,2025-06-10,2026-06-10,0.5714285714285714,57.14285714285714,252,0,ok,252,252,100,2025-06-10,2026-06-10,0.8849206349206349,88.4920634920635,0.5850293860756263,58.502938607562626,ok_reported_adjusted_prices,30,21,21,no_threshold_flag,0,,0,,9.165424739195238,9.165424739195238,-0.0836027146830241,0.5850293860756263,0.0,0.5493566019791852,54.93566019791852,ok_reported_adjusted_prices,60,43,43,no_threshold_flag,0,,0,,9.165424739195238,9.165424739195238,0.005330554830883,0.5493566019791852,0.0,252_mean_squared_log_returns_reported_clsPx_complete_calendar_window,annualized_decimal_variance,ORATS_reported_adjusted_clsPx_not_independently_corporate_action_verified,14.65,14.65,14.5,-1.0238907849829393,no_extreme_input_threshold_flag,10.160199999999996,92.85714285714286,2.0,False,1.3915343915343916,2.4071999999999996,False,False,-2.4071999999999996,-10.188899999999991,-1.8186000000000035,-2.33850000000001,1.8113999999999963,98.41269841269842,64.5026,1215042302.7405,7.857142857142861,frozen_252_session_min126_strict_below_not_Compass_IV_or_RR,2026-06-18,16.5,16.0,0.0643415443771809,0.1205664526253616,13.793103448275868,14.5,7.0,6.43415443771809,"Frozen HIRO stock with 92.9th-percentile positive front call wing (10.2 volatility points), 64.5% surface confidence and $1215.0m daily dollar turnover; passed the retrospective 30-day earnings and nonoverlap gates with an entry-day HIRO archive; contract status: selected.",clear,clear,2026-07-23,2026-07-23,2026-06-18,2026-06-18,16.0,15.5,0.1205664526253616,0.2079779628613293,10.344827586206897,14.5,7.0,selected,delta10_otm5,history_not_requested_no_preliminary_entry,,,,,,,,,,,,,,,,,,,,,,10.344827586206897,12.05664526253616,6.43415443771809,6.896551724137923,20.79779628613293,12.05664526253616,7.0,7.0
ASML:2026-06-11,ASML,2026-06-11,2026-06-12,selected,selected,SpotGamma-compatible ORATS reconstruction; not official values,30D_input_prior_252_exchange_sessions_min100_strict_below_exclude_current,0.616035,61.6035,0.638633,63.8633,0.2186000000000021,0.5031000000000008,0.2844999999999986,252,0,ok,252,252,100,2025-06-10,2026-06-10,0.996031746031746,99.6031746031746,252,0,ok,252,252,100,2025-06-10,2026-06-10,0.9365079365079364,93.65079365079364,0.6085338586694141,60.85338586694141,ok_reported_adjusted_prices,30,21,21,no_threshold_flag,0,,0,,9.531424085159944,9.531250900997,0.0091856640779135,0.6085338586694142,-1.1102230246251563e-16,0.5429261692286698,54.292616922866976,ok_reported_adjusted_prices,60,43,43,no_threshold_flag,0,,0,,9.531424085159944,9.531250900997,0.1130832834556818,0.5429261692286698,0.0,252_mean_squared_log_returns_reported_clsPx_complete_calendar_window,annualized_decimal_variance,ORATS_reported_adjusted_clsPx_not_independently_corporate_action_verified,1897.38,1899.48,1888.05,-0.6017436351001382,no_extreme_input_threshold_flag,9.0653,97.61904761904762,2.0,False,1.206349206349207,0.0,False,True,1.7969999999999935,0.4530999999999849,-2.209300000000003,-7.1685,0.5031000000000008,88.0952380952381,94.5642,3019490645.8175,12.61904761904762,frozen_252_session_min126_strict_below_not_Compass_IV_or_RR,2026-06-18,2260.0,2250.0,0.0485975992652326,0.0526612882585846,19.700219803500964,1888.05,7.0,4.859759926523259,"Frozen HIRO stock with 97.6th-percentile positive front call wing (9.1 volatility points), 94.6% surface confidence and $3019.5m daily dollar turnover; passed the retrospective 30-day earnings and nonoverlap gates with an entry-day HIRO archive; contract status: selected.",clear,clear,2026-07-15,2026-07-15,2026-06-18,2026-06-18,2150.0,2140.0,0.1016295214085655,0.1085611655247231,13.874102910410224,1888.05,7.0,selected,delta10_otm5,history_not_requested_no_preliminary_entry,,,,,,,,,,,,,,,,,,,,,,19.170572813219987,5.26612882585846,4.859759926523259,13.344455920129228,10.85611655247231,10.16295214085655,7.0,7.0
ASTS:2026-06-11,ASTS,2026-06-11,2026-06-12,selected,selected,SpotGamma-compatible ORATS reconstruction; not official values,30D_input_prior_252_exchange_sessions_min100_strict_below_exclude_current,1.24675,124.675,1.19285,119.285,5.28099999999998,4.383999999999988,-0.8969999999999922,252,0,ok,252,252,100,2025-06-10,2026-06-10,0.98015873015873,98.015873015873,252,0,ok,252,252,100,2025-06-10,2026-06-10,0.5119047619047619,51.19047619047619,1.2694160670416106,126.94160670416106,ok_reported_adjusted_prices,30,21,21,no_threshold_flag,0,,0,,14.786986249906086,14.786986249906086,-0.0570315887633907,1.2694160670416106,0.0,1.1953942977190468,119.53942977190468,ok_reported_adjusted_prices,60,43,43,no_threshold_flag,0,,0,,14.843152257077286,14.843152257077286,-0.0060764045192132,1.1953942977190468,0.0,252_mean_squared_log_returns_reported_clsPx_complete_calendar_window,annualized_decimal_variance,ORATS_reported_adjusted_clsPx_not_independently_corporate_action_verified,97.56,97.56,97.88,0.3280032800327959,no_extreme_input_threshold_flag,30.437000000000005,96.03174603174604,3.0,False,2.1269841269841274,0.5579999999999892,False,False,0.7230000000000096,2.0040000000000084,11.712999999999996,9.095999999999991,4.383999999999988,60.31746031746032,88.12830000000001,2696339289.538,11.03174603174604,frozen_252_session_min126_strict_below_not_Compass_IV_or_RR,2026-06-18,160.0,155.0,0.0451179798847859,0.0551763945040153,63.46546791990193,97.88,7.0,4.51179798847859,"Frozen HIRO stock with 96.0th-percentile positive front call wing (30.4 volatility points), 88.1% surface confidence and $2696.3m daily dollar turnover; passed the retrospective 30-day earnings and nonoverlap gates with an entry-day HIRO archive; contract status: selected.",clear,clear,2026-08-10,2026-08-10,2026-06-18,2026-06-18,140.0,135.0,0.0993626393699584,0.1218889919649798,43.03228442991418,97.88,7.0,selected,delta10_otm5,history_not_requested_no_preliminary_entry,,,,,,,,,,,,,,,,,,,,,,58.357172047405,5.51763945040153,4.51179798847859,37.92398855741725,12.18889919649798,9.93626393699584,7.0,7.0
CPNG:2026-06-11,CPNG,2026-06-11,2026-06-12,selected,selected,SpotGamma-compatible ORATS reconstruction; not official values,30D_input_prior_252_exchange_sessions_min100_strict_below_exclude_current,0.580443,58.04430000000001,0.640989,64.0989,-3.059499999999993,-0.4520999999999997,2.607399999999993,252,0,ok,252,252,100,2025-06-10,2026-06-10,0.9285714285714286,92.85714285714286,252,0,ok,252,252,100,2025-06-10,2026-06-10,0.496031746031746,49.60317460317461,0.706875407416404,70.6875407416404,ok_reported_adjusted_prices,30,21,21,no_threshold_flag,0,,0,,14.087301587301605,14.087301587301605,-0.162758765361107,0.706875407416404,0.0,0.6638965693011998,66.38965693011998,ok_reported_adjusted_prices,60,43,43,no_threshold_flag,0,,0,,14.087301587301605,14.087301587301605,-0.0298917566089027,0.6638965693011998,0.0,252_mean_squared_log_returns_reported_clsPx_complete_calendar_window,annualized_decimal_variance,ORATS_reported_adjusted_clsPx_not_independently_corporate_action_verified,17.25,17.25,17.15,-0.5797101449275477,no_extreme_input_threshold_flag,8.844700000000005,93.25396825396824,4.0,False,2.8095238095238093,3.8977999999999966,True,False,-3.120999999999997,-2.344199999999997,-1.8013000000000057,-1.2209000000000023,-0.4520999999999997,53.17460317460318,64.75189999999999,428877932.0405,8.253968253968239,frozen_252_session_min126_strict_below_not_Compass_IV_or_RR,2026-06-18,20.0,19.5,0.0725293290971459,0.1141259122052182,16.618075801749278,17.15,7.0,7.25293290971459,"Frozen HIRO stock with 93.3th-percentile positive front call wing (8.8 volatility points), 64.8% surface confidence and $428.9m daily dollar turnover; passed the retrospective 30-day earnings and nonoverlap gates with an entry-day HIRO archive; contract status: selected.",clear,clear,2026-08-04,2026-08-04,2026-06-18,2026-06-18,19.5,19.0,0.1141259122052182,0.1690652888052013,13.702623906705558,17.15,7.0,selected,delta10_otm5,history_not_requested_no_preliminary_entry,,,,,,,,,,,,,,,,,,,,,,13.702623906705558,11.41259122052182,7.25293290971459,10.787172011661816,16.90652888052013,11.41259122052182,7.0,7.0
CRSP:2026-06-11,CRSP,2026-06-11,2026-06-12,selected,selected,SpotGamma-compatible ORATS reconstruction; not official values,30D_input_prior_252_exchange_sessions_min100_strict_below_exclude_current,0.559175,55.9175,0.61539,61.539,0.2921000000000062,2.1658000000000066,1.8737000000000004,252,0,ok,252,252,100,2025-06-10,2026-06-10,0.1666666666666666,16.666666666666664,252,0,ok,252,252,100,2025-06-10,2026-06-10,0.373015873015873,37.301587301587304,0.6168471562866253,61.68471562866253,ok_reported_adjusted_prices,30,21,21,no_threshold_flag,0,,0,,9.350998463901703,9.350998463901703,-0.0678237335938964,0.6168471562866253,0.0,0.644545195647128,64.4545195647128,ok_reported_adjusted_prices,60,43,43,no_threshold_flag,0,,0,,11.598405219282348,11.598405219282348,-0.0367336571317944,0.6445451956471281,-1.1102230246251563e-16,252_mean_squared_log_returns_reported_clsPx_complete_calendar_window,annualized_decimal_variance,ORATS_reported_adjusted_clsPx_not_independently_corporate_action_verified,50.23,50.23,50.63,0.7963368504877666,no_extreme_input_threshold_flag,22.0614,87.3015873015873,2.0,False,0.3862433862433865,0.1838000000000121,False,False,-0.1838000000000121,-6.686700000000025,-3.4850999999999965,-3.273999999999988,2.1658000000000066,53.17460317460318,71.40180000000001,90615408.23,2.301587301587304,frozen_252_session_min126_strict_below_not_Compass_IV_or_RR,2026-06-18,62.0,61.0,0.047488441069763,0.0846720680076737,22.45704127987358,50.63,7.0,4.7488441069763,"Frozen HIRO stock with 87.3th-percentile positive front call wing (22.1 volatility points), 71.4% surface confidence and $90.6m daily dollar turnover; passed the retrospective 30-day earnings and nonoverlap gates with an entry-day HIRO archive; contract status: selected.",clear,clear,2026-08-03,2026-08-03,2026-06-18,2026-06-18,60.0,59.0,0.1069026999163996,0.1157764288088925,18.506814141813145,50.63,7.0,selected,delta10_otm5,history_not_requested_no_preliminary_entry,,,,,,,,,,,,,,,,,,,,,,20.48192771084336,8.46720680076737,4.7488441069763,16.531700572782924,11.57764288088925,10.69026999163996,7.0,7.0
DKNG:2026-06-11,DKNG,2026-06-11,2026-06-12,selected,selected,SpotGamma-compatible ORATS reconstruction; not official values,30D_input_prior_252_exchange_sessions_min100_strict_below_exclude_current,0.526461,52.6461,0.562424,56.2424,-1.530700000000007,-0.1744999999999996,1.3562000000000074,252,0,ok,252,252,100,2025-06-10,2026-06-10,0.5079365079365079,50.79365079365079,252,0,ok,252,252,100,2025-06-10,2026-06-10,0.8253968253968254,82.53968253968253,0.6062673390298855,60.62673390298855,ok_reported_adjusted_prices,30,21,21,no_threshold_flag,0,,0,,11.339790153349472,11.339790153349472,-0.0903989018533781,0.6062673390298855,0.0,0.5013281810936342,50.13281810936342,ok_reported_adjusted_prices,60,43,43,no_threshold_flag,0,,0,,11.339790153349472,11.339790153349472,0.0649908106173483,0.5013281810936342,0.0,252_mean_squared_log_returns_reported_clsPx_complete_calendar_window,annualized_decimal_variance,ORATS_reported_adjusted_clsPx_not_independently_corporate_action_verified,30.02,30.02,29.81,-0.6995336442371825,no_extreme_input_threshold_flag,7.713500000000007,87.3015873015873,2.0,False,0.7037037037037038,2.3612999999999875,False,False,-2.3612999999999875,-10.26849999999999,-5.654600000000009,-6.506400000000012,-0.1744999999999996,73.41269841269842,70.02199999999999,346373882.9905,2.301587301587304,frozen_252_session_min126_strict_below_not_Compass_IV_or_RR,2026-06-18,34.0,33.0,0.0578905282836055,0.1086808424827685,14.055686011405566,29.81,7.0,5.78905282836055,"Frozen HIRO stock with 87.3th-percentile positive front call wing (7.7 volatility points), 70.0% surface confidence and $346.4m daily dollar turnover; passed the retrospective 30-day earnings and nonoverlap gates with an entry-day HIRO archive; contract status: selected.",clear,clear,2026-08-06,2026-08-06,2026-06-18,2026-06-18,33.0,32.0,0.1086808424827685,0.1934997447522484,10.70110701107012,29.81,7.0,selected,delta10_otm5,history_not_requested_no_preliminary_entry,,,,,,,,,,,,,,,,,,,,,,10.70110701107012,10.868084248276851,5.78905282836055,7.346528010734654,19.34997447522484,10.868084248276851,7.0,7.0
DVN:2026-06-11,DVN,2026-06-11,2026-06-12,selected,selected,SpotGamma-compatible ORATS reconstruction; not official values,30D_input_prior_252_exchange_sessions_min100_strict_below_exclude_current,0.388398,38.8398,0.402546,40.2546,-1.3112999999999986,0.0190999999999996,1.3303999999999985,252,0,ok,252,252,100,2025-06-10,2026-06-10,0.7063492063492064,70.63492063492063,252,0,ok,252,252,100,2025-06-10,2026-06-10,0.753968253968254,75.39682539682539,0.4252421681234286,42.52421681234286,ok_reported_adjusted_prices,30,21,21,no_threshold_flag,0,,0,,5.7358318098720495,5.7408668028137155,-0.0299778951463142,0.4252421681234286,0.0,0.4346042649642836,43.46042649642837,ok_reported_adjusted_prices,60,43,43,no_threshold_flag,0,,0,,8.61149516097175,8.609531280643267,-0.0268375850091452,0.4346042649642837,-5.551115123125783e-17,252_mean_squared_log_returns_reported_clsPx_complete_calendar_window,annualized_decimal_variance,ORATS_reported_adjusted_clsPx_not_independently_corporate_action_verified,44.29,44.61,44.82,0.470746469401484,no_extreme_input_threshold_flag,7.789399999999996,85.31746031746032,1.0,False,0.021164021164021,0.0,False,False,1.1861999999999924,3.737299999999988,-1.8127999999999975,-1.3637999999999983,0.0190999999999996,65.47619047619048,68.3052,654593562.0979999,0.3174603174603163,frozen_252_session_min126_strict_below_not_Compass_IV_or_RR,2026-06-18,50.0,49.5,0.0522733685546984,0.0667708509357655,11.55734047300312,44.82,7.0,5.22733685546984,"Frozen HIRO stock with 85.3th-percentile positive front call wing (7.8 volatility points), 68.3% surface confidence and $654.6m daily dollar turnover; passed the retrospective 30-day earnings and nonoverlap gates with an entry-day HIRO archive; contract status: selected.",clear,clear,2026-08-04,2026-08-04,2026-06-18,2026-06-18,48.5,48.0,0.1067706583213642,0.1345888113422842,8.210620258813028,44.82,7.0,selected,delta10_otm5,history_not_requested_no_preliminary_entry,,,,,,,,,,,,,,,,,,,,,,10.441767068273087,6.67708509357655,5.22733685546984,7.095046854082998,13.45888113422842,10.67706583213642,7.0,7.0
GILD:2026-06-11,GILD,2026-06-11,2026-06-12,selected,selected,SpotGamma-compatible ORATS reconstruction; not official values,30D_input_prior_252_exchange_sessions_min100_strict_below_exclude_current,0.273848,27.3848,0.295638,29.5638,-2.416600000000002,-0.0209999999999987,2.3956000000000035,252,0,ok,252,252,100,2025-06-10,2026-06-10,0.3055555555555556,30.555555555555557,252,0,ok,252,252,100,2025-06-10,2026-06-10,0.8452380952380952,84.52380952380952,0.2762477574016379,27.624775740163788,ok_reported_adjusted_prices,30,21,21,no_threshold_flag,0,,0,,3.612561106968259,3.6137635824827097,-0.0013200963654341,0.2762477574016379,0.0,0.2450586151432772,24.505861514327723,ok_reported_adjusted_prices,60,43,43,no_threshold_flag,0,,0,,3.612561106968259,3.6137635824827097,0.0273481021880591,0.2450586151432772,2.7755575615628914e-17,252_mean_squared_log_returns_reported_clsPx_complete_calendar_window,annualized_decimal_variance,ORATS_reported_adjusted_clsPx_not_independently_corporate_action_verified,125.05,125.87,126.29,0.3336776038770139,no_extreme_input_threshold_flag,5.1309,94.44444444444444,4.0,False,2.201058201058201,0.0533000000000001,False,False,1.8536999999999972,3.7606999999999946,-2.308499999999997,-3.117399999999998,-0.0209999999999987,94.84126984126983,79.821,1034485293.739,9.444444444444445,frozen_252_session_min126_strict_below_not_Compass_IV_or_RR,2026-06-18,135.0,134.0,0.0463783130162624,0.059338771172012,6.896824768390197,126.29,7.0,4.63783130162624,"Frozen HIRO stock with 94.4th-percentile positive front call wing (5.1 volatility points), 79.8% surface confidence and $1034.5m daily dollar turnover; passed the retrospective 30-day earnings and nonoverlap gates with an entry-day HIRO archive; contract status: selected.",clear,clear,2026-08-04,2026-08-04,2026-06-18,2026-06-18,133.0,132.0,0.0868592884155682,0.1237685667980773,5.313168105154786,126.29,7.0,selected,delta10_otm5,history_not_requested_no_preliminary_entry,,,,,,,,,,,,,,,,,,,,,,6.104996436772492,5.9338771172012,4.63783130162624,4.521339773537103,12.37685667980773,8.68592884155682,7.0,7.0
HPQ:2026-06-11,HPQ,2026-06-11,2026-06-12,selected,selected,SpotGamma-compatible ORATS reconstruction; not official values,30D_input_prior_252_exchange_sessions_min100_strict_below_exclude_current,0.473787,47.3787,0.491286,49.1286,3.4885000000000055,2.6990000000000016,-0.7895000000000041,252,0,ok,252,252,100,2025-06-10,2026-06-10,0.7658730158730159,76.5873015873016,252,0,ok,252,252,100,2025-06-10,2026-06-10,0.9682539682539684,96.82539682539682,0.7516671522350595,75.16671522350595,ok_reported_adjusted_prices,30,21,21,no_threshold_flag,0,,0,,15.251141552511417,15.251141552511417,-0.3405293863801641,0.7516671522350594,1.1102230246251563e-16,0.63710612253122,63.710612253122,ok_reported_adjusted_prices,60,43,43,no_threshold_flag,0,,0,,15.251141552511417,15.251141552511417,-0.1645422775707659,0.6371061225312199,1.1102230246251563e-16,252_mean_squared_log_returns_reported_clsPx_complete_calendar_window,annualized_decimal_variance,ORATS_reported_adjusted_clsPx_not_independently_corporate_action_verified,24.68,24.68,24.73,0.2025931928687274,no_extreme_input_threshold_flag,6.3294000000000015,88.88888888888889,14.0,False,10.4021164021164,19.5687,False,False,-3.0395000000000003,-4.891300000000003,-3.439200000000003,-4.460200000000008,2.6990000000000016,96.82539682539682,82.2971,620504820.25,3.8888888888888857,frozen_252_session_min126_strict_below_not_Compass_IV_or_RR,2026-06-18,28.0,27.5,0.0581308326023158,0.0874822203973692,13.222806308127776,24.73,7.0,5.81308326023158,"Frozen HIRO stock with 88.9th-percentile positive front call wing (6.3 volatility points), 82.3% surface confidence and $620.5m daily dollar turnover; passed the retrospective 30-day earnings and nonoverlap gates with an entry-day HIRO archive; contract status: selected.",clear,clear,2026-08-26,2026-08-26,2026-06-18,2026-06-18,27.5,27.0,0.0874822203973692,0.1291711195853024,11.200970481196926,24.73,7.0,selected,delta10_otm5,history_not_requested_no_preliminary_entry,,,,,,,,,,,,,,,,,,,,,,11.200970481196926,8.748222039736921,5.81308326023158,9.179134654266075,12.91711195853024,8.748222039736921,7.0,7.0
MO:2026-06-11,MO,2026-06-11,2026-06-12,selected,selected,SpotGamma-compatible ORATS reconstruction; not official values,30D_input_prior_252_exchange_sessions_min100_strict_below_exclude_current,0.213444,21.3444,0.260199,26.0199,0.4181999999999991,0.7717000000000002,0.353500000000001,252,0,ok,252,252,100,2025-06-10,2026-06-10,0.5198412698412699,51.98412698412699,252,0,ok,252,252,100,2025-06-10,2026-06-10,0.996031746031746,99.6031746031746,0.2396024051132811,23.960240511328116,ok_reported_adjusted_prices,30,21,21,no_threshold_flag,0,,0,,3.3281624594556525,3.320828122828956,-0.0118509714000689,0.2396024051132812,-2.7755575615628914e-17,0.2946444749086293,29.464447490862938,ok_reported_adjusted_prices,60,43,43,no_threshold_flag,0,,0,,6.517857142857131,6.524926686217003,-0.0191118469931819,0.2946444749086293,5.551115123125783e-17,252_mean_squared_log_returns_reported_clsPx_complete_calendar_window,annualized_decimal_variance,ORATS_reported_adjusted_clsPx_not_independently_corporate_action_verified,70.36,71.41,71.95,0.7561966111188978,no_extreme_input_threshold_flag,3.4946000000000033,86.9047619047619,1.0,False,0.1269841269841265,0.0,False,True,1.9770000000000063,-0.13689999999999,-2.716000000000002,-0.8525000000000005,0.7717000000000002,97.22222222222224,66.6734,560243147.689,1.904761904761898,frozen_252_session_min126_strict_below_not_Compass_IV_or_RR,2026-06-18,76.0,75.0,0.0343368416438848,0.0708790294794281,5.628908964558721,71.95,7.0,3.43368416438848,"Frozen HIRO stock with 86.9th-percentile positive front call wing (3.5 volatility points), 66.7% surface confidence and $560.2m daily dollar turnover; passed the retrospective 30-day earnings and nonoverlap gates with an entry-day HIRO archive; contract status: selected.",clear,clear,2026-07-30,2026-07-30,2026-06-18,2026-06-18,,,,,,,,no_call_in_delta_band,delta10_otm5,history_not_requested_no_preliminary_entry,,,,,,,,,,,,,,,,,,,,,,4.2390548992355725,7.08790294794281,3.43368416438848,,,,7.0,7.0
NET:2026-06-11,NET,2026-06-11,2026-06-12,selected,selected,SpotGamma-compatible ORATS reconstruction; not official values,30D_input_prior_252_exchange_sessions_min100_strict_below_exclude_current,0.636489,63.6489,0.704572,70.4572,-3.6800999999999977,-0.7773999999999948,2.9027000000000025,252,0,ok,252,252,100,2025-06-10,2026-06-10,0.6547619047619048,65.47619047619048,252,0,ok,252,252,100,2025-06-10,2026-06-10,0.5674603174603174,56.74603174603175,0.728990388429112,72.8990388429112,ok_reported_adjusted_prices,30,21,21,no_threshold_flag,0,,0,,11.99239103465388,11.99239103465388,-0.1263087393010276,0.7289903884291119,1.1102230246251563e-16,0.939727760781952,93.97277607819518,ok_reported_adjusted_prices,60,43,43,no_threshold_flag,0,,0,,23.62241520308423,23.62241520308423,-0.3866665612002614,0.9397277607819516,2.220446049250313e-16,252_mean_squared_log_returns_reported_clsPx_complete_calendar_window,annualized_decimal_variance,ORATS_reported_adjusted_clsPx_not_independently_corporate_action_verified,227.44,227.44,228.17,0.320963770664795,no_extreme_input_threshold_flag,4.285400000000006,86.11111111111111,9.0,False,6.354497354497354,7.804199999999995,False,False,-5.394999999999994,-7.660299999999987,-8.056600000000003,-7.8049000000000035,-0.7773999999999948,73.41269841269842,95.2071,966622521.3215,1.1111111111111145,frozen_252_session_min126_strict_below_not_Compass_IV_or_RR,2026-06-18,270.0,267.5,0.0495356436377085,0.0591167773500276,18.332822018670303,228.17,7.0,4.95356436377085,"Frozen HIRO stock with 86.1th-percentile positive front call wing (4.3 volatility points), 95.2% surface confidence and $966.6m daily dollar turnover; passed the retrospective 30-day earnings and nonoverlap gates with an entry-day HIRO archive; contract status: selected.",clear,clear,2026-08-06,2026-08-06,2026-06-18,2026-06-18,260.0,257.5,0.0966292366724745,0.1177223125418723,13.95012490686769,228.17,7.0,selected,delta10_otm5,history_not_requested_no_preliminary_entry,,,,,,,,,,,,,,,,,,,,,,17.23714774071965,5.91167773500276,4.95356436377085,12.854450628917036,11.772231254187233,9.66292366724745,7.0,7.0
PLTR:2026-06-11,PLTR,2026-06-11,2026-06-12,selected,selected,SpotGamma-compatible ORATS reconstruction; not official values,30D_input_prior_252_exchange_sessions_min100_strict_below_exclude_current,0.489628,48.9628,0.536397,53.639700000000005,-1.595299999999994,0.1915,1.786799999999994,252,0,ok,252,252,100,2025-06-10,2026-06-10,0.2658730158730158,26.58730158730159,252,0,ok,252,252,100,2025-06-10,2026-06-10,0.8095238095238095,80.95238095238095,0.5949301160740471,59.49301160740471,ok_reported_adjusted_prices,30,21,21,no_threshold_flag,0,,0,,9.20887400586019,9.20887400586019,-0.1142062646278791,0.5949301160740471,0.0,0.5416560308011273,54.16560308011273,ok_reported_adjusted_prices,60,43,43,no_threshold_flag,0,,0,,9.20887400586019,9.20887400586019,-0.0056695140942318,0.5416560308011272,1.1102230246251563e-16,252_mean_squared_log_returns_reported_clsPx_complete_calendar_window,annualized_decimal_variance,ORATS_reported_adjusted_clsPx_not_independently_corporate_action_verified,131.08,131.08,131.14,0.0457735733902842,no_extreme_input_threshold_flag,9.051100000000002,92.85714285714286,2.0,False,0.7037037037037037,0.0,False,True,1.2453999999999974,-0.5807000000000109,-3.5837999999999925,-3.5295999999999883,0.1915,76.58730158730158,94.9255,5429693117.462,7.857142857142861,frozen_252_session_min126_strict_below_not_Compass_IV_or_RR,2026-06-18,152.5,150.0,0.0472554278304415,0.0617112555261337,16.28793655635201,131.14,7.0,4.72554278304415,"Frozen HIRO stock with 92.9th-percentile positive front call wing (9.1 volatility points), 94.9% surface confidence and $5429.7m daily dollar turnover; passed the retrospective 30-day earnings and nonoverlap gates with an entry-day HIRO archive; contract status: selected.",clear,clear,2026-08-03,2026-08-03,2026-06-18,2026-06-18,146.0,145.0,0.0950546976953638,0.1060761292600937,11.331401555589448,131.14,7.0,selected,delta10_otm5,ok,0.0950546976953638,0.1058398009276578,7.0,131.33703700536736,0.5555111744695791,0.518446034588331,3.706513988124805,ORATS_carry_model_estimate_internally_model_consistent_not_observed,call_mid_iv_at_carry_model_forward_not_independently_verified,117.0,-0.2991164969693379,4.125306789444257,0.970989720169094,85.47008547008546,ok,115.0,-0.0432895274702538,3.603034614053997,1.0407348019829104,84.34782608695652,ok,14.3815769406741,6.17112555261337,4.72554278304415,10.5688577093183,10.60761292600937,9.50546976953638,7.0,7.0
RBLX:2026-06-11,RBLX,2026-06-11,2026-06-12,selected,selected,SpotGamma-compatible ORATS reconstruction; not official values,30D_input_prior_252_exchange_sessions_min100_strict_below_exclude_current,0.664148,66.4148,0.771658,77.16579999999999,3.113599999999994,1.9633000000000012,-1.150299999999993,252,0,ok,252,252,100,2025-06-10,2026-06-10,0.5952380952380952,59.523809523809526,252,0,ok,252,252,100,2025-06-10,2026-06-10,1.0,100.0,0.5732262112209933,57.32262112209933,ok_reported_adjusted_prices,30,21,21,no_threshold_flag,0,,0,,9.638273045507573,9.638273045507573,0.1125042766732251,0.5732262112209933,0.0,0.7380598679433802,73.80598679433803,ok_reported_adjusted_prices,60,43,43,no_threshold_flag,0,,0,,18.33152370611654,18.33152370611654,0.0507237002954001,0.7380598679433803,-1.1102230246251563e-16,252_mean_squared_log_returns_reported_clsPx_complete_calendar_window,annualized_decimal_variance,ORATS_reported_adjusted_clsPx_not_independently_corporate_action_verified,43.49,43.49,42.52,-2.230397792595995,no_extreme_input_threshold_flag,8.619399999999999,93.65079365079364,4.0,False,2.8359788359788354,3.4244000000000057,False,False,-3.4244000000000057,-4.581100000000005,-2.5016999999999956,1.788400000000001,1.9633000000000012,98.41269841269842,69.5053,480976405.278,8.650793650793645,frozen_252_session_min126_strict_below_not_Compass_IV_or_RR,2026-06-18,50.0,49.0,0.0530750531446098,0.0800237690413065,17.591721542803374,42.52,7.0,5.30750531446098,"Frozen HIRO stock with 93.7th-percentile positive front call wing (8.6 volatility points), 69.5% surface confidence and $481.0m daily dollar turnover; passed the retrospective 30-day earnings and nonoverlap gates with an entry-day HIRO archive; contract status: selected.",clear,clear,2026-07-30,2026-07-30,2026-06-18,2026-06-18,48.5,48.0,0.0972175862934591,0.1169663417839134,14.06396989651928,42.52,7.0,selected,delta10_otm5,history_not_requested_no_preliminary_entry,,,,,,,,,,,,,,,,,,,,,,15.239887111947304,8.00237690413065,5.30750531446098,12.888052681091231,11.69663417839134,9.72175862934591,7.0,7.0
RF:2026-06-11,RF,2026-06-11,2026-06-12,selected,selected,SpotGamma-compatible ORATS reconstruction; not official values,30D_input_prior_252_exchange_sessions_min100_strict_below_exclude_current,0.287324,28.7324,0.280539,28.0539,-4.3816999999999995,0.5630999999999997,4.944799999999999,252,0,ok,252,252,100,2025-06-10,2026-06-10,0.6865079365079365,68.65079365079364,252,0,ok,252,252,100,2025-06-10,2026-06-10,0.7976190476190477,79.76190476190477,0.2334830033832354,23.348300338323547,ok_reported_adjusted_prices,30,21,21,no_threshold_flag,0,,0,,3.761061946902644,3.759124087591248,0.028040768107144,0.2334830033832354,5.551115123125783e-17,0.2190319882736721,21.903198827367216,ok_reported_adjusted_prices,60,43,43,no_threshold_flag,0,,0,,3.761061946902644,3.759124087591248,0.0307271186338819,0.2190319882736721,5.551115123125783e-17,252_mean_squared_log_returns_reported_clsPx_complete_calendar_window,annualized_decimal_variance,ORATS_reported_adjusted_clsPx_not_independently_corporate_action_verified,28.6,28.89,28.96,0.2422983731394934,no_extreme_input_threshold_flag,3.440499999999997,89.28571428571429,3.0,False,0.9629629629629628,2.500100000000005,False,False,1.1845999999999917,4.869299999999988,-1.2603999999999949,-2.092999999999994,-0.872400000000001,72.61904761904762,55.055600000000005,300569408.33900005,4.285714285714292,frozen_252_session_min126_strict_below_not_Compass_IV_or_RR,2026-06-18,31.0,30.0,0.0226359823651635,0.1482010193571382,7.044198895027631,28.96,7.0,2.26359823651635,"Frozen HIRO stock with 89.3th-percentile positive front call wing (3.4 volatility points), 55.1% surface confidence and $300.6m daily dollar turnover; passed the retrospective 30-day earnings and nonoverlap gates with an entry-day HIRO archive; contract status: selected.",clear,clear,2026-07-17,2026-07-17,2026-06-18,2026-06-18,,,,,,,,no_call_in_delta_band,delta10_otm5,history_not_requested_no_preliminary_entry,,,,,,,,,,,,,,,,,,,,,,3.5911602209944826,14.82010193571382,2.26359823651635,,,,7.0,7.0
SPOT:2026-06-11,SPOT,2026-06-11,2026-06-12,selected,selected,SpotGamma-compatible ORATS reconstruction; not official values,30D_input_prior_252_exchange_sessions_min100_strict_below_exclude_current,0.45643,45.643,0.521726,52.1726,-2.7130000000000045,-1.342500000000002,1.3705000000000025,252,0,ok,252,252,100,2025-06-10,2026-06-10,0.5555555555555556,55.55555555555556,252,0,ok,252,252,100,2025-06-10,2026-06-10,0.4206349206349206,42.06349206349206,0.5545366429985841,55.45366429985841,ok_reported_adjusted_prices,30,21,21,no_threshold_flag,0,,0,,13.06424813071172,13.06424813071172,-0.099182543528139,0.5545366429985841,0.0,0.5698700058359718,56.98700058359718,ok_reported_adjusted_prices,60,43,43,no_threshold_flag,0,,0,,13.06424813071172,13.06424813071172,-0.0525538044754905,0.5698700058359718,0.0,252_mean_squared_log_returns_reported_clsPx_complete_calendar_window,annualized_decimal_variance,ORATS_reported_adjusted_clsPx_not_independently_corporate_action_verified,486.0,486.0,491.69,1.1707818930041247,no_extreme_input_threshold_flag,2.741400000000005,89.28571428571429,1.0,False,0.2857142857142861,0.0,False,False,2.9854000000000047,3.1539000000000095,-2.618200000000004,-2.687800000000007,-1.342500000000002,31.746031746031747,94.5477,1158905012.829,4.285714285714292,frozen_252_session_min126_strict_below_not_Compass_IV_or_RR,2026-06-18,552.5,550.0,0.0484564887022604,0.0551547914843273,12.367548658707728,491.69,7.0,4.84564887022604,"Frozen HIRO stock with 89.3th-percentile positive front call wing (2.7 volatility points), 94.5% surface confidence and $1158.9m daily dollar turnover; passed the retrospective 30-day earnings and nonoverlap gates with an entry-day HIRO archive; contract status: selected.",clear,clear,2026-08-04,2026-08-04,2026-06-18,2026-06-18,537.5,535.0,0.1011742398381152,0.1136337896532213,9.31684598019078,491.69,7.0,selected,delta10_otm5,history_not_requested_no_preliminary_entry,,,,,,,,,,,,,,,,,,,,,,11.859098212288233,5.51547914843273,4.84564887022604,8.808395533771286,11.363378965322129,10.11742398381152,7.0,7.0
T:2026-06-11,T,2026-06-11,2026-06-12,selected,selected,SpotGamma-compatible ORATS reconstruction; not official values,30D_input_prior_252_exchange_sessions_min100_strict_below_exclude_current,0.273942,27.3942,0.292418,29.2418,-3.2505000000000006,-1.1721000000000037,2.0783999999999967,252,0,ok,252,252,100,2025-06-10,2026-06-10,0.8055555555555556,80.55555555555556,252,0,ok,252,252,100,2025-06-10,2026-06-10,0.4404761904761904,44.04761904761904,0.2743732106327559,27.43732106327559,ok_reported_adjusted_prices,30,21,21,no_threshold_flag,0,,0,,4.401480872069108,4.4237012987013,-0.0002364393489266,0.2743732106327559,0.0,0.2660731665135628,26.60731665135628,ok_reported_adjusted_prices,60,43,43,no_threshold_flag,0,,0,,4.401480872069108,4.4237012987013,0.0147133567854458,0.2660731665135629,-5.551115123125783e-17,252_mean_squared_log_returns_reported_clsPx_complete_calendar_window,annualized_decimal_variance,ORATS_reported_adjusted_clsPx_not_independently_corporate_action_verified,22.7,23.0,23.18,0.782608695652165,no_extreme_input_threshold_flag,3.456900000000002,85.71428571428571,4.0,False,2.0687830687830684,2.671499999999999,False,False,-2.671499999999999,-4.244300000000002,-1.0765999999999998,0.6034000000000039,-1.1721000000000037,17.46031746031746,56.6214,1066204695.2105,0.7142857142857082,frozen_252_session_min126_strict_below_not_Compass_IV_or_RR,2026-06-18,25.0,24.5,0.0339756066223653,0.0859649015016092,7.851596203623812,23.18,7.0,3.3975606622365295,"Frozen HIRO stock with 85.7th-percentile positive front call wing (3.5 volatility points), 56.6% surface confidence and $1066.2m daily dollar turnover; passed the retrospective 30-day earnings and nonoverlap gates with an entry-day HIRO archive; contract status: selected.",clear,clear,2026-07-22,2026-07-22,2026-06-18,2026-06-18,24.5,24.0,0.0859649015016092,0.1966797804295022,5.6945642795513285,23.18,7.0,selected,delta10_otm5,history_not_requested_no_preliminary_entry,,,,,,,,,,,,,,,,,,,,,,5.6945642795513285,8.59649015016092,3.3975606622365295,3.5375323554788674,19.66797804295022,8.59649015016092,7.0,7.0
TWLO:2026-06-11,TWLO,2026-06-11,2026-06-12,selected,selected,SpotGamma-compatible ORATS reconstruction; not official values,30D_input_prior_252_exchange_sessions_min100_strict_below_exclude_current,0.634393,63.4393,0.672133,67.2133,0.2692999999999945,0.7255000000000011,0.4562000000000066,252,0,ok,252,252,100,2025-06-10,2026-06-10,0.6904761904761905,69.04761904761905,252,0,ok,252,252,100,2025-06-10,2026-06-10,0.9484126984126984,94.84126984126983,0.7551381672006562,75.51381672006562,ok_reported_adjusted_prices,30,21,21,no_threshold_flag,0,,0,,19.35585396558959,19.35585396558959,-0.1677791731141661,0.7551381672006562,0.0,0.8299987804972964,82.99987804972963,ok_reported_adjusted_prices,60,43,43,no_threshold_flag,0,,0,,23.82817776577064,23.82817776577064,-0.2371352059379992,0.8299987804972964,0.0,252_mean_squared_log_returns_reported_clsPx_complete_calendar_window,annualized_decimal_variance,ORATS_reported_adjusted_clsPx_not_independently_corporate_action_verified,206.62,206.62,206.06,-0.2710289420191691,no_extreme_input_threshold_flag,14.512199999999996,97.22222222222224,7.0,False,5.968253968253968,9.781399999999998,False,False,3.1038999999999923,4.430999999999985,-4.26359999999999,-7.42919999999998,0.7255000000000011,93.65079365079364,90.8374,616598953.9265001,12.222222222222245,frozen_252_session_min126_strict_below_not_Compass_IV_or_RR,2026-06-18,252.5,250.0,0.0561897300489336,0.058114927986491,22.537125109191503,206.06,7.0,5.61897300489336,"Frozen HIRO stock with 97.2th-percentile positive front call wing (14.5 volatility points), 90.8% surface confidence and $616.6m daily dollar turnover; passed the retrospective 30-day earnings and nonoverlap gates with an entry-day HIRO archive; contract status: selected.",clear,clear,2026-08-06,2026-08-06,2026-06-18,2026-06-18,242.5,240.0,0.1020960463301831,0.1253054495248163,17.684169659322535,206.06,7.0,selected,delta10_otm5,history_not_requested_no_preliminary_entry,,,,,,,,,,,,,,,,,,,,,,21.323886246724257,5.8114927986491,5.61897300489336,16.47093079685529,12.530544952481629,10.20960463301831,7.0,7.0
VST:2026-06-11,VST,2026-06-11,2026-06-12,selected,selected,SpotGamma-compatible ORATS reconstruction; not official values,30D_input_prior_252_exchange_sessions_min100_strict_below_exclude_current,0.520701,52.0701,0.531834,53.183400000000006,-1.4628000000000083,-0.3386,1.1242000000000083,252,0,ok,252,252,100,2025-06-10,2026-06-10,0.3849206349206349,38.492063492063494,252,0,ok,252,252,100,2025-06-10,2026-06-10,0.8373015873015873,83.73015873015873,0.5211797653443312,52.11797653443312,ok_reported_adjusted_prices,30,21,21,no_threshold_flag,0,,0,,6.8986024382991395,6.896295746418235,-0.0004988164033721,0.5211797653443311,1.1102230246251563e-16,0.4777144424058955,47.77144424058955,ok_reported_adjusted_prices,60,43,43,no_threshold_flag,0,,0,,6.8986024382991395,6.896295746418235,0.0546363150728243,0.4777144424058956,-1.1102230246251563e-16,252_mean_squared_log_returns_reported_clsPx_complete_calendar_window,annualized_decimal_variance,ORATS_reported_adjusted_clsPx_not_independently_corporate_action_verified,146.18,146.38,146.18,-0.1366306872523481,no_extreme_input_threshold_flag,10.3367,99.2063492063492,4.0,False,3.6560846560846567,2.318700000000007,False,False,-2.318700000000007,-5.700500000000019,-0.2743999999999968,-0.5423999999999873,-0.3386,78.17460317460318,92.1229,765252123.2925,14.206349206349202,frozen_252_session_min126_strict_below_not_Compass_IV_or_RR,2026-06-18,172.5,170.0,0.0528123929802041,0.0676199388707917,18.005199069640156,146.18,7.0,5.2812392980204095,"Frozen HIRO stock with 99.2th-percentile positive front call wing (10.3 volatility points), 92.1% surface confidence and $765.3m daily dollar turnover; passed the retrospective 30-day earnings and nonoverlap gates with an entry-day HIRO archive; contract status: selected.",clear,clear,2026-08-07,2026-08-07,2026-06-18,2026-06-18,165.0,162.5,0.1096126291484698,0.1395382751053346,12.87453824052538,146.18,7.0,selected,delta10_otm5,history_not_requested_no_preliminary_entry,,,,,,,,,,,,,,,,,,,,,,16.294978793268577,6.76199388707917,5.2812392980204095,11.16431796415378,13.95382751053346,10.96126291484698,7.0,7.0
ZIM:2026-06-11,ZIM,2026-06-11,2026-06-12,selected,selected,SpotGamma-compatible ORATS reconstruction; not official values,30D_input_prior_252_exchange_sessions_min100_strict_below_exclude_current,0.495144,49.514399999999995,0.478575,47.857499999999995,-4.4627000000000026,-1.1627999999999972,3.2999000000000054,252,0,ok,252,252,100,2025-06-10,2026-06-10,0.2857142857142857,28.57142857142857,252,0,ok,252,252,100,2025-06-10,2026-06-10,0.5277777777777778,52.77777777777778,0.323252604604116,32.3252604604116,ok_reported_adjusted_prices,30,21,21,no_threshold_flag,0,,0,,5.23627075351214,5.23627075351214,0.140675334352655,0.323252604604116,0.0,0.3777694120257836,37.77694120257837,ok_reported_adjusted_prices,60,43,43,no_threshold_flag,0,,0,,9.512850019179142,9.512850019179142,0.0863243019626937,0.3777694120257837,-5.551115123125783e-17,252_mean_squared_log_returns_reported_clsPx_complete_calendar_window,annualized_decimal_variance,ORATS_reported_adjusted_clsPx_not_independently_corporate_action_verified,25.91,25.91,25.85,-0.2315708220764101,no_extreme_input_threshold_flag,15.5258,92.06349206349206,1.0,False,0.4708994708994709,0.0,False,False,14.936700000000002,18.989299999999997,-2.011099999999999,0.0453000000000036,-1.1627999999999972,49.6031746031746,58.5185,26353585.178,7.063492063492063,frozen_252_session_min126_strict_below_not_Compass_IV_or_RR,2026-06-18,29.5,29.16,0.050896018799794,0.0868995103575024,14.119922630560922,25.85,7.0,5.0896018799794005,"Frozen HIRO stock with 92.1th-percentile positive front call wing (15.5 volatility points), 58.5% surface confidence and $26.4m daily dollar turnover; passed the retrospective 30-day earnings and nonoverlap gates with an entry-day HIRO archive; contract status: selected.",clear,clear,2026-08-19,2026-08-19,2026-06-18,2026-06-18,29.0,28.5,0.0893952688364073,0.1268111382309619,12.185686653771754,25.85,7.0,selected,delta10_otm5,history_not_requested_no_preliminary_entry,,,,,,,,,,,,,,,,,,,,,,12.804642166344294,8.68995103575024,5.0896018799794005,10.251450676982587,12.68111382309619,8.939526883640731,7.0,7.0
BKNG:2026-06-12,BKNG,2026-06-12,2026-06-15,selected,selected,SpotGamma-compatible ORATS reconstruction; not official values,30D_input_prior_252_exchange_sessions_min100_strict_below_exclude_current,0.3945,39.45,0.44459,44.459,-1.372699999999999,-0.4375000000000018,0.9351999999999971,252,0,ok,252,252,100,2025-06-11,2026-06-11,0.8015873015873016,80.15873015873017,252,0,ok,252,252,100,2025-06-11,2026-06-11,0.9722222222222222,97.2222222222222,0.2264688083032343,22.64688083032343,ok_reported_adjusted_prices,30,21,21,no_threshold_flag,0,,0,,3.106390815888016,3.104715248009793,0.1043421288657129,0.2264688083032342,8.326672684688674e-17,0.3379700511423654,33.79700511423655,ok_reported_adjusted_prices,60,43,43,no_threshold_flag,0,,0,,6.003781909864481,6.004401131719583,0.0834365126308268,0.3379700511423655,-5.551115123125783e-17,252_mean_squared_log_returns_reported_clsPx_complete_calendar_window,annualized_decimal_variance,ORATS_reported_adjusted_clsPx_not_independently_corporate_action_verified,164.94,164.94,164.65,-0.1758215108524252,no_extreme_input_threshold_flag,5.257099999999998,88.88888888888889,5.0,False,2.3809523809523805,4.186000000000007,False,False,0.392599999999998,2.7145999999999937,-1.412399999999997,0.6419000000000064,-0.4375000000000018,92.46031746031746,83.6298,1210333690.7865,3.8888888888888857,frozen_252_session_min126_strict_below_not_Compass_IV_or_RR,2026-06-26,195.0,190.0,0.0507411895514809,0.061903034399616,18.433039781354378,164.65,14.0,5.07411895514809,"Frozen HIRO stock with 88.9th-percentile positive front call wing (5.3 volatility points), 83.6% surface confidence and $1210.3m daily dollar turnover; passed the retrospective 30-day earnings and nonoverlap gates with an entry-day HIRO archive; contract status: selected.",clear,clear,2026-08-04,2026-08-04,2026-06-22,2026-06-26,185.0,182.5,0.1181132660070023,0.1359480314327953,12.35955056179774,164.65,14.0,selected,delta10_otm5,history_not_requested_no_preliminary_entry,,,,,,,,,,,,,,,,,,,,,,15.396295171576057,6.190303439961601,5.07411895514809,10.84117825690858,13.59480314327953,11.81132660070023,14.0,14.0
CAT:2026-06-12,CAT,2026-06-12,2026-06-15,selected,selected,SpotGamma-compatible ORATS reconstruction; not official values,30D_input_prior_252_exchange_sessions_min100_strict_below_exclude_current,0.393239,39.3239,0.425865,42.5865,-3.0436999999999994,-1.4010000000000022,1.642699999999997,252,0,ok,252,252,100,2025-06-11,2026-06-11,0.7579365079365079,75.79365079365078,252,0,ok,252,252,100,2025-06-11,2026-06-11,0.5912698412698413,59.12698412698413,0.4448150660177477,44.481506601774775,ok_reported_adjusted_prices,30,21,21,no_threshold_flag,0,,0,,6.400806124795999,6.399912539630492,-0.0432235318353732,0.4448150660177477,5.551115123125783e-17,0.441138495561468,44.1138495561468,ok_reported_adjusted_prices,60,43,43,no_threshold_flag,0,,0,,9.883124111063024,9.883340534534923,-0.0132421740412353,0.4411384955614679,1.1102230246251563e-16,252_mean_squared_log_returns_reported_clsPx_complete_calendar_window,annualized_decimal_variance,ORATS_reported_adjusted_clsPx_not_independently_corporate_action_verified,908.88,910.57,908.43,-0.2350176263219872,no_extreme_input_threshold_flag,2.4907000000000012,91.66666666666669,1.0,False,0.4444444444444447,0.0,False,False,3.248400000000001,6.163500000000004,-5.1531999999999965,-1.933199999999996,-1.4010000000000022,40.87301587301587,98.4956,2514490751.67,6.666666666666686,frozen_252_session_min126_strict_below_not_Compass_IV_or_RR,2026-06-26,1040.0,1030.0,0.0516906531764462,0.0619015275973879,14.483229307706711,908.43,14.0,5.16906531764462,"Frozen HIRO stock with 91.7th-percentile positive front call wing (2.5 volatility points), 98.5% surface confidence and $2514.5m daily dollar turnover; passed the retrospective 30-day earnings and nonoverlap gates with an entry-day HIRO archive; contract status: selected.",clear,clear,2026-08-04,2026-08-04,2026-06-22,2026-06-26,1010.0,1005.0,0.0972193199103588,0.108698488489975,11.18082846229209,908.43,14.0,selected,delta10_otm5,history_not_requested_no_preliminary_entry,,,,,,,,,,,,,,,,,,,,,,13.382429025901832,6.19015275973879,5.16906531764462,10.630428321389653,10.8698488489975,9.72193199103588,14.0,14.0
DDOG:2026-06-12,DDOG,2026-06-12,2026-06-15,selected,selected,SpotGamma-compatible ORATS reconstruction; not official values,30D_input_prior_252_exchange_sessions_min100_strict_below_exclude_current,0.578665,57.8665,0.641973,64.1973,-0.6603000000000026,0.4634000000000027,1.1237000000000053,252,0,ok,252,252,100,2025-06-11,2026-06-11,0.6865079365079365,68.65079365079364,252,0,ok,252,252,100,2025-06-11,2026-06-11,0.8928571428571429,89.28571428571429,0.652110884241831,65.21108842418309,ok_reported_adjusted_prices,30,21,21,no_threshold_flag,0,,0,,12.185162724883767,12.185162724883767,-0.0903954231216626,0.652110884241831,0.0,0.8818537112729794,88.18537112729794,ok_reported_adjusted_prices,60,43,43,extreme_adjusted_jump,1,2026-05-07,0,,31.326977941688103,31.326977941688103,-0.3655366353569273,0.8818537112729793,1.1102230246251563e-16,252_mean_squared_log_returns_reported_clsPx_complete_calendar_window,annualized_decimal_variance,ORATS_reported_adjusted_clsPx_not_independently_corporate_action_verified,229.9,229.9,227.81,-0.909090909090915,no_extreme_input_threshold_flag,8.203700000000003,92.46031746031746,1.0,False,0.497354497354497,0.0,False,True,2.3359000000000023,1.893500000000004,-5.845000000000001,0.6056999999999979,0.4634000000000027,84.92063492063492,93.5617,1455677576.6485,7.460317460317455,frozen_252_session_min126_strict_below_not_Compass_IV_or_RR,2026-06-26,285.0,282.5,0.0515882388597364,0.0559600158877773,25.104253544620512,227.81,14.0,5.15882388597364,"Frozen HIRO stock with 92.5th-percentile positive front call wing (8.2 volatility points), 93.6% surface confidence and $1455.7m daily dollar turnover; passed the retrospective 30-day earnings and nonoverlap gates with an entry-day HIRO archive; contract status: selected.",clear,clear,2026-08-06,2026-08-06,2026-06-22,2026-06-26,270.0,267.5,0.0995829062759541,0.1120686608808301,18.519819147535223,227.81,14.0,selected,delta10_otm5,history_not_requested_no_preliminary_entry,,,,,,,,,,,,,,,,,,,,,,24.006847811772957,5.59600158877773,5.15882388597364,17.42241341468769,11.20686608808301,9.95829062759541,14.0,14.0
DIS:2026-06-12,DIS,2026-06-12,2026-06-15,selected,selected,SpotGamma-compatible ORATS reconstruction; not official values,30D_input_prior_252_exchange_sessions_min100_strict_below_exclude_current,0.248657,24.8657,0.285163,28.5163,-2.4240000000000013,-0.7832999999999979,1.6407000000000034,252,0,ok,252,252,100,2025-06-11,2026-06-11,0.3968253968253968,39.68253968253968,252,0,ok,252,252,100,2025-06-11,2026-06-11,0.5714285714285714,57.14285714285714,0.1914121188920454,19.14121188920455,ok_reported_adjusted_prices,30,21,21,no_threshold_flag,0,,0,,2.56165169183713,2.5611838360842354,0.0251917043902574,0.1914121188920454,8.326672684688674e-17,0.2671077616286313,26.71077616286313,ok_reported_adjusted_prices,60,43,43,no_threshold_flag,0,,0,,7.541115122342545,7.543789808917189,0.0099713802467422,0.2671077616286313,0.0,252_mean_squared_log_returns_reported_clsPx_complete_calendar_window,annualized_decimal_variance,ORATS_reported_adjusted_clsPx_not_independently_corporate_action_verified,99.28,100.04,99.8,-0.2399040383846529,no_extreme_input_threshold_flag,4.263799999999995,89.68253968253968,1.0,False,0.3121693121693122,0.0,False,False,1.1437999999999948,2.8780999999999946,-0.8140999999999954,-0.521099999999991,-0.7832999999999979,44.84126984126984,75.2372,840029171.374,4.682539682539684,frozen_252_session_min126_strict_below_not_Compass_IV_or_RR,2026-06-26,109.0,108.0,0.05102349424557,0.0672366058208628,9.218436873747503,99.8,14.0,5.102349424557,"Frozen HIRO stock with 89.7th-percentile positive front call wing (4.3 volatility points), 75.2% surface confidence and $840.0m daily dollar turnover; passed the retrospective 30-day earnings and nonoverlap gates with an entry-day HIRO archive; contract status: selected.",clear,clear,2026-08-05,2026-08-05,2026-06-22,2026-06-26,107.0,106.0,0.0885759082251928,0.1214761707344424,7.214428857715438,99.8,14.0,selected,delta10_otm5,ok,0.0885759082251928,0.0676013431992823,14.0,100.0057306916511,0.2391240300859742,0.241710931138141,-0.2586901052166773,ORATS_carry_model_estimate_internally_model_consistent_not_observed,call_mid_iv_at_carry_model_forward_not_independently_verified,103.0,-3.0193378694141955,3.1002870843470633,0.8904490742601423,84.46601941747574,ok,95.0,-2.4787770961467563,1.9483497961740492,1.1394704355909997,84.21052631578948,ok,8.21643286573146,6.72366058208628,5.102349424557,6.212424849699394,12.14761707344424,8.857590822519281,14.0,14.0
ETSY:2026-06-12,ETSY,2026-06-12,2026-06-15,selected,selected,SpotGamma-compatible ORATS reconstruction; not official values,30D_input_prior_252_exchange_sessions_min100_strict_below_exclude_current,0.511211,51.1211,0.588517,58.851699999999994,0.4965999999999915,1.5172999999999992,1.0207000000000075,252,0,ok,252,252,100,2025-06-11,2026-06-11,0.5,50.0,252,0,ok,252,252,100,2025-06-11,2026-06-11,0.8928571428571429,89.28571428571429,0.3625292952800796,36.25292952800797,ok_reported_adjusted_prices,30,21,21,no_threshold_flag,0,,0,,5.693455997222707,5.693455997222707,0.1299091965847287,0.3625292952800795,1.6653345369377348e-16,0.5108720797492848,51.08720797492848,ok_reported_adjusted_prices,60,43,43,no_threshold_flag,0,,0,,10.109159943046976,10.109159943046976,0.0853619774216403,0.510872079749285,-1.1102230246251563e-16,252_mean_squared_log_returns_reported_clsPx_complete_calendar_window,annualized_decimal_variance,ORATS_reported_adjusted_clsPx_not_independently_corporate_action_verified,69.48,69.48,69.41,-0.1007484168106032,no_extreme_input_threshold_flag,14.069299999999997,91.26984126984128,1.0,False,0.4179894179894177,0.0,False,False,3.2270000000000003,3.366699999999998,-4.131300000000005,0.1229999999999953,1.5172999999999992,93.25396825396824,78.6645,188193040.5365,6.2698412698412795,frozen_252_session_min126_strict_below_not_Compass_IV_or_RR,2026-06-26,83.0,82.0,0.0556360190361979,0.0687434289509171,19.579311338423857,69.41,14.0,5.56360190361979,"Frozen HIRO stock with 91.3th-percentile positive front call wing (14.1 volatility points), 78.7% surface confidence and $188.2m daily dollar turnover; passed the retrospective 30-day earnings and nonoverlap gates with an entry-day HIRO archive; contract status: selected.",clear,clear,2026-08-05,2026-08-05,2026-06-22,2026-06-26,80.0,79.0,0.1020677278042812,0.1245172004891494,15.257167555107332,69.41,14.0,selected,delta10_otm5,history_not_requested_no_preliminary_entry,,,,,,,,,,,,,,,,,,,,,,18.138596743985012,6.8743428950917105,5.56360190361979,13.81645296066849,12.45172004891494,10.20677278042812,14.0,14.0
F:2026-06-12,F,2026-06-12,2026-06-15,selected,selected,SpotGamma-compatible ORATS reconstruction; not official values,30D_input_prior_252_exchange_sessions_min100_strict_below_exclude_current,0.410305,41.0305,0.465296,46.5296,-0.0994999999999968,1.387900000000003,1.4873999999999998,252,0,ok,252,252,100,2025-06-11,2026-06-11,0.9166666666666666,91.66666666666666,252,0,ok,252,252,100,2025-06-11,2026-06-11,0.9166666666666666,91.66666666666666,0.6432566658817389,64.32566658817389,ok_reported_adjusted_prices,30,21,21,no_threshold_flag,0,,0,,9.24556213017751,9.217264081931242,-0.2454289451762911,0.6432566658817389,0.0,0.583746106024224,58.37461060242241,ok_reported_adjusted_prices,60,43,43,no_threshold_flag,0,,0,,13.153456998313672,13.177648040033365,-0.1242591486824446,0.583746106024224,0.0,252_mean_squared_log_returns_reported_clsPx_complete_calendar_window,annualized_decimal_variance,ORATS_reported_adjusted_clsPx_not_independently_corporate_action_verified,14.68,14.84,14.77,-0.4716981132075526,no_extreme_input_threshold_flag,8.1055,85.31746031746032,22.0,False,15.5978835978836,16.827199999999998,False,False,-3.0249999999999986,-5.445799999999998,-2.667899999999995,-1.069099999999995,1.387900000000003,92.06349206349206,80.74980000000001,1100365449.8875,0.3174603174603163,frozen_252_session_min126_strict_below_not_Compass_IV_or_RR,2026-06-26,17.5,17.0,0.0406246529240974,0.0664844903888692,18.483412322274884,14.77,14.0,4.06246529240974,"Frozen HIRO stock with 85.3th-percentile positive front call wing (8.1 volatility points), 80.7% surface confidence and $1100.4m daily dollar turnover; passed the retrospective 30-day earnings and nonoverlap gates with an entry-day HIRO archive; contract status: selected.",clear,clear,2026-07-28,2026-07-28,2026-06-22,2026-06-26,16.5,16.0,0.1114551319560469,0.185193810492915,11.712931618144884,14.77,14.0,selected,delta10_otm5,history_not_requested_no_preliminary_entry,,,,,,,,,,,,,,,,,,,,,,15.098171970209885,6.64844903888692,4.06246529240974,8.327691266079885,18.5193810492915,11.14551319560469,14.0,14.0
FTNT:2026-06-12,FTNT,2026-06-12,2026-06-15,selected,selected,SpotGamma-compatible ORATS reconstruction; not official values,30D_input_prior_252_exchange_sessions_min100_strict_below_exclude_current,0.42981,42.981,0.513822,51.3822,-0.5038000000000042,0.920099999999996,1.4239000000000002,252,0,ok,252,252,100,2025-06-11,2026-06-11,0.6031746031746031,60.31746031746032,252,0,ok,252,252,100,2025-06-11,2026-06-11,0.9206349206349206,92.06349206349206,0.4803571233341764,48.03571233341765,ok_reported_adjusted_prices,30,21,21,no_threshold_flag,0,,0,,6.64637239979704,6.64637239979704,-0.0460063298378851,0.4803571233341765,-5.551115123125783e-17,0.6186034769921132,61.86034769921132,ok_reported_adjusted_prices,60,43,43,no_threshold_flag,0,,0,,20.033351862145633,20.033351862145633,-0.1186572140627318,0.6186034769921132,0.0,252_mean_squared_log_returns_reported_clsPx_complete_calendar_window,annualized_decimal_variance,ORATS_reported_adjusted_clsPx_not_independently_corporate_action_verified,146.3,146.3,145.66,-0.4374572795625475,no_extreme_input_threshold_flag,7.872299999999993,98.015873015873,1.0,False,0.8677248677248675,0.0,False,False,6.141899999999994,10.668799999999994,-6.553899999999996,-4.404199999999997,0.920099999999996,94.84126984126983,87.8221,881409279.0975001,13.015873015872998,frozen_252_session_min126_strict_below_not_Compass_IV_or_RR,2026-06-26,170.0,167.5,0.0452674570198299,0.0627875532096603,16.710146917479072,145.66,14.0,4.52674570198299,"Frozen HIRO stock with 98.0th-percentile positive front call wing (7.9 volatility points), 87.8% surface confidence and $881.4m daily dollar turnover; passed the retrospective 30-day earnings and nonoverlap gates with an entry-day HIRO archive; contract status: selected.",clear,clear,2026-07-29,2026-07-29,2026-06-22,2026-06-26,165.0,162.5,0.0856071553951889,0.1149839346335241,13.277495537553218,145.66,14.0,selected,delta10_otm5,history_not_requested_no_preliminary_entry,,,,,,,,,,,,,,,,,,,,,,14.993821227516136,6.27875532096603,4.52674570198299,11.56116984759028,11.49839346335241,8.56071553951889,14.0,14.0
HD:2026-06-12,HD,2026-06-12,2026-06-15,selected,selected,SpotGamma-compatible ORATS reconstruction; not official values,30D_input_prior_252_exchange_sessions_min100_strict_below_exclude_current,0.272695,27.2695,0.29231,29.231,-1.6892999999999991,-0.5891000000000035,1.1001999999999956,252,0,ok,252,252,100,2025-06-11,2026-06-11,0.6507936507936508,65.07936507936508,252,0,ok,252,252,100,2025-06-11,2026-06-11,0.9325396825396826,93.25396825396824,0.2403045870158229,24.03045870158229,ok_reported_adjusted_prices,30,21,21,no_threshold_flag,0,,0,,3.753577933905805,3.751896935843213,0.0166162684841548,0.2403045870158228,1.1102230246251563e-16,0.2589008368919143,25.890083689191428,ok_reported_adjusted_prices,60,43,43,no_threshold_flag,0,,0,,3.753577933905805,3.751896935843213,0.0184154927566664,0.2589008368919143,0.0,252_mean_squared_log_returns_reported_clsPx_complete_calendar_window,annualized_decimal_variance,ORATS_reported_adjusted_clsPx_not_independently_corporate_action_verified,325.99,328.39,328.39,0.0,no_extreme_input_threshold_flag,6.829800000000002,100.0,1.0,False,1.0,0.0,False,False,6.890500000000005,13.30010000000001,-3.981600000000002,-2.5007000000000055,-0.5891000000000035,85.71428571428571,94.3897,1645421073.819,15.0,frozen_252_session_min126_strict_below_not_Compass_IV_or_RR,2026-06-26,380.0,375.0,0.0578708541406633,0.0657300522658609,15.716069307835202,328.39,14.0,5.78708541406633,"Frozen HIRO stock with 100.0th-percentile positive front call wing (6.8 volatility points), 94.4% surface confidence and $1645.4m daily dollar turnover; passed the retrospective 30-day earnings and nonoverlap gates with an entry-day HIRO archive; contract status: selected.",clear,clear,2026-08-18,2026-08-18,2026-06-22,2026-06-26,362.5,360.0,0.0932681392894963,0.1494001438251974,10.38703980023752,328.39,14.0,selected,delta10_otm5,history_not_requested_no_preliminary_entry,,,,,,,,,,,,,,,,,,,,,,14.19348944852159,6.57300522658609,5.78708541406633,9.625749870580712,14.94001438251974,9.32681392894963,14.0,14.0
LUV:2026-06-12,LUV,2026-06-12,2026-06-15,selected,selected,SpotGamma-compatible ORATS reconstruction; not official values,30D_input_prior_252_exchange_sessions_min100_strict_below_exclude_current,0.469402,46.9402,0.493052,49.3052,0.5437999999999998,3.3667,2.8229000000000006,252,0,ok,252,252,100,2025-06-11,2026-06-11,0.6547619047619048,65.47619047619048,252,0,ok,252,252,100,2025-06-11,2026-06-11,0.996031746031746,99.6031746031746,0.4887963383811756,48.87963383811756,ok_reported_adjusted_prices,30,21,21,no_threshold_flag,0,,0,,7.433585181574443,6.980676328502411,-0.0185836228108447,0.4887963383811757,-5.551115123125783e-17,0.4728142988799321,47.28142988799321,ok_reported_adjusted_prices,60,43,43,no_threshold_flag,0,,0,,7.433585181574443,6.980676328502411,0.0195469134786782,0.4728142988799321,5.551115123125783e-17,252_mean_squared_log_returns_reported_clsPx_complete_calendar_window,annualized_decimal_variance,ORATS_reported_adjusted_clsPx_not_independently_corporate_action_verified,45.26,45.47,45.23,-0.5278205410160552,no_extreme_input_threshold_flag,6.194400000000005,94.04761904761904,1.0,False,0.6031746031746034,0.0,False,False,6.1408999999999985,8.199799999999996,-8.051999999999998,-11.027399999999991,3.3667,100.0,65.57039999999999,262250864.93050003,9.047619047619037,frozen_252_session_min126_strict_below_not_Compass_IV_or_RR,2026-06-26,53.0,52.0,0.0610895986437702,0.08704524831578,17.178863586115423,45.23,14.0,6.10895986437702,"Frozen HIRO stock with 94.0th-percentile positive front call wing (6.2 volatility points), 65.6% surface confidence and $262.3m daily dollar turnover; passed the retrospective 30-day earnings and nonoverlap gates with an entry-day HIRO archive; contract status: selected.",clear,clear,2026-07-22,2026-07-22,2026-06-22,2026-06-26,52.0,51.0,0.08704524831578,0.1176136984610217,14.96794163166042,45.23,14.0,selected,delta10_otm5,history_not_requested_no_preliminary_entry,,,,,,,,,,,,,,,,,,,,,,14.96794163166042,8.704524831578,6.10895986437702,12.757019677205395,11.76136984610217,8.704524831578,14.0,14.0
MRK:2026-06-12,MRK,2026-06-12,2026-06-15,selected,selected,SpotGamma-compatible ORATS reconstruction; not official values,30D_input_prior_252_exchange_sessions_min100_strict_below_exclude_current,0.254348,25.434800000000003,0.293237,29.3237,-2.679199999999998,-0.8643000000000012,1.814899999999997,252,0,ok,252,252,100,2025-06-11,2026-06-11,0.1071428571428571,10.714285714285714,252,0,ok,252,252,100,2025-06-11,2026-06-11,0.365079365079365,36.507936507936506,0.3255279514301929,32.55279514301929,ok_reported_adjusted_prices,30,21,21,no_threshold_flag,0,,0,,5.641025641025643,5.635139799792888,-0.041275542058338,0.3255279514301929,0.0,0.2956701221883769,29.567012218837696,ok_reported_adjusted_prices,60,43,43,no_threshold_flag,0,,0,,5.641025641025643,5.635139799792888,-0.0014328829858897,0.2956701221883769,5.551115123125783e-17,252_mean_squared_log_returns_reported_clsPx_complete_calendar_window,annualized_decimal_variance,ORATS_reported_adjusted_clsPx_not_independently_corporate_action_verified,118.2,119.05,119.5,0.377992440151198,no_extreme_input_threshold_flag,3.3241000000000023,87.3015873015873,1.0,False,0.1534391534391536,0.0,False,False,3.7764000000000024,7.180500000000001,-2.9511999999999983,-1.4518999999999949,-0.8643000000000012,29.365079365079364,70.0784,1265133611.327,2.301587301587304,frozen_252_session_min126_strict_below_not_Compass_IV_or_RR,2026-06-26,130.0,129.0,0.0492891631849978,0.0580827405836659,8.786610878661083,119.5,14.0,4.9289163184997795,"Frozen HIRO stock with 87.3th-percentile positive front call wing (3.3 volatility points), 70.1% surface confidence and $1265.1m daily dollar turnover; passed the retrospective 30-day earnings and nonoverlap gates with an entry-day HIRO archive; contract status: selected.",clear,clear,2026-08-04,2026-08-04,2026-06-22,2026-06-26,127.0,126.0,0.1063705909002547,0.1305277924205808,6.2761506276150625,119.5,14.0,selected,delta10_otm5,history_not_requested_no_preliminary_entry,,,,,,,,,,,,,,,,,,,,,,7.949790794979084,5.80827405836659,4.9289163184997795,5.439330543933063,13.05277924205808,10.63705909002547,14.0,14.0
PG:2026-06-12,PG,2026-06-12,2026-06-15,selected,selected,SpotGamma-compatible ORATS reconstruction; not official values,30D_input_prior_252_exchange_sessions_min100_strict_below_exclude_current,0.208387,20.8387,0.232332,23.2332,-2.2403000000000004,-0.5987999999999993,1.6415000000000013,252,0,ok,252,252,100,2025-06-11,2026-06-11,0.5714285714285714,57.14285714285714,252,0,ok,252,252,100,2025-06-11,2026-06-11,0.7063492063492064,70.63492063492063,0.2393669624077888,23.93669624077888,ok_reported_adjusted_prices,30,21,21,no_threshold_flag,0,,0,,4.086160011449813,4.091490268504039,-0.0138714009233317,0.2393669624077888,0.0,0.2349691958026841,23.496919580268415,ok_reported_adjusted_prices,60,43,43,no_threshold_flag,0,,0,,4.086160011449813,4.091490268504039,-0.0012323647521601,0.2349691958026841,2.7755575615628914e-17,252_mean_squared_log_returns_reported_clsPx_complete_calendar_window,annualized_decimal_variance,ORATS_reported_adjusted_clsPx_not_independently_corporate_action_verified,148.5,149.61,149.16,-0.3007820332865618,no_extreme_input_threshold_flag,2.5748999999999995,92.06349206349206,2.0,False,0.756613756613757,0.0,False,True,0.3624999999999989,-0.0714000000000021,-1.664299999999999,-0.1883999999999996,-0.5987999999999993,70.63492063492063,80.3956,1215309838.1545,7.063492063492063,frozen_252_session_min126_strict_below_not_Compass_IV_or_RR,2026-06-26,160.0,157.5,0.0468219278010886,0.0922251069942563,7.267363904532043,149.16,14.0,4.68219278010886,"Frozen HIRO stock with 92.1th-percentile positive front call wing (2.6 volatility points), 80.4% surface confidence and $1215.3m daily dollar turnover; passed the retrospective 30-day earnings and nonoverlap gates with an entry-day HIRO archive; contract status: selected.",clear,clear,2026-07-29,2026-07-29,2026-06-22,2026-06-26,157.5,155.0,0.0922251069942563,0.1710432146508324,5.5913113435237305,149.16,14.0,selected,delta10_otm5,history_not_requested_no_preliminary_entry,,,,,,,,,,,,,,,,,,,,,,5.5913113435237305,9.22251069942563,4.68219278010886,3.9152587825154184,17.10432146508324,9.22251069942563,14.0,14.0
RDW:2026-06-12,RDW,2026-06-12,2026-06-15,selected,selected,SpotGamma-compatible ORATS reconstruction; not official values,30D_input_prior_252_exchange_sessions_min100_strict_below_exclude_current,1.13532,113.532,1.18507,118.507,7.804999999999995,6.115999999999988,-1.6890000000000072,252,0,ok,252,252,100,2025-06-11,2026-06-11,0.7738095238095238,77.38095238095238,252,0,ok,252,252,100,2025-06-11,2026-06-11,0.4880952380952381,48.80952380952381,1.8266914596731507,182.66914596731507,ok_reported_adjusted_prices,30,21,21,extreme_adjusted_jump,1,2026-05-26,0,,26.014865637507143,26.014865637507143,-2.047850186442826,1.8266914596731507,0.0,1.5827780575848205,158.27780575848206,ok_reported_adjusted_prices,60,43,43,extreme_adjusted_jump,1,2026-05-26,0,,26.014865637507143,26.014865637507143,-1.100795474671977,1.5827780575848205,0.0,252_mean_squared_log_returns_reported_clsPx_complete_calendar_window,annualized_decimal_variance,ORATS_reported_adjusted_clsPx_not_independently_corporate_action_verified,15.12,15.12,15.2,0.5291005291005346,no_extreme_input_threshold_flag,44.593,94.84126984126983,3.0,False,2.1534391534391535,11.636000000000005,False,False,2.794000000000011,17.224000000000025,-49.788999999999994,-66.00599999999999,6.115999999999988,59.92063492063492,91.0668,1188673202.8885,9.841269841269837,frozen_252_session_min126_strict_below_not_Compass_IV_or_RR,2026-06-26,24.5,24.0,0.0470282960951,0.073143715600006,61.184210526315795,15.2,14.0,4.70282960951,"Frozen HIRO stock with 94.8th-percentile positive front call wing (44.6 volatility points), 91.1% surface confidence and $1188.7m daily dollar turnover; passed the retrospective 30-day earnings and nonoverlap gates with an entry-day HIRO archive; contract status: selected.",clear,clear,2026-08-05,2026-08-05,2026-06-22,2026-06-26,22.5,22.0,0.1052054635694895,0.1129793802246845,48.02631578947369,15.2,14.0,selected,delta10_otm5,history_not_requested_no_preliminary_entry,,,,,,,,,,,,,,,,,,,,,,57.89473684210527,7.3143715600006,4.70282960951,44.736842105263165,11.29793802246845,10.52054635694895,14.0,14.0
S:2026-06-12,S,2026-06-12,2026-06-15,selected,selected,SpotGamma-compatible ORATS reconstruction; not official values,30D_input_prior_252_exchange_sessions_min100_strict_below_exclude_current,0.497646,49.764599999999994,0.598467,59.8467,3.119300000000002,2.453200000000005,-0.6660999999999972,252,0,ok,252,252,100,2025-06-11,2026-06-11,0.4603174603174603,46.03174603174603,252,0,ok,252,252,100,2025-06-11,2026-06-11,0.9285714285714286,92.85714285714286,0.5610329657456515,56.10329657456516,ok_reported_adjusted_prices,30,21,21,no_threshold_flag,0,,0,,8.157602663706987,8.157602663706987,-0.0671064473373614,0.5610329657456515,0.0,0.5269502834781586,52.695028347815864,ok_reported_adjusted_prices,60,43,43,no_threshold_flag,0,,0,,8.157602663706987,8.157602663706987,0.0804861488312881,0.5269502834781584,2.220446049250313e-16,252_mean_squared_log_returns_reported_clsPx_complete_calendar_window,annualized_decimal_variance,ORATS_reported_adjusted_clsPx_not_independently_corporate_action_verified,14.85,14.85,14.83,-0.1346801346801318,no_extreme_input_threshold_flag,21.1021,90.47619047619048,1.0,False,0.3650793650793654,0.0,False,False,12.05299999999999,17.287499999999987,-5.620999999999999,-6.175799999999998,2.453200000000005,81.74603174603175,57.2779,175026858.033,5.476190476190482,frozen_252_session_min126_strict_below_not_Compass_IV_or_RR,2026-06-26,18.0,17.5,0.0551809357968709,0.1033474523112761,21.37559002022926,14.83,14.0,5.518093579687091,"Frozen HIRO stock with 90.5th-percentile positive front call wing (21.1 volatility points), 57.3% surface confidence and $175.0m daily dollar turnover; passed the retrospective 30-day earnings and nonoverlap gates with an entry-day HIRO archive; contract status: selected.",clear,clear,2026-08-27,2026-08-27,2026-06-22,2026-06-26,17.5,17.0,0.1033474523112761,0.1434533733356092,18.004045853000683,14.83,14.0,selected,delta10_otm5,history_not_requested_no_preliminary_entry,,,,,,,,,,,,,,,,,,,,,,18.004045853000683,10.33474523112761,5.518093579687091,14.63250168577208,14.34533733356092,10.33474523112761,14.0,14.0
ULTA:2026-06-12,ULTA,2026-06-12,2026-06-15,selected,selected,SpotGamma-compatible ORATS reconstruction; not official values,30D_input_prior_252_exchange_sessions_min100_strict_below_exclude_current,0.31602,31.602000000000004,0.349842,34.9842,-0.8272000000000002,0.1073999999999963,0.9345999999999964,252,0,ok,252,252,100,2025-06-11,2026-06-11,0.4761904761904761,47.61904761904761,252,0,ok,252,252,100,2025-06-11,2026-06-11,0.98015873015873,98.015873015873,0.3299708256495008,32.997082564950084,ok_reported_adjusted_prices,30,21,21,no_threshold_flag,0,,0,,4.7810536100390095,4.7810536100390095,-0.0090121053798132,0.3299708256495008,0.0,0.3073629005853279,30.736290058532788,ok_reported_adjusted_prices,60,43,43,no_threshold_flag,0,,0,,4.7810536100390095,4.7810536100390095,0.0279174723077738,0.3073629005853279,0.0,252_mean_squared_log_returns_reported_clsPx_complete_calendar_window,annualized_decimal_variance,ORATS_reported_adjusted_clsPx_not_independently_corporate_action_verified,467.74,467.74,466.56,-0.2522769059734031,no_extreme_input_threshold_flag,5.437600000000003,92.06349206349206,1.0,False,0.4708994708994709,0.0,False,False,3.918400000000005,9.045900000000008,-3.5592000000000015,-2.1029999999999993,0.1073999999999963,95.23809523809524,88.75309999999999,443064766.17200005,7.063492063492063,frozen_252_session_min126_strict_below_not_Compass_IV_or_RR,2026-06-26,522.5,520.0,0.0477618565611645,0.054063564485293,11.989883401920444,466.56,14.0,4.77618565611645,"Frozen HIRO stock with 92.1th-percentile positive front call wing (5.4 volatility points), 88.8% surface confidence and $443.1m daily dollar turnover; passed the retrospective 30-day earnings and nonoverlap gates with an entry-day HIRO archive; contract status: selected.",clear,clear,2026-08-27,2026-08-27,2026-06-22,2026-06-26,510.0,507.5,0.0967392620609881,0.1058538506814618,9.310699588477366,466.56,14.0,selected,delta10_otm5,history_not_requested_no_preliminary_entry,,,,,,,,,,,,,,,,,,,,,,11.45404663923182,5.4063564485293005,4.77618565611645,8.774862825788743,10.58538506814618,9.673926206098807,14.0,14.0
WDAY:2026-06-12,WDAY,2026-06-12,2026-06-15,selected,selected,SpotGamma-compatible ORATS reconstruction; not official values,30D_input_prior_252_exchange_sessions_min100_strict_below_exclude_current,0.588087,58.8087,0.574353,57.4353,-1.0413000000000006,-0.2724000000000059,0.7688999999999946,252,0,ok,252,252,100,2025-06-11,2026-06-11,0.8095238095238095,80.95238095238095,252,0,ok,252,252,100,2025-06-11,2026-06-11,0.9523809523809524,95.23809523809524,0.6748919952236385,67.48919952236385,ok_reported_adjusted_prices,30,21,21,no_threshold_flag,0,,0,,12.445196523344372,12.445196523344372,-0.1096328856479437,0.6748919952236385,0.0,0.6297385478246115,62.973854782461146,ok_reported_adjusted_prices,60,43,43,no_threshold_flag,0,,0,,12.445196523344372,12.445196523344372,-0.0666892700072504,0.6297385478246115,0.0,252_mean_squared_log_returns_reported_clsPx_complete_calendar_window,annualized_decimal_variance,ORATS_reported_adjusted_clsPx_not_independently_corporate_action_verified,130.8,130.8,129.74,-0.8103975535168173,no_extreme_input_threshold_flag,6.025200000000009,93.65079365079364,1.0,False,0.5767195767195763,0.0,False,False,2.932500000000005,6.2775000000000025,-5.127999999999999,-7.141399999999997,-0.2724000000000059,83.33333333333333,82.8848,794192359.1589999,8.650793650793645,frozen_252_session_min126_strict_below_not_Compass_IV_or_RR,2026-06-26,160.0,157.5,0.0522384343736929,0.0648936159635938,23.32357021735778,129.74,14.0,5.223843437369291,"Frozen HIRO stock with 93.7th-percentile positive front call wing (6.0 volatility points), 82.9% surface confidence and $794.2m daily dollar turnover; passed the retrospective 30-day earnings and nonoverlap gates with an entry-day HIRO archive; contract status: selected.",clear,clear,2026-08-27,2026-08-27,2026-06-22,2026-06-26,152.5,150.0,0.0963636213519503,0.1152568566986654,17.542777863419133,129.74,14.0,selected,delta10_otm5,history_not_requested_no_preliminary_entry,,,,,,,,,,,,,,,,,,,,,,21.396639432711577,6.48936159635938,5.223843437369291,15.615847078772926,11.52568566986654,9.63636213519503,14.0,14.0
ANF:2026-06-15,ANF,2026-06-15,2026-06-16,selected,selected,SpotGamma-compatible ORATS reconstruction; not official values,30D_input_prior_252_exchange_sessions_min100_strict_below_exclude_current,0.464776,46.4776,0.478886,47.8886,-2.9153999999999956,-0.0663999999999997,2.848999999999996,252,0,ok,252,252,100,2025-06-12,2026-06-12,0.0634920634920634,6.349206349206349,252,0,ok,252,252,100,2025-06-12,2026-06-12,0.3293650793650793,32.93650793650794,0.5699325403577489,56.99325403577489,ok_reported_adjusted_prices,30,20,20,no_threshold_flag,0,,0,,8.879379513238828,8.879379513238828,-0.108806370382637,0.5699325403577489,0.0,0.511450887236049,51.1450887236049,ok_reported_adjusted_prices,60,41,41,no_threshold_flag,0,,0,,8.879379513238828,8.879379513238828,-0.0322502090585417,0.5114508872360491,-1.1102230246251563e-16,252_mean_squared_log_returns_reported_clsPx_complete_calendar_window,annualized_decimal_variance,ORATS_reported_adjusted_clsPx_not_independently_corporate_action_verified,91.1,91.1,90.7,-0.4390779363336872,no_extreme_input_threshold_flag,37.4418,100.0,1.0,False,1.0,0.0,False,True,27.785900000000005,23.450900000000004,-0.3974000000000033,2.7109999999999967,-0.0663999999999997,55.15873015873016,63.1163,132347348.5695,15.0,frozen_252_session_min126_strict_below_not_Compass_IV_or_RR,2026-06-26,110.0,107.0,0.0417468042937164,0.0614003330746909,21.278941565600885,90.7,11.0,4.17468042937164,"Frozen HIRO stock with 100.0th-percentile positive front call wing (37.4 volatility points), 63.1% surface confidence and $132.3m daily dollar turnover; passed the retrospective 30-day earnings and nonoverlap gates with an entry-day HIRO archive; contract status: selected.",clear,clear,2026-08-26,2026-08-26,2026-06-23,2026-06-26,105.0,104.0,0.0965292908782137,0.1051809840393948,15.76626240352812,90.7,11.0,selected,delta10_otm5,history_not_requested_no_preliminary_entry,,,,,,,,,,,,,,,,,,,,,,17.971334068357226,6.14003330746909,4.17468042937164,14.663726571113568,10.51809840393948,9.65292908782137,11.0,11.0
LVS:2026-06-15,LVS,2026-06-15,2026-06-16,selected,selected,SpotGamma-compatible ORATS reconstruction; not official values,30D_input_prior_252_exchange_sessions_min100_strict_below_exclude_current,0.351583,35.1583,0.398886,39.8886,-3.4863000000000035,-0.8745000000000003,2.6118000000000032,252,0,ok,252,252,100,2025-06-12,2026-06-12,0.4682539682539682,46.82539682539682,252,0,ok,252,252,100,2025-06-12,2026-06-12,0.5,50.0,0.2905882896113141,29.05882896113141,ok_reported_adjusted_prices,30,20,20,no_threshold_flag,0,,0,,5.333333333333323,5.339133873838242,0.039169051829771,0.2905882896113141,0.0,0.3511445045797067,35.114450457970676,ok_reported_adjusted_prices,60,41,41,no_threshold_flag,0,,0,,8.618233618233617,8.619173262972735,0.0358075778994723,0.3511445045797067,5.551115123125783e-17,252_mean_squared_log_returns_reported_clsPx_complete_calendar_window,annualized_decimal_variance,ORATS_reported_adjusted_clsPx_not_independently_corporate_action_verified,49.42,49.74,49.58,-0.3216726980297624,no_extreme_input_threshold_flag,8.537099999999997,90.87301587301587,1.0,False,0.3915343915343915,0.0,False,True,2.9005,1.0515,-0.451600000000002,2.256199999999997,-0.8745000000000003,36.904761904761905,64.1165,200712566.5965,5.8730158730158735,frozen_252_session_min126_strict_below_not_Compass_IV_or_RR,2026-06-26,55.0,54.0,0.0542081851559954,0.1060082186588353,10.93182734973781,49.58,11.0,5.4208185155995405,"Frozen HIRO stock with 90.9th-percentile positive front call wing (8.5 volatility points), 64.1% surface confidence and $200.7m daily dollar turnover; passed the retrospective 30-day earnings and nonoverlap gates with an entry-day HIRO archive; contract status: selected.",clear,clear,2026-07-22,2026-07-22,2026-06-23,2026-06-26,54.0,53.0,0.1060082186588353,0.1585335448138048,8.914885034288034,49.58,11.0,selected,delta10_otm5,history_not_requested_no_preliminary_entry,,,,,,,,,,,,,,,,,,,,,,8.914885034288034,10.60082186588353,5.4208185155995405,6.897942718838235,15.85335448138048,10.60082186588353,11.0,11.0
MRVL:2026-06-15,MRVL,2026-06-15,2026-06-16,selected,selected,SpotGamma-compatible ORATS reconstruction; not official values,30D_input_prior_252_exchange_sessions_min100_strict_below_exclude_current,1.04997,104.997,1.0348,103.48,3.881000000000001,2.9490000000000016,-0.9319999999999996,252,0,ok,252,252,100,2025-06-12,2026-06-12,0.98015873015873,98.015873015873,252,0,ok,252,252,100,2025-06-12,2026-06-12,0.9484126984126984,94.84126984126983,1.4849989110265904,148.49989110265903,ok_reported_adjusted_prices,30,20,20,extreme_adjusted_jump,1,2026-06-02,0,,32.5189169477619,32.520621610536395,-1.1027847648501594,1.4849989110265904,0.0,1.1378836284080818,113.78836284080818,ok_reported_adjusted_prices,60,41,41,extreme_adjusted_jump,1,2026-06-02,0,,32.5189169477619,32.520621610536395,-0.2239681117991416,1.1378836284080818,0.0,252_mean_squared_log_returns_reported_clsPx_complete_calendar_window,annualized_decimal_variance,ORATS_reported_adjusted_clsPx_not_independently_corporate_action_verified,308.8,308.88,311.22,0.7575757575757569,no_extreme_input_threshold_flag,23.549,98.015873015873,1.0,False,0.8677248677248675,0.0,False,True,13.03000000000001,11.087000000000026,4.9189999999999845,11.677999999999964,2.9490000000000016,96.03174603174604,88.8459,14741016962.586498,13.015873015872998,frozen_252_session_min126_strict_below_not_Compass_IV_or_RR,2026-06-26,470.0,460.0,0.0509353975193069,0.0573569916528493,51.01857207120363,311.22,11.0,5.09353975193069,"Frozen HIRO stock with 98.0th-percentile positive front call wing (23.5 volatility points), 88.8% surface confidence and $14741.0m daily dollar turnover; passed the retrospective 30-day earnings and nonoverlap gates with an entry-day HIRO archive; contract status: selected.",clear,clear,2026-08-27,2026-08-27,2026-06-23,2026-06-26,425.0,420.0,0.0976996943701141,0.1055494634145841,36.559347085662864,311.22,11.0,selected,delta10_otm5,ok,0.0976996943701141,0.3091121804563406,11.0,311.9918259125596,1.2519042290377156,1.1024122450900216,14.949198394769404,ORATS_carry_model_estimate_internally_model_consistent_not_observed,call_mid_iv_at_carry_model_forward_not_independently_verified,111.0,1.924911856768708,4.94177348471392,2.635549075304222,99.09909909909908,ok,30.0,9.604549727520718,7.878162075560812,,,insufficient_history,47.80541096330568,5.73569916528493,5.09353975193069,34.952766531713884,10.55494634145841,9.76996943701141,11.0,11.0
ORCL:2026-06-15,ORCL,2026-06-15,2026-06-16,selected,selected,SpotGamma-compatible ORATS reconstruction; not official values,30D_input_prior_252_exchange_sessions_min100_strict_below_exclude_current,0.53265,53.26499999999999,0.540828,54.0828,0.7214999999999971,1.0373999999999994,0.3159000000000023,252,0,ok,252,252,100,2025-06-12,2026-06-12,0.5555555555555556,55.55555555555556,252,0,ok,252,252,100,2025-06-12,2026-06-12,0.8492063492063492,84.92063492063492,0.8194273601810431,81.94273601810431,ok_reported_adjusted_prices,30,20,20,no_threshold_flag,0,,0,,10.842898664958868,10.83946980854198,-0.3877451761132729,0.8194273601810431,0.0,0.6726231463306013,67.26231463306013,ok_reported_adjusted_prices,60,41,41,no_threshold_flag,0,,0,,10.842898664958868,10.83946980854198,-0.1599269713956774,0.6726231463306012,1.1102230246251563e-16,252_mean_squared_log_returns_reported_clsPx_complete_calendar_window,annualized_decimal_variance,ORATS_reported_adjusted_clsPx_not_independently_corporate_action_verified,191.97,192.64,192.58,-0.0311461794019751,no_extreme_input_threshold_flag,12.6293,90.47619047619048,1.0,False,0.3650793650793654,0.0,False,True,2.901700000000007,2.5961000000000123,-0.6256000000000039,5.58479999999999,1.0373999999999994,84.12698412698413,98.1084,5424154209.131,5.476190476190482,frozen_252_session_min126_strict_below_not_Compass_IV_or_RR,2026-06-26,235.0,232.5,0.0519077032744647,0.0600258737056774,22.0272094713885,192.58,11.0,5.1907703274464705,"Frozen HIRO stock with 90.5th-percentile positive front call wing (12.6 volatility points), 98.1% surface confidence and $5424.2m daily dollar turnover; passed the retrospective 30-day earnings and nonoverlap gates with an entry-day HIRO archive; contract status: selected.",clear,clear,,,2026-06-23,2026-06-26,222.5,220.0,0.0996492202280668,0.1143823914611269,15.536400456952949,192.58,11.0,selected,delta10_otm5,ok,0.0996492202280668,0.1425958105064858,11.0,192.93074515207007,0.6028977563704168,0.54650814703341,5.638960933700677,ORATS_carry_model_estimate_internally_model_consistent_not_observed,call_mid_iv_at_carry_model_forward_not_independently_verified,124.0,2.2467830310721415,5.511539418291799,0.6154683193175599,83.06451612903226,ok,126.0,2.0789230153224527,4.093151985243247,0.8697546368209582,84.92063492063492,ok,20.729047668501387,6.00258737056774,5.1907703274464705,14.23823865406584,11.43823914611269,9.96492202280668,11.0,11.0
QCOM:2026-06-15,QCOM,2026-06-15,2026-06-16,selected,selected,SpotGamma-compatible ORATS reconstruction; not official values,30D_input_prior_252_exchange_sessions_min100_strict_below_exclude_current,0.793369,79.3369,0.77671,77.671,4.613999999999995,3.362900000000002,-1.251099999999994,252,0,ok,252,252,100,2025-06-12,2026-06-12,0.9444444444444444,94.44444444444444,252,0,ok,252,252,100,2025-06-12,2026-06-12,0.9285714285714286,92.85714285714286,0.9309624554259792,93.09624554259791,ok_reported_adjusted_prices,30,20,20,no_threshold_flag,0,,0,,11.599754102236728,11.597394686284623,-0.2372567232517684,0.9309624554259792,0.0,0.9621668587787916,96.21668587787916,ok_reported_adjusted_prices,60,41,41,no_threshold_flag,0,,0,,15.118385302108916,15.11538461538462,-0.3224866400322471,0.9621668587787916,0.0,252_mean_squared_log_returns_reported_clsPx_complete_calendar_window,annualized_decimal_variance,ORATS_reported_adjusted_clsPx_not_independently_corporate_action_verified,219.61,220.81,220.92,0.0498165843938247,no_extreme_input_threshold_flag,15.566299999999988,88.0952380952381,2.0,False,0.4656084656084658,0.5281000000000091,False,False,-0.5281000000000091,-6.503400000000003,10.861600000000005,13.809700000000005,3.362900000000002,91.26984126984128,94.0082,4869290601.207,3.095238095238102,frozen_252_session_min126_strict_below_not_Compass_IV_or_RR,2026-06-26,305.0,300.0,0.0513629000282562,0.0589843100720206,38.05902589172552,220.92,11.0,5.1362900028256195,"Frozen HIRO stock with 88.1th-percentile positive front call wing (15.6 volatility points), 94.0% surface confidence and $4869.3m daily dollar turnover; passed the retrospective 30-day earnings and nonoverlap gates with an entry-day HIRO archive; contract status: selected.",clear,clear,2026-07-29,2026-07-29,2026-06-23,2026-06-26,280.0,275.0,0.1043290313792149,0.1202585833192916,26.742712294043105,220.92,11.0,selected,delta10_otm5,ok,0.1043290313792149,0.2363155263828381,11.0,221.06882464896427,1.0016675722003343,0.9257947016922125,7.587287050812186,ORATS_carry_model_estimate_internally_model_consistent_not_observed,call_mid_iv_at_carry_model_forward_not_independently_verified,112.0,0.8322440155581138,6.148437753475464,1.0986600671749045,83.03571428571429,ok,38.0,10.073421167140598,6.191089179165735,,,insufficient_history,35.79576317218904,5.898431007202061,5.1362900028256195,24.479449574506607,12.02585833192916,10.432903137921487,11.0,11.0
CRM:2026-06-16,CRM,2026-06-16,2026-06-17,selected,selected,SpotGamma-compatible ORATS reconstruction; not official values,30D_input_prior_252_exchange_sessions_min100_strict_below_exclude_current,0.416303,41.6303,0.429255,42.9255,1.568799999999998,1.4539000000000024,-0.1148999999999955,252,0,ok,252,252,100,2025-06-13,2026-06-15,0.4841269841269841,48.41269841269841,252,0,ok,252,252,100,2025-06-13,2026-06-15,0.98015873015873,98.015873015873,0.5579676419846031,55.79676419846032,ok_reported_adjusted_prices,30,21,21,no_threshold_flag,0,,0,,9.680795395081107,9.680795395081107,-0.1380197016928582,0.5579676419846031,0.0,0.5255354470657762,52.55354470657762,ok_reported_adjusted_prices,60,41,41,no_threshold_flag,0,,0,,9.680795395081107,9.680795395081107,-0.0919276510976252,0.5255354470657762,0.0,252_mean_squared_log_returns_reported_clsPx_complete_calendar_window,annualized_decimal_variance,ORATS_reported_adjusted_clsPx_not_independently_corporate_action_verified,161.71,161.71,161.86,0.0927586420134796,no_extreme_input_threshold_flag,6.913800000000004,89.68253968253968,2.0,False,0.6772486772486777,0.1342999999999925,False,False,-0.1342999999999925,-3.8612999999999897,-2.041000000000004,-3.0231000000000066,1.4539000000000024,97.61904761904762,96.5597,2966744236.532,4.682539682539684,frozen_252_session_min126_strict_below_not_Compass_IV_or_RR,2026-06-26,185.0,182.5,0.0536900367795864,0.0715645534896236,14.29630544915359,161.86,10.0,5.36900367795864,"Frozen HIRO stock with 89.7th-percentile positive front call wing (6.9 volatility points), 96.6% surface confidence and $2966.7m daily dollar turnover; passed the retrospective 30-day earnings and nonoverlap gates with an entry-day HIRO archive; contract status: selected.",clear,clear,2026-08-26,2026-08-26,2026-06-24,2026-06-26,180.0,177.5,0.0942010097504345,0.1234452042982781,11.207216112689975,161.86,10.0,selected,delta10_otm5,ok,0.0942010097504345,0.1051215692884079,10.0,162.03871393693893,0.4632361645096381,0.4225825187006597,4.06536458089784,ORATS_carry_model_estimate_internally_model_consistent_not_observed,call_mid_iv_at_carry_model_forward_not_independently_verified,126.0,-0.8137718852667338,2.636078920353366,1.850906825471874,96.03174603174604,ok,112.0,-0.8969806188105367,2.565449791499382,1.9342983114115535,96.42857142857144,ok,12.751760780921773,7.15645534896236,5.36900367795864,9.66267144445816,12.34452042982781,9.42010097504345,10.0,10.0
DE:2026-06-16,DE,2026-06-16,2026-06-17,selected,selected,SpotGamma-compatible ORATS reconstruction; not official values,30D_input_prior_252_exchange_sessions_min100_strict_below_exclude_current,0.288557,28.8557,0.301667,30.1667,-0.5249999999999977,-0.1556000000000001,0.3693999999999975,252,0,ok,252,252,100,2025-06-13,2026-06-15,0.4523809523809524,45.23809523809524,252,0,ok,252,252,100,2025-06-13,2026-06-15,0.988095238095238,98.8095238095238,0.3498012809006524,34.980128090065236,ok_reported_adjusted_prices,30,21,21,no_threshold_flag,0,,0,,6.787054322311148,6.787972641631179,-0.0390957938707371,0.3498012809006524,0.0,0.3462065157593366,34.620651575933664,ok_reported_adjusted_prices,60,41,41,no_threshold_flag,0,,0,,6.787054322311148,6.787972641631179,-0.0288559726652198,0.3462065157593366,5.551115123125783e-17,252_mean_squared_log_returns_reported_clsPx_complete_calendar_window,annualized_decimal_variance,ORATS_reported_adjusted_clsPx_not_independently_corporate_action_verified,583.78,585.29,584.25,-0.1776896922892845,no_extreme_input_threshold_flag,5.128099999999996,93.25396825396824,2.0,False,0.5978835978835975,0.0,False,True,2.4411999999999985,-1.3377000000000034,-1.6060999999999992,-2.3380999999999985,-0.1556000000000001,96.42857142857144,91.8115,893366687.3364999,8.253968253968239,frozen_252_session_min126_strict_below_not_Compass_IV_or_RR,2026-06-26,632.5,630.0,0.0417541246384734,0.0601820550309323,8.258451005562684,584.25,10.0,4.175412463847341,"Frozen HIRO stock with 93.3th-percentile positive front call wing (5.1 volatility points), 91.8% surface confidence and $893.4m daily dollar turnover; passed the retrospective 30-day earnings and nonoverlap gates with an entry-day HIRO archive; contract status: selected.",clear,clear,2026-08-20,2026-08-20,2026-06-24,2026-06-26,620.0,617.5,0.1023906468718312,0.1193865841124775,6.11895592640137,584.25,10.0,selected,delta10_otm5,history_not_requested_no_preliminary_entry,,,,,,,,,,,,,,,,,,,,,,7.830551989730416,6.018205503093229,4.175412463847341,5.691056910569103,11.93865841124775,10.23906468718312,10.0,10.0
DG:2026-06-16,DG,2026-06-16,2026-06-17,selected,selected,SpotGamma-compatible ORATS reconstruction; not official values,30D_input_prior_252_exchange_sessions_min100_strict_below_exclude_current,0.341909,34.1909,0.350574,35.0574,-0.6618999999999986,0.2257999999999982,0.8876999999999968,252,0,ok,252,252,100,2025-06-13,2026-06-15,0.4642857142857143,46.42857142857143,252,0,ok,252,252,100,2025-06-13,2026-06-15,0.9523809523809524,95.23809523809524,0.3577554268579977,35.77554268579977,ok_reported_adjusted_prices,30,21,21,no_threshold_flag,0,,0,,5.3371868978805415,5.33882871657243,-0.0110871811653481,0.3577554268579976,1.1102230246251563e-16,0.3722982139141579,37.2298213914158,ok_reported_adjusted_prices,60,41,41,no_threshold_flag,0,,0,,7.647267565649396,7.64409921440552,-0.0157038306076721,0.372298213914158,-5.551115123125783e-17,252_mean_squared_log_returns_reported_clsPx_complete_calendar_window,annualized_decimal_variance,ORATS_reported_adjusted_clsPx_not_independently_corporate_action_verified,113.17,113.75,114.25,0.439560439560438,no_extreme_input_threshold_flag,13.927,99.2063492063492,1.0,False,0.9470899470899468,0.0,False,True,10.616199999999996,9.947299999999997,0.182199999999999,-1.2699000000000016,0.2257999999999982,88.88888888888889,70.7513,442503425.0715,14.206349206349202,frozen_252_session_min126_strict_below_not_Compass_IV_or_RR,2026-06-26,129.0,128.0,0.0494643797433398,0.0511897075100137,12.910284463894971,114.25,10.0,4.94643797433398,"Frozen HIRO stock with 99.2th-percentile positive front call wing (13.9 volatility points), 70.8% surface confidence and $442.5m daily dollar turnover; passed the retrospective 30-day earnings and nonoverlap gates with an entry-day HIRO archive; contract status: selected.",clear,clear,2026-08-27,2026-08-27,2026-06-24,2026-06-26,125.0,124.0,0.0983765557041424,0.1231868080809444,9.409190371991238,114.25,10.0,selected,delta10_otm5,history_not_requested_no_preliminary_entry,,,,,,,,,,,,,,,,,,,,,,12.035010940919031,5.11897075100137,4.94643797433398,8.533916849015322,12.31868080809444,9.83765557041424,10.0,10.0
ON:2026-06-16,ON,2026-06-16,2026-06-17,selected,selected,SpotGamma-compatible ORATS reconstruction; not official values,30D_input_prior_252_exchange_sessions_min100_strict_below_exclude_current,0.721965,72.1965,0.773421,77.3421,-3.3480999999999983,-0.0201999999999924,3.327900000000006,252,0,ok,252,252,100,2025-06-13,2026-06-15,0.9404761904761904,94.04761904761904,252,0,ok,252,252,100,2025-06-13,2026-06-15,0.238095238095238,23.809523809523807,0.7993539056782307,79.93539056782308,ok_reported_adjusted_prices,30,21,21,no_threshold_flag,0,,0,,11.045364891518728,11.045364891518728,-0.1177332052980418,0.7993539056782306,1.1102230246251563e-16,0.7471089967343473,74.71089967343472,ok_reported_adjusted_prices,60,41,41,no_threshold_flag,0,,0,,11.142061281337035,11.142061281337035,0.0400081902395971,0.7471089967343473,0.0,252_mean_squared_log_returns_reported_clsPx_complete_calendar_window,annualized_decimal_variance,ORATS_reported_adjusted_clsPx_not_independently_corporate_action_verified,118.25,118.25,119.67,1.200845665961947,no_extreme_input_threshold_flag,10.6198,92.46031746031746,1.0,False,0.497354497354497,0.0,False,False,13.8166,18.905499999999996,-0.6503000000000037,-2.6932000000000067,-0.0201999999999924,60.31746031746032,92.5933,1394366773.481,7.460317460317455,frozen_252_session_min126_strict_below_not_Compass_IV_or_RR,2026-06-26,152.5,150.0,0.0579759221096665,0.069611859073927,27.43377621793264,119.67,10.0,5.797592210966649,"Frozen HIRO stock with 92.5th-percentile positive front call wing (10.6 volatility points), 92.6% surface confidence and $1394.4m daily dollar turnover; passed the retrospective 30-day earnings and nonoverlap gates with an entry-day HIRO archive; contract status: selected.",clear,clear,2026-08-03,2026-08-03,2026-06-24,2026-06-26,145.0,144.0,0.1000546316205553,0.1082142750532596,21.166541321968737,119.67,10.0,selected,delta10_otm5,history_not_requested_no_preliminary_entry,,,,,,,,,,,,,,,,,,,,,,25.344697919278005,6.9611859073927,5.797592210966649,20.330910002506887,10.82142750532596,10.00546316205553,10.0,10.0
ROKU:2026-06-16,ROKU,2026-06-16,2026-06-17,selected,selected,SpotGamma-compatible ORATS reconstruction; not official values,30D_input_prior_252_exchange_sessions_min100_strict_below_exclude_current,0.240998,24.0998,0.268026,26.8026,3.1789000000000014,2.1334000000000017,-1.0454999999999992,252,0,ok,252,252,100,2025-06-13,2026-06-15,0.0,0.0,252,0,ok,252,252,100,2025-06-13,2026-06-15,0.996031746031746,99.6031746031746,0.7189965347094334,71.89965347094333,ok_reported_adjusted_prices,30,21,21,no_threshold_flag,0,,0,,20.076897358742897,20.076897358742897,-0.4588759809201733,0.7189965347094333,1.1102230246251563e-16,0.5806109385706519,58.061093857065195,ok_reported_adjusted_prices,60,41,41,no_threshold_flag,0,,0,,20.076897358742897,20.076897358742897,-0.2652711253118933,0.5806109385706519,0.0,252_mean_squared_log_returns_reported_clsPx_complete_calendar_window,annualized_decimal_variance,ORATS_reported_adjusted_clsPx_not_independently_corporate_action_verified,137.95,137.95,139.49,1.1163465023559471,no_extreme_input_threshold_flag,7.757300000000001,90.07936507936508,1.0,False,0.3386243386243384,0.0,False,False,1.0561000000000045,16.021800000000006,0.798099999999996,33.07059999999999,2.1334000000000017,99.6031746031746,52.182399999999994,629159699.3975,5.0793650793650755,frozen_252_session_min126_strict_below_not_Compass_IV_or_RR,2026-06-26,155.0,152.5,0.0769173247235257,0.0913520620592821,11.119076636318017,139.49,10.0,7.69173247235257,"Frozen HIRO stock with 90.1th-percentile positive front call wing (7.8 volatility points), 52.2% surface confidence and $629.2m daily dollar turnover; passed the retrospective 30-day earnings and nonoverlap gates with an entry-day HIRO archive; contract status: selected.",clear,clear,2026-08-06,2026-08-06,2026-06-24,2026-06-26,152.5,150.0,0.0913520620592821,0.1391293408931991,9.326833464764483,139.49,10.0,selected,delta10_otm5,history_not_requested_no_preliminary_entry,,,,,,,,,,,,,,,,,,,,,,9.326833464764483,9.13520620592821,7.69173247235257,7.534590293210974,13.91293408931991,9.13520620592821,10.0,10.0
SE:2026-06-16,SE,2026-06-16,2026-06-17,selected,selected,SpotGamma-compatible ORATS reconstruction; not official values,30D_input_prior_252_exchange_sessions_min100_strict_below_exclude_current,0.476349,47.6349,0.575341,57.5341,-0.7059000000000037,-0.0183000000000044,0.6875999999999993,252,0,ok,252,252,100,2025-06-13,2026-06-15,0.4563492063492063,45.63492063492063,252,0,ok,252,252,100,2025-06-13,2026-06-15,0.8571428571428571,85.71428571428571,0.4888926273497148,48.88926273497148,ok_reported_adjusted_prices,30,21,21,no_threshold_flag,0,,0,,6.004995113475953,6.004995113475953,-0.0121076312759071,0.4888926273497147,1.1102230246251563e-16,0.550486824035605,55.0486824035605,ok_reported_adjusted_prices,60,41,41,no_threshold_flag,0,,0,,13.137740073052884,13.137740073052884,0.0279815228441928,0.550486824035605,0.0,252_mean_squared_log_returns_reported_clsPx_complete_calendar_window,annualized_decimal_variance,ORATS_reported_adjusted_clsPx_not_independently_corporate_action_verified,86.81,86.81,86.92,0.1267135122681617,no_extreme_input_threshold_flag,6.3751,90.47619047619048,1.0,False,0.3650793650793654,0.0,False,False,8.9775,11.798399999999996,0.4728999999999983,-3.3277,-0.0183000000000044,75.7936507936508,83.8716,316824614.081,5.476190476190482,frozen_252_session_min126_strict_below_not_Compass_IV_or_RR,2026-06-26,101.0,100.0,0.0499477314130731,0.0755643657214311,16.198803497468937,86.92,10.0,4.99477314130731,"Frozen HIRO stock with 90.5th-percentile positive front call wing (6.4 volatility points), 83.9% surface confidence and $316.8m daily dollar turnover; passed the retrospective 30-day earnings and nonoverlap gates with an entry-day HIRO archive; contract status: selected.",clear,clear,2026-08-11,2026-08-11,2026-06-24,2026-06-26,98.0,97.0,0.1022131262241268,0.1214206388551051,12.747353888633215,86.92,10.0,selected,delta10_otm5,history_not_requested_no_preliminary_entry,,,,,,,,,,,,,,,,,,,,,,15.048320294523698,7.55643657214311,4.99477314130731,11.596870685687977,12.14206388551051,10.22131262241268,10.0,10.0
SERV:2026-06-16,SERV,2026-06-16,2026-06-17,selected,selected,SpotGamma-compatible ORATS reconstruction; not official values,30D_input_prior_252_exchange_sessions_min100_strict_below_exclude_current,1.07639,107.639,1.14899,114.899,18.296999999999983,12.990999999999996,-5.3059999999999885,252,0,ok,252,252,100,2025-06-13,2026-06-15,0.6984126984126984,69.84126984126983,252,0,ok,252,252,100,2025-06-13,2026-06-15,0.9642857142857144,96.42857142857144,0.8189709824003127,81.89709824003127,ok_reported_adjusted_prices,30,21,21,no_threshold_flag,0,,0,,9.15104740904079,9.15104740904079,0.4879019620862665,0.8189709824003127,0.0,0.7180959153234427,71.80959153234427,ok_reported_adjusted_prices,60,41,41,no_threshold_flag,0,,0,,9.15104740904079,9.15104740904079,0.8045162764957869,0.7180959153234427,0.0,252_mean_squared_log_returns_reported_clsPx_complete_calendar_window,annualized_decimal_variance,ORATS_reported_adjusted_clsPx_not_independently_corporate_action_verified,6.56,6.56,6.72,2.4390243902439046,no_extreme_input_threshold_flag,31.5636,86.5079365079365,7.0,False,5.068783068783069,30.569400000000016,False,False,-17.266399999999997,-25.297200000000004,-8.502600000000005,-14.73580000000001,12.990999999999996,96.82539682539682,50.8213,50131893.988,1.507936507936506,frozen_252_session_min126_strict_below_not_Compass_IV_or_RR,2026-06-26,9.5,9.0,0.054797702992565,0.0814183152277222,41.36904761904763,6.72,10.0,5.4797702992565,"Frozen HIRO stock with 86.5th-percentile positive front call wing (31.6 volatility points), 50.8% surface confidence and $50.1m daily dollar turnover; passed the retrospective 30-day earnings and nonoverlap gates with an entry-day HIRO archive; contract status: selected.",clear,clear,2026-08-06,2026-08-06,2026-06-24,2026-06-26,9.0,8.5,0.0814183152277222,0.1276775559310922,33.928571428571445,6.72,10.0,selected,delta10_otm5,history_not_requested_no_preliminary_entry,,,,,,,,,,,,,,,,,,,,,,33.928571428571445,8.14183152277222,5.4797702992565,26.488095238095234,12.76775559310922,8.14183152277222,10.0,10.0
VRT:2026-06-16,VRT,2026-06-16,2026-06-17,selected,selected,SpotGamma-compatible ORATS reconstruction; not official values,30D_input_prior_252_exchange_sessions_min100_strict_below_exclude_current,0.61936,61.936,0.685212,68.52120000000001,-1.5078999999999954,0.1029999999999975,1.610899999999993,252,0,ok,252,252,100,2025-06-13,2026-06-15,0.4603174603174603,46.03174603174603,252,0,ok,252,252,100,2025-06-13,2026-06-15,0.8650793650793651,86.5079365079365,0.5866229092162858,58.66229092162858,ok_reported_adjusted_prices,30,21,21,no_threshold_flag,0,,0,,8.412878175052574,8.413759637677243,0.0394803719826213,0.5866229092162858,0.0,0.5759288707201295,57.59288707201296,ok_reported_adjusted_prices,60,41,41,no_threshold_flag,0,,0,,8.412878175052574,8.413759637677243,0.1378214208150364,0.5759288707201298,-2.220446049250313e-16,252_mean_squared_log_returns_reported_clsPx_complete_calendar_window,annualized_decimal_variance,ORATS_reported_adjusted_clsPx_not_independently_corporate_action_verified,299.6,299.6,302.47,0.9579439252336508,no_extreme_input_threshold_flag,5.160799999999998,91.26984126984128,1.0,False,0.4179894179894177,0.0,False,False,7.869400000000004,10.142600000000002,0.3796999999999939,-1.5094000000000052,0.1029999999999975,90.87301587301587,95.921,1888495463.4735,6.2698412698412795,frozen_252_session_min126_strict_below_not_Compass_IV_or_RR,2026-06-26,370.0,367.5,0.0533885255116427,0.0579022352190103,22.32618110887028,302.47,10.0,5.33885255116427,"Frozen HIRO stock with 91.3th-percentile positive front call wing (5.2 volatility points), 95.9% surface confidence and $1888.5m daily dollar turnover; passed the retrospective 30-day earnings and nonoverlap gates with an entry-day HIRO archive; contract status: selected.",clear,clear,2026-07-29,2026-07-29,2026-06-24,2026-06-26,355.0,352.5,0.1031856789194182,0.1138517922113876,17.36701160445664,302.47,10.0,selected,delta10_otm5,history_not_requested_no_preliminary_entry,,,,,,,,,,,,,,,,,,,,,,21.499652858134688,5.79022352190103,5.33885255116427,16.540483353721026,11.38517922113876,10.31856789194182,10.0,10.0
WDC:2026-06-16,WDC,2026-06-16,2026-06-17,selected,selected,SpotGamma-compatible ORATS reconstruction; not official values,30D_input_prior_252_exchange_sessions_min100_strict_below_exclude_current,0.916385,91.6385,0.969392,96.9392,0.8950999999999931,1.2217999999999951,0.326700000000002,252,0,ok,252,252,100,2025-06-13,2026-06-15,0.988095238095238,98.8095238095238,252,0,ok,252,252,100,2025-06-13,2026-06-15,0.8968253968253969,89.68253968253968,0.9135829735024208,91.35829735024208,ok_reported_adjusted_prices,30,21,21,no_threshold_flag,0,,0,,16.096425779862145,16.096425779862145,0.005127618751475,0.9135829735024208,0.0,0.7596851076523018,75.96851076523018,ok_reported_adjusted_prices,60,41,41,no_threshold_flag,0,,0,,16.096425779862145,16.096425779862145,0.3625993868753107,0.7596851076523018,0.0,252_mean_squared_log_returns_reported_clsPx_complete_calendar_window,annualized_decimal_variance,ORATS_reported_adjusted_clsPx_not_independently_corporate_action_verified,681.08,681.08,686.61,0.811945733247188,no_extreme_input_threshold_flag,13.602199999999998,96.03174603174604,1.0,False,0.7354497354497359,0.0,False,True,8.810399999999996,7.081700000000001,2.576900000000004,-6.388899999999998,1.2217999999999951,86.11111111111111,89.9918,3885471065.751,11.03174603174604,frozen_252_session_min126_strict_below_not_Compass_IV_or_RR,2026-06-26,930.0,920.0,0.0471376749110409,0.0557873202558885,35.44807095731202,686.61,10.0,4.71376749110409,"Frozen HIRO stock with 96.0th-percentile positive front call wing (13.6 volatility points), 90.0% surface confidence and $3885.5m daily dollar turnover; passed the retrospective 30-day earnings and nonoverlap gates with an entry-day HIRO archive; contract status: selected.",clear,clear,2026-08-05,2026-08-05,2026-06-24,2026-06-26,870.0,860.0,0.0956746669328895,0.1069058780622267,26.70948573425962,686.61,10.0,selected,delta10_otm5,history_not_requested_no_preliminary_entry,,,,,,,,,,,,,,,,,,,,,,33.99164008680329,5.57873202558885,4.71376749110409,25.25305486375089,10.69058780622267,9.56746669328895,10.0,10.0
ZS:2026-06-16,ZS,2026-06-16,2026-06-17,selected,selected,SpotGamma-compatible ORATS reconstruction; not official values,30D_input_prior_252_exchange_sessions_min100_strict_below_exclude_current,0.536042,53.6042,0.557047,55.704699999999995,0.6260000000000043,1.1302000000000034,0.5041999999999991,252,0,ok,252,252,100,2025-06-13,2026-06-15,0.5238095238095238,52.38095238095239,252,0,ok,252,252,100,2025-06-13,2026-06-15,0.9246031746031746,92.46031746031748,1.4975512729154308,149.7551272915431,ok_reported_adjusted_prices,30,21,21,extreme_adjusted_jump,1,2026-05-27,0,,31.522210184182025,31.522210184182025,-1.9553187892466273,1.4975512729154306,2.220446049250313e-16,1.1480961735377249,114.80961735377248,ok_reported_adjusted_prices,60,41,41,extreme_adjusted_jump,1,2026-05-27,0,,31.522210184182025,31.522210184182025,-1.0078234634829657,1.1480961735377246,2.220446049250313e-16,252_mean_squared_log_returns_reported_clsPx_complete_calendar_window,annualized_decimal_variance,ORATS_reported_adjusted_clsPx_not_independently_corporate_action_verified,127.23,127.23,127.52,0.2279336634441575,no_extreme_input_threshold_flag,10.126400000000002,96.42857142857144,16.0,False,12.349206349206348,10.2193,False,True,3.9471000000000034,3.6851000000000074,-2.418700000000007,-3.6408000000000103,1.1302000000000034,92.85714285714286,97.2817,1033469037.1815,11.428571428571445,frozen_252_session_min126_strict_below_not_Compass_IV_or_RR,2026-06-26,152.5,150.0,0.0519991760201508,0.0697975978780335,19.589084065244663,127.52,10.0,5.19991760201508,"Frozen HIRO stock with 96.4th-percentile positive front call wing (10.1 volatility points), 97.3% surface confidence and $1033.5m daily dollar turnover; passed the retrospective 30-day earnings and nonoverlap gates with an entry-day HIRO archive; contract status: selected.",clear,clear,2026-09-03,2026-09-03,2026-06-24,2026-06-26,146.0,145.0,0.1025707562859191,0.1125861643387068,14.491844416562106,127.52,10.0,selected,delta10_otm5,history_not_requested_no_preliminary_entry,,,,,,,,,,,,,,,,,,,,,,17.62860727728983,6.979759787803349,5.19991760201508,13.707653701380185,11.25861643387068,10.257075628591911,10.0,10.0
Z:2026-06-17,Z,2026-06-17,2026-06-18,selected,no_expiry_in_dte_band,SpotGamma-compatible ORATS reconstruction; not official values,30D_input_prior_252_exchange_sessions_min100_strict_below_exclude_current,0.584654,58.4654,0.643874,64.3874,1.3674999999999993,1.666500000000004,0.2990000000000048,252,0,ok,252,252,100,2025-06-16,2026-06-16,0.7063492063492064,70.63492063492063,252,0,ok,252,252,100,2025-06-16,2026-06-16,0.9642857142857144,96.42857142857144,0.3659362819391702,36.59362819391702,ok_reported_adjusted_prices,30,21,21,no_threshold_flag,0,,0,,4.287729196050782,4.287729196050782,0.2079109372765361,0.3659362819391702,0.0,0.372501620010826,37.25016200108261,ok_reported_adjusted_prices,60,42,42,no_threshold_flag,0,,0,,5.151098901098905,5.151098901098905,0.2758162709653101,0.372501620010826,5.551115123125783e-17,252_mean_squared_log_returns_reported_clsPx_complete_calendar_window,annualized_decimal_variance,ORATS_reported_adjusted_clsPx_not_independently_corporate_action_verified,32.01,32.01,32.33,0.9996875976257424,no_extreme_input_threshold_flag,7.269300000000001,88.0952380952381,1.0,False,0.2063492063492068,0.0,False,False,3.999599999999993,4.051799999999984,-1.162299999999994,0.0571000000000099,1.3756999999999908,95.23809523809524,64.04220000000001,192141253.743,3.095238095238102,frozen_252_session_min126_strict_below_not_Compass_IV_or_RR,,,,,,,,,,"Frozen HIRO stock with 88.1th-percentile positive front call wing (7.3 volatility points), 64.0% surface confidence and $192.1m daily dollar turnover; passed the retrospective 30-day earnings and nonoverlap gates with an entry-day HIRO archive; contract status: no_expiry_in_dte_band.",clear,clear,2026-08-05,2026-08-05,2026-06-25,,,,,,,,,no_expiry_in_dte_band,delta10_otm5,history_not_requested_no_preliminary_entry,,,,,,,,,,,,,,,,,,,,,,,,,,,,,
