expiry,strike,dte,stock,delta,otm_pct,bid,ask,quote_width,width_pct_of_bid,oi,wing_mid_excess_points,wing_bid_excess_points,nearer_strike,nearer_ask,event_inside_estimate,all_original_contract_gates,without_delta_band,without_absolute_width,ticker,tradeDate,ivRank1y,rr25_pct252,call_wing_10_pct252,call_kink_pct252,original_surface_pass,grab_surface_pass,original_surface_exclusions,earnings_near_front_expiry,event_estimate_available,distance,band,eligible_contracts,front_5_12_contracts,fallback_13_19_contracts,nearer_delta,nearer_otm_pct,nearer_bid,nearer_oi,atm_iv_pct,bid_iv_pct,otm_in_atm_expected_moves,deferred_expiry,front_bid_minus_deferred_mid_points,deferred_event_inside_estimate
2026-08-21,45.0,11,30.97,0.08141824481530738,45.30190506942202,0.25,0.31,0.06,24.0,9968,26.67500688264748,22.9518737685509,44.0,0.31,False,False,True,False,SMCI,2026-08-11,64.95,3.1746031746031744,98.41269841269842,99.60317460317461,False,False,five-day return <=0,False,True,0.04141824481530738,2–10,2,2,0,0.0940474540616624,42.07297384565709,0.3,2263,124.58460754007655,147.53648130862743,2.0946051494161804,2026-09-04,30.69083090301321,False
2026-08-21,45.0,11,30.97,0.08141824481530738,45.30190506942202,0.25,0.31,0.06,24.0,9968,26.67500688264748,22.9518737685509,44.0,0.31,False,False,True,False,SMCI,2026-08-11,64.95,3.1746031746031744,98.41269841269842,99.60317460317461,False,False,five-day return <=0,False,True,0.04141824481530738,1–10,2,2,0,0.0940474540616624,42.07297384565709,0.3,2263,124.58460754007655,147.53648130862743,2.0946051494161804,2026-09-04,30.69083090301321,False
2026-08-21,45.0,11,30.97,0.08141824481530738,45.30190506942202,0.25,0.31,0.06,24.0,9968,26.67500688264748,22.9518737685509,44.0,0.31,False,False,True,False,SMCI,2026-08-11,64.95,3.1746031746031744,98.41269841269842,99.60317460317461,False,False,five-day return <=0,False,True,0.04141824481530738,2–15,5,4,1,0.0940474540616624,42.07297384565709,0.3,2263,124.58460754007655,147.53648130862743,2.0946051494161804,2026-09-04,30.69083090301321,False
2026-08-17,315.0,6,301.54,0.05947968356395086,4.4637527359554285,0.2,0.24,0.03999999999999998,19.99999999999999,2578,2.967462847142091,2.5152484822252603,312.5,0.37,False,True,True,True,AAPL,2026-08-12,41.5,3.9682539682539684,97.61904761904762,66.26984126984127,False,False,kink rank <70; five-day return <=0; more than 5% below 20-day high,False,True,0.019479683563950856,2–6,4,3,1,0.09551641637147475,3.634675333289117,0.3,1121,20.62349051027,23.13873899249526,1.6881411846465102,2026-09-04,-1.4248152247475416,False
2026-08-17,315.0,6,301.54,0.05947968356395086,4.4637527359554285,0.2,0.24,0.03999999999999998,19.99999999999999,2578,2.967462847142091,2.5152484822252603,312.5,0.37,False,True,True,True,AAPL,2026-08-12,41.5,3.9682539682539684,97.61904761904762,66.26984126984127,False,False,kink rank <70; five-day return <=0; more than 5% below 20-day high,False,True,0.019479683563950856,2–8,5,4,1,0.09551641637147475,3.634675333289117,0.3,1121,20.62349051027,23.13873899249526,1.6881411846465102,2026-09-04,-1.4248152247475416,False
2026-08-17,315.0,6,301.54,0.05947968356395086,4.4637527359554285,0.2,0.24,0.03999999999999998,19.99999999999999,2578,2.967462847142091,2.5152484822252603,312.5,0.37,False,True,True,True,AAPL,2026-08-12,41.5,3.9682539682539684,97.61904761904762,66.26984126984127,False,False,kink rank <70; five-day return <=0; more than 5% below 20-day high,False,True,0.019479683563950856,2–10,5,4,1,0.09551641637147475,3.634675333289117,0.3,1121,20.62349051027,23.13873899249526,1.6881411846465102,2026-09-04,-1.4248152247475416,False
2026-08-17,315.0,6,301.54,0.05947968356395086,4.4637527359554285,0.2,0.24,0.03999999999999998,19.99999999999999,2578,2.967462847142091,2.5152484822252603,312.5,0.37,False,True,True,True,AAPL,2026-08-12,41.5,3.9682539682539684,97.61904761904762,66.26984126984127,False,False,kink rank <70; five-day return <=0; more than 5% below 20-day high,False,True,0.019479683563950856,1–10,5,4,1,0.09551641637147475,3.634675333289117,0.3,1121,20.62349051027,23.13873899249526,1.6881411846465102,2026-09-04,-1.4248152247475416,False
2026-08-17,315.0,6,301.54,0.05947968356395086,4.4637527359554285,0.2,0.24,0.03999999999999998,19.99999999999999,2578,2.967462847142091,2.5152484822252603,312.5,0.37,False,True,True,True,AAPL,2026-08-12,41.5,3.9682539682539684,97.61904761904762,66.26984126984127,False,False,kink rank <70; five-day return <=0; more than 5% below 20-day high,False,True,0.019479683563950856,2–15,5,4,1,0.09551641637147475,3.634675333289117,0.3,1121,20.62349051027,23.13873899249526,1.6881411846465102,2026-09-04,-1.4248152247475416,False
2026-08-21,80.0,10,72.44,0.13373656017800437,10.436223081170626,0.4,0.47,0.06999999999999995,17.49999999999999,2838,2.1270909275073135,0.7263011127940366,79.0,0.57,False,False,True,False,CVNA,2026-08-12,22.36,0.0,90.87301587301587,46.42857142857143,False,False,kink rank <70; IVR outside 30–70,False,True,0.09373656017800436,2–15,1,1,0,0.16636075333700542,9.055770292655986,0.48,168,53.562286179418116,54.288587292212156,1.177146946809463,2026-09-04,0.8340834595478186,False
2026-08-21,47.0,10,40.88,0.13698904750529073,14.970645792563598,0.27,0.31,0.03999999999999998,14.814814814814806,189,9.402077936904318,7.909295264772121,46.5,0.52,False,False,True,False,ENPH,2026-08-12,30.4,27.38095238095238,94.04761904761905,75.7936507936508,False,False,local RR rank >10; opposite put-wing rank >=70,False,True,0.09698904750529072,2–15,1,1,0,0.1520093961699842,13.747553816046953,0.26,38,63.76194980629326,71.67124507106539,1.418487059409939,2026-09-04,-6.291831501188028,False
2026-08-21,377.5,10,343.05,0.042210771593248604,10.042267890977996,0.23,0.28,0.05000000000000002,21.739130434782613,442,4.760441969909346,4.183115918484703,375.0,0.34,False,True,True,True,GOOG,2026-08-12,22.76,5.9523809523809526,89.28571428571429,71.42857142857143,False,False,five-day return <=0; IVR outside 30–70; more than 5% below 20-day high,False,True,0.0022107715932486033,2–6,5,3,2,0.05143101552793646,9.313511149978137,0.28,9732,28.270380054727863,32.45349597321257,2.146083363063012,2026-09-04,0.8706907263217822,False
2026-08-21,377.5,10,343.05,0.042210771593248604,10.042267890977996,0.23,0.28,0.05000000000000002,21.739130434782613,442,4.760441969909346,4.183115918484703,375.0,0.34,False,True,True,True,GOOG,2026-08-12,22.76,5.9523809523809526,89.28571428571429,71.42857142857143,False,False,five-day return <=0; IVR outside 30–70; more than 5% below 20-day high,False,True,0.0022107715932486033,2–8,7,5,2,0.05143101552793646,9.313511149978137,0.28,9732,28.270380054727863,32.45349597321257,2.146083363063012,2026-09-04,0.8706907263217822,False
2026-08-21,377.5,10,343.05,0.042210771593248604,10.042267890977996,0.23,0.28,0.05000000000000002,21.739130434782613,442,4.760441969909346,4.183115918484703,375.0,0.34,False,True,True,True,GOOG,2026-08-12,22.76,5.9523809523809526,89.28571428571429,71.42857142857143,False,False,five-day return <=0; IVR outside 30–70; more than 5% below 20-day high,False,True,0.0022107715932486033,2–10,8,6,2,0.05143101552793646,9.313511149978137,0.28,9732,28.270380054727863,32.45349597321257,2.146083363063012,2026-09-04,0.8706907263217822,False
2026-08-21,377.5,10,343.05,0.042210771593248604,10.042267890977996,0.23,0.28,0.05000000000000002,21.739130434782613,442,4.760441969909346,4.183115918484703,375.0,0.34,False,True,True,True,GOOG,2026-08-12,22.76,5.9523809523809526,89.28571428571429,71.42857142857143,False,False,five-day return <=0; IVR outside 30–70; more than 5% below 20-day high,False,True,0.0022107715932486033,1–10,8,6,2,0.05143101552793646,9.313511149978137,0.28,9732,28.270380054727863,32.45349597321257,2.146083363063012,2026-09-04,0.8706907263217822,False
2026-08-21,377.5,10,343.05,0.042210771593248604,10.042267890977996,0.23,0.28,0.05000000000000002,21.739130434782613,442,4.760441969909346,4.183115918484703,375.0,0.34,False,True,True,True,GOOG,2026-08-12,22.76,5.9523809523809526,89.28571428571429,71.42857142857143,False,False,five-day return <=0; IVR outside 30–70; more than 5% below 20-day high,False,True,0.0022107715932486033,2–15,8,6,2,0.05143101552793646,9.313511149978137,0.28,9732,28.270380054727863,32.45349597321257,2.146083363063012,2026-09-04,0.8706907263217822,False
2026-08-21,113.0,10,95.03,0.058021630897750615,18.909817952225616,0.21,0.27,0.060000000000000026,28.571428571428587,251,9.149667958163487,7.411899061773131,112.0,0.31,False,True,True,True,HOOD,2026-08-12,32.2,3.5714285714285716,92.06349206349206,59.523809523809526,False,False,kink rank <70; more than 5% below 20-day high,False,True,0.018021630897750614,2–6,3,1,2,0.06680763942598975,17.85751867831211,0.25,515,58.25994615243245,65.67184521420558,1.9609372713049302,2026-09-04,-2.351339357246107,False
2026-08-21,113.0,10,95.03,0.058021630897750615,18.909817952225616,0.21,0.27,0.060000000000000026,28.571428571428587,251,9.149667958163487,7.411899061773131,112.0,0.31,False,True,True,True,HOOD,2026-08-12,32.2,3.5714285714285716,92.06349206349206,59.523809523809526,False,False,kink rank <70; more than 5% below 20-day high,False,True,0.018021630897750614,2–8,7,3,4,0.06680763942598975,17.85751867831211,0.25,515,58.25994615243245,65.67184521420558,1.9609372713049302,2026-09-04,-2.351339357246107,False
2026-08-21,113.0,10,95.03,0.058021630897750615,18.909817952225616,0.21,0.27,0.060000000000000026,28.571428571428587,251,9.149667958163487,7.411899061773131,112.0,0.31,False,True,True,True,HOOD,2026-08-12,32.2,3.5714285714285716,92.06349206349206,59.523809523809526,False,False,kink rank <70; more than 5% below 20-day high,False,True,0.018021630897750614,2–10,11,4,7,0.06680763942598975,17.85751867831211,0.25,515,58.25994615243245,65.67184521420558,1.9609372713049302,2026-09-04,-2.351339357246107,False
2026-08-21,113.0,10,95.03,0.058021630897750615,18.909817952225616,0.21,0.27,0.060000000000000026,28.571428571428587,251,9.149667958163487,7.411899061773131,112.0,0.31,False,True,True,True,HOOD,2026-08-12,32.2,3.5714285714285716,92.06349206349206,59.523809523809526,False,False,kink rank <70; more than 5% below 20-day high,False,True,0.018021630897750614,1–10,11,4,7,0.06680763942598975,17.85751867831211,0.25,515,58.25994615243245,65.67184521420558,1.9609372713049302,2026-09-04,-2.351339357246107,False
2026-08-21,113.0,10,95.03,0.058021630897750615,18.909817952225616,0.21,0.27,0.060000000000000026,28.571428571428587,251,9.149667958163487,7.411899061773131,112.0,0.31,False,True,True,True,HOOD,2026-08-12,32.2,3.5714285714285716,92.06349206349206,59.523809523809526,False,False,kink rank <70; more than 5% below 20-day high,False,True,0.018021630897750614,2–15,16,8,8,0.06680763942598975,17.85751867831211,0.25,515,58.25994615243245,65.67184521420558,1.9609372713049302,2026-09-04,-2.351339357246107,False
2026-08-17,630.0,6,581.92,0.028449686462588646,8.26230409678308,0.32,0.41,0.08999999999999997,28.12499999999999,136,5.408541856845606,4.587689914486432,627.5,0.48,False,True,True,True,META,2026-08-12,45.06,9.523809523809524,87.6984126984127,82.14285714285714,False,False,five-day return <=0; more than 5% below 20-day high,False,True,0.011550313537411355,2–6,15,11,4,0.035607754010876236,7.832691778938683,0.21,31,31.72691277506845,36.31460268955488,2.031160151504866,2026-09-04,-5.581441000843745,False
2026-08-17,630.0,6,581.92,0.028449686462588646,8.26230409678308,0.32,0.41,0.08999999999999997,28.12499999999999,136,5.408541856845606,4.587689914486432,627.5,0.48,False,True,True,True,META,2026-08-12,45.06,9.523809523809524,87.6984126984127,82.14285714285714,False,False,five-day return <=0; more than 5% below 20-day high,False,True,0.011550313537411355,2–8,18,14,4,0.035607754010876236,7.832691778938683,0.21,31,31.72691277506845,36.31460268955488,2.031160151504866,2026-09-04,-5.581441000843745,False
2026-08-17,630.0,6,581.92,0.028449686462588646,8.26230409678308,0.32,0.41,0.08999999999999997,28.12499999999999,136,5.408541856845606,4.587689914486432,627.5,0.48,False,True,True,True,META,2026-08-12,45.06,9.523809523809524,87.6984126984127,82.14285714285714,False,False,five-day return <=0; more than 5% below 20-day high,False,True,0.011550313537411355,2–10,18,14,4,0.035607754010876236,7.832691778938683,0.21,31,31.72691277506845,36.31460268955488,2.031160151504866,2026-09-04,-5.581441000843745,False
2026-08-17,630.0,6,581.92,0.028449686462588646,8.26230409678308,0.32,0.41,0.08999999999999997,28.12499999999999,136,5.408541856845606,4.587689914486432,627.5,0.48,False,True,True,True,META,2026-08-12,45.06,9.523809523809524,87.6984126984127,82.14285714285714,False,False,five-day return <=0; more than 5% below 20-day high,False,True,0.011550313537411355,1–10,25,18,7,0.035607754010876236,7.832691778938683,0.21,31,31.72691277506845,36.31460268955488,2.031160151504866,2026-09-04,-5.581441000843745,False
2026-08-17,630.0,6,581.92,0.028449686462588646,8.26230409678308,0.32,0.41,0.08999999999999997,28.12499999999999,136,5.408541856845606,4.587689914486432,627.5,0.48,False,True,True,True,META,2026-08-12,45.06,9.523809523809524,87.6984126984127,82.14285714285714,False,False,five-day return <=0; more than 5% below 20-day high,False,True,0.011550313537411355,2–15,18,14,4,0.035607754010876236,7.832691778938683,0.21,31,31.72691277506845,36.31460268955488,2.031160151504866,2026-09-04,-5.581441000843745,False
2026-08-17,352.5,6,327.33,0.03746866181929635,7.689487672990558,0.37,0.39,0.020000000000000018,5.405405405405411,231,7.380919072963693,7.166316424703423,350.0,0.48,False,True,True,True,TSLA,2026-08-12,4.76,38.888888888888886,87.3015873015873,86.5079365079365,False,False,local RR rank >10; IVR outside 30–70; more than 5% below 20-day high,False,True,0.0025313381807036475,2–6,23,15,8,0.05368043117108534,6.925732441267218,0.45,2098,32.19407066791864,39.36038709262206,1.8629119092175745,2026-09-04,-6.496593534852696,False
2026-08-17,352.5,6,327.33,0.03746866181929635,7.689487672990558,0.37,0.39,0.020000000000000018,5.405405405405411,231,7.380919072963693,7.166316424703423,350.0,0.48,False,True,True,True,TSLA,2026-08-12,4.76,38.888888888888886,87.3015873015873,86.5079365079365,False,False,local RR rank >10; IVR outside 30–70; more than 5% below 20-day high,False,True,0.0025313381807036475,2–8,31,20,11,0.05368043117108534,6.925732441267218,0.45,2098,32.19407066791864,39.36038709262206,1.8629119092175745,2026-09-04,-6.496593534852696,False
2026-08-17,352.5,6,327.33,0.03746866181929635,7.689487672990558,0.37,0.39,0.020000000000000018,5.405405405405411,231,7.380919072963693,7.166316424703423,350.0,0.48,False,True,True,True,TSLA,2026-08-12,4.76,38.888888888888886,87.3015873015873,86.5079365079365,False,False,local RR rank >10; IVR outside 30–70; more than 5% below 20-day high,False,True,0.0025313381807036475,2–10,36,23,13,0.05368043117108534,6.925732441267218,0.45,2098,32.19407066791864,39.36038709262206,1.8629119092175745,2026-09-04,-6.496593534852696,False
2026-08-17,352.5,6,327.33,0.03746866181929635,7.689487672990558,0.37,0.39,0.020000000000000018,5.405405405405411,231,7.380919072963693,7.166316424703423,350.0,0.48,False,True,True,True,TSLA,2026-08-12,4.76,38.888888888888886,87.3015873015873,86.5079365079365,False,False,local RR rank >10; IVR outside 30–70; more than 5% below 20-day high,False,True,0.0025313381807036475,1–10,47,30,17,0.05368043117108534,6.925732441267218,0.45,2098,32.19407066791864,39.36038709262206,1.8629119092175745,2026-09-04,-6.496593534852696,False
2026-08-17,352.5,6,327.33,0.03746866181929635,7.689487672990558,0.37,0.39,0.020000000000000018,5.405405405405411,231,7.380919072963693,7.166316424703423,350.0,0.48,False,True,True,True,TSLA,2026-08-12,4.76,38.888888888888886,87.3015873015873,86.5079365079365,False,False,local RR rank >10; IVR outside 30–70; more than 5% below 20-day high,False,True,0.0025313381807036475,2–15,48,30,18,0.05368043117108534,6.925732441267218,0.45,2098,32.19407066791864,39.36038709262206,1.8629119092175745,2026-09-04,-6.496593534852696,False
2026-08-21,120.0,10,102.96,0.06236617720790749,16.550116550116556,0.2,0.26,0.06,30.0,1265,5.648452246991487,4.058588416564457,119.0,0.46,False,False,True,False,W,2026-08-12,18.64,22.22222222222222,86.5079365079365,57.93650793650794,False,False,kink rank <70; local RR rank >10; five-day return <=0; IVR outside 30–70; more than 5% below 20-day high,False,True,0.02236617720790749,2–8,1,1,0,0.07265054053769038,15.578865578865585,0.18,81,53.36815468368839,57.42674310025284,1.8735500630353255,2026-09-04,-4.65288156439454,False
2026-08-21,120.0,10,102.96,0.06236617720790749,16.550116550116556,0.2,0.26,0.06,30.0,1265,5.648452246991487,4.058588416564457,119.0,0.46,False,False,True,False,W,2026-08-12,18.64,22.22222222222222,86.5079365079365,57.93650793650794,False,False,kink rank <70; local RR rank >10; five-day return <=0; IVR outside 30–70; more than 5% below 20-day high,False,True,0.02236617720790749,2–10,1,1,0,0.07265054053769038,15.578865578865585,0.18,81,53.36815468368839,57.42674310025284,1.8735500630353255,2026-09-04,-4.65288156439454,False
2026-08-21,120.0,10,102.96,0.06236617720790749,16.550116550116556,0.2,0.26,0.06,30.0,1265,5.648452246991487,4.058588416564457,119.0,0.46,False,False,True,False,W,2026-08-12,18.64,22.22222222222222,86.5079365079365,57.93650793650794,False,False,kink rank <70; local RR rank >10; five-day return <=0; IVR outside 30–70; more than 5% below 20-day high,False,True,0.02236617720790749,1–10,1,1,0,0.07265054053769038,15.578865578865585,0.18,81,53.36815468368839,57.42674310025284,1.8735500630353255,2026-09-04,-4.65288156439454,False
2026-08-21,120.0,10,102.96,0.06236617720790749,16.550116550116556,0.2,0.26,0.06,30.0,1265,5.648452246991487,4.058588416564457,119.0,0.46,False,False,True,False,W,2026-08-12,18.64,22.22222222222222,86.5079365079365,57.93650793650794,False,False,kink rank <70; local RR rank >10; five-day return <=0; IVR outside 30–70; more than 5% below 20-day high,False,True,0.02236617720790749,2–15,1,1,0,0.07265054053769038,15.578865578865585,0.18,81,53.36815468368839,57.42674310025284,1.8735500630353255,2026-09-04,-4.65288156439454,False
2026-08-21,322.5,9,304.21,0.06114043573260085,6.012294138917196,0.26,0.29,0.02999999999999997,11.538461538461526,2418,2.2458630208906594,1.9588527768162027,320.0,0.41,False,False,True,False,AAPL,2026-08-13,42.18,3.5714285714285716,88.4920634920635,34.523809523809526,False,False,kink rank <70; five-day return <=0; more than 5% below 20-day high,False,True,0.021140435732600847,2–8,1,1,0,0.08849491922762158,5.190493409158159,0.4,29116,22.256407359961894,24.215260136778095,1.720324345011009,2026-09-04,0.03836837624252576,False
2026-08-21,322.5,9,304.21,0.06114043573260085,6.012294138917196,0.26,0.29,0.02999999999999997,11.538461538461526,2418,2.2458630208906594,1.9588527768162027,320.0,0.41,False,False,True,False,AAPL,2026-08-13,42.18,3.5714285714285716,88.4920634920635,34.523809523809526,False,False,kink rank <70; five-day return <=0; more than 5% below 20-day high,False,True,0.021140435732600847,2–10,1,1,0,0.08849491922762158,5.190493409158159,0.4,29116,22.256407359961894,24.215260136778095,1.720324345011009,2026-09-04,0.03836837624252576,False
2026-08-21,322.5,9,304.21,0.06114043573260085,6.012294138917196,0.26,0.29,0.02999999999999997,11.538461538461526,2418,2.2458630208906594,1.9588527768162027,320.0,0.41,False,False,True,False,AAPL,2026-08-13,42.18,3.5714285714285716,88.4920634920635,34.523809523809526,False,False,kink rank <70; five-day return <=0; more than 5% below 20-day high,False,True,0.021140435732600847,1–10,1,1,0,0.08849491922762158,5.190493409158159,0.4,29116,22.256407359961894,24.215260136778095,1.720324345011009,2026-09-04,0.03836837624252576,False
2026-08-21,322.5,9,304.21,0.06114043573260085,6.012294138917196,0.26,0.29,0.02999999999999997,11.538461538461526,2418,2.2458630208906594,1.9588527768162027,320.0,0.41,False,False,True,False,AAPL,2026-08-13,42.18,3.5714285714285716,88.4920634920635,34.523809523809526,False,False,kink rank <70; five-day return <=0; more than 5% below 20-day high,False,True,0.021140435732600847,2–15,1,1,0,0.08849491922762158,5.190493409158159,0.4,29116,22.256407359961894,24.215260136778095,1.720324345011009,2026-09-04,0.03836837624252576,False
2026-08-21,123.0,9,112.29,0.06716608568847267,9.537803900614472,0.21,0.27,0.060000000000000026,28.571428571428587,1527,7.769330468628138,6.541450085657397,122.0,0.37,False,False,True,False,CSCO,2026-08-13,49.82,0.7936507936507936,97.61904761904762,84.92063492063492,False,False,five-day return <=0; more than 5% below 20-day high,False,True,0.027166085688472667,2–8,1,1,0,0.08381660889444709,8.64725264938997,0.25,694,33.51817591122585,40.05962599688325,1.812146024373008,2026-09-04,3.7455949710324954,False
2026-08-21,123.0,9,112.29,0.06716608568847267,9.537803900614472,0.21,0.27,0.060000000000000026,28.571428571428587,1527,7.769330468628138,6.541450085657397,122.0,0.37,False,False,True,False,CSCO,2026-08-13,49.82,0.7936507936507936,97.61904761904762,84.92063492063492,False,False,five-day return <=0; more than 5% below 20-day high,False,True,0.027166085688472667,2–10,1,1,0,0.08381660889444709,8.64725264938997,0.25,694,33.51817591122585,40.05962599688325,1.812146024373008,2026-09-04,3.7455949710324954,False
2026-08-21,123.0,9,112.29,0.06716608568847267,9.537803900614472,0.21,0.27,0.060000000000000026,28.571428571428587,1527,7.769330468628138,6.541450085657397,122.0,0.37,False,False,True,False,CSCO,2026-08-13,49.82,0.7936507936507936,97.61904761904762,84.92063492063492,False,False,five-day return <=0; more than 5% below 20-day high,False,True,0.027166085688472667,1–10,1,1,0,0.08381660889444709,8.64725264938997,0.25,694,33.51817591122585,40.05962599688325,1.812146024373008,2026-09-04,3.7455949710324954,False
2026-08-21,123.0,9,112.29,0.06716608568847267,9.537803900614472,0.21,0.27,0.060000000000000026,28.571428571428587,1527,7.769330468628138,6.541450085657397,122.0,0.37,False,False,True,False,CSCO,2026-08-13,49.82,0.7936507936507936,97.61904761904762,84.92063492063492,False,False,five-day return <=0; more than 5% below 20-day high,False,True,0.027166085688472667,2–15,2,2,0,0.08381660889444709,8.64725264938997,0.25,694,33.51817591122585,40.05962599688325,1.812146024373008,2026-09-04,3.7455949710324954,False
2026-08-21,275.0,9,261.22,0.07533599761793071,5.275246918306387,0.25,0.35,0.09999999999999998,39.99999999999999,463,2.355874559156665,1.4430117098408162,272.5,0.55,False,False,True,False,JNJ,2026-08-13,66.77,3.9682539682539684,88.0952380952381,59.12698412698413,False,False,kink rank <70,False,True,0.03533599761793071,2–8,1,1,0,0.11728636415315966,4.318199219049057,0.38,814,20.834314734629864,22.27732644447068,1.6124592552723507,2026-09-04,-1.1765300482040026,False
2026-08-21,275.0,9,261.22,0.07533599761793071,5.275246918306387,0.25,0.35,0.09999999999999998,39.99999999999999,463,2.355874559156665,1.4430117098408162,272.5,0.55,False,False,True,False,JNJ,2026-08-13,66.77,3.9682539682539684,88.0952380952381,59.12698412698413,False,False,kink rank <70,False,True,0.03533599761793071,2–10,1,1,0,0.11728636415315966,4.318199219049057,0.38,814,20.834314734629864,22.27732644447068,1.6124592552723507,2026-09-04,-1.1765300482040026,False
2026-08-21,275.0,9,261.22,0.07533599761793071,5.275246918306387,0.25,0.35,0.09999999999999998,39.99999999999999,463,2.355874559156665,1.4430117098408162,272.5,0.55,False,False,True,False,JNJ,2026-08-13,66.77,3.9682539682539684,88.0952380952381,59.12698412698413,False,False,kink rank <70,False,True,0.03533599761793071,1–10,1,1,0,0.11728636415315966,4.318199219049057,0.38,814,20.834314734629864,22.27732644447068,1.6124592552723507,2026-09-04,-1.1765300482040026,False
2026-08-21,275.0,9,261.22,0.07533599761793071,5.275246918306387,0.25,0.35,0.09999999999999998,39.99999999999999,463,2.355874559156665,1.4430117098408162,272.5,0.55,False,False,True,False,JNJ,2026-08-13,66.77,3.9682539682539684,88.0952380952381,59.12698412698413,False,False,kink rank <70,False,True,0.03533599761793071,2–15,1,1,0,0.11728636415315966,4.318199219049057,0.38,814,20.834314734629864,22.27732644447068,1.6124592552723507,2026-09-04,-1.1765300482040026,False
2026-08-21,150.0,9,128.25,0.05620604043098063,16.959064327485372,0.27,0.3,0.02999999999999997,11.1111111111111,13971,8.811929269880558,8.111613634530002,145.0,0.55,False,True,True,True,NOW,2026-08-13,61.29,12.698412698412698,87.3015873015873,80.55555555555556,False,False,local RR rank >10,False,True,0.01620604043098063,2–6,1,1,0,0.10183851363888856,13.060428849902529,0.49,1964,55.71267834154844,63.82429197607844,1.9385322377050684,,,
2026-08-21,150.0,9,128.25,0.05620604043098063,16.959064327485372,0.27,0.3,0.02999999999999997,11.1111111111111,13971,8.811929269880558,8.111613634530002,145.0,0.55,False,True,True,True,NOW,2026-08-13,61.29,12.698412698412698,87.3015873015873,80.55555555555556,False,False,local RR rank >10,False,True,0.01620604043098063,2–8,1,1,0,0.10183851363888856,13.060428849902529,0.49,1964,55.71267834154844,63.82429197607844,1.9385322377050684,,,
2026-08-21,150.0,9,128.25,0.05620604043098063,16.959064327485372,0.27,0.3,0.02999999999999997,11.1111111111111,13971,8.811929269880558,8.111613634530002,145.0,0.55,False,True,True,True,NOW,2026-08-13,61.29,12.698412698412698,87.3015873015873,80.55555555555556,False,False,local RR rank >10,False,True,0.01620604043098063,2–10,1,1,0,0.10183851363888856,13.060428849902529,0.49,1964,55.71267834154844,63.82429197607844,1.9385322377050684,,,
2026-08-21,150.0,9,128.25,0.05620604043098063,16.959064327485372,0.27,0.3,0.02999999999999997,11.1111111111111,13971,8.811929269880558,8.111613634530002,145.0,0.55,False,True,True,True,NOW,2026-08-13,61.29,12.698412698412698,87.3015873015873,80.55555555555556,False,False,local RR rank >10,False,True,0.01620604043098063,1–10,1,1,0,0.10183851363888856,13.060428849902529,0.49,1964,55.71267834154844,63.82429197607844,1.9385322377050684,,,
2026-08-21,150.0,9,128.25,0.05620604043098063,16.959064327485372,0.27,0.3,0.02999999999999997,11.1111111111111,13971,8.811929269880558,8.111613634530002,145.0,0.55,False,True,True,True,NOW,2026-08-13,61.29,12.698412698412698,87.3015873015873,80.55555555555556,False,False,local RR rank >10,False,True,0.01620604043098063,2–15,3,2,1,0.10183851363888856,13.060428849902529,0.49,1964,55.71267834154844,63.82429197607844,1.9385322377050684,,,
2026-08-21,49.0,9,39.27,0.09259783047432898,24.777183600712995,0.2,0.26,0.06,30.0,404,20.52153143453085,17.301648494493126,48.0,0.32,False,False,True,False,SMCI,2026-08-13,63.25,1.5873015873015872,94.84126984126983,80.15873015873017,True,True,passed original surface,False,True,0.052597830474328984,2–10,1,1,0,0.11131044079713014,22.230710466004577,0.27,2430,82.80160749536554,100.10325598985868,1.905628978112284,2026-09-04,0.25851449682706695,False
2026-08-21,49.0,9,39.27,0.09259783047432898,24.777183600712995,0.2,0.26,0.06,30.0,404,20.52153143453085,17.301648494493126,48.0,0.32,False,False,True,False,SMCI,2026-08-13,63.25,1.5873015873015872,94.84126984126983,80.15873015873017,True,True,passed original surface,False,True,0.052597830474328984,1–10,1,1,0,0.11131044079713014,22.230710466004577,0.27,2430,82.80160749536554,100.10325598985868,1.905628978112284,2026-09-04,0.25851449682706695,False
2026-08-21,49.0,9,39.27,0.09259783047432898,24.777183600712995,0.2,0.26,0.06,30.0,404,20.52153143453085,17.301648494493126,48.0,0.32,False,False,True,False,SMCI,2026-08-13,63.25,1.5873015873015872,94.84126984126983,80.15873015873017,True,True,passed original surface,False,True,0.052597830474328984,2–15,3,3,0,0.11131044079713014,22.230710466004577,0.27,2430,82.80160749536554,100.10325598985868,1.905628978112284,2026-09-04,0.25851449682706695,False
2026-08-17,370.0,5,339.37,0.045911189626946625,9.025547337713991,0.2,0.22,0.01999999999999999,9.999999999999995,488,12.943897589838793,12.57772633252009,367.5,0.25,False,True,True,True,TSLA,2026-08-13,5.11,32.142857142857146,86.9047619047619,83.73015873015873,False,False,local RR rank >10; IVR outside 30–70; more than 5% below 20-day high,False,True,0.005911189626946624,2–6,26,18,8,0.05428193513324408,8.288888234080805,0.24,92,31.61127166693789,44.18899799945798,2.4394561240515547,2026-09-04,-6.964684383939678,False
2026-08-17,370.0,5,339.37,0.045911189626946625,9.025547337713991,0.2,0.22,0.01999999999999999,9.999999999999995,488,12.943897589838793,12.57772633252009,367.5,0.25,False,True,True,True,TSLA,2026-08-13,5.11,32.142857142857146,86.9047619047619,83.73015873015873,False,False,local RR rank >10; IVR outside 30–70; more than 5% below 20-day high,False,True,0.005911189626946624,2–8,35,25,10,0.05428193513324408,8.288888234080805,0.24,92,31.61127166693789,44.18899799945798,2.4394561240515547,2026-09-04,-6.964684383939678,False
2026-08-17,370.0,5,339.37,0.045911189626946625,9.025547337713991,0.2,0.22,0.01999999999999999,9.999999999999995,488,12.943897589838793,12.57772633252009,367.5,0.25,False,True,True,True,TSLA,2026-08-13,5.11,32.142857142857146,86.9047619047619,83.73015873015873,False,False,local RR rank >10; IVR outside 30–70; more than 5% below 20-day high,False,True,0.005911189626946624,2–10,44,33,11,0.05428193513324408,8.288888234080805,0.24,92,31.61127166693789,44.18899799945798,2.4394561240515547,2026-09-04,-6.964684383939678,False
2026-08-17,370.0,5,339.37,0.045911189626946625,9.025547337713991,0.2,0.22,0.01999999999999999,9.999999999999995,488,12.943897589838793,12.57772633252009,367.5,0.25,False,True,True,True,TSLA,2026-08-13,5.11,32.142857142857146,86.9047619047619,83.73015873015873,False,False,local RR rank >10; IVR outside 30–70; more than 5% below 20-day high,False,True,0.005911189626946624,1–10,48,34,14,0.05428193513324408,8.288888234080805,0.24,92,31.61127166693789,44.18899799945798,2.4394561240515547,2026-09-04,-6.964684383939678,False
2026-08-17,370.0,5,339.37,0.045911189626946625,9.025547337713991,0.2,0.22,0.01999999999999999,9.999999999999995,488,12.943897589838793,12.57772633252009,367.5,0.25,False,True,True,True,TSLA,2026-08-13,5.11,32.142857142857146,86.9047619047619,83.73015873015873,False,False,local RR rank >10; IVR outside 30–70; more than 5% below 20-day high,False,True,0.005911189626946624,2–15,58,43,15,0.05428193513324408,8.288888234080805,0.24,92,31.61127166693789,44.18899799945798,2.4394561240515547,2026-09-04,-6.964684383939678,False
2026-08-28,332.5,15,305.53,0.04057177956565279,8.827283736457957,0.2,0.23,0.03,15.0,607,2.316107920141011,2.0089990856725333,330.0,0.29,False,True,True,True,AAPL,2026-08-14,35.56,3.9682539682539684,90.47619047619048,15.476190476190476,False,False,kink rank <70; five-day return <=0; more than 5% below 20-day high,False,True,0.0005717795656527899,2–6,1,0,1,0.054728976335417914,8.009033482800398,0.25,5156,21.284703478885767,23.2937025645583,2.0457863886885526,2026-09-04,-1.1558636156004387,False
2026-08-28,332.5,15,305.53,0.04057177956565279,8.827283736457957,0.2,0.23,0.03,15.0,607,2.316107920141011,2.0089990856725333,330.0,0.29,False,True,True,True,AAPL,2026-08-14,35.56,3.9682539682539684,90.47619047619048,15.476190476190476,False,False,kink rank <70; five-day return <=0; more than 5% below 20-day high,False,True,0.0005717795656527899,2–8,1,0,1,0.054728976335417914,8.009033482800398,0.25,5156,21.284703478885767,23.2937025645583,2.0457863886885526,2026-09-04,-1.1558636156004387,False
2026-08-28,332.5,15,305.53,0.04057177956565279,8.827283736457957,0.2,0.23,0.03,15.0,607,2.316107920141011,2.0089990856725333,330.0,0.29,False,True,True,True,AAPL,2026-08-14,35.56,3.9682539682539684,90.47619047619048,15.476190476190476,False,False,kink rank <70; five-day return <=0; more than 5% below 20-day high,False,True,0.0005717795656527899,2–10,1,0,1,0.054728976335417914,8.009033482800398,0.25,5156,21.284703478885767,23.2937025645583,2.0457863886885526,2026-09-04,-1.1558636156004387,False
2026-08-28,332.5,15,305.53,0.04057177956565279,8.827283736457957,0.2,0.23,0.03,15.0,607,2.316107920141011,2.0089990856725333,330.0,0.29,False,True,True,True,AAPL,2026-08-14,35.56,3.9682539682539684,90.47619047619048,15.476190476190476,False,False,kink rank <70; five-day return <=0; more than 5% below 20-day high,False,True,0.0005717795656527899,1–10,1,0,1,0.054728976335417914,8.009033482800398,0.25,5156,21.284703478885767,23.2937025645583,2.0457863886885526,2026-09-04,-1.1558636156004387,False
2026-08-28,332.5,15,305.53,0.04057177956565279,8.827283736457957,0.2,0.23,0.03,15.0,607,2.316107920141011,2.0089990856725333,330.0,0.29,False,True,True,True,AAPL,2026-08-14,35.56,3.9682539682539684,90.47619047619048,15.476190476190476,False,False,kink rank <70; five-day return <=0; more than 5% below 20-day high,False,True,0.0005717795656527899,2–15,1,0,1,0.054728976335417914,8.009033482800398,0.25,5156,21.284703478885767,23.2937025645583,2.0457863886885526,2026-09-04,-1.1558636156004387,False
2026-08-21,610.0,8,505.4,0.01626379058780374,20.696478037198276,0.33,0.42,0.08999999999999997,27.27272727272726,819,14.327165203388237,13.144081358208503,605.0,0.49,False,False,True,False,AMAT,2026-08-14,41.78,1.5873015873015872,96.42857142857143,38.492063492063494,False,False,kink rank <70; five-day return <=0; more than 5% below 20-day high,False,True,0.02373620941219626,1–10,1,1,0,0.022279625939901602,19.707162643450737,0.06,126,51.65345846713738,64.79753982534588,2.706440480291049,2026-09-04,4.697993785441767,False
2026-08-28,122.0,15,111.79,0.09481435317171827,9.133196171392788,0.29,0.35,0.06,20.689655172413794,156,3.132170027645753,2.3426087164433005,121.0,0.44,False,False,True,False,CSCO,2026-08-14,46.52,2.380952380952381,93.65079365079364,64.68253968253968,False,False,kink rank <70; five-day return <=0; more than 5% below 20-day high,False,True,0.05481435317171827,2–10,1,0,1,0.11655570125641393,8.238661776545309,0.29,142,29.797765596745705,32.14037431318901,1.5119585636634514,2026-09-04,-0.8822442403873476,False
2026-08-28,122.0,15,111.79,0.09481435317171827,9.133196171392788,0.29,0.35,0.06,20.689655172413794,156,3.132170027645753,2.3426087164433005,121.0,0.44,False,False,True,False,CSCO,2026-08-14,46.52,2.380952380952381,93.65079365079364,64.68253968253968,False,False,kink rank <70; five-day return <=0; more than 5% below 20-day high,False,True,0.05481435317171827,1–10,1,0,1,0.11655570125641393,8.238661776545309,0.29,142,29.797765596745705,32.14037431318901,1.5119585636634514,2026-09-04,-0.8822442403873476,False
2026-08-21,118.0,8,111.79,0.11461555574199075,5.555058592002848,0.26,0.3,0.03999999999999998,15.384615384615378,1392,2.5368293506313644,1.8690040939508212,117.0,0.39,False,False,True,False,CSCO,2026-08-14,46.52,2.380952380952381,93.65079365079364,64.68253968253968,False,False,kink rank <70; five-day return <=0; more than 5% below 20-day high,False,True,0.07461555574199075,2–15,3,1,2,0.15374440949665208,4.660524197155369,0.35,1228,29.390285200027222,31.259289293978043,1.2766924271395304,2026-09-04,-1.1207062410645952,False
2026-08-21,580.0,8,489.74,0.04441097217740144,18.430187446400126,0.7,0.8,0.10000000000000009,14.285714285714299,892,5.471980766604867,4.66573548116076,570.0,1.15,False,True,True,True,DELL,2026-08-14,64.46,8.73015873015873,88.88888888888889,0.3968253968253968,False,False,kink rank <70; near-front earnings flag,True,True,0.00441097217740144,2–6,2,2,0,0.06171323744106997,16.388287662841506,1.01,1604,62.61977088117645,67.28550636233722,1.988015273968399,2026-09-04,-23.998687485632043,True
2026-08-21,580.0,8,489.74,0.04441097217740144,18.430187446400126,0.7,0.8,0.10000000000000009,14.285714285714299,892,5.471980766604867,4.66573548116076,570.0,1.15,False,True,True,True,DELL,2026-08-14,64.46,8.73015873015873,88.88888888888889,0.3968253968253968,False,False,kink rank <70; near-front earnings flag,True,True,0.00441097217740144,2–8,2,2,0,0.06171323744106997,16.388287662841506,1.01,1604,62.61977088117645,67.28550636233722,1.988015273968399,2026-09-04,-23.998687485632043,True
2026-08-21,580.0,8,489.74,0.04441097217740144,18.430187446400126,0.7,0.8,0.10000000000000009,14.285714285714299,892,5.471980766604867,4.66573548116076,570.0,1.15,False,True,True,True,DELL,2026-08-14,64.46,8.73015873015873,88.88888888888889,0.3968253968253968,False,False,kink rank <70; near-front earnings flag,True,True,0.00441097217740144,2–10,2,2,0,0.06171323744106997,16.388287662841506,1.01,1604,62.61977088117645,67.28550636233722,1.988015273968399,2026-09-04,-23.998687485632043,True
2026-08-21,580.0,8,489.74,0.04441097217740144,18.430187446400126,0.7,0.8,0.10000000000000009,14.285714285714299,892,5.471980766604867,4.66573548116076,570.0,1.15,False,True,True,True,DELL,2026-08-14,64.46,8.73015873015873,88.88888888888889,0.3968253968253968,False,False,kink rank <70; near-front earnings flag,True,True,0.00441097217740144,1–10,2,2,0,0.06171323744106997,16.388287662841506,1.01,1604,62.61977088117645,67.28550636233722,1.988015273968399,2026-09-04,-23.998687485632043,True
2026-08-21,580.0,8,489.74,0.04441097217740144,18.430187446400126,0.7,0.8,0.10000000000000009,14.285714285714299,892,5.471980766604867,4.66573548116076,570.0,1.15,False,True,True,True,DELL,2026-08-14,64.46,8.73015873015873,88.88888888888889,0.3968253968253968,False,False,kink rank <70; near-front earnings flag,True,True,0.00441097217740144,2–15,2,2,0,0.06171323744106997,16.388287662841506,1.01,1604,62.61977088117645,67.28550636233722,1.988015273968399,2026-09-04,-23.998687485632043,True
2026-08-28,76.0,15,66.56,0.09893956213673374,14.182692307692314,0.26,0.36,0.09999999999999998,38.46153846153845,1146,6.764474778598895,4.626712810989858,75.0,0.43,False,False,True,False,FCX,2026-08-14,47.81,2.7777777777777777,88.88888888888889,23.41269841269841,False,False,kink rank <70; five-day return <=0; more than 5% below 20-day high,False,True,0.05893956213673374,2–10,1,0,1,0.12021779600460317,12.680288461538458,0.34,304,43.795817326868125,48.42253013785798,1.5974484344923832,2026-09-04,3.586598899195753,False
2026-08-28,76.0,15,66.56,0.09893956213673374,14.182692307692314,0.26,0.36,0.09999999999999998,38.46153846153845,1146,6.764474778598895,4.626712810989858,75.0,0.43,False,False,True,False,FCX,2026-08-14,47.81,2.7777777777777777,88.88888888888889,23.41269841269841,False,False,kink rank <70; five-day return <=0; more than 5% below 20-day high,False,True,0.05893956213673374,1–10,1,0,1,0.12021779600460317,12.680288461538458,0.34,304,43.795817326868125,48.42253013785798,1.5974484344923832,2026-09-04,3.586598899195753,False
2026-08-21,72.0,8,66.56,0.12340687314136017,8.173076923076916,0.22,0.29,0.06999999999999998,31.818181818181806,1077,3.5239490194313827,1.6664510464998505,71.0,0.39,False,False,True,False,FCX,2026-08-14,47.81,2.7777777777777777,88.88888888888889,23.41269841269841,False,False,kink rank <70; five-day return <=0; more than 5% below 20-day high,False,True,0.08340687314136017,2–15,3,1,2,0.16715091419023856,6.670673076923084,0.32,4414,43.11707760628899,44.78352865278884,1.280376538659327,2026-09-04,-4.578318245604174,False
2026-08-28,33.5,15,28.4,0.14005982418065532,17.957746478873247,0.22,0.31,0.09,40.90909090909091,68,10.17485611716966,6.497826400049734,33.0,0.4,False,False,True,False,HIMS,2026-08-14,9.81,26.984126984126984,92.46031746031746,85.31746031746032,False,False,local RR rank >10; five-day return <=0; IVR outside 30–70; more than 5% below 20-day high,False,True,0.10005982418065532,2–15,1,0,1,0.15957743288291357,16.19718309859155,0.27,381,61.79943234131655,68.29725874136628,1.4334024843822153,2026-09-04,-6.050293361896331,False
2026-08-21,400.0,8,331.57,0.011089736884807133,20.638175950779637,0.25,0.32,0.07,28.000000000000004,5093,10.674119764968104,9.386059054465235,395.0,0.68,False,False,True,False,LRCX,2026-08-14,49.19,5.555555555555555,89.28571428571429,19.047619047619047,False,False,kink rank <70,False,True,0.028910263115192868,1–10,1,1,0,0.016653793517749087,19.13019875139488,0.02,91,56.53871916334259,65.92477821780783,2.4656236309821566,,,
2026-08-21,285.0,8,273.43,0.0869877052676791,4.231430347803822,0.33,0.4,0.07,21.21212121212121,2817,2.6513048166090125,2.119841192945582,282.5,0.63,False,False,True,False,MCD,2026-08-14,56.07,12.698412698412698,89.68253968253968,78.96825396825396,False,False,local RR rank >10; five-day return <=0,False,True,0.0469877052676791,2–10,1,1,0,0.13818755364263588,3.3171195552792243,0.5,283,19.206269073980586,21.326110266926168,1.4881462911619063,2026-09-04,1.188806786137739,False
2026-08-21,285.0,8,273.43,0.0869877052676791,4.231430347803822,0.33,0.4,0.07,21.21212121212121,2817,2.6513048166090125,2.119841192945582,282.5,0.63,False,False,True,False,MCD,2026-08-14,56.07,12.698412698412698,89.68253968253968,78.96825396825396,False,False,local RR rank >10; five-day return <=0,False,True,0.0469877052676791,1–10,1,1,0,0.13818755364263588,3.3171195552792243,0.5,283,19.206269073980586,21.326110266926168,1.4881462911619063,2026-09-04,1.188806786137739,False
2026-08-21,285.0,8,273.43,0.0869877052676791,4.231430347803822,0.33,0.4,0.07,21.21212121212121,2817,2.6513048166090125,2.119841192945582,282.5,0.63,False,False,True,False,MCD,2026-08-14,56.07,12.698412698412698,89.68253968253968,78.96825396825396,False,False,local RR rank >10; five-day return <=0,False,True,0.0469877052676791,2–15,1,1,0,0.13818755364263588,3.3171195552792243,0.5,283,19.206269073980586,21.326110266926168,1.4881462911619063,2026-09-04,1.188806786137739,False
2026-08-21,600.0,5,535.52,0.060529442907492445,12.040633403047508,0.97,1.05,0.08000000000000007,8.24742268041238,3818,5.715319640273364,5.137376187394671,595.0,1.45,False,False,True,False,AMAT,2026-08-17,46.83,1.1904761904761905,86.5079365079365,62.698412698412696,False,False,kink rank <70; more than 5% below 20-day high,False,True,0.020529442907492444,2–8,1,1,0,0.07474453063470987,11.106961458022102,1.1,59,63.95410109830606,69.09147728570073,1.60857888899885,2026-09-11,5.636832564319172,False
2026-08-21,600.0,5,535.52,0.060529442907492445,12.040633403047508,0.97,1.05,0.08000000000000007,8.24742268041238,3818,5.715319640273364,5.137376187394671,595.0,1.45,False,False,True,False,AMAT,2026-08-17,46.83,1.1904761904761905,86.5079365079365,62.698412698412696,False,False,kink rank <70; more than 5% below 20-day high,False,True,0.020529442907492444,2–10,1,1,0,0.07474453063470987,11.106961458022102,1.1,59,63.95410109830606,69.09147728570073,1.60857888899885,2026-09-11,5.636832564319172,False
2026-08-21,600.0,5,535.52,0.060529442907492445,12.040633403047508,0.97,1.05,0.08000000000000007,8.24742268041238,3818,5.715319640273364,5.137376187394671,595.0,1.45,False,False,True,False,AMAT,2026-08-17,46.83,1.1904761904761905,86.5079365079365,62.698412698412696,False,False,kink rank <70; more than 5% below 20-day high,False,True,0.020529442907492444,1–10,1,1,0,0.07474453063470987,11.106961458022102,1.1,59,63.95410109830606,69.09147728570073,1.60857888899885,2026-09-11,5.636832564319172,False
2026-08-21,600.0,5,535.52,0.060529442907492445,12.040633403047508,0.97,1.05,0.08000000000000007,8.24742268041238,3818,5.715319640273364,5.137376187394671,595.0,1.45,False,False,True,False,AMAT,2026-08-17,46.83,1.1904761904761905,86.5079365079365,62.698412698412696,False,False,kink rank <70; more than 5% below 20-day high,False,True,0.020529442907492444,2–15,1,1,0,0.07474453063470987,11.106961458022102,1.1,59,63.95410109830606,69.09147728570073,1.60857888899885,2026-09-11,5.636832564319172,False
2026-08-28,123.0,12,112.97,0.08247522623772889,8.878463308843054,0.2,0.28,0.08000000000000002,40.00000000000001,500,2.4206939246082304,1.0623419476433027,122.0,0.36,False,False,True,False,CSCO,2026-08-17,49.28,3.9682539682539684,87.3015873015873,79.36507936507937,False,False,five-day return <=0; more than 5% below 20-day high,False,True,0.04247522623772889,2–10,1,1,0,0.10388695026126858,7.993272550234587,0.27,171,31.46079957115555,32.52314151879885,1.5564094445751346,2026-09-11,1.3156853430255744,False
2026-08-28,123.0,12,112.97,0.08247522623772889,8.878463308843054,0.2,0.28,0.08000000000000002,40.00000000000001,500,2.4206939246082304,1.0623419476433027,122.0,0.36,False,False,True,False,CSCO,2026-08-17,49.28,3.9682539682539684,87.3015873015873,79.36507936507937,False,False,five-day return <=0; more than 5% below 20-day high,False,True,0.04247522623772889,1–10,1,1,0,0.10388695026126858,7.993272550234587,0.27,171,31.46079957115555,32.52314151879885,1.5564094445751346,2026-09-11,1.3156853430255744,False
2026-08-21,118.0,5,112.97,0.13172200433236816,4.452509515800651,0.27,0.3,0.02999999999999997,11.1111111111111,1303,2.4534385948615514,1.862310616639501,117.0,0.42,False,False,True,False,CSCO,2026-08-17,49.28,3.9682539682539684,87.3015873015873,79.36507936507937,False,False,five-day return <=0; more than 5% below 20-day high,False,True,0.09172200433236816,2–15,4,4,0,0.1808560842795373,3.567318757192184,0.39,1518,33.941437010984124,35.80374762762363,1.1208204875577743,2026-09-11,4.350588986541121,False
2026-08-21,550.0,5,481.65,0.05374552907491137,14.190802449911777,0.81,0.84,0.029999999999999916,3.703703703703693,1845,5.497112840816653,5.232789229782808,540.0,1.29,False,True,True,True,DELL,2026-08-17,65.79,10.714285714285714,85.71428571428571,7.936507936507937,False,False,kink rank <70; local RR rank >10; near-front earnings flag,True,True,0.013745529074911368,2–6,1,1,0,0.08127557942538513,12.114606041731557,1.25,1266,70.31890428078144,75.55169351056425,1.7242343367151234,2026-09-11,-9.731432963093567,True
2026-08-21,550.0,5,481.65,0.05374552907491137,14.190802449911777,0.81,0.84,0.029999999999999916,3.703703703703693,1845,5.497112840816653,5.232789229782808,540.0,1.29,False,True,True,True,DELL,2026-08-17,65.79,10.714285714285714,85.71428571428571,7.936507936507937,False,False,kink rank <70; local RR rank >10; near-front earnings flag,True,True,0.013745529074911368,2–8,1,1,0,0.08127557942538513,12.114606041731557,1.25,1266,70.31890428078144,75.55169351056425,1.7242343367151234,2026-09-11,-9.731432963093567,True
2026-08-21,550.0,5,481.65,0.05374552907491137,14.190802449911777,0.81,0.84,0.029999999999999916,3.703703703703693,1845,5.497112840816653,5.232789229782808,540.0,1.29,False,True,True,True,DELL,2026-08-17,65.79,10.714285714285714,85.71428571428571,7.936507936507937,False,False,kink rank <70; local RR rank >10; near-front earnings flag,True,True,0.013745529074911368,2–10,2,2,0,0.08127557942538513,12.114606041731557,1.25,1266,70.31890428078144,75.55169351056425,1.7242343367151234,2026-09-11,-9.731432963093567,True
2026-08-21,550.0,5,481.65,0.05374552907491137,14.190802449911777,0.81,0.84,0.029999999999999916,3.703703703703693,1845,5.497112840816653,5.232789229782808,540.0,1.29,False,True,True,True,DELL,2026-08-17,65.79,10.714285714285714,85.71428571428571,7.936507936507937,False,False,kink rank <70; local RR rank >10; near-front earnings flag,True,True,0.013745529074911368,1–10,2,2,0,0.08127557942538513,12.114606041731557,1.25,1266,70.31890428078144,75.55169351056425,1.7242343367151234,2026-09-11,-9.731432963093567,True
2026-08-21,550.0,5,481.65,0.05374552907491137,14.190802449911777,0.81,0.84,0.029999999999999916,3.703703703703693,1845,5.497112840816653,5.232789229782808,540.0,1.29,False,True,True,True,DELL,2026-08-17,65.79,10.714285714285714,85.71428571428571,7.936507936507937,False,False,kink rank <70; local RR rank >10; near-front earnings flag,True,True,0.013745529074911368,2–15,3,3,0,0.08127557942538513,12.114606041731557,1.25,1266,70.31890428078144,75.55169351056425,1.7242343367151234,2026-09-11,-9.731432963093567,True
2026-08-21,362.5,5,341.18,0.03385154994136718,6.248900873439234,0.23,0.25,0.01999999999999999,8.69565217391304,1606,5.238047491793668,4.952245800692362,360.0,0.32,False,True,True,True,GOOG,2026-08-17,16.32,11.904761904761905,86.9047619047619,63.888888888888886,False,False,kink rank <70; local RR rank >10; five-day return <=0; IVR outside 30–70; more than 5% below 20-day high,False,True,0.006148450058632821,2–6,9,6,3,0.052543395391476296,5.51614983293276,0.3,7743,28.858463104690397,33.81070890538276,1.8500857884599258,2026-09-11,2.498692329679736,False
2026-08-21,362.5,5,341.18,0.03385154994136718,6.248900873439234,0.23,0.25,0.01999999999999999,8.69565217391304,1606,5.238047491793668,4.952245800692362,360.0,0.32,False,True,True,True,GOOG,2026-08-17,16.32,11.904761904761905,86.9047619047619,63.888888888888886,False,False,kink rank <70; local RR rank >10; five-day return <=0; IVR outside 30–70; more than 5% below 20-day high,False,True,0.006148450058632821,2–8,12,8,4,0.052543395391476296,5.51614983293276,0.3,7743,28.858463104690397,33.81070890538276,1.8500857884599258,2026-09-11,2.498692329679736,False
2026-08-21,362.5,5,341.18,0.03385154994136718,6.248900873439234,0.23,0.25,0.01999999999999999,8.69565217391304,1606,5.238047491793668,4.952245800692362,360.0,0.32,False,True,True,True,GOOG,2026-08-17,16.32,11.904761904761905,86.9047619047619,63.888888888888886,False,False,kink rank <70; local RR rank >10; five-day return <=0; IVR outside 30–70; more than 5% below 20-day high,False,True,0.006148450058632821,2–10,12,8,4,0.052543395391476296,5.51614983293276,0.3,7743,28.858463104690397,33.81070890538276,1.8500857884599258,2026-09-11,2.498692329679736,False
2026-08-21,362.5,5,341.18,0.03385154994136718,6.248900873439234,0.23,0.25,0.01999999999999999,8.69565217391304,1606,5.238047491793668,4.952245800692362,360.0,0.32,False,True,True,True,GOOG,2026-08-17,16.32,11.904761904761905,86.9047619047619,63.888888888888886,False,False,kink rank <70; local RR rank >10; five-day return <=0; IVR outside 30–70; more than 5% below 20-day high,False,True,0.006148450058632821,1–10,12,8,4,0.052543395391476296,5.51614983293276,0.3,7743,28.858463104690397,33.81070890538276,1.8500857884599258,2026-09-11,2.498692329679736,False
2026-08-21,362.5,5,341.18,0.03385154994136718,6.248900873439234,0.23,0.25,0.01999999999999999,8.69565217391304,1606,5.238047491793668,4.952245800692362,360.0,0.32,False,True,True,True,GOOG,2026-08-17,16.32,11.904761904761905,86.9047619047619,63.888888888888886,False,False,kink rank <70; local RR rank >10; five-day return <=0; IVR outside 30–70; more than 5% below 20-day high,False,True,0.006148450058632821,2–15,13,9,4,0.052543395391476296,5.51614983293276,0.3,7743,28.858463104690397,33.81070890538276,1.8500857884599258,2026-09-11,2.498692329679736,False
2026-08-21,400.0,5,342.66,0.0313281814227278,16.733788595108855,0.31,0.37,0.06,19.35483870967742,4888,8.327733931093828,7.154726477903961,395.0,1.21,False,True,True,True,LRCX,2026-08-17,50.23,1.9841269841269842,92.85714285714286,78.96825396825396,True,True,passed original surface,False,True,0.0086718185772722,2–6,1,1,0,0.042539829835341506,15.274616237669992,0.16,558,69.66586327173128,76.82058974963523,2.05227561556647,,,
2026-08-21,400.0,5,342.66,0.0313281814227278,16.733788595108855,0.31,0.37,0.06,19.35483870967742,4888,8.327733931093828,7.154726477903961,395.0,1.21,False,True,True,True,LRCX,2026-08-17,50.23,1.9841269841269842,92.85714285714286,78.96825396825396,True,True,passed original surface,False,True,0.0086718185772722,2–8,1,1,0,0.042539829835341506,15.274616237669992,0.16,558,69.66586327173128,76.82058974963523,2.05227561556647,,,
2026-08-21,400.0,5,342.66,0.0313281814227278,16.733788595108855,0.31,0.37,0.06,19.35483870967742,4888,8.327733931093828,7.154726477903961,395.0,1.21,False,True,True,True,LRCX,2026-08-17,50.23,1.9841269841269842,92.85714285714286,78.96825396825396,True,True,passed original surface,False,True,0.0086718185772722,2–10,1,1,0,0.042539829835341506,15.274616237669992,0.16,558,69.66586327173128,76.82058974963523,2.05227561556647,,,
2026-08-21,400.0,5,342.66,0.0313281814227278,16.733788595108855,0.31,0.37,0.06,19.35483870967742,4888,8.327733931093828,7.154726477903961,395.0,1.21,False,True,True,True,LRCX,2026-08-17,50.23,1.9841269841269842,92.85714285714286,78.96825396825396,True,True,passed original surface,False,True,0.0086718185772722,1–10,1,1,0,0.042539829835341506,15.274616237669992,0.16,558,69.66586327173128,76.82058974963523,2.05227561556647,,,
2026-08-21,400.0,5,342.66,0.0313281814227278,16.733788595108855,0.31,0.37,0.06,19.35483870967742,4888,8.327733931093828,7.154726477903961,395.0,1.21,False,True,True,True,LRCX,2026-08-17,50.23,1.9841269841269842,92.85714285714286,78.96825396825396,True,True,passed original surface,False,True,0.0086718185772722,2–15,1,1,0,0.042539829835341506,15.274616237669992,0.16,558,69.66586327173128,76.82058974963523,2.05227561556647,,,
2026-08-28,285.0,12,265.4,0.04035628566851629,7.385079125847782,0.21,0.23,0.020000000000000018,9.523809523809533,588,3.074633850447739,2.8495218239670494,282.5,0.42,False,True,True,True,MCD,2026-08-17,59.9,1.9841269841269842,91.66666666666667,70.23809523809524,False,False,five-day return <=0,False,True,0.0003562856685162888,2–6,2,1,1,0.060665703977658844,6.443104747550876,0.25,68,20.819973048898632,23.66949487286568,1.9562790274689996,2026-09-11,1.9594096502403429,False
2026-08-28,285.0,12,265.4,0.04035628566851629,7.385079125847782,0.21,0.23,0.020000000000000018,9.523809523809533,588,3.074633850447739,2.8495218239670494,282.5,0.42,False,True,True,True,MCD,2026-08-17,59.9,1.9841269841269842,91.66666666666667,70.23809523809524,False,False,five-day return <=0,False,True,0.0003562856685162888,2–8,3,1,2,0.060665703977658844,6.443104747550876,0.25,68,20.819973048898632,23.66949487286568,1.9562790274689996,2026-09-11,1.9594096502403429,False
2026-08-21,275.0,5,265.4,0.08795371456475704,3.6171816126601364,0.25,0.35,0.09999999999999998,39.99999999999999,2001,2.875181173494351,1.7938766335195617,272.5,0.57,False,False,True,False,MCD,2026-08-17,59.9,1.9841269841269842,91.66666666666667,70.23809523809524,False,False,five-day return <=0,False,True,0.047953714564757034,2–10,4,2,2,0.15140417487184837,2.6752072343632305,0.5,701,22.06160429347713,23.85548092699669,1.4008597396155609,2026-09-11,1.7615064980917083,False
2026-08-21,275.0,5,265.4,0.08795371456475704,3.6171816126601364,0.25,0.35,0.09999999999999998,39.99999999999999,2001,2.875181173494351,1.7938766335195617,272.5,0.57,False,False,True,False,MCD,2026-08-17,59.9,1.9841269841269842,91.66666666666667,70.23809523809524,False,False,five-day return <=0,False,True,0.047953714564757034,1–10,4,2,2,0.15140417487184837,2.6752072343632305,0.5,701,22.06160429347713,23.85548092699669,1.4008597396155609,2026-09-11,1.7615064980917083,False
2026-08-21,275.0,5,265.4,0.08795371456475704,3.6171816126601364,0.25,0.35,0.09999999999999998,39.99999999999999,2001,2.875181173494351,1.7938766335195617,272.5,0.57,False,False,True,False,MCD,2026-08-17,59.9,1.9841269841269842,91.66666666666667,70.23809523809524,False,False,five-day return <=0,False,True,0.047953714564757034,2–15,4,2,2,0.15140417487184837,2.6752072343632305,0.5,701,22.06160429347713,23.85548092699669,1.4008597396155609,2026-09-11,1.7615064980917083,False
2026-08-28,65.0,12,60.41,0.12402131845625357,7.598079788114553,0.21,0.25,0.04000000000000001,19.04761904761905,785,3.984605367907773,3.079877697152339,64.0,0.41,False,False,True,False,PYPL,2026-08-17,15.85,5.555555555555555,86.11111111111111,86.9047619047619,False,True,IVR outside 30–70,False,True,0.08402131845625357,2–15,1,1,0,0.1749693597807475,5.942724714451253,0.3,340,31.200352308195168,34.280230005347505,1.343074677690843,2026-09-11,-8.796230514838399,False
2026-08-28,43.0,12,37.66,0.13507120357895058,14.179500796601175,0.25,0.35,0.09999999999999998,39.99999999999999,234,6.517861810575365,3.1051343172004864,42.5,0.41,False,False,True,False,RBLX,2026-08-17,36.16,0.3968253968253968,94.44444444444444,72.61904761904762,False,True,more than 5% below 20-day high,False,True,0.09507120357895057,2–15,1,1,0,0.15615187971884634,12.851832182687218,0.29,18,60.46824116083225,63.57337547803274,1.293270627514288,2026-09-11,-1.858811099552904,False
2026-08-24,412.5,7,379.17,0.056284636248907505,8.790252393385556,0.33,0.42,0.08999999999999997,27.27272727272726,146,2.1032998204836395,1.1812259897978683,410.0,0.51,False,True,True,True,AVGO,2026-08-18,32.2,3.9682539682539684,86.11111111111111,13.492063492063492,False,False,kink rank <70; five-day return <=0; more than 5% below 20-day high; near-front earnings flag,True,True,0.016284636248907504,2–6,8,8,0,0.06815435688472501,8.130917530395344,0.42,168,36.52181080189795,37.703036791695816,1.7379867253140697,2026-09-11,-15.74256325462578,True
2026-08-24,412.5,7,379.17,0.056284636248907505,8.790252393385556,0.33,0.42,0.08999999999999997,27.27272727272726,146,2.1032998204836395,1.1812259897978683,410.0,0.51,False,True,True,True,AVGO,2026-08-18,32.2,3.9682539682539684,86.11111111111111,13.492063492063492,False,False,kink rank <70; five-day return <=0; more than 5% below 20-day high; near-front earnings flag,True,True,0.016284636248907504,2–8,9,9,0,0.06815435688472501,8.130917530395344,0.42,168,36.52181080189795,37.703036791695816,1.7379867253140697,2026-09-11,-15.74256325462578,True
2026-08-24,412.5,7,379.17,0.056284636248907505,8.790252393385556,0.33,0.42,0.08999999999999997,27.27272727272726,146,2.1032998204836395,1.1812259897978683,410.0,0.51,False,True,True,True,AVGO,2026-08-18,32.2,3.9682539682539684,86.11111111111111,13.492063492063492,False,False,kink rank <70; five-day return <=0; more than 5% below 20-day high; near-front earnings flag,True,True,0.016284636248907504,2–10,9,9,0,0.06815435688472501,8.130917530395344,0.42,168,36.52181080189795,37.703036791695816,1.7379867253140697,2026-09-11,-15.74256325462578,True
2026-08-24,412.5,7,379.17,0.056284636248907505,8.790252393385556,0.33,0.42,0.08999999999999997,27.27272727272726,146,2.1032998204836395,1.1812259897978683,410.0,0.51,False,True,True,True,AVGO,2026-08-18,32.2,3.9682539682539684,86.11111111111111,13.492063492063492,False,False,kink rank <70; five-day return <=0; more than 5% below 20-day high; near-front earnings flag,True,True,0.016284636248907504,1–10,9,9,0,0.06815435688472501,8.130917530395344,0.42,168,36.52181080189795,37.703036791695816,1.7379867253140697,2026-09-11,-15.74256325462578,True
2026-08-24,412.5,7,379.17,0.056284636248907505,8.790252393385556,0.33,0.42,0.08999999999999997,27.27272727272726,146,2.1032998204836395,1.1812259897978683,410.0,0.51,False,True,True,True,AVGO,2026-08-18,32.2,3.9682539682539684,86.11111111111111,13.492063492063492,False,False,kink rank <70; five-day return <=0; more than 5% below 20-day high; near-front earnings flag,True,True,0.016284636248907504,2–15,9,9,0,0.06815435688472501,8.130917530395344,0.42,168,36.52181080189795,37.703036791695816,1.7379867253140697,2026-09-11,-15.74256325462578,True
2026-08-28,155.0,11,140.82,0.06551426423074634,10.069592387444981,0.21,0.31,0.1,47.61904761904762,223,2.110824605691286,0.4912387799892559,152.5,0.51,False,False,True,False,BX,2026-08-18,28.72,0.0,91.26984126984127,40.07936507936508,False,False,kink rank <70; five-day return <=0; IVR outside 30–70; more than 5% below 20-day high,False,True,0.02551426423074634,2–8,1,1,0,0.104252192877359,8.294276381195864,0.35,89,35.453227178033764,35.94446595802302,1.6360862959369173,2026-09-11,1.7425932945888511,False
2026-08-28,155.0,11,140.82,0.06551426423074634,10.069592387444981,0.21,0.31,0.1,47.61904761904762,223,2.110824605691286,0.4912387799892559,152.5,0.51,False,False,True,False,BX,2026-08-18,28.72,0.0,91.26984126984127,40.07936507936508,False,False,kink rank <70; five-day return <=0; IVR outside 30–70; more than 5% below 20-day high,False,True,0.02551426423074634,2–10,1,1,0,0.104252192877359,8.294276381195864,0.35,89,35.453227178033764,35.94446595802302,1.6360862959369173,2026-09-11,1.7425932945888511,False
2026-08-28,155.0,11,140.82,0.06551426423074634,10.069592387444981,0.21,0.31,0.1,47.61904761904762,223,2.110824605691286,0.4912387799892559,152.5,0.51,False,False,True,False,BX,2026-08-18,28.72,0.0,91.26984126984127,40.07936507936508,False,False,kink rank <70; five-day return <=0; IVR outside 30–70; more than 5% below 20-day high,False,True,0.02551426423074634,1–10,1,1,0,0.104252192877359,8.294276381195864,0.35,89,35.453227178033764,35.94446595802302,1.6360862959369173,2026-09-11,1.7425932945888511,False
2026-08-28,155.0,11,140.82,0.06551426423074634,10.069592387444981,0.21,0.31,0.1,47.61904761904762,223,2.110824605691286,0.4912387799892559,152.5,0.51,False,False,True,False,BX,2026-08-18,28.72,0.0,91.26984126984127,40.07936507936508,False,False,kink rank <70; five-day return <=0; IVR outside 30–70; more than 5% below 20-day high,False,True,0.02551426423074634,2–15,1,1,0,0.104252192877359,8.294276381195864,0.35,89,35.453227178033764,35.94446595802302,1.6360862959369173,2026-09-11,1.7425932945888511,False
2026-08-24,380.0,7,336.9,0.04066093298512924,12.793113683585645,0.26,0.27,0.010000000000000009,3.8461538461538494,433,12.446634424852466,12.298671094878266,377.5,0.3,False,True,True,True,TSLA,2026-08-18,16.27,38.888888888888886,85.31746031746032,62.698412698412696,False,False,kink rank <70; local RR rank >10; IVR outside 30–70; more than 5% below 20-day high,False,True,0.0006609329851292381,2–6,19,14,5,0.04756817259464006,12.051053725140992,0.29,313,37.349225487710456,49.64789658258872,2.473386984673793,2026-09-11,-4.519489537592925,False
2026-08-24,380.0,7,336.9,0.04066093298512924,12.793113683585645,0.26,0.27,0.010000000000000009,3.8461538461538494,433,12.446634424852466,12.298671094878266,377.5,0.3,False,True,True,True,TSLA,2026-08-18,16.27,38.888888888888886,85.31746031746032,62.698412698412696,False,False,kink rank <70; local RR rank >10; IVR outside 30–70; more than 5% below 20-day high,False,True,0.0006609329851292381,2–8,27,20,7,0.04756817259464006,12.051053725140992,0.29,313,37.349225487710456,49.64789658258872,2.473386984673793,2026-09-11,-4.519489537592925,False
2026-08-24,380.0,7,336.9,0.04066093298512924,12.793113683585645,0.26,0.27,0.010000000000000009,3.8461538461538494,433,12.446634424852466,12.298671094878266,377.5,0.3,False,True,True,True,TSLA,2026-08-18,16.27,38.888888888888886,85.31746031746032,62.698412698412696,False,False,kink rank <70; local RR rank >10; IVR outside 30–70; more than 5% below 20-day high,False,True,0.0006609329851292381,2–10,34,25,9,0.04756817259464006,12.051053725140992,0.29,313,37.349225487710456,49.64789658258872,2.473386984673793,2026-09-11,-4.519489537592925,False
2026-08-24,380.0,7,336.9,0.04066093298512924,12.793113683585645,0.26,0.27,0.010000000000000009,3.8461538461538494,433,12.446634424852466,12.298671094878266,377.5,0.3,False,True,True,True,TSLA,2026-08-18,16.27,38.888888888888886,85.31746031746032,62.698412698412696,False,False,kink rank <70; local RR rank >10; IVR outside 30–70; more than 5% below 20-day high,False,True,0.0006609329851292381,1–10,41,28,13,0.04756817259464006,12.051053725140992,0.29,313,37.349225487710456,49.64789658258872,2.473386984673793,2026-09-11,-4.519489537592925,False
2026-08-24,380.0,7,336.9,0.04066093298512924,12.793113683585645,0.26,0.27,0.010000000000000009,3.8461538461538494,433,12.446634424852466,12.298671094878266,377.5,0.3,False,True,True,True,TSLA,2026-08-18,16.27,38.888888888888886,85.31746031746032,62.698412698412696,False,False,kink rank <70; local RR rank >10; IVR outside 30–70; more than 5% below 20-day high,False,True,0.0006609329851292381,2–15,44,32,12,0.04756817259464006,12.051053725140992,0.29,313,37.349225487710456,49.64789658258872,2.473386984673793,2026-09-11,-4.519489537592925,False
2026-08-26,402.5,8,363.11,0.030483504621941812,10.847952411115092,0.37,0.47,0.09999999999999998,27.027027027027025,28,4.109199242771977,3.0893784522469323,400.0,0.55,False,True,True,True,AVGO,2026-08-19,17.33,3.5714285714285716,93.65079365079364,11.904761904761905,False,False,kink rank <70; five-day return <=0; IVR outside 30–70; more than 5% below 20-day high; near-front earnings flag,True,True,0.009516495378058189,2–6,13,11,2,0.039357929642167645,10.159455812288275,0.37,172,39.16728458150745,42.256663033754386,1.87079304446905,2026-09-11,-18.25464380304868,True
2026-08-24,390.0,6,363.11,0.07017166956617976,7.405469416981081,0.4,0.47,0.06999999999999995,17.49999999999999,102,3.3243137503344347,2.676801315412136,387.5,0.6,False,False,True,False,AVGO,2026-08-19,17.33,3.5714285714285716,93.65079365079364,11.904761904761905,False,False,kink rank <70; five-day return <=0; IVR outside 30–70; more than 5% below 20-day high; near-front earnings flag,True,True,0.03017166956617976,2–8,16,14,2,0.08597194693379037,6.716972818154265,0.5,30,35.27964573050314,37.956447045915276,1.6371903810046682,2026-09-11,-18.572745297893643,True
2026-08-24,390.0,6,363.11,0.07017166956617976,7.405469416981081,0.4,0.47,0.06999999999999995,17.49999999999999,102,3.3243137503344347,2.676801315412136,387.5,0.6,False,False,True,False,AVGO,2026-08-19,17.33,3.5714285714285716,93.65079365079364,11.904761904761905,False,False,kink rank <70; five-day return <=0; IVR outside 30–70; more than 5% below 20-day high; near-front earnings flag,True,True,0.03017166956617976,2–10,18,16,2,0.08597194693379037,6.716972818154265,0.5,30,35.27964573050314,37.956447045915276,1.6371903810046682,2026-09-11,-18.572745297893643,True
2026-08-24,390.0,6,363.11,0.07017166956617976,7.405469416981081,0.4,0.47,0.06999999999999995,17.49999999999999,102,3.3243137503344347,2.676801315412136,387.5,0.6,False,False,True,False,AVGO,2026-08-19,17.33,3.5714285714285716,93.65079365079364,11.904761904761905,False,False,kink rank <70; five-day return <=0; IVR outside 30–70; more than 5% below 20-day high; near-front earnings flag,True,True,0.03017166956617976,1–10,20,17,3,0.08597194693379037,6.716972818154265,0.5,30,35.27964573050314,37.956447045915276,1.6371903810046682,2026-09-11,-18.572745297893643,True
2026-08-24,390.0,6,363.11,0.07017166956617976,7.405469416981081,0.4,0.47,0.06999999999999995,17.49999999999999,102,3.3243137503344347,2.676801315412136,387.5,0.6,False,False,True,False,AVGO,2026-08-19,17.33,3.5714285714285716,93.65079365079364,11.904761904761905,False,False,kink rank <70; five-day return <=0; IVR outside 30–70; more than 5% below 20-day high; near-front earnings flag,True,True,0.03017166956617976,2–15,19,17,2,0.08597194693379037,6.716972818154265,0.5,30,35.27964573050314,37.956447045915276,1.6371903810046682,2026-09-11,-18.572745297893643,True
2026-08-28,200.0,10,159.02,0.05014516695949774,25.77034335303734,0.43,0.5,0.07,16.27906976744186,429,18.172420121543276,16.88942340186501,195.0,0.68,False,True,True,True,COIN,2026-08-19,59.16,2.380952380952381,88.88888888888889,70.23809523809524,True,True,passed original surface,False,True,0.010145166959497742,2–6,1,1,0,0.06853414346232493,22.626084769211417,0.57,196,68.2363268553467,85.12575025721172,2.281660354829524,2026-09-11,7.912778684729515,False
2026-08-28,200.0,10,159.02,0.05014516695949774,25.77034335303734,0.43,0.5,0.07,16.27906976744186,429,18.172420121543276,16.88942340186501,195.0,0.68,False,True,True,True,COIN,2026-08-19,59.16,2.380952380952381,88.88888888888889,70.23809523809524,True,True,passed original surface,False,True,0.010145166959497742,2–8,1,1,0,0.06853414346232493,22.626084769211417,0.57,196,68.2363268553467,85.12575025721172,2.281660354829524,2026-09-11,7.912778684729515,False
2026-08-28,200.0,10,159.02,0.05014516695949774,25.77034335303734,0.43,0.5,0.07,16.27906976744186,429,18.172420121543276,16.88942340186501,195.0,0.68,False,True,True,True,COIN,2026-08-19,59.16,2.380952380952381,88.88888888888889,70.23809523809524,True,True,passed original surface,False,True,0.010145166959497742,2–10,1,1,0,0.06853414346232493,22.626084769211417,0.57,196,68.2363268553467,85.12575025721172,2.281660354829524,2026-09-11,7.912778684729515,False
2026-08-28,200.0,10,159.02,0.05014516695949774,25.77034335303734,0.43,0.5,0.07,16.27906976744186,429,18.172420121543276,16.88942340186501,195.0,0.68,False,True,True,True,COIN,2026-08-19,59.16,2.380952380952381,88.88888888888889,70.23809523809524,True,True,passed original surface,False,True,0.010145166959497742,1–10,1,1,0,0.06853414346232493,22.626084769211417,0.57,196,68.2363268553467,85.12575025721172,2.281660354829524,2026-09-11,7.912778684729515,False
2026-08-28,200.0,10,159.02,0.05014516695949774,25.77034335303734,0.43,0.5,0.07,16.27906976744186,429,18.172420121543276,16.88942340186501,195.0,0.68,False,True,True,True,COIN,2026-08-19,59.16,2.380952380952381,88.88888888888889,70.23809523809524,True,True,passed original surface,False,True,0.010145166959497742,2–15,1,1,0,0.06853414346232493,22.626084769211417,0.57,196,68.2363268553467,85.12575025721172,2.281660354829524,2026-09-11,7.912778684729515,False
2026-08-24,600.0,6,547.0,0.03535239923775418,9.689213893967086,0.25,0.35,0.09999999999999998,39.99999999999999,1132,8.689411684566961,7.533066397083149,597.5,0.43,False,True,True,True,META,2026-08-19,50.87,16.666666666666668,88.0952380952381,80.15873015873017,False,False,local RR rank >10; five-day return <=0; more than 5% below 20-day high,False,True,0.004647600762245824,2–6,13,12,1,0.04022063642089994,9.232175502742223,0.29,84,32.430823445695765,39.96388984277892,2.3302438711230926,2026-09-11,-2.0617609083848243,False
2026-08-24,600.0,6,547.0,0.03535239923775418,9.689213893967086,0.25,0.35,0.09999999999999998,39.99999999999999,1132,8.689411684566961,7.533066397083149,597.5,0.43,False,True,True,True,META,2026-08-19,50.87,16.666666666666668,88.0952380952381,80.15873015873017,False,False,local RR rank >10; five-day return <=0; more than 5% below 20-day high,False,True,0.004647600762245824,2–8,16,14,2,0.04022063642089994,9.232175502742223,0.29,84,32.430823445695765,39.96388984277892,2.3302438711230926,2026-09-11,-2.0617609083848243,False
2026-08-24,600.0,6,547.0,0.03535239923775418,9.689213893967086,0.25,0.35,0.09999999999999998,39.99999999999999,1132,8.689411684566961,7.533066397083149,597.5,0.43,False,True,True,True,META,2026-08-19,50.87,16.666666666666668,88.0952380952381,80.15873015873017,False,False,local RR rank >10; five-day return <=0; more than 5% below 20-day high,False,True,0.004647600762245824,2–10,18,16,2,0.04022063642089994,9.232175502742223,0.29,84,32.430823445695765,39.96388984277892,2.3302438711230926,2026-09-11,-2.0617609083848243,False
2026-08-24,600.0,6,547.0,0.03535239923775418,9.689213893967086,0.25,0.35,0.09999999999999998,39.99999999999999,1132,8.689411684566961,7.533066397083149,597.5,0.43,False,True,True,True,META,2026-08-19,50.87,16.666666666666668,88.0952380952381,80.15873015873017,False,False,local RR rank >10; five-day return <=0; more than 5% below 20-day high,False,True,0.004647600762245824,1–10,23,19,4,0.04022063642089994,9.232175502742223,0.29,84,32.430823445695765,39.96388984277892,2.3302438711230926,2026-09-11,-2.0617609083848243,False
2026-08-24,600.0,6,547.0,0.03535239923775418,9.689213893967086,0.25,0.35,0.09999999999999998,39.99999999999999,1132,8.689411684566961,7.533066397083149,597.5,0.43,False,True,True,True,META,2026-08-19,50.87,16.666666666666668,88.0952380952381,80.15873015873017,False,False,local RR rank >10; five-day return <=0; more than 5% below 20-day high,False,True,0.004647600762245824,2–15,19,17,2,0.04022063642089994,9.232175502742223,0.29,84,32.430823445695765,39.96388984277892,2.3302438711230926,2026-09-11,-2.0617609083848243,False
2026-08-28,140.0,10,103.87,0.03357470813520596,34.78386444594204,0.24,0.29,0.04999999999999999,20.83333333333333,762,27.885764139286294,26.102669581052428,135.0,0.39,False,True,True,True,MSTR,2026-08-19,47.73,0.3968253968253968,92.06349206349206,84.92063492063492,True,True,passed original surface,False,True,0.006425291864794042,2–6,2,2,0,0.05048756117806205,29.97015500144411,0.3,565,75.90684890750504,102.00951848855746,2.7684921669699563,2026-09-11,7.557281379153357,False
2026-08-28,140.0,10,103.87,0.03357470813520596,34.78386444594204,0.24,0.29,0.04999999999999999,20.83333333333333,762,27.885764139286294,26.102669581052428,135.0,0.39,False,True,True,True,MSTR,2026-08-19,47.73,0.3968253968253968,92.06349206349206,84.92063492063492,True,True,passed original surface,False,True,0.006425291864794042,2–8,3,3,0,0.05048756117806205,29.97015500144411,0.3,565,75.90684890750504,102.00951848855746,2.7684921669699563,2026-09-11,7.557281379153357,False
2026-08-28,140.0,10,103.87,0.03357470813520596,34.78386444594204,0.24,0.29,0.04999999999999999,20.83333333333333,762,27.885764139286294,26.102669581052428,135.0,0.39,False,True,True,True,MSTR,2026-08-19,47.73,0.3968253968253968,92.06349206349206,84.92063492063492,True,True,passed original surface,False,True,0.006425291864794042,2–10,4,3,1,0.05048756117806205,29.97015500144411,0.3,565,75.90684890750504,102.00951848855746,2.7684921669699563,2026-09-11,7.557281379153357,False
2026-08-28,140.0,10,103.87,0.03357470813520596,34.78386444594204,0.24,0.29,0.04999999999999999,20.83333333333333,762,27.885764139286294,26.102669581052428,135.0,0.39,False,True,True,True,MSTR,2026-08-19,47.73,0.3968253968253968,92.06349206349206,84.92063492063492,True,True,passed original surface,False,True,0.006425291864794042,1–10,4,3,1,0.05048756117806205,29.97015500144411,0.3,565,75.90684890750504,102.00951848855746,2.7684921669699563,2026-09-11,7.557281379153357,False
2026-08-28,140.0,10,103.87,0.03357470813520596,34.78386444594204,0.24,0.29,0.04999999999999999,20.83333333333333,762,27.885764139286294,26.102669581052428,135.0,0.39,False,True,True,True,MSTR,2026-08-19,47.73,0.3968253968253968,92.06349206349206,84.92063492063492,True,True,passed original surface,False,True,0.006425291864794042,2–15,5,3,2,0.05048756117806205,29.97015500144411,0.3,565,75.90684890750504,102.00951848855746,2.7684921669699563,2026-09-11,7.557281379153357,False
2026-08-24,380.0,6,348.4,0.039191462538315125,9.070034443168783,0.42,0.43,0.010000000000000009,2.380952380952383,505,7.391611974419654,7.279340619567765,377.5,0.52,False,True,True,True,TSLA,2026-08-19,20.11,30.555555555555557,86.5079365079365,83.73015873015873,False,False,local RR rank >10; IVR outside 30–70,False,True,0.0008085374616848759,2–6,20,13,7,0.05178676074658933,8.352468427095294,0.5,323,38.03885940548406,45.31820002505182,1.859740107171404,2026-09-11,-12.026528937159409,False
2026-08-24,380.0,6,348.4,0.039191462538315125,9.070034443168783,0.42,0.43,0.010000000000000009,2.380952380952383,505,7.391611974419654,7.279340619567765,377.5,0.52,False,True,True,True,TSLA,2026-08-19,20.11,30.555555555555557,86.5079365079365,83.73015873015873,False,False,local RR rank >10; IVR outside 30–70,False,True,0.0008085374616848759,2–8,26,16,10,0.05178676074658933,8.352468427095294,0.5,323,38.03885940548406,45.31820002505182,1.859740107171404,2026-09-11,-12.026528937159409,False
2026-08-24,380.0,6,348.4,0.039191462538315125,9.070034443168783,0.42,0.43,0.010000000000000009,2.380952380952383,505,7.391611974419654,7.279340619567765,377.5,0.52,False,True,True,True,TSLA,2026-08-19,20.11,30.555555555555557,86.5079365079365,83.73015873015873,False,False,local RR rank >10; IVR outside 30–70,False,True,0.0008085374616848759,2–10,32,20,12,0.05178676074658933,8.352468427095294,0.5,323,38.03885940548406,45.31820002505182,1.859740107171404,2026-09-11,-12.026528937159409,False
2026-08-24,380.0,6,348.4,0.039191462538315125,9.070034443168783,0.42,0.43,0.010000000000000009,2.380952380952383,505,7.391611974419654,7.279340619567765,377.5,0.52,False,True,True,True,TSLA,2026-08-19,20.11,30.555555555555557,86.5079365079365,83.73015873015873,False,False,local RR rank >10; IVR outside 30–70,False,True,0.0008085374616848759,1–10,39,24,15,0.05178676074658933,8.352468427095294,0.5,323,38.03885940548406,45.31820002505182,1.859740107171404,2026-09-11,-12.026528937159409,False
2026-08-24,380.0,6,348.4,0.039191462538315125,9.070034443168783,0.42,0.43,0.010000000000000009,2.380952380952383,505,7.391611974419654,7.279340619567765,377.5,0.52,False,True,True,True,TSLA,2026-08-19,20.11,30.555555555555557,86.5079365079365,83.73015873015873,False,False,local RR rank >10; IVR outside 30–70,False,True,0.0008085374616848759,2–15,40,25,15,0.05178676074658933,8.352468427095294,0.5,323,38.03885940548406,45.31820002505182,1.859740107171404,2026-09-11,-12.026528937159409,False
2026-08-28,84.0,10,78.06,0.12161996246049231,7.609531129900082,0.25,0.31,0.06,24.0,153,4.035589311060727,2.833517920223433,83.0,0.43,False,False,True,False,UBER,2026-08-19,38.88,14.682539682539682,87.6984126984127,63.492063492063494,False,False,kink rank <70; local RR rank >10,False,True,0.0816199624604923,2–15,1,1,0,0.16172840395713733,6.3284652831155475,0.35,288,34.40970911468892,37.24322703491236,1.3360518999684223,2026-09-11,1.570632701936625,False
2026-08-24,387.5,5,364.5,0.05073051361346944,6.310013717421126,0.23,0.31,0.07999999999999999,34.782608695652165,35,4.485308174963032,3.4540433920515587,385.0,0.38,False,True,True,True,AVGO,2026-08-20,12.31,3.9682539682539684,93.65079365079364,1.9841269841269842,False,False,kink rank <70; five-day return <=0; IVR outside 30–70; more than 5% below 20-day high; near-front earnings flag,True,True,0.010730513613469439,2–6,1,1,0,0.06825617035877314,5.6241426611796985,0.31,500,30.257736399481093,33.711779791532656,1.78178499947457,2026-09-11,-25.986977408974703,True
2026-08-24,387.5,5,364.5,0.05073051361346944,6.310013717421126,0.23,0.31,0.07999999999999999,34.782608695652165,35,4.485308174963032,3.4540433920515587,385.0,0.38,False,True,True,True,AVGO,2026-08-20,12.31,3.9682539682539684,93.65079365079364,1.9841269841269842,False,False,kink rank <70; five-day return <=0; IVR outside 30–70; more than 5% below 20-day high; near-front earnings flag,True,True,0.010730513613469439,2–8,2,2,0,0.06825617035877314,5.6241426611796985,0.31,500,30.257736399481093,33.711779791532656,1.78178499947457,2026-09-11,-25.986977408974703,True
2026-08-24,387.5,5,364.5,0.05073051361346944,6.310013717421126,0.23,0.31,0.07999999999999999,34.782608695652165,35,4.485308174963032,3.4540433920515587,385.0,0.38,False,True,True,True,AVGO,2026-08-20,12.31,3.9682539682539684,93.65079365079364,1.9841269841269842,False,False,kink rank <70; five-day return <=0; IVR outside 30–70; more than 5% below 20-day high; near-front earnings flag,True,True,0.010730513613469439,2–10,2,2,0,0.06825617035877314,5.6241426611796985,0.31,500,30.257736399481093,33.711779791532656,1.78178499947457,2026-09-11,-25.986977408974703,True
2026-08-24,387.5,5,364.5,0.05073051361346944,6.310013717421126,0.23,0.31,0.07999999999999999,34.782608695652165,35,4.485308174963032,3.4540433920515587,385.0,0.38,False,True,True,True,AVGO,2026-08-20,12.31,3.9682539682539684,93.65079365079364,1.9841269841269842,False,False,kink rank <70; five-day return <=0; IVR outside 30–70; more than 5% below 20-day high; near-front earnings flag,True,True,0.010730513613469439,1–10,2,2,0,0.06825617035877314,5.6241426611796985,0.31,500,30.257736399481093,33.711779791532656,1.78178499947457,2026-09-11,-25.986977408974703,True
2026-08-24,387.5,5,364.5,0.05073051361346944,6.310013717421126,0.23,0.31,0.07999999999999999,34.782608695652165,35,4.485308174963032,3.4540433920515587,385.0,0.38,False,True,True,True,AVGO,2026-08-20,12.31,3.9682539682539684,93.65079365079364,1.9841269841269842,False,False,kink rank <70; five-day return <=0; IVR outside 30–70; more than 5% below 20-day high; near-front earnings flag,True,True,0.010730513613469439,2–15,2,2,0,0.06825617035877314,5.6241426611796985,0.31,500,30.257736399481093,33.711779791532656,1.78178499947457,2026-09-11,-25.986977408974703,True
2026-08-28,220.0,9,171.56,0.050225627646351134,28.235019818139428,0.41,0.5,0.09000000000000002,21.95121951219513,480,23.13418655185686,21.359810814504034,215.0,0.68,False,True,True,True,COIN,2026-08-20,68.49,0.0,98.41269841269842,78.57142857142857,True,True,passed original surface,False,True,0.010225627646351133,2–6,1,1,0,0.06405068006900896,25.320587549545337,0.56,341,72.77930219729076,94.13911301179479,2.470616782163096,2026-09-11,6.898202921674335,False
2026-08-28,220.0,9,171.56,0.050225627646351134,28.235019818139428,0.41,0.5,0.09000000000000002,21.95121951219513,480,23.13418655185686,21.359810814504034,215.0,0.68,False,True,True,True,COIN,2026-08-20,68.49,0.0,98.41269841269842,78.57142857142857,True,True,passed original surface,False,True,0.010225627646351133,2–8,2,1,1,0.06405068006900896,25.320587549545337,0.56,341,72.77930219729076,94.13911301179479,2.470616782163096,2026-09-11,6.898202921674335,False
2026-08-28,220.0,9,171.56,0.050225627646351134,28.235019818139428,0.41,0.5,0.09000000000000002,21.95121951219513,480,23.13418655185686,21.359810814504034,215.0,0.68,False,True,True,True,COIN,2026-08-20,68.49,0.0,98.41269841269842,78.57142857142857,True,True,passed original surface,False,True,0.010225627646351133,2–10,2,1,1,0.06405068006900896,25.320587549545337,0.56,341,72.77930219729076,94.13911301179479,2.470616782163096,2026-09-11,6.898202921674335,False
2026-08-28,220.0,9,171.56,0.050225627646351134,28.235019818139428,0.41,0.5,0.09000000000000002,21.95121951219513,480,23.13418655185686,21.359810814504034,215.0,0.68,False,True,True,True,COIN,2026-08-20,68.49,0.0,98.41269841269842,78.57142857142857,True,True,passed original surface,False,True,0.010225627646351133,1–10,2,1,1,0.06405068006900896,25.320587549545337,0.56,341,72.77930219729076,94.13911301179479,2.470616782163096,2026-09-11,6.898202921674335,False
2026-08-28,220.0,9,171.56,0.050225627646351134,28.235019818139428,0.41,0.5,0.09000000000000002,21.95121951219513,480,23.13418655185686,21.359810814504034,215.0,0.68,False,True,True,True,COIN,2026-08-20,68.49,0.0,98.41269841269842,78.57142857142857,True,True,passed original surface,False,True,0.010225627646351133,2–15,3,2,1,0.06405068006900896,25.320587549545337,0.56,341,72.77930219729076,94.13911301179479,2.470616782163096,2026-09-11,6.898202921674335,False
2026-09-04,120.0,16,109.78,0.09020261992853505,9.309528147203494,0.26,0.3,0.03999999999999998,15.384615384615378,973,2.130753863404433,1.5761774051267496,119.0,0.46,False,False,True,False,CSCO,2026-08-20,45.86,8.73015873015873,86.11111111111111,58.73015873015873,False,False,kink rank <70; five-day return <=0; more than 5% below 20-day high,False,True,0.05020261992853505,2–10,1,0,1,0.1103430756158592,8.398615412643462,0.29,60,29.184084549004645,30.760261954131394,1.5235897259456777,2026-09-11,-0.50063507633194,False
2026-09-04,120.0,16,109.78,0.09020261992853505,9.309528147203494,0.26,0.3,0.03999999999999998,15.384615384615378,973,2.130753863404433,1.5761774051267496,119.0,0.46,False,False,True,False,CSCO,2026-08-20,45.86,8.73015873015873,86.11111111111111,58.73015873015873,False,False,kink rank <70; five-day return <=0; more than 5% below 20-day high,False,True,0.05020261992853505,1–10,1,0,1,0.1103430756158592,8.398615412643462,0.29,60,29.184084549004645,30.760261954131394,1.5235897259456777,2026-09-11,-0.50063507633194,False
2026-09-04,120.0,16,109.78,0.09020261992853505,9.309528147203494,0.26,0.3,0.03999999999999998,15.384615384615378,973,2.130753863404433,1.5761774051267496,119.0,0.46,False,False,True,False,CSCO,2026-08-20,45.86,8.73015873015873,86.11111111111111,58.73015873015873,False,False,kink rank <70; five-day return <=0; more than 5% below 20-day high,False,True,0.05020261992853505,2–15,1,0,1,0.1103430756158592,8.398615412643462,0.29,60,29.184084549004645,30.760261954131394,1.5235897259456777,2026-09-11,-0.50063507633194,False
2026-08-28,190.0,9,129.92,0.07922633916803155,46.24384236453203,0.94,1.02,0.08000000000000007,8.51063829787235,30,28.27964658822242,26.86242974912978,187.5,1.4,False,False,True,False,MRNA,2026-08-20,58.35,1.1904761904761905,98.41269841269842,98.01587301587301,False,True,more than 5% below 20-day high,False,True,0.03922633916803155,2–8,1,1,0,0.08386754400187421,44.31958128078819,0.86,0,135.9194727645578,162.78190251368758,2.1666931404120517,2026-09-11,28.524551432157708,False
2026-08-28,190.0,9,129.92,0.07922633916803155,46.24384236453203,0.94,1.02,0.08000000000000007,8.51063829787235,30,28.27964658822242,26.86242974912978,187.5,1.4,False,False,True,False,MRNA,2026-08-20,58.35,1.1904761904761905,98.41269841269842,98.01587301587301,False,True,more than 5% below 20-day high,False,True,0.03922633916803155,2–10,1,1,0,0.08386754400187421,44.31958128078819,0.86,0,135.9194727645578,162.78190251368758,2.1666931404120517,2026-09-11,28.524551432157708,False
2026-08-28,190.0,9,129.92,0.07922633916803155,46.24384236453203,0.94,1.02,0.08000000000000007,8.51063829787235,30,28.27964658822242,26.86242974912978,187.5,1.4,False,False,True,False,MRNA,2026-08-20,58.35,1.1904761904761905,98.41269841269842,98.01587301587301,False,True,more than 5% below 20-day high,False,True,0.03922633916803155,1–10,1,1,0,0.08386754400187421,44.31958128078819,0.86,0,135.9194727645578,162.78190251368758,2.1666931404120517,2026-09-11,28.524551432157708,False
2026-08-28,190.0,9,129.92,0.07922633916803155,46.24384236453203,0.94,1.02,0.08000000000000007,8.51063829787235,30,28.27964658822242,26.86242974912978,187.5,1.4,False,False,True,False,MRNA,2026-08-20,58.35,1.1904761904761905,98.41269841269842,98.01587301587301,False,True,more than 5% below 20-day high,False,True,0.03922633916803155,2–15,1,1,0,0.08386754400187421,44.31958128078819,0.86,0,135.9194727645578,162.78190251368758,2.1666931404120517,2026-09-11,28.524551432157708,False
2026-08-28,150.0,9,112.06,0.04308134905750613,33.85686239514545,0.32,0.38,0.06,18.75,2474,28.332065544464413,26.563112232055254,145.0,0.5,False,True,True,True,MSTR,2026-08-20,54.85,0.0,96.42857142857143,88.88888888888889,True,True,passed original surface,False,True,0.003081349057506129,2–6,2,2,0,0.06054818786889946,29.394966981973948,0.43,442,83.7027986773772,110.26591090943245,2.5759172455176387,2026-09-11,8.469206964952903,False
2026-08-28,150.0,9,112.06,0.04308134905750613,33.85686239514545,0.32,0.38,0.06,18.75,2474,28.332065544464413,26.563112232055254,145.0,0.5,False,True,True,True,MSTR,2026-08-20,54.85,0.0,96.42857142857143,88.88888888888889,True,True,passed original surface,False,True,0.003081349057506129,2–8,3,3,0,0.06054818786889946,29.394966981973948,0.43,442,83.7027986773772,110.26591090943245,2.5759172455176387,2026-09-11,8.469206964952903,False
2026-08-28,150.0,9,112.06,0.04308134905750613,33.85686239514545,0.32,0.38,0.06,18.75,2474,28.332065544464413,26.563112232055254,145.0,0.5,False,True,True,True,MSTR,2026-08-20,54.85,0.0,96.42857142857143,88.88888888888889,True,True,passed original surface,False,True,0.003081349057506129,2–10,3,3,0,0.06054818786889946,29.394966981973948,0.43,442,83.7027986773772,110.26591090943245,2.5759172455176387,2026-09-11,8.469206964952903,False
2026-08-28,150.0,9,112.06,0.04308134905750613,33.85686239514545,0.32,0.38,0.06,18.75,2474,28.332065544464413,26.563112232055254,145.0,0.5,False,True,True,True,MSTR,2026-08-20,54.85,0.0,96.42857142857143,88.88888888888889,True,True,passed original surface,False,True,0.003081349057506129,1–10,3,3,0,0.06054818786889946,29.394966981973948,0.43,442,83.7027986773772,110.26591090943245,2.5759172455176387,2026-09-11,8.469206964952903,False
2026-08-28,150.0,9,112.06,0.04308134905750613,33.85686239514545,0.32,0.38,0.06,18.75,2474,28.332065544464413,26.563112232055254,145.0,0.5,False,True,True,True,MSTR,2026-08-20,54.85,0.0,96.42857142857143,88.88888888888889,True,True,passed original surface,False,True,0.003081349057506129,2–15,3,3,0,0.06054818786889946,29.394966981973948,0.43,442,83.7027986773772,110.26591090943245,2.5759172455176387,2026-09-11,8.469206964952903,False
2026-08-28,43.0,9,36.61,0.13019001858221535,17.45424747336792,0.26,0.3,0.03999999999999998,15.384615384615378,1042,9.438711421810575,7.600082437573851,42.5,0.38,False,False,True,False,SMCI,2026-08-20,52.46,3.9682539682539684,90.07936507936508,84.12698412698413,False,False,five-day return <=0; more than 5% below 20-day high,False,True,0.09019001858221534,2–15,1,1,0,0.14475414448663088,16.088500409724116,0.29,0,79.0632594174572,86.66334185503106,1.4058908112208726,2026-09-11,1.3845106602289659,False
2026-09-04,111.0,16,103.25,0.09674974193537332,7.506053268765123,0.23,0.27,0.04000000000000001,17.39130434782609,98,3.1542370808569364,2.5767631876615296,110.0,0.34,False,False,True,False,WMT,2026-08-20,36.83,2.7777777777777777,99.60317460317461,82.93650793650794,False,False,five-day return <=0; more than 5% below 20-day high,False,True,0.05674974193537332,2–10,1,0,1,0.12255779660235541,6.537530266343827,0.3,61,23.912493485222075,26.489256672883606,1.499247103141607,2026-09-11,0.9594046554305624,False
2026-09-04,111.0,16,103.25,0.09674974193537332,7.506053268765123,0.23,0.27,0.04000000000000001,17.39130434782609,98,3.1542370808569364,2.5767631876615296,110.0,0.34,False,False,True,False,WMT,2026-08-20,36.83,2.7777777777777777,99.60317460317461,82.93650793650794,False,False,five-day return <=0; more than 5% below 20-day high,False,True,0.05674974193537332,1–10,1,0,1,0.12255779660235541,6.537530266343827,0.3,61,23.912493485222075,26.489256672883606,1.499247103141607,2026-09-11,0.9594046554305624,False
2026-08-28,109.0,9,103.25,0.10131040383137012,5.56900726392251,0.2,0.22,0.01999999999999999,9.999999999999995,74,3.6350458086113258,3.2720770116871076,108.0,0.31,False,False,True,False,WMT,2026-08-20,36.83,2.7777777777777777,99.60317460317461,82.93650793650794,False,False,five-day return <=0; more than 5% below 20-day high,False,True,0.06131040383137012,2–15,4,2,2,0.1386901143817083,4.600484261501214,0.27,39,25.408613045943916,28.680690057631026,1.395796170819301,2026-09-11,3.2196439836625235,False
2026-08-28,365.0,8,304.41,0.016483514859666308,19.9040767386091,0.2,0.25,0.04999999999999999,24.999999999999993,250,12.120696752925731,11.037199948030473,362.5,0.5,False,False,True,False,APP,2026-08-21,15.21,5.158730158730159,86.9047619047619,27.77777777777778,False,False,kink rank <70; five-day return <=0; IVR outside 30–70; more than 5% below 20-day high,False,True,0.023516485140333693,1–10,1,1,0,0.018926547557763723,19.082815939029587,0.15,10,51.93706487108231,62.97426481911279,2.588606715520179,2026-09-11,5.030881776315532,False
2026-08-26,400.0,6,368.59,0.036573788380461575,8.521663637103561,0.27,0.3,0.02999999999999997,11.1111111111111,261,3.6395813520036735,3.256305932418452,397.5,0.4,False,True,True,True,AVGO,2026-08-21,23.23,2.7777777777777777,94.04761904761905,1.5873015873015872,False,False,kink rank <70; five-day return <=0; IVR outside 30–70; more than 5% below 20-day high; near-front earnings flag,True,True,0.003426211619538426,2–6,2,2,0,0.04840340646166621,7.843403239371671,0.3,47,36.114631246884464,39.37093717930292,1.8403990914008408,2026-09-11,-22.124900363522322,True
2026-08-26,400.0,6,368.59,0.036573788380461575,8.521663637103561,0.27,0.3,0.02999999999999997,11.1111111111111,261,3.6395813520036735,3.256305932418452,397.5,0.4,False,True,True,True,AVGO,2026-08-21,23.23,2.7777777777777777,94.04761904761905,1.5873015873015872,False,False,kink rank <70; five-day return <=0; IVR outside 30–70; more than 5% below 20-day high; near-front earnings flag,True,True,0.003426211619538426,2–8,3,3,0,0.04840340646166621,7.843403239371671,0.3,47,36.114631246884464,39.37093717930292,1.8403990914008408,2026-09-11,-22.124900363522322,True
2026-08-26,400.0,6,368.59,0.036573788380461575,8.521663637103561,0.27,0.3,0.02999999999999997,11.1111111111111,261,3.6395813520036735,3.256305932418452,397.5,0.4,False,True,True,True,AVGO,2026-08-21,23.23,2.7777777777777777,94.04761904761905,1.5873015873015872,False,False,kink rank <70; five-day return <=0; IVR outside 30–70; more than 5% below 20-day high; near-front earnings flag,True,True,0.003426211619538426,2–10,4,4,0,0.04840340646166621,7.843403239371671,0.3,47,36.114631246884464,39.37093717930292,1.8403990914008408,2026-09-11,-22.124900363522322,True
2026-08-26,400.0,6,368.59,0.036573788380461575,8.521663637103561,0.27,0.3,0.02999999999999997,11.1111111111111,261,3.6395813520036735,3.256305932418452,397.5,0.4,False,True,True,True,AVGO,2026-08-21,23.23,2.7777777777777777,94.04761904761905,1.5873015873015872,False,False,kink rank <70; five-day return <=0; IVR outside 30–70; more than 5% below 20-day high; near-front earnings flag,True,True,0.003426211619538426,1–10,4,4,0,0.04840340646166621,7.843403239371671,0.3,47,36.114631246884464,39.37093717930292,1.8403990914008408,2026-09-11,-22.124900363522322,True
2026-08-26,400.0,6,368.59,0.036573788380461575,8.521663637103561,0.27,0.3,0.02999999999999997,11.1111111111111,261,3.6395813520036735,3.256305932418452,397.5,0.4,False,True,True,True,AVGO,2026-08-21,23.23,2.7777777777777777,94.04761904761905,1.5873015873015872,False,False,kink rank <70; five-day return <=0; IVR outside 30–70; more than 5% below 20-day high; near-front earnings flag,True,True,0.003426211619538426,2–15,4,4,0,0.04840340646166621,7.843403239371671,0.3,47,36.114631246884464,39.37093717930292,1.8403990914008408,2026-09-11,-22.124900363522322,True
2026-09-04,145.0,15,119.45,0.040795159146101774,21.389702804520727,0.2,0.23,0.03,15.0,320,12.864155901003404,12.173526243861044,144.0,0.47,False,True,True,True,BABA,2026-08-21,48.85,30.555555555555557,90.47619047619048,60.317460317460316,False,False,kink rank <70; local RR rank >10; five-day return <=0; more than 5% below 20-day high,False,True,0.0007951591461017732,2–6,1,0,1,0.0438192683272948,20.5525324403516,0.16,0,42.25725605387532,54.43078229773636,2.49691788458616,2026-09-11,2.162511362729169,False
2026-08-28,135.0,8,119.45,0.06088813863770788,13.017999162829641,0.2,0.23,0.03,15.0,7409,11.774462048986766,10.96773126744992,134.0,0.26,False,False,True,False,BABA,2026-08-21,48.85,30.555555555555557,90.47619047619048,60.317460317460316,False,False,kink rank <70; local RR rank >10; five-day return <=0; more than 5% below 20-day high,False,True,0.02088813863770788,2–8,4,2,2,0.07065658639644157,12.180828798660514,0.23,346,42.48669756373046,53.45442883118038,2.06962996071401,2026-09-11,3.201351481330139,False
2026-08-28,135.0,8,119.45,0.06088813863770788,13.017999162829641,0.2,0.23,0.03,15.0,7409,11.774462048986766,10.96773126744992,134.0,0.26,False,False,True,False,BABA,2026-08-21,48.85,30.555555555555557,90.47619047619048,60.317460317460316,False,False,kink rank <70; local RR rank >10; five-day return <=0; more than 5% below 20-day high,False,True,0.02088813863770788,2–10,9,4,5,0.07065658639644157,12.180828798660514,0.23,346,42.48669756373046,53.45442883118038,2.06962996071401,2026-09-11,3.201351481330139,False
2026-08-28,135.0,8,119.45,0.06088813863770788,13.017999162829641,0.2,0.23,0.03,15.0,7409,11.774462048986766,10.96773126744992,134.0,0.26,False,False,True,False,BABA,2026-08-21,48.85,30.555555555555557,90.47619047619048,60.317460317460316,False,False,kink rank <70; local RR rank >10; five-day return <=0; more than 5% below 20-day high,False,True,0.02088813863770788,1–10,9,4,5,0.07065658639644157,12.180828798660514,0.23,346,42.48669756373046,53.45442883118038,2.06962996071401,2026-09-11,3.201351481330139,False
2026-08-28,135.0,8,119.45,0.06088813863770788,13.017999162829641,0.2,0.23,0.03,15.0,7409,11.774462048986766,10.96773126744992,134.0,0.26,False,False,True,False,BABA,2026-08-21,48.85,30.555555555555557,90.47619047619048,60.317460317460316,False,False,kink rank <70; local RR rank >10; five-day return <=0; more than 5% below 20-day high,False,True,0.02088813863770788,2–15,14,7,7,0.07065658639644157,12.180828798660514,0.23,346,42.48669756373046,53.45442883118038,2.06962996071401,2026-09-11,3.201351481330139,False
2026-08-28,235.0,8,185.09,0.04398414467129935,26.965260143713877,0.37,0.45,0.08000000000000002,21.621621621621625,110,23.989533135980157,22.31480157970369,230.0,0.6,False,True,True,True,COIN,2026-08-21,69.04,0.3968253968253968,97.22222222222223,69.04761904761905,False,False,kink rank <70,False,True,0.003984144671299351,2–6,5,5,0,0.05486758300480003,24.263871630017817,0.53,248,72.43333168056188,94.74813326026556,2.514592358642424,2026-09-11,5.032166878933664,False
2026-08-28,235.0,8,185.09,0.04398414467129935,26.965260143713877,0.37,0.45,0.08000000000000002,21.621621621621625,110,23.989533135980157,22.31480157970369,230.0,0.6,False,True,True,True,COIN,2026-08-21,69.04,0.3968253968253968,97.22222222222223,69.04761904761905,False,False,kink rank <70,False,True,0.003984144671299351,2–8,6,5,1,0.05486758300480003,24.263871630017817,0.53,248,72.43333168056188,94.74813326026556,2.514592358642424,2026-09-11,5.032166878933664,False
2026-08-28,235.0,8,185.09,0.04398414467129935,26.965260143713877,0.37,0.45,0.08000000000000002,21.621621621621625,110,23.989533135980157,22.31480157970369,230.0,0.6,False,True,True,True,COIN,2026-08-21,69.04,0.3968253968253968,97.22222222222223,69.04761904761905,False,False,kink rank <70,False,True,0.003984144671299351,2–10,7,6,1,0.05486758300480003,24.263871630017817,0.53,248,72.43333168056188,94.74813326026556,2.514592358642424,2026-09-11,5.032166878933664,False
2026-08-28,235.0,8,185.09,0.04398414467129935,26.965260143713877,0.37,0.45,0.08000000000000002,21.621621621621625,110,23.989533135980157,22.31480157970369,230.0,0.6,False,True,True,True,COIN,2026-08-21,69.04,0.3968253968253968,97.22222222222223,69.04761904761905,False,False,kink rank <70,False,True,0.003984144671299351,1–10,8,6,2,0.05486758300480003,24.263871630017817,0.53,248,72.43333168056188,94.74813326026556,2.514592358642424,2026-09-11,5.032166878933664,False
2026-08-28,235.0,8,185.09,0.04398414467129935,26.965260143713877,0.37,0.45,0.08000000000000002,21.621621621621625,110,23.989533135980157,22.31480157970369,230.0,0.6,False,True,True,True,COIN,2026-08-21,69.04,0.3968253968253968,97.22222222222223,69.04761904761905,False,False,kink rank <70,False,True,0.003984144671299351,2–15,8,7,1,0.05486758300480003,24.263871630017817,0.53,248,72.43333168056188,94.74813326026556,2.514592358642424,2026-09-11,5.032166878933664,False
2026-09-04,135.0,15,106.91,0.056796112610355005,26.274436441867,0.35,0.4,0.050000000000000044,14.285714285714299,231,8.407716688150257,7.393866925771386,130.0,0.65,False,True,True,True,HOOD,2026-08-21,45.04,4.365079365079365,88.88888888888889,61.507936507936506,False,False,kink rank <70,False,True,0.016796112610355005,2–6,1,0,1,0.09016603141493888,21.597605462538596,0.57,347,64.41806982103257,71.81193674680397,2.011993181434719,2026-09-11,1.759182636376766,False
2026-08-28,125.0,8,106.91,0.07330412804690913,16.920774483210188,0.33,0.4,0.07,21.21212121212121,1151,8.443232084154706,6.781277436193434,124.0,0.44,False,False,True,False,HOOD,2026-08-21,45.04,4.365079365079365,88.88888888888889,61.507936507936506,False,False,kink rank <70,False,True,0.033304128046909125,2–8,2,1,1,0.08263119666533161,15.985408287344494,0.38,146,67.22202365609238,74.00330109228581,1.7002394694214353,2026-09-11,4.61349849245638,False
2026-08-28,125.0,8,106.91,0.07330412804690913,16.920774483210188,0.33,0.4,0.07,21.21212121212121,1151,8.443232084154706,6.781277436193434,124.0,0.44,False,False,True,False,HOOD,2026-08-21,45.04,4.365079365079365,88.88888888888889,61.507936507936506,False,False,kink rank <70,False,True,0.033304128046909125,2–10,5,3,2,0.08263119666533161,15.985408287344494,0.38,146,67.22202365609238,74.00330109228581,1.7002394694214353,2026-09-11,4.61349849245638,False
2026-08-28,125.0,8,106.91,0.07330412804690913,16.920774483210188,0.33,0.4,0.07,21.21212121212121,1151,8.443232084154706,6.781277436193434,124.0,0.44,False,False,True,False,HOOD,2026-08-21,45.04,4.365079365079365,88.88888888888889,61.507936507936506,False,False,kink rank <70,False,True,0.033304128046909125,1–10,5,3,2,0.08263119666533161,15.985408287344494,0.38,146,67.22202365609238,74.00330109228581,1.7002394694214353,2026-09-11,4.61349849245638,False
2026-08-28,125.0,8,106.91,0.07330412804690913,16.920774483210188,0.33,0.4,0.07,21.21212121212121,1151,8.443232084154706,6.781277436193434,124.0,0.44,False,False,True,False,HOOD,2026-08-21,45.04,4.365079365079365,88.88888888888889,61.507936507936506,False,False,kink rank <70,False,True,0.033304128046909125,2–15,9,7,2,0.08263119666533161,15.985408287344494,0.38,146,67.22202365609238,74.00330109228581,1.7002394694214353,2026-09-11,4.61349849245638,False
2026-08-28,200.0,8,145.88,0.08094261109666785,37.09898546750754,1.15,1.25,0.10000000000000009,8.695652173913052,3562,29.41576913971229,27.898344289443155,197.5,1.6,False,False,True,False,MRNA,2026-08-21,40.76,9.920634920634921,98.01587301587301,96.82539682539682,False,True,more than 5% below 20-day high,False,True,0.04094261109666785,2–10,1,1,0,0.08876126069826171,35.38524814916371,1.01,10,127.35126046126686,155.24960475071,1.967706065099081,2026-09-11,27.905677713068865,False
2026-08-28,260.0,8,145.88,0.011071802908868776,78.2286811077598,0.22,0.25,0.03,13.636363636363635,1304,61.43692629108879,59.77833726526911,255.0,0.27,False,False,True,False,MRNA,2026-08-21,40.76,9.920634920634921,98.01587301587301,96.82539682539682,False,True,more than 5% below 20-day high,False,True,0.028928197091131223,1–10,2,2,0,0.014824546574605291,74.8012064710721,0.11,10,127.35126046126686,187.12959772653596,4.149198376738861,,,
2026-08-28,200.0,8,145.88,0.08094261109666785,37.09898546750754,1.15,1.25,0.10000000000000009,8.695652173913052,3562,29.41576913971229,27.898344289443155,197.5,1.6,False,False,True,False,MRNA,2026-08-21,40.76,9.920634920634921,98.01587301587301,96.82539682539682,False,True,more than 5% below 20-day high,False,True,0.04094261109666785,2–15,1,1,0,0.08876126069826171,35.38524814916371,1.01,10,127.35126046126686,155.24960475071,1.967706065099081,2026-09-11,27.905677713068865,False
2026-08-28,160.0,8,119.14,0.038284436013965265,34.29578646969951,0.26,0.32,0.06,23.076923076923077,442,33.33335716200053,31.17944131021281,155.0,0.39,False,True,True,True,MSTR,2026-08-21,55.29,0.3968253968253968,97.22222222222223,79.36507936507937,True,True,passed original surface,False,True,0.0017155639860347363,2–6,6,3,3,0.05408041129230371,30.09904314252141,0.34,1237,83.00035700983969,114.1797983200525,2.7910154774314075,2026-09-18,5.7311925398747965,False
2026-08-28,160.0,8,119.14,0.038284436013965265,34.29578646969951,0.26,0.32,0.06,23.076923076923077,442,33.33335716200053,31.17944131021281,155.0,0.39,False,True,True,True,MSTR,2026-08-21,55.29,0.3968253968253968,97.22222222222223,79.36507936507937,True,True,passed original surface,False,True,0.0017155639860347363,2–8,7,4,3,0.05408041129230371,30.09904314252141,0.34,1237,83.00035700983969,114.1797983200525,2.7910154774314075,2026-09-18,5.7311925398747965,False
2026-08-28,160.0,8,119.14,0.038284436013965265,34.29578646969951,0.26,0.32,0.06,23.076923076923077,442,33.33335716200053,31.17944131021281,155.0,0.39,False,True,True,True,MSTR,2026-08-21,55.29,0.3968253968253968,97.22222222222223,79.36507936507937,True,True,passed original surface,False,True,0.0017155639860347363,2–10,8,4,4,0.05408041129230371,30.09904314252141,0.34,1237,83.00035700983969,114.1797983200525,2.7910154774314075,2026-09-18,5.7311925398747965,False
2026-08-28,160.0,8,119.14,0.038284436013965265,34.29578646969951,0.26,0.32,0.06,23.076923076923077,442,33.33335716200053,31.17944131021281,155.0,0.39,False,True,True,True,MSTR,2026-08-21,55.29,0.3968253968253968,97.22222222222223,79.36507936507937,True,True,passed original surface,False,True,0.0017155639860347363,1–10,8,4,4,0.05408041129230371,30.09904314252141,0.34,1237,83.00035700983969,114.1797983200525,2.7910154774314075,2026-09-18,5.7311925398747965,False
2026-08-28,160.0,8,119.14,0.038284436013965265,34.29578646969951,0.26,0.32,0.06,23.076923076923077,442,33.33335716200053,31.17944131021281,155.0,0.39,False,True,True,True,MSTR,2026-08-21,55.29,0.3968253968253968,97.22222222222223,79.36507936507937,True,True,passed original surface,False,True,0.0017155639860347363,2–15,10,6,4,0.05408041129230371,30.09904314252141,0.34,1237,83.00035700983969,114.1797983200525,2.7910154774314075,2026-09-18,5.7311925398747965,False
2026-08-28,90.0,8,72.71,0.06380836110135686,23.779397606931663,0.25,0.34,0.09000000000000002,36.00000000000001,644,14.329631862483739,10.997799368955285,85.0,0.65,False,False,True,False,TEM,2026-08-21,69.45,0.7936507936507936,92.06349206349206,22.22222222222222,False,False,kink rank <70,False,True,0.02380836110135686,2–8,1,1,0,0.12644318930819223,16.902764406546567,0.48,276,85.33851677156105,96.33631614051633,1.8821628497792016,2026-09-18,-2.887136141962532,False
2026-08-28,90.0,8,72.71,0.06380836110135686,23.779397606931663,0.25,0.34,0.09000000000000002,36.00000000000001,644,14.329631862483739,10.997799368955285,85.0,0.65,False,False,True,False,TEM,2026-08-21,69.45,0.7936507936507936,92.06349206349206,22.22222222222222,False,False,kink rank <70,False,True,0.02380836110135686,2–10,1,1,0,0.12644318930819223,16.902764406546567,0.48,276,85.33851677156105,96.33631614051633,1.8821628497792016,2026-09-18,-2.887136141962532,False
2026-08-28,90.0,8,72.71,0.06380836110135686,23.779397606931663,0.25,0.34,0.09000000000000002,36.00000000000001,644,14.329631862483739,10.997799368955285,85.0,0.65,False,False,True,False,TEM,2026-08-21,69.45,0.7936507936507936,92.06349206349206,22.22222222222222,False,False,kink rank <70,False,True,0.02380836110135686,1–10,1,1,0,0.12644318930819223,16.902764406546567,0.48,276,85.33851677156105,96.33631614051633,1.8821628497792016,2026-09-18,-2.887136141962532,False
2026-08-28,90.0,8,72.71,0.06380836110135686,23.779397606931663,0.25,0.34,0.09000000000000002,36.00000000000001,644,14.329631862483739,10.997799368955285,85.0,0.65,False,False,True,False,TEM,2026-08-21,69.45,0.7936507936507936,92.06349206349206,22.22222222222222,False,False,kink rank <70,False,True,0.02380836110135686,2–15,1,1,0,0.12644318930819223,16.902764406546567,0.48,276,85.33851677156105,96.33631614051633,1.8821628497792016,2026-09-18,-2.887136141962532,False
2026-08-26,410.0,6,365.11,0.037565751613272004,12.294924817178376,0.28,0.29,0.009999999999999953,3.5714285714285547,152,12.365958943244692,12.214973481526858,405.0,0.38,False,True,True,True,TSLA,2026-08-21,19.62,44.04761904761905,86.11111111111111,83.33333333333333,False,False,local RR rank >10; IVR outside 30–70,False,True,0.002434248386727997,2–6,17,11,6,0.0508454839673392,10.925474514529853,0.36,98,40.522481484586805,52.73745496611366,2.3664680857500637,2026-09-11,3.9926052398864598,False
2026-08-26,410.0,6,365.11,0.037565751613272004,12.294924817178376,0.28,0.29,0.009999999999999953,3.5714285714285547,152,12.365958943244692,12.214973481526858,405.0,0.38,False,True,True,True,TSLA,2026-08-21,19.62,44.04761904761905,86.11111111111111,83.33333333333333,False,False,local RR rank >10; IVR outside 30–70,False,True,0.002434248386727997,2–8,23,15,8,0.0508454839673392,10.925474514529853,0.36,98,40.522481484586805,52.73745496611366,2.3664680857500637,2026-09-11,3.9926052398864598,False
2026-08-26,410.0,6,365.11,0.037565751613272004,12.294924817178376,0.28,0.29,0.009999999999999953,3.5714285714285547,152,12.365958943244692,12.214973481526858,405.0,0.38,False,True,True,True,TSLA,2026-08-21,19.62,44.04761904761905,86.11111111111111,83.33333333333333,False,False,local RR rank >10; IVR outside 30–70,False,True,0.002434248386727997,2–10,27,18,9,0.0508454839673392,10.925474514529853,0.36,98,40.522481484586805,52.73745496611366,2.3664680857500637,2026-09-11,3.9926052398864598,False
2026-08-26,410.0,6,365.11,0.037565751613272004,12.294924817178376,0.28,0.29,0.009999999999999953,3.5714285714285547,152,12.365958943244692,12.214973481526858,405.0,0.38,False,True,True,True,TSLA,2026-08-21,19.62,44.04761904761905,86.11111111111111,83.33333333333333,False,False,local RR rank >10; IVR outside 30–70,False,True,0.002434248386727997,1–10,31,20,11,0.0508454839673392,10.925474514529853,0.36,98,40.522481484586805,52.73745496611366,2.3664680857500637,2026-09-11,3.9926052398864598,False
2026-08-26,410.0,6,365.11,0.037565751613272004,12.294924817178376,0.28,0.29,0.009999999999999953,3.5714285714285547,152,12.365958943244692,12.214973481526858,405.0,0.38,False,True,True,True,TSLA,2026-08-21,19.62,44.04761904761905,86.11111111111111,83.33333333333333,False,False,local RR rank >10; IVR outside 30–70,False,True,0.002434248386727997,2–15,38,24,14,0.0508454839673392,10.925474514529853,0.36,98,40.522481484586805,52.73745496611366,2.3664680857500637,2026-09-11,3.9926052398864598,False
2026-08-28,900.0,5,810.77,0.010694226985300904,11.005587281226493,0.2,0.27,0.07,35.0,684,4.452461097664378,3.4835353565351834,895.0,0.53,False,False,True,False,CAT,2026-08-24,51.0,3.5714285714285716,98.41269841269842,61.111111111111114,False,False,kink rank <70; five-day return <=0; more than 5% below 20-day high,False,True,0.029305773014699096,1–10,1,1,0,0.01469115862140339,10.388889574108573,0.08,36,41.85948785217698,45.34302320871216,2.2463671625004804,2026-09-18,0.9937141004854377,False
2026-08-28,282.5,5,272.8,0.09427483124371817,3.5557184750732995,0.26,0.35,0.08999999999999997,34.615384615384606,119,3.798756085676752,2.797435973685747,280.0,0.57,False,False,True,False,JNJ,2026-08-24,60.75,4.365079365079365,93.25396825396825,77.77777777777777,True,True,passed original surface,False,True,0.05427483124371817,2–10,1,1,0,0.14712732857485225,2.639296187683282,0.41,534,23.560299821108433,26.35773579479418,1.2894603294098375,2026-09-18,3.238981062885693,False
2026-08-28,282.5,5,272.8,0.09427483124371817,3.5557184750732995,0.26,0.35,0.08999999999999997,34.615384615384606,119,3.798756085676752,2.797435973685747,280.0,0.57,False,False,True,False,JNJ,2026-08-24,60.75,4.365079365079365,93.25396825396825,77.77777777777777,True,True,passed original surface,False,True,0.05427483124371817,1–10,1,1,0,0.14712732857485225,2.639296187683282,0.41,534,23.560299821108433,26.35773579479418,1.2894603294098375,2026-09-18,3.238981062885693,False
2026-08-28,282.5,5,272.8,0.09427483124371817,3.5557184750732995,0.26,0.35,0.08999999999999997,34.615384615384606,119,3.798756085676752,2.797435973685747,280.0,0.57,False,False,True,False,JNJ,2026-08-24,60.75,4.365079365079365,93.25396825396825,77.77777777777777,True,True,passed original surface,False,True,0.05427483124371817,2–15,1,1,0,0.14712732857485225,2.639296187683282,0.41,534,23.560299821108433,26.35773579479418,1.2894603294098375,2026-09-18,3.238981062885693,False
2026-08-28,195.0,5,139.05,0.031546683919836865,40.237324703344115,0.26,0.36,0.09999999999999998,38.46153846153845,236,37.51364491431062,32.96468219617679,192.5,0.53,False,True,True,True,MRNA,2026-08-24,37.6,6.349206349206349,97.22222222222223,95.23809523809524,False,True,more than 5% below 20-day high,False,True,0.008453316080163135,2–6,1,1,0,0.03519252244182242,38.439410284070476,0.26,119,129.75380734676202,162.7184895429388,2.6495396165768765,2026-09-18,38.100964486388555,False
2026-08-28,195.0,5,139.05,0.031546683919836865,40.237324703344115,0.26,0.36,0.09999999999999998,38.46153846153845,236,37.51364491431062,32.96468219617679,192.5,0.53,False,True,True,True,MRNA,2026-08-24,37.6,6.349206349206349,97.22222222222223,95.23809523809524,False,True,more than 5% below 20-day high,False,True,0.008453316080163135,2–8,2,2,0,0.03519252244182242,38.439410284070476,0.26,119,129.75380734676202,162.7184895429388,2.6495396165768765,2026-09-18,38.100964486388555,False
2026-08-28,195.0,5,139.05,0.031546683919836865,40.237324703344115,0.26,0.36,0.09999999999999998,38.46153846153845,236,37.51364491431062,32.96468219617679,192.5,0.53,False,True,True,True,MRNA,2026-08-24,37.6,6.349206349206349,97.22222222222223,95.23809523809524,False,True,more than 5% below 20-day high,False,True,0.008453316080163135,2–10,2,2,0,0.03519252244182242,38.439410284070476,0.26,119,129.75380734676202,162.7184895429388,2.6495396165768765,2026-09-18,38.100964486388555,False
2026-08-28,195.0,5,139.05,0.031546683919836865,40.237324703344115,0.26,0.36,0.09999999999999998,38.46153846153845,236,37.51364491431062,32.96468219617679,192.5,0.53,False,True,True,True,MRNA,2026-08-24,37.6,6.349206349206349,97.22222222222223,95.23809523809524,False,True,more than 5% below 20-day high,False,True,0.008453316080163135,1–10,2,2,0,0.03519252244182242,38.439410284070476,0.26,119,129.75380734676202,162.7184895429388,2.6495396165768765,2026-09-18,38.100964486388555,False
2026-08-28,195.0,5,139.05,0.031546683919836865,40.237324703344115,0.26,0.36,0.09999999999999998,38.46153846153845,236,37.51364491431062,32.96468219617679,192.5,0.53,False,True,True,True,MRNA,2026-08-24,37.6,6.349206349206349,97.22222222222223,95.23809523809524,False,True,more than 5% below 20-day high,False,True,0.008453316080163135,2–15,2,2,0,0.03519252244182242,38.439410284070476,0.26,119,129.75380734676202,162.7184895429388,2.6495396165768765,2026-09-18,38.100964486388555,False
2026-08-28,155.0,5,122.28,0.03544676565846313,26.758259731763157,0.22,0.27,0.05000000000000002,22.727272727272734,2940,30.865946851056492,28.587463736219398,152.5,0.3,False,True,True,True,MSTR,2026-08-24,54.13,1.1904761904761905,94.84126984126983,98.01587301587301,True,True,passed original surface,False,True,0.0045532343415368715,2–6,7,5,2,0.04523728444960552,24.713771671573447,0.25,0,93.61565988625932,122.20312362247871,2.44214132169911,2026-09-18,17.899021938053504,False
2026-08-28,155.0,5,122.28,0.03544676565846313,26.758259731763157,0.22,0.27,0.05000000000000002,22.727272727272734,2940,30.865946851056492,28.587463736219398,152.5,0.3,False,True,True,True,MSTR,2026-08-24,54.13,1.1904761904761905,94.84126984126983,98.01587301587301,True,True,passed original surface,False,True,0.0045532343415368715,2–8,8,6,2,0.04523728444960552,24.713771671573447,0.25,0,93.61565988625932,122.20312362247871,2.44214132169911,2026-09-18,17.899021938053504,False
2026-08-28,155.0,5,122.28,0.03544676565846313,26.758259731763157,0.22,0.27,0.05000000000000002,22.727272727272734,2940,30.865946851056492,28.587463736219398,152.5,0.3,False,True,True,True,MSTR,2026-08-24,54.13,1.1904761904761905,94.84126984126983,98.01587301587301,True,True,passed original surface,False,True,0.0045532343415368715,2–10,9,7,2,0.04523728444960552,24.713771671573447,0.25,0,93.61565988625932,122.20312362247871,2.44214132169911,2026-09-18,17.899021938053504,False
2026-08-28,155.0,5,122.28,0.03544676565846313,26.758259731763157,0.22,0.27,0.05000000000000002,22.727272727272734,2940,30.865946851056492,28.587463736219398,152.5,0.3,False,True,True,True,MSTR,2026-08-24,54.13,1.1904761904761905,94.84126984126983,98.01587301587301,True,True,passed original surface,False,True,0.0045532343415368715,1–10,9,7,2,0.04523728444960552,24.713771671573447,0.25,0,93.61565988625932,122.20312362247871,2.44214132169911,2026-09-18,17.899021938053504,False
2026-08-28,155.0,5,122.28,0.03544676565846313,26.758259731763157,0.22,0.27,0.05000000000000002,22.727272727272734,2940,30.865946851056492,28.587463736219398,152.5,0.3,False,True,True,True,MSTR,2026-08-24,54.13,1.1904761904761905,94.84126984126983,98.01587301587301,True,True,passed original surface,False,True,0.0045532343415368715,2–15,12,9,3,0.04523728444960552,24.713771671573447,0.25,0,93.61565988625932,122.20312362247871,2.44214132169911,2026-09-18,17.899021938053504,False
2026-09-04,44.0,12,38.64,0.13413307628500615,13.871635610766052,0.24,0.32,0.08000000000000002,33.33333333333334,46,3.0537652022510797,0.3193411652788858,43.5,0.39,False,False,True,False,RBLX,2026-08-24,33.71,2.7777777777777777,91.26984126984127,76.98412698412699,False,True,more than 5% below 20-day high,False,True,0.09413307628500614,2–15,1,1,0,0.15665557931794252,12.577639751552795,0.27,0,60.922146557471414,61.2414877227503,1.2557647386886792,2026-09-18,-0.9563683111464827,False
2026-08-28,925.0,5,796.1,0.047099139659622064,16.191433237030516,1.45,1.55,0.10000000000000009,6.896551724137938,49,9.751663956399403,9.20523067307637,920.0,1.7,False,True,True,True,STX,2026-08-24,49.83,9.126984126984127,92.46031746031746,68.25396825396825,False,False,kink rank <70; five-day return <=0; more than 5% below 20-day high,False,True,0.007099139659622063,2–6,2,2,0,0.05303126346190432,15.563371435749286,1.6,112,76.17229405386963,85.377524726946,1.8161415241270351,2026-09-18,10.759557888902826,False
2026-08-28,925.0,5,796.1,0.047099139659622064,16.191433237030516,1.45,1.55,0.10000000000000009,6.896551724137938,49,9.751663956399403,9.20523067307637,920.0,1.7,False,True,True,True,STX,2026-08-24,49.83,9.126984126984127,92.46031746031746,68.25396825396825,False,False,kink rank <70; five-day return <=0; more than 5% below 20-day high,False,True,0.007099139659622063,2–8,3,3,0,0.05303126346190432,15.563371435749286,1.6,112,76.17229405386963,85.377524726946,1.8161415241270351,2026-09-18,10.759557888902826,False
2026-08-28,925.0,5,796.1,0.047099139659622064,16.191433237030516,1.45,1.55,0.10000000000000009,6.896551724137938,49,9.751663956399403,9.20523067307637,920.0,1.7,False,True,True,True,STX,2026-08-24,49.83,9.126984126984127,92.46031746031746,68.25396825396825,False,False,kink rank <70; five-day return <=0; more than 5% below 20-day high,False,True,0.007099139659622063,2–10,4,4,0,0.05303126346190432,15.563371435749286,1.6,112,76.17229405386963,85.377524726946,1.8161415241270351,2026-09-18,10.759557888902826,False
2026-08-28,925.0,5,796.1,0.047099139659622064,16.191433237030516,1.45,1.55,0.10000000000000009,6.896551724137938,49,9.751663956399403,9.20523067307637,920.0,1.7,False,True,True,True,STX,2026-08-24,49.83,9.126984126984127,92.46031746031746,68.25396825396825,False,False,kink rank <70; five-day return <=0; more than 5% below 20-day high,False,True,0.007099139659622063,1–10,4,4,0,0.05303126346190432,15.563371435749286,1.6,112,76.17229405386963,85.377524726946,1.8161415241270351,2026-09-18,10.759557888902826,False
2026-08-28,925.0,5,796.1,0.047099139659622064,16.191433237030516,1.45,1.55,0.10000000000000009,6.896551724137938,49,9.751663956399403,9.20523067307637,920.0,1.7,False,True,True,True,STX,2026-08-24,49.83,9.126984126984127,92.46031746031746,68.25396825396825,False,False,kink rank <70; five-day return <=0; more than 5% below 20-day high,False,True,0.007099139659622063,2–15,5,5,0,0.05303126346190432,15.563371435749286,1.6,112,76.17229405386963,85.377524726946,1.8161415241270351,2026-09-18,10.759557888902826,False
2026-09-04,375.0,10,309.52,0.026605896393539965,21.15533729645904,0.25,0.35,0.09999999999999998,39.99999999999999,1058,8.493709476652334,6.866613060816428,372.5,0.5,False,True,True,True,APP,2026-08-26,9.97,5.158730158730159,88.4920634920635,48.80952380952381,False,False,kink rank <70; five-day return <=0; IVR outside 30–70; more than 5% below 20-day high,False,True,0.013394103606460036,2–6,1,1,0,0.030134740229538052,20.34763504781598,0.3,10,52.9335727697821,59.80018583059853,2.414544303024445,2026-09-18,-2.2561590989316427,False
2026-09-04,375.0,10,309.52,0.026605896393539965,21.15533729645904,0.25,0.35,0.09999999999999998,39.99999999999999,1058,8.493709476652334,6.866613060816428,372.5,0.5,False,True,True,True,APP,2026-08-26,9.97,5.158730158730159,88.4920634920635,48.80952380952381,False,False,kink rank <70; five-day return <=0; IVR outside 30–70; more than 5% below 20-day high,False,True,0.013394103606460036,2–8,1,1,0,0.030134740229538052,20.34763504781598,0.3,10,52.9335727697821,59.80018583059853,2.414544303024445,2026-09-18,-2.2561590989316427,False
2026-09-04,375.0,10,309.52,0.026605896393539965,21.15533729645904,0.25,0.35,0.09999999999999998,39.99999999999999,1058,8.493709476652334,6.866613060816428,372.5,0.5,False,True,True,True,APP,2026-08-26,9.97,5.158730158730159,88.4920634920635,48.80952380952381,False,False,kink rank <70; five-day return <=0; IVR outside 30–70; more than 5% below 20-day high,False,True,0.013394103606460036,2–10,1,1,0,0.030134740229538052,20.34763504781598,0.3,10,52.9335727697821,59.80018583059853,2.414544303024445,2026-09-18,-2.2561590989316427,False
2026-09-04,375.0,10,309.52,0.026605896393539965,21.15533729645904,0.25,0.35,0.09999999999999998,39.99999999999999,1058,8.493709476652334,6.866613060816428,372.5,0.5,False,True,True,True,APP,2026-08-26,9.97,5.158730158730159,88.4920634920635,48.80952380952381,False,False,kink rank <70; five-day return <=0; IVR outside 30–70; more than 5% below 20-day high,False,True,0.013394103606460036,1–10,1,1,0,0.030134740229538052,20.34763504781598,0.3,10,52.9335727697821,59.80018583059853,2.414544303024445,2026-09-18,-2.2561590989316427,False
2026-09-04,375.0,10,309.52,0.026605896393539965,21.15533729645904,0.25,0.35,0.09999999999999998,39.99999999999999,1058,8.493709476652334,6.866613060816428,372.5,0.5,False,True,True,True,APP,2026-08-26,9.97,5.158730158730159,88.4920634920635,48.80952380952381,False,False,kink rank <70; five-day return <=0; IVR outside 30–70; more than 5% below 20-day high,False,True,0.013394103606460036,2–15,1,1,0,0.030134740229538052,20.34763504781598,0.3,10,52.9335727697821,59.80018583059853,2.414544303024445,2026-09-18,-2.2561590989316427,False
2026-08-31,392.5,6,354.52,0.035345289508443296,10.713076836285683,0.22,0.32,0.1,45.45454545454546,97,6.531011213753252,4.9979385937082625,390.0,0.48,False,True,True,True,AVGO,2026-08-26,20.27,1.9841269841269842,96.82539682539682,98.80952380952381,False,False,five-day return <=0; IVR outside 30–70; more than 5% below 20-day high; near-front earnings flag,True,True,0.0046547104915567045,2–6,1,1,0,0.04298398342910454,10.007898002933558,0.28,1194,40.77032454608735,45.768263139795614,2.0494666620861777,2026-09-18,-16.98690811704372,True
2026-08-31,392.5,6,354.52,0.035345289508443296,10.713076836285683,0.22,0.32,0.1,45.45454545454546,97,6.531011213753252,4.9979385937082625,390.0,0.48,False,True,True,True,AVGO,2026-08-26,20.27,1.9841269841269842,96.82539682539682,98.80952380952381,False,False,five-day return <=0; IVR outside 30–70; more than 5% below 20-day high; near-front earnings flag,True,True,0.0046547104915567045,2–8,1,1,0,0.04298398342910454,10.007898002933558,0.28,1194,40.77032454608735,45.768263139795614,2.0494666620861777,2026-09-18,-16.98690811704372,True
2026-08-31,392.5,6,354.52,0.035345289508443296,10.713076836285683,0.22,0.32,0.1,45.45454545454546,97,6.531011213753252,4.9979385937082625,390.0,0.48,False,True,True,True,AVGO,2026-08-26,20.27,1.9841269841269842,96.82539682539682,98.80952380952381,False,False,five-day return <=0; IVR outside 30–70; more than 5% below 20-day high; near-front earnings flag,True,True,0.0046547104915567045,2–10,1,1,0,0.04298398342910454,10.007898002933558,0.28,1194,40.77032454608735,45.768263139795614,2.0494666620861777,2026-09-18,-16.98690811704372,True
2026-08-31,392.5,6,354.52,0.035345289508443296,10.713076836285683,0.22,0.32,0.1,45.45454545454546,97,6.531011213753252,4.9979385937082625,390.0,0.48,False,True,True,True,AVGO,2026-08-26,20.27,1.9841269841269842,96.82539682539682,98.80952380952381,False,False,five-day return <=0; IVR outside 30–70; more than 5% below 20-day high; near-front earnings flag,True,True,0.0046547104915567045,1–10,1,1,0,0.04298398342910454,10.007898002933558,0.28,1194,40.77032454608735,45.768263139795614,2.0494666620861777,2026-09-18,-16.98690811704372,True
2026-08-31,392.5,6,354.52,0.035345289508443296,10.713076836285683,0.22,0.32,0.1,45.45454545454546,97,6.531011213753252,4.9979385937082625,390.0,0.48,False,True,True,True,AVGO,2026-08-26,20.27,1.9841269841269842,96.82539682539682,98.80952380952381,False,False,five-day return <=0; IVR outside 30–70; more than 5% below 20-day high; near-front earnings flag,True,True,0.0046547104915567045,2–15,1,1,0,0.04298398342910454,10.007898002933558,0.28,1194,40.77032454608735,45.768263139795614,2.0494666620861777,2026-09-18,-16.98690811704372,True
2026-08-31,242.5,6,209.6,0.037211206744883776,15.696564885496178,0.34,0.35,0.009999999999999953,2.9411764705882213,672,7.041627113434156,6.824826883736323,240.0,0.43,False,True,True,True,NVDA,2026-08-26,27.35,7.142857142857143,94.04761904761905,98.01587301587301,False,False,five-day return <=0; IVR outside 30–70; more than 5% below 20-day high,False,True,0.0027887932551162245,2–6,18,14,4,0.0488508234610625,14.503816793893144,0.42,4134,65.77621474632575,72.60104163006207,1.8612578796384485,2026-09-18,25.99382544006783,False
2026-08-31,242.5,6,209.6,0.037211206744883776,15.696564885496178,0.34,0.35,0.009999999999999953,2.9411764705882213,672,7.041627113434156,6.824826883736323,240.0,0.43,False,True,True,True,NVDA,2026-08-26,27.35,7.142857142857143,94.04761904761905,98.01587301587301,False,False,five-day return <=0; IVR outside 30–70; more than 5% below 20-day high,False,True,0.0027887932551162245,2–8,23,18,5,0.0488508234610625,14.503816793893144,0.42,4134,65.77621474632575,72.60104163006207,1.8612578796384485,2026-09-18,25.99382544006783,False
2026-08-31,242.5,6,209.6,0.037211206744883776,15.696564885496178,0.34,0.35,0.009999999999999953,2.9411764705882213,672,7.041627113434156,6.824826883736323,240.0,0.43,False,True,True,True,NVDA,2026-08-26,27.35,7.142857142857143,94.04761904761905,98.01587301587301,False,False,five-day return <=0; IVR outside 30–70; more than 5% below 20-day high,False,True,0.0027887932551162245,2–10,28,21,7,0.0488508234610625,14.503816793893144,0.42,4134,65.77621474632575,72.60104163006207,1.8612578796384485,2026-09-18,25.99382544006783,False
2026-08-31,242.5,6,209.6,0.037211206744883776,15.696564885496178,0.34,0.35,0.009999999999999953,2.9411764705882213,672,7.041627113434156,6.824826883736323,240.0,0.43,False,True,True,True,NVDA,2026-08-26,27.35,7.142857142857143,94.04761904761905,98.01587301587301,False,False,five-day return <=0; IVR outside 30–70; more than 5% below 20-day high,False,True,0.0027887932551162245,1–10,29,22,7,0.0488508234610625,14.503816793893144,0.42,4134,65.77621474632575,72.60104163006207,1.8612578796384485,2026-09-18,25.99382544006783,False
2026-08-31,242.5,6,209.6,0.037211206744883776,15.696564885496178,0.34,0.35,0.009999999999999953,2.9411764705882213,672,7.041627113434156,6.824826883736323,240.0,0.43,False,True,True,True,NVDA,2026-08-26,27.35,7.142857142857143,94.04761904761905,98.01587301587301,False,False,five-day return <=0; IVR outside 30–70; more than 5% below 20-day high,False,True,0.0027887932551162245,2–15,34,27,7,0.0488508234610625,14.503816793893144,0.42,4134,65.77621474632575,72.60104163006207,1.8612578796384485,2026-09-18,25.99382544006783,False
2026-09-04,84.0,9,74.42,0.08065645620164799,12.872883633431865,0.21,0.28,0.07000000000000003,33.33333333333336,85,3.2009538090346457,1.1967985743253973,83.0,0.34,False,False,True,False,CVNA,2026-08-27,25.03,2.380952380952381,90.47619047619048,37.698412698412696,False,False,kink rank <70; IVR outside 30–70,False,True,0.04065645620164799,2–10,1,1,0,0.10369621049116504,11.529158828271967,0.25,262,54.56833284018825,55.76513141451365,1.5023126887895983,2026-09-18,-0.7690866186642276,False
2026-09-04,84.0,9,74.42,0.08065645620164799,12.872883633431865,0.21,0.28,0.07000000000000003,33.33333333333336,85,3.2009538090346457,1.1967985743253973,83.0,0.34,False,False,True,False,CVNA,2026-08-27,25.03,2.380952380952381,90.47619047619048,37.698412698412696,False,False,kink rank <70; IVR outside 30–70,False,True,0.04065645620164799,1–10,1,1,0,0.10369621049116504,11.529158828271967,0.25,262,54.56833284018825,55.76513141451365,1.5023126887895983,2026-09-18,-0.7690866186642276,False
2026-09-04,84.0,9,74.42,0.08065645620164799,12.872883633431865,0.21,0.28,0.07000000000000003,33.33333333333336,85,3.2009538090346457,1.1967985743253973,83.0,0.34,False,False,True,False,CVNA,2026-08-27,25.03,2.380952380952381,90.47619047619048,37.698412698412696,False,False,kink rank <70; IVR outside 30–70,False,True,0.04065645620164799,2–15,1,1,0,0.10369621049116504,11.529158828271967,0.25,262,54.56833284018825,55.76513141451365,1.5023126887895983,2026-09-18,-0.7690866186642276,False
2026-09-04,131.0,9,110.04,0.056908000293247336,19.047619047619047,0.23,0.33,0.1,43.47826086956522,130,10.907676063747262,8.286851593734944,130.0,0.33,False,True,True,True,HOOD,2026-08-27,40.46,7.142857142857143,86.5079365079365,44.84126984126984,False,False,kink rank <70,False,True,0.016908000293247336,2–6,1,1,0,0.06470232435026758,18.138858596873852,0.26,1349,61.11099975178649,69.39785134552143,1.984935894911097,2026-09-18,-0.3345809506314579,False
2026-09-04,131.0,9,110.04,0.056908000293247336,19.047619047619047,0.23,0.33,0.1,43.47826086956522,130,10.907676063747262,8.286851593734944,130.0,0.33,False,True,True,True,HOOD,2026-08-27,40.46,7.142857142857143,86.5079365079365,44.84126984126984,False,False,kink rank <70,False,True,0.016908000293247336,2–8,3,2,1,0.06470232435026758,18.138858596873852,0.26,1349,61.11099975178649,69.39785134552143,1.984935894911097,2026-09-18,-0.3345809506314579,False
2026-09-04,131.0,9,110.04,0.056908000293247336,19.047619047619047,0.23,0.33,0.1,43.47826086956522,130,10.907676063747262,8.286851593734944,130.0,0.33,False,True,True,True,HOOD,2026-08-27,40.46,7.142857142857143,86.5079365079365,44.84126984126984,False,False,kink rank <70,False,True,0.016908000293247336,2–10,5,4,1,0.06470232435026758,18.138858596873852,0.26,1349,61.11099975178649,69.39785134552143,1.984935894911097,2026-09-18,-0.3345809506314579,False
2026-09-04,131.0,9,110.04,0.056908000293247336,19.047619047619047,0.23,0.33,0.1,43.47826086956522,130,10.907676063747262,8.286851593734944,130.0,0.33,False,True,True,True,HOOD,2026-08-27,40.46,7.142857142857143,86.5079365079365,44.84126984126984,False,False,kink rank <70,False,True,0.016908000293247336,1–10,5,4,1,0.06470232435026758,18.138858596873852,0.26,1349,61.11099975178649,69.39785134552143,1.984935894911097,2026-09-18,-0.3345809506314579,False
2026-09-04,131.0,9,110.04,0.056908000293247336,19.047619047619047,0.23,0.33,0.1,43.47826086956522,130,10.907676063747262,8.286851593734944,130.0,0.33,False,True,True,True,HOOD,2026-08-27,40.46,7.142857142857143,86.5079365079365,44.84126984126984,False,False,kink rank <70,False,True,0.016908000293247336,2–15,8,6,2,0.06470232435026758,18.138858596873852,0.26,1349,61.11099975178649,69.39785134552143,1.984935894911097,2026-09-18,-0.3345809506314579,False
2026-09-04,180.0,9,137.07,0.044111264731187906,31.319763624425477,0.34,0.42,0.07999999999999996,23.52941176470587,514,27.69918919704921,25.73764031656074,175.0,0.53,False,True,True,True,MSTR,2026-08-27,48.07,2.7777777777777777,96.03174603174604,1.5873015873015872,False,False,kink rank <70,False,True,0.004111264731187905,2–6,3,3,0,0.057885777491179374,27.671992412635895,0.5,1092,76.35200565777251,102.08964597433325,2.612300920029413,2026-09-18,-1.7126810485784905,False
2026-09-04,180.0,9,137.07,0.044111264731187906,31.319763624425477,0.34,0.42,0.07999999999999996,23.52941176470587,514,27.69918919704921,25.73764031656074,175.0,0.53,False,True,True,True,MSTR,2026-08-27,48.07,2.7777777777777777,96.03174603174604,1.5873015873015872,False,False,kink rank <70,False,True,0.004111264731187905,2–8,4,4,0,0.057885777491179374,27.671992412635895,0.5,1092,76.35200565777251,102.08964597433325,2.612300920029413,2026-09-18,-1.7126810485784905,False
2026-09-04,180.0,9,137.07,0.044111264731187906,31.319763624425477,0.34,0.42,0.07999999999999996,23.52941176470587,514,27.69918919704921,25.73764031656074,175.0,0.53,False,True,True,True,MSTR,2026-08-27,48.07,2.7777777777777777,96.03174603174604,1.5873015873015872,False,False,kink rank <70,False,True,0.004111264731187905,2–10,5,4,1,0.057885777491179374,27.671992412635895,0.5,1092,76.35200565777251,102.08964597433325,2.612300920029413,2026-09-18,-1.7126810485784905,False
2026-09-04,180.0,9,137.07,0.044111264731187906,31.319763624425477,0.34,0.42,0.07999999999999996,23.52941176470587,514,27.69918919704921,25.73764031656074,175.0,0.53,False,True,True,True,MSTR,2026-08-27,48.07,2.7777777777777777,96.03174603174604,1.5873015873015872,False,False,kink rank <70,False,True,0.004111264731187905,1–10,5,4,1,0.057885777491179374,27.671992412635895,0.5,1092,76.35200565777251,102.08964597433325,2.612300920029413,2026-09-18,-1.7126810485784905,False
2026-09-04,180.0,9,137.07,0.044111264731187906,31.319763624425477,0.34,0.42,0.07999999999999996,23.52941176470587,514,27.69918919704921,25.73764031656074,175.0,0.53,False,True,True,True,MSTR,2026-08-27,48.07,2.7777777777777777,96.03174603174604,1.5873015873015872,False,False,kink rank <70,False,True,0.004111264731187905,2–15,5,4,1,0.057885777491179374,27.671992412635895,0.5,1092,76.35200565777251,102.08964597433325,2.612300920029413,2026-09-18,-1.7126810485784905,False
2026-09-04,275.0,8,212.26,0.036420390218325535,29.55808913596534,0.31,0.4,0.09000000000000002,29.032258064516135,2595,15.316176850742934,13.203139753532833,272.5,0.63,False,True,True,True,BE,2026-08-28,0.0,13.095238095238095,86.9047619047619,71.03174603174604,False,False,local RR rank >10; IVR outside 30–70; more than 5% below 20-day high,False,True,0.0035796097816744657,2–6,2,2,0,0.039716555796317096,28.380288325638368,0.35,1764,82.45150460241766,95.6546443559505,2.4214706419196355,2026-09-18,4.365658856937149,False
2026-09-04,275.0,8,212.26,0.036420390218325535,29.55808913596534,0.31,0.4,0.09000000000000002,29.032258064516135,2595,15.316176850742934,13.203139753532833,272.5,0.63,False,True,True,True,BE,2026-08-28,0.0,13.095238095238095,86.9047619047619,71.03174603174604,False,False,local RR rank >10; IVR outside 30–70; more than 5% below 20-day high,False,True,0.0035796097816744657,2–8,3,3,0,0.039716555796317096,28.380288325638368,0.35,1764,82.45150460241766,95.6546443559505,2.4214706419196355,2026-09-18,4.365658856937149,False
2026-09-04,275.0,8,212.26,0.036420390218325535,29.55808913596534,0.31,0.4,0.09000000000000002,29.032258064516135,2595,15.316176850742934,13.203139753532833,272.5,0.63,False,True,True,True,BE,2026-08-28,0.0,13.095238095238095,86.9047619047619,71.03174603174604,False,False,local RR rank >10; IVR outside 30–70; more than 5% below 20-day high,False,True,0.0035796097816744657,2–10,5,5,0,0.039716555796317096,28.380288325638368,0.35,1764,82.45150460241766,95.6546443559505,2.4214706419196355,2026-09-18,4.365658856937149,False
2026-09-04,275.0,8,212.26,0.036420390218325535,29.55808913596534,0.31,0.4,0.09000000000000002,29.032258064516135,2595,15.316176850742934,13.203139753532833,272.5,0.63,False,True,True,True,BE,2026-08-28,0.0,13.095238095238095,86.9047619047619,71.03174603174604,False,False,local RR rank >10; IVR outside 30–70; more than 5% below 20-day high,False,True,0.0035796097816744657,1–10,5,5,0,0.039716555796317096,28.380288325638368,0.35,1764,82.45150460241766,95.6546443559505,2.4214706419196355,2026-09-18,4.365658856937149,False
2026-09-04,275.0,8,212.26,0.036420390218325535,29.55808913596534,0.31,0.4,0.09000000000000002,29.032258064516135,2595,15.316176850742934,13.203139753532833,272.5,0.63,False,True,True,True,BE,2026-08-28,0.0,13.095238095238095,86.9047619047619,71.03174603174604,False,False,local RR rank >10; IVR outside 30–70; more than 5% below 20-day high,False,True,0.0035796097816744657,2–15,9,9,0,0.039716555796317096,28.380288325638368,0.35,1764,82.45150460241766,95.6546443559505,2.4214706419196355,2026-09-18,4.365658856937149,False
2026-09-04,262.5,8,209.54,0.03894036923256492,25.27441061372531,0.36,0.46,0.10000000000000003,27.77777777777779,190,14.829717133193698,12.867955478195793,260.0,0.52,False,True,True,True,NBIS,2026-08-28,18.07,25.396825396825395,86.11111111111111,29.761904761904763,False,False,kink rank <70; local RR rank >10; five-day return <=0; IVR outside 30–70; more than 5% below 20-day high,False,True,0.0010596307674350797,2–6,3,2,1,0.043372123281592206,24.081320988832687,0.4,941,75.11970833449166,87.98766381268746,2.2726292006211417,2026-09-18,-6.769664067976933,False
2026-09-04,262.5,8,209.54,0.03894036923256492,25.27441061372531,0.36,0.46,0.10000000000000003,27.77777777777779,190,14.829717133193698,12.867955478195793,260.0,0.52,False,True,True,True,NBIS,2026-08-28,18.07,25.396825396825395,86.11111111111111,29.761904761904763,False,False,kink rank <70; local RR rank >10; five-day return <=0; IVR outside 30–70; more than 5% below 20-day high,False,True,0.0010596307674350797,2–8,5,4,1,0.043372123281592206,24.081320988832687,0.4,941,75.11970833449166,87.98766381268746,2.2726292006211417,2026-09-18,-6.769664067976933,False
2026-09-04,262.5,8,209.54,0.03894036923256492,25.27441061372531,0.36,0.46,0.10000000000000003,27.77777777777779,190,14.829717133193698,12.867955478195793,260.0,0.52,False,True,True,True,NBIS,2026-08-28,18.07,25.396825396825395,86.11111111111111,29.761904761904763,False,False,kink rank <70; local RR rank >10; five-day return <=0; IVR outside 30–70; more than 5% below 20-day high,False,True,0.0010596307674350797,2–10,5,4,1,0.043372123281592206,24.081320988832687,0.4,941,75.11970833449166,87.98766381268746,2.2726292006211417,2026-09-18,-6.769664067976933,False
2026-09-04,262.5,8,209.54,0.03894036923256492,25.27441061372531,0.36,0.46,0.10000000000000003,27.77777777777779,190,14.829717133193698,12.867955478195793,260.0,0.52,False,True,True,True,NBIS,2026-08-28,18.07,25.396825396825395,86.11111111111111,29.761904761904763,False,False,kink rank <70; local RR rank >10; five-day return <=0; IVR outside 30–70; more than 5% below 20-day high,False,True,0.0010596307674350797,1–10,5,4,1,0.043372123281592206,24.081320988832687,0.4,941,75.11970833449166,87.98766381268746,2.2726292006211417,2026-09-18,-6.769664067976933,False
2026-09-04,262.5,8,209.54,0.03894036923256492,25.27441061372531,0.36,0.46,0.10000000000000003,27.77777777777779,190,14.829717133193698,12.867955478195793,260.0,0.52,False,True,True,True,NBIS,2026-08-28,18.07,25.396825396825395,86.11111111111111,29.761904761904763,False,False,kink rank <70; local RR rank >10; five-day return <=0; IVR outside 30–70; more than 5% below 20-day high,False,True,0.0010596307674350797,2–15,5,4,1,0.043372123281592206,24.081320988832687,0.4,941,75.11970833449166,87.98766381268746,2.2726292006211417,2026-09-18,-6.769664067976933,False
2026-09-04,237.5,8,216.99,0.05498019461935777,9.452048481496833,0.24,0.25,0.010000000000000009,4.1666666666666705,7703,4.755769824154532,4.605483871171312,235.0,0.34,False,True,True,True,NVDA,2026-08-28,7.08,12.698412698412698,90.07936507936508,80.55555555555556,False,False,local RR rank >10; IVR outside 30–70,False,True,0.014980194619357769,2–6,4,1,3,0.07274416556851329,8.299921655375808,0.33,137917,34.13850780862,38.743991679791314,1.8701775747004237,2026-09-18,2.6479630709673794,False
2026-09-02,232.5,6,216.99,0.07900601692928158,7.1477948292548055,0.25,0.26,0.010000000000000009,4.0000000000000036,2410,4.887987326279303,4.732599701057988,230.0,0.37,False,False,True,False,NVDA,2026-08-28,7.08,12.698412698412698,90.07936507936508,80.55555555555556,False,False,local RR rank >10; IVR outside 30–70,False,True,0.03900601692928158,2–8,8,3,5,0.11139325451021492,5.995668003133781,0.36,4834,32.787265801869744,37.51986550292773,1.7003474857653402,2026-09-18,2.5147573349349637,False
2026-09-02,232.5,6,216.99,0.07900601692928158,7.1477948292548055,0.25,0.26,0.010000000000000009,4.0000000000000036,2410,4.887987326279303,4.732599701057988,230.0,0.37,False,False,True,False,NVDA,2026-08-28,7.08,12.698412698412698,90.07936507936508,80.55555555555556,False,False,local RR rank >10; IVR outside 30–70,False,True,0.03900601692928158,2–10,10,4,6,0.11139325451021492,5.995668003133781,0.36,4834,32.787265801869744,37.51986550292773,1.7003474857653402,2026-09-18,2.5147573349349637,False
2026-09-02,232.5,6,216.99,0.07900601692928158,7.1477948292548055,0.25,0.26,0.010000000000000009,4.0000000000000036,2410,4.887987326279303,4.732599701057988,230.0,0.37,False,False,True,False,NVDA,2026-08-28,7.08,12.698412698412698,90.07936507936508,80.55555555555556,False,False,local RR rank >10; IVR outside 30–70,False,True,0.03900601692928158,1–10,10,4,6,0.11139325451021492,5.995668003133781,0.36,4834,32.787265801869744,37.51986550292773,1.7003474857653402,2026-09-18,2.5147573349349637,False
2026-09-02,232.5,6,216.99,0.07900601692928158,7.1477948292548055,0.25,0.26,0.010000000000000009,4.0000000000000036,2410,4.887987326279303,4.732599701057988,230.0,0.37,False,False,True,False,NVDA,2026-08-28,7.08,12.698412698412698,90.07936507936508,80.55555555555556,False,False,local RR rank >10; IVR outside 30–70,False,True,0.03900601692928158,2–15,12,5,7,0.11139325451021492,5.995668003133781,0.36,4834,32.787265801869744,37.51986550292773,1.7003474857653402,2026-09-18,2.5147573349349637,False
2026-09-11,44.0,15,38.3,0.1101272475115522,14.882506527415163,0.2,0.25,0.04999999999999999,24.999999999999993,133,3.9448254687655226,2.241352788553208,43.5,0.51,False,False,True,False,RBLX,2026-08-28,29.12,9.126984126984127,92.85714285714286,51.98412698412698,False,False,kink rank <70; five-day return <=0; IVR outside 30–70,False,True,0.0701272475115522,2–15,1,0,1,0.13031417539994256,13.577023498694519,0.11,1,51.679406019419574,53.92075880797278,1.420559310797986,2026-09-18,-3.6060850792283494,False
2026-09-18,570.0,19,458.58,0.04145454130889273,24.29674211696977,0.9,0.99,0.08999999999999997,9.999999999999996,535,7.188555053274137,6.738045292949179,560.0,1.38,False,True,True,True,AMAT,2026-08-31,32.05,3.9682539682539684,87.6984126984127,8.333333333333334,False,False,kink rank <70; five-day return <=0; more than 5% below 20-day high,False,True,0.0014545413088927275,2–6,2,0,2,0.052885680010015375,22.116097518426447,1.07,624,47.76913332851082,54.50717862145999,2.229309228894226,2026-09-25,-2.095125668950981,False
2026-09-18,570.0,19,458.58,0.04145454130889273,24.29674211696977,0.9,0.99,0.08999999999999997,9.999999999999996,535,7.188555053274137,6.738045292949179,560.0,1.38,False,True,True,True,AMAT,2026-08-31,32.05,3.9682539682539684,87.6984126984127,8.333333333333334,False,False,kink rank <70; five-day return <=0; more than 5% below 20-day high,False,True,0.0014545413088927275,2–8,2,0,2,0.052885680010015375,22.116097518426447,1.07,624,47.76913332851082,54.50717862145999,2.229309228894226,2026-09-25,-2.095125668950981,False
2026-09-18,570.0,19,458.58,0.04145454130889273,24.29674211696977,0.9,0.99,0.08999999999999997,9.999999999999996,535,7.188555053274137,6.738045292949179,560.0,1.38,False,True,True,True,AMAT,2026-08-31,32.05,3.9682539682539684,87.6984126984127,8.333333333333334,False,False,kink rank <70; five-day return <=0; more than 5% below 20-day high,False,True,0.0014545413088927275,2–10,2,0,2,0.052885680010015375,22.116097518426447,1.07,624,47.76913332851082,54.50717862145999,2.229309228894226,2026-09-25,-2.095125668950981,False
2026-09-18,570.0,19,458.58,0.04145454130889273,24.29674211696977,0.9,0.99,0.08999999999999997,9.999999999999996,535,7.188555053274137,6.738045292949179,560.0,1.38,False,True,True,True,AMAT,2026-08-31,32.05,3.9682539682539684,87.6984126984127,8.333333333333334,False,False,kink rank <70; five-day return <=0; more than 5% below 20-day high,False,True,0.0014545413088927275,1–10,2,0,2,0.052885680010015375,22.116097518426447,1.07,624,47.76913332851082,54.50717862145999,2.229309228894226,2026-09-25,-2.095125668950981,False
2026-09-18,570.0,19,458.58,0.04145454130889273,24.29674211696977,0.9,0.99,0.08999999999999997,9.999999999999996,535,7.188555053274137,6.738045292949179,560.0,1.38,False,True,True,True,AMAT,2026-08-31,32.05,3.9682539682539684,87.6984126984127,8.333333333333334,False,False,kink rank <70; five-day return <=0; more than 5% below 20-day high,False,True,0.0014545413088927275,2–15,2,0,2,0.052885680010015375,22.116097518426447,1.07,624,47.76913332851082,54.50717862145999,2.229309228894226,2026-09-25,-2.095125668950981,False
2026-09-18,285.0,19,265.25,0.06073595224112311,7.445805843543818,0.3,0.33,0.030000000000000027,10.000000000000009,2806,2.8663292455764156,2.6498567821613,282.5,0.54,False,False,True,False,MCD,2026-08-31,55.22,3.5714285714285716,93.25396825396825,51.19047619047619,False,False,kink rank <70; five-day return <=0,False,True,0.02073595224112311,2–8,1,0,1,0.08171067459103674,6.503298774740807,0.31,91,18.795364468918564,21.445221251079865,1.7363232770825128,2026-09-25,-0.29555807309606663,False
2026-09-04,272.5,5,265.25,0.0825937854988357,2.7332704995287394,0.23,0.33,0.1,43.47826086956522,429,4.7160316140558045,3.6222297157431664,270.0,0.52,False,False,True,False,MCD,2026-08-31,55.22,3.5714285714285716,93.25396825396825,51.19047619047619,False,False,kink rank <70; five-day return <=0,False,True,0.0425937854988357,2–10,2,1,1,0.15411935313909858,1.790763430725728,0.45,2210,19.186205077119816,22.808434792862982,1.2171804320380575,2026-09-25,1.3482162057417009,False
2026-09-04,272.5,5,265.25,0.0825937854988357,2.7332704995287394,0.23,0.33,0.1,43.47826086956522,429,4.7160316140558045,3.6222297157431664,270.0,0.52,False,False,True,False,MCD,2026-08-31,55.22,3.5714285714285716,93.25396825396825,51.19047619047619,False,False,kink rank <70; five-day return <=0,False,True,0.0425937854988357,1–10,2,1,1,0.15411935313909858,1.790763430725728,0.45,2210,19.186205077119816,22.808434792862982,1.2171804320380575,2026-09-25,1.3482162057417009,False
2026-09-04,272.5,5,265.25,0.0825937854988357,2.7332704995287394,0.23,0.33,0.1,43.47826086956522,429,4.7160316140558045,3.6222297157431664,270.0,0.52,False,False,True,False,MCD,2026-08-31,55.22,3.5714285714285716,93.25396825396825,51.19047619047619,False,False,kink rank <70; five-day return <=0,False,True,0.0425937854988357,2–15,2,1,1,0.15411935313909858,1.790763430725728,0.45,2210,19.186205077119816,22.808434792862982,1.2171804320380575,2026-09-25,1.3482162057417009,False
2026-09-04,160.0,5,132.56,0.042562422916518385,20.70006035003018,0.23,0.25,0.01999999999999999,8.69565217391304,1895,21.81830124936408,21.06196646617149,157.5,0.33,False,True,True,True,MSTR,2026-08-31,40.34,3.5714285714285716,86.11111111111111,73.80952380952381,True,True,passed original surface,False,True,0.0025624229165183837,2–6,7,4,3,0.05383734700893342,18.814121907060954,0.29,349,79.85534579003189,100.91731225620337,2.214772115870468,2026-09-25,10.618883196124685,False
2026-09-04,160.0,5,132.56,0.042562422916518385,20.70006035003018,0.23,0.25,0.01999999999999999,8.69565217391304,1895,21.81830124936408,21.06196646617149,157.5,0.33,False,True,True,True,MSTR,2026-08-31,40.34,3.5714285714285716,86.11111111111111,73.80952380952381,True,True,passed original surface,False,True,0.0025624229165183837,2–8,10,6,4,0.05383734700893342,18.814121907060954,0.29,349,79.85534579003189,100.91731225620337,2.214772115870468,2026-09-25,10.618883196124685,False
2026-09-04,160.0,5,132.56,0.042562422916518385,20.70006035003018,0.23,0.25,0.01999999999999999,8.69565217391304,1895,21.81830124936408,21.06196646617149,157.5,0.33,False,True,True,True,MSTR,2026-08-31,40.34,3.5714285714285716,86.11111111111111,73.80952380952381,True,True,passed original surface,False,True,0.0025624229165183837,2–10,12,7,5,0.05383734700893342,18.814121907060954,0.29,349,79.85534579003189,100.91731225620337,2.214772115870468,2026-09-25,10.618883196124685,False
2026-09-04,160.0,5,132.56,0.042562422916518385,20.70006035003018,0.23,0.25,0.01999999999999999,8.69565217391304,1895,21.81830124936408,21.06196646617149,157.5,0.33,False,True,True,True,MSTR,2026-08-31,40.34,3.5714285714285716,86.11111111111111,73.80952380952381,True,True,passed original surface,False,True,0.0025624229165183837,1–10,12,7,5,0.05383734700893342,18.814121907060954,0.29,349,79.85534579003189,100.91731225620337,2.214772115870468,2026-09-25,10.618883196124685,False
2026-09-04,160.0,5,132.56,0.042562422916518385,20.70006035003018,0.23,0.25,0.01999999999999999,8.69565217391304,1895,21.81830124936408,21.06196646617149,157.5,0.33,False,True,True,True,MSTR,2026-08-31,40.34,3.5714285714285716,86.11111111111111,73.80952380952381,True,True,passed original surface,False,True,0.0025624229165183837,2–15,18,12,6,0.05383734700893342,18.814121907060954,0.29,349,79.85534579003189,100.91731225620337,2.214772115870468,2026-09-25,10.618883196124685,False
2026-09-11,362.5,11,331.15,0.03625058326553793,9.467008908349705,0.24,0.31,0.07,29.166666666666668,516,5.318179493785863,4.6046691985231645,360.0,0.33,False,True,True,True,GOOG,2026-09-01,14.57,13.492063492063492,88.4920634920635,32.53968253968254,False,False,kink rank <70; local RR rank >10; five-day return <=0; IVR outside 30–70; more than 5% below 20-day high,False,True,0.003749416734462073,2–6,8,4,4,0.04698987215016598,8.712064019326604,0.3,3215,25.44188270649739,30.046551905020554,2.143451343059441,2026-09-25,-1.7559669523968313,False
2026-09-11,362.5,11,331.15,0.03625058326553793,9.467008908349705,0.24,0.31,0.07,29.166666666666668,516,5.318179493785863,4.6046691985231645,360.0,0.33,False,True,True,True,GOOG,2026-09-01,14.57,13.492063492063492,88.4920634920635,32.53968253968254,False,False,kink rank <70; local RR rank >10; five-day return <=0; IVR outside 30–70; more than 5% below 20-day high,False,True,0.003749416734462073,2–8,10,5,5,0.04698987215016598,8.712064019326604,0.3,3215,25.44188270649739,30.046551905020554,2.143451343059441,2026-09-25,-1.7559669523968313,False
2026-09-11,362.5,11,331.15,0.03625058326553793,9.467008908349705,0.24,0.31,0.07,29.166666666666668,516,5.318179493785863,4.6046691985231645,360.0,0.33,False,True,True,True,GOOG,2026-09-01,14.57,13.492063492063492,88.4920634920635,32.53968253968254,False,False,kink rank <70; local RR rank >10; five-day return <=0; IVR outside 30–70; more than 5% below 20-day high,False,True,0.003749416734462073,2–10,11,6,5,0.04698987215016598,8.712064019326604,0.3,3215,25.44188270649739,30.046551905020554,2.143451343059441,2026-09-25,-1.7559669523968313,False
2026-09-11,362.5,11,331.15,0.03625058326553793,9.467008908349705,0.24,0.31,0.07,29.166666666666668,516,5.318179493785863,4.6046691985231645,360.0,0.33,False,True,True,True,GOOG,2026-09-01,14.57,13.492063492063492,88.4920634920635,32.53968253968254,False,False,kink rank <70; local RR rank >10; five-day return <=0; IVR outside 30–70; more than 5% below 20-day high,False,True,0.003749416734462073,1–10,11,6,5,0.04698987215016598,8.712064019326604,0.3,3215,25.44188270649739,30.046551905020554,2.143451343059441,2026-09-25,-1.7559669523968313,False
2026-09-11,362.5,11,331.15,0.03625058326553793,9.467008908349705,0.24,0.31,0.07,29.166666666666668,516,5.318179493785863,4.6046691985231645,360.0,0.33,False,True,True,True,GOOG,2026-09-01,14.57,13.492063492063492,88.4920634920635,32.53968253968254,False,False,kink rank <70; local RR rank >10; five-day return <=0; IVR outside 30–70; more than 5% below 20-day high,False,True,0.003749416734462073,2–15,11,6,5,0.04698987215016598,8.712064019326604,0.3,3215,25.44188270649739,30.046551905020554,2.143451343059441,2026-09-25,-1.7559669523968313,False
2026-09-18,48.0,18,40.7,0.12764178787538136,17.936117936117935,0.3,0.38,0.08000000000000002,26.66666666666667,75,6.432068989858131,4.274062842428695,47.5,0.48,False,False,True,False,RBLX,2026-09-01,34.23,10.714285714285714,86.11111111111111,64.28571428571429,False,False,kink rank <70; local RR rank >10,False,True,0.08764178787538135,2–15,1,0,1,0.14303447726045643,16.70761670761669,0.31,6054,57.1936756057996,61.467738448228296,1.4121818413377816,2026-09-25,0.07641246736606044,False
2026-09-11,455.0,10,367.9,0.03875074459623167,23.674911660777397,0.72,0.81,0.09000000000000008,12.50000000000001,264,5.5909923664797745,4.79487450467333,452.5,0.9,False,True,True,True,AVGO,2026-09-02,22.03,3.5714285714285716,91.66666666666667,98.01587301587301,False,True,IVR outside 30–70; more than 5% below 20-day high,False,True,0.001249255403768329,2–6,6,4,2,0.04292633297792742,22.995379179124775,0.67,148,70.78612624502034,75.58100074969367,2.0206293322774362,2026-09-25,17.03303073454866,False
2026-09-09,440.0,8,367.9,0.06192371283088814,19.597716770861663,1.09,1.16,0.06999999999999984,6.422018348623839,402,4.405917968758333,3.88976492874451,437.5,1.3,False,False,True,False,AVGO,2026-09-02,22.03,3.5714285714285716,91.66666666666667,98.01587301587301,False,True,IVR outside 30–70; more than 5% below 20-day high,False,True,0.02192371283088814,2–8,8,5,3,0.0686109526209448,18.918184289209037,1.04,35,77.41364805159175,81.30341298033625,1.7099735074111821,2026-09-25,24.634920483667322,False
2026-09-09,440.0,8,367.9,0.06192371283088814,19.597716770861663,1.09,1.16,0.06999999999999984,6.422018348623839,402,4.405917968758333,3.88976492874451,437.5,1.3,False,False,True,False,AVGO,2026-09-02,22.03,3.5714285714285716,91.66666666666667,98.01587301587301,False,True,IVR outside 30–70; more than 5% below 20-day high,False,True,0.02192371283088814,2–10,11,7,4,0.0686109526209448,18.918184289209037,1.04,35,77.41364805159175,81.30341298033625,1.7099735074111821,2026-09-25,24.634920483667322,False
2026-09-09,440.0,8,367.9,0.06192371283088814,19.597716770861663,1.09,1.16,0.06999999999999984,6.422018348623839,402,4.405917968758333,3.88976492874451,437.5,1.3,False,False,True,False,AVGO,2026-09-02,22.03,3.5714285714285716,91.66666666666667,98.01587301587301,False,True,IVR outside 30–70; more than 5% below 20-day high,False,True,0.02192371283088814,1–10,15,9,6,0.0686109526209448,18.918184289209037,1.04,35,77.41364805159175,81.30341298033625,1.7099735074111821,2026-09-25,24.634920483667322,False
2026-09-09,440.0,8,367.9,0.06192371283088814,19.597716770861663,1.09,1.16,0.06999999999999984,6.422018348623839,402,4.405917968758333,3.88976492874451,437.5,1.3,False,False,True,False,AVGO,2026-09-02,22.03,3.5714285714285716,91.66666666666667,98.01587301587301,False,True,IVR outside 30–70; more than 5% below 20-day high,False,True,0.02192371283088814,2–15,11,7,4,0.0686109526209448,18.918184289209037,1.04,35,77.41364805159175,81.30341298033625,1.7099735074111821,2026-09-25,24.634920483667322,False
2026-09-11,362.5,10,333.68,0.04399422574074304,8.637017501798127,0.27,0.33,0.06,22.22222222222222,489,4.709021786059864,4.098077603588813,360.0,0.4,False,True,True,True,GOOG,2026-09-02,17.64,33.333333333333336,87.3015873015873,26.984126984126984,False,False,kink rank <70; local RR rank >10; five-day return <=0; IVR outside 30–70; more than 5% below 20-day high,False,True,0.00399422574074304,2–6,6,3,3,0.05597679961624717,7.887796691440907,0.34,3917,25.89036244598014,29.988440049568954,2.015450339227896,2026-09-25,-0.8037418801522089,False
2026-09-11,362.5,10,333.68,0.04399422574074304,8.637017501798127,0.27,0.33,0.06,22.22222222222222,489,4.709021786059864,4.098077603588813,360.0,0.4,False,True,True,True,GOOG,2026-09-02,17.64,33.333333333333336,87.3015873015873,26.984126984126984,False,False,kink rank <70; local RR rank >10; five-day return <=0; IVR outside 30–70; more than 5% below 20-day high,False,True,0.00399422574074304,2–8,8,4,4,0.05597679961624717,7.887796691440907,0.34,3917,25.89036244598014,29.988440049568954,2.015450339227896,2026-09-25,-0.8037418801522089,False
2026-09-11,362.5,10,333.68,0.04399422574074304,8.637017501798127,0.27,0.33,0.06,22.22222222222222,489,4.709021786059864,4.098077603588813,360.0,0.4,False,True,True,True,GOOG,2026-09-02,17.64,33.333333333333336,87.3015873015873,26.984126984126984,False,False,kink rank <70; local RR rank >10; five-day return <=0; IVR outside 30–70; more than 5% below 20-day high,False,True,0.00399422574074304,2–10,10,5,5,0.05597679961624717,7.887796691440907,0.34,3917,25.89036244598014,29.988440049568954,2.015450339227896,2026-09-25,-0.8037418801522089,False
2026-09-11,362.5,10,333.68,0.04399422574074304,8.637017501798127,0.27,0.33,0.06,22.22222222222222,489,4.709021786059864,4.098077603588813,360.0,0.4,False,True,True,True,GOOG,2026-09-02,17.64,33.333333333333336,87.3015873015873,26.984126984126984,False,False,kink rank <70; local RR rank >10; five-day return <=0; IVR outside 30–70; more than 5% below 20-day high,False,True,0.00399422574074304,1–10,10,5,5,0.05597679961624717,7.887796691440907,0.34,3917,25.89036244598014,29.988440049568954,2.015450339227896,2026-09-25,-0.8037418801522089,False
2026-09-11,362.5,10,333.68,0.04399422574074304,8.637017501798127,0.27,0.33,0.06,22.22222222222222,489,4.709021786059864,4.098077603588813,360.0,0.4,False,True,True,True,GOOG,2026-09-02,17.64,33.333333333333336,87.3015873015873,26.984126984126984,False,False,kink rank <70; local RR rank >10; five-day return <=0; IVR outside 30–70; more than 5% below 20-day high,False,True,0.00399422574074304,2–15,10,5,5,0.05597679961624717,7.887796691440907,0.34,3917,25.89036244598014,29.988440049568954,2.015450339227896,2026-09-25,-0.8037418801522089,False
2026-09-09,360.0,8,337.3,0.04274405379717585,6.729914023124817,0.22,0.27,0.05000000000000002,22.727272727272734,279,3.5179952011469617,2.962381601915048,357.5,0.36,False,True,True,True,GOOGL,2026-09-02,15.3,20.238095238095237,87.6984126984127,35.714285714285715,False,False,kink rank <70; local RR rank >10; five-day return <=0; IVR outside 30–70; more than 5% below 20-day high,False,True,0.0027440537971758494,2–6,8,5,3,0.05804390597825904,5.988734064630896,0.3,72,24.12116828196212,27.08354988387717,1.8845714874403157,2026-09-25,-3.376521161730844,False
2026-09-09,360.0,8,337.3,0.04274405379717585,6.729914023124817,0.22,0.27,0.05000000000000002,22.727272727272734,279,3.5179952011469617,2.962381601915048,357.5,0.36,False,True,True,True,GOOGL,2026-09-02,15.3,20.238095238095237,87.6984126984127,35.714285714285715,False,False,kink rank <70; local RR rank >10; five-day return <=0; IVR outside 30–70; more than 5% below 20-day high,False,True,0.0027440537971758494,2–8,11,7,4,0.05804390597825904,5.988734064630896,0.3,72,24.12116828196212,27.08354988387717,1.8845714874403157,2026-09-25,-3.376521161730844,False
2026-09-09,360.0,8,337.3,0.04274405379717585,6.729914023124817,0.22,0.27,0.05000000000000002,22.727272727272734,279,3.5179952011469617,2.962381601915048,357.5,0.36,False,True,True,True,GOOGL,2026-09-02,15.3,20.238095238095237,87.6984126984127,35.714285714285715,False,False,kink rank <70; local RR rank >10; five-day return <=0; IVR outside 30–70; more than 5% below 20-day high,False,True,0.0027440537971758494,2–10,13,8,5,0.05804390597825904,5.988734064630896,0.3,72,24.12116828196212,27.08354988387717,1.8845714874403157,2026-09-25,-3.376521161730844,False
2026-09-09,360.0,8,337.3,0.04274405379717585,6.729914023124817,0.22,0.27,0.05000000000000002,22.727272727272734,279,3.5179952011469617,2.962381601915048,357.5,0.36,False,True,True,True,GOOGL,2026-09-02,15.3,20.238095238095237,87.6984126984127,35.714285714285715,False,False,kink rank <70; local RR rank >10; five-day return <=0; IVR outside 30–70; more than 5% below 20-day high,False,True,0.0027440537971758494,1–10,14,8,6,0.05804390597825904,5.988734064630896,0.3,72,24.12116828196212,27.08354988387717,1.8845714874403157,2026-09-25,-3.376521161730844,False
2026-09-09,360.0,8,337.3,0.04274405379717585,6.729914023124817,0.22,0.27,0.05000000000000002,22.727272727272734,279,3.5179952011469617,2.962381601915048,357.5,0.36,False,True,True,True,GOOGL,2026-09-02,15.3,20.238095238095237,87.6984126984127,35.714285714285715,False,False,kink rank <70; local RR rank >10; five-day return <=0; IVR outside 30–70; more than 5% below 20-day high,False,True,0.0027440537971758494,2–15,13,8,5,0.05804390597825904,5.988734064630896,0.3,72,24.12116828196212,27.08354988387717,1.8845714874403157,2026-09-25,-3.376521161730844,False
2026-09-18,87.0,17,72.18,0.06498239305397098,20.532003325020764,0.21,0.29,0.07999999999999999,38.095238095238095,47,6.490845949869916,4.499989099669288,86.0,0.34,False,False,True,False,ON,2026-09-02,22.55,31.746031746031747,86.11111111111111,53.96825396825397,False,False,kink rank <70; local RR rank >10; five-day return <=0; IVR outside 30–70; more than 5% below 20-day high,False,True,0.02498239305397098,2–8,1,0,1,0.07774711738154215,19.146577999445814,0.23,36,50.34090423575247,54.84089333542176,1.8898715414768763,2026-09-25,-0.12564827679778512,False
2026-09-18,87.0,17,72.18,0.06498239305397098,20.532003325020764,0.21,0.29,0.07999999999999999,38.095238095238095,47,6.490845949869916,4.499989099669288,86.0,0.34,False,False,True,False,ON,2026-09-02,22.55,31.746031746031747,86.11111111111111,53.96825396825397,False,False,kink rank <70; local RR rank >10; five-day return <=0; IVR outside 30–70; more than 5% below 20-day high,False,True,0.02498239305397098,2–10,2,0,2,0.07774711738154215,19.146577999445814,0.23,36,50.34090423575247,54.84089333542176,1.8898715414768763,2026-09-25,-0.12564827679778512,False
2026-09-18,87.0,17,72.18,0.06498239305397098,20.532003325020764,0.21,0.29,0.07999999999999999,38.095238095238095,47,6.490845949869916,4.499989099669288,86.0,0.34,False,False,True,False,ON,2026-09-02,22.55,31.746031746031747,86.11111111111111,53.96825396825397,False,False,kink rank <70; local RR rank >10; five-day return <=0; IVR outside 30–70; more than 5% below 20-day high,False,True,0.02498239305397098,1–10,2,0,2,0.07774711738154215,19.146577999445814,0.23,36,50.34090423575247,54.84089333542176,1.8898715414768763,2026-09-25,-0.12564827679778512,False
2026-09-18,87.0,17,72.18,0.06498239305397098,20.532003325020764,0.21,0.29,0.07999999999999999,38.095238095238095,47,6.490845949869916,4.499989099669288,86.0,0.34,False,False,True,False,ON,2026-09-02,22.55,31.746031746031747,86.11111111111111,53.96825396825397,False,False,kink rank <70; local RR rank >10; five-day return <=0; IVR outside 30–70; more than 5% below 20-day high,False,True,0.02498239305397098,2–15,4,0,4,0.07774711738154215,19.146577999445814,0.23,36,50.34090423575247,54.84089333542176,1.8898715414768763,2026-09-25,-0.12564827679778512,False
2026-09-09,407.5,8,355.07,0.041415835912282366,14.766102458670115,0.36,0.37,0.010000000000000009,2.7777777777777803,72,12.507607406031774,12.379605352810108,405.0,0.41,False,True,True,True,TSLA,2026-09-02,19.22,37.698412698412696,86.5079365079365,92.06349206349206,False,False,local RR rank >10; IVR outside 30–70,False,True,0.001415835912282365,2–6,30,16,14,0.04691032025132622,14.06201594051877,0.39,552,41.24490842176728,53.62451377457739,2.4182264810482885,2026-09-25,4.92087508953844,False
2026-09-09,407.5,8,355.07,0.041415835912282366,14.766102458670115,0.36,0.37,0.010000000000000009,2.7777777777777803,72,12.507607406031774,12.379605352810108,405.0,0.41,False,True,True,True,TSLA,2026-09-02,19.22,37.698412698412696,86.5079365079365,92.06349206349206,False,False,local RR rank >10; IVR outside 30–70,False,True,0.001415835912282365,2–8,39,21,18,0.04691032025132622,14.06201594051877,0.39,552,41.24490842176728,53.62451377457739,2.4182264810482885,2026-09-25,4.92087508953844,False
2026-09-09,407.5,8,355.07,0.041415835912282366,14.766102458670115,0.36,0.37,0.010000000000000009,2.7777777777777803,72,12.507607406031774,12.379605352810108,405.0,0.41,False,True,True,True,TSLA,2026-09-02,19.22,37.698412698412696,86.5079365079365,92.06349206349206,False,False,local RR rank >10; IVR outside 30–70,False,True,0.001415835912282365,2–10,48,26,22,0.04691032025132622,14.06201594051877,0.39,552,41.24490842176728,53.62451377457739,2.4182264810482885,2026-09-25,4.92087508953844,False
2026-09-09,407.5,8,355.07,0.041415835912282366,14.766102458670115,0.36,0.37,0.010000000000000009,2.7777777777777803,72,12.507607406031774,12.379605352810108,405.0,0.41,False,True,True,True,TSLA,2026-09-02,19.22,37.698412698412696,86.5079365079365,92.06349206349206,False,False,local RR rank >10; IVR outside 30–70,False,True,0.001415835912282365,1–10,54,29,25,0.04691032025132622,14.06201594051877,0.39,552,41.24490842176728,53.62451377457739,2.4182264810482885,2026-09-25,4.92087508953844,False
2026-09-09,407.5,8,355.07,0.041415835912282366,14.766102458670115,0.36,0.37,0.010000000000000009,2.7777777777777803,72,12.507607406031774,12.379605352810108,405.0,0.41,False,True,True,True,TSLA,2026-09-02,19.22,37.698412698412696,86.5079365079365,92.06349206349206,False,False,local RR rank >10; IVR outside 30–70,False,True,0.001415835912282365,2–15,61,33,28,0.04691032025132622,14.06201594051877,0.39,552,41.24490842176728,53.62451377457739,2.4182264810482885,2026-09-25,4.92087508953844,False
2026-09-09,400.0,7,358.9,0.02632716007534542,11.451657843410423,0.2,0.26,0.06,30.0,1161,8.249664870692774,7.271673013183594,397.5,0.47,False,True,True,True,AVGO,2026-09-03,1.89,5.158730158730159,94.44444444444444,69.44444444444444,False,False,kink rank <70; five-day return <=0; IVR outside 30–70; more than 5% below 20-day high,False,True,0.013672839924654581,2–6,7,4,3,0.03278489421922873,10.755084981889107,0.13,169,35.960810214450724,43.23248322763432,2.29951532222079,2026-09-25,-3.3706997357290156,False
2026-09-09,400.0,7,358.9,0.02632716007534542,11.451657843410423,0.2,0.26,0.06,30.0,1161,8.249664870692774,7.271673013183594,397.5,0.47,False,True,True,True,AVGO,2026-09-03,1.89,5.158730158730159,94.44444444444444,69.44444444444444,False,False,kink rank <70; five-day return <=0; IVR outside 30–70; more than 5% below 20-day high,False,True,0.013672839924654581,2–8,10,6,4,0.03278489421922873,10.755084981889107,0.13,169,35.960810214450724,43.23248322763432,2.29951532222079,2026-09-25,-3.3706997357290156,False
2026-09-09,400.0,7,358.9,0.02632716007534542,11.451657843410423,0.2,0.26,0.06,30.0,1161,8.249664870692774,7.271673013183594,397.5,0.47,False,True,True,True,AVGO,2026-09-03,1.89,5.158730158730159,94.44444444444444,69.44444444444444,False,False,kink rank <70; five-day return <=0; IVR outside 30–70; more than 5% below 20-day high,False,True,0.013672839924654581,2–10,10,6,4,0.03278489421922873,10.755084981889107,0.13,169,35.960810214450724,43.23248322763432,2.29951532222079,2026-09-25,-3.3706997357290156,False
2026-09-09,400.0,7,358.9,0.02632716007534542,11.451657843410423,0.2,0.26,0.06,30.0,1161,8.249664870692774,7.271673013183594,397.5,0.47,False,True,True,True,AVGO,2026-09-03,1.89,5.158730158730159,94.44444444444444,69.44444444444444,False,False,kink rank <70; five-day return <=0; IVR outside 30–70; more than 5% below 20-day high,False,True,0.013672839924654581,1–10,12,7,5,0.03278489421922873,10.755084981889107,0.13,169,35.960810214450724,43.23248322763432,2.29951532222079,2026-09-25,-3.3706997357290156,False
2026-09-09,400.0,7,358.9,0.02632716007534542,11.451657843410423,0.2,0.26,0.06,30.0,1161,8.249664870692774,7.271673013183594,397.5,0.47,False,True,True,True,AVGO,2026-09-03,1.89,5.158730158730159,94.44444444444444,69.44444444444444,False,False,kink rank <70; five-day return <=0; IVR outside 30–70; more than 5% below 20-day high,False,True,0.013672839924654581,2–15,13,8,5,0.03278489421922873,10.755084981889107,0.13,169,35.960810214450724,43.23248322763432,2.29951532222079,2026-09-25,-3.3706997357290156,False
2026-09-11,200.0,9,165.4,0.06303566776703458,20.91898428053205,0.55,0.65,0.09999999999999998,18.181818181818176,352,11.532711707782795,10.007017068836543,197.5,0.8,False,False,True,False,CRDO,2026-09-03,7.6,5.555555555555555,93.65079365079364,51.58730158730159,False,False,kink rank <70; five-day return <=0; IVR outside 30–70; more than 5% below 20-day high,False,True,0.023035667767034577,2–8,1,1,0,0.0751445011435746,19.407496977025396,0.65,224,71.52505076949849,81.53206783833504,1.8625485253933765,2026-09-25,-0.7805292192215929,False
2026-09-11,200.0,9,165.4,0.06303566776703458,20.91898428053205,0.55,0.65,0.09999999999999998,18.181818181818176,352,11.532711707782795,10.007017068836543,197.5,0.8,False,False,True,False,CRDO,2026-09-03,7.6,5.555555555555555,93.65079365079364,51.58730158730159,False,False,kink rank <70; five-day return <=0; IVR outside 30–70; more than 5% below 20-day high,False,True,0.023035667767034577,2–10,1,1,0,0.0751445011435746,19.407496977025396,0.65,224,71.52505076949849,81.53206783833504,1.8625485253933765,2026-09-25,-0.7805292192215929,False
2026-09-11,200.0,9,165.4,0.06303566776703458,20.91898428053205,0.55,0.65,0.09999999999999998,18.181818181818176,352,11.532711707782795,10.007017068836543,197.5,0.8,False,False,True,False,CRDO,2026-09-03,7.6,5.555555555555555,93.65079365079364,51.58730158730159,False,False,kink rank <70; five-day return <=0; IVR outside 30–70; more than 5% below 20-day high,False,True,0.023035667767034577,1–10,1,1,0,0.0751445011435746,19.407496977025396,0.65,224,71.52505076949849,81.53206783833504,1.8625485253933765,2026-09-25,-0.7805292192215929,False
2026-09-11,200.0,9,165.4,0.06303566776703458,20.91898428053205,0.55,0.65,0.09999999999999998,18.181818181818176,352,11.532711707782795,10.007017068836543,197.5,0.8,False,False,True,False,CRDO,2026-09-03,7.6,5.555555555555555,93.65079365079364,51.58730158730159,False,False,kink rank <70; five-day return <=0; IVR outside 30–70; more than 5% below 20-day high,False,True,0.023035667767034577,2–15,1,1,0,0.0751445011435746,19.407496977025396,0.65,224,71.52505076949849,81.53206783833504,1.8625485253933765,2026-09-25,-0.7805292192215929,False
2026-09-11,190.0,9,143.41,0.03442508882573573,32.48727424865769,0.25,0.31,0.06,24.0,43,24.034736114318477,22.19681548323148,185.0,0.41,False,True,True,True,MSTR,2026-09-03,50.41,0.0,90.47619047619048,78.57142857142857,True,True,passed original surface,False,True,0.0055749111742642715,2–6,6,2,4,0.04711736751408625,29.00076703158776,0.34,930,76.52393734586028,98.72075282909175,2.7035919502740047,2026-09-25,3.51935090998583,False
2026-09-11,190.0,9,143.41,0.03442508882573573,32.48727424865769,0.25,0.31,0.06,24.0,43,24.034736114318477,22.19681548323148,185.0,0.41,False,True,True,True,MSTR,2026-09-03,50.41,0.0,90.47619047619048,78.57142857142857,True,True,passed original surface,False,True,0.0055749111742642715,2–8,7,3,4,0.04711736751408625,29.00076703158776,0.34,930,76.52393734586028,98.72075282909175,2.7035919502740047,2026-09-25,3.51935090998583,False
2026-09-11,190.0,9,143.41,0.03442508882573573,32.48727424865769,0.25,0.31,0.06,24.0,43,24.034736114318477,22.19681548323148,185.0,0.41,False,True,True,True,MSTR,2026-09-03,50.41,0.0,90.47619047619048,78.57142857142857,True,True,passed original surface,False,True,0.0055749111742642715,2–10,8,4,4,0.04711736751408625,29.00076703158776,0.34,930,76.52393734586028,98.72075282909175,2.7035919502740047,2026-09-25,3.51935090998583,False
2026-09-11,190.0,9,143.41,0.03442508882573573,32.48727424865769,0.25,0.31,0.06,24.0,43,24.034736114318477,22.19681548323148,185.0,0.41,False,True,True,True,MSTR,2026-09-03,50.41,0.0,90.47619047619048,78.57142857142857,True,True,passed original surface,False,True,0.0055749111742642715,1–10,8,4,4,0.04711736751408625,29.00076703158776,0.34,930,76.52393734586028,98.72075282909175,2.7035919502740047,2026-09-25,3.51935090998583,False
2026-09-11,190.0,9,143.41,0.03442508882573573,32.48727424865769,0.25,0.31,0.06,24.0,43,24.034736114318477,22.19681548323148,185.0,0.41,False,True,True,True,MSTR,2026-09-03,50.41,0.0,90.47619047619048,78.57142857142857,True,True,passed original surface,False,True,0.0055749111742642715,2–15,11,5,6,0.04711736751408625,29.00076703158776,0.34,930,76.52393734586028,98.72075282909175,2.7035919502740047,2026-09-25,3.51935090998583,False
2026-09-18,170.0,16,144.26,0.03378358312984811,17.842783862470558,0.2,0.25,0.04999999999999999,24.999999999999993,3635,4.935253837963321,4.019989416378849,165.0,0.43,False,True,True,True,VST,2026-09-03,9.57,4.761904761904762,86.5079365079365,29.365079365079364,False,False,kink rank <70; IVR outside 30–70,False,True,0.00621641687015189,2–6,1,0,1,0.06647387623337886,14.376819631221416,0.34,4471,40.65648578938233,44.67647520576118,2.0961348505229727,2026-09-25,-4.726719018790848,False
2026-09-18,170.0,16,144.26,0.03378358312984811,17.842783862470558,0.2,0.25,0.04999999999999999,24.999999999999993,3635,4.935253837963321,4.019989416378849,165.0,0.43,False,True,True,True,VST,2026-09-03,9.57,4.761904761904762,86.5079365079365,29.365079365079364,False,False,kink rank <70; IVR outside 30–70,False,True,0.00621641687015189,2–8,2,0,2,0.06647387623337886,14.376819631221416,0.34,4471,40.65648578938233,44.67647520576118,2.0961348505229727,2026-09-25,-4.726719018790848,False
2026-09-18,170.0,16,144.26,0.03378358312984811,17.842783862470558,0.2,0.25,0.04999999999999999,24.999999999999993,3635,4.935253837963321,4.019989416378849,165.0,0.43,False,True,True,True,VST,2026-09-03,9.57,4.761904761904762,86.5079365079365,29.365079365079364,False,False,kink rank <70; IVR outside 30–70,False,True,0.00621641687015189,2–10,2,0,2,0.06647387623337886,14.376819631221416,0.34,4471,40.65648578938233,44.67647520576118,2.0961348505229727,2026-09-25,-4.726719018790848,False
2026-09-18,170.0,16,144.26,0.03378358312984811,17.842783862470558,0.2,0.25,0.04999999999999999,24.999999999999993,3635,4.935253837963321,4.019989416378849,165.0,0.43,False,True,True,True,VST,2026-09-03,9.57,4.761904761904762,86.5079365079365,29.365079365079364,False,False,kink rank <70; IVR outside 30–70,False,True,0.00621641687015189,1–10,2,0,2,0.06647387623337886,14.376819631221416,0.34,4471,40.65648578938233,44.67647520576118,2.0961348505229727,2026-09-25,-4.726719018790848,False
2026-09-18,170.0,16,144.26,0.03378358312984811,17.842783862470558,0.2,0.25,0.04999999999999999,24.999999999999993,3635,4.935253837963321,4.019989416378849,165.0,0.43,False,True,True,True,VST,2026-09-03,9.57,4.761904761904762,86.5079365079365,29.365079365079364,False,False,kink rank <70; IVR outside 30–70,False,True,0.00621641687015189,2–15,2,0,2,0.06647387623337886,14.376819631221416,0.34,4471,40.65648578938233,44.67647520576118,2.0961348505229727,2026-09-25,-4.726719018790848,False
2026-09-18,120.0,16,97.04,0.05028185982140101,23.66034624896949,0.2,0.24,0.03999999999999998,19.99999999999999,799,3.5566888412728703,2.558134551497837,115.0,0.5,False,True,True,True,W,2026-09-03,11.98,1.5873015873015872,88.0952380952381,50.79365079365079,False,False,kink rank <70; five-day return <=0; IVR outside 30–70; more than 5% below 20-day high,False,True,0.010281859821401007,2–6,1,0,1,0.09493772351659784,18.5078318219291,0.37,1222,55.90065650852056,58.4587910600184,2.0215785852088186,2026-09-25,2.0920076548686772,False
2026-09-18,120.0,16,97.04,0.05028185982140101,23.66034624896949,0.2,0.24,0.03999999999999998,19.99999999999999,799,3.5566888412728703,2.558134551497837,115.0,0.5,False,True,True,True,W,2026-09-03,11.98,1.5873015873015872,88.0952380952381,50.79365079365079,False,False,kink rank <70; five-day return <=0; IVR outside 30–70; more than 5% below 20-day high,False,True,0.010281859821401007,2–8,1,0,1,0.09493772351659784,18.5078318219291,0.37,1222,55.90065650852056,58.4587910600184,2.0215785852088186,2026-09-25,2.0920076548686772,False
2026-09-18,120.0,16,97.04,0.05028185982140101,23.66034624896949,0.2,0.24,0.03999999999999998,19.99999999999999,799,3.5566888412728703,2.558134551497837,115.0,0.5,False,True,True,True,W,2026-09-03,11.98,1.5873015873015872,88.0952380952381,50.79365079365079,False,False,kink rank <70; five-day return <=0; IVR outside 30–70; more than 5% below 20-day high,False,True,0.010281859821401007,2–10,1,0,1,0.09493772351659784,18.5078318219291,0.37,1222,55.90065650852056,58.4587910600184,2.0215785852088186,2026-09-25,2.0920076548686772,False
2026-09-18,120.0,16,97.04,0.05028185982140101,23.66034624896949,0.2,0.24,0.03999999999999998,19.99999999999999,799,3.5566888412728703,2.558134551497837,115.0,0.5,False,True,True,True,W,2026-09-03,11.98,1.5873015873015872,88.0952380952381,50.79365079365079,False,False,kink rank <70; five-day return <=0; IVR outside 30–70; more than 5% below 20-day high,False,True,0.010281859821401007,1–10,1,0,1,0.09493772351659784,18.5078318219291,0.37,1222,55.90065650852056,58.4587910600184,2.0215785852088186,2026-09-25,2.0920076548686772,False
2026-09-18,120.0,16,97.04,0.05028185982140101,23.66034624896949,0.2,0.24,0.03999999999999998,19.99999999999999,799,3.5566888412728703,2.558134551497837,115.0,0.5,False,True,True,True,W,2026-09-03,11.98,1.5873015873015872,88.0952380952381,50.79365079365079,False,False,kink rank <70; five-day return <=0; IVR outside 30–70; more than 5% below 20-day high,False,True,0.010281859821401007,2–15,1,0,1,0.09493772351659784,18.5078318219291,0.37,1222,55.90065650852056,58.4587910600184,2.0215785852088186,2026-09-25,2.0920076548686772,False
