ticker,tradeDate,stockPrice,confidence,exErnIv30d,ieeEarnEffect,iv10d,iv30d,iv90d,mwAdj30,dlt5Iv10d,dlt5Iv30d,exErnDlt25Iv30d,exErnDlt75Iv30d,dlt95Iv10d,dlt95Iv30d,rr25,callskew,call_wing_30,call_wing_10,put_wing_10,call_kink,rr25_pct252,callskew_pct252,call_wing_10_pct252,put_wing_10_pct252,call_kink_pct252,iv10d_pct252,return_5d_pct,drawdown_20d_pct,sma50,sma200,extension_50d_pct,sma50_rising,above_200d,above_50d,return_63d_pct,relative_return_63d_pct,tradeDate_core,priorCls,mktCap,mktWidthVol,stkVolu,avgOptVolu20d,sector,nextErn,bestEtf,sectorName,ivPctile1m,ivPctile1y,confidence_core,wksNextErn,oi,ivRank1y,ivPct1y,ivRank1m,ivPct1m,dollar_stock_volume,broad_universe,liquid_final,rs63_cross_section_pct,buy_surface_tier,buy_technical_good,buy_first_standard,buy_first_puke,sell_archetype,earnings_near_front_expiry,sell_first_actionable,buy_score,sell_score,universe_size,liquid_universe_size,putskew,putskew_pct252,buy_first_put_tail_inventory,put_inventory_score,original_surface_pass,grab_surface_pass,original_surface_exclusions
ABT,2026-08-11,109.98,0.765074,24.7122,1.68864,24.054100000000002,24.7122,27.009800000000002,0.0576955,26.768399999999996,25.436799999999998,24.5181,25.201,33.2773,26.7229,0.6829000000000001,-0.19409999999999883,0.7245999999999988,2.7142999999999944,9.223199999999995,1.3315999999999981,1.5873015873015872,88.0952380952381,91.26984126984127,86.5079365079365,60.317460317460316,45.63492063492063,4.118148253337139,0.0,96.14479999999998,107.59909999999999,14.389961807606898,True,True,True,33.681779506503,32.853372154738786,2026-08-11,108.62,190307555.0,5.76955,11953050,14428.15,Medical Device Manufacturing,0000-00-00,XLV,Healthcare,5,60,76.5074,9,242832,52.08,59.52,0.0,4.76,1298340291.0,True,True,89.50819672131148,,True,False,False,,False,False,20.753968253968253,27.142857142857142,305,266,,,,,False,False,kink rank <70; opposite put-wing rank >=70
AMT,2026-08-11,170.0,0.869616,27.1819,2.36918,27.766099999999998,27.1819,29.5433,0.0463075,30.936200000000003,29.2842,27.0522,28.913100000000004,31.401200000000003,31.4853,1.8609000000000044,-0.1296999999999997,2.1022999999999996,3.170100000000005,3.635100000000005,1.6520000000000046,20.634920634920636,90.87301587301587,93.25396825396825,24.206349206349206,90.87301587301587,58.73015873015873,-2.5843791186751397,-4.8471957908877155,174.36939999999998,178.24335,-2.5058295778961126,False,False,False,-3.9981929071606137,-4.826600258924829,2026-08-11,169.11,79213208.0,4.63075,3076037,2099.85,Specialty REITs,0000-00-00,XLRE,Real Estate,10,60,86.9616,11,50205,53.78,58.73,1.64,9.52,520188617.07000005,True,True,30.16393442622951,,False,False,False,other,False,False,12.519841269841269,33.86904761904762,305,266,,,,,False,False,local RR rank >10; five-day return <=0
CAT,2026-08-11,844.99,0.98603,38.5983,2.98212,39.5367,38.5983,42.2261,0.0334909,41.9462,38.4007,38.1019,39.2258,43.374,40.5041,1.123899999999999,-0.4964000000000013,-0.19760000000000133,2.409499999999994,3.837299999999999,3.545499999999997,3.1746031746031744,93.65079365079364,91.66666666666667,13.492063492063492,69.84126984126983,59.523809523809526,-4.5629609550593475,-7.560441964774101,915.387,749.3351000000001,-7.690408537591198,False,True,False,-8.558782789368891,-9.387190141133107,2026-08-11,837.58,397411453.0,3.34909,3107509,34655.75,Farm & Construction Equipment,0000-00-00,XLI,Industrials,5,71,98.603,11,297384,59.67,71.43,0.0,4.76,2602787388.2200003,True,True,24.59016393442623,,False,False,False,,False,False,10.634920634920636,27.658730158730158,305,266,,,,,False,False,kink rank <70; five-day return <=0; more than 5% below 20-day high
CELH,2026-08-11,27.88,0.59276,50.7724,2.69056,54.03980000000001,50.7724,56.105000000000004,0.11313,65.275,55.73590000000001,53.0452,50.2315,56.0458,53.5141,-2.8137000000000043,2.2728000000000037,4.9635000000000105,11.235199999999999,2.005999999999993,9.539099999999998,1.1904761904761905,93.65079365079364,85.31746031746032,7.142857142857143,81.74603174603175,39.285714285714285,-6.127946127946126,-7.98679867986799,29.196400000000004,39.67844999999999,-4.508775054458791,False,False,False,-8.470124753775455,-9.298532105539671,2026-08-11,27.21,7054617.0,11.31303,11673704,42993.15,Non-Alcoholic Beverages,0000-00-00,XLP,C. Defensive,5,33,59.276,12,682037,31.23,32.94,0.0,4.76,317641485.84000003,True,True,24.91803278688525,,False,False,False,other,False,False,10.436507936507937,32.61904761904762,305,266,,,,,False,False,five-day return <=0; more than 5% below 20-day high
CSCO,2026-08-11,120.95,0.972188,36.755500000000005,3.17343,66.0152,46.8355,42.553200000000004,0.0497734,70.36919999999999,48.998799999999996,37.9546,35.5577,63.782799999999995,44.7063,-2.3969000000000023,1.1990999999999943,2.1632999999999925,4.353999999999999,-2.2323999999999984,21.370399999999997,0.7936507936507936,98.01587301587301,88.4920634920635,0.0,97.61904761904762,96.82539682539682,-0.40349143610012295,-1.7225968960754012,118.0666,91.31205,2.4421809385550164,True,True,True,22.87920349486945,22.050796143105234,2026-08-11,122.57,476716523.0,4.97734,20084583,40695.85,Communications Equipment Manufacturing,0000-00-00,XLK,Technology,10,84,97.2188,0,928996,73.82,80.16,0.0,4.76,2461767338.31,True,True,81.9672131147541,,True,False,False,other,True,False,20.17857142857143,3.7301587301587276,305,266,,,,,False,False,five-day return <=0; IVR outside 30–70; near-front earnings flag
CVNA,2026-08-11,71.88,0.964193,56.603,2.68685,59.4607,56.603,62.659200000000006,0.0497076,61.3774,58.400200000000005,55.7562,57.9609,68.1551,64.39359999999999,2.2047000000000025,-0.8468000000000018,1.7972000000000037,1.9166999999999987,8.694400000000002,2.9771999999999963,0.0,99.2063492063492,87.6984126984127,11.904761904761905,51.98412698412698,32.53968253968254,5.721429622003238,-3.4390112842557774,66.6698,274.1209,7.8149326981631795,False,False,True,-6.381870278718427,-7.210277630482643,2026-08-11,74.16,79033857.0,4.97076,10499108,52455.05,Auto Dealerships,0000-00-00,XLY,C. Cyclical,5,29,96.4193,11,1175729,25.1,28.17,0.0,4.76,778613849.28,True,True,27.54098360655738,,False,False,False,,False,False,10.03968253968254,26.369047619047617,305,266,,,,,False,False,kink rank <70; IVR outside 30–70
DOCU,2026-08-11,59.35,0.745453,53.7717,2.9299,49.278800000000004,65.6998,60.0005,0.153257,59.1463,70.1751,54.295700000000004,53.53980000000001,50.104899999999994,66.79469999999999,-0.7558999999999969,0.5240000000000009,4.475300000000004,9.867499999999993,0.8260999999999896,-11.028800000000004,4.365079365079365,82.14285714285714,89.28571428571429,1.5873015873015872,18.650793650793652,47.61904761904762,3.1456378171706767,-1.346409574468077,49.805800000000005,54.30125,19.16282842560504,True,True,True,30.6117957746479,29.783388422883682,2026-08-11,59.64,11531194.0,15.32574,3096178,7796.85,Application Software,0000-00-00,XLK,Technology,86,79,74.5453,3,154037,61.98,78.57,65.34,85.71,184656055.92,True,True,87.21311475409837,,False,False,False,,False,False,11.329365079365079,24.861111111111114,305,266,,,,,False,False,kink rank <70
FANG,2026-08-11,202.21,0.852588,34.7059,2.65907,35.1271,34.7059,35.4811,0.0280258,40.021499999999996,36.932900000000004,35.022,35.5032,37.7859,38.3899,0.4812000000000012,0.3160999999999987,2.227000000000004,4.894399999999997,2.6587999999999994,3.0885999999999925,5.9523809523809526,82.14285714285714,87.6984126984127,3.9682539682539684,87.6984126984127,40.87301587301587,5.45501955671448,-1.7778209549715873,191.35419999999993,175.46560000000002,5.673144357427251,False,True,True,2.9634910127807057,2.1350836610164903,2026-08-11,198.97,56622802.0,2.80258,1970200,2342.55,Oil & Gas Exploration,0000-00-00,XLE,Energy,43,49,85.2588,11,74779,53.12,50.79,67.79,42.86,392010694.0,True,True,48.52459016393443,,True,False,False,grab,False,True,21.488095238095237,53.1547619047619,305,266,,,,,True,True,passed original surface
FDX,2026-08-11,322.19,0.891226,27.8916,3.94445,28.414499999999997,27.8916,29.949399999999997,0.04432,32.760099999999994,30.0383,28.124399999999998,28.560000000000002,29.841099999999997,29.343999999999998,0.43560000000000443,0.23279999999999745,2.146699999999999,4.3455999999999975,1.4266000000000005,2.7217999999999947,1.5873015873015872,97.61904761904762,85.71428571428571,1.5873015873015872,63.095238095238095,26.58730158730159,2.526650755767701,-1.1110770080721921,319.29740000000004,328.8329,0.9059265750362977,False,False,True,-14.714913441685628,-15.543320793449844,2026-08-11,325.08,76224093.0,4.432,1493155,4608.0,Freight & Logistics Services,0000-00-00,XLI,Industrials,5,25,89.1226,11,39262,40.2,24.6,0.0,4.76,485394827.4,True,True,19.01639344262295,,False,False,False,,False,False,10.277777777777777,26.726190476190474,305,266,,,,,False,False,kink rank <70
FTNT,2026-08-11,161.73,0.909561,45.104,4.0,42.7958,45.104,48.5495,0.0656589,48.8588,45.763799999999996,45.2769,45.232499999999995,45.8593,45.771699999999996,-0.044400000000003104,0.1728999999999985,0.659799999999997,6.063000000000002,3.0634999999999977,3.095000000000006,5.555555555555555,83.33333333333333,92.85714285714286,15.079365079365079,69.04761904761905,65.87301587301587,-4.114543190846032,-4.114543190846032,154.0178,103.2687,5.007343307072287,True,True,True,40.195908460471564,39.36750110870735,2026-08-11,164.21,118663509.0,6.56589,5598116,10034.55,Infrastructure Software,0000-00-00,XLK,Technology,5,82,90.9561,12,181932,47.61,81.75,0.0,4.76,919266628.36,True,True,92.1311475409836,,True,False,False,,False,False,21.388888888888893,27.738095238095237,305,266,,,,,False,False,kink rank <70; five-day return <=0
GNRC,2026-08-11,215.86,0.928361,52.42210000000001,3.2561,50.1532,52.42210000000001,56.3164,0.10545,59.440599999999996,52.4213,51.970499999999994,53.33520000000001,61.06120000000001,54.258399999999995,1.3647000000000133,-0.4516000000000133,-0.000800000000005241,9.287399999999998,10.908000000000008,7.019299999999994,28.96825396825397,55.15873015873016,86.11111111111111,69.84126984126983,71.82539682539682,56.74603174603175,-1.4652850686994956,-4.541635342502093,241.87380000000002,205.20184999999998,-10.755112790223665,False,True,False,-20.255642986442048,-21.084050338206264,2026-08-11,206.09,12737113.0,10.54498,1204231,3163.6,Specialized Industrial Equipment,0000-00-00,XLI,Industrials,5,77,92.8361,11,53245,64.62,76.59,0.0,4.76,248179966.79,True,True,13.114754098360656,,False,False,False,other,False,False,15.138888888888888,32.20238095238095,305,266,,,,,False,False,local RR rank >10; five-day return <=0
GS,2026-08-11,1031.08,0.989513,31.353599999999997,2.06144,31.7022,31.353599999999997,33.7101,0.0347137,33.4488,32.5026,31.202,31.959100000000003,35.3508,36.6649,0.7571000000000012,-0.15159999999999485,1.1490000000000045,1.7465999999999973,3.6485999999999983,0.9461999999999975,0.0,98.80952380952381,88.88888888888889,3.5714285714285716,41.666666666666664,53.17460317460318,-2.3358023755849056,-10.545448235773858,1055.6108,926.65695,-2.323848903402659,True,True,False,9.269719481565474,8.441312129801258,2026-08-11,1034.51,304162354.0,3.47137,2089342,38259.2,Investment Banking & Brokerage,0000-00-00,XLF,Financials,5,68,98.9513,9,466560,45.67,68.65,0.0,4.76,2161445192.42,True,True,63.934426229508205,,True,False,False,,False,False,20.05952380952381,25.97222222222222,305,266,,,,,False,False,kink rank <70; five-day return <=0; more than 5% below 20-day high
HPQ,2026-08-11,29.02,0.80774,47.5126,3.05616,47.6389,59.4727,51.2543,0.101855,58.72540000000001,65.8829,49.3836,48.2392,49.2254,62.616400000000006,-1.1444000000000045,1.8710000000000022,6.410200000000003,11.086500000000008,1.586500000000001,-7.157499999999999,6.746031746031746,92.85714285714286,95.63492063492063,5.158730158730159,14.285714285714286,71.82539682539682,0.484764542936289,-3.202134756504338,25.2296,22.499449999999996,15.023623045946021,True,True,True,34.53871117292535,33.71030382116114,2026-08-11,29.8,26539448.0,10.1855,15370036,25860.55,Computer Hardware Manufacturing,0000-00-00,XLK,Technology,67,86,80.774,2,498360,58.33,84.92,41.55,66.67,458027072.8,True,True,89.8360655737705,,False,False,False,,True,False,11.031746031746032,-4.722222222222221,305,266,,,,,False,False,kink rank <70; near-front earnings flag
MS,2026-08-11,215.08,0.91594,27.9976,2.22507,29.2475,27.9976,31.1552,0.0381259,30.5103,29.7971,28.162799999999997,29.4171,31.4284,32.8966,1.2543000000000042,0.16519999999999868,1.7995000000000019,1.2628000000000021,2.180900000000001,0.7132000000000005,0.0,100.0,94.84126984126983,0.3968253968253968,39.682539682539684,44.44444444444444,-1.203491042719329,-5.963623644630989,216.3506,186.43060000000003,-0.5872874861451605,True,True,False,12.94438901433599,12.115981662571773,2026-08-11,215.33,338105760.0,3.81259,6076922,16856.6,Investment Banking & Brokerage,0000-00-00,XLF,Financials,5,56,91.594,9,372509,40.23,55.16,0.0,4.76,1308543614.26,True,True,69.50819672131148,,True,False,False,,False,False,20.0,26.46825396825397,305,266,,,,,False,False,kink rank <70; five-day return <=0; more than 5% below 20-day high
NBIS,2026-08-11,191.18,0.966565,85.7128,3.05094,128.554,107.09100000000001,103.99799999999999,0.0694863,144.398,119.33,88.3137,85.02499999999999,136.808,113.17399999999999,-3.2887000000000057,2.6008999999999958,12.23899999999999,15.843999999999994,8.25399999999999,25.067999999999998,14.285714285714286,84.52380952380952,90.07936507936508,9.920634920634921,97.22222222222223,87.6984126984127,-15.608722521409014,-15.608722521409014,222.6106,144.36909999999997,-14.119094059312543,False,True,False,2.6139230315066264,1.785515679742411,2026-08-11,184.11,47703110.0,6.94863,22953928,234954.3,Internet Content & Media,0000-00-00,XLK,Technology,5,36,96.6565,0,1325331,26.33,33.33,0.0,4.76,4226047684.0800004,True,True,47.868852459016395,,True,False,False,other,True,False,22.20238095238095,3.8690476190476204,305,266,,,,,False,False,local RR rank >10; five-day return <=0; IVR outside 30–70; more than 5% below 20-day high; near-front earnings flag
RBLX,2026-08-11,36.77,0.807934,58.9547,3.9012,59.076499999999996,58.9547,68.74080000000001,0.0909383,67.9257,68.6587,61.251,58.9815,61.8198,60.1097,-2.2695000000000007,2.296299999999995,9.703999999999994,8.84920000000001,2.743300000000005,-0.7329999999999899,1.9841269841269842,98.80952380952381,88.88888888888889,5.9523809523809526,36.904761904761905,40.476190476190474,-1.5265131226566697,-35.06975101536288,47.61,66.48635,-22.768325981936567,True,False,False,-11.16211645324957,-11.990523805013787,2026-08-11,37.05,26267603.0,9.09383,13529854,30624.5,Gaming & Interactive Media,0000-00-00,XLC,Comm,5,45,80.7934,11,422155,44.01,44.84,0.0,4.76,501281090.7,True,True,23.60655737704918,,False,False,False,,False,False,10.257936507936506,25.734126984126984,305,266,,,,,False,False,kink rank <70; five-day return <=0; more than 5% below 20-day high
SCHW,2026-08-11,107.56,0.878744,22.0263,1.14088,21.739900000000002,22.0263,25.3071,0.043575,24.3766,22.1165,21.3741,22.8949,24.8329,25.227100000000004,1.5208000000000013,-0.6522000000000006,0.09019999999999939,2.6366999999999976,3.0929999999999964,2.2601000000000013,3.1746031746031744,85.71428571428571,94.84126984126983,1.9841269841269842,58.73015873015873,9.126984126984127,1.1187364858512794,-0.6190520188487536,97.8426,96.04575000000001,9.93166575704243,True,True,True,22.575498575498585,21.74709122373437,2026-08-11,107.99,187061415.0,4.3575,8304366,15614.6,Investment Banking & Brokerage,0000-00-00,XLF,Financials,14,23,87.8744,9,452864,25.93,22.62,20.13,14.29,896788484.3399999,True,True,81.31147540983606,,True,False,False,,False,False,21.03174603174603,27.42063492063492,305,266,,,,,False,False,kink rank <70; IVR outside 30–70
SMCI,2026-08-11,30.97,0.946642,82.059,2.40977,123.64500000000001,94.8284,88.0737,0.0842025,156.22799999999998,109.327,85.9686,79.5142,122.72000000000001,93.3419,-6.454399999999993,3.9095999999999975,14.498599999999996,32.58299999999997,-0.9249999999999972,46.90099999999998,3.1746031746031744,86.9047619047619,98.41269841269842,0.3968253968253968,99.60317460317461,98.01587301587301,-1.4949109414758355,-1.9005384859043462,31.3706,31.96285,-1.2769918331176355,False,False,False,-8.237037037037043,-9.065444388801257,2026-08-11,31.46,20033658.0,8.42025,44052284,232242.45,Computer Hardware Manufacturing,0000-00-00,XLK,Technology,10,76,94.6642,13,2401319,64.95,75.79,12.79,9.52,1385884854.64,True,True,25.901639344262296,,False,False,False,other,False,False,10.972222222222223,34.82142857142857,305,266,,,,,False,False,five-day return <=0
TFC,2026-08-11,52.38,0.559788,23.9752,2.45208,23.061799999999998,23.061799999999998,26.2023,0.0209692,23.849999999999998,23.849999999999998,23.2112,25.561,27.2588,27.2588,2.3497999999999983,-0.7639999999999993,0.7881999999999998,0.7881999999999998,4.197000000000003,0.0,0.3968253968253968,96.03174603174604,94.04761904761905,3.5714285714285716,19.047619047619047,18.650793650793652,-0.7390562819784008,-2.348993288590595,50.7754,49.0741,3.1601917463968787,True,True,True,9.329993738259246,8.501586386495031,2026-08-11,51.86,63988770.0,2.09692,7723766,3310.5,Regional Banking,0000-00-00,XLF,Financials,24,31,55.9788,9,148431,23.9,28.97,26.75,19.05,400554504.76,True,True,64.26229508196721,,True,False,False,,False,False,20.23809523809524,25.357142857142858,305,266,,,,,False,False,kink rank <70; five-day return <=0; IVR outside 30–70
ULTA,2026-08-11,544.1,0.975965,33.1758,4.0,32.8914,47.0939,38.459900000000005,0.0655959,37.2909,47.400999999999996,32.9891,34.0588,36.4434,51.1725,1.0696999999999974,-0.18670000000000186,0.3070999999999984,4.399500000000003,3.5519999999999996,-10.110099999999996,7.936507936507937,83.73015873015873,85.31746031746032,6.746031746031746,9.920634920634921,47.61904761904762,-0.16147381555285945,-3.8675594975176253,483.77819999999997,555.2385,12.468895870049558,False,False,True,6.325601391358715,5.4971940395945,2026-08-11,548.66,23701222.0,6.55959,570045,2275.3,Specialized Retail,0000-00-00,XLY,C. Cyclical,5,60,97.5965,2,46588,50.81,59.92,0.0,4.76,312760889.7,True,True,57.049180327868854,,False,False,False,,True,False,11.607142857142858,-5.972222222222221,305,266,,,,,False,False,kink rank <70; five-day return <=0; near-front earnings flag
ZS,2026-08-11,178.38,0.922009,52.551,3.64646,49.559999999999995,71.1151,61.6768,0.0555128,55.2797,76.1373,54.6271,52.467,55.4037,77.2912,-2.1601,2.0760999999999967,5.022199999999998,5.719700000000003,5.8437000000000054,-20.857599999999998,4.365079365079365,96.82539682539682,86.5079365079365,51.19047619047619,1.5873015873015872,42.857142857142854,9.261300992282262,0.0,143.133,185.10965,24.62534845213891,False,False,True,19.983856864195882,19.155449512431666,2026-08-11,176.68,28845745.0,5.55128,2232219,15110.1,Infrastructure Software,0000-00-00,XLK,Technology,5,53,92.2009,3,227893,58.6,53.17,0.0,4.76,394388452.92,True,True,78.36065573770492,,False,False,False,,False,False,10.595238095238095,23.73015873015873,305,266,,,,,False,False,kink rank <70
AAPL,2026-08-12,301.54,0.972795,23.0864,2.2847,22.8564,23.0864,24.964,0.009222,26.4982,24.6933,22.957900000000002,23.8099,29.074499999999997,27.7566,0.8519999999999968,-0.12849999999999895,1.6068999999999996,3.6418,6.218099999999996,1.8049,3.9682539682539684,90.47619047619048,97.61904761904762,26.58730158730159,66.26984126984127,32.93650793650794,-2.729032258064512,-11.217759981156505,309.3482,280.01779999999997,-2.5240812779902977,True,True,False,2.3418408905783394,-0.17742911622282698,2026-08-12,304.91,4426950956.0,0.9222,55513495,1437017.3,Consumer Electronics Manufacturing,0000-00-00,XLK,Technology,5,47,97.2795,11,5022694,41.5,48.81,0.0,4.76,16926619760.45,True,True,48.52459016393443,,False,False,False,,False,False,10.873015873015873,28.075396825396826,305,260,,,,,False,False,kink rank <70; five-day return <=0; more than 5% below 20-day high
ABBV,2026-08-12,249.0,0.787536,22.5917,2.7511,23.416,22.5917,26.970499999999998,0.0302481,26.779999999999998,25.0339,23.502200000000002,23.3889,29.4999,27.4948,-0.1133000000000024,0.9105000000000025,2.4421999999999997,3.363999999999997,6.0839,1.7460999999999984,0.0,100.0,97.61904761904762,64.28571428571429,66.26984126984127,23.80952380952381,1.45045632333769,-6.235878897424307,243.13119999999998,225.42775,2.4138407575827525,True,True,True,20.10418676442216,17.584916757620995,2026-08-12,250.09,440421832.0,3.02481,5643317,18230.5,Major Pharmaceuticals,0000-00-00,XLV,Healthcare,5,36,78.7536,11,295882,37.42,35.71,0.0,4.76,1411337148.53,True,True,78.0327868852459,,True,False,False,,False,False,20.0,28.075396825396826,305,260,,,,,False,False,kink rank <70; more than 5% below 20-day high
AMAT,2026-08-12,548.18,0.969528,56.635400000000004,2.71179,80.4693,67.7215,67.4903,0.0591939,86.455,73.8843,58.3336,55.6584,83.7842,71.62570000000001,-2.6751999999999967,1.6981999999999928,6.16279999999999,5.985699999999994,3.3148999999999944,12.570700000000002,0.3968253968253968,98.41269841269842,91.66666666666667,1.5873015873015872,92.85714285714286,85.31746031746032,1.5750074117995894,-2.9632514338313376,558.7298000000001,385.81300000000005,-1.8881756441127884,True,True,False,27.368200934036558,24.848930927235394,2026-08-12,525.61,435102230.0,5.91939,7319387,44286.95,Semiconductor Equipment & Materials Manufacturing,0000-00-00,XLK,Technology,10,81,96.9528,0,503176,47.98,79.37,5.04,9.52,3847143001.07,True,True,84.59016393442623,,True,False,False,grab,True,False,20.11904761904762,23.809523809523817,305,260,,,,,False,True,near-front earnings flag
BX,2026-08-12,146.84,0.884347,33.9705,2.6433,33.293,33.9705,35.462900000000005,0.0347833,34.9205,34.883399999999995,33.369,34.8514,36.735800000000005,38.190400000000004,1.4823999999999984,-0.6015000000000015,0.9128999999999934,1.6274999999999977,3.4428000000000054,0.03710000000000235,1.1904761904761905,92.85714285714286,88.0952380952381,4.761904761904762,30.952380952380953,30.555555555555557,7.701334898049006,0.0,124.7348,131.16905,17.72175848279709,True,True,True,19.459811259355675,16.94054125255451,2026-08-12,147.17,117462394.0,3.47833,5333595,18647.2,Investment Management,0000-00-00,XLF,Financials,5,42,88.4347,10,490651,27.15,42.46,0.0,4.76,784945176.15,True,True,76.72131147540983,,False,False,False,,False,False,10.476190476190474,25.357142857142858,305,260,,,,,False,False,kink rank <70; IVR outside 30–70
CAT,2026-08-12,857.94,0.972973,37.7783,2.94276,38.4584,37.7783,41.882799999999996,0.0433306,41.2822,40.2367,37.8637,38.0737,41.778,39.848800000000004,0.21000000000000085,0.08539999999999992,2.4583999999999975,2.8238000000000056,3.319600000000001,1.045500000000004,0.3968253968253968,99.2063492063492,92.46031746031746,6.746031746031746,44.04761904761905,52.77777777777778,-2.5090338855935035,-4.05824005009896,915.2424000000001,751.0170999999999,-6.260898752068311,False,True,False,-6.107797537619697,-8.627067544420864,2026-08-12,843.37,403502032.0,4.33306,3116130,34465.7,Farm & Construction Equipment,0000-00-00,XLI,Industrials,5,69,97.2973,11,306140,57.11,68.65,0.0,4.76,2628050558.1,True,True,25.901639344262296,,False,False,False,,False,False,10.079365079365079,26.4484126984127,305,260,,,,,False,False,kink rank <70; five-day return <=0
CEG,2026-08-12,278.75,0.919311,41.491499999999995,1.77334,41.3499,41.491499999999995,44.0923,0.065521,47.653,44.6757,41.9336,41.6506,49.6168,42.3699,-0.28300000000000125,0.4421000000000035,3.184200000000004,6.303100000000001,8.2669,2.9772999999999996,7.142857142857143,88.0952380952381,93.25396825396825,65.47619047619048,59.12698412698413,7.936507936507937,5.53515314428501,-0.10034763287101178,260.80100000000004,303.85245000000003,6.882258887044124,False,False,True,-5.8181572456668,-8.337427252467966,2026-08-12,278.36,98763182.0,6.5521,2817600,8567.75,Independent Power Production,0000-00-00,XLU,Utilities,5,8,91.9311,12,225006,12.29,7.94,0.0,4.76,784307136.0,True,True,27.54098360655738,,False,False,False,,False,False,11.309523809523808,27.28174603174603,305,260,,,,,False,False,kink rank <70; IVR outside 30–70
CSCO,2026-08-12,123.45,0.969682,37.9444,3.42465,75.0556,49.6255,43.2376,0.0492323,80.28840000000001,51.68000000000001,39.0567,36.8335,72.3024,47.6269,-2.2231999999999985,1.1122999999999976,2.0545000000000044,5.232800000000012,-2.7531999999999925,28.608400000000003,1.1904761904761905,97.22222222222223,92.46031746031746,0.0,99.2063492063492,99.2063492063492,0.5620723362658842,0.0,118.10179999999998,91.57764999999999,4.528466119906738,True,True,True,24.835676003640405,22.316405996839237,2026-08-12,120.43,486570109.0,4.92323,20025997,49596.95,Communications Equipment Manufacturing,0000-00-00,XLK,Technology,19,90,96.9682,13,946686,71.23,78.17,0.0,4.76,2411730818.71,True,True,82.95081967213115,,True,False,False,grab,False,False,20.25793650793651,54.20634920634921,305,260,,,,,False,True,IVR outside 30–70
CVNA,2026-08-12,72.44,0.957045,54.153099999999995,2.84649,54.30500000000001,54.153099999999995,61.852799999999995,0.0466276,56.9517,54.730199999999996,53.4488,55.632999999999996,63.6657,62.9328,2.184199999999997,-0.7042999999999964,0.5771000000000015,2.6466999999999956,9.360699999999994,2.221500000000006,0.0,99.60317460317461,90.87301587301587,13.492063492063492,46.42857142857143,26.19047619047619,4.365365221149697,-2.68672756582482,66.69980000000001,272.79685,8.60602280666507,False,False,True,-1.5627123250441688,-4.081982331845335,2026-08-12,72.0,79649591.0,4.66276,10501783,52151.55,Auto Dealerships,0000-00-00,XLY,C. Cyclical,5,25,95.7045,11,1190077,22.36,25.4,0.0,4.76,756128376.0,True,True,36.39344262295082,,False,False,False,,False,False,10.019841269841269,26.40873015873016,305,260,,,,,False,False,kink rank <70; IVR outside 30–70
ENPH,2026-08-12,40.88,0.654439,69.4746,3.30365,64.1842,69.4746,77.43910000000001,0.113041,81.9327,73.0864,70.883,68.3318,73.5547,69.227,-2.5511999999999944,1.4084000000000003,3.6118000000000023,17.748499999999993,9.370499999999993,8.8463,27.38095238095238,58.333333333333336,94.04761904761905,80.15873015873017,75.7936507936508,23.41269841269841,4.7667862634546365,-2.9900332225913595,46.179399999999994,40.20625,-11.475679632043711,False,True,False,8.665603402445532,6.1463333956443655,2026-08-12,42.3,5402073.0,11.30407,4691156,20571.0,Solar,0000-00-00,XLK,Technology,5,60,65.4439,10,414072,30.4,60.32,0.0,4.76,198435898.79999998,True,True,61.31147540983607,,True,False,False,other,False,False,24.82142857142857,33.19444444444444,305,260,,,,,False,False,local RR rank >10; opposite put-wing rank >=70
FDX,2026-08-12,326.37,0.912646,25.822400000000002,3.80511,25.6801,25.822400000000002,29.0277,0.0360866,33.3843,28.349200000000003,25.8413,27.0949,31.482,29.0967,1.2535999999999987,0.018899999999998585,2.5268000000000015,7.704200000000004,5.8019,5.0351,8.333333333333334,93.25396825396825,97.22222222222223,59.12698412698413,73.41269841269842,9.523809523809524,4.756860857005285,0.0,319.3038,329.26985,2.213002162830513,False,False,True,-13.183305402601553,-15.70257540940272,2026-08-12,322.43,77213002.0,3.60866,1520369,4623.05,Freight & Logistics Services,0000-00-00,XLI,Industrials,5,8,91.2646,11,52593,31.88,8.33,0.0,4.76,490212576.67,True,True,18.688524590163937,,False,False,False,grab,False,True,11.170634920634921,53.39285714285714,305,260,,,,,True,True,passed original surface
GOOG,2026-08-12,343.05,0.986242,27.9306,3.05553,28.4293,27.9306,32.1355,0.0143813,32.9376,30.5087,28.159499999999998,28.157700000000002,33.9814,32.1691,-0.001799999999995805,0.22889999999999944,2.5781000000000027,4.508300000000002,5.552099999999999,2.4289000000000023,5.9523809523809526,80.55555555555556,89.28571428571429,23.015873015873016,71.42857142857143,16.666666666666668,-4.61294627961294,-9.096931474905922,352.9188,329.6274000000001,-2.7963372877840342,False,True,False,-10.654755703719132,-13.174025710520299,2026-08-12,343.0,4195479144.0,1.43813,21225835,221859.55,Internet Content & Media,0000-00-00,XLC,Comm,5,15,98.6242,11,1856228,22.76,15.48,0.0,4.76,7280461405.0,True,True,20.983606557377048,,False,False,False,other,False,False,11.567460317460316,32.5,305,260,,,,,False,False,five-day return <=0; IVR outside 30–70; more than 5% below 20-day high
GS,2026-08-12,1033.45,0.986248,30.058400000000002,2.1106,29.5288,30.058400000000002,32.7382,0.030599,31.4822,31.015900000000002,29.307,31.0891,33.3374,34.489799999999995,1.7820999999999998,-0.7514000000000038,0.9574999999999996,1.9533999999999985,3.808600000000002,0.46629999999999683,6.349206349206349,79.76190476190476,90.07936507936508,3.9682539682539684,31.746031746031747,40.87301587301587,-3.109823554780511,-5.965368831948748,1055.2942,928.0692999999999,-2.0699630491667675,True,True,False,9.133437526400279,6.614167519599112,2026-08-12,1034.41,304861489.0,3.0599,2091064,37222.0,Investment Banking & Brokerage,0000-00-00,XLF,Financials,5,59,98.6248,8,477988,38.77,58.33,0.0,4.76,2163017512.2400002,True,True,61.967213114754095,,True,False,False,,False,False,21.6468253968254,25.595238095238095,305,260,,,,,False,False,kink rank <70; five-day return <=0; more than 5% below 20-day high
HD,2026-08-12,344.85,0.980962,26.3235,2.52563,40.0749,30.744100000000003,28.720200000000002,0.0365166,42.7028,31.819799999999997,25.9846,26.9917,40.9239,35.3139,1.0071000000000012,-0.33889999999999887,1.075699999999994,2.627900000000004,0.8490000000000038,10.883000000000006,3.9682539682539684,90.87301587301587,90.07936507936508,1.1904761904761905,97.22222222222223,97.22222222222223,-2.350276086648717,-2.867363321409444,336.39799999999997,347.53074999999995,2.512500074316759,True,False,True,11.16662905773509,8.647359050933924,2026-08-12,354.48,343855688.0,3.65166,3758261,15033.7,Home Improvement Stores,0000-00-00,XLY,C. Cyclical,5,56,98.0962,0,248008,59.5,55.95,0.0,4.76,1332228359.28,True,True,64.26229508196721,,False,False,False,other,True,False,10.853174603174605,3.8690476190476204,305,260,,,,,False,False,five-day return <=0; near-front earnings flag
HOOD,2026-08-12,95.03,0.949676,58.012,2.58299,57.733900000000006,58.012,63.5196,0.0486184,69.0497,66.2247,59.2669,57.345,59.53960000000001,59.957300000000004,-1.9219000000000008,1.2548999999999992,8.212699999999998,11.315799999999996,1.8057000000000016,2.825000000000003,3.5714285714285716,92.06349206349206,92.06349206349206,0.0,59.523809523809526,16.666666666666668,1.1387824606215569,-10.618886380737392,98.66940000000001,97.75529999999999,-3.6884789002466944,True,False,False,21.475137415313817,18.955867408512653,2026-08-12,94.38,85439788.0,4.86184,19346223,184878.3,Investment Banking & Brokerage,0000-00-00,XLF,Financials,5,26,94.9676,12,1698415,32.2,25.79,0.0,4.76,1825896526.74,True,True,80.32786885245902,,False,False,False,,False,False,10.753968253968255,27.182539682539684,305,260,,,,,False,False,kink rank <70; more than 5% below 20-day high
KHC,2026-08-12,24.52,0.533471,27.304699999999997,3.34177,25.305299999999995,27.304699999999997,28.050900000000002,0.0683272,33.494800000000005,29.231099999999998,28.2055,26.656200000000002,25.2402,26.326,-1.5492999999999988,0.9008000000000038,1.926400000000001,8.18950000000001,-0.06509999999999394,4.263700000000007,1.9841269841269842,91.66666666666667,97.61904761904762,0.7936507936507936,81.74603174603175,39.682539682539684,-4.739704739704731,-11.255881288454573,24.683000000000003,23.96875,-0.6603735364421048,True,True,False,4.562899786780394,2.043629779979228,2026-08-12,24.65,29076399.0,6.83272,14993606,35472.2,Packaged Food Products,0000-00-00,XLP,C. Defensive,14,67,53.3471,11,410449,64.23,65.87,11.28,14.29,369592387.9,True,True,51.47540983606558,,True,False,False,other,False,False,20.615079365079367,33.84920634920635,305,260,,,,,False,False,five-day return <=0; more than 5% below 20-day high
LEN,2026-08-12,85.52,0.684861,40.373,1.0,36.3072,40.373,40.1484,0.100915,43.9839,40.0952,40.1674,40.5936,37.1584,40.7917,0.42620000000000147,-0.2055999999999969,-0.27779999999999916,7.676699999999997,0.8511999999999986,3.8887,5.555555555555555,56.74603174603175,88.4920634920635,1.5873015873015872,68.25396825396825,18.253968253968253,-2.729754322111011,-3.0495408683822722,87.26140000000001,101.53895,-1.9956131806274202,False,False,False,-0.05843169335046916,-2.5777017001516356,2026-08-12,87.55,20601353.0,10.09151,2379365,3912.45,Residential Homebuilding,0000-00-00,XLY,C. Cyclical,100,85,68.4861,5,91843,63.02,84.92,100.0,100.0,208313405.75,True,True,40.0,,False,False,False,,False,False,12.718253968253968,27.26190476190476,305,260,,,,,False,False,kink rank <70; five-day return <=0
LRCX,2026-08-12,325.38,0.979479,64.4816,2.22612,68.608,64.4816,68.26050000000001,0.0516405,73.9419,67.2314,65.4777,64.5518,72.6086,67.0322,-0.9258999999999986,0.9960999999999984,2.7497999999999934,5.3339,4.0005999999999915,6.71050000000001,0.3968253968253968,96.82539682539682,93.65079365079364,1.1904761904761905,77.77777777777777,61.507936507936506,4.6877513593513775,0.0,337.6678,247.69495000000003,-3.6390203626167517,True,True,False,12.514263978699125,9.994993971897959,2026-08-12,311.41,407140836.0,5.16405,11081612,53708.45,Semiconductor Equipment & Materials Manufacturing,0000-00-00,XLK,Technology,5,77,97.9479,10,630499,56.7,77.38,0.0,4.76,3450924792.92,True,True,66.22950819672131,,True,False,False,grab,False,True,20.1984126984127,53.25396825396825,305,260,,,,,True,True,passed original surface
META,2026-08-12,581.92,0.982153,33.937200000000004,3.73583,34.5948,33.937200000000004,39.0812,0.0154628,41.5435,38.0415,34.7366,33.6261,38.201499999999996,36.0205,-1.1105000000000018,0.7993999999999986,4.104299999999995,6.948700000000002,3.6066999999999965,3.5020000000000024,9.523809523809524,89.28571428571429,87.6984126984127,14.285714285714286,82.14285714285714,63.888888888888886,-0.9599019674586429,-12.055494264685896,597.7324,629.2527,-2.64539784023754,False,False,False,-3.44140975010786,-5.960679756909027,2026-08-12,599.12,1482444822.0,1.54628,16705388,543308.9,Internet Content & Media,0000-00-00,XLC,Comm,5,77,98.2153,11,3296343,45.06,76.59,0.0,4.76,10008532058.56,True,True,32.78688524590164,,False,False,False,other,False,False,11.488095238095237,32.87698412698413,305,260,,,,,False,False,five-day return <=0; more than 5% below 20-day high
MS,2026-08-12,218.16,0.894977,28.0991,2.45305,28.281,28.0991,31.4027,0.0278335,29.2263,29.2444,28.1696,29.021200000000004,31.3913,31.606299999999997,0.8516000000000048,0.07049999999999912,1.1452999999999989,0.9452999999999996,3.1103000000000023,-0.01810000000000045,0.0,99.2063492063492,92.46031746031746,1.9841269841269842,30.158730158730158,40.476190476190474,-0.35626198958619293,-0.35626198958619293,216.474,186.72314999999998,0.778846420355328,True,True,True,13.802816901408455,11.283546894607289,2026-08-12,215.07,342947520.0,2.78335,6040481,16153.35,Investment Banking & Brokerage,0000-00-00,XLF,Financials,5,54,89.4977,9,375010,38.94,53.17,0.0,4.76,1299126248.67,True,True,69.83606557377048,,True,False,False,,False,False,20.039682539682538,25.753968253968253,305,260,,,,,False,False,kink rank <70; five-day return <=0
NU,2026-08-12,13.57,0.63607,38.6745,2.83862,62.5093,47.001799999999996,45.3845,0.0619655,70.5658,48.1962,39.1753,38.3088,67.8549,46.4036,-0.866500000000002,0.5007999999999981,1.1944000000000017,8.056499999999993,5.3455999999999975,22.3696,0.7936507936507936,79.36507936507937,92.85714285714286,19.047619047619047,95.63492063492063,87.6984126984127,-5.829285218598191,-7.875084860828241,13.343399999999999,15.0744,1.6982178455266395,True,False,True,1.5718562874251552,-0.9474137193760113,2026-08-12,13.65,65225488.0,6.19655,92326985,50920.15,Regional Banking,0000-00-00,XLF,Financials,43,70,63.607,0,1815686,50.48,61.9,44.86,42.86,1260263345.25,True,True,45.57377049180328,,False,False,False,other,True,False,11.11111111111111,4.067460317460316,305,260,,,,,False,False,five-day return <=0; more than 5% below 20-day high; near-front earnings flag
TFC,2026-08-12,52.8,0.506514,23.677500000000002,2.11201,22.7151,22.7151,25.412499999999998,0.0208332,23.0655,23.0655,23.241500000000002,24.8721,27.4552,27.4552,1.6305999999999976,-0.43599999999999994,0.3504000000000005,0.3504000000000005,4.740100000000002,0.0,0.0,99.2063492063492,90.07936507936508,6.349206349206349,19.047619047619047,15.079365079365079,-0.20790020790020236,-1.5659955257270708,50.894,49.12035,3.7450387079027037,True,True,True,10.367892976588621,7.8486229697874546,2026-08-12,52.31,64501853.0,2.08332,7661191,3351.95,Regional Banking,0000-00-00,XLF,Financials,14,23,50.6514,9,149278,20.43,21.43,11.08,14.29,400756901.21000004,True,True,62.95081967213115,,True,False,False,,False,False,20.039682539682538,24.96031746031746,305,260,,,,,False,False,kink rank <70; five-day return <=0; IVR outside 30–70
TOST,2026-08-12,33.92,0.845001,36.7204,4.0,36.3308,36.7204,44.4146,0.0269193,41.2992,36.2501,36.3261,37.4704,44.105,40.097500000000004,1.1443000000000012,-0.3943000000000012,-0.4702999999999946,4.9683999999999955,7.774199999999993,5.049099999999996,3.9682539682539684,65.07936507936508,86.5079365079365,38.888888888888886,73.80952380952381,4.761904761904762,-2.752293577981657,-4.4507042253521085,28.899600000000007,30.270500000000002,17.37186673863995,True,True,True,46.64937310851709,44.130103101715925,2026-08-12,34.88,19673600.0,2.69193,10207451,14545.45,Infrastructure Software,0000-00-00,XLF,Financials,5,5,84.5001,11,333126,8.58,4.76,0.0,4.76,356035890.88000005,True,True,93.77049180327869,,False,False,False,other,False,False,12.142857142857142,32.34126984126984,305,260,,,,,False,False,five-day return <=0; IVR outside 30–70
TSLA,2026-08-12,327.33,0.982199,37.3368,2.24163,36.6926,37.3368,42.613800000000005,0.00508949,49.1236,43.946200000000005,38.3133,37.3685,42.7444,41.19,-0.9448000000000008,0.9765000000000015,6.609400000000008,12.431000000000004,6.0518,5.177399999999999,38.888888888888886,55.15873015873016,87.3015873015873,7.936507936507937,86.5079365079365,2.380952380952381,1.5606577722618642,-16.006774268045465,374.03960000000006,407.07340000000005,-12.487875615309196,False,False,False,-24.63911592034075,-27.158385927141914,2026-08-12,332.81,1292805348.0,0.50895,37920421,2143019.9,Automobile Manufacturing,0000-00-00,XLY,C. Cyclical,5,1,98.2199,10,5792159,4.76,1.19,0.0,4.76,12620295313.01,True,True,7.213114754098362,,False,False,False,other,False,False,16.13095238095238,33.05555555555556,305,260,,,,,False,False,local RR rank >10; IVR outside 30–70; more than 5% below 20-day high
ULTA,2026-08-12,533.93,0.974762,33.4625,4.0,31.497799999999998,47.4298,38.1603,0.0651995,37.811699999999995,46.9731,33.1962,33.8326,36.4668,48.343399999999995,0.6364000000000019,-0.2663000000000011,-0.4566999999999979,6.313899999999997,4.969000000000001,-9.161400000000008,3.9682539682539684,80.15873015873017,92.46031746031746,22.22222222222222,11.11111111111111,40.476190476190474,-1.2831179396158188,-5.664411031997041,484.42240000000004,555.29355,10.219923769008176,True,False,True,4.895778079016111,2.3765080722149445,2026-08-12,541.35,23258213.0,6.51995,563840,2358.3,Specialized Retail,0000-00-00,XLY,C. Cyclical,10,64,97.4762,2,47116,52.97,63.89,17.78,9.52,305234784.0,True,True,52.131147540983605,,False,False,False,,True,False,11.38888888888889,-5.198412698412696,305,260,,,,,False,False,kink rank <70; five-day return <=0; more than 5% below 20-day high; near-front earnings flag
VRT,2026-08-12,287.57,0.95027,58.6087,2.43776,61.3476,58.6087,63.682700000000004,0.0443154,64.7824,60.642399999999995,59.0812,58.886799999999994,65.774,60.328,-0.1944000000000088,0.4725000000000037,2.033699999999996,3.4347999999999956,4.426400000000001,4.140000000000001,4.761904761904762,94.44444444444444,86.11111111111111,10.714285714285714,60.317460317460316,32.142857142857146,3.4201251528447107,-5.239397634033027,298.48260000000005,250.2061,-3.65602551036478,False,True,False,-22.128950147580497,-24.64822015438166,2026-08-12,281.81,110711049.0,4.43154,6258506,35040.25,Electrical Equipment Manufacturing,0000-00-00,XLI,Industrials,5,41,95.027,10,475473,46.66,41.27,0.0,4.76,1763709575.86,True,True,9.180327868852459,,False,False,False,,False,False,10.753968253968253,26.626984126984127,305,260,,,,,False,False,kink rank <70; more than 5% below 20-day high
W,2026-08-12,102.96,0.884809,54.530199999999994,4.0,54.021300000000004,54.530199999999994,60.828,0.0979508,61.6156,58.6497,53.9777,55.58689999999999,62.03340000000001,60.534200000000006,1.6091999999999942,-0.5524999999999949,4.119500000000009,7.594299999999997,8.012100000000004,2.9658999999999978,22.22222222222222,56.34920634920635,86.5079365079365,46.03174603174603,57.93650793650794,9.523809523809524,-4.693140794223838,-10.926550739683371,88.43419999999998,88.25470000000001,16.42554577301545,True,True,True,70.49180327868851,67.97253327188734,2026-08-12,103.2,13551068.0,9.79508,3952833,8781.85,E-commerce & Internet Retail,0000-00-00,XLY,C. Cyclical,5,12,88.4809,10,193790,18.64,11.9,0.0,4.76,407932365.6,True,True,98.0327868852459,,False,False,False,,False,False,14.404761904761905,26.547619047619047,305,260,,,,,False,False,kink rank <70; local RR rank >10; five-day return <=0; IVR outside 30–70; more than 5% below 20-day high
WDAY,2026-08-12,174.95,0.954912,50.9111,3.34967,50.072300000000006,66.28070000000001,61.102599999999995,0.0780619,54.7787,72.42729999999999,53.4914,49.5491,50.689499999999995,69.13810000000001,-3.942299999999996,2.580300000000001,6.146599999999978,4.706399999999995,0.6171999999999898,-17.648599999999988,0.0,100.0,85.71428571428571,3.1746031746031744,0.3968253968253968,46.42857142857143,2.154618708396594,-5.294213175986573,143.0826,163.06865,22.27203028180922,True,True,True,47.52508643224553,45.005816425444365,2026-08-12,181.27,43208010.0,7.80619,4406172,8793.65,Application Software,0000-00-00,XLK,Technology,5,63,95.4912,2,169276,66.18,62.7,0.0,4.76,798706798.44,True,True,94.42622950819673,,False,False,False,,True,False,10.0,-6.408730158730162,305,260,,,,,False,False,kink rank <70; more than 5% below 20-day high; near-front earnings flag
AAPL,2026-08-13,304.21,0.960597,23.0515,2.21378,21.7109,23.0515,25.288899999999998,0.010045,24.1752,24.7161,23.1615,23.924599999999998,26.6999,29.6543,0.7630999999999979,0.10999999999999943,1.6646,2.4643000000000015,4.989000000000001,-0.5409000000000006,3.5714285714285716,94.84126984126983,88.4920634920635,8.333333333333334,34.523809523809526,19.444444444444443,-2.705728083922354,-10.431633494288073,309.134,280.2224,-1.5928367633453622,True,True,False,1.6031528673056794,-0.6710665920782732,2026-08-13,302.25,4466149599.0,1.0045,55766871,1395473.75,Consumer Electronics Manufacturing,0000-00-00,XLK,Technology,14,52,96.0597,11,5035461,42.18,52.38,2.38,14.29,16855536759.75,True,True,43.278688524590166,,False,False,False,,False,False,10.615079365079366,25.575396825396822,305,265,,,,,False,False,kink rank <70; five-day return <=0; more than 5% below 20-day high
AKAM,2026-08-13,125.08,0.912154,48.3774,4.0,50.024,48.3774,55.174299999999995,0.089723,57.040400000000005,47.265,47.693000000000005,49.1622,55.2979,52.4487,1.4691999999999936,-0.6843999999999966,-1.112400000000001,7.016400000000004,5.273899999999998,9.775400000000005,11.11111111111111,50.3968253968254,91.26984126984127,15.476190476190476,83.73015873015873,54.76190476190476,6.09890575960641,0.0,123.5716,107.2422,1.2206688268178167,False,True,True,-23.587268617508705,-25.86148807689266,2026-08-13,122.78,17976073.0,8.9723,3739449,6938.7,Infrastructure Software,0000-00-00,XLK,Technology,14,65,91.2154,12,224489,58.58,65.08,5.48,14.29,459129548.22,True,True,9.180327868852459,,False,False,False,other,False,False,13.591269841269842,33.31349206349206,305,265,,,,,False,False,local RR rank >10
AMAT,2026-08-13,534.08,0.937216,57.06909999999999,2.61935,82.3088,67.7217,67.5232,0.102987,89.9895,74.75030000000001,59.968900000000005,55.0423,83.00370000000001,68.1884,-4.926600000000008,2.8998000000000133,7.0286000000000115,7.680700000000002,0.6949000000000041,15.239199999999997,0.0,100.0,96.42857142857143,0.0,97.22222222222223,86.9047619047619,0.7317993210109286,-5.459180060893565,559.6678,387.33355000000006,-4.571962153263065,True,True,False,22.212306354545674,19.93808689516172,2026-08-13,548.15,423910758.0,10.29874,7339077,47937.8,Semiconductor Equipment & Materials Manufacturing,0000-00-00,XLK,Technology,14,82,93.7216,13,522901,50.91,81.75,10.39,14.29,4022915057.5499997,True,True,80.0,,True,False,False,grab,False,False,20.0,54.50396825396825,305,265,,,,,False,True,more than 5% below 20-day high
AMT,2026-08-13,174.74,0.830459,26.1203,2.02003,26.038099999999996,26.1203,29.0412,0.0333968,28.8011,27.5772,26.170700000000004,27.929,30.6128,32.0475,1.7582999999999949,0.05040000000000333,1.456900000000001,2.7630000000000052,4.5747000000000035,1.2239000000000004,17.063492063492063,95.23809523809524,90.87301587301587,46.42857142857143,89.28571428571429,44.04761904761905,2.378720412467783,-2.194111720586578,173.82999999999996,178.05989999999997,0.5234999712362853,False,False,True,0.2696964480404018,-2.004523011343551,2026-08-13,170.43,81421859.0,3.33968,3030626,2160.85,Specialty REITs,0000-00-00,XLRE,Real Estate,5,54,83.0459,10,50644,51.19,53.57,0.0,4.76,516509589.18,True,True,39.34426229508197,,False,False,False,other,False,False,11.944444444444443,33.551587301587304,305,265,,,,,False,False,local RR rank >10
ANF,2026-08-13,109.91,0.830077,52.2651,3.56453,59.1217,70.1399,58.678799999999995,0.142712,73.1832,76.4201,54.1635,51.875400000000006,73.94420000000001,81.2544,-2.288099999999993,1.8984000000000023,6.280200000000008,14.061500000000002,14.822500000000012,-3.2369000000000057,1.1904761904761905,95.23809523809524,91.66666666666667,79.36507936507937,37.301587301587304,82.14285714285714,-0.9284297818640708,-7.076428812986135,94.3694,92.74965,16.467838091584763,True,True,True,53.39846475924632,51.12424529986237,2026-08-13,112.23,4917211.0,14.27121,979817,2776.7,Apparel Retail Stores,0000-00-00,XLY,C. Cyclical,67,61,83.0077,1,43904,38.61,61.11,49.46,66.67,109964861.91000001,True,True,94.75409836065573,,False,False,False,,True,False,10.357142857142858,-3.9682539682539684,305,265,,,,,False,False,kink rank <70; opposite put-wing rank >=70; five-day return <=0; more than 5% below 20-day high; near-front earnings flag
ARM,2026-08-13,279.25,0.933103,73.3392,2.79855,72.58,73.3392,78.8199,0.0580359,89.563,89.4416,77.1411,71.6322,74.29480000000001,73.05420000000001,-5.508899999999997,3.801899999999989,16.10239999999999,16.983000000000004,1.714800000000011,0.12140000000000839,6.746031746031746,92.06349206349206,87.6984126984127,5.158730158730159,35.317460317460316,60.714285714285715,-3.0583906130667193,-3.1088442455154186,314.18379999999996,194.5543,-11.118905557829518,False,True,False,26.420390239485727,24.146170780101773,2026-08-13,271.87,298238600.0,5.80359,5771389,59307.9,Semiconductors,0000-00-00,XLK,Technology,14,75,93.3103,11,818084,51.08,75.79,11.72,14.29,1569067527.43,True,True,84.91803278688525,,True,False,False,,False,False,21.07142857142857,25.535714285714285,305,265,,,,,False,False,kink rank <70; five-day return <=0
CAT,2026-08-13,852.87,0.92953,37.438700000000004,2.94916,37.7556,37.438700000000004,41.9777,0.0425403,40.6177,39.0143,37.305899999999994,37.985600000000005,40.5096,39.9317,0.6797000000000111,-0.13280000000001024,1.5755999999999943,2.862099999999998,2.753999999999998,1.6034000000000006,2.380952380952381,97.61904761904762,92.85714285714286,4.365079365079365,47.61904761904762,48.80952380952381,-1.1864072945511062,-4.62520827974906,914.1182000000001,752.6673499999998,-6.7002494863355855,False,True,False,-5.692486316138668,-7.9667057755226205,2026-08-13,855.6,401117535.0,4.25403,3168856,34175.3,Farm & Construction Equipment,0000-00-00,XLI,Industrials,10,69,92.953,11,313045,57.11,68.65,0.02,9.52,2711273193.6,True,True,27.21311475409836,,False,False,False,,False,False,10.357142857142856,26.666666666666664,305,265,,,,,False,False,kink rank <70; five-day return <=0
CEG,2026-08-13,278.64,0.894402,41.3518,2.59072,40.7211,41.3518,43.4355,0.0573603,46.773399999999995,41.347899999999996,41.3472,41.3612,43.527300000000004,41.3862,0.013999999999995794,-0.004599999999996385,-0.003900000000001569,6.052299999999995,2.806200000000004,5.4254999999999995,9.523809523809524,75.7936507936508,92.06349206349206,8.333333333333334,75.7936507936508,6.349206349206349,5.23056006646776,-0.13976991721319498,260.9282,303.2966,6.787997617735453,False,False,True,1.0370585249111608,-1.2371609344727919,2026-08-13,278.68,98724208.0,5.73603,2803814,8430.2,Independent Power Production,0000-00-00,XLU,Utilities,5,3,89.4402,12,226716,5.94,3.17,0.0,4.76,781366885.52,True,True,41.31147540983607,,False,False,False,grab,False,False,12.162698412698413,52.99603174603174,305,265,,,,,False,True,IVR outside 30–70
CSCO,2026-08-13,112.29,0.897936,30.734,3.66281,33.0926,30.734,34.4059,0.0396636,41.6939,34.9796,32.055,29.654000000000003,32.6496,29.6317,-2.4009999999999962,1.320999999999998,4.245599999999996,8.601300000000002,-0.44299999999999784,6.7143000000000015,0.7936507936507936,98.41269841269842,97.61904761904762,1.1904761904761905,84.92063492063492,65.07936507936508,-6.983101391650093,-9.040097205346287,117.79279999999999,91.78560000000002,-4.671592830801186,True,True,False,10.391270153362186,8.117050693978232,2026-08-13,123.88,442583699.0,3.96636,20661876,62772.25,Communications Equipment Manufacturing,0000-00-00,XLK,Technology,5,72,89.7936,13,1085443,49.82,72.22,0.0,4.76,2559593198.88,True,True,60.0,,True,False,False,other,False,False,20.158730158730158,34.007936507936506,305,265,,,,,False,False,five-day return <=0; more than 5% below 20-day high
CVNA,2026-08-13,74.5,0.928756,52.8624,3.05114,53.0725,52.8624,60.616400000000006,0.0369574,56.19030000000001,54.3519,52.637,53.6787,61.7818,59.534600000000005,1.0416999999999987,-0.2254000000000005,1.4894999999999996,3.1178000000000097,8.709299999999999,1.8384000000000071,0.0,100.0,92.85714285714286,12.301587301587302,44.44444444444444,25.0,9.077598828696921,0.0,66.8814,271.39735,11.391208916081297,False,False,True,6.596079553584211,4.321860094200258,2026-08-13,72.48,81914613.0,3.69574,10259168,52103.15,Auto Dealerships,0000-00-00,XLY,C. Cyclical,5,22,92.8756,10,1198184,19.44,22.22,0.0,4.76,743584496.64,True,True,55.08196721311476,,False,False,False,,False,False,10.0,26.507936507936506,305,265,,,,,False,False,kink rank <70; IVR outside 30–70
DG,2026-08-13,122.65,0.801527,33.9591,3.596,40.929700000000004,46.4048,41.4117,0.0951883,47.5005,48.9501,33.361200000000004,35.7175,46.3774,55.9834,2.3562999999999974,-0.5978999999999957,2.5452999999999975,6.570799999999998,5.4476999999999975,-1.4495999999999967,48.01587301587302,47.22222222222222,88.4920634920635,29.365079365079364,37.301587301587304,81.34920634920636,-3.4859930752282,-4.60449560550672,118.49879999999999,124.15875,3.5031578378852846,True,False,True,20.742272100807256,18.468052641423302,2026-08-13,119.6,27010758.0,9.51883,2161360,4366.55,Discount Retail,0000-00-00,XLP,C. Defensive,10,62,80.1527,2,93991,52.09,61.9,13.44,9.52,258498656.0,True,True,77.37704918032787,,False,False,False,,True,False,17.440476190476193,-4.285714285714288,305,265,,,,,False,False,kink rank <70; local RR rank >10; five-day return <=0; near-front earnings flag
DOCU,2026-08-13,63.75,0.762507,59.556,2.69109,58.131600000000006,70.2376,60.7842,0.156649,77.247,71.73610000000001,59.6824,59.671600000000005,74.6648,73.1319,-0.010799999999996146,0.12640000000000384,1.498500000000007,19.115399999999994,16.533199999999994,5.510899999999992,8.73015873015873,73.80952380952381,97.61904761904762,90.47619047619048,68.65079365079364,76.58730158730158,12.156931738212528,0.0,50.001400000000004,54.1982,27.49643009995719,True,True,True,40.91511936339523,38.64089990401128,2026-08-13,58.1,12386076.0,15.66492,3023975,7503.3,Application Software,0000-00-00,XLK,Technology,95,83,76.2507,3,157379,66.69,82.14,80.84,95.24,175692947.5,True,True,90.81967213114754,,False,False,False,,False,False,12.182539682539684,28.194444444444446,305,265,,,,,False,False,kink rank <70; opposite put-wing rank >=70
GAP,2026-08-13,20.41,0.847594,41.612,4.0,39.1955,59.312799999999996,51.5659,0.0802282,52.1307,68.3396,41.075,43.5747,50.883,63.2823,2.499699999999997,-0.536999999999999,9.026800000000009,12.935199999999995,11.6875,-16.208900000000007,35.317460317460316,43.25396825396825,92.46031746031746,58.73015873015873,11.11111111111111,20.634920634920636,-0.341796875,-5.596669750231276,20.305799999999998,24.129749999999998,0.5131538772173538,False,False,True,-2.7632205812291533,-5.037440040613106,2026-08-13,20.25,7347170.0,8.02282,6082532,5289.0,Apparel Retail Stores,0000-00-00,XLY,C. Cyclical,86,84,84.7594,2,169431,41.72,63.1,39.33,76.19,123171273.0,True,True,31.80327868852459,,False,False,False,,True,False,16.36904761904762,-5.198412698412696,305,265,,,,,False,False,kink rank <70; local RR rank >10; five-day return <=0; more than 5% below 20-day high; near-front earnings flag
GS,2026-08-13,1043.77,0.942508,30.131999999999998,1.84574,28.242099999999997,30.131999999999998,33.2289,0.034879,30.4911,30.0115,29.8109,30.813299999999998,31.8533,34.4484,1.002399999999998,-0.3210999999999977,-0.12049999999999628,2.2490000000000023,3.6112000000000037,0.4795999999999978,0.7936507936507936,95.63492063492063,94.04761904761905,3.5714285714285716,32.53968253968254,30.952380952380953,1.1581477389467132,-5.026341889518749,1054.8337999999999,929.3741500000001,-1.048866655581182,True,True,False,9.210663988113922,6.936444528729969,2026-08-13,1037.21,307905827.0,3.4879,1993441,36561.25,Investment Banking & Brokerage,0000-00-00,XLF,Financials,10,63,94.2508,8,482710,42.41,63.1,11.53,9.52,2067616939.6100001,True,True,59.34426229508196,,True,False,False,,False,False,20.297619047619047,26.03174603174603,305,265,,,,,False,False,kink rank <70; more than 5% below 20-day high
HUM,2026-08-13,384.06,0.826724,44.2944,2.28561,40.9206,44.2944,51.5539,0.0896782,51.1139,48.0501,43.7971,45.368700000000004,44.4308,47.9476,1.5716000000000037,-0.49730000000000274,3.7556999999999974,10.1933,3.5101999999999975,3.0638000000000005,46.03174603174603,37.698412698412696,90.07936507936508,15.873015873015873,65.87301587301587,31.349206349206348,5.656121045392015,-5.170370370370369,379.17260000000005,269.5668,1.2889644452157123,True,True,True,26.24001577753672,23.965796318152766,2026-08-13,388.83,46118043.0,8.96782,1531674,4417.15,Health Insurance & Managed Care,0000-00-00,XLV,Healthcare,57,78,82.6724,12,125893,40.97,77.78,64.63,57.14,595560801.42,True,True,84.59016393442623,,True,False,False,,False,False,27.718253968253965,27.3015873015873,305,265,,,,,False,False,kink rank <70; local RR rank >10; more than 5% below 20-day high
INTU,2026-08-13,359.75,0.859626,51.322500000000005,3.06842,55.5758,64.3408,57.369800000000005,0.0854709,60.429500000000004,60.52459999999999,49.0682,53.674,56.9133,68.6605,4.605800000000002,-2.2543000000000077,-3.816200000000009,4.8537000000000035,1.3374999999999986,-0.09509999999998797,78.96825396825396,11.904761904761905,90.47619047619048,5.555555555555555,39.285714285714285,72.61904761904762,11.83474260134294,0.0,292.81499999999994,452.0649000000001,22.85914314498918,False,False,True,-4.1152482742077385,-6.389467733591691,2026-08-13,334.71,98404936.0,8.54709,3682394,10232.8,Application Software,0000-00-00,XLK,Technology,24,70,85.9626,1,178690,81.91,70.24,29.48,23.81,1232534095.74,True,True,29.508196721311474,,False,False,False,,True,False,22.3015873015873,-3.9880952380952372,305,265,,,,,False,False,kink rank <70; local RR rank >10; IVR outside 30–70; near-front earnings flag
JNJ,2026-08-13,261.22,0.90108,22.0749,2.69094,21.2515,22.0749,24.9979,0.035201,23.9856,22.6468,22.0559,22.7326,24.7206,24.4745,0.6767000000000003,-0.01899999999999835,0.5718999999999994,2.7341000000000015,3.469100000000001,1.3388000000000027,3.9682539682539684,82.14285714285714,88.0952380952381,18.650793650793652,59.12698412698413,48.80952380952381,1.9832903880690367,-2.146469376287685,250.458,229.43564999999998,4.296928027852975,True,True,True,13.411192636651759,11.136973177267805,2026-08-13,260.86,629513712.0,3.5201,7962202,29688.65,Major Pharmaceuticals,0000-00-00,XLV,Healthcare,19,79,90.108,8,406214,66.77,78.57,16.05,19.05,2077020013.72,True,True,64.26229508196721,,True,False,False,,False,False,21.289682539682538,26.765873015873016,305,265,,,,,False,False,kink rank <70
LOW,2026-08-13,217.23,0.89264,27.3229,3.1816,45.6037,34.692099999999996,31.5494,0.0482537,49.2329,36.007,27.7511,27.671200000000002,47.5123,36.903999999999996,-0.07989999999999853,0.42820000000000036,1.3149000000000015,3.6291999999999973,1.9085999999999999,13.225900000000003,0.3968253968253968,98.01587301587301,88.0952380952381,0.3968253968253968,98.01587301587301,97.61904761904762,0.09676527508983845,-2.7575092886879427,215.00439999999998,238.20784999999995,1.035141606404344,False,False,True,-1.4963950482927535,-3.770614507676706,2026-08-13,215.97,121802391.0,4.82537,2982808,6889.95,Home Improvement Stores,0000-00-00,XLY,C. Cyclical,10,62,89.264,0,135378,57.26,60.71,0.0,4.76,644197043.76,True,True,33.442622950819676,,False,False,False,grab,True,False,10.13888888888889,23.710317460317462,305,265,,,,,False,True,near-front earnings flag
LRCX,2026-08-13,336.71,0.944312,64.4632,2.2075,69.19579999999999,64.4632,69.4584,0.0570704,77.47319999999999,70.40859999999999,65.87190000000001,64.7788,73.653,67.0632,-1.0931000000000068,1.4087000000000103,5.945399999999992,8.2774,4.4572000000000145,7.064599999999999,0.3968253968253968,99.60317460317461,96.82539682539682,2.380952380952381,79.76190476190476,64.68253968253968,9.193799455182239,0.0,337.746,248.61555,-0.30673938403416035,True,True,False,13.488826721493808,11.214607262109855,2026-08-13,326.11,421332294.0,5.70704,10956467,54323.65,Semiconductor Equipment & Materials Manufacturing,0000-00-00,XLK,Technology,14,80,94.4312,9,645895,57.5,79.76,3.24,14.29,3573013453.3700004,True,True,64.91803278688525,,True,False,False,grab,False,True,20.05952380952381,53.670634920634924,305,265,,,,,True,True,passed original surface
MCD,2026-08-13,273.25,0.908447,20.465700000000002,2.54844,20.066200000000002,20.465700000000002,22.508200000000002,0.0205521,23.2361,22.929199999999998,20.772,21.014499999999998,20.936,21.7779,0.24249999999999972,0.3062999999999967,2.4634999999999962,3.1698999999999984,0.8697999999999979,0.3069000000000024,11.507936507936508,86.11111111111111,89.68253968253968,3.5714285714285716,52.38095238095238,57.93650793650794,-0.9281751930676929,-0.9281751930676929,273.62640000000005,299.00745,-0.13755982609866546,False,False,False,-0.7266121707538598,-3.0008316301378124,2026-08-13,275.7,195226506.0,2.05521,4696030,27445.05,Restaurants,0000-00-00,XLY,C. Cyclical,5,80,90.8447,12,300172,60.26,79.76,0.0,4.76,1294695471.0,True,True,36.0655737704918,,False,False,False,,False,False,11.845238095238097,26.58730158730159,305,265,,,,,False,False,kink rank <70; local RR rank >10; five-day return <=0
MELI,2026-08-13,1830.2,0.914194,34.649,3.77516,31.450699999999998,34.649,36.213899999999995,0.0761116,34.3078,35.423300000000005,34.7556,34.949200000000005,32.8953,38.2659,0.19360000000000355,0.10660000000000025,0.7743000000000038,2.8571000000000026,1.4446000000000012,-1.1155000000000044,5.555555555555555,96.03174603174604,89.68253968253968,10.714285714285714,31.349206349206348,10.317460317460318,0.9793373610306411,-5.608705742798936,1760.1625999999999,1881.8917499999998,3.9790301191492183,True,False,True,17.388989731189362,15.114770271805408,2026-08-13,1828.29,92785287.0,7.61116,444316,6690.05,E-commerce & Internet Retail,0000-00-00,XLY,C. Cyclical,24,19,91.4194,11,66301,34.34,19.05,12.3,23.81,812338499.64,True,True,71.14754098360656,,False,False,False,,False,False,10.753968253968253,25.535714285714285,305,265,,,,,False,False,kink rank <70; more than 5% below 20-day high
MS,2026-08-13,218.38,0.901496,28.3659,2.63333,27.8225,28.3659,31.739600000000003,0.0369003,29.258699999999997,28.068199999999997,27.7042,29.1721,29.969600000000003,30.0297,1.4679000000000002,-0.6616999999999997,-0.2977000000000025,1.436199999999996,2.147100000000002,1.1905000000000001,1.1904761904761905,94.44444444444444,96.03174603174604,0.3968253968253968,50.0,38.492063492063494,2.0276583816109195,-0.25577783867726245,216.51739999999998,186.99455,0.8602541874232816,True,True,True,12.208406124755932,9.934186665371978,2026-08-13,217.64,343293360.0,3.69003,5775489,15529.2,Investment Banking & Brokerage,0000-00-00,XLF,Financials,10,54,90.1496,8,380215,39.43,53.97,1.81,9.52,1256977425.96,True,True,62.95081967213115,,True,False,False,,False,False,20.3968253968254,27.103174603174605,305,265,,,,,False,False,kink rank <70
NOW,2026-08-13,128.25,0.876164,55.50770000000001,2.93646,55.4839,55.50770000000001,58.601400000000005,0.0782595,65.3814,57.9537,56.65480000000001,54.9431,56.79,57.3414,-1.7117000000000075,1.1471000000000018,2.445999999999991,9.8975,1.3061000000000007,7.4277000000000015,12.698412698412698,81.74603174603175,87.3015873015873,1.5873015873015872,80.55555555555556,56.74603174603175,9.963131269827663,0.0,107.60220000000001,248.02870000000001,19.18901286404924,True,False,True,46.35398836015063,44.07976890076668,2026-08-13,124.94,132592802.0,7.82595,24305344,164904.55,Application Software,0000-00-00,XLK,Technology,19,72,87.6164,10,1391077,61.29,71.83,33.01,19.05,3036709679.36,True,True,93.11475409836065,,False,False,False,other,False,False,12.182539682539682,32.757936507936506,305,265,,,,,False,False,local RR rank >10
PYPL,2026-08-13,60.73,0.673519,27.4974,4.0,26.768700000000003,27.4974,31.621700000000004,0.0445273,37.4705,32.5693,29.0325,28.8005,29.627799999999997,32.5846,-0.23199999999999932,1.5351,5.071899999999999,10.701799999999999,2.8590999999999944,4.901200000000003,18.253968253968253,94.84126984126983,88.4920634920635,9.920634920634921,74.60317460317461,5.9523809523809526,2.256272099680068,0.0,49.666199999999996,51.72495,22.27631669022394,True,True,True,33.61936193619361,31.34514247680966,2026-08-13,59.2,51952139.0,4.45273,17510924,56411.2,Credit & Lending Services,0000-00-00,XLF,Financials,10,5,67.3519,10,1816181,7.45,5.16,8.9,9.52,1036646700.8000001,True,True,88.19672131147541,,False,False,False,other,False,False,12.083333333333334,32.579365079365076,305,265,,,,,False,False,local RR rank >10; IVR outside 30–70
SMCI,2026-08-13,39.27,0.875663,81.0188,3.09379,82.4602,81.0188,84.33239999999999,0.0727761,108.951,101.148,86.40870000000001,79.2595,82.6639,79.3616,-7.1492000000000075,5.3899000000000115,20.129199999999997,26.490799999999993,0.20369999999999777,7.802999999999997,1.5873015873015872,94.84126984126983,94.84126984126983,1.1904761904761905,80.15873015873017,68.25396825396825,32.62411347517731,0.0,30.9624,31.867350000000002,26.831253391209998,False,True,True,21.88081936685291,19.606599907468958,2026-08-13,37.61,25402704.0,7.27761,54164471,287321.3,Computer Hardware Manufacturing,0000-00-00,XLK,Technology,14,75,87.5663,11,2582965,63.25,75.0,28.16,14.29,2037125754.31,True,True,79.67213114754098,,False,False,False,grab,False,True,10.416666666666666,53.492063492063494,305,265,,,,,True,True,passed original surface
TFC,2026-08-13,53.04,0.509804,23.0502,2.1025,21.775,21.775,24.9394,0.0222759,22.8793,22.8793,22.4212,25.1311,26.810200000000002,26.810200000000002,2.709900000000001,-0.6290000000000013,1.104300000000002,1.104300000000002,5.035200000000003,0.0,1.9841269841269842,97.22222222222223,96.82539682539682,7.936507936507937,19.047619047619047,9.523809523809524,0.7790233707011041,0.0,50.9916,49.1643,4.0171322335443405,True,True,True,13.893064204423444,11.618844745039492,2026-08-13,52.67,64795043.0,2.22759,7570802,3867.35,Regional Banking,0000-00-00,XLF,Financials,5,12,50.9804,9,149981,17.1,12.7,0.0,4.76,398754141.34000003,True,True,65.57377049180327,,True,False,False,,False,False,20.33730158730159,25.634920634920636,305,265,,,,,False,False,kink rank <70; IVR outside 30–70
TSLA,2026-08-13,339.37,0.967731,37.5328,2.14718,36.6695,37.5328,43.006,0.00723967,48.936099999999996,44.6197,38.859300000000005,37.230000000000004,41.0588,40.6179,-1.6293000000000006,1.326500000000003,7.0869,12.266599999999997,4.389299999999999,4.3163999999999945,32.142857142857146,59.92063492063492,86.9047619047619,2.380952380952381,83.73015873015873,2.380952380952381,6.445643309704541,-11.110820084339556,372.37519999999995,406.60400000000004,-8.863425920952828,False,False,False,-23.71650782233411,-25.990727281718062,2026-08-13,327.51,1340357899.0,0.72397,38173266,2146714.85,Automobile Manufacturing,0000-00-00,XLY,C. Cyclical,10,2,96.7731,9,5798015,5.11,1.59,0.9,9.52,12502126347.66,True,True,8.852459016393443,,False,False,False,other,False,False,15.218253968253968,32.87698412698413,305,265,,,,,False,False,local RR rank >10; IVR outside 30–70; more than 5% below 20-day high
TTD,2026-08-13,14.59,0.714525,58.6631,4.0,64.4211,58.6631,66.9499,0.103543,79.14320000000001,68.0895,61.135099999999994,57.157000000000004,63.1677,60.6013,-3.9780999999999906,2.471999999999994,9.426400000000001,14.722100000000012,-1.253399999999992,11.053700000000006,5.555555555555555,88.4920634920635,90.07936507936508,1.5873015873015872,82.53968253968254,64.28571428571429,-16.913439635535298,-24.16839916839917,18.2792,27.667749999999998,-20.182502516521506,False,False,False,-29.002433090024336,-31.27665254940829,2026-08-13,13.49,6855552.0,10.35432,27341577,69401.05,Advertising & Marketing Services,0000-00-00,XLK,Technology,19,38,71.4525,12,986439,40.6,37.3,20.01,19.05,368837873.73,True,True,6.229508196721312,,False,False,False,other,False,False,11.13095238095238,33.13492063492063,305,265,,,,,False,False,five-day return <=0; more than 5% below 20-day high
AAP,2026-08-14,56.75,0.815158,56.2813,3.2106,112.105,72.2261,64.706,0.168788,139.17600000000002,76.0997,56.6261,57.6647,115.388,77.33290000000001,1.0386000000000024,0.34479999999999933,3.873599999999996,27.071000000000012,3.2830000000000013,63.07630000000002,21.825396825396826,35.317460317460316,92.46031746031746,0.7936507936507936,97.61904761904762,94.44444444444444,-2.020027624309395,-4.813820865481377,57.2292,52.59299999999999,-0.8373347871366343,True,True,False,14.530776992936435,13.181545305425146,2026-08-14,57.36,3423683.0,16.87883,1407908,4185.8,Automotive Parts & Components,0000-00-00,XLY,C. Cyclical,14,42,81.5158,0,156780,40.69,50.0,28.55,23.81,80757602.88,True,True,68.1967213114754,,True,False,False,other,True,False,25.416666666666668,4.1269841269841265,305,264,,,,,False,False,local RR rank >10; five-day return <=0; near-front earnings flag
AAPL,2026-08-14,305.53,0.970517,22.2524,2.19656,19.5028,22.2524,24.7853,0.00736213,22.0634,24.5703,22.151799999999998,22.9259,24.637999999999998,28.0609,0.7741000000000007,-0.10060000000000358,2.317899999999998,2.560600000000001,5.1351999999999975,-2.506899999999998,3.9682539682539684,90.47619047619048,90.47619047619048,9.523809523809524,15.476190476190476,9.126984126984127,-2.4644852354349656,-10.042986691791311,309.0308,280.4114,-1.1328320672243763,True,True,False,2.313977630433306,0.9647459429220184,2026-08-14,305.26,4485528704.0,0.73621,54783034,1339321.3,Consumer Electronics Manufacturing,0000-00-00,XLK,Technology,5,33,97.0517,10,5114018,35.56,33.33,0.0,4.76,16723068958.84,True,True,43.278688524590166,,True,False,False,,False,False,20.873015873015873,24.821428571428573,305,264,,,,,False,False,kink rank <70; five-day return <=0; more than 5% below 20-day high
ABBV,2026-08-14,249.52,0.810894,22.4517,2.51029,22.0184,22.4517,26.583099999999998,0.0291978,24.006,23.3846,22.514300000000002,23.6853,25.103199999999998,27.3204,1.1709999999999994,0.06260000000000332,0.9329000000000001,1.9876000000000005,3.0847999999999978,0.6214000000000013,5.555555555555555,93.25396825396825,87.6984126984127,16.26984126984127,51.98412698412698,18.650793650793652,1.5712773752340592,-6.040066275041422,244.46880000000002,225.64870000000002,2.0661941319301214,True,True,True,18.19430628582255,16.84507459831126,2026-08-14,250.82,441341588.0,2.91978,5477267,16400.35,Major Pharmaceuticals,0000-00-00,XLV,Healthcare,5,31,81.0894,10,304908,33.76,29.76,0.0,4.76,1373808108.94,True,True,75.73770491803279,,True,False,False,,False,False,20.892857142857146,26.369047619047617,305,264,,,,,False,False,kink rank <70; more than 5% below 20-day high
AMAT,2026-08-14,505.4,0.980469,53.114,2.42355,52.9258,53.114,58.89489999999999,0.0548204,60.6849,59.575199999999995,54.3917,52.5141,54.6461,54.9228,-1.877600000000001,1.277700000000003,6.461199999999998,7.7590999999999966,1.7202999999999946,1.1097000000000037,1.5873015873015872,96.82539682539682,96.42857142857143,0.3968253968253968,38.492063492063494,44.84126984126984,-5.942344555487333,-10.53600509806698,559.7034,388.7023,-9.702174401656304,True,True,False,13.780139129651726,12.430907442140438,2026-08-14,534.54,401146826.0,5.48204,7554307,53846.25,Semiconductor Equipment & Materials Manufacturing,0000-00-00,XLK,Technology,5,66,98.0469,12,579957,41.78,66.67,0.0,4.76,4038079263.7799997,True,True,67.54098360655738,,True,False,False,,False,False,20.317460317460316,26.567460317460316,305,264,,,,,False,False,kink rank <70; five-day return <=0; more than 5% below 20-day high
AXP,2026-08-14,342.75,0.936253,21.7609,2.54221,21.3582,21.7609,25.2644,0.0262434,22.9904,22.8931,21.8063,22.2371,23.1777,25.594,0.4308000000000014,0.04540000000000077,1.132200000000001,1.632200000000001,1.8195000000000014,0.09730000000000061,0.3968253968253968,98.41269841269842,86.11111111111111,1.5873015873015872,34.12698412698413,5.158730158730159,0.5397318940482787,-2.652730835865824,340.0806,339.4769,0.7849315721037975,True,True,True,9.36502871729421,8.015797029782924,2026-08-14,343.65,231462445.0,2.62434,2796880,15759.8,Credit & Lending Services,0000-00-00,XLF,Financials,5,3,93.6253,10,249121,7.0,3.17,0.0,4.76,961147811.9999999,True,True,60.65573770491803,,True,False,False,,False,False,20.11904761904762,25.317460317460316,305,264,,,,,False,False,kink rank <70; IVR outside 30–70
BX,2026-08-14,144.53,0.911335,31.783,2.7366,31.553399999999996,31.783,34.8729,0.0331148,33.9841,34.2018,31.7325,33.266600000000004,34.8391,35.6158,1.5341000000000022,-0.050499999999999545,2.4187999999999974,2.4307000000000016,3.2857000000000056,-0.21770000000000067,1.9841269841269842,98.41269841269842,93.25396825396825,4.365079365079365,28.96825396825397,21.03174603174603,5.534866739686017,-3.550216883550217,126.12080000000002,131.09744999999998,14.596482102872788,True,True,True,17.95478658287766,16.60555489536637,2026-08-14,149.32,108487848.0,3.31148,5285595,19594.95,Investment Management,0000-00-00,XLF,Financials,5,35,91.1335,9,504745,22.24,35.32,0.0,4.76,789245045.4,True,True,74.42622950819671,,True,False,False,,False,False,20.27777777777778,25.773809523809526,305,264,,,,,False,False,kink rank <70; IVR outside 30–70
CAT,2026-08-14,857.25,0.984174,36.9692,3.15047,35.0002,36.9692,41.779500000000006,0.0408081,37.072500000000005,37.458999999999996,36.972699999999996,37.025400000000005,38.0826,37.7245,0.05270000000000863,0.0034999999999953957,0.48979999999999535,2.0723000000000056,3.0824,-0.38649999999999096,0.3968253968253968,98.41269841269842,86.9047619047619,6.349206349206349,30.555555555555557,38.492063492063494,1.6638599653708397,-4.1354014067969125,912.7202000000001,754.3181499999998,-6.077459444855071,False,True,False,-6.265376414630142,-7.614608102141429,2026-08-14,854.6,403177515.0,4.08081,3158632,34523.7,Farm & Construction Equipment,0000-00-00,XLI,Industrials,5,65,98.4174,10,321492,55.52,65.08,0.0,4.76,2699366907.2000003,True,True,27.54098360655738,,False,False,False,,False,False,10.119047619047619,25.21825396825397,305,264,,,,,False,False,kink rank <70
CSCO,2026-08-14,111.79,0.909401,28.954600000000003,3.49198,29.2729,28.954600000000003,33.5416,0.0245944,34.821999999999996,32.8702,30.1414,28.5539,30.702,31.758799999999997,-1.5875000000000021,1.186799999999998,3.915599999999994,5.549099999999996,1.4291000000000018,1.9517999999999986,2.380952380952381,97.22222222222223,93.65079365079364,2.380952380952381,64.68253968253968,53.96825396825397,-7.672613148331675,-9.445119481571485,117.47859999999999,91.9886,-4.842243608623176,True,True,False,-3.279114033569819,-4.628345721081106,2026-08-14,113.47,440612981.0,2.45944,22446768,68889.4,Communications Equipment Manufacturing,0000-00-00,XLK,Technology,5,69,90.9401,12,1158113,46.52,68.65,0.0,4.76,2547034764.96,True,True,31.475409836065577,,False,False,False,,False,False,10.376984126984127,27.599206349206348,305,264,,,,,False,False,kink rank <70; five-day return <=0; more than 5% below 20-day high
CVNA,2026-08-14,75.79,0.948327,50.812900000000006,3.54856,49.977,50.812900000000006,58.6909,0.0383685,52.044999999999995,51.896699999999996,50.4444,51.9787,59.363299999999995,57.761399999999995,1.5343000000000018,-0.3685000000000045,1.0837999999999894,2.067999999999998,9.386299999999999,0.148299999999999,0.3968253968253968,99.60317460317461,87.3015873015873,14.285714285714286,32.53968253968254,13.492063492063492,6.8217054263565835,0.0,67.1278,269.99145,12.904042736392384,False,False,True,9.223231013114287,7.873999325602999,2026-08-14,73.7,83333000.0,3.83685,10352121,51953.15,Auto Dealerships,0000-00-00,XLY,C. Cyclical,5,17,94.8327,10,1207105,15.56,17.06,0.0,4.76,762951317.7,True,True,60.0,,False,False,False,,False,False,10.05952380952381,25.357142857142858,305,264,,,,,False,False,kink rank <70; IVR outside 30–70
DELL,2026-08-14,489.74,0.977239,65.7733,2.82663,63.457300000000004,79.8064,75.3321,0.0416782,68.7003,85.052,66.8586,65.50829999999999,67.9593,81.6083,-1.3503000000000043,1.0852999999999895,5.24560000000001,5.242999999999995,4.501999999999995,-16.351700000000008,8.73015873015873,90.47619047619048,88.88888888888889,23.015873015873016,0.3968253968253968,63.888888888888886,8.074588988193753,-0.8623481781376507,422.1978000000001,229.83235000000002,15.997762186349608,True,True,True,97.65114214222295,96.30191045471166,2026-08-14,494.51,316441793.0,4.16782,6037421,75352.2,Computer Hardware Manufacturing,0000-00-00,XLK,Technology,5,77,97.7239,2,751112,64.46,76.59,0.0,4.76,2985565058.71,True,True,99.672131147541,,False,False,False,,True,False,11.34920634920635,-6.091269841269842,305,264,,,,,False,False,kink rank <70; near-front earnings flag
EXPE,2026-08-14,331.12,0.924325,36.3536,4.0,36.1168,36.3536,40.8609,0.0655013,39.7763,34.9204,35.3706,38.0473,43.431599999999996,41.0372,2.6766999999999967,-0.982999999999997,-1.4331999999999994,3.6595000000000013,7.314799999999998,4.855899999999998,5.555555555555555,86.9047619047619,86.9047619047619,38.888888888888886,69.44444444444444,32.93650793650794,6.407866829487752,0.0,269.39840000000004,252.64205,22.910900732892237,True,True,True,52.36517577765507,51.01594409014378,2026-08-14,328.31,42239274.0,6.55013,1634614,4296.0,Travel & Tourism Services,0000-00-00,XLY,C. Cyclical,5,34,92.4325,11,71415,36.56,34.13,0.0,4.76,536660122.34000003,True,True,95.08196721311475,,False,False,False,,False,False,11.21031746031746,27.16269841269841,305,264,,,,,False,False,kink rank <70
FCX,2026-08-14,66.56,0.831305,44.2414,1.67477,42.876999999999995,44.2414,46.8663,0.040274,51.2768,52.729899999999994,45.997,43.330600000000004,43.952799999999996,44.5187,-2.666399999999996,1.7556000000000012,8.488499999999995,8.399800000000006,1.075800000000001,-1.453099999999992,2.7777777777777777,94.44444444444444,88.88888888888889,0.7936507936507936,23.41269841269841,32.142857142857146,-4.340327680367917,-5.4007959067651985,64.07260000000001,58.41460000000001,3.8821586762516125,True,True,True,0.8943459148097688,-0.45488577270151875,2026-08-14,66.83,95683985.0,4.0274,13687145,54182.4,Copper,0000-00-00,XLB,Materials,10,44,83.1305,9,1172211,47.81,44.05,0.0,4.76,914711900.35,True,True,39.67213114754099,,False,False,False,,False,False,10.555555555555557,25.05952380952381,305,264,,,,,False,False,kink rank <70; five-day return <=0; more than 5% below 20-day high
HD,2026-08-14,338.4,0.976885,26.2834,2.25881,36.9605,29.7064,28.2333,0.0389902,39.178000000000004,31.274600000000003,25.91,27.1733,38.398199999999996,32.9252,1.263300000000001,-0.3734000000000002,1.5682000000000045,2.217500000000001,1.4376999999999924,7.903400000000001,7.5396825396825395,88.0952380952381,86.5079365079365,3.5714285714285716,90.87301587301587,92.06349206349206,-4.673371080875521,-4.684111201870267,337.5218000000001,347.05935,0.2601906010218924,True,False,True,11.576379043160001,10.227147355648714,2026-08-14,341.7,337424285.0,3.89902,3741096,14922.35,Home Improvement Stores,0000-00-00,XLY,C. Cyclical,10,58,97.6885,0,256316,60.6,56.35,3.85,9.52,1278332503.2,True,True,64.26229508196721,,False,False,False,other,True,False,11.349206349206348,3.194444444444443,305,264,,,,,False,False,five-day return <=0; near-front earnings flag
HIMS,2026-08-14,28.4,0.917719,63.7439,3.36265,60.394999999999996,63.7439,76.9735,0.0664466,93.9936,78.9246,67.9457,61.187400000000004,60.5923,64.0198,-6.758299999999998,4.201800000000006,15.180700000000002,33.598600000000005,0.19730000000000558,15.069000000000003,26.984126984126984,66.26984126984127,92.46031746031746,3.9682539682539684,85.31746031746032,4.761904761904762,-9.84126984126985,-13.282442748091604,31.731200000000005,29.25305,-10.498184751916117,True,False,False,16.77631578947367,15.427084101962382,2026-08-14,28.77,6626101.0,6.64466,15304716,92867.0,Specialty & Generic Pharmaceuticals,0000-00-00,XLV,Healthcare,5,8,91.7719,12,958538,9.81,8.33,0.0,4.76,440316679.32,True,True,72.45901639344262,,False,False,False,other,False,False,14.384920634920636,33.51190476190476,305,264,,,,,False,False,local RR rank >10; five-day return <=0; IVR outside 30–70; more than 5% below 20-day high
LRCX,2026-08-14,331.57,0.978369,59.8996,2.78142,58.029399999999995,59.8996,65.3566,0.0548084,62.7359,65.4245,60.354,60.8578,61.8664,62.330799999999996,0.5037999999999982,0.4543999999999997,5.524899999999995,4.7065000000000055,3.8370000000000033,-2.688599999999994,5.555555555555555,92.85714285714286,89.28571428571429,1.1904761904761905,19.047619047619047,39.682539682539684,6.895995873363847,-1.526536188411387,337.4682,249.48795,-1.7477794944827485,True,True,False,10.332091042193525,8.982859354682237,2026-08-14,337.01,414900504.0,5.48084,10891909,54189.7,Semiconductor Equipment & Materials Manufacturing,0000-00-00,XLK,Technology,5,54,97.8369,9,669471,49.19,54.37,0.0,4.76,3670682252.0899997,True,True,61.967213114754095,,True,False,False,,False,False,20.912698412698415,24.880952380952383,305,264,,,,,False,False,kink rank <70
MCD,2026-08-14,273.43,0.891026,19.903100000000002,2.49983,18.9894,19.903100000000002,22.0367,0.0185597,22.2146,20.346700000000002,19.9223,20.2463,20.2849,20.913999999999998,0.3240000000000016,0.019199999999997885,0.4436,3.225200000000001,1.2955000000000005,1.8678999999999988,12.698412698412698,76.98412698412699,89.68253968253968,6.349206349206349,78.96825396825396,44.04761904761905,-0.10594768376444019,-0.8629128748051218,273.61080000000004,298.8267,-0.0660792629530782,False,False,False,-0.5311215395248925,-1.88035322703618,2026-08-14,272.25,195355109.0,1.85597,4599445,26893.65,Restaurants,0000-00-00,XLY,C. Cyclical,5,75,89.1026,11,309195,56.07,75.4,0.0,4.76,1252198901.25,True,True,35.73770491803279,,False,False,False,other,False,False,12.42063492063492,32.916666666666664,305,264,,,,,False,False,local RR rank >10; five-day return <=0
MELI,2026-08-14,1838.29,0.921102,31.8525,4.0,30.666300000000003,31.8525,35.1958,0.0693004,33.6543,36.1674,33.0661,32.3006,32.6878,35.272999999999996,-0.7654999999999959,1.2135999999999996,4.3149000000000015,2.987999999999996,2.0214999999999996,-2.5131000000000014,1.9841269841269842,99.60317460317461,90.87301587301587,17.46031746031746,23.80952380952381,7.936507936507937,1.368087875245383,-5.191469609840382,1764.2656,1879.66,4.1957628148505455,True,False,True,14.67595740566303,13.326725718151742,2026-08-14,1828.25,93195424.0,6.93004,437097,6507.75,E-commerce & Internet Retail,0000-00-00,XLY,C. Cyclical,5,11,92.1102,11,68236,24.75,11.11,0.0,4.76,799122590.25,True,True,68.85245901639344,,False,False,False,,False,False,10.218253968253968,25.27777777777778,305,264,,,,,False,False,kink rank <70; IVR outside 30–70; more than 5% below 20-day high
MRK,2026-08-14,135.44,0.784904,24.3644,2.23157,23.9061,24.3644,27.512199999999996,0.0387929,28.0075,25.1619,24.1204,25.185800000000004,28.9024,27.556900000000002,1.065400000000004,-0.24399999999999977,0.7974999999999994,4.101400000000002,4.9963000000000015,2.845600000000001,13.88888888888889,71.03174603174604,92.06349206349206,43.25396825396825,76.58730158730158,9.523809523809524,5.269703093424538,0.0,125.47179999999997,113.85690000000001,7.944573999894811,True,True,True,19.65721353476455,18.307981847253263,2026-08-14,135.55,334153727.0,3.87929,8652873,22098.0,Major Pharmaceuticals,0000-00-00,XLV,Healthcare,5,20,78.4904,10,475805,39.6,19.84,0.0,4.76,1172896935.15,True,True,78.0327868852459,,True,False,False,other,False,False,22.83730158730159,33.035714285714285,305,264,,,,,False,False,local RR rank >10
MS,2026-08-14,217.48,0.884096,27.203300000000002,2.0277,26.059500000000003,27.203300000000002,30.7188,0.0316798,27.4065,26.8656,26.864500000000003,27.709,30.3388,28.8515,0.8444999999999965,-0.3387999999999991,-0.33770000000000167,1.3469999999999978,4.279299999999996,0.5409000000000006,0.0,96.82539682539682,94.44444444444444,7.142857142857143,38.492063492063494,27.38095238095238,0.801853997682489,-0.666849365122868,216.65699999999998,187.25235,0.3798631015845322,True,True,True,11.843661609668299,10.49442992215701,2026-08-14,218.38,341878560.0,3.16798,5430021,15003.8,Investment Banking & Brokerage,0000-00-00,XLF,Financials,5,49,88.4096,8,382915,37.46,49.21,0.0,4.76,1185807985.98,True,True,64.91803278688525,,True,False,False,,False,False,20.158730158730158,26.369047619047617,305,264,,,,,False,False,kink rank <70
RBLX,2026-08-14,38.25,0.89289,56.128699999999995,3.55674,56.100300000000004,56.128699999999995,66.8294,0.0486964,65.1644,63.7229,58.0778,56.2769,58.47,58.5064,-1.8009000000000057,1.9491000000000085,7.594200000000008,9.064099999999996,2.3696999999999946,1.4414999999999978,2.7777777777777777,95.63492063492063,91.66666666666667,6.349206349206349,50.79365079365079,33.333333333333336,1.2708498808578161,-28.92976588628763,47.147800000000004,65.11059999999999,-18.872142496574607,False,False,False,-11.82572614107884,-13.174957828590127,2026-08-14,37.95,27324880.0,4.86964,14913645,31506.25,Gaming & Interactive Media,0000-00-00,XLC,Comm,5,42,89.289,10,442105,35.51,41.67,0.0,4.76,565972827.75,True,True,20.655737704918035,,False,False,False,,False,False,10.496031746031747,26.70634920634921,305,264,,,,,False,False,kink rank <70; more than 5% below 20-day high
TOST,2026-08-14,34.96,0.797722,36.9094,3.92767,36.6106,36.9094,44.5198,0.0330702,43.1516,44.0581,37.971700000000006,37.6517,41.1972,44.252399999999994,-0.3200000000000074,1.0623000000000076,7.148700000000005,6.541000000000004,4.586600000000004,-0.9065000000000012,1.9841269841269842,96.03174603174604,92.06349206349206,10.317460317460318,37.301587301587304,5.158730158730159,0.691244239631339,-1.5211267605633738,29.274800000000006,30.23435,19.420115594299503,True,True,True,51.40753572975314,50.05830404224186,2026-08-14,35.22,20276800.0,3.30702,10350979,14805.35,Infrastructure Software,0000-00-00,XLF,Financials,14,7,79.7722,11,338514,13.06,7.94,7.62,14.29,364561480.38,True,True,94.75409836065573,,False,False,False,,False,False,10.396825396825395,26.07142857142857,305,264,,,,,False,False,kink rank <70; IVR outside 30–70
TTD,2026-08-14,14.14,0.786414,50.7818,4.0,49.7073,50.7818,63.861999999999995,0.0462696,65.5644,62.5715,53.2739,51.0749,53.615,57.19689999999999,-2.198999999999998,2.4921000000000006,11.789700000000003,15.85710000000001,3.9077000000000055,2.992900000000006,16.666666666666668,88.4920634920635,94.84126984126983,36.507936507936506,62.698412698412696,21.428571428571427,1.7998560115190854,-26.5072765072765,18.1528,27.4706,-22.105680666343474,False,False,False,-30.37912358444116,-31.72835527195245,2026-08-14,14.56,6644106.0,4.62696,28493401,71966.5,Advertising & Marketing Services,0000-00-00,XLK,Technology,5,21,78.6414,11,1010310,25.29,20.24,0.0,4.76,414863918.56,True,True,4.918032786885246,,False,False,False,,False,False,12.242063492063494,27.61904761904762,305,264,,,,,False,False,kink rank <70; local RR rank >10; IVR outside 30–70; more than 5% below 20-day high
ULTA,2026-08-14,509.47,0.934454,33.0193,4.0,38.6737,46.989,38.5452,0.0664087,43.9489,46.6196,32.4019,33.7018,41.891099999999994,48.6862,1.299900000000001,-0.6174000000000035,-0.36939999999999884,5.275200000000005,3.217399999999998,-2.6706999999999965,11.507936507936508,69.44444444444444,88.4920634920635,5.9523809523809526,28.174603174603174,78.17460317460318,-9.986042156221842,-9.986042156221842,485.6564000000001,555.22385,4.903384368042918,True,False,True,2.311430636998968,0.9621989494876804,2026-08-14,515.57,22192725.0,6.64087,574243,2701.45,Specialized Retail,0000-00-00,XLY,C. Cyclical,33,67,93.4454,1,51707,54.28,66.67,28.5,33.33,296062463.51000005,True,True,42.950819672131146,,False,False,False,,True,False,12.67857142857143,-4.742063492063494,305,264,,,,,False,False,kink rank <70; local RR rank >10; five-day return <=0; more than 5% below 20-day high; near-front earnings flag
ABNB,2026-08-17,179.78,0.854158,29.6101,4.0,31.0614,29.6101,33.395,0.0293701,35.0248,30.6087,29.281200000000002,31.0861,35.121,33.8281,1.8048999999999964,-0.3288999999999973,0.9985999999999997,3.9634,4.059600000000003,4.4161,13.492063492063492,86.9047619047619,92.85714285714286,26.58730158730159,82.53968253968254,26.984126984126984,-2.521281787127916,-3.56184958695418,149.3312,134.995,20.390112715895945,True,True,True,35.193262144683416,32.38920809062935,2026-08-17,184.06,106883750.0,2.93701,4971050,18720.4,Travel & Tourism Services,0000-00-00,XLY,C. Cyclical,10,17,85.4158,11,243120,18.53,15.87,0.45,9.52,914971463.0,True,True,89.86928104575163,,False,False,False,other,False,False,12.003968253968253,33.41269841269841,306,268,,,,,False,False,local RR rank >10; five-day return <=0; IVR outside 30–70
AFRM,2026-08-17,74.94,0.94045,53.6614,3.14715,81.7538,68.10079999999999,63.505199999999995,0.0749367,85.3372,71.9426,54.542699999999996,53.6775,83.2766,69.8183,-0.8651999999999944,0.881299999999996,3.8418000000000063,3.5833999999999975,1.5228000000000037,13.394599999999997,0.3968253968253968,98.41269841269842,87.3015873015873,3.5714285714285716,86.11111111111111,84.92063492063492,-1.3168290755859902,-5.295084038923292,75.6768,66.30860000000001,-0.9736141063047099,True,True,False,13.33938294010888,10.535328886054819,2026-08-17,78.35,25097298.0,7.49367,3170631,12474.9,Credit & Lending Services,0000-00-00,XLI,Industrials,19,6,94.045,1,242571,14.85,5.95,33.63,14.29,248418938.85,True,True,66.01307189542483,,True,False,False,other,True,False,20.11904761904762,3.0357142857142847,306,268,,,,,False,False,five-day return <=0; IVR outside 30–70; more than 5% below 20-day high; near-front earnings flag
ALAB,2026-08-17,324.26,0.962659,87.4166,2.60613,93.42660000000001,87.4166,90.7967,0.0973154,103.712,95.4661,88.9607,87.4327,96.616,88.8011,-1.5280000000000058,1.5441000000000003,8.049499999999995,10.285399999999996,3.189399999999992,8.245900000000006,12.301587301587302,84.12698412698413,90.87301587301587,3.5714285714285716,78.17460317460318,58.333333333333336,0.3124516627996954,-10.826939471440756,354.7208,216.61475,-8.587260741405633,True,True,False,38.37750181368156,35.5734477596275,2026-08-17,321.61,56254280.0,9.73154,4681389,23622.9,Semiconductors,0000-00-00,XLK,Technology,10,69,96.2659,11,250946,40.95,68.65,8.39,9.52,1505581516.29,True,True,90.84967320261438,,True,False,False,other,False,False,22.023809523809526,32.99603174603175,306,268,,,,,False,False,local RR rank >10; more than 5% below 20-day high
AMAT,2026-08-17,535.52,0.981666,57.6233,2.99862,61.1451,57.6233,61.9187,0.0465067,66.616,63.3219,59.19069999999999,56.66330000000001,64.2743,62.67,-2.527399999999986,1.5673999999999921,5.698599999999999,5.4709,3.1291999999999973,3.2941000000000003,1.1904761904761905,97.22222222222223,86.5079365079365,1.5873015873015872,62.698412698412696,66.66666666666667,1.6649264356905613,-5.204276711746791,560.344,390.24084999999997,-4.430135773738996,True,True,False,21.554385327764656,18.750331273710593,2026-08-17,507.18,425053717.0,4.65067,7779171,54658.95,Semiconductor Equipment & Materials Manufacturing,0000-00-00,XLK,Technology,14,78,98.1666,12,532532,46.83,77.78,8.68,14.29,3945439947.78,True,True,78.43137254901961,,True,False,False,,False,False,20.25793650793651,26.78571428571429,306,268,,,,,False,False,kink rank <70; more than 5% below 20-day high
ANF,2026-08-17,105.5,0.92135,54.7763,3.11297,85.4242,69.1218,56.3832,0.099217,105.907,71.4443,54.9206,55.421299999999995,91.0119,73.154,0.5006999999999948,0.1443000000000012,2.322500000000005,20.482799999999997,5.587699999999998,34.4627,12.698412698412698,63.888888888888886,96.82539682539682,25.396825396825395,93.25396825396825,89.68253968253968,-10.767148777805978,-10.80486980047345,95.57620000000001,93.08104999999999,10.383128854254497,True,True,True,49.751596877217885,46.94754282316382,2026-08-17,108.13,4719914.0,9.9217,956037,2837.95,Apparel Retail Stores,0000-00-00,XLY,C. Cyclical,100,89,92.135,1,41936,43.26,69.05,69.68,90.48,103376280.81,True,True,94.77124183006535,,True,False,False,other,True,False,23.075396825396826,4.345238095238095,306,268,,,,,False,False,local RR rank >10; five-day return <=0; more than 5% below 20-day high; near-front earnings flag
AXP,2026-08-17,336.87,0.930225,22.6911,3.10537,24.0477,22.6911,25.88,0.029373,25.9871,23.518,22.6739,23.4099,25.7272,25.3411,0.7360000000000007,-0.017199999999998994,0.826900000000002,1.9394000000000027,1.6795000000000009,2.469100000000001,1.9841269841269842,98.01587301587301,89.68253968253968,1.1904761904761905,69.44444444444444,17.46031746031746,-0.3107244318181879,-4.061173924187623,340.5654,339.35654999999997,-1.0850779321680992,True,False,False,7.283439490445853,4.479385436391792,2026-08-17,342.48,227491623.0,2.9373,2754726,15560.65,Credit & Lending Services,0000-00-00,XLF,Financials,24,9,93.0225,9,241019,11.47,7.94,16.51,23.81,943438560.48,True,True,55.55555555555556,,False,False,False,,False,False,10.297619047619047,27.44047619047619,306,268,,,,,False,False,kink rank <70; five-day return <=0; IVR outside 30–70
BAC,2026-08-17,64.0,0.86613,19.626099999999997,2.30401,19.3443,19.626099999999997,22.616,0.018335,20.958199999999998,19.0536,18.95,21.1627,24.3959,24.336,2.2127000000000017,-0.6760999999999981,-0.572499999999998,1.6138999999999974,5.0516000000000005,1.9045999999999985,5.9523809523809526,88.88888888888889,88.4920634920635,9.126984126984127,61.507936507936506,7.142857142857143,0.31347962382446415,-1.3411438261137776,59.81179999999999,54.2202,7.002297205568153,True,True,True,28.928283642224017,26.124229588169953,2026-08-17,64.49,449149917.0,1.8335,29744938,100496.9,Diversified Banking,0000-00-00,XLF,Financials,24,9,86.613,8,2219189,19.36,8.73,26.3,23.81,1918251051.62,True,True,85.62091503267973,,True,False,False,,False,False,21.150793650793652,26.924603174603174,306,268,,,,,False,False,kink rank <70; IVR outside 30–70
BX,2026-08-17,140.77,0.950256,33.3254,3.13118,36.1946,33.3254,35.811,0.0364684,37.6719,35.5272,33.462399999999995,34.1821,39.7333,37.426500000000004,0.7197000000000031,0.13699999999999335,2.2017999999999986,1.4772999999999996,3.5386999999999986,2.1447000000000003,0.3968253968253968,98.80952380952381,85.31746031746032,5.9523809523809526,54.36507936507937,39.682539682539684,-0.29747149231531544,-6.059392726059388,126.54380000000003,131.04274999999998,11.242115378232654,True,True,True,18.82333080104668,16.019276746992617,2026-08-17,143.93,105665497.0,3.64684,5287044,19791.6,Investment Management,0000-00-00,XLF,Financials,10,42,95.0256,9,488569,26.32,41.67,19.21,9.52,760964242.9200001,True,True,75.81699346405229,,True,False,False,,False,False,20.09920634920635,26.25,306,268,,,,,False,False,kink rank <70; five-day return <=0; IVR outside 30–70; more than 5% below 20-day high
CSCO,2026-08-17,112.97,0.895548,30.278,4.0,32.2187,30.278,35.2384,0.0253947,36.5964,32.5102,30.845200000000002,29.996499999999997,33.076499999999996,30.203999999999997,-0.8487000000000045,0.5672000000000033,2.232199999999999,4.377700000000004,0.8577999999999975,4.086200000000005,3.9682539682539684,92.85714285714286,87.3015873015873,1.9841269841269842,79.36507936507937,64.28571428571429,-8.206711627529039,-8.489266909680037,117.14920000000001,92.19155,-3.567416593540551,True,True,False,-4.17338196623972,-6.977436020293782,2026-08-17,111.68,445263874.0,2.53947,22645363,71985.4,Communications Equipment Manufacturing,0000-00-00,XLK,Technology,10,72,89.5548,12,1062462,49.28,71.43,5.82,9.52,2529034139.84,True,True,29.411764705882355,,False,False,False,other,False,False,10.753968253968253,32.698412698412696,306,268,,,,,False,False,five-day return <=0; more than 5% below 20-day high
CVNA,2026-08-17,70.66,0.975356,52.481,4.0,56.5064,52.481,59.763299999999994,0.0478958,58.97599999999999,55.9482,52.5123,53.8903,61.494499999999995,59.3764,1.3780000000000001,0.03130000000000166,3.4671999999999983,2.4695999999999927,4.988099999999996,3.027799999999992,0.3968253968253968,100.0,88.88888888888889,1.9841269841269842,52.77777777777778,28.571428571428573,-5.077915099408925,-6.768702995118103,67.2208,268.5403,5.116273534382221,False,False,True,3.8659414963986505,1.061887442344589,2026-08-17,75.59,77692437.0,4.78958,10336556,53765.75,Auto Dealerships,0000-00-00,XLY,C. Cyclical,10,17,97.5356,10,1184069,16.01,17.06,0.89,9.52,781340268.0400001,True,True,46.40522875816993,,False,False,False,,False,False,10.03968253968254,26.52777777777778,306,268,,,,,False,False,kink rank <70; five-day return <=0; IVR outside 30–70; more than 5% below 20-day high
DASH,2026-08-17,212.88,0.917135,39.1284,4.0,41.753,39.1284,45.0492,0.0423391,45.856700000000004,40.584199999999996,38.9251,40.041199999999996,45.7913,41.8932,1.1160999999999959,-0.2032999999999987,1.4557999999999964,4.1037000000000035,4.0383,5.272500000000008,10.317460317460318,84.92063492063492,87.3015873015873,21.03174603174603,76.58730158730158,29.365079365079364,1.7104634495938686,-2.263440613378631,186.17119999999994,188.31315000000004,14.346365066132716,True,True,True,33.483822422874354,30.67976836882029,2026-08-17,217.02,92755802.0,4.23391,4069959,12238.35,E-commerce & Internet Retail,0000-00-00,XLY,C. Cyclical,5,19,91.7135,11,199249,15.6,19.05,0.0,4.76,883262502.1800001,True,True,88.88888888888889,,True,False,False,other,False,False,21.785714285714285,32.55952380952381,306,268,,,,,False,False,local RR rank >10; IVR outside 30–70
DELL,2026-08-17,481.65,0.983759,67.5889,2.71098,68.48729999999999,80.8305,74.2654,0.0418681,73.0474,83.3599,68.6165,67.56790000000001,73.23530000000001,83.8313,-1.0485999999999933,1.0276000000000067,2.5293999999999954,4.560100000000006,4.748000000000019,-10.3125,10.714285714285714,89.68253968253968,85.71428571428571,25.0,7.936507936507937,64.28571428571429,4.382029776997598,-2.500000000000002,423.30500000000006,231.40875000000003,13.783205962603784,True,True,True,97.28434504792331,94.48029099386925,2026-08-17,490.81,311214500.0,4.18681,5920568,77459.95,Computer Hardware Manufacturing,0000-00-00,XLK,Technology,10,77,98.3759,2,683242,65.79,77.38,3.72,9.52,2905873980.08,True,True,99.01960784313727,,True,False,False,,True,False,21.58730158730159,-6.031746031746035,306,268,,,,,False,False,kink rank <70; local RR rank >10; near-front earnings flag
DG,2026-08-17,120.0,0.816276,39.8566,2.94538,61.697900000000004,49.3428,41.618100000000005,0.0734942,68.1591,50.962300000000006,40.2474,40.5129,63.782300000000006,52.2092,0.26550000000000296,0.3907999999999987,1.6195000000000093,6.461199999999991,2.0844000000000023,17.19679999999999,3.1746031746031744,92.06349206349206,86.9047619047619,3.5714285714285716,90.87301587301587,89.68253968253968,-2.975420439844767,-6.665629618106861,119.20280000000001,124.35245,0.6687762367997951,True,False,True,16.403142884857893,13.599088830803831,2026-08-17,123.28,26427158.0,7.34942,1980291,4200.45,Discount Retail,0000-00-00,XLP,C. Defensive,95,90,81.6276,1,89826,68.61,90.08,96.32,95.24,244130274.48,True,True,71.89542483660131,,False,False,False,other,True,False,10.714285714285715,3.2341269841269806,306,268,,,,,False,False,five-day return <=0; more than 5% below 20-day high; near-front earnings flag
GILD,2026-08-17,138.94,0.753804,26.5853,3.40947,27.276899999999998,26.5853,29.437400000000004,0.0379942,31.781399999999998,26.911800000000003,25.935200000000002,28.272799999999997,31.909399999999998,33.2977,2.337599999999995,-0.6500999999999983,0.3265000000000029,4.5045,4.6325,4.869599999999995,24.206349206349206,73.01587301587301,90.07936507936508,25.0,82.93650793650794,31.349206349206348,4.6550165712563984,0.0,130.28499999999997,132.56009999999998,6.643128525923969,True,True,True,7.049849757300253,4.245795703246191,2026-08-17,138.36,172279369.0,3.79942,6701199,7643.5,Major Pharmaceuticals,0000-00-00,XLV,Healthcare,10,33,75.3804,10,163814,32.3,33.33,2.18,9.52,927177893.6400001,True,True,55.22875816993464,,True,False,False,other,False,False,23.76984126984127,33.154761904761905,306,268,,,,,False,False,local RR rank >10
GNRC,2026-08-17,221.14,0.893689,47.8324,3.93045,49.9467,47.8324,54.7976,0.081333,65.0958,51.446999999999996,48.0373,48.8782,55.879900000000006,51.0419,0.8408999999999978,0.20490000000000208,3.614599999999996,15.149099999999997,5.9332000000000065,13.648800000000001,22.61904761904762,79.36507936507937,95.63492063492063,40.07936507936508,85.31746031746032,55.55555555555556,6.220279552331998,-0.13547687861271696,237.1304,205.7882,-6.743293985081634,False,True,False,-16.18722759143454,-18.9912816454886,2026-08-17,219.3,13048667.0,8.1333,1184666,3108.75,Specialized Industrial Equipment,0000-00-00,XLI,Industrials,5,58,89.3689,10,53303,52.48,58.73,0.0,4.76,259797253.8,True,True,13.071895424836603,,False,False,False,other,False,False,13.293650793650794,33.829365079365076,306,268,,,,,False,False,local RR rank >10
GOOG,2026-08-17,341.18,0.989507,27.223999999999997,3.26985,28.0516,27.223999999999997,31.659100000000002,0.01221,32.334,30.8098,27.4101,27.724,32.7434,31.940800000000003,0.3139000000000003,0.18610000000000326,3.5858000000000025,4.282400000000003,4.691800000000001,1.524200000000004,11.904761904761905,77.38095238095238,86.9047619047619,12.301587301587302,63.888888888888886,17.063492063492063,-3.63507979098997,-9.592453230165876,351.7942,330.7717,-3.017161738311769,False,True,False,-13.212250712250706,-16.016304766304767,2026-08-17,343.54,4172609166.0,1.221,20579820,215784.8,Internet Content & Media,0000-00-00,XLC,Comm,10,11,98.9507,10,1823325,16.32,11.51,6.55,9.52,7069991362.8,True,True,16.99346405228758,,False,False,False,,False,False,12.321428571428571,26.884920634920633,306,268,,,,,False,False,kink rank <70; local RR rank >10; five-day return <=0; IVR outside 30–70; more than 5% below 20-day high
GS,2026-08-17,1050.83,0.989515,29.7756,1.971,31.2917,29.7756,32.1457,0.0302488,34.6679,30.5026,29.456500000000002,30.497000000000003,36.206700000000005,34.3802,1.0405000000000015,-0.31909999999999883,0.7270000000000003,3.3762000000000043,4.915000000000006,4.165300000000002,1.5873015873015872,95.63492063492063,99.2063492063492,15.079365079365079,86.5079365079365,48.41269841269841,1.666005553351857,-4.383945550995905,1053.8956,931.92475,-0.2908827022335192,True,True,False,10.155668536086782,7.351614482032721,2026-08-17,1039.42,309988484.0,3.02488,1887043,36360.45,Investment Banking & Brokerage,0000-00-00,XLF,Financials,10,56,98.9515,8,467287,37.88,56.35,10.22,9.52,1961430235.0600002,True,True,60.45751633986928,,True,False,False,grab,False,True,20.376984126984127,54.24603174603175,306,268,,,,,True,True,passed original surface
HPQ,2026-08-17,29.56,0.841062,47.9804,3.12784,71.4695,60.487199999999994,50.7984,0.0609441,80.2562,66.34400000000001,49.6411,46.941,71.14359999999999,61.0537,-2.700099999999999,1.6606999999999985,5.856800000000014,8.78670000000001,-0.3259000000000043,13.912199999999999,5.158730158730159,90.47619047619048,89.68253968253968,2.7777777777777777,90.47619047619048,94.84126984126983,-1.4009339559706513,-4.798711755233498,25.4494,22.54145,16.152050735970192,True,True,True,41.03053435114503,38.226480297090966,2026-08-17,30.11,27033291.0,6.09441,14976515,28677.35,Computer Hardware Manufacturing,0000-00-00,XLK,Technology,71,90,84.1062,1,538097,56.69,80.95,34.32,47.62,450942866.65,True,True,91.83006535947712,,False,False,False,other,True,False,10.992063492063492,3.492063492063494,306,268,,,,,False,False,five-day return <=0; near-front earnings flag
JPM,2026-08-17,361.38,0.980403,19.1515,2.73873,20.0477,19.1515,22.344900000000003,0.0208884,20.1845,18.752,18.3699,20.4558,24.2147,22.6961,2.0858999999999988,-0.7815999999999974,-0.39949999999999974,0.13680000000000092,4.167000000000002,1.432500000000001,5.9523809523809526,91.66666666666667,85.31746031746032,10.317460317460318,52.38095238095238,9.126984126984127,0.7190635451505001,-1.1758914898271744,340.3896,315.18845,6.1665808826121715,True,True,True,21.276595744680836,18.472541690626777,2026-08-17,362.84,960620316.0,2.08884,6707414,46501.2,Diversified Banking,0000-00-00,XLF,Financials,10,4,98.0403,8,683453,8.84,4.37,17.57,9.52,2433718095.7599998,True,True,78.10457516339869,,True,False,False,,False,False,21.01190476190476,26.150793650793652,306,268,,,,,False,False,kink rank <70; IVR outside 30–70
LOW,2026-08-17,215.78,0.844004,26.586900000000004,3.12973,46.0867,33.5595,31.5618,0.0413187,49.6927,36.7393,27.2558,27.212999999999997,47.547,37.2479,-0.04280000000000328,0.6688999999999972,3.1798,3.6060000000000016,1.4602999999999966,12.953400000000002,0.7936507936507936,99.2063492063492,87.6984126984127,0.0,97.22222222222223,98.01587301587301,-1.2674445207046525,-3.406598325797927,215.3804,237.93445,0.18553220255881353,False,False,True,-1.2493707381813102,-4.053424792235372,2026-08-17,218.47,120989365.0,4.13187,2852688,6387.15,Home Improvement Stores,0000-00-00,XLY,C. Cyclical,5,57,84.4004,0,123645,51.67,57.14,0.0,4.76,623226747.36,True,True,33.66013071895425,,False,False,False,other,True,False,10.119047619047619,3.6309523809523796,306,268,,,,,False,False,five-day return <=0; near-front earnings flag
LRCX,2026-08-17,342.66,0.972839,61.4649,2.93752,66.40129999999999,61.4649,65.6292,0.0537196,71.7086,64.77629999999999,62.171200000000006,61.566900000000004,72.5877,65.2308,-0.6043000000000021,0.7063000000000059,3.311399999999992,5.307300000000012,6.186400000000006,6.932300000000012,1.9841269841269842,94.44444444444444,92.85714285714286,7.5396825396825395,78.96825396825396,53.17460317460318,11.1774439505532,0.0,337.5354,250.42480000000003,1.5182407534143127,True,True,True,19.924404157771324,17.120350103717264,2026-08-17,332.36,428777654.0,5.37196,10739249,53989.65,Semiconductor Equipment & Materials Manufacturing,0000-00-00,XLK,Technology,10,58,97.2839,9,627021,50.23,57.94,3.27,9.52,3569296797.6400003,True,True,77.45098039215686,,True,False,False,grab,False,True,20.476190476190478,53.23412698412698,306,268,,,,,True,True,passed original surface
MCD,2026-08-17,265.4,0.924144,20.265900000000002,2.65757,21.029,20.265900000000002,22.307299999999998,0.0147636,24.3803,23.136300000000002,20.785500000000003,20.5425,21.0638,21.448,-0.2430000000000021,0.5196000000000005,2.8704,3.3512999999999984,0.03480000000000061,1.2439999999999962,1.9841269841269842,94.84126984126983,91.66666666666667,0.0,70.23809523809524,67.46031746031746,-2.7126099706744955,-3.774337406185424,273.4612,298.61925,-2.947840498030452,False,False,False,-3.854513838574136,-6.658567892628198,2026-08-17,272.83,189617986.0,1.47636,4511470,27413.15,Restaurants,0000-00-00,XLY,C. Cyclical,10,79,92.4144,11,296980,59.9,78.97,9.16,9.52,1230864360.1,True,True,29.73856209150327,,False,False,False,other,False,False,10.456349206349206,32.67857142857143,306,268,,,,,False,False,five-day return <=0
MPC,2026-08-17,361.96,0.979868,41.9184,1.0,43.9698,41.9184,43.1824,0.0218067,47.5284,45.018,42.9077,41.597699999999996,45.6287,44.4452,-1.3100000000000023,0.9893000000000001,3.0996000000000024,3.5585999999999984,1.6589000000000027,2.510399999999997,0.0,97.61904761904762,87.3015873015873,1.5873015873015872,87.6984126984127,91.66666666666667,13.44219136866518,0.0,289.6562,229.43155,24.96193763503076,True,True,True,42.22396856581532,39.419914511761256,2026-08-17,355.42,105669384.0,2.18067,2282417,3668.95,Petroleum Refining & Marketing,0000-00-00,XLE,Energy,81,98,97.9868,11,83237,94.47,98.02,80.51,80.95,811216650.14,True,True,93.13725490196079,,False,False,False,grab,False,False,10.119047619047619,53.11507936507937,306,268,,,,,False,True,IVR outside 30–70
MRK,2026-08-17,135.94,0.829011,25.430500000000002,2.68904,26.0827,25.430500000000002,27.9264,0.02785,30.3573,24.8902,24.9476,26.3526,28.9324,28.372799999999998,1.4049999999999976,-0.4829000000000008,-0.540300000000002,4.2745999999999995,2.849700000000002,5.4670999999999985,25.396825396825395,54.36507936507937,92.06349206349206,12.301587301587302,88.0952380952381,27.77777777777778,4.0728831725616255,0.0,125.78119999999998,114.10119999999999,8.076564701243116,True,True,True,21.766391974202783,18.96233792014872,2026-08-17,135.84,335387312.0,2.785,8389249,23089.05,Major Pharmaceuticals,0000-00-00,XLV,Healthcare,10,22,82.9011,10,467638,42.5,21.43,7.66,9.52,1139595584.16,True,True,79.08496732026144,,True,False,False,other,False,False,24.82142857142857,33.611111111111114,306,268,,,,,False,False,local RR rank >10
PYPL,2026-08-17,60.41,0.551493,28.8901,4.0,31.816100000000002,28.8901,33.1888,0.064328,41.9799,32.4552,29.7031,28.5648,30.277500000000003,28.7648,-1.1382999999999974,0.8129999999999988,3.5650999999999975,10.163799999999998,-1.5385999999999989,9.524700000000003,5.555555555555555,82.14285714285714,86.11111111111111,0.0,86.9047619047619,32.93650793650794,2.9832935560859086,-0.869707909419104,50.385799999999996,51.610699999999994,19.894891020882866,True,True,True,35.50919694930461,32.705142895250546,2026-08-17,61.66,51678391.0,6.4328,12784928,56080.5,Credit & Lending Services,0000-00-00,XLF,Financials,57,19,55.1493,10,1813668,15.85,18.65,25.67,57.14,788318660.4799999,True,True,90.19607843137256,,False,False,False,grab,False,False,11.4484126984127,52.95634920634921,306,268,,,,,False,True,IVR outside 30–70
RBLX,2026-08-17,37.66,0.9059,58.2943,4.0,61.3634,58.2943,69.01129999999999,0.0509109,72.0209,66.5881,60.775,57.9375,60.2565,58.835899999999995,-2.8374999999999986,2.480699999999999,8.293799999999997,10.657499999999999,-1.106899999999996,5.4328,0.3968253968253968,99.2063492063492,94.44444444444444,0.0,72.61904761904762,42.06349206349206,0.8029978586723718,-29.010367577756835,47.027800000000006,64.63754999999999,-19.919707066883863,False,False,False,-11.988782425800427,-14.792836479854488,2026-08-17,38.23,26903398.0,5.09109,14951217,31328.0,Gaming & Interactive Media,0000-00-00,XLC,Comm,19,43,90.59,10,424994,36.16,42.86,6.71,14.29,571585025.91,True,True,18.30065359477124,,False,False,False,grab,False,False,10.079365079365079,53.07539682539682,306,268,,,,,False,True,more than 5% below 20-day high
SBUX,2026-08-17,107.27,0.811971,25.4004,4.0,27.3728,25.4004,29.1715,0.0253627,31.8535,27.3714,25.5013,26.063599999999997,27.8289,27.4866,0.5622999999999969,0.10089999999999932,1.971,4.480699999999999,0.4560999999999993,4.482099999999999,2.380952380952381,88.0952380952381,85.71428571428571,0.7936507936507936,80.95238095238095,15.476190476190476,2.611440596900705,-1.5871559633027554,103.78260000000002,96.095,3.360293536681458,True,True,True,0.694640007509606,-2.1094140465444555,2026-08-17,107.69,122287800.0,2.53627,7662281,24032.15,Restaurants,0000-00-00,XLY,C. Cyclical,14,2,81.1971,10,480365,6.81,1.59,11.84,14.29,825151040.89,True,True,38.56209150326798,,False,False,False,grab,False,False,10.833333333333332,52.61904761904762,306,268,,,,,False,True,IVR outside 30–70
SCHW,2026-08-17,110.67,0.784306,21.575400000000002,1.15814,21.828500000000002,21.575400000000002,24.397,0.0271322,23.612099999999998,21.4278,21.2784,22.206699999999998,24.7359,23.372,0.9282999999999966,-0.2970000000000006,-0.14760000000000062,1.7835999999999963,2.907399999999999,2.184299999999997,2.380952380952381,95.63492063492063,86.5079365079365,2.7777777777777777,58.333333333333336,10.714285714285714,2.396373056994827,-0.20739404869252187,99.63459999999999,96.36080000000001,11.075871233487167,True,True,True,21.642119147065287,18.838065093011224,2026-08-17,111.09,191385583.0,2.71322,7727943,18155.7,Investment Banking & Brokerage,0000-00-00,XLF,Financials,19,14,78.4306,8,448390,19.95,15.48,20.9,19.05,858497187.87,True,True,78.75816993464052,,True,False,False,,False,False,20.456349206349206,26.56746031746032,306,268,,,,,False,False,kink rank <70; IVR outside 30–70
SPOT,2026-08-17,493.63,0.943147,36.7738,3.58772,38.6255,36.7738,40.544000000000004,0.0586637,42.1419,39.9639,36.9312,36.952400000000004,38.0824,39.6998,0.021200000000007435,0.15739999999999554,3.190100000000001,3.5163999999999973,-0.5431000000000026,2.1779999999999973,6.746031746031746,91.66666666666667,91.66666666666667,2.380952380952381,59.92063492063492,27.77777777777778,-2.8057808931243655,-5.096704733341017,484.277,514.07275,1.9313326876973402,True,False,True,12.927800146412881,10.12374609235882,2026-08-17,512.82,101500231.0,5.86637,2026453,11311.7,Internet Content & Media,0000-00-00,XLC,Comm,29,26,94.3147,11,143782,19.97,26.19,18.86,28.57,1039205627.4600002,True,True,65.0326797385621,,False,False,False,,False,False,11.09126984126984,27.162698412698415,306,268,,,,,False,False,kink rank <70; five-day return <=0; IVR outside 30–70; more than 5% below 20-day high
TTD,2026-08-17,13.36,0.90236,55.1446,4.0,57.192699999999995,55.1446,67.4629,0.0453055,73.8176,66.0659,58.3855,54.1347,55.1549,54.3084,-4.250799999999998,3.2409000000000034,10.921300000000002,16.624900000000004,-2.037799999999997,7.7517,4.761904761904762,93.25396825396825,95.63492063492063,0.7936507936507936,80.95238095238095,37.698412698412696,1.9069412662090057,-30.561330561330557,17.9962,27.277849999999997,-25.762105333348163,False,False,False,-36.62239089184061,-39.42644494589467,2026-08-17,14.14,6277599.0,4.53055,28936440,71821.35,Advertising & Marketing Services,0000-00-00,XLK,Technology,19,33,90.236,11,957615,33.85,32.54,11.46,19.05,409161261.6,True,True,1.9607843137254901,,False,False,False,grab,False,False,10.813492063492063,53.611111111111114,306,268,,,,,False,True,more than 5% below 20-day high
ZS,2026-08-17,184.48,0.883185,53.028600000000004,3.8369,54.6246,73.68090000000001,60.728,0.0699367,63.6066,77.2574,54.4353,52.2009,56.0536,74.5683,-2.234400000000001,1.4066999999999936,3.576499999999996,8.982,1.429000000000002,-13.650800000000004,4.761904761904762,92.46031746031746,96.42857142857143,5.555555555555555,7.5396825396825395,46.82539682539682,3.7278605566488654,-2.148199225587444,146.3672,182.29870000000003,26.0391672451205,True,True,True,14.56961868090918,11.765564626855118,2026-08-17,183.6,29832173.0,6.99367,2189115,14932.95,Infrastructure Software,0000-00-00,XLK,Technology,14,52,88.3185,2,227180,55.59,49.6,15.1,9.52,401921514.0,True,True,68.95424836601308,,False,False,False,,True,False,10.853174603174605,-4.980158730158731,306,268,,,,,False,False,kink rank <70; near-front earnings flag
AAP,2026-08-18,57.81,0.910483,60.3956,2.65522,101.72399999999999,71.86540000000001,65.6126,0.15185,129.785,74.7573,61.36000000000001,62.138000000000005,109.294,81.125,0.7779999999999987,0.9644000000000048,2.8918999999999926,28.061000000000007,7.570000000000007,55.027699999999996,18.253968253968253,52.77777777777778,93.25396825396825,5.9523809523809526,96.03174603174604,89.28571428571429,8.972667295004722,-3.0358939953035846,57.2636,52.606849999999994,0.9541838096102984,True,True,True,14.046162951272457,12.181830719890941,2026-08-18,56.72,3487632.0,15.18497,1388355,5812.0,Automotive Parts & Components,0000-00-00,XLY,C. Cyclical,52,80,91.0483,0,149364,51.96,77.38,49.66,47.62,78747495.6,True,True,68.30065359477125,,True,False,False,other,True,False,24.186507936507937,4.1269841269841265,306,268,,,,,False,False,local RR rank >10; near-front earnings flag
AVGO,2026-08-18,379.17,0.957389,41.1635,2.85192,40.4339,50.180499999999995,46.3331,0.0366793,44.5952,52.9316,41.5775,41.330600000000004,44.6807,54.100300000000004,-0.24689999999999657,0.4140000000000015,2.751100000000008,4.161299999999997,4.2468,-8.336400000000005,3.9682539682539684,90.87301587301587,86.11111111111111,4.365079365079365,13.492063492063492,15.079365079365079,-8.536761868004628,-10.907211165675879,390.2792,369.23584999999997,-2.8464750363329627,False,True,False,-9.841639718470606,-11.705971949852122,2026-08-18,392.43,1782837895.0,3.66793,18119476,210831.8,Semiconductors,0000-00-00,XLK,Technology,19,21,95.7389,2,2130998,32.2,20.63,17.22,19.05,7110625966.68,True,True,22.54901960784314,,False,False,False,,True,False,10.853174603174605,-5.714285714285715,306,268,,,,,False,False,kink rank <70; five-day return <=0; more than 5% below 20-day high; near-front earnings flag
BX,2026-08-18,140.82,0.957548,34.396100000000004,3.02635,35.5423,34.396100000000004,36.6288,0.036324,37.4759,36.321799999999996,34.4662,35.085899999999995,40.502500000000005,39.8774,0.6196999999999946,0.0700999999999965,1.925699999999992,1.9336000000000055,4.9602000000000075,1.1541000000000068,0.0,98.41269841269842,91.26984126984127,18.650793650793652,40.07936507936508,37.301587301587304,-4.040885860306654,-6.026026026026033,127.06800000000001,131.0016,10.822551704599093,True,True,True,20.637368285787705,18.77303605440619,2026-08-18,140.57,105703029.0,3.6324,5237267,19649.05,Investment Management,0000-00-00,XLF,Financials,24,45,95.7548,9,495531,28.72,45.24,32.72,23.81,736202622.1899999,True,True,79.41176470588235,,True,False,False,,False,False,20.07936507936508,26.13095238095238,306,268,,,,,False,False,kink rank <70; five-day return <=0; IVR outside 30–70; more than 5% below 20-day high
CAT,2026-08-18,842.31,0.967584,37.8435,3.40603,40.0133,37.8435,41.664,0.0394347,43.6012,40.4831,38.063900000000004,38.143899999999995,41.207,39.8293,0.07999999999999119,0.22040000000000504,2.6396000000000015,3.5878999999999976,1.1936999999999998,3.1180999999999983,0.7936507936507936,99.60317460317461,98.01587301587301,0.7936507936507936,65.07936507936508,61.904761904761905,-0.317163516728014,-5.806112521387119,910.3026,757.3997999999999,-7.469230561354001,False,True,False,-2.4618733860602093,-4.326205617441725,2026-08-18,881.65,396151009.0,3.94347,3019037,35927.5,Farm & Construction Equipment,0000-00-00,XLI,Industrials,14,67,96.7584,10,310594,55.08,67.06,3.25,14.29,2661733971.0499997,True,True,31.699346405228756,,False,False,False,,False,False,10.099206349206348,28.055555555555554,306,268,,,,,False,False,kink rank <70; five-day return <=0; more than 5% below 20-day high
DOCU,2026-08-18,60.41,0.760739,47.8579,3.53866,49.0327,64.1883,59.3241,0.116426,71.0477,70.78999999999999,48.748599999999996,50.6753,55.4098,71.5029,1.9267000000000039,0.8906999999999954,6.601699999999994,22.015000000000008,6.377099999999999,0.25770000000001403,38.492063492063494,86.9047619047619,98.01587301587301,36.904761904761905,39.682539682539684,44.04761904761905,1.7860151642796973,-5.2392156862745125,50.6232,54.055,19.332637999968405,True,True,True,22.460977093046818,20.596644861665304,2026-08-18,59.82,11737143.0,11.64257,3051555,7591.75,Application Software,0000-00-00,XLK,Technology,24,54,76.0739,2,153508,47.8,54.76,13.15,28.57,182544020.1,True,True,81.69934640522875,,False,False,False,,True,False,14.503968253968253,-3.2142857142857153,306,268,,,,,False,False,kink rank <70; local RR rank >10; more than 5% below 20-day high; near-front earnings flag
GS,2026-08-18,1039.13,0.983894,29.221200000000003,2.30617,30.8151,29.221200000000003,32.1062,0.0291746,32.9453,30.4053,28.9242,29.765399999999996,34.4998,32.2225,0.8411999999999971,-0.29700000000000415,1.1840999999999973,2.130200000000002,3.6846999999999994,2.5400000000000027,0.3968253968253968,96.03174603174604,92.46031746031746,4.365079365079365,70.63492063492063,46.42857142857143,0.7807347635489181,-5.4485400496810605,1053.8375999999998,933.2077499999999,-1.3956230068086106,True,True,False,9.893398760549088,8.029066529167572,2026-08-18,1051.31,306537055.0,2.91746,1853156,36760.15,Investment Banking & Brokerage,0000-00-00,XLF,Financials,10,51,98.3894,8,484008,34.58,50.0,1.11,9.52,1948241434.36,True,True,61.43790849673203,,True,False,False,grab,False,False,20.23809523809524,52.77777777777778,306,268,,,,,False,True,more than 5% below 20-day high
HD,2026-08-18,340.02,0.954746,25.678,3.13522,28.2151,25.678,26.995400000000004,0.0345113,30.4279,26.9979,25.993,25.941,30.6286,27.3776,-0.0519999999999996,0.3149999999999977,1.3199000000000005,2.2128000000000014,2.413499999999999,3.4299999999999997,0.3968253968253968,99.60317460317461,86.11111111111111,7.142857142857143,77.38095238095238,55.55555555555556,-4.227811734219644,-4.227811734219644,338.71100000000007,346.63675,0.3864651576122258,True,False,True,13.93244873341375,12.068116502032234,2026-08-18,337.88,339039614.0,3.45113,3759994,17973.9,Home Improvement Stores,0000-00-00,XLY,C. Cyclical,10,50,95.4746,13,261743,54.2,49.6,13.32,9.52,1270426772.72,True,True,67.97385620915033,,False,False,False,other,False,False,10.05952380952381,32.48015873015873,306,268,,,,,False,False,five-day return <=0
LRCX,2026-08-18,325.22,0.988309,61.8161,2.86429,64.7733,61.8161,66.1878,0.050163,69.2819,65.2429,62.396300000000004,62.416700000000006,72.3743,65.0694,0.020400000000002194,0.5802000000000049,3.426800000000007,4.508599999999987,7.600999999999999,4.038999999999987,3.9682539682539684,92.85714285714286,87.6984126984127,16.666666666666668,65.47619047619048,50.3968253968254,4.330809701013738,-5.089593182746743,337.88560000000007,251.24575000000004,-3.7484876538094625,True,True,False,16.60810326281823,14.743771031436713,2026-08-18,343.84,406954616.0,5.0163,10534628,53699.6,Semiconductor Equipment & Materials Manufacturing,0000-00-00,XLK,Technology,14,63,98.8309,9,633906,50.97,63.1,4.87,14.29,3622226491.5199995,True,True,73.8562091503268,,True,False,False,,False,False,20.753968253968253,27.043650793650794,306,268,,,,,False,False,kink rank <70; more than 5% below 20-day high
MELI,2026-08-18,1789.28,0.944295,31.5795,2.87591,32.506800000000005,31.5795,35.958400000000005,0.0694176,35.246,35.8852,31.059399999999997,32.8316,36.3282,34.9978,1.772200000000005,-0.5201000000000029,4.305699999999998,2.7391999999999967,3.821399999999997,-0.6391999999999953,19.444444444444443,86.9047619047619,88.0952380952381,43.65079365079365,34.92063492063492,11.904761904761905,-7.719126331261772,-7.719126331261772,1771.1088,1874.62955,1.0259787541002652,True,False,True,13.504186754630787,11.639854523249271,2026-08-18,1787.57,90710774.0,6.94176,444013,7049.3,E-commerce & Internet Retail,0000-00-00,XLY,C. Cyclical,5,8,94.4295,11,65809,22.46,8.73,0.0,4.76,793704318.41,True,True,67.3202614379085,,False,False,False,,False,False,12.599206349206348,25.555555555555557,306,268,,,,,False,False,kink rank <70; local RR rank >10; five-day return <=0; IVR outside 30–70; more than 5% below 20-day high
MGM,2026-08-18,43.54,0.614504,31.2483,3.90791,29.0777,31.2483,30.543,0.078503,55.7788,35.9458,31.137700000000002,33.5858,65.776,38.6768,2.4480999999999966,-0.11059999999999803,4.697499999999998,26.701099999999997,36.698299999999996,19.833,10.714285714285714,65.87301587301587,96.82539682539682,98.80952380952381,94.84126984126983,2.380952380952381,-1.4709210228558423,-5.798355690177415,46.2388,38.94375,-5.836656660639983,True,True,False,17.232094776521258,15.367762545139742,2026-08-18,43.78,11139563.0,7.8503,2450543,4653.35,Resort & Casino Operations,0000-00-00,XLY,C. Cyclical,57,14,61.4504,10,223590,23.74,12.3,35.18,57.14,107284772.54,True,True,74.83660130718954,,True,False,False,other,False,False,22.77777777777778,34.42460317460318,306,268,,,,,False,False,local RR rank >10; opposite put-wing rank >=70; five-day return <=0; IVR outside 30–70; more than 5% below 20-day high
NCLH,2026-08-18,17.74,0.702105,43.3032,3.10019,42.9394,43.3032,46.8275,0.0547988,53.3129,48.5848,43.4629,44.9035,49.6744,49.660700000000006,1.4406000000000034,0.15970000000000084,5.2816000000000045,10.3735,6.734999999999999,4.728099999999998,1.1904761904761905,81.34920634920636,92.85714285714286,13.095238095238095,64.68253968253968,21.825396825396826,-5.133689839572197,-15.764482431149096,19.612000000000002,20.04825,-9.545176422598423,True,False,False,16.023544800523215,14.1592125691417,2026-08-18,18.18,8145472.0,5.47988,15080219,18645.45,Travel & Tourism Services,0000-00-00,XLY,C. Cyclical,24,33,70.2105,11,553639,24.17,34.13,26.98,23.81,274158381.42,True,True,73.52941176470588,,False,False,False,,False,False,11.0515873015873,27.51984126984127,306,268,,,,,False,False,kink rank <70; five-day return <=0; IVR outside 30–70; more than 5% below 20-day high
NEM,2026-08-18,116.47,0.879093,42.0882,1.0,42.9463,42.0882,43.992799999999995,0.0408767,49.705,49.8883,43.4257,41.492000000000004,42.058099999999996,42.208,-1.9336999999999946,1.3374999999999986,7.8001000000000005,6.7586999999999975,-0.8882000000000048,-0.18330000000000268,3.1746031746031744,92.46031746031746,86.5079365079365,1.1904761904761905,40.476190476190474,29.365079365079364,-0.45299145299145804,-2.990171580876233,99.58760000000002,105.6418,16.95231133193287,False,True,True,6.026399635867086,4.16206740448557,2026-08-18,120.33,122723539.0,4.08767,7317972,25472.5,Gold,0000-00-00,XLB,Materials,67,33,87.9093,9,589362,43.24,32.54,81.0,66.67,880571570.76,True,True,51.9607843137255,,False,False,False,,False,False,10.694444444444446,25.674603174603178,306,268,,,,,False,False,kink rank <70; five-day return <=0
S,2026-08-18,22.59,0.830236,52.4794,3.02454,91.2065,65.68310000000001,59.973699999999994,0.122728,110.68299999999999,73.898,54.966,52.25300000000001,97.3345,68.9016,-2.712999999999994,2.486600000000003,8.214899999999986,19.476499999999987,6.128,36.785,8.333333333333334,79.36507936507937,89.68253968253968,39.285714285714285,95.63492063492063,90.87301587301587,0.40000000000000036,-5.16372795969774,18.288999999999998,15.7629,23.51686806276998,True,True,True,28.13386273397618,26.269530502594662,2026-08-18,21.82,7743936.0,12.27276,6384901,20148.55,Infrastructure Software,0000-00-00,XLK,Technology,24,54,83.0236,1,278594,45.02,58.73,23.83,28.57,139318539.82,True,True,86.9281045751634,,False,False,False,grab,True,False,11.865079365079366,23.75,306,268,,,,,False,True,more than 5% below 20-day high; near-front earnings flag
TFC,2026-08-18,52.59,0.61305,23.6891,1.8375,22.0263,22.0263,25.316699999999997,0.0232534,21.9416,21.9416,23.011799999999997,25.6357,27.7621,27.7621,2.6239000000000026,-0.6773000000000025,-0.084699999999998,-0.084699999999998,5.735800000000001,0.0,1.9841269841269842,95.63492063492063,85.31746031746032,11.904761904761905,18.650793650793652,12.301587301587302,0.4009163802978222,-1.0163749294184066,51.245200000000004,49.2932,2.624245783019674,True,True,True,11.774707757704594,9.910375526323078,2026-08-18,52.53,64245311.0,2.32534,6930429,3203.45,Regional Banking,0000-00-00,XLF,Financials,24,25,61.305,8,163159,21.52,23.41,31.65,23.81,364055435.37,True,True,64.37908496732027,,True,False,False,,False,False,20.416666666666668,24.464285714285715,306,268,,,,,False,False,kink rank <70; IVR outside 30–70
TOST,2026-08-18,35.16,0.887046,38.6169,4.0,40.2845,38.6169,45.6334,0.0495801,46.0043,41.0435,38.95,39.3615,43.8448,42.6517,0.41149999999999665,0.33310000000000173,2.4266000000000005,5.719799999999999,3.560299999999998,4.960799999999999,2.7777777777777777,84.92063492063492,90.07936507936508,6.349206349206349,73.41269841269842,12.698412698412698,0.42844901456726703,-0.9577464788732448,29.672400000000003,30.21505,18.49395397743354,True,True,True,55.36897923110915,53.50464699972763,2026-08-18,34.32,20392800.0,4.95801,10346579,14960.7,Infrastructure Software,0000-00-00,XLF,Financials,14,8,88.7046,11,330013,12.74,7.14,7.08,14.29,355094591.28000003,True,True,96.73202614379085,,False,False,False,grab,False,False,11.031746031746032,52.67857142857143,306,268,,,,,False,True,IVR outside 30–70
TSLA,2026-08-18,336.9,0.985179,40.1763,2.55454,40.6698,40.1763,44.420500000000004,0.0054818,52.263000000000005,52.576100000000004,41.117599999999996,40.1904,47.4302,46.813,-0.9271999999999991,0.9412999999999982,12.399800000000006,11.593200000000003,6.760399999999997,-0.3130999999999986,38.888888888888886,54.36507936507937,85.31746031746032,14.682539682539682,62.698412698412696,21.825396825396826,1.5340104276543753,-10.119254061841366,368.04780000000005,404.8428,-8.462976819858747,False,False,False,-17.913357048876765,-19.77768928025828,2026-08-18,339.3,1330602517.0,0.54818,38837029,2250385.75,Automobile Manufacturing,0000-00-00,XLY,C. Cyclical,33,15,98.5179,9,5759524,16.27,15.08,29.08,33.33,13177403939.7,True,True,13.398692810457517,,False,False,False,,False,False,16.17063492063492,26.666666666666668,306,268,,,,,False,False,kink rank <70; local RR rank >10; IVR outside 30–70; more than 5% below 20-day high
WDAY,2026-08-18,190.94,0.82713,41.564800000000005,3.20601,68.7941,53.4074,48.7605,0.113316,80.3895,57.458200000000005,40.3883,44.876599999999996,71.7107,60.724500000000006,4.488299999999995,-1.1765000000000043,4.050800000000002,11.595399999999998,2.9166000000000025,22.931299999999993,75.0,37.698412698412696,99.60317460317461,13.88888888888889,95.23809523809524,87.6984126984127,5.311345209861562,-6.808531407096485,147.0454,162.24325000000002,29.851052804099965,True,True,True,47.83214617528646,45.96781394390494,2026-08-18,191.18,47157116.0,11.33162,5177751,13473.1,Application Software,0000-00-00,XLK,Technology,14,50,82.713,1,219599,45.98,48.02,5.59,14.29,989882436.1800001,True,True,95.09803921568627,,False,False,False,other,True,False,20.615079365079364,4.722222222222221,306,268,,,,,False,False,local RR rank >10; more than 5% below 20-day high; near-front earnings flag
XPEV,2026-08-18,11.77,0.709574,53.53489999999999,2.38217,74.4826,61.403200000000005,57.805099999999996,0.0730274,98.7441,72.4334,56.9932,51.99,81.5782,59.4509,-5.0032,3.4583000000000084,11.0302,24.261499999999998,7.09559999999999,26.310699999999997,22.61904761904762,58.73015873015873,91.26984126984127,36.507936507936506,98.41269841269842,90.87301587301587,-0.25423728813560587,-10.015290519877684,13.0218,17.331999999999997,-9.613110322689655,False,False,False,-22.258916776750336,-24.12324900813185,2026-08-18,12.2,11259107.0,7.30274,6420771,25291.4,Automobile Manufacturing,0000-00-00,XLY,C. Cyclical,24,15,70.9574,0,644396,34.16,13.89,39.82,23.81,78333406.19999999,True,True,9.477124183006536,,False,False,False,other,True,False,14.325396825396826,4.047619047619051,306,268,,,,,False,False,local RR rank >10; five-day return <=0; more than 5% below 20-day high; near-front earnings flag
ADM,2026-08-19,80.88,0.864283,28.929700000000004,3.28584,27.8142,27.8142,31.860899999999997,0.0197278,32.2309,32.2309,28.5976,30.6955,32.6762,32.6762,2.097899999999999,-0.33210000000000406,4.416699999999999,4.416699999999999,4.862000000000002,0.0,52.38095238095238,37.698412698412696,89.28571428571429,26.19047619047619,30.952380952380953,21.03174603174603,1.5442561205272876,-6.323835997220306,80.02120000000001,70.7003,1.0732155978665503,True,True,True,2.3408832089079956,0.2522034256174477,2026-08-19,82.45,38980644.0,1.97278,4027224,2486.35,Agricultural Products,0000-00-00,XLP,C. Defensive,19,39,86.4283,10,87688,43.45,38.1,3.48,14.29,332044618.8,True,True,37.049180327868854,,True,False,False,,False,False,28.3531746031746,25.476190476190478,305,268,,,,,False,False,kink rank <70; local RR rank >10; more than 5% below 20-day high
AVGO,2026-08-19,363.11,0.981955,38.7252,3.24433,41.2297,49.6881,45.9088,0.0161171,47.272,56.537800000000004,39.4075,38.7945,46.8587,53.7322,-0.6129999999999995,0.6822999999999979,6.849700000000006,6.042299999999997,5.628999999999998,-9.265800000000006,3.5714285714285716,96.03174603174604,93.65079365079364,7.936507936507937,11.904761904761905,18.253968253968253,-12.446652038675765,-14.680796071336255,389.62399999999997,369.1764,-6.805022277888417,False,False,False,-11.701480923084407,-13.790160706374955,2026-08-19,380.0,1707324599.0,1.61171,18521102,214430.35,Semiconductors,0000-00-00,XLK,Technology,5,4,98.1955,2,2199107,17.33,5.95,0.0,4.76,7038018760.0,True,True,17.704918032786885,,False,False,False,,True,False,10.555555555555555,-5.039682539682541,305,268,,,,,False,False,kink rank <70; five-day return <=0; IVR outside 30–70; more than 5% below 20-day high; near-front earnings flag
BTU,2026-08-19,26.73,0.850149,50.958099999999995,2.92027,53.68770000000001,50.958099999999995,55.9249,0.0720028,75.4016,55.7187,52.3242,51.5913,65.1763,55.114,-0.7329000000000008,1.366100000000003,4.760600000000004,21.713899999999995,11.488599999999991,19.682900000000004,32.93650793650794,43.65079365079365,88.4920634920635,57.93650793650794,91.66666666666667,16.26984126984127,8.61438439658675,0.0,23.844,29.0284,12.103673880221443,False,False,True,13.599660008499793,11.510980225209245,2026-08-19,25.18,3258387.0,7.20028,2506657,5471.1,Thermal Coal Mining,0000-00-00,XLE,Energy,14,8,85.0149,10,165494,12.27,7.54,11.67,14.29,63117623.26,True,True,65.90163934426229,,False,False,False,other,False,False,16.11111111111111,33.432539682539684,305,268,,,,,False,False,local RR rank >10; IVR outside 30–70
BX,2026-08-19,144.99,0.949104,34.3121,2.86318,34.5764,34.3121,36.5133,0.0311911,37.065,36.1325,34.407199999999996,34.9503,37.9576,38.7328,0.5431000000000026,0.09509999999999508,1.8203999999999994,2.488599999999998,3.3811999999999998,0.9324999999999974,0.0,98.41269841269842,93.65079365079364,5.555555555555555,38.492063492063494,33.333333333333336,-1.2598746935439942,-3.2432432432432323,127.68439999999998,130.98075,13.553417645381916,True,True,True,26.61776264081739,24.52908285752684,2026-08-19,140.59,108833135.0,3.11911,5172031,19262.65,Investment Management,0000-00-00,XLF,Financials,19,44,94.9104,9,498281,27.47,43.25,26.88,19.05,727135838.29,True,True,84.26229508196721,,True,False,False,,False,False,20.07936507936508,26.289682539682538,305,268,,,,,False,False,kink rank <70; five-day return <=0; IVR outside 30–70
CAT,2026-08-19,814.54,0.972205,36.7663,3.11213,38.3923,36.7663,41.199000000000005,0.0384557,41.0662,39.2219,36.9776,36.7846,41.499,38.6876,-0.19300000000000495,0.21130000000000138,2.455599999999997,2.6739000000000033,3.1067000000000036,1.844300000000004,0.3968253968253968,99.2063492063492,91.26984126984127,7.936507936507937,50.79365079365079,50.79365079365079,-5.058628808541399,-8.88202787659128,908.3465999999999,758.56405,-10.327181276398223,False,True,False,-5.315772955002506,-7.404452738293054,2026-08-19,840.87,383090362.0,3.84557,3014917,36456.1,Farm & Construction Equipment,0000-00-00,XLI,Industrials,5,58,97.2205,10,319718,51.16,58.33,0.0,4.76,2535153257.79,True,True,25.245901639344265,,False,False,False,,False,False,10.079365079365079,26.666666666666664,305,268,,,,,False,False,kink rank <70; five-day return <=0; more than 5% below 20-day high
COIN,2026-08-19,159.02,0.956713,66.3985,1.98237,68.4804,66.3985,70.6585,0.0558996,86.5526,81.6416,69.7491,64.65769999999999,70.43589999999999,68.4362,-5.091400000000007,3.3506,15.243099999999998,18.072199999999995,1.9554999999999865,4.911000000000001,2.380952380952381,92.46031746031746,88.88888888888889,2.7777777777777777,70.23809523809524,49.6031746031746,6.947340103571187,-4.994623013502197,157.7628,200.25149999999996,0.7968925500815294,False,False,True,-17.742602938133658,-19.831282721424206,2026-08-19,146.23,41955347.0,5.58996,7714474,126705.0,Financial Data & Exchanges,0000-00-00,XLF,Financials,52,57,95.6713,10,1129119,59.16,56.75,42.94,52.38,1128087533.02,True,True,11.475409836065573,,False,False,False,grab,False,True,10.615079365079364,52.400793650793645,305,268,,,,,True,True,passed original surface
CSCO,2026-08-19,111.3,0.903399,28.815,4.0,29.8205,28.815,35.408,0.0259858,34.5495,32.4039,29.3799,29.139599999999998,28.2213,29.655900000000003,-0.2403000000000013,0.564899999999998,3.588899999999999,4.729000000000003,-1.5991999999999997,2.1456000000000017,5.9523809523809526,92.46031746031746,88.4920634920635,0.7936507936507936,67.46031746031746,55.15873015873016,-9.842041312272176,-9.842041312272176,116.67720000000001,92.5862,-4.608612479559005,False,True,False,-3.977223708049349,-6.065903491339897,2026-08-19,111.61,438681678.0,2.59858,22576213,75420.55,Communications Equipment Manufacturing,0000-00-00,XLK,Technology,14,68,90.3399,12,1112045,46.95,69.05,1.9,14.29,2519731132.93,True,True,28.524590163934427,,False,False,False,,False,False,10.972222222222221,27.22222222222222,305,268,,,,,False,False,kink rank <70; five-day return <=0; more than 5% below 20-day high
DELL,2026-08-19,434.53,0.985433,67.123,2.78059,67.9424,80.9801,74.1844,0.0472351,72.7607,85.4416,68.524,66.1507,71.16789999999999,82.2508,-2.3733000000000004,1.4009999999999962,4.461500000000001,4.818299999999994,3.2254999999999825,-12.680899999999994,7.142857142857143,91.66666666666667,88.0952380952381,9.523809523809524,4.365079365079365,63.492063492063494,-9.568999604586793,-12.038461538461542,425.5406,234.30864999999997,2.112465884571302,True,True,True,84.23217162723648,82.14349184394594,2026-08-19,468.65,280768269.0,4.72351,5861356,79348.4,Computer Hardware Manufacturing,0000-00-00,XLK,Technology,10,77,98.5433,1,720502,65.16,76.59,1.96,9.52,2746924489.4,True,True,98.36065573770492,,True,False,False,,True,False,21.13095238095238,-5.972222222222221,305,268,,,,,False,False,kink rank <70; five-day return <=0; more than 5% below 20-day high; near-front earnings flag
DG,2026-08-19,122.06,0.830933,40.1195,2.99629,72.9047,49.7309,41.7634,0.080887,80.6884,49.6931,39.8916,41.083999999999996,77.14259999999999,53.899699999999996,1.1923999999999992,-0.22790000000000532,-0.03779999999999717,7.783699999999996,4.237899999999982,30.9953,13.492063492063492,65.47619047619048,91.66666666666667,17.857142857142858,98.01587301587301,94.84126984126983,1.395580661239415,-5.063389593217693,119.8854,124.57350000000001,1.8138989401545125,True,False,True,17.94376268238478,15.855082899094231,2026-08-19,120.84,26880825.0,8.0887,1931395,4192.45,Discount Retail,0000-00-00,XLP,C. Defensive,33,75,83.0933,1,94158,64.94,85.32,74.94,80.95,233389771.8,True,True,73.44262295081967,,False,False,False,other,True,False,13.075396825396824,4.067460317460316,305,268,,,,,False,False,local RR rank >10; more than 5% below 20-day high; near-front earnings flag
DOCU,2026-08-19,62.26,0.745552,49.703199999999995,3.45761,49.465199999999996,65.6497,58.9599,0.106606,60.7553,70.529,51.070899999999995,49.934200000000004,51.502,70.709,-1.1366999999999905,1.3676999999999992,4.879300000000001,11.290100000000002,2.0368000000000066,-9.773699999999998,3.5714285714285716,90.47619047619048,92.06349206349206,3.9682539682539684,20.238095238095237,46.42857142857143,7.400379506641364,-2.3372549019607836,50.943000000000005,54.0083,22.215024635376768,True,True,True,26.108973060563102,24.020293277272554,2026-08-19,60.01,12096582.0,10.66063,3053303,7669.35,Application Software,0000-00-00,XLK,Technology,33,57,74.5552,2,159512,50.05,57.94,21.03,38.1,183228713.03,True,True,83.60655737704919,,False,False,False,,True,False,10.833333333333334,-4.781746031746032,305,268,,,,,False,False,kink rank <70; near-front earnings flag
F,2026-08-19,14.38,0.65637,31.0064,3.38877,32.7624,31.0064,36.3363,0.0301874,41.6152,38.93,32.4131,33.5331,39.7294,38.704499999999996,1.1199999999999974,1.4067000000000007,7.9236,8.852800000000002,6.966999999999999,2.685200000000002,25.396825396825395,88.88888888888889,86.9047619047619,41.26984126984127,67.46031746031746,52.77777777777778,3.751803751803773,-6.013071895424837,14.176400000000001,13.4444,1.436189723766268,False,True,True,10.022953328232598,7.93427354494205,2026-08-19,13.93,57341626.0,3.01874,51474124,88633.0,Automobile Manufacturing,0000-00-00,XLY,C. Cyclical,43,60,65.637,9,1912599,33.9,60.32,28.13,42.86,717034547.3199999,True,True,56.0655737704918,,True,False,False,,False,False,23.095238095238095,27.063492063492063,305,268,,,,,False,False,kink rank <70; local RR rank >10; more than 5% below 20-day high
FTNT,2026-08-19,152.6,0.919073,41.9601,4.0,44.398199999999996,41.9601,46.4368,0.0369314,49.7935,45.6186,42.363299999999995,42.9514,57.1111,45.0944,0.5881000000000043,0.4031999999999982,3.6585000000000036,5.395300000000006,12.712900000000005,4.174900000000001,13.88888888888889,88.4920634920635,92.46031746031746,90.07936507936508,78.17460317460318,70.63492063492063,-4.957648231190836,-9.52747969407719,155.522,105.48195,-1.8788338627332424,True,True,False,19.658119658119656,17.569439874829108,2026-08-19,158.01,111964703.0,3.69314,5387564,8754.2,Infrastructure Software,0000-00-00,XLK,Technology,5,74,91.9073,11,185304,40.2,74.21,0.0,4.76,851288987.64,True,True,75.40983606557377,,True,False,False,other,False,False,21.964285714285715,33.154761904761905,305,268,,,,,False,False,local RR rank >10; opposite put-wing rank >=70; five-day return <=0; more than 5% below 20-day high
GILD,2026-08-19,148.58,0.674653,26.366899999999998,3.58499,26.7392,26.366899999999998,29.0967,0.0375836,37.4113,26.39,25.453500000000002,28.5128,33.293099999999995,31.4405,3.059299999999997,-0.9133999999999958,0.023100000000003007,10.672099999999997,6.553899999999995,11.021299999999997,53.96825396825397,60.714285714285715,98.01587301587301,53.57142857142857,91.26984126984127,25.396825396825395,9.105595535320909,0.0,130.9496,132.83325000000002,13.46350046124616,True,True,True,13.44582728869208,11.357147505401532,2026-08-19,143.44,184232537.0,3.75836,6638943,8157.0,Major Pharmaceuticals,0000-00-00,XLV,Healthcare,5,20,67.4653,10,167577,23.68,19.84,0.0,4.76,952289983.92,True,True,64.91803278688525,,True,False,False,other,False,False,27.361111111111114,34.36507936507937,305,268,,,,,False,False,local RR rank >10; IVR outside 30–70
GNRC,2026-08-19,210.29,0.874978,47.7815,4.0,48.504999999999995,47.7815,55.2701,0.086187,60.3244,52.9649,48.3789,49.3531,55.5041,54.360299999999995,0.9741999999999962,0.5974000000000004,5.183399999999999,11.819400000000002,6.999100000000006,7.359499999999997,23.41269841269841,86.9047619047619,91.66666666666667,48.80952380952381,73.01587301587301,49.6031746031746,-5.0352239884393075,-5.0352239884393075,235.10480000000004,206.17795,-10.554782377901272,False,True,False,-13.681142763319931,-15.769822546610479,2026-08-19,211.56,12408448.0,8.6187,1181654,3174.75,Specialized Industrial Equipment,0000-00-00,XLI,Industrials,5,56,87.4978,10,54076,51.11,55.95,0.0,4.76,249990720.24,True,True,15.081967213114755,,False,False,False,other,False,False,12.996031746031747,32.817460317460316,305,268,,,,,False,False,local RR rank >10; five-day return <=0; more than 5% below 20-day high
GS,2026-08-19,1020.22,0.982655,29.9639,1.92399,31.133,29.9639,32.1963,0.0378554,33.0872,31.0812,29.267300000000002,30.9092,35.4944,34.0672,1.6418999999999961,-0.6965999999999966,1.1173000000000002,1.9542000000000037,4.3614,2.006000000000004,5.555555555555555,81.74603174603175,88.88888888888889,9.126984126984127,60.714285714285715,46.82539682539682,-1.2801780444143374,-5.193706963042799,1053.338,934.3563,-3.1440999944936876,True,True,False,9.740015274237113,7.651335490946565,2026-08-19,1040.47,300958720.0,3.78554,1862319,37450.1,Investment Banking & Brokerage,0000-00-00,XLF,Financials,19,56,98.2655,7,496512,38.33,56.35,11.48,19.05,1937687049.93,True,True,55.40983606557377,,True,False,False,,False,False,21.46825396825397,26.924603174603174,305,268,,,,,False,False,kink rank <70; five-day return <=0; more than 5% below 20-day high
JPM,2026-08-19,356.83,0.970511,19.912,2.75811,20.417199999999998,19.912,22.7884,0.0150159,22.0915,19.852,19.1103,21.3674,23.9302,23.659,2.257100000000001,-0.8017000000000003,-0.05999999999999872,1.6743000000000023,3.5130000000000017,2.2394999999999996,8.73015873015873,90.47619047619048,98.41269841269842,5.158730158730159,72.22222222222223,10.714285714285714,-2.420148763946628,-2.420148763946628,342.30760000000004,315.7152,4.242500020449436,True,True,True,20.485548352242013,18.396868568951465,2026-08-19,363.25,948525506.0,1.50159,6413537,46665.2,Diversified Banking,0000-00-00,XLF,Financials,19,6,97.0511,7,697315,11.0,5.95,29.23,19.05,2329717315.25,True,True,77.37704918032787,,True,False,False,other,False,False,21.349206349206348,33.452380952380956,305,268,,,,,False,False,five-day return <=0; IVR outside 30–70
LRCX,2026-08-19,308.25,0.982936,60.2325,2.60098,63.156,60.2325,64.81559999999999,0.047915,71.5337,65.7433,60.875800000000005,60.5528,66.8502,63.551500000000004,-0.3230000000000075,0.6433000000000035,5.510800000000003,8.377699999999997,3.694200000000002,5.790399999999991,3.1746031746031744,92.85714285714286,96.82539682539682,1.1904761904761905,72.22222222222223,46.82539682539682,-5.264613682463581,-10.042024163894247,337.59200000000004,251.97690000000003,-8.691556671959066,True,True,False,13.077769625825386,10.989089842534838,2026-08-19,327.92,385719698.0,4.7915,10636356,54876.85,Semiconductor Equipment & Materials Manufacturing,0000-00-00,XLK,Technology,5,52,98.2936,9,640484,48.13,52.38,0.0,4.76,3487873859.52,True,True,64.59016393442623,,True,False,False,other,False,False,20.674603174603174,33.2936507936508,305,268,,,,,False,False,five-day return <=0; more than 5% below 20-day high
M,2026-08-19,23.49,0.817719,42.607800000000005,3.24371,43.114200000000004,54.529399999999995,47.2176,0.0616999,58.0631,58.77440000000001,42.3046,44.0486,47.2185,58.19800000000001,1.7439999999999998,-0.3032000000000039,4.245000000000012,14.948899999999995,4.104299999999995,-0.7113000000000085,10.317460317460318,47.61904761904762,96.03174603174604,5.158730158730159,41.666666666666664,27.38095238095238,-1.2195121951219634,-10.343511450381682,24.147800000000004,21.416,-2.7240576781321857,True,True,False,23.307086614173222,21.218406830882675,2026-08-19,23.23,6195241.0,6.16999,4684602,7648.25,Department Store Retail,0000-00-00,XLY,C. Cyclical,5,24,81.7719,3,170118,27.58,19.84,0.0,4.76,108823304.46000001,True,True,80.98360655737706,,True,False,False,,False,False,23.650793650793652,26.686507936507937,305,268,,,,,False,False,kink rank <70; local RR rank >10; five-day return <=0; IVR outside 30–70; more than 5% below 20-day high
META,2026-08-19,547.0,0.982946,35.267900000000004,3.67244,36.3104,35.267900000000004,41.0389,0.0117715,43.3253,40.6901,35.6679,35.377199999999995,39.6488,38.8076,-0.2907000000000082,0.3999999999999986,5.422199999999997,7.014899999999997,3.3384,2.6351999999999975,16.666666666666668,77.77777777777777,88.0952380952381,11.904761904761905,80.15873015873017,73.41269841269842,-6.000824855650255,-9.48803653572493,594.1278,625.17345,-7.932266424833168,False,False,False,-9.11809663055758,-11.206776413848129,2026-08-19,543.67,1393485905.0,1.17715,16523940,570793.8,Internet Content & Media,0000-00-00,XLC,Comm,38,85,98.2946,10,3601110,50.87,85.32,24.01,38.1,8983570459.8,True,True,22.295081967213115,,False,False,False,other,False,False,12.777777777777779,32.817460317460316,305,268,,,,,False,False,local RR rank >10; five-day return <=0; more than 5% below 20-day high
MPC,2026-08-19,359.96,0.988079,40.9378,1.83137,39.7427,39.7427,42.0719,0.0204908,44.412800000000004,44.412800000000004,42.1141,41.1171,43.5601,43.5601,-0.9969999999999999,1.1762999999999977,4.670100000000005,4.670100000000005,3.8173999999999992,0.0,1.1904761904761905,98.80952380952381,92.46031746031746,7.5396825396825395,23.015873015873016,75.0,4.29693159099469,-1.6207056765694672,293.60959999999994,231.10045,22.598171176964254,True,True,True,36.809699365284466,34.721019581993914,2026-08-19,366.21,105085511.0,2.04908,2374262,5354.8,Petroleum Refining & Marketing,0000-00-00,XLE,Energy,33,91,98.8079,10,79081,84.82,90.48,48.59,33.33,869478487.02,True,True,90.1639344262295,,False,False,False,,False,False,10.178571428571427,25.3968253968254,305,268,,,,,False,False,kink rank <70; IVR outside 30–70
MRK,2026-08-19,152.53,0.779445,34.1669,4.0,38.954499999999996,34.1669,34.7308,0.0454454,45.270500000000006,38.218999999999994,35.654599999999995,34.3692,38.7494,36.7663,-1.2853999999999957,1.4876999999999967,4.052099999999996,6.31600000000001,-0.2050999999999945,7.051500000000011,0.3968253968253968,99.60317460317461,98.80952380952381,0.0,90.07936507936508,90.07936507936508,14.1349895240946,0.0,126.7306,114.6749,20.357672101292046,True,True,True,33.47042352117606,31.38174373788551,2026-08-19,135.17,376317690.0,4.54454,8273134,28908.35,Major Pharmaceuticals,0000-00-00,XLV,Healthcare,100,100,77.9445,10,493989,100.0,100.0,100.0,100.0,1118279522.78,True,True,88.85245901639345,,False,False,False,grab,False,False,10.05952380952381,54.38492063492063,305,268,,,,,False,True,IVR outside 30–70
MSTR,2026-08-19,103.87,0.969345,73.5299,1.95013,76.61,73.5299,78.6669,0.0512693,98.4879,92.5615,78.4165,70.43469999999999,84.5524,91.4275,-7.981800000000007,4.886600000000001,19.031599999999997,21.877899999999997,7.942400000000006,5.926400000000001,0.3968253968253968,96.82539682539682,92.06349206349206,0.3968253968253968,84.92063492063492,66.66666666666667,9.405940594059414,0.0,100.02600000000001,145.6141,3.843000819786857,False,False,True,-37.04085343678021,-39.129533220070755,2026-08-19,92.52,41265646.0,5.12693,16008853,380247.45,Application Software,0000-00-00,XLK,Technology,67,67,96.9345,10,2868838,47.73,67.06,53.38,66.67,1481139079.56,True,True,1.639344262295082,,False,False,False,grab,False,True,10.1984126984127,53.45238095238095,305,268,,,,,True,True,passed original surface
PEP,2026-08-19,142.7,0.89142,21.509900000000002,2.57348,21.2483,21.509900000000002,23.502000000000002,0.0211425,25.5015,22.6147,21.5666,21.871299999999998,21.876,22.3407,0.30469999999999686,0.056699999999999307,1.1047999999999973,4.2532,0.6277000000000008,2.886800000000001,13.88888888888889,74.2063492063492,93.25396825396825,4.761904761904762,78.17460317460318,23.80952380952381,2.980443097351526,-0.25164266741228847,139.9814,148.93384999999998,1.9421151667292857,False,False,True,-4.834944981660549,-6.923624764951097,2026-08-19,140.13,194770025.0,2.11425,7100201,24093.75,Non-Alcoholic Beverages,0000-00-00,XLP,C. Defensive,10,42,89.142,7,405496,48.62,41.67,5.8,9.52,994951166.13,True,True,27.21311475409836,,False,False,False,other,False,False,12.678571428571429,33.23412698412699,305,268,,,,,False,False,local RR rank >10
S,2026-08-19,21.38,0.859197,56.2569,2.76265,95.8728,67.71770000000001,59.5965,0.106347,129.607,77.55579999999999,58.548500000000004,55.1338,101.66,68.25909999999999,-3.4147000000000034,2.2916000000000025,9.838099999999983,33.7342,5.787199999999999,52.05120000000001,2.7777777777777777,74.2063492063492,99.60317460317461,35.317460317460316,99.60317460317461,93.65079365079364,-3.866906474820142,-10.243492863140224,18.402,15.7848,16.183023584392984,True,True,True,21.82336182336182,19.734682040071274,2026-08-19,22.49,7329144.0,10.63468,6439067,20333.35,Infrastructure Software,0000-00-00,XLK,Technology,33,59,85.9197,1,278325,49.75,65.48,31.18,42.86,144814616.82999998,True,True,79.01639344262294,,False,False,False,other,True,False,11.567460317460318,4.94047619047619,305,268,,,,,False,False,five-day return <=0; more than 5% below 20-day high; near-front earnings flag
SE,2026-08-19,119.38,0.818688,42.4797,3.48169,43.8011,42.4797,48.2776,0.0677517,50.733700000000006,44.5664,42.4091,42.9574,57.1673,46.6334,0.5482999999999976,-0.07059999999999889,2.0867000000000004,6.932600000000008,13.3662,6.1673000000000044,14.285714285714286,70.63492063492063,90.47619047619048,96.42857142857143,78.57142857142857,30.952380952380953,-7.771940667490728,-8.675030599755207,103.9924,107.81095,14.796850539077845,True,True,True,37.02938475665747,34.94070497336692,2026-08-19,116.26,73118402.0,6.77517,4978748,12472.25,E-commerce & Internet Retail,0000-00-00,XLC,Comm,29,32,81.8688,11,283360,34.39,32.14,19.24,28.57,578829242.48,True,True,90.49180327868852,,True,False,False,other,False,False,22.896825396825395,32.976190476190474,305,268,,,,,False,False,local RR rank >10; opposite put-wing rank >=70; five-day return <=0; more than 5% below 20-day high
SPOT,2026-08-19,537.12,0.980521,37.9662,2.36665,39.392300000000006,37.9662,41.5677,0.0426874,43.3673,39.919900000000005,37.6024,39.578,43.9907,43.202400000000004,1.9756,-0.3637999999999977,1.9537000000000049,3.9749999999999943,4.598399999999991,3.4473999999999947,42.06349206349206,77.38095238095238,93.65079365079364,52.38095238095238,71.82539682539682,31.746031746031747,9.862957660053183,0.0,485.4087999999999,512.7505,10.653123717575808,True,True,True,22.197702195427137,20.10902241213659,2026-08-19,516.28,110442647.0,4.26874,2075906,11491.0,Internet Content & Media,0000-00-00,XLC,Comm,38,31,98.0521,10,149600,25.22,31.35,30.94,38.1,1071748749.68,True,True,80.0,,True,False,False,other,False,False,25.337301587301585,32.9563492063492,305,268,,,,,False,False,local RR rank >10; IVR outside 30–70
TFC,2026-08-19,50.93,0.584706,24.0942,1.99238,22.7368,22.7368,25.6342,0.0250601,24.3611,24.3611,23.2131,26.518900000000002,27.7023,27.7023,3.3058000000000014,-0.8811,1.6243000000000016,1.6243000000000016,4.965500000000002,0.0,7.936507936507937,91.66666666666667,98.01587301587301,7.142857142857143,18.650793650793652,15.476190476190476,-3.541666666666665,-4.140786749482405,51.284800000000004,49.325900000000004,-0.6918229182915847,True,True,False,8.801538132877585,6.712858349587037,2026-08-19,52.41,62217412.0,2.50601,6647064,3303.7,Regional Banking,0000-00-00,XLF,Financials,38,29,58.4706,8,163714,23.34,27.38,38.79,33.33,348372624.23999995,True,True,53.11475409836065,,True,False,False,,False,False,21.210317460317462,25.734126984126984,305,268,,,,,False,False,kink rank <70; five-day return <=0; IVR outside 30–70
TOST,2026-08-19,35.24,0.899045,38.2892,4.0,40.1674,38.2892,45.7482,0.0313304,46.303,43.6134,38.9584,39.0722,40.6785,43.0877,0.11380000000000479,0.6691999999999965,5.324199999999998,6.135599999999997,0.511099999999999,2.6895999999999987,2.380952380952381,92.46031746031746,90.87301587301587,0.3968253968253968,59.92063492063492,11.507936507936508,3.891509433962259,-0.7323943661971755,29.896000000000004,30.21925,17.875301043617874,True,True,True,52.15889464594128,50.07021486265073,2026-08-19,34.95,20439200.0,3.13304,10388125,15149.35,Infrastructure Software,0000-00-00,XLF,Financials,14,6,89.9045,10,333499,12.22,6.35,6.2,14.29,363064968.75,True,True,96.06557377049181,,False,False,False,,False,False,10.615079365079364,27.083333333333336,305,268,,,,,False,False,kink rank <70; IVR outside 30–70
TSLA,2026-08-19,348.4,0.98295,41.2213,2.36405,42.9287,41.2213,45.3365,0.00533274,54.770399999999995,50.2507,42.75,41.1026,48.1544,45.2215,-1.6473999999999975,1.5287000000000006,9.029400000000003,11.841699999999996,5.225700000000003,4.519699999999993,30.555555555555557,63.888888888888886,86.5079365079365,4.761904761904762,83.73015873015873,37.698412698412696,6.436929092964294,0.0,366.82880000000006,404.3722,-5.023814924019076,False,False,False,-13.64909410860784,-15.737773891898389,2026-08-19,336.87,1376022312.0,0.53327,38557865,2352862.5,Automobile Manufacturing,0000-00-00,XLY,C. Cyclical,43,27,98.295,9,5884284,20.11,26.59,38.78,42.86,12988987982.55,True,True,15.40983606557377,,False,False,False,other,False,False,14.861111111111112,32.83730158730159,305,268,,,,,False,False,local RR rank >10; IVR outside 30–70
UBER,2026-08-19,78.06,0.920739,34.133,3.56237,34.4678,34.133,38.149100000000004,0.0242792,40.1211,37.2108,34.529199999999996,34.9018,37.0129,38.0185,0.3726000000000056,0.3961999999999932,3.0777999999999963,5.6533000000000015,2.545100000000005,2.9102999999999994,14.682539682539682,88.4920634920635,87.6984126984127,11.11111111111111,63.492063492063494,29.761904761904763,2.9679461812425867,-0.5984973895326595,72.534,77.31174999999999,7.618496153527987,False,True,True,5.004035512510097,2.9153557292195487,2026-08-19,74.66,159442243.0,2.42792,20562745,122163.8,Application Software,0000-00-00,XLI,Industrials,48,32,92.0739,10,1347601,38.88,31.75,21.44,47.62,1535214541.7,True,True,44.59016393442623,,True,False,False,,False,False,22.043650793650794,26.944444444444443,305,268,,,,,False,False,kink rank <70; local RR rank >10
ZS,2026-08-19,184.91,0.878341,51.647600000000004,4.0,53.609899999999996,73.47019999999999,60.749900000000004,0.0733095,61.0216,75.9582,52.7792,51.3841,55.8886,77.03219999999999,-1.3951000000000064,1.1315999999999988,2.4880000000000138,7.411700000000003,2.2787000000000006,-14.936600000000006,8.333333333333334,89.68253968253968,92.46031746031746,10.317460317460318,6.349206349206349,44.04761904761905,4.563447183895053,-1.9201188139818637,148.6208,180.9606,24.41730901731116,True,True,True,5.403864789374668,3.3151850060841204,2026-08-19,185.7,29901708.0,7.33095,2224638,14574.2,Infrastructure Software,0000-00-00,XLK,Technology,10,48,87.8341,2,230849,52.85,47.62,6.96,9.52,413115276.59999996,True,True,47.21311475409836,,False,False,False,,True,False,11.34920634920635,-5.436507936507937,305,268,,,,,False,False,kink rank <70; near-front earnings flag
ADM,2026-08-20,82.37,0.864268,28.012900000000002,3.41906,28.012900000000002,28.012900000000002,32.2908,0.0216902,32.5146,32.5146,29.018300000000004,29.7012,34.1843,34.1843,0.6828999999999965,1.0054000000000016,4.5017,4.5017,6.171399999999998,0.0,5.9523809523809526,98.80952380952381,89.28571428571429,44.84126984126984,30.952380952380953,21.428571428571427,2.4757402338890344,-4.354389224338129,80.07300000000001,70.80829999999999,2.8686323729596674,True,True,True,6.297586785391673,6.467494810386398,2026-08-20,80.76,39698759.0,2.16902,4019629,2608.25,Agricultural Products,0000-00-00,XLP,C. Defensive,38,43,86.4268,10,87730,45.17,41.67,11.85,28.57,324625238.04,True,True,55.40983606557377,,True,False,False,,False,False,20.654761904761905,25.476190476190478,305,267,,,,,False,False,kink rank <70
AFRM,2026-08-20,75.42,0.919509,60.2027,2.51132,94.8286,70.1138,64.6155,0.0689702,100.15799999999999,71.41189999999999,60.845000000000006,60.25,103.712,72.51100000000001,-0.595000000000006,0.6423000000000059,1.298099999999991,5.329399999999993,8.883400000000009,28.7461,1.5873015873015872,96.42857142857143,93.25396825396825,51.58730158730159,90.47619047619048,85.71428571428571,-4.240731335703407,-4.688487299380761,76.325,66.3773,-1.185718964952509,True,True,False,12.466447957053383,12.636355982048109,2026-08-20,77.33,25258050.0,6.89702,2988533,11343.95,Credit & Lending Services,0000-00-00,XLI,Industrials,62,30,91.9509,1,254525,31.66,30.16,71.69,61.9,231103256.89,True,True,69.50819672131148,,True,False,False,other,True,False,20.33730158730159,3.849206349206348,305,267,,,,,False,False,five-day return <=0; near-front earnings flag
AMGN,2026-08-20,432.48,0.911327,29.487600000000004,2.81276,31.4925,29.487600000000004,31.2624,0.0584999,37.4288,33.6011,29.369600000000002,30.347099999999998,38.9658,33.3245,0.9774999999999956,-0.1180000000000021,4.113499999999998,5.936300000000003,7.473300000000002,3.8277,12.301587301587302,83.33333333333333,94.84126984126983,80.15873015873017,76.58730158730158,83.33333333333333,3.5929864903707864,-2.310767771227207,376.7004,352.0271,14.807417247234156,True,True,True,30.033975765958097,30.203883790952823,2026-08-20,442.36,233539200.0,5.84999,2724682,12628.6,Major Pharmaceuticals,0000-00-00,XLV,Healthcare,71,92,91.1327,10,145660,82.0,92.06,71.94,71.43,1205290329.52,True,True,87.8688524590164,,True,False,False,other,False,False,22.063492063492063,33.31349206349206,305,267,,,,,False,False,local RR rank >10; opposite put-wing rank >=70; IVR outside 30–70
AVGO,2026-08-20,364.5,0.983312,38.4411,3.36247,39.5793,50.0004,45.7684,0.0203876,45.7289,58.4821,39.0124,38.5635,44.656400000000005,54.5632,-0.44890000000000185,0.5713000000000008,8.481700000000004,6.1495999999999995,5.0771000000000015,-12.7532,3.9682539682539684,94.04761904761905,93.65079365079364,6.746031746031746,1.9841269841269842,11.904761904761905,-12.890737023229137,-14.354190652975863,389.13160000000005,369.1444,-6.329889425582513,False,False,False,-12.915711009174313,-12.745802984179587,2026-08-20,362.48,1713860307.0,2.03876,19365823,217165.95,Semiconductors,0000-00-00,XLK,Technology,5,3,98.3312,1,2270171,12.31,3.57,0.0,4.76,7019723521.04,True,True,18.0327868852459,,False,False,False,,True,False,10.694444444444445,-5.535714285714288,305,267,,,,,False,False,kink rank <70; five-day return <=0; IVR outside 30–70; more than 5% below 20-day high; near-front earnings flag
AXP,2026-08-20,332.0,0.921882,23.4542,2.91382,23.8556,23.4542,26.625799999999998,0.0279346,25.7753,23.8481,23.150499999999997,24.6199,25.5608,27.8107,1.4694000000000038,-0.30370000000000275,0.3938999999999986,1.9197000000000024,1.7052000000000014,1.9272000000000027,9.523809523809524,90.47619047619048,89.28571428571429,1.9841269841269842,63.492063492063494,16.26984126984127,-3.5948661362448453,-4.979965655409268,341.98999999999995,339.0096000000001,-2.9211380449720603,True,False,False,6.907100305908864,7.077008330903589,2026-08-20,339.9,224202865.0,2.79346,2789070,14287.9,Credit & Lending Services,0000-00-00,XLF,Financials,52,13,92.1882,9,252785,14.04,12.7,25.98,52.38,948004892.9999999,True,True,57.377049180327866,,False,False,False,,False,False,11.428571428571429,27.103174603174605,305,267,,,,,False,False,kink rank <70; five-day return <=0; IVR outside 30–70
BKNG,2026-08-20,210.63,0.806535,30.4615,3.77231,30.8701,30.4615,34.9519,0.0528812,36.5018,31.6862,29.6578,31.6033,41.957499999999996,35.1064,1.9454999999999991,-0.8036999999999992,1.2246999999999986,5.631700000000002,11.087399999999995,4.815600000000003,16.26984126984127,72.22222222222223,86.9047619047619,84.12698412698413,76.19047619047619,39.682539682539684,-1.5287517531556882,-1.7308948399738733,187.0964,2579.7813499999997,12.578328604933088,True,False,True,33.88634630053395,34.05625432552868,2026-08-20,213.0,163212645.0,5.28812,5998674,17087.65,Travel & Tourism Services,0000-00-00,XLY,C. Cyclical,10,47,80.6535,9,646016,41.53,46.43,0.0,4.76,1277717562.0,True,True,90.1639344262295,,False,False,False,other,False,False,13.015873015873016,32.5,305,267,,,,,False,False,local RR rank >10; opposite put-wing rank >=70; five-day return <=0
BMY,2026-08-20,65.56,0.775579,26.6612,2.51947,26.793,26.6612,30.0211,0.0403895,31.5399,28.6257,27.2268,27.1485,31.5934,28.6973,-0.07830000000000226,0.5655999999999999,1.9644999999999975,4.7469,4.8004,2.914200000000001,3.1746031746031744,95.63492063492063,85.31746031746032,45.63492063492063,63.888888888888886,34.92063492063492,1.42326732673268,-3.0751034890597273,60.3554,57.041199999999996,8.623254920023715,True,True,True,12.10670314637483,12.276611171369556,2026-08-20,67.61,133920373.0,4.03895,12246156,32386.7,Major Pharmaceuticals,0000-00-00,XLV,Healthcare,57,50,77.5579,10,767922,36.43,49.6,35.38,57.14,827962607.16,True,True,69.18032786885246,,True,False,False,,False,False,20.535714285714285,26.726190476190474,305,267,,,,,False,False,kink rank <70
CAT,2026-08-20,809.63,0.980888,36.5894,3.17098,37.5336,36.5894,41.1252,0.0332707,39.754400000000004,38.9685,36.7872,36.647600000000004,39.462599999999995,39.1626,-0.1395999999999944,0.19780000000000086,2.379100000000001,2.220800000000004,1.928999999999995,0.7859000000000052,0.7936507936507936,98.80952380952381,88.4920634920635,1.5873015873015872,41.666666666666664,46.82539682539682,-5.0699403191576735,-8.684569662655218,906.3301999999999,759.7099499999999,-10.669422689434816,False,True,False,-7.372407244271062,-7.202499219276337,2026-08-20,816.15,380781116.0,3.32707,3057300,36770.8,Farm & Construction Equipment,0000-00-00,XLI,Industrials,5,56,98.0888,10,328121,49.88,55.56,0.0,4.76,2495215395.0,True,True,26.229508196721312,,False,False,False,,False,False,10.13888888888889,25.93253968253968,305,267,,,,,False,False,kink rank <70; five-day return <=0; more than 5% below 20-day high
CCL,2026-08-20,25.36,0.890907,39.901199999999996,2.25441,38.943,39.901199999999996,42.7562,0.0301436,44.1185,41.5354,39.5604,41.6636,42.2646,44.8907,2.103200000000001,-0.34079999999999444,1.634200000000007,5.1754999999999995,3.3216000000000037,2.5830999999999946,6.349206349206349,76.19047619047619,87.6984126984127,2.7777777777777777,55.15873015873016,18.253968253968253,-11.17338003502627,-15.070328198258542,27.8466,27.8961,-8.929635934009895,True,False,False,-2.5365103766333608,-2.366602351638636,2026-08-20,26.69,34734302.0,3.01436,17882129,36562.65,Travel & Tourism Services,0000-00-00,XLY,C. Cyclical,29,25,89.0907,5,1024233,22.38,24.6,21.89,28.57,477274023.01000005,True,True,33.442622950819676,,False,False,False,,False,False,11.825396825396826,26.52777777777778,305,267,,,,,False,False,kink rank <70; five-day return <=0; IVR outside 30–70; more than 5% below 20-day high
COIN,2026-08-20,171.56,0.986072,70.2888,2.18555,72.9254,70.2888,72.7139,0.0430392,95.21,88.1661,74.4117,67.17530000000001,70.96130000000001,71.0686,-7.236399999999989,4.122900000000001,17.877300000000005,22.284599999999998,-1.9640999999999877,7.043899999999994,0.0,98.01587301587301,98.41269841269842,0.3968253968253968,78.57142857142857,67.06349206349206,11.656361861373243,0.0,158.09720000000002,199.37665,8.515520831488477,False,False,True,-10.956557845019976,-10.78664982002525,2026-08-20,160.2,45263863.0,4.30392,7862140,138560.05,Financial Data & Exchanges,0000-00-00,XLF,Financials,67,73,98.6072,10,1166740,68.49,73.02,66.6,66.67,1259514828.0,True,True,20.983606557377048,,False,False,False,grab,False,True,10.09920634920635,53.76984126984127,305,267,,,,,True,True,passed original surface
CRSP,2026-08-20,58.3,0.8499,62.8299,1.0,65.8711,62.8299,63.26819999999999,0.232715,146.37800000000001,68.8342,65.6038,62.4675,77.1764,68.0917,-3.1363000000000056,2.7739000000000047,6.0042999999999935,80.50690000000002,11.305300000000003,77.54380000000002,26.19047619047619,67.46031746031746,100.0,59.92063492063492,100.0,70.23809523809524,7.843137254901955,-0.7152588555858319,52.508,53.11305,11.030700083796741,False,True,True,19.51619516195162,19.686103186946347,2026-08-20,59.81,5637182.0,23.27149,1499502,3323.25,Biotechnology,0000-00-00,XLV,Healthcare,67,67,84.99,11,71539,43.91,67.06,73.3,66.67,89685214.62,True,True,81.31147540983606,,True,False,False,other,False,False,24.246031746031747,35.0,305,267,,,,,False,False,local RR rank >10
CSCO,2026-08-20,109.78,0.905696,28.491300000000003,4.0,28.9865,28.491300000000003,35.5695,0.0232918,33.1222,31.761499999999998,28.9692,29.050900000000002,29.055999999999997,30.4118,0.08170000000000144,0.4778999999999982,3.2701999999999956,4.1357,0.0694999999999979,1.3607000000000014,8.73015873015873,91.26984126984127,86.11111111111111,2.380952380952381,58.73015873015873,52.38095238095238,-2.2352836405735155,-11.073309031996759,116.47579999999998,92.76854999999999,-5.748661953813561,False,True,False,-3.7608486017357667,-3.590940576741042,2026-08-20,110.55,432690698.0,2.32918,22622847,77160.25,Communications Equipment Manufacturing,0000-00-00,XLK,Technology,10,67,90.5696,12,1125252,45.86,66.67,0.0,4.76,2500955735.85,True,True,31.147540983606557,,False,False,False,,False,False,11.30952380952381,26.547619047619047,305,267,,,,,False,False,kink rank <70; five-day return <=0; more than 5% below 20-day high
DG,2026-08-20,121.38,0.867911,43.108200000000004,2.47775,73.9277,50.02140000000001,41.5555,0.0673529,81.8156,49.4073,42.7033,43.6158,78.6385,51.6757,0.9125000000000014,-0.4049000000000049,-0.6141000000000076,7.887900000000002,4.710799999999992,32.408300000000004,9.126984126984127,56.34920634920635,92.46031746031746,23.80952380952381,98.41269841269842,95.23809523809524,-1.035466775377103,-5.592284358715094,120.1318,124.68809999999999,1.03902547035839,True,False,True,16.164226241745627,16.334134266740353,2026-08-20,122.31,26731071.0,6.73529,1957634,4127.45,Discount Retail,0000-00-00,XLP,C. Defensive,100,95,86.7911,1,96677,75.28,94.44,100.0,100.0,239438214.54,True,True,76.0655737704918,,False,False,False,other,True,False,13.095238095238095,4.166666666666671,305,267,,,,,False,False,five-day return <=0; IVR outside 30–70; more than 5% below 20-day high; near-front earnings flag
FDX,2026-08-20,327.08,0.897644,25.804199999999998,4.0,27.089999999999996,25.804199999999998,28.974100000000004,0.035266,35.2721,26.971400000000003,25.592399999999998,26.9575,30.897999999999996,28.652100000000004,1.3651000000000018,-0.2118000000000002,1.1672000000000047,8.182100000000005,3.808,8.300699999999999,9.523809523809524,80.95238095238095,98.41269841269842,30.952380952380953,82.93650793650794,16.26984126984127,-3.4450184501845116,-3.4450184501845116,319.5102,331.749,2.369188839667702,False,False,True,-15.292777044000728,-15.122869019006004,2026-08-20,328.38,77410166.0,3.5266,1512732,4715.15,Freight & Logistics Services,0000-00-00,XLI,Industrials,10,8,89.7644,9,59842,31.64,8.33,6.11,9.52,496750934.15999997,True,True,15.737704918032788,,False,False,False,other,False,False,11.904761904761905,33.98809523809524,305,267,,,,,False,False,five-day return <=0
GE,2026-08-20,344.45,0.956878,29.453000000000003,3.06785,31.1019,29.453000000000003,33.1417,0.0272769,33.3558,30.8595,28.973399999999998,31.162,32.9793,35.1094,2.188600000000001,-0.4796000000000049,1.4064999999999976,2.2539000000000016,1.8774000000000015,2.4963000000000015,16.666666666666668,90.87301587301587,88.88888888888889,1.5873015873015872,65.07936507936508,41.666666666666664,-4.391151081133593,-9.56944079810974,359.03700000000003,319.4057,-4.062812467795807,True,True,False,15.0621325494388,15.232040574433526,2026-08-20,356.23,357388408.0,2.72769,3504169,13074.85,Aerospace & Defense Manufacturing,0000-00-00,XLI,Industrials,38,42,95.6878,8,230082,29.1,42.06,28.35,38.1,1248290122.8700001,True,True,74.75409836065575,,True,False,False,,False,False,22.123015873015873,27.142857142857142,305,267,,,,,False,False,kink rank <70; local RR rank >10; five-day return <=0; IVR outside 30–70; more than 5% below 20-day high
GILD,2026-08-20,143.98,0.720613,26.3506,3.27754,28.2001,26.3506,28.977999999999998,0.0473479,32.934000000000005,26.506400000000003,25.0879,29.039700000000003,35.64,32.3531,3.951800000000002,-1.2626999999999988,0.15580000000000283,4.7339000000000055,7.4399000000000015,6.427600000000002,83.73015873015873,29.365079365079364,90.07936507936508,62.698412698412696,86.11111111111111,37.698412698412696,4.7051123554650465,-3.095975232198156,131.3264,132.9552,9.635229474043294,True,True,True,9.883232847439505,10.05314087243423,2026-08-20,147.6,178528743.0,4.73479,6562261,8316.6,Major Pharmaceuticals,0000-00-00,XLV,Healthcare,10,22,72.0613,10,169316,24.99,22.22,2.6,9.52,968589723.5999999,True,True,64.26229508196721,good,True,True,False,other,False,False,51.904761904761905,33.31349206349206,305,267,,,,,False,False,local RR rank >10; IVR outside 30–70
GNRC,2026-08-20,206.58,0.862039,46.5056,3.34982,47.074,46.5056,54.4364,0.082303,60.8475,53.951899999999995,47.0526,48.5103,51.9925,51.0265,1.4577000000000027,0.546999999999997,7.446299999999994,13.773499999999999,4.918500000000002,6.895600000000002,30.555555555555557,85.71428571428571,94.04761904761905,30.952380952380953,70.63492063492063,45.23809523809524,-4.254727474972187,-6.710621387283233,234.05780000000001,206.36195,-11.739749754120565,False,True,False,-14.963158111390108,-14.793250086395382,2026-08-20,210.81,12189534.0,8.2303,1188744,3161.5,Specialized Industrial Equipment,0000-00-00,XLI,Industrials,10,56,86.2039,9,54558,51.09,55.56,0.0,4.76,250599122.64000002,True,True,16.065573770491802,,False,False,False,other,False,False,13.769841269841272,32.93650793650794,305,267,,,,,False,False,local RR rank >10; five-day return <=0; more than 5% below 20-day high
HPQ,2026-08-20,29.58,0.83703,50.899899999999995,2.37089,82.92439999999999,58.28060000000001,50.3544,0.0617613,96.15390000000001,66.46039999999999,52.034499999999994,50.814800000000005,85.0831,59.283300000000004,-1.219699999999989,1.134599999999999,8.179799999999986,13.229500000000016,2.1587000000000103,29.693500000000014,9.126984126984127,84.12698412698413,97.22222222222223,8.73015873015873,99.60317460317461,98.41269841269842,-4.734299516908225,-4.734299516908225,25.735999999999994,22.5758,14.936276033571684,True,True,True,40.056818181818166,40.22672620681289,2026-08-20,29.94,27051581.0,6.17613,14279040,28624.35,Computer Hardware Manufacturing,0000-00-00,XLK,Technology,57,86,83.703,0,532794,61.69,89.29,56.41,66.67,427514457.6,True,True,93.44262295081968,,True,False,False,other,True,False,21.706349206349206,4.702380952380949,305,267,,,,,False,False,five-day return <=0; near-front earnings flag
JNJ,2026-08-20,267.79,0.876689,22.1648,3.12705,23.302,22.1648,24.8136,0.0204906,25.874399999999998,24.1869,22.315099999999997,22.8332,24.1457,23.7542,0.518100000000004,0.15029999999999788,2.022100000000002,2.5723999999999982,0.8437000000000019,1.6874999999999964,3.9682539682539684,89.28571428571429,86.11111111111111,1.5873015873015872,67.06349206349206,65.47619047619048,2.515121353648264,-2.3234607528450524,254.11880000000005,231.40494999999999,5.379845961809981,True,True,True,16.32927888792355,16.499186912918276,2026-08-20,273.41,645346745.0,2.04906,7163697,27826.85,Major Pharmaceuticals,0000-00-00,XLV,Healthcare,14,66,87.6689,7,414938,59.84,66.27,10.27,14.29,1958626396.7700002,True,True,77.04918032786885,,True,False,False,,False,False,20.93253968253968,26.964285714285715,305,267,,,,,False,False,kink rank <70
JPM,2026-08-20,352.38,0.966163,20.095,2.84051,20.0788,20.095,23.0137,0.0202626,20.9557,19.7386,19.234499999999997,21.5171,24.4799,24.462600000000002,2.282600000000002,-0.8605000000000018,-0.35639999999999716,0.8768999999999991,4.4011,1.2170999999999985,9.523809523809524,86.5079365079365,93.65079365079364,14.285714285714286,48.80952380952381,9.920634920634921,-3.029802691323369,-3.6370597243491565,343.11760000000004,315.91655000000003,2.6994826263648353,True,True,True,16.481554938516464,16.65146296351119,2026-08-20,357.26,936696516.0,2.02626,6460168,47133.0,Diversified Banking,0000-00-00,XLF,Financials,29,7,96.6163,7,711534,11.4,6.75,30.84,28.57,2307959619.68,True,True,78.68852459016394,,True,False,False,,False,False,21.626984126984127,26.805555555555554,305,267,,,,,False,False,kink rank <70; five-day return <=0; IVR outside 30–70
LLY,2026-08-20,1245.77,0.966562,30.915,3.35737,30.4642,30.915,36.064299999999996,0.0311018,35.221599999999995,33.7755,31.4618,30.961100000000002,32.624399999999994,35.9014,-0.5006999999999984,0.5468000000000011,2.860500000000002,4.757399999999993,2.1601999999999926,1.4460999999999942,5.555555555555555,94.04761904761905,86.5079365079365,7.142857142857143,52.77777777777778,16.26984126984127,3.006424620269388,-3.0046092995733242,1177.183,1051.2653,5.826366843557884,True,True,True,22.694860834794262,22.864768859788988,2026-08-20,1280.34,1110425891.0,3.11018,2734600,48864.1,Major Pharmaceuticals,0000-00-00,XLV,Healthcare,29,25,96.6562,10,386893,29.8,25.0,29.28,28.57,3501217764.0,True,True,83.27868852459017,,True,False,False,,False,False,20.853174603174605,26.28968253968254,305,267,,,,,False,False,kink rank <70; IVR outside 30–70
LUV,2026-08-20,39.89,0.680763,37.5265,1.0,35.1165,37.5265,39.4964,0.0530229,40.1202,40.1779,37.538700000000006,38.7251,40.7378,40.216499999999996,1.186399999999992,0.012200000000007094,2.6514000000000024,5.003699999999995,5.621299999999998,-0.05770000000000408,1.9841269841269842,90.07936507936508,86.9047619047619,17.46031746031746,41.666666666666664,15.476190476190476,-11.237205162438801,-18.674821610601423,47.134800000000006,42.66205,-15.37038451420183,True,False,False,0.326961770623746,0.4968697956184709,2026-08-20,41.42,19514515.0,5.30229,5149824,10022.35,Airlines,0000-00-00,XLI,Industrials,19,24,68.0763,8,239458,21.81,25.4,10.18,19.05,213305710.08,True,True,39.01639344262295,,False,False,False,,False,False,10.694444444444443,25.773809523809522,305,267,,,,,False,False,kink rank <70; five-day return <=0; IVR outside 30–70; more than 5% below 20-day high
MPC,2026-08-20,357.98,0.925759,39.5276,2.07605,39.5276,39.5276,41.930800000000005,0.0177136,44.8443,44.8443,40.455600000000004,39.631,43.0969,43.0969,-0.8246000000000038,0.9280000000000044,5.316699999999997,5.316699999999997,3.5692999999999984,0.0,1.5873015873015872,96.03174603174604,96.82539682539682,6.349206349206349,22.61904761904762,73.80952380952381,0.5872601084604856,-2.1618519227090016,295.6071999999999,231.90995000000004,21.099892018868328,True,True,True,38.97278621064484,39.14269423563957,2026-08-20,360.75,104507477.0,1.77136,2387471,5360.05,Petroleum Refining & Marketing,0000-00-00,XLE,Energy,19,87,92.5759,10,81169,83.18,87.3,42.56,23.81,861280163.25,True,True,92.78688524590164,,False,False,False,,False,False,10.357142857142856,25.813492063492063,305,267,,,,,False,False,kink rank <70; IVR outside 30–70
MRK,2026-08-20,149.1,0.828002,30.183,3.4107,31.335600000000003,30.183,32.3282,0.0409388,37.5753,33.6285,30.925000000000004,31.189299999999996,32.305499999999995,33.2415,0.26429999999999154,0.7420000000000044,3.4455000000000027,6.239699999999996,0.969899999999992,3.946799999999996,3.5714285714285716,96.42857142857143,98.41269841269842,1.1904761904761905,82.14285714285714,78.57142857142857,10.896243956861284,-2.248737953189539,127.3234,114.98884999999999,17.103376127247614,True,True,True,31.667255386789115,31.83716341178384,2026-08-20,152.2,367855291.0,4.09388,9480698,30443.95,Major Pharmaceuticals,0000-00-00,XLV,Healthcare,95,93,82.8002,10,547201,75.9,91.67,62.14,95.24,1442962235.6,True,True,88.52459016393442,,False,False,False,grab,False,False,10.535714285714286,53.948412698412696,305,267,,,,,False,True,IVR outside 30–70
MRNA,2026-08-20,129.92,0.960789,110.398,4.0,134.266,110.398,107.132,0.150008,170.615,135.215,118.021,105.67800000000001,135.776,113.313,-12.34299999999999,7.623000000000005,24.817000000000007,36.34900000000002,1.5100000000000193,35.400000000000006,1.1904761904761905,98.80952380952381,98.41269841269842,11.11111111111111,98.01587301587301,99.60317460317461,105.66724711097035,-22.95558322955584,65.3862,48.050599999999996,98.69636100583912,True,True,True,169.37590711175616,169.5458151367509,2026-08-20,174.38,51524565.0,15.00082,14374363,86942.2,Biotechnology,0000-00-00,XLV,Healthcare,95,100,96.0789,11,854947,58.35,99.6,51.2,95.24,2506601419.94,True,True,99.672131147541,,False,False,False,grab,False,False,10.178571428571427,54.742063492063494,305,267,,,,,False,True,more than 5% below 20-day high
MS,2026-08-20,207.75,0.849059,28.2501,2.59783,29.8631,28.2501,31.0821,0.026711,31.049500000000002,29.607099999999996,27.4408,29.932399999999998,31.270799999999998,32.7336,2.4915999999999983,-0.8093000000000004,1.3569999999999958,1.1864000000000026,1.4076999999999984,1.4424000000000063,5.555555555555555,90.07936507936508,93.25396825396825,0.0,55.15873015873016,47.61904761904762,-4.867661873797968,-5.110989312140313,216.7942,188.2489,-4.171790573733059,True,True,False,5.040954596015768,5.2108626210104925,2026-08-20,214.23,326583000.0,2.6711,4692217,14815.6,Investment Banking & Brokerage,0000-00-00,XLF,Financials,10,48,84.9059,7,386283,37.28,48.02,2.27,9.52,1005213647.91,True,True,52.131147540983605,,True,False,False,,False,False,21.051587301587304,27.083333333333336,305,267,,,,,False,False,kink rank <70; five-day return <=0; more than 5% below 20-day high
MSTR,2026-08-20,112.06,0.978587,78.2645,2.33914,82.8479,78.2645,81.6067,0.0398799,109.542,101.441,84.0949,74.4046,89.95570000000001,95.6703,-9.690299999999993,5.830399999999997,23.176500000000004,26.694100000000006,7.107800000000012,8.100999999999999,0.0,99.2063492063492,96.42857142857143,0.0,88.88888888888889,81.34920634920636,14.370279648907935,0.0,99.93619999999999,144.83065,12.131539922470559,False,False,True,-32.63195863893231,-32.462050613937585,2026-08-20,104.25,44519383.0,3.98799,17351153,397418.85,Application Software,0000-00-00,XLK,Technology,90,81,97.8587,10,3013208,54.85,80.95,78.82,90.48,1808857700.25,True,True,3.278688524590164,,False,False,False,grab,False,True,10.03968253968254,54.08730158730158,305,267,,,,,True,True,passed original surface
NCLH,2026-08-20,16.59,0.644151,43.7114,1.20501,43.113299999999995,43.7114,48.0142,0.0450298,50.343700000000005,49.1589,44.2714,44.9385,48.1235,48.0987,0.6670999999999978,0.5600000000000023,5.447500000000005,7.23040000000001,5.010200000000005,1.1848000000000027,0.7936507936507936,88.4920634920635,85.71428571428571,3.5714285714285716,44.84126984126984,22.22222222222222,-14.748201438848929,-21.225071225071225,19.5392,19.995549999999998,-15.093760235833608,True,False,False,3.2358431860609826,3.4057512110557076,2026-08-20,17.34,7617440.0,4.50298,15331668,20746.9,Travel & Tourism Services,0000-00-00,XLY,C. Cyclical,43,38,64.4151,10,574098,26.05,37.7,37.47,42.86,265851123.12,True,True,46.557377049180324,,False,False,False,,False,False,10.654761904761905,25.813492063492063,305,267,,,,,False,False,kink rank <70; five-day return <=0; IVR outside 30–70; more than 5% below 20-day high
NEM,2026-08-20,127.39,0.79443,44.8738,2.05942,44.5023,44.8738,47.423500000000004,0.0462693,55.7721,50.829800000000006,46.6488,43.845099999999995,46.1028,44.4996,-2.8037000000000063,1.7749999999999986,5.956000000000003,11.269800000000004,1.6005000000000038,4.942299999999996,0.3968253968253968,96.82539682539682,97.22222222222223,9.920634920634921,76.19047619047619,38.095238095238095,11.942003514938481,0.0,100.69780000000003,106.08279999999999,26.507232531395886,False,True,True,18.612662942271886,18.78257096726661,2026-08-20,125.08,134229858.0,4.62693,7309055,26956.85,Gold,0000-00-00,XLB,Materials,100,58,79.443,9,599821,50.83,57.94,100.0,100.0,914216599.4,True,True,80.65573770491802,,False,False,False,grab,False,True,10.1984126984127,53.53174603174603,305,267,,,,,True,True,passed original surface
NVDA,2026-08-20,216.81,0.986851,35.1702,2.24428,50.9276,39.7601,39.7438,0.00595317,56.45250000000001,42.8591,35.983599999999996,36.4474,56.7074,53.254599999999996,0.4638000000000062,0.8133999999999943,3.0989999999999966,5.5249000000000095,5.779800000000002,13.59340000000001,6.349206349206349,94.84126984126983,90.07936507936508,2.380952380952381,92.85714285714286,87.3015873015873,-3.926086763858727,-3.926086763858727,207.2654,195.25644999999997,4.605013668465641,False,True,True,-2.88465845464726,-2.714750429652535,2026-08-20,217.56,5251355010.0,0.59532,118580570,3245065.4,Semiconductors,0000-00-00,XLK,Technology,48,29,98.6851,0,14775817,25.34,24.6,44.69,47.62,25798388809.2,True,True,32.78688524590164,,False,False,False,other,True,False,10.892857142857142,3.650793650793652,305,267,,,,,False,False,five-day return <=0; IVR outside 30–70; near-front earnings flag
RCL,2026-08-20,286.88,0.91848,37.0713,2.65765,37.0676,37.0713,40.5075,0.0426017,41.3991,36.647600000000004,36.603,38.155,42.8558,40.2915,1.5519999999999996,-0.4682999999999993,-0.42369999999999663,4.331499999999998,5.788200000000003,4.751499999999993,0.7936507936507936,94.04761904761905,89.28571428571429,14.285714285714286,66.26984126984127,13.492063492063492,-7.672502574665307,-12.728157702604047,303.08,286.9446,-5.34512339976243,True,False,False,12.82051282051282,12.990420845507543,2026-08-20,300.56,76726654.0,4.26017,2103441,4845.7,Travel & Tourism Services,0000-00-00,XLY,C. Cyclical,19,18,91.848,9,104194,12.06,17.86,4.2,19.05,632210226.96,True,True,70.16393442622952,,False,False,False,,False,False,10.376984126984127,27.242063492063494,305,267,,,,,False,False,kink rank <70; five-day return <=0; IVR outside 30–70; more than 5% below 20-day high
RH,2026-08-20,155.69,0.886759,61.840799999999994,3.13688,61.0878,77.927,66.0266,0.101414,90.9005,80.3709,61.329,62.8947,72.9912,80.23740000000001,1.5656999999999996,-0.5117999999999938,2.4438999999999993,29.812699999999992,11.903400000000005,10.529599999999988,11.507936507936508,63.492063492063494,98.01587301587301,54.76190476190476,75.0,19.047619047619047,-13.721252424494313,-20.64325398848056,169.3602,163.3522,-8.071672092971072,True,False,False,16.29939493538506,16.469302960379785,2026-08-20,169.97,2946623.0,10.14136,669911,2299.7,Specialized Retail,0000-00-00,XLY,C. Cyclical,29,30,88.6759,3,71738,26.8,28.57,40.93,28.57,113864772.67,True,True,76.72131147540983,,False,False,False,other,False,False,12.976190476190478,33.551587301587304,305,267,,,,,False,False,local RR rank >10; five-day return <=0; IVR outside 30–70; more than 5% below 20-day high
S,2026-08-20,20.97,0.76279,56.9267,2.76709,97.4829,68.5839,60.6982,0.12131,116.428,78.994,61.57280000000001,55.925999999999995,100.102,72.4142,-5.646800000000013,4.646100000000011,10.4101,18.945099999999996,2.619100000000003,37.434,1.1904761904761905,98.80952380952381,88.4920634920635,19.444444444444443,95.23809523809524,95.23809523809524,-11.964735516372805,-11.964735516372805,18.517,15.800549999999998,13.247286277474757,True,True,True,16.564758198999453,16.73466622399418,2026-08-20,21.32,7188594.0,12.13096,6679601,20303.75,Infrastructure Software,0000-00-00,XLK,Technology,48,76,76.279,1,280607,54.39,71.43,38.39,47.62,142409093.32,True,True,79.34426229508198,,True,False,False,other,True,False,20.17857142857143,3.611111111111107,305,267,,,,,False,False,five-day return <=0; more than 5% below 20-day high; near-front earnings flag
SCHW,2026-08-20,109.62,0.794601,21.7344,1.48208,22.2799,21.7344,25.1011,0.0250595,24.4592,23.055999999999997,21.5791,22.6876,24.6604,23.9329,1.1084999999999994,-0.15530000000000044,1.3215999999999966,2.179299999999998,2.380499999999998,1.4032000000000018,2.7777777777777777,98.01587301587301,90.87301587301587,2.380952380952381,48.41269841269841,12.301587301587302,-0.18211619012928892,-1.809387316374056,100.96259999999998,96.60205,8.574858412917274,True,True,True,21.78646817020331,21.956376195198036,2026-08-20,110.88,189569781.0,2.50595,6920908,18256.6,Investment Banking & Brokerage,0000-00-00,XLF,Financials,33,15,79.4601,8,473629,20.33,15.48,29.45,33.33,767390279.04,True,True,82.62295081967214,,True,False,False,,False,False,20.376984126984127,26.50793650793651,305,267,,,,,False,False,kink rank <70; five-day return <=0; IVR outside 30–70
SMCI,2026-08-20,36.61,0.908271,76.4418,2.9459,78.8778,76.4418,80.7269,0.0672386,101.416,91.6065,80.32350000000001,73.8943,80.2109,86.29339999999999,-6.429200000000009,3.8817000000000093,15.164699999999996,22.538200000000003,1.3331000000000017,9.8095,3.9682539682539684,86.11111111111111,90.07936507936508,1.5873015873015872,84.12698412698413,60.714285714285715,-6.773618538324433,-8.038181361466979,30.35,31.52085,20.626029654036238,False,True,True,9.055704498063744,9.22561252305847,2026-08-20,36.58,23682022.0,6.72386,61854179,273325.45,Computer Hardware Manufacturing,0000-00-00,XLK,Technology,24,61,90.8271,10,2530987,52.46,60.71,14.78,23.81,2262625867.8199997,True,True,62.62295081967213,,False,False,False,other,False,False,11.091269841269842,33.214285714285715,305,267,,,,,False,False,five-day return <=0; more than 5% below 20-day high
SPOT,2026-08-20,534.98,0.975123,37.2222,2.95154,37.9444,37.2222,40.8424,0.0414373,44.3402,40.2159,36.553799999999995,38.6395,41.253,43.544,2.0857000000000028,-0.6684000000000054,2.993699999999997,6.395800000000001,3.3085999999999984,4.124300000000005,46.82539682539682,65.47619047619048,99.2063492063492,35.317460317460316,76.19047619047619,22.61904761904762,7.154588791411287,-0.39842120941316894,486.14959999999996,512.1352,10.044315576933528,True,True,True,23.119764337659966,23.28967236265469,2026-08-20,533.37,110002620.0,4.14373,2058336,11417.6,Internet Content & Media,0000-00-00,XLC,Comm,33,27,97.5123,10,154349,20.59,26.98,23.21,33.33,1097854672.32,True,True,83.60655737704919,,True,False,False,other,False,False,26.408730158730158,33.73015873015873,305,267,,,,,False,False,local RR rank >10; IVR outside 30–70
TEM,2026-08-20,66.57,0.861085,76.16810000000001,2.80363,82.77210000000001,76.16810000000001,79.742,0.0961811,99.2193,97.9483,79.0817,76.4737,82.3453,81.67999999999999,-2.608000000000004,2.913599999999988,21.780199999999994,16.447199999999995,-0.4268000000000143,1.2710000000000008,12.698412698412698,92.06349206349206,94.04761904761905,1.9841269841269842,47.22222222222222,81.34920634920636,21.345242435289812,0.0,52.2164,56.8917,27.488681716855233,True,True,True,45.76308298664329,45.932991011638016,2026-08-20,61.25,12011542.0,9.61811,5483621,29229.3,Healthcare Information Systems,0000-00-00,XLV,Healthcare,100,88,86.1085,10,384755,62.92,88.89,100.0,100.0,335871786.25,True,True,95.40983606557377,,False,False,False,,False,False,11.666666666666666,26.765873015873016,305,267,,,,,False,False,kink rank <70; local RR rank >10
TFC,2026-08-20,50.41,0.512398,23.4088,1.0,23.4088,23.4088,25.608399999999996,0.0198828,24.3552,24.3552,22.8302,25.0857,27.307599999999997,27.307599999999997,2.255499999999998,-0.578599999999998,0.9464000000000006,0.9464000000000006,3.898799999999998,0.0,0.7936507936507936,98.41269841269842,95.63492063492063,2.7777777777777777,18.650793650793652,22.22222222222222,-4.958521870286581,-5.119518162996439,51.30919999999999,49.3543,-1.7525122200306997,True,True,False,5.196160267111849,5.366068292106574,2026-08-20,50.97,61582167.0,1.98828,6467936,3327.35,Regional Banking,0000-00-00,XLF,Financials,48,36,51.2398,8,164726,26.21,35.71,49.46,47.62,329670697.92,True,True,53.11475409836065,,True,False,False,,False,False,20.158730158730158,25.496031746031747,305,267,,,,,False,False,kink rank <70; five-day return <=0; IVR outside 30–70; more than 5% below 20-day high
VFC,2026-08-20,13.95,0.639167,40.2115,3.81019,38.1742,40.2115,47.7492,0.0569467,60.766200000000005,47.6927,42.9351,40.4491,48.909200000000006,45.792899999999996,-2.485999999999997,2.7235999999999976,7.481200000000001,22.592000000000006,10.735000000000007,13.073500000000003,1.5873015873015872,93.25396825396825,97.61904761904762,36.507936507936506,84.52380952380952,0.3968253968253968,-5.679513184584173,-23.18281938325991,16.199199999999998,17.640500000000003,-13.884636278334728,False,False,False,-12.703379224030042,-12.533471199035318,2026-08-20,14.37,5484227.0,5.69467,8570093,12613.0,Apparel & Textile Manufacturing,0000-00-00,XLY,C. Cyclical,5,0,63.9167,9,608205,0.1,0.79,0.16,9.52,123152236.41,True,True,18.360655737704917,,False,False,False,other,False,False,10.496031746031745,33.98809523809524,305,267,,,,,False,False,five-day return <=0; IVR outside 30–70; more than 5% below 20-day high
WMT,2026-08-20,103.25,0.849535,22.5777,3.15604,25.1964,22.5777,25.4474,0.0117928,31.501,27.2155,23.4523,23.4452,27.291900000000002,25.8924,-0.0071000000000012164,0.8746000000000009,4.637799999999999,6.304600000000001,2.0955000000000013,4.2855000000000025,2.7777777777777777,100.0,99.60317460317461,5.555555555555555,82.93650793650794,51.98412698412698,-10.737442724993517,-10.737442724993517,113.8796,118.50845,-9.334068612815638,False,False,False,-21.405191444013095,-21.23528341901837,2026-08-20,114.3,821671673.0,1.17928,21966047,121977.65,Discount Retail,0000-00-00,XLP,C. Defensive,19,37,84.9535,13,1258443,36.83,36.9,12.78,19.05,2510719172.1,True,True,9.508196721311474,,False,False,False,other,False,False,10.277777777777779,34.10714285714286,305,267,,,,,False,False,five-day return <=0; more than 5% below 20-day high
ADM,2026-08-21,80.1,0.823919,27.193099999999998,3.59158,27.121299999999998,27.193099999999998,32.373200000000004,0.0285237,31.1311,31.1412,27.6698,28.875899999999998,34.212199999999996,34.2092,1.2060999999999993,0.476700000000001,3.9481000000000037,4.009800000000002,7.090899999999998,-0.01010000000000133,21.825396825396826,92.06349206349206,86.11111111111111,60.714285714285715,30.952380952380953,17.46031746031746,-0.29873039581778116,-3.9337970736387673,80.0412,70.90684999999999,0.07346216698398411,False,True,True,3.7296037296037143,3.6931713047456016,2026-08-21,81.7,38604718.0,2.85237,4004700,2798.8,Agricultural Products,0000-00-00,XLP,C. Defensive,19,40,82.3919,10,89010,43.09,36.51,0.0,4.76,327183990.0,True,True,46.22950819672131,,True,False,False,,False,False,22.579365079365083,25.158730158730158,305,270,,,,,False,False,kink rank <70; local RR rank >10; five-day return <=0
APP,2026-08-21,304.41,0.986752,54.8043,4.0,52.504799999999996,54.8043,65.96220000000001,0.0404662,58.907399999999996,61.745099999999994,55.3897,55.0065,53.177600000000005,56.866499999999995,-0.3831999999999951,0.5853999999999999,6.940799999999996,6.4026,0.6728000000000094,-2.837699999999998,5.158730158730159,94.04761904761905,86.9047619047619,2.7777777777777777,27.77777777777778,7.5396825396825395,-4.330745780822776,-27.29986625907528,427.2998,499.8836,-28.759620294697065,False,False,False,-37.339700706037334,-37.37613313089545,2026-08-21,308.77,101870965.0,4.04662,7176801,43988.8,Advertising & Marketing Services,0000-00-00,XLK,Technology,29,16,98.6752,10,388203,15.21,16.27,6.69,28.57,2215980844.77,True,True,2.622950819672131,,False,False,False,,False,False,10.813492063492063,25.07936507936508,305,270,,,,,False,False,kink rank <70; five-day return <=0; IVR outside 30–70; more than 5% below 20-day high
AVGO,2026-08-21,368.59,0.983653,39.4942,3.22787,38.2063,50.6423,46.3733,0.0139018,45.0385,58.30800000000001,40.2828,39.387,43.6003,52.87779999999999,-0.8958000000000013,0.7886000000000024,7.665700000000008,6.8322,5.393999999999998,-13.269500000000008,2.7777777777777777,96.42857142857143,94.04761904761905,7.5396825396825395,1.5873015873015872,7.142857142857143,-6.368439770360224,-13.393171832044926,389.0408,369.17449999999997,-5.256723716381417,False,False,False,-10.48208864602308,-10.518521070881192,2026-08-21,364.03,1733091278.0,1.39018,19499292,222169.95,Semiconductors,0000-00-00,XLK,Technology,10,5,98.3653,1,2304793,23.23,11.51,14.85,19.05,7098327266.759999,True,True,22.62295081967213,,False,False,False,,True,False,10.456349206349207,-5.515873015873016,305,270,,,,,False,False,kink rank <70; five-day return <=0; IVR outside 30–70; more than 5% below 20-day high; near-front earnings flag
BABA,2026-08-21,119.45,0.957024,40.934,1.0,42.4975,40.934,43.486799999999995,0.0228728,54.683800000000005,52.782399999999996,43.7037,40.3663,42.664,41.726200000000006,-3.3373999999999953,2.7697000000000003,11.848399999999998,12.186300000000003,0.1664999999999992,1.9014000000000095,30.555555555555557,76.98412698412699,90.47619047619048,10.317460317460318,60.317460317460316,38.492063492063494,-3.2871832240304433,-9.569233098644858,114.3042,137.80290000000002,4.501846826275857,False,False,True,-8.997409721164097,-9.03384214602221,2026-08-21,130.53,286306553.0,2.28728,10303162,150557.4,E-commerce & Internet Retail,0000-00-00,XLY,C. Cyclical,52,46,95.7024,13,2250349,48.85,46.43,60.93,52.38,1344871735.86,True,True,24.59016393442623,,False,False,False,,False,False,14.206349206349207,27.063492063492063,305,270,,,,,False,False,kink rank <70; local RR rank >10; five-day return <=0; more than 5% below 20-day high
BX,2026-08-21,143.45,0.962396,35.514,2.5722,35.1842,35.514,36.8844,0.0317197,36.6914,37.1538,35.1312,36.634100000000004,39.9195,42.583,1.502900000000004,-0.38280000000000314,1.639799999999994,1.5072000000000045,4.735300000000002,-0.46239999999999526,3.5714285714285716,92.46031746031746,85.71428571428571,16.666666666666668,26.58730158730159,36.111111111111114,-0.7472497059434091,-4.270937604270941,128.6134,130.95465000000002,11.535811976046029,True,True,True,21.506013891241736,21.469581466383623,2026-08-21,141.35,107677173.0,3.17197,5034735,18480.45,Investment Management,0000-00-00,XLF,Financials,52,49,96.2396,8,507659,30.81,48.41,42.54,52.38,711659792.25,True,True,82.29508196721311,,True,False,False,,False,False,20.734126984126984,24.90079365079365,305,270,,,,,False,False,kink rank <70; five-day return <=0
COIN,2026-08-21,185.09,0.976773,69.6824,2.16682,72.622,69.6824,73.6899,0.0281244,94.5457,89.737,73.9738,67.2432,76.5382,72.221,-6.7305999999999955,4.291399999999996,20.054599999999994,21.923699999999997,3.9162000000000035,4.808700000000002,0.3968253968253968,98.01587301587301,97.22222222222223,4.365079365079365,69.04761904761905,66.26984126984127,23.86401659639965,0.0,158.7026,198.65095000000002,16.62694877084561,False,False,True,-4.162999016206692,-4.199431441064805,2026-08-21,172.35,48833576.0,2.81244,8366037,152347.4,Financial Data & Exchanges,0000-00-00,XLF,Financials,71,73,97.6773,9,1244825,69.04,75.79,75.93,76.19,1441886476.95,True,True,31.475409836065577,,False,False,False,,False,False,10.13888888888889,28.174603174603174,305,270,,,,,False,False,kink rank <70
CVNA,2026-08-21,69.72,0.970698,55.9072,3.73229,56.103899999999996,55.9072,63.993900000000004,0.0333425,57.9868,56.4872,54.847199999999994,58.3626,67.3959,68.8128,3.5154000000000067,-1.0600000000000094,0.5799999999999983,1.8829000000000065,11.292000000000002,1.499600000000001,4.365079365079365,94.84126984126983,85.71428571428571,27.38095238095238,39.682539682539684,26.984126984126984,-8.008972159915562,-8.008972159915562,67.2944,263.4562,3.6044604008654613,True,False,True,6.9653267873580615,6.928894362499949,2026-08-21,71.52,76658883.0,3.33425,10930013,62565.1,Auto Dealerships,0000-00-00,XLY,C. Cyclical,43,29,97.0698,9,1298203,25.57,28.97,21.57,42.86,781714529.76,True,True,55.73770491803278,,False,False,False,,False,False,10.694444444444445,25.555555555555554,305,270,,,,,False,False,kink rank <70; five-day return <=0; IVR outside 30–70; more than 5% below 20-day high
GS,2026-08-21,1038.6,0.986944,31.350299999999997,2.05859,31.1158,31.350299999999997,33.6001,0.0390456,32.7408,31.330099999999998,30.7892,32.4993,36.388,36.1963,1.710099999999997,-0.5610999999999962,-0.020199999999999108,1.625,5.272199999999998,1.410700000000002,7.936507936507937,86.5079365079365,86.5079365079365,18.650793650793652,51.19047619047619,46.42857142857143,-0.17684825650687852,-2.6269899308094757,1053.4851999999998,936.6727000000001,-1.4129481837998226,True,True,False,5.251423822939261,5.214991398081148,2026-08-21,1001.95,306380708.0,3.90456,1921519,38305.35,Investment Banking & Brokerage,0000-00-00,XLF,Financials,43,69,98.6944,7,508866,46.1,69.44,32.95,42.86,1925265962.0500002,True,True,50.1639344262295,,True,False,False,,False,False,21.46825396825397,26.210317460317462,305,270,,,,,False,False,kink rank <70; five-day return <=0
HOOD,2026-08-21,106.91,0.975045,62.8771,2.58558,66.3581,62.8771,66.6695,0.0337695,76.9749,73.7028,64.8563,63.105500000000006,69.66290000000001,68.4036,-1.7507999999999981,1.9792000000000058,10.825699999999998,10.616800000000012,3.3048000000000144,3.272100000000009,4.365079365079365,96.82539682539682,88.88888888888889,2.380952380952381,61.507936507936506,53.96825396825397,11.50396328744263,0.0,100.3576,96.10165,6.529052109655864,True,True,True,41.20987980451724,41.17344737965913,2026-08-21,95.1,96120886.0,3.37695,18171012,209654.45,Investment Banking & Brokerage,0000-00-00,XLF,Financials,48,48,97.5045,10,1833172,45.04,47.62,50.07,47.62,1728063241.1999998,True,True,92.45901639344262,,True,False,False,,False,False,20.595238095238095,26.964285714285715,305,270,,,,,False,False,kink rank <70
HPQ,2026-08-21,29.89,0.865215,49.5697,2.6525,83.9915,58.8813,50.782799999999995,0.0591544,94.89269999999999,64.6154,51.282700000000006,48.5967,84.1792,58.9365,-2.686000000000007,1.713000000000008,5.734099999999991,10.901199999999989,0.18769999999999243,30.277299999999997,5.9523809523809526,90.47619047619048,94.84126984126983,5.158730158730159,99.60317460317461,98.80952380952381,-0.664672648720499,-3.7359098228663457,25.8406,22.590149999999998,15.670688761096896,True,True,True,36.42172523961662,36.38529281475851,2026-08-21,29.47,27335083.0,5.91544,14340601,29112.4,Computer Hardware Manufacturing,0000-00-00,XLK,Technology,67,90,86.5215,0,535869,60.61,86.9,45.96,57.14,422617511.46999997,True,True,90.81967213114754,,False,False,False,other,True,False,11.071428571428571,4.464285714285715,305,270,,,,,False,False,five-day return <=0; near-front earnings flag
JNJ,2026-08-21,271.29,0.861725,21.4894,3.08954,20.880599999999998,21.4894,24.5472,0.024944,23.4671,22.7911,21.7823,22.029899999999998,22.377,23.8618,0.2475999999999985,0.2928999999999995,1.3017000000000003,2.586500000000001,1.4964000000000013,0.6759999999999984,1.9841269841269842,94.44444444444444,86.5079365079365,3.5714285714285716,45.63492063492063,43.65079365079365,4.202035721144615,-1.0468339655675507,254.77340000000004,231.8303,6.482858885582243,True,True,True,17.23348169914871,17.1970492742906,2026-08-21,267.37,653781390.0,2.4944,7038195,27055.05,Major Pharmaceuticals,0000-00-00,XLV,Healthcare,5,59,86.1725,7,419879,56.22,59.13,0.0,4.76,1881802197.15,True,True,76.39344262295083,,True,False,False,,False,False,20.476190476190478,25.932539682539684,305,270,,,,,False,False,kink rank <70
JPM,2026-08-21,351.81,0.964847,20.2316,2.847,20.0732,20.2316,23.2702,0.0173854,20.7705,19.7804,19.3535,21.4525,23.4126,24.4955,2.099,-0.8780999999999999,-0.45120000000000005,0.6972999999999985,3.3394000000000013,0.9900999999999982,6.746031746031746,85.31746031746032,92.85714285714286,3.9682539682539684,44.44444444444444,9.523809523809524,-3.023871216715357,-3.792933712535551,343.94120000000004,316.12615,2.287832920278232,True,True,True,16.143408933346535,16.106976508488422,2026-08-21,351.55,935181342.0,1.73854,6401285,46515.55,Diversified Banking,0000-00-00,XLF,Financials,43,8,96.4847,7,722103,13.32,8.33,38.61,42.86,2250371741.75,True,True,74.75409836065575,,True,False,False,,False,False,21.408730158730158,26.507936507936506,305,270,,,,,False,False,kink rank <70; five-day return <=0; IVR outside 30–70
LRCX,2026-08-21,312.64,0.985218,59.967800000000004,2.67157,61.1135,59.967800000000004,64.94569999999999,0.0477671,65.3731,63.796,59.955099999999995,60.4074,64.561,63.1374,0.45230000000000814,-0.012700000000009481,3.8281999999999954,4.259599999999992,3.447500000000005,1.5770999999999944,7.142857142857143,83.73015873015873,86.5079365079365,0.7936507936507936,45.23809523809524,41.26984126984127,-5.709201676870645,-8.760870834062928,337.12899999999996,253.48385000000002,-7.26398500277341,False,True,False,4.251558904931807,4.215126480073694,2026-08-21,310.53,391212997.0,4.77671,10606471,53643.0,Semiconductor Equipment & Materials Manufacturing,0000-00-00,XLK,Technology,5,50,98.5218,8,652454,47.32,50.0,0.0,4.76,3293627439.6299996,True,True,47.868852459016395,,True,False,False,,False,False,21.52777777777778,25.912698412698415,305,270,,,,,False,False,kink rank <70; five-day return <=0; more than 5% below 20-day high
MELI,2026-08-21,1922.95,0.974319,32.5236,4.0,32.271300000000004,32.5236,36.4761,0.0579648,34.7028,33.211600000000004,31.3449,34.115,38.3095,38.1298,2.770100000000003,-1.1787000000000027,0.6880000000000024,2.4314999999999998,6.038199999999996,1.4911999999999992,42.06349206349206,63.888888888888886,85.31746031746032,77.77777777777777,51.58730158730159,10.714285714285714,4.605366944279732,-0.825188890894557,1789.4234,1868.3320500000002,7.4619902701619,True,True,True,15.163946698607589,15.127514273749476,2026-08-21,1921.96,97487415.0,5.79648,474750,7910.75,E-commerce & Internet Retail,0000-00-00,XLY,C. Cyclical,14,12,97.4319,10,72392,26.41,11.9,7.34,14.29,912450510.0,True,True,73.77049180327869,,True,False,False,,False,False,26.011904761904763,26.11111111111111,305,270,,,,,False,False,kink rank <70; local RR rank >10; opposite put-wing rank >=70; IVR outside 30–70
MRK,2026-08-21,152.93,0.854288,28.711199999999998,3.19554,29.0355,28.711199999999998,32.1855,0.0342311,33.6876,31.1085,29.180400000000002,29.538700000000002,32.698,31.390800000000002,0.35829999999999984,0.4692000000000043,2.3973000000000013,4.652100000000004,3.6625000000000014,2.579100000000004,3.9682539682539684,91.66666666666667,93.65079365079364,21.825396825396826,73.80952380952381,58.333333333333336,12.913467217956299,0.0,128.00060000000002,115.3407,19.476002456238483,True,True,True,31.938573030799766,31.902140605941653,2026-08-21,148.99,377304559.0,3.42311,9868891,33533.8,Major Pharmaceuticals,0000-00-00,XLV,Healthcare,86,83,85.4288,9,560806,67.86,82.14,49.5,85.71,1470366070.0900002,True,True,88.85245901639345,,False,False,False,grab,False,True,10.813492063492063,53.05555555555556,305,270,,,,,True,True,passed original surface
MRNA,2026-08-21,145.88,0.954203,98.1208,4.0,123.35300000000001,98.1208,96.1708,0.0986609,158.462,126.74099999999999,102.59400000000001,96.1752,134.507,106.351,-6.4188000000000045,4.473200000000006,28.620199999999983,35.10899999999998,11.153999999999996,31.721000000000004,9.920634920634921,87.3015873015873,98.01587301587301,67.46031746031746,96.82539682539682,99.2063492063492,131.11533586818757,-13.491075134910757,67.3848,48.6558,116.48799135710131,True,True,True,208.1537811575834,208.1173487327253,2026-08-21,133.32,57854091.0,9.86609,18911507,119995.0,Biotechnology,0000-00-00,XLV,Healthcare,90,97,95.4203,10,998456,40.76,96.83,30.61,90.48,2521282113.24,True,True,99.672131147541,,False,False,False,grab,False,False,11.626984126984127,54.642857142857146,305,270,,,,,False,True,more than 5% below 20-day high
MSTR,2026-08-21,119.14,0.966967,78.2629,2.13138,81.9959,78.2629,81.6979,0.0379081,110.427,105.52699999999999,83.7787,74.7587,91.4984,94.4945,-9.019999999999996,5.515799999999999,27.264099999999985,28.4311,9.502499999999998,4.90000000000002,0.3968253968253968,98.41269841269842,97.22222222222223,1.9841269841269842,79.36507936507937,80.55555555555556,27.61353898886032,0.0,99.99640000000004,144.09525000000002,19.14428919441096,False,False,True,-27.600875060768104,-27.637307485626216,2026-08-21,112.39,47332137.0,3.79081,18964045,426973.9,Application Software,0000-00-00,XLK,Technology,95,81,96.6967,9,3170021,55.29,81.35,99.64,95.24,2131369017.55,True,True,7.213114754098362,,False,False,False,grab,False,True,10.119047619047619,53.69047619047619,305,270,,,,,True,True,passed original surface
NEM,2026-08-21,131.99,0.87941,45.6882,2.32133,45.5096,45.6882,48.526799999999994,0.0456977,56.245999999999995,52.117999999999995,47.152100000000004,44.8237,46.9396,45.095800000000004,-2.328400000000002,1.4639000000000024,6.429799999999993,10.736399999999996,1.4299999999999997,4.128,2.380952380952381,94.44444444444444,96.42857142857143,8.73015873015873,73.01587301587301,44.84126984126984,12.61945392491468,0.0,101.4716,106.33515,30.075804461543942,True,True,True,21.750760999907758,21.714328575049645,2026-08-21,127.64,139076843.0,4.56977,7394695,28022.55,Gold,0000-00-00,XLB,Materials,100,64,87.941,8,608188,54.48,64.29,100.0,100.0,943858869.8,True,True,82.62295081967214,,False,False,False,grab,False,True,10.515873015873016,53.29365079365079,305,270,,,,,True,True,passed original surface
RH,2026-08-21,154.11,0.915217,60.87780000000001,3.26135,60.623599999999996,78.03569999999999,67.4323,0.100043,75.02640000000001,78.5854,60.3054,61.7803,67.3293,80.1165,1.474899999999998,-0.5724000000000089,0.5497000000000156,14.402800000000013,6.705700000000007,-3.5589999999999975,10.317460317460318,61.507936507936506,90.47619047619048,19.444444444444443,24.603174603174605,16.666666666666668,-15.062830687830676,-21.448595749018796,169.48940000000002,163.27455,-9.073959787455731,True,False,False,10.259712384631904,10.223279959773791,2026-08-21,156.41,2916720.0,10.00433,678336,2325.15,Specialized Retail,0000-00-00,XLY,C. Cyclical,10,20,91.5217,2,73274,23.95,19.84,29.46,9.52,106098533.75999999,True,True,63.278688524590166,,False,False,False,,True,False,12.956349206349206,-4.722222222222221,305,270,,,,,False,False,kink rank <70; local RR rank >10; five-day return <=0; IVR outside 30–70; more than 5% below 20-day high; near-front earnings flag
TEM,2026-08-21,72.71,0.85308,79.2783,2.33358,84.4736,79.2783,80.7863,0.075651,100.32300000000001,103.391,84.6154,78.8746,88.4675,85.1194,-5.740799999999993,5.337099999999992,24.112700000000004,15.849400000000003,3.9938999999999965,-3.067999999999998,0.7936507936507936,100.0,92.06349206349206,17.063492063492063,22.22222222222222,83.33333333333333,38.971712538226285,0.0,52.67240000000001,56.8076,38.04193467546566,True,True,True,57.38095238095235,57.34451995609424,2026-08-21,66.65,13119411.0,7.5651,6243988,34668.55,Healthcare Information Systems,0000-00-00,XLV,Healthcare,100,94,85.308,10,417546,69.45,94.05,100.0,100.0,416161800.20000005,True,True,96.72131147540983,,False,False,False,,False,False,10.079365079365079,25.317460317460316,305,270,,,,,False,False,kink rank <70
TFC,2026-08-21,50.41,0.590892,23.3291,2.21564,24.7236,24.7236,25.541199999999996,0.0219101,25.0379,25.0379,22.8866,25.443700000000003,31.713,31.713,2.557100000000002,-0.442499999999999,0.31429999999999936,0.31429999999999936,6.9894,0.0,2.380952380952381,98.41269841269842,89.28571428571429,27.38095238095238,18.650793650793652,32.93650793650794,-5.119518162996439,-5.119518162996439,51.3244,49.385799999999996,-1.7816087474963216,True,True,False,5.306037184040102,5.2696047591819895,2026-08-21,50.23,61582167.0,2.19101,6381083,3346.1,Regional Banking,0000-00-00,XLF,Financials,19,17,59.0892,8,164422,19.31,19.05,23.78,19.05,320521799.09,True,True,50.81967213114754,,True,False,False,,False,False,20.317460317460316,24.861111111111114,305,270,,,,,False,False,kink rank <70; five-day return <=0; IVR outside 30–70; more than 5% below 20-day high
TOST,2026-08-21,36.51,0.929088,38.3773,3.61588,37.8669,38.3773,46.0746,0.0300408,43.539699999999996,41.1974,38.7964,39.657199999999996,43.9396,44.3558,0.8607999999999976,0.41910000000000025,2.8201000000000036,5.672799999999995,6.0726999999999975,2.3422999999999945,4.761904761904762,86.9047619047619,88.88888888888889,26.19047619047619,55.95238095238095,6.349206349206349,4.433638443935917,0.0,30.351599999999998,30.219849999999997,20.290198869252364,True,True,True,58.39479392624727,58.358361501389155,2026-08-21,35.32,21175800.0,3.00408,9990239,15064.05,Infrastructure Software,0000-00-00,XLF,Financials,38,8,92.9088,10,338704,13.74,8.33,8.78,38.1,352855241.48,True,True,97.04918032786885,,False,False,False,,False,False,11.130952380952381,26.686507936507937,305,270,,,,,False,False,kink rank <70; IVR outside 30–70
TSLA,2026-08-21,365.11,0.984826,41.2958,2.34195,40.797,41.2958,45.6269,0.00400946,52.5598,48.166199999999996,42.201499999999996,41.730000000000004,47.3998,46.2656,-0.4714999999999918,0.905699999999996,6.8703999999999965,11.762800000000006,6.602800000000002,4.393600000000006,44.04761904761905,53.57142857142857,86.11111111111111,13.492063492063492,83.33333333333333,23.015873015873016,6.876061120543286,0.0,365.44660000000005,403.3032,-0.09210648012597522,False,False,False,-12.923920820414981,-12.960353245273094,2026-08-21,345.13,1442019249.0,0.40095,38875404,2321927.75,Automobile Manufacturing,0000-00-00,XLY,C. Cyclical,48,25,98.4826,8,6006861,19.62,26.19,37.55,47.62,13417068182.52,True,True,19.01639344262295,,False,False,False,other,False,False,16.726190476190478,32.77777777777778,305,270,,,,,False,False,local RR rank >10; IVR outside 30–70
TTD,2026-08-21,13.18,0.784362,51.3015,3.33118,48.1151,51.3015,68.2223,0.0376442,61.932500000000005,62.268299999999996,54.104699999999994,51.186699999999995,47.4763,52.31099999999999,-2.9179999999999993,2.803199999999997,10.9668,13.817400000000006,-0.6387999999999963,-0.3357999999999919,13.88888888888889,90.07936507936508,85.31746031746032,4.761904761904762,47.22222222222222,17.857142857142858,-6.789250353606791,-31.49688149688149,17.493,26.557399999999998,-24.65557651632081,False,False,False,-38.03479078514339,-38.071223210001506,2026-08-21,13.32,6193021.0,3.76442,30002677,75744.6,Advertising & Marketing Services,0000-00-00,XLK,Technology,14,22,78.4362,10,1002243,28.02,22.22,3.66,14.29,399635657.64,True,True,2.2950819672131146,,False,False,False,,False,False,11.884920634920636,25.892857142857142,305,270,,,,,False,False,kink rank <70; local RR rank >10; five-day return <=0; IVR outside 30–70; more than 5% below 20-day high
WMT,2026-08-21,103.25,0.870848,21.3146,3.09348,22.022,21.3146,25.2718,0.0111633,26.0797,25.7411,22.113599999999998,22.422800000000002,24.187,24.9617,0.30920000000000414,0.7989999999999995,4.426500000000001,4.0577000000000005,2.1650000000000027,0.33859999999999957,5.9523809523809526,99.60317460317461,86.5079365079365,5.9523809523809526,39.285714285714285,24.603174603174605,-10.56734517106973,-10.737442724993517,113.53640000000001,118.5165,-9.06000190247358,False,False,False,-15.313320209973757,-15.34975263483187,2026-08-21,103.84,821671673.0,1.11633,24863248,136408.45,Discount Retail,0000-00-00,XLP,C. Defensive,5,30,87.0848,12,1443411,31.36,29.37,0.0,4.76,2581799672.32,True,True,17.37704918032787,,False,False,False,,False,False,10.615079365079364,25.615079365079367,305,270,,,,,False,False,kink rank <70; five-day return <=0; more than 5% below 20-day high
WYNN,2026-08-21,100.82,0.743599,29.0238,3.13769,28.9794,29.0238,33.440799999999996,0.0502841,40.0195,32.9396,29.512100000000004,31.400499999999997,35.1312,39.1253,1.8883999999999936,0.4883000000000024,3.9157999999999973,11.040100000000002,6.1518000000000015,7.079900000000002,25.793650793650794,82.93650793650794,85.31746031746032,13.095238095238095,79.36507936507937,3.9682539682539684,-1.7061518962659616,-3.68742835307605,100.0566,108.60130000000001,0.7629681600214155,True,False,True,2.6784804969956166,2.642048072137504,2026-08-21,99.6,10381828.0,5.02841,1649458,8353.1,Resort & Casino Operations,0000-00-00,XLY,C. Cyclical,24,2,74.3599,10,306519,9.81,1.98,26.63,23.81,164286016.79999998,True,True,43.9344262295082,,False,False,False,other,False,False,13.432539682539682,32.5,305,270,,,,,False,False,local RR rank >10; five-day return <=0; IVR outside 30–70
AMGN,2026-08-24,444.91,0.939816,30.5985,3.14556,33.317600000000006,30.5985,31.568099999999998,0.0473561,37.539,29.7696,29.8225,32.1868,38.7251,37.5995,2.3642999999999965,-0.7759999999999998,-0.8289000000000009,4.221399999999996,5.407499999999992,7.769400000000001,57.142857142857146,46.03174603174603,87.6984126984127,65.07936507936508,89.28571428571429,86.9047619047619,6.555060592997086,0.0,380.41839999999996,353.47395000000006,16.952807750624068,True,True,True,31.040881244109354,32.50997316689144,2026-08-24,439.33,240532585.0,4.73561,2758971,12469.05,Major Pharmaceuticals,0000-00-00,XLV,Healthcare,76,94,93.9816,10,124650,83.64,94.05,75.08,76.19,1212098729.43,True,True,89.8360655737705,,False,False,False,other,False,False,18.412698412698415,33.23412698412698,305,270,,,,,False,False,local RR rank >10; IVR outside 30–70
CAT,2026-08-24,810.77,0.983046,36.971399999999996,3.37356,39.145799999999994,36.971399999999996,41.6364,0.0279055,42.7873,40.2671,36.8927,37.3739,41.4793,39.7928,0.4812000000000012,-0.07869999999999777,3.2957000000000036,3.6415000000000077,2.333500000000008,2.5202000000000027,3.5714285714285716,96.42857142857143,98.41269841269842,2.380952380952381,61.111111111111114,56.74603174603175,-8.084300743696726,-8.427924417488342,903.9709999999999,762.3048999999999,-10.310175879535954,False,True,False,-8.094719898433421,-6.625627975651337,2026-08-24,827.9,381317275.0,2.79055,3092789,36027.0,Farm & Construction Equipment,0000-00-00,XLI,Industrials,10,58,98.3046,9,267255,51.0,57.54,3.53,9.52,2560520013.1,True,True,25.573770491803277,,False,False,False,,False,False,10.535714285714286,27.8968253968254,305,270,,,,,False,False,kink rank <70; five-day return <=0; more than 5% below 20-day high
CPNG,2026-08-24,16.41,0.888371,44.222,3.33637,45.5314,44.222,50.2331,0.0471759,57.2476,46.9125,44.462,45.1359,57.5816,47.9907,0.6738999999999962,0.240000000000002,2.6905,11.7162,12.050200000000004,10.335099999999997,8.73015873015873,72.22222222222223,94.44444444444444,62.301587301587304,87.6984126984127,45.63492063492063,4.190476190476189,-2.7843601895734538,16.971799999999998,19.8846,-3.310196914882324,True,False,False,1.9888129272840338,3.457904850066118,2026-08-24,16.45,29497167.0,4.71759,17914289,24800.2,E-commerce & Internet Retail,0000-00-00,XLY,C. Cyclical,38,46,88.8371,10,620083,49.98,46.03,14.83,38.1,294690054.05,True,True,46.557377049180324,,False,False,False,grab,False,True,12.261904761904763,53.829365079365076,305,270,,,,,True,True,passed original surface
GS,2026-08-24,1035.33,0.989498,30.413800000000002,2.3984,32.1171,30.413800000000002,32.765899999999995,0.0285689,34.5091,31.462200000000003,29.8609,32.3275,35.7651,37.1329,2.4665999999999997,-0.5529000000000011,1.0484000000000009,2.391999999999996,3.647999999999996,3.0468999999999937,24.603174603174605,86.11111111111111,94.44444444444444,3.9682539682539684,77.77777777777777,55.55555555555556,-1.4750245044393484,-2.9335658435056478,1053.5752,937.8819500000001,-1.7317415975622863,True,True,False,3.8268299286982055,5.29592185148029,2026-08-24,1039.28,305416078.0,2.85689,1954184,37175.75,Investment Banking & Brokerage,0000-00-00,XLF,Financials,33,60,98.9498,7,437081,39.79,58.33,15.5,28.57,2030944347.52,True,True,51.80327868852459,,True,False,False,other,False,False,23.154761904761905,33.33333333333333,305,270,,,,,False,False,local RR rank >10; five-day return <=0
JNJ,2026-08-24,272.8,0.93436,21.804100000000002,2.96517,22.557199999999998,21.804100000000002,24.7146,0.0271709,25.7788,23.4545,21.897,22.359,24.0871,23.7715,0.4620000000000033,0.09289999999999665,1.6503999999999976,3.2216000000000022,1.5299000000000014,2.324300000000001,4.365079365079365,86.9047619047619,93.25396825396825,3.9682539682539684,77.77777777777777,55.95238095238095,3.991156177333899,-0.4960606944849788,255.4366,232.26055,6.797538019218874,True,True,True,16.09498680738788,17.564078730169964,2026-08-24,270.24,657420337.0,2.71709,6948484,30361.7,Major Pharmaceuticals,0000-00-00,XLV,Healthcare,24,67,93.436,7,369497,60.75,67.46,15.25,23.81,1877758316.16,True,True,75.73770491803279,,True,False,False,grab,False,True,21.091269841269842,53.21428571428571,305,270,,,,,True,True,passed original surface
LI,2026-08-24,12.5,0.731042,42.922700000000006,2.60939,66.247,50.7019,49.4073,0.0700632,86.7699,67.472,45.8493,45.311299999999996,75.3951,58.1093,-0.5380000000000038,2.9265999999999934,16.770099999999992,20.522900000000007,9.1481,19.297900000000013,44.44444444444444,61.904761904761905,92.85714285714286,54.76190476190476,92.46031746031746,90.07936507936508,0.4823151125401992,-9.682080924855486,12.6532,16.3148,-1.2107609142351317,False,False,False,-21.334172435494025,-19.86508051271194,2026-08-24,13.05,12253700.0,7.00632,2963298,4315.85,Automobile Manufacturing,0000-00-00,XLY,C. Cyclical,29,15,73.1042,0,176830,13.47,12.7,10.87,28.57,38671038.9,True,True,14.754098360655737,,False,False,False,other,True,False,16.349206349206348,3.908730158730158,305,270,,,,,False,False,local RR rank >10; IVR outside 30–70; more than 5% below 20-day high; near-front earnings flag
LRCX,2026-08-24,309.18,0.989163,60.509,2.80315,65.77969999999999,60.509,64.89930000000001,0.055184,69.85040000000001,63.9582,60.8822,61.310900000000004,70.0107,64.6276,0.4287000000000063,0.3731999999999971,3.4491999999999976,4.070700000000016,4.231000000000009,5.89220000000001,7.5396825396825395,90.07936507936508,85.31746031746032,3.1746031746031744,73.41269841269842,51.58730158730159,-9.77061810541061,-9.77061810541061,336.06659999999994,254.24625,-8.000378496405158,False,True,False,1.3871126414166213,2.8562045641987055,2026-08-24,314.0,386883427.0,5.5184,10505596,52558.4,Semiconductor Equipment & Materials Manufacturing,0000-00-00,XLK,Technology,19,53,98.9163,8,538165,48.34,53.17,2.35,19.05,3298757144.0,True,True,44.26229508196721,,True,False,False,other,False,False,21.25,32.20238095238095,305,270,,,,,False,False,five-day return <=0; more than 5% below 20-day high
MELI,2026-08-24,1953.51,0.960734,33.6568,4.0,34.3209,33.6568,37.203399999999995,0.0663408,38.094699999999996,33.799,33.3187,34.5485,42.7809,38.9625,1.2297999999999973,-0.3380999999999972,0.14220000000000255,3.7737999999999943,8.46,4.2956999999999965,14.285714285714286,89.28571428571429,94.04761904761905,92.06349206349206,75.39682539682539,20.238095238095237,9.340490196627172,0.0,1796.3136,1866.5391,8.751055494987071,True,True,True,17.244131821700993,18.713223744483077,2026-08-24,1922.73,99036710.0,6.63408,480330,8184.35,E-commerce & Internet Retail,0000-00-00,XLY,C. Cyclical,48,18,96.0734,10,60464,33.22,18.25,19.97,47.62,923544900.9,True,True,79.01639344262294,,True,False,False,other,False,False,21.96428571428571,33.17460317460318,305,270,,,,,False,False,local RR rank >10; opposite put-wing rank >=70
MGM,2026-08-24,43.77,0.701621,32.5306,3.57151,33.3506,32.5306,33.3626,0.0887683,44.8137,35.4587,31.918999999999997,36.2008,32.114,42.0383,4.281800000000004,-0.6116000000000028,2.9281000000000006,11.463099999999997,-1.2366000000000028,9.354999999999997,59.92063492063492,43.25396825396825,87.6984126984127,0.7936507936507936,86.5079365079365,23.41269841269841,0.04571428571429337,-4.971775944420321,45.94480000000001,39.1781,-4.733506294509948,True,True,False,13.423166623477577,14.892258546259662,2026-08-24,43.74,11198408.0,8.87683,2419238,4991.5,Resort & Casino Operations,0000-00-00,XLY,C. Cyclical,76,25,70.1621,9,218525,30.33,23.41,51.44,76.19,105817470.12,True,True,72.1311475409836,,True,False,False,other,False,False,28.829365079365083,33.095238095238095,305,270,,,,,False,False,local RR rank >10
MRNA,2026-08-24,139.05,0.973571,92.47710000000001,4.0,111.58300000000001,92.47710000000001,93.6315,0.0945002,143.941,114.494,97.4352,90.05499999999999,117.255,96.58670000000001,-7.380200000000002,4.9580999999999875,22.016899999999993,32.35799999999999,5.671999999999983,29.447000000000003,6.349206349206349,90.47619047619048,97.22222222222223,32.142857142857146,95.23809523809524,98.41269841269842,114.68272348309405,-17.541362746842193,69.16820000000001,49.232,101.03168797221844,True,True,True,196.3554987212276,197.82459064400967,2026-08-24,145.13,55145403.0,9.45002,22835206,127529.45,Biotechnology,0000-00-00,XLV,Healthcare,86,95,97.3571,10,843988,37.6,94.84,26.9,85.71,3314073446.7799997,True,True,99.672131147541,,False,False,False,grab,False,False,11.11111111111111,54.48412698412698,305,270,,,,,False,True,more than 5% below 20-day high
MSTR,2026-08-24,122.28,0.966788,77.7847,2.20233,85.918,77.7847,80.51,0.0421252,111.00399999999999,98.3108,83.7063,75.6117,94.78259999999999,89.5644,-8.0946,5.921599999999998,20.5261,25.085999999999984,8.864599999999982,12.69319999999999,1.1904761904761905,99.60317460317461,94.84126984126983,1.5873015873015872,98.01587301587301,88.0952380952381,25.03067484662578,0.0,100.0394,143.46020000000001,22.231840654782008,False,False,True,-23.65134865134865,-22.182256728566564,2026-08-24,119.25,48579601.0,4.21252,20324217,437998.85,Application Software,0000-00-00,XLK,Technology,90,79,96.6788,9,2595783,54.13,79.37,94.85,90.48,2423662877.25,True,True,13.442622950819672,,False,False,False,grab,False,True,10.13888888888889,54.38492063492064,305,270,,,,,True,True,passed original surface
NVDA,2026-08-24,208.45,0.983244,33.9068,2.82545,54.020900000000005,41.247,39.6124,0.00550423,58.5653,44.4375,33.9899,35.0574,58.3492,51.8027,1.0675000000000026,0.08310000000000173,3.1905,4.544399999999996,4.328299999999999,14.1278,9.523809523809524,90.07936507936508,86.11111111111111,1.1904761904761905,94.44444444444444,89.28571428571429,-7.585564816456825,-7.6306110692604285,207.6122,195.3387,0.40354083237881255,False,True,True,-3.257994152318189,-1.7889022295361046,2026-08-24,214.72,5048867450.0,0.55042,115900535,3119183.3,Semiconductors,0000-00-00,XLK,Technology,52,21,98.3244,0,13516184,16.67,13.1,29.4,42.86,24886162875.2,True,True,34.42622950819672,,False,False,False,other,True,False,11.4484126984127,3.3333333333333357,305,270,,,,,False,False,five-day return <=0; IVR outside 30–70; more than 5% below 20-day high; near-front earnings flag
RBLX,2026-08-24,38.64,0.909532,58.39339999999999,3.81338,60.893299999999996,58.39339999999999,67.9866,0.0682984,70.296,63.90369999999999,59.975199999999994,57.516400000000004,60.968,58.2094,-2.4587999999999894,1.5818000000000012,5.510300000000001,9.40270000000001,0.0747000000000071,6.392300000000013,2.7777777777777777,90.47619047619048,91.26984126984127,4.365079365079365,76.98412698412699,40.87301587301587,2.602230483271395,-22.37846524708719,46.6392,62.7474,-17.151237585550362,False,False,False,-19.717431955121544,-18.24834003233946,2026-08-24,38.37,27603486.0,6.82984,15875533,33665.55,Gaming & Interactive Media,0000-00-00,XLC,Comm,14,40,90.9532,9,393115,33.71,40.48,8.34,19.05,609144201.2099999,True,True,15.081967213114755,,False,False,False,grab,False,False,10.753968253968255,52.976190476190474,305,270,,,,,False,True,more than 5% below 20-day high
S,2026-08-24,20.94,0.850536,56.667,2.70671,99.71900000000001,67.8875,59.70100000000001,0.132619,116.78900000000002,74.7124,59.2506,55.6214,103.94300000000001,69.0221,-3.6291999999999973,2.583599999999997,6.8248999999999995,17.070000000000007,4.224000000000004,42.07660000000001,3.1746031746031744,82.14285714285714,85.71428571428571,27.77777777777778,97.61904761904762,96.03174603174604,-4.688211197086922,-12.09068010075567,18.7696,15.838399999999996,11.56337908106726,True,True,True,12.098501070663815,13.5675929934459,2026-08-24,21.19,7178310.0,13.26193,6594101,14476.15,Infrastructure Software,0000-00-00,XLK,Technology,43,61,85.0536,0,253386,55.23,72.62,39.69,57.14,139729000.19,True,True,69.83606557377048,,True,False,False,other,True,False,21.21031746031746,3.452380952380949,305,270,,,,,False,False,five-day return <=0; more than 5% below 20-day high; near-front earnings flag
SCHW,2026-08-24,113.47,0.932613,22.1057,1.78722,22.3471,22.1057,25.356299999999997,0.0213543,24.351300000000002,22.1513,21.731,23.136499999999998,26.9273,25.3314,1.4054999999999964,-0.37469999999999715,0.04560000000000031,2.004200000000001,4.580199999999998,2.200000000000003,4.365079365079365,93.25396825396825,88.88888888888889,11.11111111111111,58.333333333333336,13.095238095238095,2.5300442757748343,0.0,101.89479999999999,96.79435000000001,11.359951636393628,True,True,True,25.672831985823443,27.141923908605527,2026-08-24,112.3,196227723.0,2.13543,6802930,18595.55,Investment Banking & Brokerage,0000-00-00,XLF,Financials,43,16,93.2613,7,433513,21.4,16.27,34.65,42.86,763969039.0,True,True,86.55737704918033,,True,False,False,,False,False,20.773809523809526,26.805555555555557,305,270,,,,,False,False,kink rank <70; IVR outside 30–70
STX,2026-08-24,796.1,0.989716,68.9793,3.29947,72.92309999999999,68.9793,75.2456,0.059463,80.1069,74.4388,69.77170000000001,69.5249,78.5829,74.1336,-0.24680000000000746,0.7924000000000149,5.459500000000006,7.183800000000005,5.659800000000004,5.6680999999999955,9.126984126984127,88.4920634920635,92.46031746031746,17.063492063492063,68.25396825396825,46.03174603174603,-20.01808409102326,-20.01808409102326,890.1125999999999,568.3604,-10.561877227667594,True,True,False,-1.8529705472612235,-0.38387862447913923,2026-08-24,850.0,180431701.0,5.9463,5239047,29304.65,Computer Hardware Manufacturing,0000-00-00,XLK,Technology,5,44,98.9716,9,249938,49.83,43.65,0.0,4.76,4453189950.0,True,True,37.704918032786885,,False,False,False,,False,False,11.488095238095237,27.658730158730158,305,270,,,,,False,False,kink rank <70; five-day return <=0; more than 5% below 20-day high
ABBV,2026-08-25,265.74,0.906381,24.4468,3.7541,25.3106,24.4468,28.4973,0.0274038,27.416,24.6559,24.2244,25.657999999999998,28.367700000000003,29.663899999999998,1.4335999999999984,-0.22240000000000038,0.2090999999999994,2.1053999999999995,3.057100000000002,2.7601000000000013,9.920634920634921,86.9047619047619,89.28571428571429,17.46031746031746,79.36507936507937,38.095238095238095,3.0559218180407965,-0.3599550056242906,249.5164,227.07625,6.502017502657131,True,True,True,25.01293691489863,27.849466820302005,2026-08-25,264.52,470030914.0,2.74038,5347804,17045.8,Major Pharmaceuticals,0000-00-00,XLV,Healthcare,43,44,90.6381,9,255774,40.77,42.06,28.39,42.86,1414601114.08,True,True,85.57377049180329,,True,False,False,grab,False,True,21.6468253968254,52.8968253968254,305,271,,,,,True,True,passed original surface
ACN,2026-08-25,187.57,0.923597,43.8,3.03335,46.159299999999995,43.8,48.9144,0.057028,52.473099999999995,46.852700000000006,43.6243,44.5292,53.7086,48.5696,0.9049000000000049,-0.17569999999999908,3.0527000000000086,6.3138000000000005,7.549300000000002,5.620399999999989,19.047619047619047,69.44444444444444,88.0952380952381,70.23809523809524,80.95238095238095,62.698412698412696,7.755500660653758,0.0,154.24099999999999,205.29644999999996,21.608392061773472,False,False,True,5.400089907844441,8.236619813247813,2026-08-25,186.53,114781981.0,5.7028,6496563,10438.25,IT Services & Consulting,0000-00-00,XLK,Technology,29,74,92.3597,5,213010,73.99,73.81,9.89,28.57,1211803896.39,True,True,56.0655737704918,,False,False,False,other,False,False,13.432539682539684,32.85714285714286,305,271,,,,,False,False,local RR rank >10; opposite put-wing rank >=70; IVR outside 30–70
ALAB,2026-08-25,281.15,0.965578,80.7718,2.83034,84.8116,80.7718,85.9829,0.0681016,93.5745,87.1075,81.8354,80.528,87.99249999999999,84.02340000000001,-1.3074000000000012,1.063600000000008,6.335700000000003,8.762900000000002,3.180899999999994,6.466999999999999,15.079365079365079,75.0,85.71428571428571,4.761904761904762,74.2063492063492,34.92063492063492,-6.445494476241187,-22.682396941946493,347.8294,219.76025,-19.170144904369803,False,True,False,-12.203728570090256,-9.367198664686882,2026-08-25,277.53,48775337.0,6.81016,4685134,23764.75,Semiconductors,0000-00-00,XLK,Technology,5,33,96.5578,10,225142,28.07,32.14,0.0,4.76,1300265239.02,True,True,20.983606557377048,,False,False,False,other,False,False,12.757936507936506,32.28174603174603,305,271,,,,,False,False,local RR rank >10; five-day return <=0; IVR outside 30–70; more than 5% below 20-day high
AMAT,2026-08-25,479.25,0.989519,53.8022,2.66416,54.706900000000005,53.8022,59.5878,0.0490953,62.21600000000001,62.9309,55.3177,53.5339,61.18789999999999,58.375600000000006,-1.7837999999999994,1.515500000000003,9.128700000000002,7.509100000000004,6.480999999999987,-0.714899999999993,2.7777777777777777,96.42857142857143,95.23809523809524,16.666666666666668,24.603174603174605,47.22222222222222,-6.354417023272174,-12.70650807817708,558.3928000000001,397.94665000000003,-14.173320286364731,True,True,False,5.350508891868722,8.187038797272095,2026-08-25,484.19,380391010.0,4.90953,8069799,54842.95,Semiconductor Equipment & Materials Manufacturing,0000-00-00,XLK,Technology,10,63,98.9519,11,516543,41.68,63.89,0.34,9.52,3907315977.81,True,True,55.40983606557377,,True,False,False,,False,False,20.45634920634921,25.753968253968257,305,271,,,,,False,False,kink rank <70; five-day return <=0; more than 5% below 20-day high
AVGO,2026-08-25,355.93,0.984363,40.5785,3.05514,61.1134,50.6618,45.8825,0.0152122,67.5133,55.497,42.1511,39.655499999999996,62.424400000000006,52.11789999999999,-2.495600000000003,1.5726000000000013,4.8352,6.399900000000002,1.311000000000007,12.016300000000001,1.9841269841269842,98.01587301587301,93.25396825396825,1.5873015873015872,88.4920634920635,88.0952380952381,-6.129176886357046,-16.367865786320156,387.9993999999999,369.17305,-8.26532205977636,False,False,False,-15.867725618115635,-13.031195712712261,2026-08-25,358.76,1673564607.0,1.52122,19796026,229364.95,Semiconductors,0000-00-00,XLK,Technology,19,8,98.4363,1,2097002,16.89,6.35,6.23,9.52,7102022287.76,True,True,18.688524590163937,,False,False,False,other,True,False,10.297619047619047,3.75,305,271,,,,,False,False,five-day return <=0; IVR outside 30–70; more than 5% below 20-day high; near-front earnings flag
CAT,2026-08-25,812.36,0.987678,37.9564,3.12667,38.9071,37.9564,41.9065,0.0359688,42.1192,40.3759,38.2084,37.978,42.0794,40.7557,-0.23039999999999594,0.25199999999999534,2.4194999999999993,3.2120999999999995,3.1723,1.7432999999999979,0.3968253968253968,99.60317460317461,94.44444444444444,9.523809523809524,50.3968253968254,55.15873015873016,-3.5556980209186517,-8.248342538316445,902.0496,763.5047999999999,-9.942867886643935,False,True,False,-10.483746556473827,-7.647216651070454,2026-08-25,811.02,382065076.0,3.59688,3119200,35044.6,Farm & Construction Equipment,0000-00-00,XLI,Industrials,29,63,98.7678,9,273036,54.0,63.49,13.02,28.57,2529733584.0,True,True,23.278688524590162,,False,False,False,,False,False,10.05952380952381,26.96428571428571,305,271,,,,,False,False,kink rank <70; five-day return <=0; more than 5% below 20-day high
CPNG,2026-08-25,16.7,0.874719,43.5579,3.28768,44.3088,43.5579,49.4346,0.0493813,52.708999999999996,47.7586,44.1747,44.813900000000004,53.881299999999996,47.4053,0.6392000000000024,0.6168000000000049,4.200700000000005,8.400199999999998,9.572499999999998,4.950399999999995,8.333333333333334,82.14285714285714,85.71428571428571,46.03174603174603,73.01587301587301,42.06349206349206,6.505102040816313,-1.0663507109004766,16.9676,19.8169,-1.577123458827423,True,False,False,7.4646074646074645,10.301137370010839,2026-08-25,16.44,30018445.0,4.93813,17797322,25067.9,E-commerce & Internet Retail,0000-00-00,XLY,C. Cyclical,33,44,87.4719,10,629253,47.73,44.44,10.99,33.33,292587973.68,True,True,60.983606557377044,,False,False,False,grab,False,True,11.726190476190478,52.22222222222222,305,271,,,,,True,True,passed original surface
CSCO,2026-08-25,110.72,0.940304,29.046100000000003,4.0,29.734899999999996,29.046100000000003,36.5174,0.0252732,33.8279,31.203500000000002,29.261,29.908099999999997,31.651699999999998,31.322,0.6470999999999982,0.21489999999999654,2.157399999999999,4.0930000000000035,1.916800000000002,2.624399999999998,12.301587301587302,85.71428571428571,85.31746031746032,5.158730158730159,72.61904761904762,54.36507936507937,-0.8151930484636694,-10.311867152693399,115.8832,93.3337,-4.45552073121902,False,True,False,-6.454883406556267,-3.6183535011528933,2026-08-25,110.23,436395646.0,2.52732,22415280,79814.8,Communications Equipment Manufacturing,0000-00-00,XLK,Technology,19,67,94.0304,11,1003765,46.13,67.46,1.53,19.05,2470836314.4,True,True,30.16393442622951,,False,False,False,other,False,False,11.944444444444446,32.16269841269841,305,271,,,,,False,False,local RR rank >10; five-day return <=0; more than 5% below 20-day high
GNRC,2026-08-25,202.15,0.868339,46.2748,3.76894,48.3353,46.2748,54.414300000000004,0.0718734,66.12259999999999,50.1934,46.893,47.248200000000004,58.88719999999999,50.566199999999995,0.3552000000000035,0.6182000000000016,3.918599999999998,17.787299999999995,10.551899999999996,15.929199999999994,13.095238095238095,87.6984126984127,98.01587301587301,68.25396825396825,86.5079365079365,48.41269841269841,-5.356055995130859,-8.711163294797686,231.1026,207.0268,-12.528028676440673,False,False,False,-26.565678581807607,-23.729148676404233,2026-08-25,203.56,11928136.0,7.18734,1190528,2852.9,Specialized Industrial Equipment,0000-00-00,XLI,Industrials,5,52,86.8339,9,48367,48.7,51.98,0.0,4.76,242343879.68,True,True,11.80327868852459,,False,False,False,other,False,False,11.924603174603176,34.12698412698413,305,271,,,,,False,False,local RR rank >10; five-day return <=0; more than 5% below 20-day high
HPQ,2026-08-25,29.22,0.913661,40.584900000000005,3.63873,76.57549999999999,55.778099999999995,50.557700000000004,0.0369014,96.161,64.6064,42.4536,41.6158,81.74040000000001,58.817699999999995,-0.8378000000000014,1.868699999999997,8.828299999999999,19.58550000000001,5.164900000000017,31.554600000000008,12.301587301587302,91.66666666666667,99.2063492063492,28.96825396825397,99.2063492063492,94.44444444444444,-3.3090668431502324,-5.893719806763286,25.994799999999994,22.614099999999997,12.407096803976202,True,True,True,20.644095788604467,23.48062569400784,2026-08-25,28.58,26722353.0,3.69014,14328562,29205.05,Computer Hardware Manufacturing,0000-00-00,XLK,Technology,5,54,91.3661,0,468763,47.97,55.95,0.0,4.76,409510301.96,True,True,82.62295081967214,,True,False,False,other,True,False,21.6468253968254,4.88095238095238,305,271,,,,,False,False,local RR rank >10; five-day return <=0; more than 5% below 20-day high; near-front earnings flag
LOW,2026-08-25,214.6,0.947761,28.211399999999998,2.41806,29.575000000000003,28.211399999999998,29.1962,0.0303921,33.146300000000004,28.7192,28.2341,29.1043,31.653,31.8927,0.870199999999997,0.02270000000000394,0.5078000000000031,3.571300000000001,2.077999999999996,4.427100000000003,4.761904761904762,89.28571428571429,87.3015873015873,1.9841269841269842,81.74603174603175,53.17460317460318,-1.0649578166059714,-3.9348225077219134,215.6384,237.34885000000003,-0.48154688589787664,True,False,False,1.1405410500518354,3.9770709554552086,2026-08-25,216.98,120327731.0,3.03921,2922631,7931.5,Home Improvement Stores,0000-00-00,XLY,C. Cyclical,38,61,94.7761,12,117505,59.14,60.71,19.4,38.1,634152474.38,True,True,44.26229508196721,,False,False,False,other,False,False,11.011904761904763,32.817460317460316,305,271,,,,,False,False,five-day return <=0
LRCX,2026-08-25,313.47,0.988997,59.58409999999999,2.81676,63.7764,59.58409999999999,64.4621,0.0487915,69.1594,64.10820000000001,60.5027,60.099000000000004,67.1087,62.5282,-0.4036999999999935,0.918600000000005,4.524100000000018,5.383000000000003,3.3322999999999965,5.051199999999994,3.1746031746031744,95.63492063492063,93.25396825396825,0.7936507936507936,69.04761904761905,46.82539682539682,-3.612938933644916,-8.518648222728064,334.95779999999996,254.98014999999998,-6.4150767648939455,False,True,False,-2.938444389398054,-0.10191448399468062,2026-08-25,310.17,392251594.0,4.87915,10473920,49827.0,Semiconductor Equipment & Materials Manufacturing,0000-00-00,XLK,Technology,5,49,98.8997,8,550187,47.32,49.21,0.0,4.76,3248695766.4,True,True,37.049180327868854,,False,False,False,,False,False,10.535714285714286,27.77777777777778,305,271,,,,,False,False,kink rank <70; five-day return <=0; more than 5% below 20-day high
M,2026-08-25,22.63,0.900475,41.803000000000004,3.37666,40.2506,54.419700000000006,45.9559,0.0468851,55.1213,53.3344,40.8793,43.0878,52.89509999999999,57.418400000000005,2.208500000000001,-0.9237000000000037,-1.0853000000000037,14.8707,12.644499999999994,1.7868999999999957,23.41269841269841,26.58730158730159,95.23809523809524,58.333333333333336,55.55555555555556,12.698412698412698,-3.29059829059829,-13.62595419847329,24.067400000000003,21.47385,-5.97239419297474,True,True,False,4.914232730644397,7.75076263604777,2026-08-25,23.18,5968425.0,4.68851,4943694,8349.2,Department Store Retail,0000-00-00,XLY,C. Cyclical,10,19,90.0475,2,159082,23.09,18.65,0.64,9.52,114594826.92,True,True,54.09836065573771,,True,False,False,,True,False,26.011904761904763,-2.698412698412696,305,271,,,,,False,False,kink rank <70; local RR rank >10; five-day return <=0; IVR outside 30–70; more than 5% below 20-day high; near-front earnings flag
NVDA,2026-08-25,212.38,0.982079,35.1148,2.51996,54.0171,41.1059,39.5336,0.00701423,58.7357,43.7239,35.172599999999996,35.6443,57.3974,46.8053,0.47170000000000556,0.05779999999999319,2.618000000000002,4.718600000000002,3.3802999999999983,15.011800000000001,7.142857142857143,89.68253968253968,86.5079365079365,0.7936507936507936,96.03174603174604,89.28571428571429,-3.1863974107672055,-5.889130145788091,207.775,195.40964999999997,2.2163397906389104,False,True,True,-0.8959402706486319,1.9405896347547413,2026-08-25,208.48,5144055980.0,0.70142,116858551,3093437.85,Semiconductors,0000-00-00,XLK,Technology,52,18,98.2079,0,13982418,23.0,21.03,40.56,57.14,24362670712.48,True,True,40.32786885245901,,True,False,False,other,True,False,21.23015873015873,3.452380952380956,305,271,,,,,False,False,five-day return <=0; IVR outside 30–70; more than 5% below 20-day high; near-front earnings flag
PANW,2026-08-25,340.75,0.989492,51.8409,2.67642,80.0894,61.783,57.129200000000004,0.0537348,87.9173,66.9859,52.249100000000006,52.98349999999999,82.9888,64.7394,0.7343999999999866,0.4082000000000079,5.2029,7.8279,2.8994,20.931399999999996,13.492063492063492,88.88888888888889,95.63492063492063,4.365079365079365,96.03174603174604,97.61904761904762,-9.012016021361813,-13.464712903471565,338.0242,227.15765,0.8063919683857002,True,True,True,32.14535019002558,34.981880095428956,2026-08-25,350.9,276348250.0,5.37348,5640357,28655.15,Infrastructure Software,0000-00-00,XLK,Technology,29,85,98.9492,1,546507,71.79,85.32,24.0,33.33,1979201271.3,True,True,91.14754098360656,,True,False,False,other,True,False,21.904761904761905,4.365079365079367,305,271,,,,,False,False,local RR rank >10; five-day return <=0; IVR outside 30–70; more than 5% below 20-day high; near-front earnings flag
TEVA,2026-08-25,37.93,0.877379,31.630399999999998,2.9984,33.1469,31.630399999999998,34.4717,0.0500905,43.5711,34.8657,32.3309,33.684799999999996,43.6512,38.4306,1.3538999999999959,0.7005000000000017,3.2352999999999987,10.424199999999999,10.5043,8.705400000000004,23.015873015873016,71.03174603174604,86.9047619047619,48.01587301587302,82.93650793650794,21.825396825396826,3.832466465918416,0.0,33.966800000000006,32.0798,11.667863914175003,True,True,True,9.088294506758698,11.92482441216207,2026-08-25,36.93,44199680.0,5.00905,5965039,9699.55,Specialty & Generic Pharmaceuticals,0000-00-00,XLV,Healthcare,19,4,87.7379,10,383927,5.33,3.97,3.23,14.29,220288890.27,True,True,66.22950819672131,,True,False,False,other,False,False,23.75,32.83730158730159,305,271,,,,,False,False,local RR rank >10; IVR outside 30–70
TFC,2026-08-25,50.49,0.531055,22.8791,2.49893,22.8735,23.3282,25.630999999999997,0.0198275,23.2506,23.5977,22.3384,24.7794,28.696899999999996,29.0564,2.440999999999999,-0.5407000000000011,0.26950000000000074,0.37709999999999866,5.823399999999996,-0.3471000000000011,1.9841269841269842,98.01587301587301,90.47619047619048,14.285714285714286,9.523809523809524,17.46031746031746,-3.993154592127779,-4.968944099378881,51.3042,49.451800000000006,-1.587004572725037,True,True,False,4.017305315203967,6.8538352206073405,2026-08-25,50.81,61679897.0,1.98275,6349101,4042.25,Regional Banking,0000-00-00,XLF,Financials,24,19,53.1055,7,152240,19.27,19.05,23.62,23.81,322597821.81,True,True,52.131147540983605,,True,False,False,,False,False,20.29761904761905,24.523809523809522,305,271,,,,,False,False,kink rank <70; five-day return <=0; IVR outside 30–70
TOST,2026-08-25,36.61,0.929968,38.9395,3.67911,39.6706,38.9395,46.5605,0.0342807,46.695,43.6444,39.8624,40.3221,44.101099999999995,44.5979,0.459699999999998,0.9228999999999985,4.704899999999995,7.0244,4.430499999999995,3.050600000000003,3.5714285714285716,94.84126984126983,94.44444444444444,10.317460317460318,62.698412698412696,9.920634920634921,4.124004550625715,-0.1908396946564861,30.8274,30.21015,18.757988023641303,True,True,True,57.05705705705706,59.89358696246043,2026-08-25,36.71,21233800.0,3.42807,9847594,14324.9,Infrastructure Software,0000-00-00,XLF,Financials,29,7,92.9968,10,308590,14.7,8.73,10.4,42.86,361505175.74,True,True,98.0327868852459,,False,False,False,,False,False,10.615079365079366,27.57936507936508,305,271,,,,,False,False,kink rank <70; IVR outside 30–70
ABT,2026-08-26,114.27,0.834764,23.9281,2.22101,25.2971,23.9281,27.498099999999997,0.0281267,28.3082,27.859299999999998,24.0616,25.409100000000002,35.2839,27.059499999999996,1.3475000000000037,0.13349999999999795,3.931199999999997,3.011099999999999,9.986800000000002,0.44890000000000185,7.142857142857143,94.44444444444444,94.44444444444444,89.68253968253968,51.19047619047619,52.77777777777778,-0.02624671916010568,-1.87204808930872,101.4894,106.9418,12.593039273066942,True,True,True,33.18181818181818,35.683633573600275,2026-08-26,116.13,197730899.0,2.81267,8171726,10152.45,Medical Device Manufacturing,0000-00-00,XLV,Healthcare,24,56,83.4764,7,217020,46.71,55.16,18.35,19.05,948982540.38,True,True,90.19607843137256,,True,False,False,,False,False,20.992063492063494,27.003968253968253,306,271,,,,,False,False,kink rank <70; opposite put-wing rank >=70; five-day return <=0
AFRM,2026-08-26,76.48,0.891866,53.398,3.2203,96.2806,68.8651,63.8729,0.0815502,103.127,72.21459999999999,53.2563,54.697300000000006,99.2522,71.6118,1.4410000000000025,-0.14170000000000016,3.349499999999992,6.8463999999999885,2.971599999999995,30.912400000000005,11.11111111111111,86.11111111111111,96.03174603174604,8.333333333333334,91.26984126984127,87.3015873015873,-1.0608020698576914,-3.3489194995576788,77.125,66.49505,-0.8363047001620716,True,True,False,9.727403156384495,12.229218548166587,2026-08-26,77.95,25613042.0,8.15502,2850228,11270.2,Credit & Lending Services,0000-00-00,XLI,Industrials,38,13,89.1866,0,212131,21.09,12.7,47.97,38.1,222175272.6,True,True,68.30065359477125,,True,False,False,other,True,False,21.805555555555557,4.166666666666671,306,271,,,,,False,False,local RR rank >10; five-day return <=0; IVR outside 30–70; near-front earnings flag
AMAT,2026-08-26,479.2,0.981513,54.14639999999999,2.46075,55.578799999999994,54.14639999999999,58.808400000000006,0.0512508,61.5864,61.492999999999995,54.8353,54.03980000000001,60.5425,57.8155,-0.7954999999999899,0.6889000000000038,7.346600000000002,6.007600000000004,4.963700000000003,0.09340000000000259,5.555555555555555,87.3015873015873,92.46031746031746,10.714285714285714,31.746031746031747,49.20634920634921,-3.396834996472131,-12.715615380412014,556.2646,399.1689,-13.853946485179891,True,True,False,6.721304173533471,9.223119565315564,2026-08-26,480.04,380351324.0,5.12508,7932853,53859.65,Semiconductor Equipment & Materials Manufacturing,0000-00-00,XLK,Technology,5,59,98.1513,11,527041,40.86,58.73,0.0,4.76,3808086754.1200004,True,True,61.76470588235294,,True,False,False,,False,False,21.19047619047619,25.833333333333336,306,271,,,,,False,False,kink rank <70; five-day return <=0; more than 5% below 20-day high
AMGN,2026-08-26,441.11,0.920445,30.421300000000002,2.87644,30.770599999999998,30.421300000000002,31.7651,0.0456955,39.742,30.317899999999998,29.6229,31.44,32.0835,32.7662,1.8171,-0.7984000000000009,-0.10340000000000416,8.9714,1.3129000000000026,9.4241,38.095238095238095,44.04761904761905,98.41269841269842,8.73015873015873,91.66666666666667,76.98412698412699,-0.36141040410200276,-0.8541053246724051,383.95480000000003,354.70399999999995,14.88591886336621,True,True,True,30.92814104657029,33.42995643835238,2026-08-26,442.24,238478184.0,4.56955,2713129,12612.4,Major Pharmaceuticals,0000-00-00,XLV,Healthcare,71,93,92.0445,9,139526,82.07,92.86,80.34,71.43,1199854168.96,True,True,89.2156862745098,,True,False,False,other,False,False,26.607142857142858,34.42460317460318,306,271,,,,,False,False,local RR rank >10; five-day return <=0; IVR outside 30–70
APP,2026-08-26,309.52,0.98625,53.567600000000006,4.0,53.0334,53.567600000000006,64.9059,0.0322687,59.8126,58.0912,53.9644,53.5194,52.7738,56.152100000000004,-0.4450000000000003,0.3967999999999918,4.523599999999995,6.779200000000003,-0.25959999999999894,1.7214000000000027,5.158730158730159,88.4920634920635,88.4920634920635,0.7936507936507936,48.80952380952381,9.126984126984127,-1.3293378813478363,-26.07948032097823,415.781,495.21035000000006,-25.556963882428498,False,False,False,-44.95954476749356,-42.457729375711466,2026-08-26,310.54,103581029.0,3.22687,7111532,45106.15,Advertising & Marketing Services,0000-00-00,XLK,Technology,5,8,98.625,10,353626,9.97,8.33,0.0,4.76,2208415147.28,True,True,2.6143790849673203,,False,False,False,,False,False,11.091269841269842,26.289682539682538,306,271,,,,,False,False,kink rank <70; five-day return <=0; IVR outside 30–70; more than 5% below 20-day high
AVGO,2026-08-26,354.52,0.98443,43.6436,2.61555,71.6169,51.3629,45.9919,0.0216985,81.586,56.71770000000001,46.0088,42.7755,73.2519,52.641400000000004,-3.2333,2.3652000000000015,5.3548000000000044,9.969099999999997,1.6350000000000051,24.86829999999999,1.9841269841269842,98.01587301587301,96.82539682539682,1.9841269841269842,98.80952380952381,94.84126984126983,-2.3656743135688996,-16.699170563218125,387.20340000000004,369.165,-8.440886624445977,False,False,False,-16.38482039670748,-13.883005004925387,2026-08-26,356.74,1666934859.0,2.16985,19771324,237427.1,Semiconductors,0000-00-00,XLK,Technology,14,7,98.443,1,2165962,20.27,9.92,10.82,28.57,7053222123.76,True,True,19.28104575163399,,False,False,False,other,True,False,10.297619047619047,4.6230158730158735,306,271,,,,,False,False,five-day return <=0; IVR outside 30–70; more than 5% below 20-day high; near-front earnings flag
CEG,2026-08-26,279.93,0.925983,41.1268,2.73971,41.580099999999995,41.1268,44.6002,0.0432086,46.218399999999995,43.998,41.198299999999996,41.687000000000005,47.855799999999995,48.9235,0.48870000000000857,0.07149999999999324,2.8711999999999946,4.638300000000001,6.2757000000000005,2.220399999999998,19.444444444444443,74.60317460317461,86.5079365079365,47.22222222222222,55.95238095238095,9.126984126984127,2.628684557853056,-1.3497321680293162,264.6134,298.7144,5.788293412200596,True,False,True,-3.4124629080118596,-0.9106475162297678,2026-08-26,278.42,99181265.0,4.32086,2729052,8854.65,Independent Power Production,0000-00-00,XLU,Utilities,29,6,92.5983,10,207307,10.08,6.35,22.9,28.57,759822657.84,True,True,37.58169934640523,,False,False,False,,False,False,13.214285714285712,26.4484126984127,306,271,,,,,False,False,kink rank <70; local RR rank >10; IVR outside 30–70
CPNG,2026-08-26,16.59,0.864749,42.8763,3.28052,43.704,42.8763,49.491,0.0576117,52.0429,46.6727,43.362899999999996,44.4758,54.2207,48.4437,1.1129000000000033,0.4865999999999957,3.7963999999999984,8.338900000000002,10.5167,5.370200000000004,15.476190476190476,79.76190476190476,85.31746031746032,51.98412698412698,73.80952380952381,40.07936507936508,-0.6586826347305341,-1.7180094786729772,16.958399999999997,19.75455,-2.1723747523351156,True,False,False,0.24169184290030454,2.7435072346823963,2026-08-26,16.69,29820719.0,5.76117,17595420,24351.4,E-commerce & Internet Retail,0000-00-00,XLY,C. Cyclical,29,43,86.4749,9,634968,46.56,42.86,8.12,28.57,293667559.8,True,True,44.11764705882353,,False,False,False,other,False,False,12.55952380952381,32.22222222222222,306,271,,,,,False,False,local RR rank >10; five-day return <=0
CVNA,2026-08-26,73.54,0.953862,54.964400000000005,2.98737,55.4305,54.964400000000005,63.48740000000001,0.032069,58.3371,56.2433,53.5044,57.170100000000005,63.8822,65.3554,3.665700000000008,-1.460000000000008,1.278899999999993,2.9065999999999974,8.451699999999995,2.0938000000000017,5.555555555555555,88.88888888888889,91.26984126984127,10.317460317460318,43.65079365079365,25.0,4.3860894251241955,-2.9687293838237205,67.6878,259.966,8.645871190967958,True,False,True,1.0442429238801898,3.5460583156622816,2026-08-26,75.77,80859069.0,3.2069,11181540,62675.95,Auto Dealerships,0000-00-00,XLY,C. Cyclical,24,25,95.3862,9,1029777,23.17,24.21,19.37,23.81,847225285.8,True,True,45.42483660130719,,False,False,False,,False,False,11.11111111111111,26.30952380952381,306,271,,,,,False,False,kink rank <70; IVR outside 30–70
DOCU,2026-08-26,59.59,0.847745,50.3905,3.16291,92.927,63.8926,56.213100000000004,0.0926703,103.00800000000001,82.4512,51.833600000000004,51.10170000000001,99.406,67.05069999999999,-0.731899999999996,1.4431000000000012,18.5586,10.081000000000003,6.478999999999999,20.55680000000001,6.349206349206349,90.87301587301587,88.88888888888889,40.07936507936508,87.6984126984127,92.46031746031746,-4.288467716029542,-6.525490196078421,52.5974,53.75860000000001,13.294573496028317,True,True,True,23.17073170731707,25.672547099099162,2026-08-26,60.54,11577824.0,9.26703,2926467,7038.95,Application Software,0000-00-00,XLK,Technology,5,42,84.7745,1,146372,46.44,50.79,10.0,14.29,177168312.18,True,True,85.29411764705883,,True,False,False,other,True,False,21.091269841269842,3.2738095238095255,306,271,,,,,False,False,five-day return <=0; more than 5% below 20-day high; near-front earnings flag
GM,2026-08-26,86.38,0.893906,30.8456,3.21776,30.4514,30.8456,33.561099999999996,0.0288688,35.2665,33.566,31.172499999999996,31.6246,36.9291,32.9167,0.45210000000000505,0.32689999999999486,2.7204000000000015,4.815100000000001,6.477699999999999,1.7004999999999981,1.9841269841269842,92.06349206349206,94.84126984126983,37.698412698412696,62.698412698412696,33.73015873015873,2.0075578649031423,-3.085380904297097,82.404,79.32505,4.825008494733263,True,True,True,3.0172927847346376,5.519108176516729,2026-08-26,85.81,78126524.0,2.88688,5415853,13566.95,Automobile Manufacturing,0000-00-00,XLY,C. Cyclical,33,40,89.3906,7,332906,40.17,40.87,27.32,33.33,464734345.93,True,True,52.614379084967325,,True,False,False,,False,False,20.595238095238095,27.61904761904762,306,271,,,,,False,False,kink rank <70
GS,2026-08-26,1040.35,0.986137,30.516,1.97102,30.2676,30.516,32.865,0.026241,33.3252,32.5313,30.228500000000004,31.298399999999997,33.9525,34.8146,1.0698999999999934,-0.2874999999999943,2.0153000000000034,3.0576000000000008,3.684899999999999,0.7939000000000007,2.380952380952381,96.03174603174604,98.01587301587301,5.555555555555555,38.095238095238095,39.285714285714285,1.973103840348145,-2.4629202527610583,1052.7703999999999,940.4732,-1.1797824102957266,True,True,False,4.5788098110172815,7.080625202799373,2026-08-26,1058.88,306896948.0,2.6241,1981080,35567.05,Investment Banking & Brokerage,0000-00-00,XLF,Financials,43,61,98.6137,6,455839,41.05,60.71,18.98,42.86,2097725990.4000003,True,True,56.86274509803921,,True,False,False,,False,False,20.436507936507937,26.706349206349206,306,271,,,,,False,False,kink rank <70
LRCX,2026-08-26,312.88,0.985599,59.819599999999994,2.59539,63.117599999999996,59.819599999999994,64.3633,0.0505918,68.3803,64.7925,60.30140000000001,60.1734,65.0219,61.26200000000001,-0.12800000000000722,0.481800000000014,4.97290000000001,5.2627000000000095,1.9043000000000063,3.5878000000000014,4.365079365079365,91.26984126984127,91.66666666666667,0.3968253968253968,60.714285714285715,45.23809523809524,1.5020275750202705,-8.69083056090586,333.44759999999997,255.72834999999998,-6.16816555284847,False,True,False,-2.3744890636213323,0.1273263281607595,2026-08-26,314.66,391513314.0,5.05918,10041185,47000.7,Semiconductor Equipment & Materials Manufacturing,0000-00-00,XLK,Technology,5,46,98.5599,8,555142,46.72,46.43,0.0,4.76,3159559272.1000004,True,True,40.849673202614376,,True,False,False,,False,False,20.873015873015873,27.202380952380953,306,271,,,,,False,False,kink rank <70; more than 5% below 20-day high
LVS,2026-08-26,46.36,0.869926,28.238400000000002,4.0,29.1927,28.238400000000002,33.508500000000005,0.0399674,37.4812,30.723499999999998,28.410000000000004,30.1405,37.9958,33.9949,1.7304999999999957,0.17160000000000153,2.4850999999999956,8.288500000000003,8.803100000000004,6.757700000000003,7.142857142857143,86.9047619047619,87.6984126984127,30.555555555555557,80.15873015873017,11.904761904761905,-0.15076459185870972,-6.607574536663985,46.58340000000001,54.9766,-0.4795699755707261,False,False,False,-9.417741305197346,-6.915925913415254,2026-08-26,47.27,30027427.0,3.99674,4709706,6026.7,Resort & Casino Operations,0000-00-00,XLY,C. Cyclical,29,4,86.9926,8,148895,2.57,3.97,6.55,28.57,222627802.62,True,True,25.816993464052292,,False,False,False,other,False,False,11.369047619047619,32.77777777777778,306,271,,,,,False,False,five-day return <=0; IVR outside 30–70; more than 5% below 20-day high
NEM,2026-08-26,131.92,0.876146,43.1382,2.65956,46.3397,43.1382,46.8649,0.0380859,55.373000000000005,52.8074,45.089,41.8358,45.0057,46.1235,-3.2531999999999996,1.950800000000001,9.669200000000004,9.033300000000004,-1.3340000000000032,2.5656000000000034,0.3968253968253968,97.61904761904762,94.44444444444444,1.1904761904761905,60.714285714285715,48.01587301587302,5.908798972382767,-2.12197655438493,103.37559999999999,107.10844999999999,27.612318574209006,True,True,True,22.945013979496732,25.446829371278824,2026-08-26,135.14,139003084.0,3.80859,7512754,26457.8,Gold,0000-00-00,XLB,Materials,76,43,87.6146,8,551887,44.63,43.25,38.16,76.19,1015273575.56,True,True,84.31372549019608,,False,False,False,,False,False,10.158730158730158,27.480158730158728,306,271,,,,,False,False,kink rank <70
NVAX,2026-08-26,9.21,0.559049,77.45490000000001,1.0,80.17450000000001,77.45490000000001,73.1747,0.150184,124.56400000000001,99.7776,81.4137,80.5154,78.82900000000001,86.09440000000001,-0.8983000000000061,3.9587999999999965,22.322699999999998,44.3895,-1.3455000000000013,24.7864,78.17460317460318,35.317460317460316,94.44444444444444,31.349206349206348,89.28571428571429,64.68253968253968,5.862068965517264,-2.6427061310782207,8.4656,8.46235,8.793233793233801,False,True,True,-17.547000895255138,-15.045185503473046,2026-08-26,9.44,1519150.0,15.01837,4286725,10425.6,Biotechnology,0000-00-00,XLV,Healthcare,62,35,55.9049,10,216452,38.82,34.92,61.93,61.9,40466684.0,True,True,17.973856209150327,,False,False,False,other,False,False,21.0515873015873,33.90873015873016,306,271,,,,,False,False,local RR rank >10
NVDA,2026-08-26,209.6,0.981948,36.0008,2.35985,54.6396,41.3385,39.4928,0.00650065,62.3556,43.9214,36.0255,36.4959,64.59949999999999,47.0738,0.47039999999999793,0.02470000000000283,2.582899999999995,7.716000000000001,9.95989999999999,18.434200000000004,7.142857142857143,88.4920634920635,94.04761904761905,23.80952380952381,98.01587301587301,90.47619047619048,-4.068836102338791,-7.121017414809227,207.7348,195.51635,0.8978755605704825,True,True,True,-1.6562661286538716,0.8455492631282202,2026-08-26,213.05,5076721600.0,0.65007,115288347,3023762.3,Semiconductors,0000-00-00,XLK,Technology,57,20,98.1948,13,14525230,27.35,28.17,48.23,66.67,24562182328.350002,True,True,42.15686274509804,,True,False,False,other,False,False,21.28968253968254,34.30555555555556,306,271,,,,,False,False,five-day return <=0; IVR outside 30–70; more than 5% below 20-day high
PANW,2026-08-26,339.23,0.986128,56.3926,2.1901,84.89229999999999,63.25229999999999,57.642700000000005,0.0466419,89.1582,65.202,55.8608,57.1511,88.8543,66.3682,1.290300000000002,-0.531800000000004,1.949700000000007,4.265900000000002,3.9620000000000033,23.956199999999995,26.984126984126984,44.04761904761905,85.31746031746032,11.507936507936508,97.22222222222223,98.80952380952381,-5.451656958109197,-13.850725042537515,339.12019999999995,227.79309999999998,0.032377900225366574,True,True,True,36.57152059261646,39.073335984398554,2026-08-26,339.9,275115530.0,4.66419,5616765,28949.25,Infrastructure Software,0000-00-00,XLK,Technology,52,87,98.6128,0,557651,80.6,88.89,51.92,61.9,1909138423.4999998,True,True,91.83006535947712,,True,False,False,other,True,False,25.496031746031747,3.392857142857146,306,271,,,,,False,False,local RR rank >10; five-day return <=0; IVR outside 30–70; more than 5% below 20-day high; near-front earnings flag
TOST,2026-08-26,37.05,0.933184,39.1509,3.62261,40.1861,39.1509,46.5615,0.0358247,45.6174,39.5158,39.2802,39.8076,47.138600000000004,43.7857,0.5274000000000001,0.12930000000000064,0.36489999999999867,5.4313,6.952500000000001,6.101600000000005,4.365079365079365,80.55555555555556,87.6984126984127,32.93650793650794,78.96825396825396,11.904761904761905,5.1362088535754635,0.0,31.0658,30.21165,19.262983731305795,True,True,True,51.59574468085104,54.09756007263313,2026-08-26,36.8,21489000.0,3.58247,9631222,14558.4,Infrastructure Software,0000-00-00,XLF,Financials,43,8,93.3184,9,310116,14.28,7.94,10.19,42.86,354428969.59999996,True,True,97.05882352941177,,False,False,False,grab,False,False,11.408730158730158,52.71825396825396,306,271,,,,,False,True,IVR outside 30–70
TWLO,2026-08-26,227.38,0.924128,49.3286,4.0,51.8169,49.3286,59.750800000000005,0.055918,61.2294,47.9746,48.4121,50.288900000000005,61.1152,51.274,1.876800000000003,-0.9164999999999992,-1.3539999999999992,9.412500000000001,9.298300000000005,13.254799999999996,37.301587301587304,40.476190476190474,91.66666666666667,65.47619047619048,84.12698412698413,50.79365079365079,2.9894012138780734,-11.7827352085354,209.09859999999998,159.49654999999998,8.742956672115465,True,True,True,24.591780821917798,27.09359621369989,2026-08-26,223.97,34510340.0,5.5918,2572849,7494.65,Infrastructure Software,0000-00-00,XLK,Technology,29,45,92.4128,9,76599,40.62,44.84,6.73,28.57,576240990.53,True,True,85.94771241830065,,True,False,False,other,False,False,26.70634920634921,33.37301587301587,306,271,,,,,False,False,local RR rank >10; more than 5% below 20-day high
UAL,2026-08-26,115.58,0.915375,41.7126,1.36881,42.111900000000006,41.7126,45.3322,0.0389085,47.3628,47.0417,41.6414,42.4929,45.198899999999995,43.912099999999995,0.8515000000000015,-0.07120000000000459,5.329099999999997,5.250899999999994,3.086999999999989,0.3211000000000013,3.5714285714285716,92.85714285714286,86.9047619047619,4.761904761904762,30.158730158730158,13.492063492063492,-0.5506797453106227,-13.46211440551064,123.51640000000002,107.82220000000001,-6.425381568763355,True,True,False,2.537260468417313,5.039075860199405,2026-08-26,117.41,37513769.0,3.89085,3143368,13139.15,Airlines,0000-00-00,XLI,Industrials,52,19,91.5375,8,305691,16.43,18.65,28.92,52.38,369062836.88,True,True,50.326797385620914,,True,False,False,,False,False,20.714285714285715,25.198412698412696,306,271,,,,,False,False,kink rank <70; five-day return <=0; IVR outside 30–70; more than 5% below 20-day high
W,2026-08-26,104.75,0.964146,53.554500000000004,3.60865,55.336,53.554500000000004,60.6564,0.0687398,64.0805,55.22860000000001,53.6914,54.164,57.810300000000005,57.8967,0.4725999999999999,0.13689999999999714,1.6741000000000028,8.744500000000002,2.4743000000000066,8.851899999999993,8.73015873015873,79.76190476190476,90.87301587301587,10.317460317460318,79.36507936507937,12.698412698412698,-2.248973497573714,-9.377973873172419,94.48400000000001,88.46505,10.865331696371872,True,True,True,42.82792473411507,45.32974012589716,2026-08-26,104.53,13786658.0,6.87398,3630797,9863.75,E-commerce & Internet Retail,0000-00-00,XLY,C. Cyclical,33,7,96.4146,8,196427,6.31,6.75,10.98,33.33,379527210.41,True,True,94.11764705882352,,True,False,False,other,False,False,21.884920634920636,33.05555555555556,306,271,,,,,False,False,five-day return <=0; IVR outside 30–70; more than 5% below 20-day high
AMAT,2026-08-27,478.24,0.946608,51.1355,2.49361,50.315799999999996,51.1355,57.6704,0.0567549,56.7735,59.241299999999995,52.410999999999994,50.4302,55.774100000000004,56.69499999999999,-1.980799999999995,1.2754999999999939,8.105799999999995,6.457700000000003,5.458300000000008,-2.467799999999997,1.9841269841269842,95.63492063492063,92.85714285714286,11.904761904761905,12.698412698412698,34.12698412698413,-3.2940367621782207,-12.890475583322702,554.3352,400.4193,-13.727289914116946,True,True,False,6.623860165429307,8.820079298085837,2026-08-27,479.76,379589352.0,5.67549,7705964,52195.9,Semiconductor Equipment & Materials Manufacturing,0000-00-00,XLK,Technology,5,52,94.6608,11,538213,38.02,51.98,0.0,4.76,3697013288.64,True,True,66.11842105263158,,True,False,False,,False,False,20.416666666666668,24.92063492063492,304,270,,,,,False,False,kink rank <70; five-day return <=0; more than 5% below 20-day high
ANF,2026-08-27,146.0,0.875335,51.293,4.0,57.89189999999999,51.293,50.17470000000001,0.10508,75.9134,61.057300000000005,51.960300000000004,52.3185,60.9462,56.084599999999995,0.3581999999999965,0.6673000000000044,9.764300000000006,18.021500000000003,3.054300000000005,14.85609999999999,9.920634920634921,81.34920634920636,95.63492063492063,11.11111111111111,84.92063492063492,78.17460317460318,39.459356194478936,-3.2600053008216223,100.7642,94.95685000000002,44.89272975918035,True,True,True,78.0922176140522,80.28843674670873,2026-08-27,147.75,6531825.0,10.50803,1824153,9131.95,Apparel Retail Stores,0000-00-00,XLY,C. Cyclical,10,29,87.5335,12,78276,25.83,28.57,5.0,9.52,269518605.75,True,True,98.68421052631578,,False,False,False,grab,False,False,11.924603174603174,53.80952380952381,304,270,,,,,False,True,IVR outside 30–70
AVGO,2026-08-27,369.59,0.962516,45.2324,2.20344,70.16029999999999,50.7622,45.9398,0.0192026,77.0253,55.97689999999999,46.9874,44.6186,70.2758,52.1993,-2.3688000000000002,1.7550000000000026,5.2146999999999935,6.865000000000009,0.11550000000001148,21.048400000000008,2.7777777777777777,97.61904761904762,93.65079365079364,0.7936507936507936,97.61904761904762,94.04761904761905,1.3964334705075299,-13.158203905166943,387.0054,369.27865,-4.500040567909402,False,True,False,-13.418605195961309,-11.222386063304779,2026-08-27,355.59,1737793226.0,1.92026,19704247,242988.45,Semiconductors,0000-00-00,XLK,Technology,43,17,96.2516,0,2193138,35.15,25.79,31.07,57.14,7006633190.73,True,True,22.36842105263158,,False,False,False,grab,True,False,10.396825396825397,24.246031746031747,304,270,,,,,False,True,more than 5% below 20-day high; near-front earnings flag
BE,2026-08-27,217.81,0.957431,85.0341,2.99226,88.3092,85.0341,92.0851,0.042984,103.426,94.8359,87.91600000000001,83.3158,91.7043,85.77890000000001,-4.600200000000015,2.881900000000016,9.8018,15.116799999999998,3.3950999999999993,8.590100000000007,15.873015873015873,81.74603174603175,88.4920634920635,15.079365079365079,75.7936507936508,5.9523809523809526,7.3854952423211495,-8.640577156998441,238.54960000000003,188.1765,-8.694040987702357,False,True,False,-26.75208501479688,-24.55586588214035,2026-08-27,218.21,64151001.0,4.2984,15782477,113219.45,Electrical Equipment Manufacturing,0000-00-00,XLI,Industrials,5,1,95.7431,8,945924,3.27,0.79,0.0,4.76,3443894306.17,True,True,12.171052631578947,,False,False,False,other,False,False,12.500000000000002,32.638888888888886,304,270,,,,,False,False,local RR rank >10; IVR outside 30–70; more than 5% below 20-day high
BMNR,2026-08-27,25.95,0.761871,81.6328,1.0,81.4517,81.6328,84.05319999999999,0.0663885,120.488,98.5557,84.0971,80.2753,89.3448,87.0223,-3.821799999999996,2.4642999999999944,16.9229,39.0363,7.893100000000004,21.932299999999998,30.158730158730158,46.03174603174603,91.26984126984127,12.698412698412698,99.60317460317461,28.96825396825397,20.97902097902098,0.0,17.329200000000004,22.71875,49.74724742053871,True,True,True,34.87525987525988,37.07147900791641,2026-08-27,24.91,15653725.0,6.63885,36559390,146544.45,Investment Banking & Brokerage,0000-00-00,XLF,Financials,90,25,76.1871,12,1572721,16.59,25.4,70.39,90.48,910694404.9,True,True,90.78947368421053,,False,False,False,other,False,False,15.714285714285715,34.107142857142854,304,270,,,,,False,False,local RR rank >10; IVR outside 30–70
BMY,2026-08-27,67.07,0.810755,24.8526,2.90598,25.042900000000003,24.8526,29.4125,0.0305992,30.2922,27.2657,25.5253,26.0038,27.3248,29.1757,0.4784999999999968,0.6727000000000025,2.4131,5.249299999999998,2.2818999999999967,3.026500000000002,9.920634920634921,98.01587301587301,86.5079365079365,13.095238095238095,65.07936507936508,20.238095238095237,2.3032336790725916,-1.1495946941783353,61.456799999999994,57.56844999999999,9.133570247718726,True,True,True,17.481170082326123,19.677389214982654,2026-08-27,67.57,137004872.0,3.05992,11609160,26634.35,Major Pharmaceuticals,0000-00-00,XLV,Healthcare,29,34,81.0755,9,701073,29.53,33.33,9.8,28.57,784430941.1999999,True,True,78.94736842105263,,True,False,False,,False,False,21.091269841269842,26.904761904761905,304,270,,,,,False,False,kink rank <70; IVR outside 30–70
CCL,2026-08-27,24.98,0.910823,38.8407,2.32111,37.2819,38.8407,43.8977,0.0286311,44.6588,41.2107,39.1357,40.206599999999995,39.5383,42.531400000000005,1.0708999999999946,0.2950000000000017,2.3700000000000045,7.376899999999999,2.2563999999999993,3.4480999999999966,1.1904761904761905,96.82539682539682,97.22222222222223,0.7936507936507936,59.523809523809526,12.301587301587302,-1.4984227129337446,-16.342933690555927,27.5246,27.8617,-9.244820996490411,True,False,False,-10.912981455064186,-8.716762322407657,2026-08-27,25.59,34213835.0,2.86311,17275337,33099.15,Travel & Tourism Services,0000-00-00,XLY,C. Cyclical,33,22,91.0823,4,1002679,22.28,24.21,24.59,38.1,442075873.83,True,True,25.32894736842105,,False,False,False,,False,False,10.277777777777779,27.698412698412696,304,270,,,,,False,False,kink rank <70; five-day return <=0; IVR outside 30–70; more than 5% below 20-day high
CRDO,2026-08-27,236.38,0.911408,78.4163,2.61684,117.193,92.4701,87.4701,0.0930881,126.49999999999999,98.7355,80.25139999999999,78.10249999999999,114.188,95.0705,-2.1488999999999976,1.8350999999999829,6.2654,9.306999999999988,-3.0049999999999955,27.764499999999984,7.936507936507937,90.47619047619048,85.31746031746032,0.3968253968253968,95.63492063492063,82.53968253968254,2.4665135029693586,-16.951832203211183,239.5862,174.07605,-1.3382239878590663,True,True,False,5.118512918575169,7.314732051231698,2026-08-27,226.49,44079646.0,9.30881,4620082,17972.1,Semiconductors,0000-00-00,XLK,Technology,14,14,91.1408,0,189591,23.73,13.89,3.22,14.29,1046402372.1800001,True,True,60.85526315789473,,True,False,False,grab,True,False,21.269841269841272,23.313492063492063,304,270,,,,,False,True,IVR outside 30–70; more than 5% below 20-day high; near-front earnings flag
CRM,2026-08-27,254.25,0.82867,41.272999999999996,2.61213,45.9179,41.272999999999996,41.6568,0.0270469,54.8565,51.5899,42.662099999999995,40.7694,49.967600000000004,47.999399999999994,-1.8926999999999978,1.3890999999999991,10.316900000000004,8.938599999999994,4.049700000000001,3.266599999999997,2.380952380952381,97.22222222222223,94.84126984126983,20.238095238095237,61.507936507936506,58.73015873015873,23.069848492182587,0.0,179.05840000000003,200.29315000000003,41.99278000920368,True,True,True,44.50949187222917,46.7057110048857,2026-08-27,205.62,208230750.0,2.70469,11918106,88373.95,Application Software,0000-00-00,XLK,Technology,48,52,82.867,13,871900,62.73,51.59,19.29,47.62,2450600955.7200003,True,True,95.72368421052632,,False,False,False,,False,False,10.376984126984127,27.55952380952381,304,270,,,,,False,False,kink rank <70
CVNA,2026-08-27,74.42,0.912564,55.39039999999999,2.85811,54.60509999999999,55.39039999999999,64.2219,0.0561284,57.4201,56.372,54.5315,57.1857,61.3406,65.95259999999999,2.654199999999996,-0.8588999999999913,0.9816000000000074,2.815000000000005,6.735500000000009,1.048099999999998,2.380952380952381,96.82539682539682,90.47619047619048,5.9523809523809526,37.698412698412696,24.206349206349206,5.157552635297447,-1.8076263359282252,67.7746,258.81445,9.80514824137655,True,False,True,1.2241566920565994,3.420375824713129,2026-08-27,73.95,81826651.0,5.61284,10901130,57421.25,Auto Dealerships,0000-00-00,XLY,C. Cyclical,29,25,91.2564,8,1054389,25.03,25.4,27.58,33.33,806138563.5,True,True,51.31578947368421,,False,False,False,,False,False,10.396825396825395,25.932539682539684,304,270,,,,,False,False,kink rank <70; IVR outside 30–70
GAP,2026-08-27,20.82,0.704647,56.0976,2.97303,113.87799999999999,68.6338,56.117,0.0978616,128.605,79.6254,57.72350000000001,58.6535,121.554,74.5208,0.9299999999999926,1.6259000000000086,10.991600000000005,14.727000000000004,7.676000000000016,48.97959999999999,5.158730158730159,94.44444444444444,94.84126984126983,29.761904761904763,98.80952380952381,99.2063492063492,5.6852791878172715,-3.700277520814066,20.0528,23.97885,3.8258996249900257,False,False,True,-17.479191438763376,-15.282972306106846,2026-08-27,21.15,7494761.0,9.78616,5623604,12892.9,Apparel Retail Stores,0000-00-00,XLY,C. Cyclical,71,73,70.4647,13,224485,47.63,70.24,41.68,61.9,118939224.6,True,True,18.092105263157894,,False,False,False,grab,False,True,10.793650793650794,54.42460317460318,304,270,,,,,True,True,passed original surface
GS,2026-08-27,1038.65,0.945986,29.5247,1.95594,28.169100000000004,29.5247,31.7436,0.0321302,30.947000000000003,30.710500000000003,29.264200000000002,30.1416,30.558400000000002,34.337,0.877399999999998,-0.26049999999999685,1.185800000000004,2.777899999999999,2.3892999999999986,0.2364999999999995,0.7936507936507936,96.82539682539682,97.61904761904762,1.5873015873015872,28.96825396825397,26.58730158730159,3.52440470850901,-2.6223022257223616,1051.7128,941.7507500000002,-1.2420501110188997,True,True,False,3.1204702051190525,5.316689337775582,2026-08-27,1040.46,306395458.0,3.21302,1948432,34181.95,Investment Banking & Brokerage,0000-00-00,XLF,Financials,14,51,94.5986,6,466070,35.85,51.19,5.46,14.29,2027265558.72,True,True,56.25,,True,False,False,,False,False,20.238095238095237,26.210317460317462,304,270,,,,,False,False,kink rank <70
HOOD,2026-08-27,110.04,0.942836,61.609100000000005,2.44016,61.141400000000004,61.609100000000005,66.081,0.0440465,71.28219999999999,70.1616,62.7103,61.2102,65.661,65.6427,-1.5000999999999962,1.1011999999999915,8.552500000000002,10.140799999999984,4.519599999999997,1.1205999999999818,7.142857142857143,86.9047619047619,86.5079365079365,5.158730158730159,44.84126984126984,28.174603174603174,16.210793114373235,-1.468481375358166,101.4242,95.5849,8.494816818865726,True,True,True,30.704359187551965,32.900578320208496,2026-08-27,108.54,98935013.0,4.40465,19653684,208534.2,Investment Banking & Brokerage,0000-00-00,XLF,Financials,43,40,94.2836,9,1674501,40.46,40.48,39.4,42.86,2133210861.3600001,True,True,89.80263157894737,,True,False,False,,False,False,21.36904761904762,25.892857142857146,304,270,,,,,False,False,kink rank <70
LEN,2026-08-27,85.47,0.815772,37.0834,2.21784,34.645900000000005,41.5229,38.8436,0.0698313,41.8433,43.798500000000004,37.2192,37.9857,37.912400000000005,43.3957,0.7665000000000006,0.13580000000000325,2.2756000000000043,7.197399999999995,3.2665000000000006,-1.955200000000005,11.11111111111111,73.41269841269842,86.5079365079365,9.126984126984127,33.333333333333336,11.11111111111111,-0.5121638924455829,-3.728317188555985,86.36160000000001,99.50475,-1.0324032903512803,False,False,False,-4.705095328353215,-2.5088761956966854,2026-08-27,87.15,20589308.0,6.98313,2304120,6085.75,Residential Homebuilding,0000-00-00,XLY,C. Cyclical,10,22,81.5772,3,83648,34.07,21.83,5.35,9.52,200804058.0,True,True,37.5,,False,False,False,,False,False,12.44047619047619,25.31746031746032,304,270,,,,,False,False,kink rank <70; local RR rank >10; five-day return <=0
LOW,2026-08-27,206.83,0.904239,26.556600000000003,2.09072,26.4583,26.556600000000003,28.583599999999997,0.0263919,31.4531,28.4219,26.766099999999998,27.3796,29.9692,30.6823,0.6135000000000019,0.2094999999999949,1.8652999999999977,4.994799999999998,3.5108999999999995,3.0311999999999983,3.1746031746031744,93.65079365079364,94.04761904761905,9.126984126984127,71.82539682539682,38.095238095238095,-5.136907764986464,-7.413044451407835,215.1164,237.1155,-3.8520540507371748,True,False,False,-4.712982585460235,-2.5167634528037057,2026-08-27,210.36,115971037.0,2.63919,2866227,7702.5,Home Improvement Stores,0000-00-00,XLY,C. Cyclical,5,54,90.4239,11,120473,50.94,53.97,0.0,4.76,602939511.72,True,True,37.17105263157895,,False,False,False,other,False,False,10.634920634920636,32.99603174603175,304,270,,,,,False,False,five-day return <=0; more than 5% below 20-day high
LRCX,2026-08-27,315.22,0.960714,57.983200000000004,2.55177,57.4372,57.983200000000004,63.554,0.0503277,63.531800000000004,62.547,58.7156,57.608000000000004,60.8481,60.1295,-1.107599999999998,0.7323999999999984,4.563799999999993,6.094600000000007,3.410900000000005,0.984800000000007,0.0,94.84126984126983,95.23809523809524,1.5873015873015872,40.476190476190474,35.317460317460316,2.2578342957243924,-8.007937897624462,332.33399999999995,256.51335,-5.14963861657246,False,True,False,-1.1849529780564194,1.01126615460011,2026-08-27,312.88,394441406.0,5.03277,9472403,42880.4,Semiconductor Equipment & Materials Manufacturing,0000-00-00,XLK,Technology,5,44,96.0714,7,563758,44.24,43.65,0.0,4.76,2963725450.64,True,True,43.75,,True,False,False,,False,False,20.257936507936506,26.54761904761905,304,270,,,,,False,False,kink rank <70; more than 5% below 20-day high
MELI,2026-08-27,1915.97,0.908276,33.146,4.0,32.6982,33.146,37.4823,0.0746165,35.594500000000004,32.289899999999996,32.1517,34.206599999999995,33.6586,35.9531,2.0548999999999964,-0.9943000000000026,-0.856100000000005,2.8963000000000036,0.9603999999999999,3.3046000000000078,25.0,69.84126984126983,89.68253968253968,7.5396825396825395,69.84126984126983,11.11111111111111,-0.37230972425161823,-3.717681348777613,1815.6452000000002,1863.1416,5.525572947842439,True,True,True,13.305972311750057,15.502191444406588,2026-08-27,1950.44,97133552.0,7.46165,488720,8141.05,E-commerce & Internet Retail,0000-00-00,XLY,C. Cyclical,52,17,90.8276,9,66666,29.67,17.06,17.63,52.38,953219036.8000001,True,True,75.32894736842105,,True,False,False,,False,False,24.00793650793651,27.46031746031746,304,270,,,,,False,False,kink rank <70; local RR rank >10; five-day return <=0; IVR outside 30–70
MS,2026-08-27,215.0,0.915717,27.6256,2.35746,27.0135,27.6256,30.787799999999997,0.0346523,27.8001,27.8156,26.8714,28.9202,32.0888,33.3042,2.0488,-0.7541999999999973,0.19000000000000128,0.7866,5.075299999999999,-0.015499999999999403,5.158730158730159,90.87301587301587,90.07936507936508,13.492063492063492,30.555555555555557,31.349206349206348,3.4897713598074587,-1.799579793550743,216.8186,189.521,-0.83876567785236,True,True,False,5.330197922790503,7.526417055447032,2026-08-27,214.08,337671753.0,3.46523,4527701,12379.4,Investment Banking & Brokerage,0000-00-00,XLF,Financials,5,44,91.5717,6,375687,36.05,44.05,0.0,4.76,969290230.08,True,True,62.17105263157895,,True,False,False,,False,False,20.97222222222222,25.535714285714285,304,270,,,,,False,False,kink rank <70
MSTR,2026-08-27,137.07,0.89937,74.3716,1.73061,76.5314,74.3716,78.45060000000001,0.039344,103.77700000000002,118.10400000000001,79.0386,71.8118,84.5151,85.5787,-7.226799999999997,4.667000000000002,43.73240000000001,27.24560000000001,7.983699999999999,-14.326999999999998,2.7777777777777777,95.23809523809524,96.03174603174604,1.5873015873015872,1.5873015873015872,63.888888888888886,22.31840085668391,0.0,100.18379999999999,141.72215,36.818527546369786,False,False,True,-9.96452968996323,-7.768310557306701,2026-08-27,123.19,54455397.0,3.9344,22496260,477950.05,Application Software,0000-00-00,XLK,Technology,76,66,89.937,9,2800551,48.07,67.46,67.92,80.95,2771314269.4,True,True,26.973684210526315,,False,False,False,,False,False,10.515873015873016,24.682539682539684,304,270,,,,,False,False,kink rank <70
PANW,2026-08-27,386.09,0.947012,52.884100000000004,2.54938,85.0162,62.0078,58.974199999999996,0.0534722,91.44640000000001,64.2051,53.5334,52.912800000000004,89.2833,65.7063,-0.620599999999996,0.6492999999999967,2.1972999999999985,6.4302000000000135,4.267099999999999,27.24130000000001,3.5714285714285716,92.06349206349206,92.85714285714286,13.88888888888889,98.80952380952381,98.80952380952381,10.216956894090767,-1.950377123701652,341.2368,228.6611,13.14430331078007,True,True,True,49.850572482049294,52.046791614705825,2026-08-27,339.31,313118990.0,5.34722,5524714,31106.95,Infrastructure Software,0000-00-00,XLK,Technology,43,86,94.7012,0,568905,75.02,87.3,39.58,52.38,1874590707.34,True,True,97.69736842105263,,True,False,False,grab,True,False,20.753968253968253,24.226190476190474,304,270,,,,,False,True,IVR outside 30–70; near-front earnings flag
PYPL,2026-08-27,61.48,0.793325,32.6791,4.0,37.209900000000005,32.6791,32.7374,0.0710154,48.243900000000004,30.1332,31.188100000000002,34.575,34.382000000000005,37.213,3.3869000000000007,-1.490999999999996,-2.5458999999999996,11.033999999999999,-2.8278999999999996,18.110700000000005,83.73015873015873,7.5396825396825395,89.68253968253968,0.3968253968253968,92.85714285714286,57.93650793650794,-1.8988351683421167,-1.8988351683421167,53.5804,51.36285,14.743450963411986,True,True,True,38.43728889889664,40.63350803155317,2026-08-27,61.81,52593735.0,7.10154,10347632,46169.1,Credit & Lending Services,0000-00-00,XLF,Financials,57,16,79.3325,8,1820264,15.45,15.87,58.38,57.14,639587133.9200001,True,True,92.76315789473685,better,True,True,False,other,False,False,72.99603174603175,33.611111111111114,304,270,,,,,False,False,local RR rank >10; five-day return <=0; IVR outside 30–70
RCL,2026-08-27,284.32,0.905982,36.120799999999996,2.56132,36.6168,36.120799999999996,41.251,0.0480437,40.5749,36.125099999999996,35.956900000000005,37.3433,40.1295,41.044399999999996,1.3863999999999947,-0.16389999999999105,0.004300000000000637,3.9581000000000017,3.5127000000000024,4.449800000000003,1.1904761904761905,97.22222222222223,86.9047619047619,5.158730158730159,65.47619047619048,9.126984126984127,-0.8923591745677695,-13.506935994159175,302.659,287.6856,-6.059294453493869,True,False,False,1.430559023937783,3.6267781565943125,2026-08-27,290.0,76041977.0,4.80437,1619937,2732.95,Travel & Tourism Services,0000-00-00,XLY,C. Cyclical,10,12,90.5982,8,100776,7.63,11.11,1.3,9.52,469781730.0,True,True,51.64473684210527,,False,False,False,,False,False,10.257936507936506,26.964285714285715,304,270,,,,,False,False,kink rank <70; five-day return <=0; IVR outside 30–70; more than 5% below 20-day high
S,2026-08-27,22.8,0.857007,64.3343,2.66322,116.329,76.327,63.9216,0.133642,135.746,79.1205,64.7043,64.6221,121.526,87.8553,-0.08220000000000027,0.37000000000000455,2.7935000000000088,19.417000000000016,5.197000000000003,56.6255,50.79365079365079,24.603174603174605,89.28571428571429,32.142857142857146,99.60317460317461,99.60317460317461,8.726752503576552,-4.282115869017633,19.136799999999997,15.90545,19.14217633042099,True,True,True,26.66666666666666,28.86288579932319,2026-08-27,20.51,7815925.0,13.36424,6367294,17323.6,Infrastructure Software,0000-00-00,XLK,Technology,71,89,85.7007,13,266255,65.6,85.71,59.07,71.43,130593199.94000001,True,True,86.18421052631578,,False,False,False,other,False,False,18.849206349206348,33.90873015873016,304,270,,,,,False,False,local RR rank >10
TFC,2026-08-27,50.36,0.564718,22.7271,2.67858,24.7713,24.7713,25.4911,0.0229101,24.8528,24.8528,21.675,25.0606,30.9303,30.9303,3.3856,-1.0520999999999994,0.08149999999999835,0.08149999999999835,6.158999999999999,0.0,11.904761904761905,84.92063492063492,87.6984126984127,18.253968253968253,18.253968253968253,32.93650793650794,-0.099186669311635,-5.213626952757389,51.3688,49.513999999999996,-1.963837971687099,True,True,False,5.289567217227686,7.485786349884216,2026-08-27,50.67,61521085.0,2.29101,6199981,4077.4,Regional Banking,0000-00-00,XLF,Financials,19,11,56.4718,7,145752,16.29,11.9,13.95,19.05,314153037.27,True,True,61.8421052631579,,True,False,False,,False,False,21.944444444444443,24.68253968253968,304,270,,,,,False,False,kink rank <70; local RR rank >10; five-day return <=0; IVR outside 30–70; more than 5% below 20-day high
WMT,2026-08-27,102.63,0.916551,21.7954,3.25237,21.0702,21.7954,25.7044,0.0173864,25.214599999999997,26.1417,22.135199999999998,21.8838,22.7575,23.7243,-0.25139999999999674,0.33979999999999677,4.346299999999999,4.144399999999997,1.6873000000000005,-0.9271000000000029,2.380952380952381,94.04761904761905,87.6984126984127,5.158730158730159,26.984126984126984,17.063492063492063,-0.6004842615012107,-11.273450332843439,112.2702,118.57175,-8.586606241014982,False,False,False,-13.618382291052944,-11.422163158396415,2026-08-27,104.34,816737664.0,1.73864,27293269,162124.9,Discount Retail,0000-00-00,XLP,C. Defensive,10,27,91.6551,12,1256891,29.66,25.79,1.28,9.52,2847779687.46,True,True,22.039473684210524,,False,False,False,,False,False,10.535714285714285,25.119047619047617,304,270,,,,,False,False,kink rank <70; five-day return <=0; IVR outside 30–70; more than 5% below 20-day high
AFRM,2026-08-28,78.38,0.838176,47.4966,4.0,53.673,47.4966,58.419,0.123379,59.6155,54.718,49.9642,48.173899999999996,54.9167,52.4863,-1.790300000000002,2.4675999999999974,7.221400000000003,5.9424999999999955,1.243699999999997,4.897499999999994,0.0,100.0,94.44444444444444,2.380952380952381,70.63492063492063,6.349206349206349,2.53793825222397,-0.9478074055351948,77.27199999999999,66.5188,1.4338958484315212,True,True,True,7.38457322920949,10.480104461874918,2026-08-28,77.49,26249350.0,12.33795,3105025,17782.6,Credit & Lending Services,0000-00-00,XLI,Industrials,5,0,83.8176,9,254739,0.0,0.4,0.0,4.76,240608387.24999997,True,True,68.05555555555556,,True,False,False,grab,False,False,20.0,52.976190476190474,288,247,0.6772999999999954,5.158730158730159,True,63.96825396825397,False,True,IVR outside 30–70
AMAT,2026-08-28,463.26,0.983867,49.1357,2.21871,46.0467,49.1357,55.449099999999994,0.0532973,51.3977,55.314099999999996,51.9162,50.3574,50.93339999999999,51.946099999999994,-1.558800000000005,2.7805000000000035,6.178399999999996,5.350999999999999,4.8866999999999905,-3.916399999999996,3.9682539682539684,99.60317460317461,85.71428571428571,9.126984126984127,7.936507936507937,27.77777777777778,-5.8529447628338005,-15.619023332908322,551.6768,401.55825,-16.02692010974541,True,True,False,2.4050576948583036,5.500588927523731,2026-08-28,482.36,367699404.0,5.32973,7520961,52208.9,Semiconductor Equipment & Materials Manufacturing,0000-00-00,XLK,Technology,5,47,98.3867,10,544662,35.19,47.22,0.0,4.76,3627810747.96,True,True,55.55555555555556,,True,False,False,,False,False,20.416666666666664,23.968253968253965,288,247,1.2216999999999985,21.03174603174603,False,25.0,False,False,kink rank <70; five-day return <=0; more than 5% below 20-day high
AVGO,2026-08-28,368.72,0.987021,44.7575,2.01296,67.5408,49.1103,45.250800000000005,0.0235849,72.0489,53.4147,46.0295,43.8863,67.2658,50.1784,-2.1432,1.2719999999999985,4.304400000000001,4.508099999999999,-0.2750000000000057,18.6342,3.5714285714285716,96.03174603174604,86.5079365079365,0.7936507936507936,96.03174603174604,92.46031746031746,0.03526954068207022,-13.362626001550781,386.559,369.32630000000006,-4.614819471283815,False,False,False,-16.312217708073252,-13.216686475407824,2026-08-28,371.54,1733702531.0,2.35849,19704517,246515.05,Semiconductors,0000-00-00,XLK,Technology,52,21,98.7021,0,2234622,24.85,12.7,17.05,38.1,7321016246.18,True,True,22.22222222222222,,False,False,False,grab,True,False,10.555555555555555,23.452380952380956,288,247,-0.8712000000000018,2.380952380952381,True,38.95952380952381,False,True,IVR outside 30–70; more than 5% below 20-day high; near-front earnings flag
BE,2026-08-28,212.26,0.977808,80.3404,2.87795,82.0686,80.3404,88.58930000000001,0.0342684,96.4709,90.1393,83.597,78.47420000000001,85.3936,82.4392,-5.122799999999984,3.2565999999999917,9.798900000000003,14.402299999999997,3.325000000000003,6.331599999999995,13.095238095238095,83.33333333333333,86.9047619047619,13.88888888888889,71.03174603174604,1.1904761904761905,5.66507367582636,-10.968499643471329,237.0912,188.5332,-10.47326935795171,False,True,False,-24.141381651835182,-21.045850419169756,2026-08-28,217.83,62516374.0,3.42684,14246271,107980.95,Electrical Equipment Manufacturing,0000-00-00,XLI,Industrials,5,0,97.7808,8,963898,0.0,0.4,0.0,4.76,3103265211.9300003,True,True,15.972222222222221,,False,False,False,other,False,False,12.142857142857144,32.242063492063494,288,247,-1.866199999999992,9.920634920634921,True,60.39682539682539,False,False,local RR rank >10; IVR outside 30–70; more than 5% below 20-day high
CPNG,2026-08-28,16.55,0.638519,42.0118,2.89757,37.837900000000005,42.0118,48.7512,0.102041,61.4309,43.5006,42.7162,41.4169,46.6133,40.9878,-1.2993000000000023,0.7043999999999997,1.4887999999999977,23.592999999999996,8.775399999999998,17.930300000000003,0.7936507936507936,83.73015873015873,100.0,39.285714285714285,96.42857142857143,35.317460317460316,0.42475728155340065,-1.9549763033175238,16.8694,19.6302,-1.8933690587691232,False,False,False,-0.4211793020457266,2.6743519306197006,2026-08-28,16.23,29748819.0,10.2041,16844154,24195.5,E-commerce & Internet Retail,0000-00-00,XLY,C. Cyclical,29,42,63.8519,9,638139,45.93,42.06,9.32,28.57,273380619.42,True,True,47.91666666666667,,False,False,False,grab,False,True,10.892857142857142,54.82142857142857,288,247,-0.5949000000000026,0.7936507936507936,False,29.682539682539684,True,True,passed original surface
CVNA,2026-08-28,73.97,0.954021,53.7655,2.74671,50.346500000000006,53.7655,63.052299999999995,0.0412627,53.0713,56.1212,52.6648,55.8308,57.2473,63.5366,3.166000000000004,-1.1007000000000033,2.355699999999999,2.724799999999995,6.900799999999997,-3.049900000000001,4.365079365079365,93.25396825396825,90.07936507936508,6.746031746031746,25.0,12.698412698412698,6.095811818703378,-2.401372212692976,67.99640000000001,257.55760000000004,8.785170979640089,True,False,True,0.5163745074058923,3.6119057400713195,2026-08-28,74.09,81331864.0,4.12627,10251083,55882.4,Auto Dealerships,0000-00-00,XLY,C. Cyclical,24,23,95.4021,8,1066296,23.05,23.02,26.61,23.81,759502739.47,True,True,51.388888888888886,,False,False,False,,False,False,10.773809523809524,25.257936507936506,288,247,2.0653000000000006,4.761904761904762,True,40.12460317460318,False,False,kink rank <70; IVR outside 30–70
EXPE,2026-08-28,327.56,0.934085,36.9146,3.47549,36.104,36.9146,42.4251,0.0673979,39.5293,34.1149,35.127199999999995,38.8346,41.3535,40.7584,3.707400000000007,-1.7874000000000052,-2.7997000000000014,3.4253,5.249499999999998,5.4144000000000005,24.206349206349206,55.15873015873016,86.11111111111111,15.476190476190476,72.61904761904762,28.96825396825397,1.1955883715901061,-3.214750029547331,288.91139999999996,257.644,13.377319136593457,True,True,True,45.472309810365516,48.567841043030946,2026-08-28,318.92,41785144.0,6.73979,1569857,4069.05,Travel & Tourism Services,0000-00-00,XLY,C. Cyclical,14,30,93.4085,9,65995,32.95,29.76,2.81,14.29,500658794.44,True,True,97.56944444444444,,True,False,False,other,False,False,24.66269841269841,32.242063492063494,288,247,1.9200000000000017,11.11111111111111,True,24.986507936507934,False,False,local RR rank >10
FDX,2026-08-28,331.02,0.944826,24.6343,4.0,23.4968,24.6343,29.3047,0.0370563,28.0487,24.671699999999998,24.5242,25.6276,27.127000000000002,28.395500000000002,1.1034000000000006,-0.1100999999999992,0.0373999999999981,4.5519,3.630200000000002,3.3770000000000024,6.746031746031746,88.88888888888889,87.3015873015873,28.96825396825397,66.26984126984127,4.365079365079365,1.8899285890174866,-2.2819188191882,319.4682,334.00895,3.615946751507648,False,False,True,-19.590934486360446,-16.49540325369502,2026-08-28,331.41,78342647.0,3.70563,1447576,4797.65,Freight & Logistics Services,0000-00-00,XLI,Industrials,5,6,94.4826,8,59049,24.72,5.56,0.0,4.76,479741162.16,True,True,19.444444444444446,,False,False,False,,False,False,11.23015873015873,27.043650793650794,288,247,0.9933000000000014,9.523809523809524,True,37.02603174603175,False,False,kink rank <70; IVR outside 30–70
HPE,2026-08-28,52.27,0.895813,57.163,3.05763,94.8638,71.3119,62.9509,0.0921723,103.67900000000002,75.4546,58.94239999999999,55.9199,92.8736,70.0626,-3.0224999999999937,1.7793999999999954,4.142700000000005,8.815200000000019,-1.9902000000000015,28.224400000000017,6.746031746031746,88.0952380952381,88.4920634920635,5.9523809523809526,96.82539682539682,97.22222222222223,-2.3538202876891456,-12.737896494156919,49.504400000000004,32.4878,5.5865741227042465,True,True,True,21.191745884535116,24.287277117200542,2026-08-28,54.41,69354663.0,9.21723,15686304,51899.3,Communications Equipment Manufacturing,0000-00-00,XLK,Technology,10,75,89.5813,0,572314,42.15,74.6,1.62,9.52,853491800.64,True,True,84.375,,True,False,False,other,True,False,21.26984126984127,3.69047619047619,288,247,-1.2430999999999983,3.9682539682539684,False,27.857142857142858,False,False,five-day return <=0; more than 5% below 20-day high; near-front earnings flag
NBIS,2026-08-28,209.54,0.975795,79.20519999999999,2.23331,74.8748,79.20519999999999,89.04560000000001,0.0520149,88.2494,90.8709,80.71979999999999,79.5311,85.50229999999999,89.2074,-1.1886999999999972,1.5146000000000015,11.665700000000015,13.374600000000001,10.627499999999998,-2.6215000000000117,25.396825396825395,72.22222222222223,86.11111111111111,19.444444444444443,29.761904761904763,6.746031746031746,-4.29341372065406,-23.307224946929228,219.24040000000002,151.82645,-4.424549489966278,False,True,False,-7.389728630778746,-4.294197398113319,2026-08-28,218.48,52284285.0,5.20149,25947395,239790.7,Internet Content & Media,0000-00-00,XLK,Technology,5,8,97.5795,10,1355068,18.07,7.94,0.0,4.76,5668986859.599999,True,True,33.68055555555556,,False,False,False,,False,False,13.928571428571427,25.099206349206348,288,247,0.3259000000000043,22.61904761904762,True,37.32682539682539,False,False,kink rank <70; local RR rank >10; five-day return <=0; IVR outside 30–70; more than 5% below 20-day high
NU,2026-08-28,14.3,0.670751,35.6223,3.70082,33.768,35.6223,43.833299999999994,0.0433366,40.4885,38.5333,36.0533,36.2864,35.5786,37.467099999999995,0.2331000000000003,0.4309999999999974,2.9109999999999943,6.720500000000001,1.8106000000000009,1.955200000000005,3.1746031746031744,75.39682539682539,90.87301587301587,4.365079365079365,68.65079365079364,19.841269841269842,-1.9876627827278948,-5.982905982905984,13.963799999999999,14.9935,2.4076540769704557,True,False,True,9.077040427154849,12.172571659820276,2026-08-28,14.88,68734302.0,4.33366,64269521,78484.1,Regional Banking,0000-00-00,XLF,Financials,86,58,67.0751,10,1701918,47.85,58.33,54.78,90.48,956330472.48,True,True,70.83333333333334,,False,False,False,,False,False,11.547619047619047,27.519841269841272,288,247,0.6640999999999977,1.5873015873015872,False,29.047619047619044,False,False,kink rank <70; five-day return <=0; more than 5% below 20-day high
NVDA,2026-08-28,216.99,0.978816,32.6538,2.42795,32.414,32.6538,37.0612,0.00513055,38.2148,35.431400000000004,32.596199999999996,33.819300000000005,44.6267,39.438,1.2231000000000094,-0.05760000000000076,2.7776000000000067,5.800799999999995,12.212699999999998,2.783399999999993,12.698412698412698,86.5079365079365,90.07936507936508,46.03174603174603,80.55555555555556,12.301587301587302,0.7662301476734523,-4.974819356251359,208.389,195.8096,4.127377164821566,True,True,True,-0.02303722816070497,3.072494004504722,2026-08-28,227.98,5255714790.0,0.51306,124051040,3349496.95,Semiconductors,0000-00-00,XLK,Technology,19,2,97.8816,11,16147517,7.08,3.17,15.79,28.57,28281156099.199997,True,True,50.34722222222222,,True,False,False,other,False,False,21.944444444444443,33.035714285714285,288,247,1.1655000000000086,11.507936507936508,True,53.07873015873016,False,False,local RR rank >10; IVR outside 30–70
OKTA,2026-08-28,167.87,0.913357,47.9057,4.0,47.5164,47.9057,52.5708,0.0608485,58.593399999999995,54.616699999999994,48.850300000000004,47.7198,51.067499999999995,49.0137,-1.130500000000005,0.9446000000000012,6.710999999999991,11.076999999999998,3.551099999999998,3.976700000000001,11.904761904761905,75.7936507936508,94.84126984126983,31.349206349206348,65.47619047619048,43.25396825396825,24.588095591509564,-3.4175248834934724,140.84720000000002,99.72845,19.185897909223605,True,True,True,35.58678620466844,38.68231743733387,2026-08-28,172.91,29177042.0,6.08485,3430404,15843.6,Infrastructure Software,0000-00-00,XLK,Technology,5,54,91.3357,13,241036,51.03,54.37,0.0,4.76,593151155.64,True,True,94.79166666666666,,False,False,False,,False,False,12.40079365079365,27.75793650793651,288,247,-0.18590000000000373,8.73015873015873,False,25.873015873015873,False,False,kink rank <70; local RR rank >10
RBLX,2026-08-28,38.3,0.874322,55.8018,3.08722,51.9915,55.8018,66.9216,0.0911877,61.7061,60.1097,56.8179,55.311299999999996,55.2237,55.544700000000006,-1.506600000000006,1.0161000000000016,4.3078999999999965,9.714599999999997,3.232199999999999,1.5964000000000027,9.126984126984127,84.92063492063492,92.85714285714286,14.285714285714286,51.98412698412698,21.428571428571427,-0.15641293013556323,-2.171136653895278,45.973,61.425299999999986,-16.69023122267418,False,False,False,-18.597236981934117,-15.50170574926869,2026-08-28,38.15,27360599.0,9.11877,16488667,25135.25,Gaming & Interactive Media,0000-00-00,XLC,Comm,10,37,87.4322,8,421954,29.12,37.3,0.95,9.52,629042646.05,True,True,20.833333333333336,,False,False,False,,False,False,11.666666666666668,26.884920634920633,288,247,-0.4905000000000044,3.1746031746031744,True,33.41968253968254,False,False,kink rank <70; five-day return <=0; IVR outside 30–70
SOFI,2026-08-28,18.12,0.953471,48.2845,3.11042,45.5636,48.2845,56.476400000000005,0.0141672,59.943599999999996,58.4094,49.3933,48.3769,50.861900000000006,53.6808,-1.0164000000000044,1.1088000000000022,10.124899999999997,14.379999999999995,5.298300000000005,1.5341999999999985,11.507936507936508,69.84126984126983,86.11111111111111,1.5873015873015872,53.96825396825397,4.761904761904762,-4.025423728813548,-5.230125523012552,17.834,20.25205,1.603678367163841,True,False,True,-0.05515719801433283,3.0403740346510943,2026-08-28,19.18,23403254.0,1.41672,49852692,328606.75,Credit & Lending Services,0000-00-00,XLF,Financials,48,4,95.3471,8,4040011,11.63,3.97,57.81,47.62,956174632.56,True,True,49.65277777777778,,False,False,False,,False,False,12.65873015873016,26.30952380952381,288,247,0.09239999999999782,5.158730158730159,True,50.03666666666666,False,False,kink rank <70; local RR rank >10; five-day return <=0; IVR outside 30–70; more than 5% below 20-day high
TFC,2026-08-28,50.49,0.556918,20.996699999999997,3.56215,24.7329,24.7329,24.840899999999998,0.0344572,24.9292,24.9292,20.4903,22.5862,28.4346,28.4346,2.0959000000000003,-0.5063999999999957,0.1963000000000008,0.1963000000000008,3.701699999999999,0.0,0.7936507936507936,98.01587301587301,88.0952380952381,1.9841269841269842,17.857142857142858,32.142857142857146,0.1586986708986382,-4.968944099378881,51.4212,49.5405,-1.810926232760024,True,True,False,4.946996466431108,8.042527699096535,2026-08-28,50.3,61679897.0,3.44572,6081466,4105.9,Regional Banking,0000-00-00,XLF,Financials,5,2,55.6918,7,146311,6.11,1.98,0.0,4.76,305897739.8,True,True,61.80555555555556,,True,False,False,,False,False,20.17857142857143,24.702380952380953,288,247,1.5895000000000046,1.5873015873015872,True,58.413809523809526,False,False,kink rank <70; IVR outside 30–70
VRT,2026-08-28,257.57,0.981738,51.4713,2.3265,49.514599999999994,51.4713,58.194500000000005,0.04231,53.9455,55.4145,51.371100000000006,52.112700000000004,53.13250000000001,54.1956,0.7415999999999983,-0.10019999999999385,3.9431999999999974,4.430900000000008,3.617900000000013,-1.468999999999994,13.492063492063492,85.71428571428571,90.47619047619048,10.317460317460318,26.58730158730159,2.7777777777777777,-1.788301685350413,-12.209005078564362,289.26939999999996,255.03574999999998,-10.958435285584988,False,True,False,-17.769690004150306,-14.674158771484878,2026-08-28,269.28,99161404.0,4.231,5355791,27493.25,Electrical Equipment Manufacturing,0000-00-00,XLI,Industrials,5,5,98.1738,7,453099,18.76,4.76,0.0,4.76,1442207400.4799998,True,True,21.52777777777778,,False,False,False,,False,False,12.063492063492063,25.376984126984127,288,247,0.6414000000000044,11.904761904761905,True,41.16063492063492,False,False,kink rank <70; local RR rank >10; five-day return <=0; IVR outside 30–70; more than 5% below 20-day high
WMT,2026-08-28,102.91,0.945575,21.1192,2.77793,19.2788,21.1192,25.3984,0.0120256,23.3151,25.219599999999996,21.2543,21.627299999999998,22.695899999999998,23.9737,0.37299999999999756,0.13510000000000133,4.100399999999997,4.036300000000001,3.417099999999998,-1.9044999999999952,8.73015873015873,86.9047619047619,86.11111111111111,15.476190476190476,23.015873015873016,9.523809523809524,-0.3292978208232489,-11.031382380911214,111.96959999999999,118.57424999999999,-8.091124733856326,False,False,False,-11.238571675004316,-8.143040442338888,2026-08-28,102.63,818965926.0,1.20256,27590715,165783.45,Discount Retail,0000-00-00,XLP,C. Defensive,5,24,94.5575,11,1303888,27.1,23.41,0.0,4.76,2831635080.45,True,True,27.77777777777778,,False,False,False,,False,False,11.527777777777779,24.761904761904763,288,247,0.5080999999999989,8.73015873015873,True,34.407936507936505,False,False,kink rank <70; five-day return <=0; IVR outside 30–70; more than 5% below 20-day high
AI,2026-08-31,10.84,0.820742,69.8743,2.53216,119.015,81.7566,74.2938,0.0784408,145.703,107.175,73.1116,71.7738,133.42499999999998,90.3237,-1.3378000000000014,3.2372999999999905,25.41839999999999,26.688000000000002,14.409999999999982,38.528000000000006,42.857142857142854,53.57142857142857,86.5079365079365,82.14285714285714,94.04761904761905,94.44444444444444,7.433102081268572,0.0,9.448999999999998,10.692799999999998,14.721134511588541,False,True,True,-8.057675996607294,-4.436018728394709,2026-08-31,10.53,1685070.0,7.84408,4541138,37510.05,Infrastructure Software,0000-00-00,XLK,Technology,24,38,82.0742,0,326802,48.04,37.3,24.69,19.05,47818183.14,True,True,34.602076124567475,,False,False,False,other,True,False,16.607142857142858,3.353174603174608,289,251,1.899499999999989,49.20634920634921,False,16.42857142857143,False,False,local RR rank >10; opposite put-wing rank >=70; near-front earnings flag
AMAT,2026-08-31,458.58,0.989519,48.4003,2.45413,47.531600000000005,48.4003,53.9478,0.0515702,53.21900000000001,57.1152,49.7037,48.0563,52.737,52.8489,-1.6473999999999975,1.3033999999999963,8.7149,5.687400000000004,5.205399999999997,-3.8961999999999932,3.9682539682539684,95.63492063492063,87.6984126984127,11.904761904761905,8.333333333333334,30.952380952380953,-5.116798742008244,-16.47146682209796,548.3696,402.70835000000005,-16.373920071426284,True,True,False,0.6253702850371745,4.24702755324976,2026-08-31,461.67,363984788.0,5.15702,7251591,51946.05,Semiconductor Equipment & Materials Manufacturing,0000-00-00,XLK,Technology,5,44,98.9519,10,520988,32.05,44.44,0.0,4.76,3347842016.9700003,True,True,52.24913494809689,,True,False,False,,False,False,20.615079365079364,24.186507936507937,289,251,-0.3440000000000012,2.7777777777777777,True,31.600793650793655,False,False,kink rank <70; five-day return <=0; more than 5% below 20-day high
AVGO,2026-08-31,369.74,0.983102,41.0246,2.91367,68.7927,50.5072,45.6545,0.016393,75.3355,56.291599999999995,42.572700000000005,39.75,65.1152,50.2859,-2.8227000000000046,1.5481000000000051,5.784399999999998,6.5428,-3.677499999999995,19.0439,2.380952380952381,96.82539682539682,92.85714285714286,0.0,96.03174603174604,93.65079365079364,2.839818652129189,-13.122958716135235,385.73080000000004,369.40930000000003,-4.145585470488755,False,True,False,-19.332387913166794,-15.710730644954209,2026-08-31,368.79,1738498519.0,1.6393,19367558,246282.65,Semiconductors,0000-00-00,XLK,Technology,43,13,98.3102,0,2141477,27.33,14.29,20.42,42.86,7142561714.820001,True,True,20.069204152249135,,False,False,False,grab,True,False,10.396825396825395,24.08730158730159,289,251,-1.2745999999999995,1.5873015873015872,True,36.87634920634921,False,True,IVR outside 30–70; more than 5% below 20-day high; near-front earnings flag
DOCU,2026-08-31,66.18,0.84109,54.938900000000004,2.63824,95.2032,65.2376,57.3543,0.101938,109.735,67.869,54.867900000000006,56.3817,102.87599999999999,68.1907,1.5137999999999963,-0.07099999999999795,2.6313999999999993,14.531800000000004,7.672799999999995,41.866,26.58730158730159,63.492063492063494,95.23809523809524,51.98412698412698,98.41269841269842,94.44444444444444,5.449330783938833,0.0,53.86639999999999,53.68655,22.859519106530257,True,True,True,15.780265920223947,19.401923188436534,2026-08-31,64.0,12858204.0,10.19377,2869872,7791.0,Application Software,0000-00-00,XLK,Technology,62,73,84.109,0,151587,60.18,73.41,57.44,61.9,183671808.0,True,True,82.00692041522491,,False,False,False,other,True,False,14.484126984126984,4.444444444444443,289,251,1.4427999999999983,26.19047619047619,False,19.682539682539684,False,False,local RR rank >10; near-front earnings flag
EXPE,2026-08-31,318.84,0.946125,37.633,3.34998,38.9317,37.633,43.0314,0.0540947,44.4983,39.184999999999995,37.0379,38.5269,47.3038,41.694199999999995,1.4889999999999972,-0.5951000000000022,1.5519999999999925,5.566600000000001,8.372100000000003,5.313300000000005,1.5873015873015872,93.25396825396825,92.85714285714286,49.6031746031746,71.42857142857143,34.92063492063492,-5.791277626758074,-5.791277626758074,290.4632,257.91085,9.769499199898647,True,True,True,38.861547841992916,42.4832051102055,2026-08-31,329.44,40672778.0,5.40947,1533294,3961.95,Travel & Tourism Services,0000-00-00,XLY,C. Cyclical,33,33,94.6125,9,63645,34.93,32.94,7.99,33.33,505128375.36,True,True,97.23183391003461,,True,False,False,other,False,False,20.496031746031747,32.857142857142854,289,251,0.893899999999995,1.1904761904761905,True,29.514444444444447,False,False,five-day return <=0; more than 5% below 20-day high
HPE,2026-08-31,52.47,0.892025,54.7063,3.256,97.5518,70.3116,62.9212,0.0868798,107.11299999999999,78.0037,56.556200000000004,54.1732,96.42739999999999,69.5631,-2.3830000000000027,1.8499000000000052,7.692099999999996,9.561199999999985,-1.1244000000000085,29.10929999999999,8.333333333333334,88.88888888888889,89.68253968253968,7.936507936507937,97.22222222222223,98.01587301587301,0.6136145733461218,-12.404006677796332,49.6088,32.6355,5.767525116511574,True,True,True,9.884816753926696,13.506474022139281,2026-08-31,52.31,69620034.0,8.68798,15382471,49406.55,Communications Equipment Manufacturing,0000-00-00,XLK,Technology,5,73,89.2025,0,527077,40.17,73.41,0.0,4.76,804657058.01,True,True,73.70242214532871,,True,False,False,grab,True,False,21.388888888888886,23.829365079365083,289,251,-0.5330999999999975,7.142857142857143,False,26.904761904761905,False,True,more than 5% below 20-day high; near-front earnings flag
MCD,2026-08-31,265.25,0.931395,20.1298,2.33117,18.671499999999998,20.1298,22.5235,0.0142869,22.131,21.8316,20.6733,20.3774,18.3995,21.377299999999998,-0.2958999999999996,0.5435000000000016,1.7018000000000022,3.459500000000002,-0.27199999999999847,0.29939999999999856,3.5714285714285716,93.65079365079364,93.25396825396825,0.0,51.19047619047619,38.888888888888886,-2.6105154941988618,-3.8287226714042277,270.3768,296.9404,-1.8961686061821914,False,False,False,-4.023591562036399,-0.4019342938238135,2026-08-31,265.0,189510817.0,1.42869,4502771,27526.65,Restaurants,0000-00-00,XLY,C. Cyclical,24,71,93.1395,9,303707,55.22,71.03,9.62,23.81,1193234315.0,True,True,42.56055363321799,,False,False,False,,False,False,10.674603174603176,26.884920634920636,289,251,0.24760000000000204,5.9523809523809526,False,28.095238095238095,False,False,kink rank <70; five-day return <=0
MSTR,2026-08-31,132.56,0.989517,70.1234,1.87043,71.9679,70.1234,75.0278,0.0322437,91.7298,88.52170000000001,74.51520000000001,68.6733,81.1126,83.3104,-5.84190000000001,4.3918000000000035,18.398300000000006,19.761899999999997,9.1447,3.2080999999999875,3.5714285714285716,93.25396825396825,86.11111111111111,2.380952380952381,73.80952380952381,49.6031746031746,8.406934903500174,-3.2902896330342046,100.7928,140.65395,31.517330602979587,False,False,True,-11.873421087621317,-8.251763819408731,2026-08-31,127.31,52663657.0,3.22437,24765968,490066.65,Application Software,0000-00-00,XLK,Technology,43,53,98.9517,8,2637214,40.34,50.79,33.55,38.1,3152955386.08,True,True,28.373702422145332,,False,False,False,grab,False,True,10.694444444444445,52.301587301587304,289,251,-1.4501000000000062,2.7777777777777777,False,28.730158730158728,True,True,passed original surface
NKE,2026-08-31,39.2,0.921434,32.0998,4.0,28.7833,39.3142,41.7789,0.0209015,37.3238,45.4655,32.8766,32.3748,30.312299999999997,41.0634,-0.5018000000000029,0.7768000000000015,6.151299999999999,8.540499999999998,1.5289999999999964,-8.1417,16.666666666666668,80.15873015873017,91.66666666666667,15.079365079365079,17.857142857142858,5.9523809523809526,-4.343582235236687,-7.218934911242592,41.809,51.95205,-6.240283192614015,False,False,False,-14.466506655029443,-10.844849386816858,2026-08-31,39.6,58153149.0,2.09015,27030299,128969.45,Footwear & Accessories Manufacturing,0000-00-00,XLY,C. Cyclical,10,28,92.1434,4,2286486,44.05,27.78,1.01,9.52,1070399840.4000001,True,True,24.567474048442904,,False,False,False,,False,False,12.65873015873016,25.05952380952381,289,251,0.2749999999999986,16.666666666666668,False,23.333333333333332,False,False,kink rank <70; local RR rank >10; five-day return <=0; more than 5% below 20-day high
TOST,2026-08-31,34.05,0.933189,41.2586,3.5553,42.2644,41.2586,48.689,0.0362238,47.792,44.8561,41.781800000000004,42.3489,48.1408,46.6182,0.5670999999999964,0.5232000000000028,3.5974999999999966,5.5276,5.876399999999997,2.9359000000000037,5.158730158730159,87.6984126984127,88.0952380952381,22.22222222222222,60.714285714285715,20.634920634920636,-7.170119956379506,-8.097165991902832,31.6716,30.171499999999995,7.509566930625522,True,True,True,21.65058949624865,25.272246764461237,2026-08-31,35.15,19749000.0,3.62238,9816570,15134.8,Infrastructure Software,0000-00-00,XLF,Financials,86,21,93.3189,9,333635,25.2,21.03,29.72,85.71,345052435.5,True,True,90.3114186851211,,True,False,False,,False,False,21.13095238095238,26.845238095238095,289,251,1.0902999999999992,4.761904761904762,True,37.815873015873024,False,False,kink rank <70; five-day return <=0; IVR outside 30–70; more than 5% below 20-day high
AI,2026-09-01,10.34,0.8632,68.5926,2.56494,111.58500000000001,80.8964,74.33539999999999,0.108742,141.67700000000002,96.4789,72.7507,71.3284,123.855,92.8896,-1.4222999999999928,4.15809999999999,15.582499999999996,30.092000000000013,12.269999999999996,45.198100000000025,42.06349206349206,67.85714285714286,92.46031746031746,70.63492063492063,96.03174603174604,92.06349206349206,6.597938144329896,-4.612546125461259,9.458599999999999,10.67065,9.31850379548771,False,False,True,-7.843137254901967,-2.7186116859200258,2026-09-01,10.82,1607346.0,10.87416,4434662,37410.1,Infrastructure Software,0000-00-00,XLK,Technology,14,30,86.32,0,333499,43.3,36.9,24.06,19.05,47983042.84,True,True,37.15277777777778,,False,False,False,other,True,False,15.813492063492063,4.047619047619051,288,252,2.7357999999999976,66.66666666666667,False,16.58730158730159,False,False,local RR rank >10; opposite put-wing rank >=70; near-front earnings flag
ALAB,2026-09-01,280.6,0.989563,76.4494,2.88145,77.8404,76.4494,81.6636,0.074066,87.6193,81.3956,78.3263,75.7418,78.00399999999999,78.9972,-2.5845000000000056,1.8769000000000062,4.946200000000005,9.778899999999993,0.1635999999999882,6.223699999999994,6.349206349206349,88.4920634920635,89.68253968253968,0.7936507936507936,73.41269841269842,17.46031746031746,-0.1956251111506102,-16.56259292298543,337.3296000000001,222.90945000000002,-16.81726121870125,False,True,False,-20.51666997139052,-15.39214440240858,2026-09-01,296.98,48679920.0,7.4066,3998807,20323.8,Semiconductors,0000-00-00,XLK,Technology,10,11,98.9563,9,230271,18.47,11.11,1.61,9.52,1187565702.8600001,True,True,20.833333333333336,,False,False,False,other,False,False,11.210317460317459,32.638888888888886,288,252,-0.7075999999999993,4.761904761904762,True,44.30777777777779,False,False,five-day return <=0; IVR outside 30–70; more than 5% below 20-day high
AMGN,2026-09-01,435.79,0.954857,32.481300000000005,2.88717,34.7441,32.481300000000005,31.941399999999998,0.0473104,41.1094,32.865100000000005,31.947300000000002,33.6734,43.0011,36.8802,1.7260999999999989,-0.5340000000000025,0.3838000000000008,6.365299999999998,8.256999999999998,8.244299999999996,36.904761904761905,60.317460317460316,96.03174603174604,83.73015873015873,89.28571428571429,88.88888888888889,-1.4718516843771123,-2.049852779213779,391.31379999999996,356.79355,11.365865451205682,True,True,True,32.713098029661666,37.8376235986436,2026-09-01,429.88,235602021.0,4.73104,2557490,13007.35,Major Pharmaceuticals,0000-00-00,XLV,Healthcare,90,98,95.4857,9,148344,94.18,98.02,93.15,90.48,1099413801.2,True,True,95.48611111111111,,True,False,False,other,False,False,25.674603174603174,34.067460317460316,288,252,1.1920999999999964,34.12698412698413,False,17.61904761904762,False,False,local RR rank >10; opposite put-wing rank >=70; five-day return <=0; IVR outside 30–70
C,2026-09-01,132.13,0.967923,26.3272,2.41052,26.3241,26.3272,28.792800000000003,0.0227627,27.5959,26.32,25.7662,27.392699999999998,29.618,30.5745,1.6264999999999965,-0.5609999999999999,-0.007200000000000983,1.271799999999999,3.293899999999997,1.2759,1.5873015873015872,94.84126984126983,87.3015873015873,2.380952380952381,47.22222222222222,12.698412698412698,-1.0188029065847704,-4.949284224156536,135.74380000000002,122.6168,-2.662221036982926,True,True,False,0.570863145075351,5.695388714057292,2026-09-01,131.62,221634862.0,2.27627,8722826,30712.9,Diversified Banking,0000-00-00,XLF,Financials,24,12,96.7923,6,1023787,21.96,11.9,24.58,23.81,1148098358.1200001,True,True,53.81944444444444,,True,False,False,,False,False,20.416666666666664,26.091269841269842,288,252,1.0654999999999966,0.7936507936507936,True,42.563809523809525,False,False,kink rank <70; five-day return <=0; IVR outside 30–70
CCL,2026-09-01,23.19,0.852437,41.0135,2.17193,39.5458,44.304100000000005,44.5528,0.0399283,46.042300000000004,46.375699999999995,41.104600000000005,42.2105,41.523700000000005,49.321799999999996,1.1058999999999983,0.0911000000000044,2.0715999999999894,6.496500000000005,1.9779000000000053,-0.33339999999999037,1.9841269841269842,92.85714285714286,94.44444444444444,1.1904761904761905,32.93650793650794,21.03174603174603,-10.255417956656343,-22.337575351640982,27.143600000000003,27.8165,-14.565496102211938,False,False,False,-15.917331399564894,-10.792805830582953,2026-09-01,23.89,31762163.0,3.99283,17504971,34638.85,Travel & Tourism Services,0000-00-00,XLY,C. Cyclical,90,44,85.2437,3,1015391,28.14,43.65,60.53,90.48,418193757.19,True,True,24.65277777777778,,False,False,False,,False,False,10.555555555555554,26.09126984126984,288,252,1.1970000000000027,1.5873015873015872,True,36.145714285714284,False,False,kink rank <70; five-day return <=0; IVR outside 30–70; more than 5% below 20-day high
CPNG,2026-09-01,15.93,0.858651,42.0716,3.64182,41.7289,42.0716,48.9827,0.060323,50.8255,47.3354,43.6939,43.5621,48.7838,52.527,-0.13179999999999836,1.6223000000000027,5.263800000000003,9.096599999999995,7.054899999999996,3.490099999999998,4.761904761904762,97.22222222222223,90.07936507936508,26.984126984126984,66.26984126984127,37.301587301587304,-4.610778443113772,-4.610778443113772,16.801,19.5027,-5.1842152252842055,False,False,False,-4.5536249251048595,0.5709006438770814,2026-09-01,16.06,28634361.0,6.0323,16755919,22413.2,E-commerce & Internet Retail,0000-00-00,XLY,C. Cyclical,14,39,85.8651,9,637463,44.55,38.89,7.74,9.52,269100059.14,True,True,44.44444444444444,,False,False,False,,False,False,10.615079365079364,27.32142857142857,288,252,1.4905000000000044,20.238095238095237,False,25.0,False,False,kink rank <70; five-day return <=0
DG,2026-09-01,131.41,0.844403,33.8742,4.0,33.5602,33.8742,35.4657,0.0421569,55.66759999999999,41.6879,33.9758,35.3055,50.8515,42.588100000000004,1.3297000000000025,0.10159999999999769,7.813699999999997,22.10739999999999,17.2913,13.979699999999994,16.26984126984127,77.38095238095238,99.60317460317461,98.41269841269842,89.68253968253968,26.19047619047619,6.985264186273721,0.0,122.08599999999998,125.6728,7.63723932310012,True,True,True,23.87820512820513,29.002730697187072,2026-09-01,126.75,28991252.0,4.21569,2365436,5916.0,Discount Retail,0000-00-00,XLP,C. Defensive,19,35,84.4403,13,88696,41.61,34.13,13.23,19.05,299819013.0,True,True,91.66666666666666,,True,False,False,other,False,False,22.757936507936506,34.44444444444444,288,252,1.4313000000000002,24.603174603174605,False,21.825396825396826,False,False,local RR rank >10; opposite put-wing rank >=70
DOCU,2026-09-01,64.65,0.891967,55.391,2.44258,88.7539,64.22909999999999,57.269099999999995,0.0987531,102.174,85.4162,58.306599999999996,58.333,92.08269999999999,72.58160000000001,0.02640000000000242,2.9155999999999977,21.187100000000015,13.420100000000005,3.328799999999987,16.757800000000003,11.904761904761905,97.61904761904762,94.44444444444444,9.126984126984127,86.9047619047619,89.28571428571429,7.302904564315371,-2.311876699909343,54.30879999999999,53.662749999999996,19.04148130689689,True,True,True,18.01752464403068,23.14205021301262,2026-09-01,66.27,12560938.0,9.87531,2911873,7789.1,Application Software,0000-00-00,XLK,Technology,43,65,89.1967,0,158926,58.43,71.03,51.37,61.9,192969823.70999998,True,True,84.02777777777779,,False,False,False,other,True,False,11.309523809523808,3.7896825396825378,288,252,2.942,69.04761904761905,False,22.61904761904762,False,False,local RR rank >10; near-front earnings flag
EXPE,2026-09-01,304.24,0.93205,38.4721,3.00279,38.8569,38.4721,43.9471,0.0548543,43.566500000000005,40.9716,38.2237,39.3977,43.1807,40.9026,1.1739999999999995,-0.24839999999999662,2.4995000000000047,4.709600000000002,4.3237999999999985,2.5949000000000026,1.1904761904761905,97.22222222222223,90.87301587301587,6.349206349206349,58.333333333333336,34.12698412698413,-9.99881670808188,-10.10518851199621,291.83299999999997,258.0529,4.251404056429542,True,True,True,34.1742006615215,39.29872623050345,2026-09-01,317.12,38810331.0,5.48543,1543732,3815.8,Travel & Tourism Services,0000-00-00,XLY,C. Cyclical,62,41,93.205,9,64365,38.28,39.68,16.78,57.14,489548291.84000003,True,True,96.52777777777779,,True,False,False,,False,False,20.25793650793651,27.003968253968257,288,252,0.9256000000000029,1.5873015873015872,False,29.444444444444443,False,False,kink rank <70; five-day return <=0; more than 5% below 20-day high
GME,2026-09-01,18.86,0.52908,51.0178,1.75198,63.4101,54.4196,50.0091,0.0878418,108.079,92.9269,62.6028,46.9861,62.5047,60.3741,-15.616700000000002,11.585,38.5073,44.668899999999994,-0.9054000000000002,15.15209999999999,5.9523809523809526,84.92063492063492,88.4920634920635,0.3968253968253968,92.46031746031746,92.06349206349206,5.011135857461024,-2.3809523809523836,20.3808,22.21,-7.461924948971587,False,False,False,-9.933142311365817,-4.808616742383876,2026-09-01,18.38,8462317.0,8.78418,7876951,107820.6,Specialized Retail,0000-00-00,XLY,C. Cyclical,95,64,52.908,1,1620835,60.88,62.7,85.08,95.24,144778359.38,True,True,32.63888888888889,,False,False,False,grab,True,False,11.349206349206348,23.47222222222222,288,252,-4.031700000000001,3.9682539682539684,False,28.015873015873016,False,True,near-front earnings flag
GOOG,2026-09-01,331.15,0.982366,26.8887,3.22778,25.509300000000003,26.8887,32.1665,0.0112008,29.8786,31.104,26.9818,27.3038,30.713600000000003,31.587799999999998,0.3219999999999992,0.09309999999999974,4.215299999999999,4.3692999999999955,5.2043,-1.2254000000000005,13.492063492063492,69.84126984126983,88.4920634920635,23.41269841269841,32.53968253968254,7.142857142857143,-3.5756922808141467,-7.921810699588483,347.2886000000001,333.8654,-4.6470284368678065,False,False,False,-7.972987994664294,-2.848462425682353,2026-09-01,335.41,4049942919.0,1.12008,16861762,155136.55,Internet Content & Media,0000-00-00,XLC,Comm,19,10,98.2366,8,1733958,14.57,10.32,3.5,19.05,5655603592.42,True,True,36.11111111111111,,False,False,False,,False,False,12.857142857142856,25.476190476190474,288,252,0.4150999999999989,6.349206349206349,True,46.46174603174603,False,False,kink rank <70; local RR rank >10; five-day return <=0; IVR outside 30–70; more than 5% below 20-day high
GS,2026-09-01,1001.09,0.989506,30.369200000000003,2.18978,29.5211,30.369200000000003,31.936700000000002,0.0311865,31.5363,30.938100000000002,30.163800000000002,30.9938,33.9454,34.5462,0.8299999999999983,-0.20540000000000092,0.5688999999999993,2.0152,4.424299999999999,0.5981999999999985,0.7936507936507936,97.61904761904762,89.68253968253968,10.714285714285714,33.73015873015873,37.301587301587304,-5.777104294709501,-6.143706287150053,1046.9705999999999,944.82265,-4.382224295505511,False,True,False,-6.158662904601653,-1.0341373356197119,2026-09-01,1025.9,295315485.0,3.11865,1822614,36331.75,Investment Banking & Brokerage,0000-00-00,XLF,Financials,33,54,98.9506,6,458241,38.12,53.97,19.04,33.33,1869819702.6000001,True,True,40.97222222222222,,False,False,False,,False,False,10.198412698412698,25.654761904761905,288,252,0.6245999999999974,1.9841269841269842,False,29.444444444444443,False,False,kink rank <70; five-day return <=0; more than 5% below 20-day high
NET,2026-09-01,286.79,0.989033,53.935599999999994,3.51119,53.437599999999996,53.935599999999994,60.87089999999999,0.0621217,58.239200000000004,59.6842,54.406600000000005,55.794999999999995,60.6333,58.0672,1.38839999999999,0.47100000000001074,5.748600000000003,4.801600000000008,7.195700000000002,-1.4449999999999932,11.11111111111111,93.25396825396825,87.3015873015873,34.12698412698413,35.317460317460316,33.73015873015873,3.4409377817854025,-13.534129281234918,277.2268,221.36055,3.449594339364004,True,True,True,4.809414172422621,9.933939741404561,2026-09-01,305.11,101793118.0,6.21217,4037952,15919.35,Infrastructure Software,0000-00-00,XLK,Technology,76,42,98.9033,8,199401,39.95,42.46,37.14,76.19,1232019534.72,True,True,63.888888888888886,,True,False,False,,False,False,21.448412698412696,25.496031746031747,288,252,1.8594000000000008,27.77777777777778,False,22.77777777777778,False,False,kink rank <70; local RR rank >10; more than 5% below 20-day high
RBLX,2026-09-01,40.7,0.864478,57.7183,4.0,55.817899999999995,57.7183,68.84989999999999,0.0508428,64.5933,61.2094,59.1263,58.0519,58.761799999999994,60.994099999999996,-1.0743999999999971,1.4080000000000013,3.491100000000003,8.775400000000005,2.9438999999999993,3.383899999999997,10.714285714285714,88.4920634920635,86.11111111111111,12.301587301587302,64.28571428571429,29.761904761904763,3.9591315453384457,-0.3428011753183191,45.65120000000001,60.79024999999999,-10.84571708958364,False,False,False,-8.723929132092401,-3.59940356311046,2026-09-01,41.29,29075101.0,5.08428,13561168,23637.75,Gaming & Interactive Media,0000-00-00,XLC,Comm,52,41,86.4478,8,418972,34.23,40.48,15.27,47.62,559940626.72,True,True,34.72222222222222,,False,False,False,,False,False,11.646825396825399,26.825396825396826,288,252,0.3336000000000041,11.11111111111111,True,26.40492063492064,False,False,kink rank <70; local RR rank >10
RCL,2026-09-01,264.25,0.910822,37.6778,2.82253,35.7954,37.6778,41.936099999999996,0.0487955,40.4311,38.9555,37.5499,38.2965,38.4052,39.0544,0.7466000000000008,-0.1278999999999968,1.277700000000003,4.6357,2.6098,1.4756,0.7936507936507936,96.82539682539682,91.26984126984127,3.1746031746031744,42.06349206349206,7.936507936507937,-9.273501339009815,-19.61243611584328,300.4044,287.78425,-12.035243158888488,True,False,False,-9.46001507572124,-4.3354895067392984,2026-09-01,268.74,70674213.0,4.87955,1545527,4535.3,Travel & Tourism Services,0000-00-00,XLY,C. Cyclical,71,25,91.0822,8,104858,11.46,24.6,33.31,71.43,415344925.98,True,True,33.33333333333333,,False,False,False,,False,False,10.238095238095237,26.23015873015873,288,252,0.618700000000004,0.0,True,53.38126984126984,False,False,kink rank <70; five-day return <=0; IVR outside 30–70; more than 5% below 20-day high
TFC,2026-09-01,49.4,0.553076,23.3935,2.75262,24.0929,24.852,25.526,0.0220389,24.7571,24.9463,22.865199999999998,24.875,27.820600000000002,28.9628,2.009800000000002,-0.5283000000000015,0.0943000000000005,0.664200000000001,3.7277000000000022,-0.1891999999999996,0.7936507936507936,97.61904761904762,92.85714285714286,2.380952380952381,9.523809523809524,24.206349206349206,-2.1588433353139314,-7.020515716167896,51.46340000000001,49.580650000000006,-4.009451377095196,True,False,False,2.574750830564798,7.699276399546739,2026-09-01,49.58,60348324.0,2.20389,5955892,4341.05,Regional Banking,0000-00-00,XLF,Financials,52,20,55.3076,6,146534,19.65,20.24,46.71,52.38,295293125.36,True,True,59.375,,False,False,False,,False,False,10.198412698412698,24.76190476190476,288,252,1.4815000000000005,0.7936507936507936,True,45.032539682539685,False,False,kink rank <70; five-day return <=0; IVR outside 30–70; more than 5% below 20-day high
TTD,2026-09-01,13.73,0.807514,51.5105,4.0,49.420500000000004,51.5105,68.7701,0.0469763,63.513,64.8054,54.6691,53.0376,52.450300000000006,59.3011,-1.6315000000000026,3.1586,13.294900000000005,14.092499999999994,3.0298000000000016,-1.2924000000000078,25.793650793650794,92.06349206349206,86.9047619047619,26.984126984126984,45.63492063492063,17.46031746031746,3.9364118092354294,-27.926509186351712,16.753800000000002,25.4459,-18.048442741348236,False,False,False,-35.20528551203398,-30.08075994305204,2026-09-01,13.72,6451455.0,4.69763,29272993,81072.6,Advertising & Marketing Services,0000-00-00,XLK,Technology,29,20,80.7514,9,976731,25.18,18.65,2.96,23.81,401625463.96000004,True,True,12.152777777777777,,False,False,False,,False,False,12.976190476190476,25.97222222222222,288,252,1.5270999999999972,73.41269841269842,False,29.661269841269842,False,False,kink rank <70; local RR rank >10; IVR outside 30–70; more than 5% below 20-day high
W,2026-09-01,93.38,0.867972,51.6913,4.0,51.5714,51.6913,60.9866,0.0618139,60.113099999999996,61.323899999999995,52.1282,52.2103,50.629900000000006,55.433699999999995,0.08209999999999695,0.4369000000000014,9.632599999999996,8.541699999999999,-0.9414999999999907,-1.210799999999999,5.158730158730159,88.0952380952381,90.07936507936508,1.1904761904761905,38.492063492063494,4.365079365079365,-10.220171137390643,-13.561047857076748,95.7102,88.24885,-2.4346412399096518,True,True,False,28.481012658227822,33.60553822720976,2026-09-01,99.27,12290197.0,6.18139,3358170,7632.1,E-commerce & Internet Retail,0000-00-00,XLY,C. Cyclical,24,2,86.7972,8,202436,2.59,2.38,4.48,23.81,333365535.9,True,True,93.75,,True,False,False,,False,False,21.11111111111111,25.93253968253968,288,252,0.5189999999999984,5.555555555555555,True,60.26714285714285,False,False,kink rank <70; five-day return <=0; IVR outside 30–70; more than 5% below 20-day high
ZIM,2026-09-01,27.0,0.612612,44.8621,2.6309,47.0906,44.8621,42.7995,0.335379,66.4152,41.9248,43.166,46.7459,48.3559,48.6273,3.579900000000002,-1.6961000000000013,-2.9373000000000005,19.324599999999997,1.2652999999999963,24.4904,30.952380952380953,54.76190476190476,94.44444444444444,6.746031746031746,95.23809523809524,33.73015873015873,-4.289259127968803,-6.15224191866528,25.832399999999996,24.454549999999998,4.519905235285937,True,True,True,7.057890563045199,12.18241613202714,2026-09-01,27.4,3254031.0,33.53789,2149205,7748.25,Marine Transportation,0000-00-00,XLI,Industrials,81,38,61.2612,11,240432,54.11,38.1,76.97,80.95,58888217.0,True,True,69.44444444444444,,True,False,False,other,False,False,25.357142857142858,34.2063492063492,288,252,1.8838000000000008,13.88888888888889,False,21.03174603174603,False,False,local RR rank >10; five-day return <=0; more than 5% below 20-day high
ABT,2026-09-02,110.6,0.817196,23.1433,2.16627,22.1687,23.1433,26.131,0.033686,25.4226,25.4737,23.1767,24.604599999999998,25.6917,29.159299999999998,1.4278999999999975,0.03340000000000032,2.330400000000001,3.253899999999998,3.5229999999999997,-0.0511000000000017,9.523809523809524,92.85714285714286,94.84126984126983,13.492063492063492,46.42857142857143,32.93650793650794,-3.2116916075960456,-5.023615285530281,103.65600000000002,106.5299,6.699081577525634,True,True,True,26.77670793214122,31.661661309749046,2026-09-02,108.93,191380393.0,3.3686,7732945,8823.8,Medical Device Manufacturing,0000-00-00,XLV,Healthcare,14,50,81.7196,6,237241,41.84,50.4,9.08,14.29,842349698.85,True,True,89.19860627177701,,True,False,False,,False,False,21.30952380952381,26.805555555555557,287,252,1.4612999999999978,26.984126984126984,False,23.095238095238095,False,False,kink rank <70; five-day return <=0; more than 5% below 20-day high
AFRM,2026-09-02,74.2,0.961009,51.976,3.64566,49.954,51.976,58.52739999999999,0.0437385,53.9937,50.928200000000004,51.32600000000001,52.7754,52.93560000000001,53.5214,1.44939999999999,-0.6499999999999915,-1.0477999999999952,4.039699999999996,2.9816000000000074,3.065499999999993,12.698412698412698,71.42857142857143,88.88888888888889,9.920634920634921,63.095238095238095,3.5714285714285716,-2.9811715481171563,-6.230254012384673,77.3048,66.47915,-4.016309465906387,True,True,False,12.526539278131633,17.41149265573946,2026-09-02,69.94,25036657.0,4.37385,4963943,19517.95,Credit & Lending Services,0000-00-00,XLI,Industrials,19,2,96.1009,9,246489,10.7,1.59,25.46,19.05,347178173.42,True,True,72.12543554006969,,True,False,False,,False,False,22.698412698412696,27.043650793650794,287,252,0.7993999999999986,7.5396825396825395,True,50.25238095238095,False,False,kink rank <70; local RR rank >10; five-day return <=0; IVR outside 30–70; more than 5% below 20-day high
AI,2026-09-02,10.77,0.808823,67.4361,2.8005,117.655,81.36240000000001,73.6044,0.0896334,147.641,103.99099999999999,71.3088,70.2107,126.383,90.1666,-1.0981000000000023,3.872700000000009,22.628599999999977,29.98599999999999,8.727999999999994,43.650000000000006,45.63492063492063,63.095238095238095,92.06349206349206,48.80952380952381,95.23809523809524,94.04761904761905,11.490683229813659,-0.6457564575645836,9.4798,10.6543,13.609991771978326,False,True,True,0.9372071227741197,5.822160500381945,2026-09-02,10.34,1724139.0,8.96334,4374791,38636.45,Infrastructure Software,0000-00-00,XLK,Technology,5,19,80.8823,13,340903,32.47,25.79,5.39,14.29,45235338.94,True,True,48.43205574912892,,True,False,False,other,False,False,26.408730158730158,33.96825396825397,287,252,2.7746000000000066,67.85714285714286,False,18.403015873015875,False,False,local RR rank >10
AKAM,2026-09-02,104.89,0.942128,47.2307,4.0,45.244800000000005,47.2307,57.587999999999994,0.0598698,52.413900000000005,49.455,46.8252,48.8252,50.4966,54.4579,2.0,-0.4054999999999964,2.2242999999999995,7.1691,5.251799999999996,2.958900000000007,19.444444444444443,61.507936507936506,90.87301587301587,16.666666666666668,62.698412698412696,36.507936507936506,-3.841217455078838,-16.222044728434504,116.522,109.47330000000002,-9.982664217915937,False,False,False,-35.15301391035549,-30.268060532747665,2026-09-02,106.46,15074435.0,5.98698,3484419,8994.75,Infrastructure Software,0000-00-00,XLK,Technology,24,60,94.2128,9,210150,57.82,60.32,4.01,23.81,370951246.73999995,True,True,10.452961672473867,,False,False,False,,False,False,13.869047619047617,27.222222222222225,287,252,1.5945000000000036,15.873015873015873,False,22.936507936507937,False,False,kink rank <70; local RR rank >10; five-day return <=0; more than 5% below 20-day high
AVGO,2026-09-02,367.9,0.978983,40.8048,2.79768,70.3601,49.473,44.7062,0.0171409,76.759,53.987700000000004,42.088,39.7507,68.5527,49.6821,-2.337299999999999,1.2832000000000008,4.514700000000005,6.398899999999998,-1.8074000000000012,22.771299999999997,3.5714285714285716,96.03174603174604,91.66666666666667,0.7936507936507936,98.01587301587301,93.65079365079364,3.7741171161006504,-13.555299701590728,384.9564000000001,369.62839999999994,-4.430735532647356,False,False,False,-24.183410613086043,-19.298457235478217,2026-09-02,369.68,1729846933.0,1.71409,19532861,252449.8,Semiconductors,0000-00-00,XLK,Technology,33,10,97.8983,13,2217112,22.03,10.32,16.35,33.33,7220908054.4800005,True,True,17.770034843205575,,False,False,False,grab,False,False,10.555555555555555,54.06746031746032,287,252,-1.0540999999999983,1.9841269841269842,True,41.858888888888885,False,True,IVR outside 30–70; more than 5% below 20-day high
CRDO,2026-09-02,164.66,0.946938,71.967,2.25127,72.94669999999999,71.967,74.4916,0.0537247,86.0844,80.73939999999999,75.2399,71.1252,71.3253,74.39620000000001,-4.114699999999999,3.272900000000007,8.77239999999999,13.13770000000001,-1.6213999999999942,5.345000000000013,2.380952380952381,98.41269841269842,92.85714285714286,1.9841269841269842,66.26984126984127,8.333333333333334,-26.980044345898,-42.14945719003619,234.3718,175.0751,-29.74410743954691,False,False,False,-22.987699359244196,-18.10274598163637,2026-09-02,206.63,30945322.0,5.37247,4432282,25345.0,Semiconductors,0000-00-00,XLK,Technology,14,6,94.6938,12,223214,10.09,5.95,11.24,14.29,915842429.66,True,True,18.118466898954704,,False,False,False,,False,False,10.317460317460316,27.599206349206348,287,252,-0.8417999999999921,4.761904761904762,True,53.481428571428566,False,False,kink rank <70; five-day return <=0; IVR outside 30–70; more than 5% below 20-day high
DOCU,2026-09-02,65.44,0.827034,54.256099999999996,2.57018,92.7133,64.256,57.3743,0.109223,103.53099999999999,74.753,55.856700000000004,57.28189999999999,96.3256,71.3266,1.4251999999999896,1.6006000000000071,10.497,10.817699999999988,3.6122999999999905,28.77799999999999,26.19047619047619,91.66666666666667,89.28571428571429,9.920634920634921,94.84126984126983,92.46031746031746,9.817083403255577,-1.1181625868842637,54.75540000000001,53.654300000000006,19.513326539482833,True,True,True,25.846153846153854,30.73110722376168,2026-09-02,64.64,12714428.0,10.92228,2911481,7865.05,Application Software,0000-00-00,XLK,Technology,86,77,82.7034,0,160991,61.72,76.98,78.54,85.71,188198131.84,True,True,88.15331010452961,,False,False,False,other,True,False,13.035714285714286,3.6706349206349245,287,252,3.0257999999999967,71.42857142857143,False,19.761904761904763,False,False,local RR rank >10; near-front earnings flag
FDX,2026-09-02,317.1,0.894167,26.479999999999997,3.14511,25.0081,26.479999999999997,30.4181,0.0262032,30.731599999999997,28.9511,26.569399999999998,27.079199999999997,29.2047,27.7403,0.5097999999999985,0.08940000000000126,2.4711000000000034,5.723499999999998,4.1966,1.7804999999999964,1.9841269841269842,94.84126984126983,92.46031746031746,38.888888888888886,52.38095238095238,8.73015873015873,-6.022168217651592,-6.391143911439112,319.3954,334.816,-0.7186703377694115,False,False,False,-2.6195375119000053,2.26541586570782,2026-09-02,324.88,75048195.0,2.62032,1489574,5432.1,Freight & Logistics Services,0000-00-00,XLI,Industrials,67,15,89.4167,8,52267,33.16,14.29,33.47,61.9,483932801.12,True,True,42.1602787456446,,False,False,False,,False,False,10.456349206349206,26.865079365079367,287,252,0.5991999999999997,1.5873015873015872,True,31.125714285714288,False,False,kink rank <70; five-day return <=0; more than 5% below 20-day high
GOOG,2026-09-02,333.68,0.986278,27.2696,3.23952,25.9796,27.2696,32.4199,0.0107419,30.2118,32.5479,27.1548,28.066000000000003,29.2288,31.537100000000002,0.9112000000000009,-0.1147999999999989,5.278299999999998,4.232199999999999,3.2491999999999983,-2.3360999999999983,33.333333333333336,59.12698412698413,87.3015873015873,4.761904761904762,26.984126984126984,8.73015873015873,-1.6853270477312776,-6.374859708193037,347.0172,334.13295,-3.8433829792874796,False,False,False,-6.082355259084126,-1.197401881476301,2026-09-02,332.03,4080884654.0,1.07419,16333127,146349.25,Internet Content & Media,0000-00-00,XLC,Comm,33,13,98.6278,8,1768713,17.64,12.7,9.62,33.33,5423088157.809999,True,True,34.146341463414636,,False,False,False,,False,False,15.376984126984127,25.07936507936508,287,252,0.796400000000002,25.0,True,35.693333333333335,False,False,kink rank <70; local RR rank >10; five-day return <=0; IVR outside 30–70; more than 5% below 20-day high
GOOGL,2026-09-02,337.3,0.950512,27.0957,3.27346,26.0582,27.0957,32.5503,0.0108652,30.420399999999997,31.989600000000003,27.127000000000002,27.5842,29.315,31.261899999999997,0.4571999999999967,0.03130000000000166,4.893900000000002,4.362199999999998,3.256800000000002,-1.5692000000000057,20.238095238095237,62.698412698412696,87.6984126984127,6.746031746031746,35.714285714285715,9.126984126984127,-1.4635856387484991,-5.695193893812734,348.9508,335.2681,-3.3388087948215017,False,True,False,-6.06811662814335,-1.1831632505355243,2026-09-02,335.02,4125157018.0,1.08652,24012642,390329.0,Internet Content & Media,0000-00-00,XLC,Comm,19,9,95.0512,8,3373960,15.3,9.13,5.18,19.05,8044715322.839999,True,True,34.494773519163765,,False,False,False,,False,False,13.888888888888891,25.555555555555554,287,252,0.4884999999999984,8.333333333333334,True,43.98571428571429,False,False,kink rank <70; local RR rank >10; five-day return <=0; IVR outside 30–70; more than 5% below 20-day high
HUM,2026-09-02,403.92,0.891618,51.944199999999995,1.0,46.7877,51.944199999999995,51.6794,0.102429,57.950500000000005,48.152,49.8004,54.1869,60.1415,57.058,4.386499999999998,-2.1437999999999917,-3.792199999999994,11.162800000000004,13.3538,9.798500000000004,89.28571428571429,2.380952380952381,94.04761904761905,84.92063492063492,82.93650793650794,60.714285714285715,3.8434840733218456,0.0,386.5292,277.98555,4.499220240023272,True,True,True,23.678006062647363,28.562959440255188,2026-09-02,394.88,48502838.0,10.24286,1074127,4518.95,Health Insurance & Managed Care,0000-00-00,XLV,Healthcare,71,88,89.1618,9,130175,52.41,88.49,79.77,71.43,424151269.76,True,True,85.36585365853658,,True,False,False,other,False,False,33.80952380952381,33.551587301587304,287,252,2.2427000000000064,73.01587301587301,False,15.0,False,False,local RR rank >10; opposite put-wing rank >=70
LVS,2026-09-02,44.73,0.809314,27.8806,4.0,25.659599999999998,27.8806,33.741,0.0419313,36.4915,30.2457,27.9074,30.3662,33.5132,35.0302,2.4588,0.026799999999997937,2.365099999999998,10.831900000000005,7.8536,6.245800000000003,24.206349206349206,83.33333333333333,96.03174603174604,25.0,78.96825396825396,2.7777777777777777,-3.5159620362381405,-5.4334038054968286,46.190799999999996,54.42584999999999,-3.1625345306857677,False,False,False,-11.896789442584211,-7.011836064976386,2026-09-02,43.84,28971674.0,4.19313,4674451,5310.95,Resort & Casino Operations,0000-00-00,XLY,C. Cyclical,43,4,80.9314,7,161427,4.33,4.37,13.11,42.86,204927931.84,True,True,29.965156794425084,,False,False,False,other,False,False,13.253968253968255,33.551587301587304,287,252,2.485599999999998,32.53968253968254,False,50.82873015873016,False,False,local RR rank >10; five-day return <=0; IVR outside 30–70; more than 5% below 20-day high
ON,2026-09-02,72.18,0.932683,51.1254,1.66546,46.6455,51.1254,54.19500000000001,0.0438491,55.022800000000004,53.6596,51.389300000000006,52.42099999999999,50.031499999999994,54.6319,1.0316999999999865,0.2639000000000067,2.5341999999999985,8.377300000000005,3.3859999999999957,1.3632000000000062,31.746031746031747,65.87301587301587,86.11111111111111,9.126984126984127,53.96825396825397,12.698412698412698,-1.0961907371882629,-13.814925373134324,85.3538,78.07115,-15.434345043805898,False,False,False,-46.134328358208954,-41.24937498060113,2026-09-02,72.65,28101017.0,4.38491,8448744,14973.65,Semiconductors,0000-00-00,XLK,Technology,10,52,93.2683,8,301091,22.55,51.59,0.66,9.52,613801251.6,True,True,2.0905923344947737,,False,False,False,,False,False,14.88095238095238,26.30952380952381,287,252,1.2955999999999932,31.746031746031747,False,31.10079365079365,False,False,kink rank <70; local RR rank >10; five-day return <=0; IVR outside 30–70; more than 5% below 20-day high
ORCL,2026-09-02,146.33,0.964297,58.6681,2.27624,91.125,66.4572,59.7733,0.0225809,104.04500000000002,73.9022,60.9101,57.6434,89.6785,68.3609,-3.2667,2.2419999999999973,7.444999999999993,12.920000000000016,-1.4465000000000003,30.142800000000022,5.158730158730159,91.26984126984127,91.26984126984127,0.7936507936507936,94.04761904761905,92.85714285714286,-1.6136623411550977,-6.444600728853644,139.94320000000002,169.48710000000003,4.563851619800019,False,False,True,-36.90224656116597,-32.01729318355814,2026-09-02,141.32,421499321.0,2.25809,23387499,243372.3,Infrastructure Software,0000-00-00,XLK,Technology,5,58,96.4297,1,3077513,52.98,69.05,28.1,38.1,3305121358.68,True,True,9.059233449477352,,False,False,False,other,True,False,10.952380952380953,3.8293650793650755,287,252,-1.0247000000000028,5.158730158730159,False,27.936507936507937,False,False,five-day return <=0; more than 5% below 20-day high; near-front earnings flag
TFC,2026-09-02,50.89,0.559475,22.8546,2.65161,24.5396,24.5396,25.4616,0.0168799,25.052400000000002,25.052400000000002,21.9052,25.215,30.0095,30.0095,3.309799999999999,-0.9494000000000007,0.5128000000000021,0.5128000000000021,5.469899999999999,0.0,11.507936507936508,86.9047619047619,92.06349206349206,12.301587301587302,17.063492063492063,28.571428571428573,0.09834775767112447,-4.216073781291174,51.4902,49.6086,-1.1656587078706204,True,True,False,7.2949609951507455,12.17991437275857,2026-09-02,49.44,62168547.0,1.68799,5883663,4372.85,Regional Banking,0000-00-00,XLF,Financials,29,12,55.9475,6,148419,16.69,13.89,44.81,33.33,290888298.71999997,True,True,64.80836236933798,,True,False,False,,False,False,21.805555555555557,25.05952380952381,287,252,2.3603999999999985,13.88888888888889,True,43.23063492063492,False,False,kink rank <70; local RR rank >10; IVR outside 30–70
TSLA,2026-09-02,355.07,0.984328,41.668,1.66156,42.9251,41.668,44.352000000000004,0.00541241,55.0018,48.1516,42.7936,41.881099999999996,50.510999999999996,46.8833,-0.9125000000000014,1.1255999999999986,6.483600000000003,12.076700000000002,7.585899999999995,6.850200000000001,37.698412698412696,59.523809523809526,86.5079365079365,24.603174603174605,92.06349206349206,40.07936507936508,2.5295255695763963,-3.1952888573843374,358.039,399.91184999999996,-0.8292392728166509,False,False,False,-16.043223304643906,-11.15826992703608,2026-09-02,356.09,1402365793.0,0.54124,34275485,2490279.95,Automobile Manufacturing,0000-00-00,XLY,C. Cyclical,81,26,98.4328,7,5933040,19.22,27.78,65.58,80.95,12205157453.65,True,True,23.34494773519164,,False,False,False,other,False,False,15.793650793650793,33.25396825396825,287,252,0.21309999999999718,32.93650793650794,False,33.24031746031746,False,False,local RR rank >10; IVR outside 30–70
WDAY,2026-09-02,200.25,0.898017,46.5364,3.43076,44.1259,46.5364,44.0027,0.0763658,49.2727,45.2957,45.1205,49.4744,55.0624,53.42829999999999,4.353900000000003,-1.4159000000000006,-1.240700000000004,5.146799999999999,10.936499999999995,3.977000000000004,71.03174603174604,32.142857142857146,88.0952380952381,79.76190476190476,67.06349206349206,38.888888888888886,5.0464250118029685,-2.2693997071742356,162.4214,160.46805000000003,23.290403850724097,True,True,True,37.251542152159004,42.13649552976683,2026-09-02,198.38,48260250.0,7.63658,4926112,14606.15,Application Software,0000-00-00,XLK,Technology,62,49,89.8017,12,203485,49.35,48.81,22.82,61.9,977242098.56,True,True,96.51567944250871,good,False,False,False,,False,False,40.49603174603175,27.162698412698415,287,252,2.9380000000000024,71.03174603174604,False,15.0,False,False,kink rank <70; local RR rank >10; opposite put-wing rank >=70
ALB,2026-09-03,132.0,0.788806,47.045700000000004,2.44929,42.1672,47.045700000000004,50.6946,0.0744661,50.2131,47.6032,47.2381,46.8727,51.32640000000001,46.8292,-0.36540000000000106,0.19239999999999924,0.5574999999999974,8.045899999999996,9.159200000000006,2.609899999999996,29.761904761904763,45.23809523809524,86.11111111111111,80.95238095238095,65.47619047619048,0.7936507936507936,-2.7552674230145957,-7.711668880654409,128.2032,156.49605,2.961548541690062,False,False,True,-20.082339407882777,-16.817704488959485,2026-09-03,137.75,15561069.0,7.44661,2094104,5591.3,Specialized Chemicals,0000-00-00,XLB,Materials,62,5,78.8806,8,198444,3.52,5.16,10.3,61.9,288462826.0,True,True,17.708333333333336,,False,False,False,,False,False,15.714285714285712,26.884920634920636,288,250,-0.17300000000000182,12.301587301587302,True,53.06730158730159,False,False,kink rank <70; local RR rank >10; opposite put-wing rank >=70; five-day return <=0; IVR outside 30–70; more than 5% below 20-day high
AVGO,2026-09-03,358.9,0.973401,36.024699999999996,2.66869,36.687,36.024699999999996,39.1763,0.014311,44.668600000000005,42.2923,37.6654,36.0252,39.521699999999996,38.398700000000005,-1.6402,1.6407000000000025,6.267600000000002,7.981600000000007,2.834699999999998,2.3763000000000076,5.158730158730159,97.22222222222223,94.44444444444444,4.761904761904762,69.44444444444444,4.761904761904762,-2.8923942747368647,-15.67001104349256,384.5590000000001,369.7111,-6.67231816184255,False,False,False,-14.918332029490555,-11.653697110567263,2026-09-03,367.24,1687529395.0,1.4311,19862573,295448.9,Semiconductors,0000-00-00,XLK,Technology,5,1,97.3401,13,2386402,1.89,1.19,0.0,4.76,7294331308.52,True,True,23.61111111111111,,False,False,False,,False,False,10.654761904761905,27.916666666666664,288,250,0.0005000000000023874,7.142857142857143,True,60.64968253968254,False,False,kink rank <70; five-day return <=0; IVR outside 30–70; more than 5% below 20-day high
CCL,2026-09-03,23.51,0.817499,39.2011,2.35505,36.3139,44.7271,43.8311,0.0221639,45.8117,48.1499,39.8639,40.3055,42.2348,48.1033,0.4416000000000011,0.6628000000000043,3.4228000000000023,9.497800000000005,5.920900000000003,-2.3382000000000005,0.3968253968253968,99.2063492063492,99.2063492063492,15.476190476190476,21.03174603174603,7.936507936507937,-5.884707766212971,-19.070567986230635,26.933400000000002,27.790599999999998,-12.710612102445296,False,False,False,-15.613783201722898,-12.349148282799606,2026-09-03,23.74,32200451.0,2.21639,17927919,36383.7,Travel & Tourism Services,0000-00-00,XLY,C. Cyclical,71,29,81.7499,3,1068263,22.55,25.4,52.56,57.14,425608797.05999994,True,True,21.875,,False,False,False,,False,False,10.079365079365079,25.97222222222222,288,250,1.1044000000000054,1.1904761904761905,True,42.13253968253968,False,False,kink rank <70; five-day return <=0; IVR outside 30–70; more than 5% below 20-day high
CRDO,2026-09-03,165.4,0.952866,69.902,1.94229,71.1793,69.902,73.839,0.0538669,84.987,82.9568,72.9362,69.7887,70.9406,73.6187,-3.1474999999999937,3.0341999999999985,13.0548,13.807699999999997,-0.23869999999999436,2.0301999999999936,5.555555555555555,97.22222222222223,93.65079365079364,3.9682539682539684,51.58730158730159,7.142857142857143,-30.0279211439208,-41.88947054070196,232.37819999999996,175.17430000000002,-28.822927451886603,False,False,False,-24.443835366132195,-21.179200447208903,2026-09-03,165.22,31084394.0,5.38669,5523899,28269.15,Semiconductors,0000-00-00,XLK,Technology,14,6,95.2866,12,287072,7.6,5.95,7.72,14.29,912658592.78,True,True,13.88888888888889,,False,False,False,,False,False,10.694444444444443,26.944444444444443,288,250,-0.1132999999999953,12.301587301587302,True,53.82857142857143,False,False,kink rank <70; five-day return <=0; IVR outside 30–70; more than 5% below 20-day high
CVNA,2026-09-03,73.22,0.922917,54.6726,3.65668,50.734199999999994,54.6726,62.477700000000006,0.058247,53.327999999999996,56.181099999999994,53.6331,56.3965,58.6892,62.6537,2.7634000000000043,-1.0395000000000039,1.5084999999999908,2.5938000000000017,7.955000000000005,-2.8530999999999977,3.5714285714285716,94.04761904761905,89.28571428571429,7.5396825396825395,25.396825396825395,12.698412698412698,-1.612469766191893,-3.390948673967553,68.521,252.5455,6.857751638183918,True,False,True,10.922587486744417,14.18722240566771,2026-09-03,74.16,80507221.0,5.8247,8358214,54260.3,Auto Dealerships,0000-00-00,XLY,C. Cyclical,48,24,92.2917,7,1051624,22.72,21.83,47.89,33.33,619845150.24,True,True,69.79166666666666,,False,False,False,,False,False,10.654761904761905,25.1984126984127,288,250,1.7239000000000004,2.380952380952381,True,41.08952380952381,False,False,kink rank <70; five-day return <=0; IVR outside 30–70
DG,2026-09-03,130.94,0.791081,32.2883,4.0,30.375400000000003,32.2883,34.2365,0.0481617,39.6473,42.8869,33.434999999999995,33.7755,48.6891,49.3917,0.3405000000000058,1.1466999999999956,10.598599999999998,9.271899999999999,18.3137,-3.239599999999996,4.365079365079365,98.01587301587301,94.04761904761905,98.41269841269842,30.952380952380953,14.285714285714286,3.4199510307242775,-0.35765923445704173,122.64659999999999,125.9418,6.762030092966298,True,True,True,26.524301864914477,29.78893678383777,2026-09-03,130.89,28887562.0,4.81617,2496511,6194.95,Discount Retail,0000-00-00,XLP,C. Defensive,5,21,79.1081,13,93086,34.0,21.43,0.0,4.76,326768324.78999996,True,True,90.27777777777779,,True,False,False,,False,False,20.535714285714285,25.952380952380953,288,250,1.4872000000000014,27.77777777777778,False,25.126984126984127,False,False,kink rank <70; opposite put-wing rank >=70
FTNT,2026-09-03,155.86,0.904276,42.9035,4.0,40.0376,42.9035,53.242900000000006,0.0426787,45.3782,48.0555,43.043,43.6112,43.9328,45.176,0.5681999999999974,0.13949999999999818,5.152000000000001,5.340600000000002,3.8952000000000027,-2.6773000000000025,14.682539682539682,78.96825396825396,92.06349206349206,27.38095238095238,34.92063492063492,47.22222222222222,-9.871046088012491,-9.871046088012491,158.7484,109.6504,-1.8194829050245498,True,True,False,4.428810720268017,7.69344563919131,2026-09-03,154.54,114356610.0,4.26787,4534042,7092.0,Infrastructure Software,0000-00-00,XLK,Technology,67,78,90.4276,8,178357,43.61,77.78,31.82,66.67,700690850.68,True,True,57.638888888888886,,True,False,False,,False,False,22.51984126984127,25.952380952380953,288,250,0.7076999999999956,13.095238095238095,False,24.444444444444443,False,False,kink rank <70; local RR rank >10; five-day return <=0; more than 5% below 20-day high
GME,2026-09-03,19.37,0.551653,47.192099999999996,2.38537,74.0128,54.186800000000005,51.884600000000006,0.0747127,122.46900000000001,103.691,60.468599999999995,45.3219,77.318,64.424,-15.146699999999996,13.276499999999999,49.5042,48.45620000000001,3.3051999999999992,18.778000000000006,7.5396825396825395,93.25396825396825,93.25396825396825,4.365079365079365,94.44444444444444,95.63492063492063,6.2534284147010455,0.0,20.2948,22.194000000000006,-4.556832292015677,False,False,False,-13.410818059901652,-10.14618314097836,2026-09-03,18.97,8691150.0,7.47127,6162240,109665.6,Specialized Retail,0000-00-00,XLY,C. Cyclical,81,57,55.1653,0,1681468,54.87,56.35,75.27,80.95,116897692.8,True,True,26.041666666666668,,False,False,False,grab,True,False,11.09126984126984,24.047619047619044,288,250,-1.870199999999997,20.634920634920636,False,24.365079365079367,False,True,near-front earnings flag
HUM,2026-09-03,406.68,0.887693,51.232200000000006,1.0,48.5441,51.232200000000006,52.190400000000004,0.0983413,64.7074,50.2638,50.3233,52.72520000000001,59.629,58.8674,2.401900000000005,-0.9089000000000027,-0.9684000000000026,16.163300000000007,11.084899999999998,14.443600000000004,61.111111111111114,26.19047619047619,98.80952380952381,73.41269841269842,88.4920634920635,68.65079365079364,2.8268015170670013,0.0,387.4284,278.83605,4.969072995165047,True,True,True,16.899019805110814,20.163654724034107,2026-09-03,400.97,48834260.0,9.83413,1054420,4754.9,Health Insurance & Managed Care,0000-00-00,XLV,Healthcare,95,92,88.7693,9,133233,56.25,91.67,95.23,95.24,422790787.40000004,True,True,79.86111111111111,,True,False,False,other,False,False,29.8015873015873,34.30555555555556,288,250,1.493000000000002,46.82539682539682,False,15.0,False,False,local RR rank >10; opposite put-wing rank >=70
KHC,2026-09-03,25.41,0.658621,24.75,1.79395,23.7284,24.75,27.7575,0.0311467,29.6714,30.069699999999997,26.3293,25.415100000000002,29.9954,27.611599999999996,-0.9141999999999975,1.5793,5.319699999999997,5.942999999999998,6.2669999999999995,-0.398299999999999,3.9682539682539684,97.61904761904762,89.28571428571429,45.23809523809524,44.84126984126984,24.603174603174605,1.3966480446927498,-3.420752565564422,25.3918,24.031999999999996,0.07167668302365815,True,True,True,12.883163038649492,16.147797957572784,2026-09-03,26.26,30131782.0,3.11467,15313236,35170.8,Packaged Food Products,0000-00-00,XLP,C. Defensive,48,60,65.8621,7,445392,65.27,66.67,40.02,57.14,402125577.36,True,True,72.56944444444444,,True,False,False,,False,False,20.515873015873012,26.170634920634924,288,250,0.6651000000000025,7.936507936507937,False,27.619047619047617,False,False,kink rank <70
LVS,2026-09-03,44.64,0.790873,27.6356,3.80994,25.3448,27.6356,33.2937,0.0374747,35.3014,29.049999999999997,27.413300000000003,29.066,35.8456,37.6282,1.6526999999999958,-0.22229999999999706,1.414399999999997,9.956600000000002,10.500799999999998,6.251400000000004,6.746031746031746,75.39682539682539,93.25396825396825,40.07936507936508,78.96825396825396,2.7777777777777777,1.4314928425357865,-5.623678646934449,46.1264,54.32045,-3.2224496167053918,False,False,False,-11.638954869358676,-8.374319950435384,2026-09-03,44.54,28913381.0,3.74747,4611186,5481.85,Resort & Casino Operations,0000-00-00,XLY,C. Cyclical,10,1,79.0873,6,162918,0.29,0.79,1.15,9.52,205382224.44,True,True,27.77777777777778,,False,False,False,grab,False,False,11.904761904761905,53.27380952380952,288,250,1.4303999999999988,5.158730158730159,True,62.32904761904762,False,True,IVR outside 30–70; more than 5% below 20-day high
MPC,2026-09-03,389.5,0.95844,43.7183,2.52337,42.2363,43.7183,46.5572,0.0149753,47.309200000000004,49.1101,44.8436,43.8517,46.7478,47.781099999999995,-0.9919000000000011,1.1253000000000029,5.3918000000000035,5.072900000000004,4.511499999999998,-1.8008999999999986,1.5873015873015872,98.41269841269842,94.44444444444444,15.476190476190476,0.3968253968253968,84.92063492063492,7.927623375543802,0.0,319.2734,240.7067,21.995756614863637,True,True,True,45.281611339052574,48.54624625797587,2026-09-03,387.0,113709319.0,1.49753,2573102,6641.5,Petroleum Refining & Marketing,0000-00-00,XLE,Energy,90,99,95.844,8,89271,94.11,99.21,83.47,90.48,995790474.0,True,True,97.56944444444444,,False,False,False,,False,False,10.238095238095237,24.46428571428571,288,250,0.13340000000000174,4.365079365079365,False,28.80952380952381,False,False,kink rank <70; IVR outside 30–70
MSTR,2026-09-03,143.41,0.95088,76.2506,1.87893,76.5708,76.2506,78.3788,0.0298672,98.4758,94.184,82.391,72.19149999999999,80.1663,86.5884,-10.199500000000015,6.1404,17.933399999999992,21.905,3.5955000000000013,4.291800000000009,0.0,99.60317460317461,90.47619047619048,0.0,78.57142857142857,64.28571428571429,4.625373896549201,0.0,102.5224,139.44285,39.88162586907835,False,True,True,10.247539975399732,13.512174894323024,2026-09-03,123.19,56974163.0,2.98672,25297606,516565.55,Application Software,0000-00-00,XLK,Technology,86,72,95.088,8,2734416,50.41,72.22,78.29,85.71,3116412083.14,True,True,69.44444444444444,,False,False,False,grab,False,True,10.019841269841269,52.97619047619048,288,250,-4.059100000000015,0.0,False,30.0,True,True,passed original surface
SE,2026-09-03,113.33,0.756505,40.1405,3.62521,38.1415,40.1405,48.9836,0.0710146,49.7802,45.324799999999996,40.6832,41.105199999999996,48.4779,42.1352,0.42199999999999704,0.5426999999999964,5.184299999999993,11.6387,10.336399999999998,4.4554000000000045,13.095238095238095,90.07936507936508,98.01587301587301,88.4920634920635,70.63492063492063,13.095238095238095,-3.9494872446817486,-13.303243574051404,110.34939999999999,105.96154999999999,2.701056824957826,True,True,True,23.251767264817836,26.51640218374113,2026-09-03,112.81,69412871.0,7.10146,4462842,12947.2,E-commerce & Internet Retail,0000-00-00,XLC,Comm,19,20,75.6505,9,246673,24.92,18.65,13.83,14.29,503453206.02,True,True,87.5,,True,False,False,other,False,False,21.805555555555557,33.33333333333333,288,250,0.9646999999999935,26.984126984126984,False,32.46095238095238,False,False,local RR rank >10; opposite put-wing rank >=70; five-day return <=0; IVR outside 30–70; more than 5% below 20-day high
SOFI,2026-09-03,18.56,0.942866,47.879599999999996,2.94188,44.363,47.879599999999996,55.6122,0.0140006,61.196799999999996,55.895799999999994,48.2339,49.0903,56.2158,60.3544,0.8564000000000007,0.35430000000000206,8.016199999999998,16.833799999999997,11.852800000000002,5.301000000000002,43.25396825396825,44.04761904761905,92.06349206349206,27.38095238095238,74.60317460317461,3.9682539682539684,-2.9288702928870425,-2.9288702928870425,17.871399999999998,20.01425,3.8530836979755456,True,False,True,8.411214953271017,11.67584987219431,2026-09-03,17.84,23971545.0,1.40006,44113073,314403.05,Credit & Lending Services,0000-00-00,XLF,Financials,62,5,94.2866,7,4005352,11.77,5.56,69.01,66.67,786977222.32,True,True,65.27777777777779,,False,False,False,other,False,False,17.123015873015873,32.93650793650794,288,250,1.2107000000000028,34.523809523809526,False,39.57920634920635,False,False,local RR rank >10; five-day return <=0; IVR outside 30–70
SPOT,2026-09-03,560.48,0.920165,34.5407,1.97745,33.295,34.5407,39.3093,0.0484391,37.341,40.2753,34.4625,35.922,38.0612,37.6005,1.4594999999999985,-0.07820000000000249,5.7346,4.045999999999999,4.766199999999998,-2.9343000000000004,27.77777777777778,86.9047619047619,94.04761904761905,58.73015873015873,25.396825396825395,4.365079365079365,6.177657377763457,-0.1816562778272468,500.8928000000001,507.82865,11.896198148585867,True,True,True,13.082075700104912,16.346710619028205,2026-09-03,559.36,115245932.0,4.84391,1708918,7638.7,Internet Content & Media,0000-00-00,XLC,Comm,5,12,92.0165,8,121679,9.52,12.3,0.0,4.76,955900372.48,True,True,73.95833333333334,,True,False,False,,False,False,23.432539682539684,25.674603174603174,288,250,1.381299999999996,54.36507936507937,False,44.92444444444445,False,False,kink rank <70; local RR rank >10; IVR outside 30–70
TOST,2026-09-03,33.8,0.931507,41.13,4.0,40.5752,41.13,49.396499999999996,0.0560618,46.2421,45.5276,42.2436,42.4057,46.5214,45.9079,0.16210000000000235,1.1135999999999981,4.397599999999997,5.666899999999998,5.9461999999999975,0.714500000000001,3.1746031746031744,95.23809523809524,88.0952380952381,25.0,44.44444444444444,13.095238095238095,-4.4117647058823595,-8.771929824561408,32.202999999999996,30.1219,4.959165295158852,True,True,True,34.6613545816733,37.92598950059659,2026-09-03,34.04,19604000.0,5.60618,9448360,12004.1,Infrastructure Software,0000-00-00,XLF,Financials,90,20,93.1507,8,351880,25.64,20.24,90.36,90.48,321622174.4,True,True,94.44444444444444,,True,False,False,,False,False,20.555555555555554,26.03174603174603,288,250,1.2757000000000005,6.746031746031746,True,37.37587301587302,False,False,kink rank <70; five-day return <=0; IVR outside 30–70; more than 5% below 20-day high
TTD,2026-09-03,15.14,0.823732,56.139700000000005,3.79921,53.221700000000006,56.139700000000005,70.8766,0.0469408,71.33500000000001,64.7256,58.0487,57.0752,61.8077,60.2731,-0.9734999999999943,1.9089999999999918,8.585899999999995,18.113300000000002,8.585999999999991,6.609400000000008,38.492063492063494,78.96825396825396,97.61904761904762,69.84126984126983,78.17460317460318,27.77777777777778,12.481426448736999,0.0,16.6314,25.1714,-8.967374965426833,False,False,False,-28.551203397829163,-25.28656847890587,2026-09-03,14.55,7113986.0,4.69408,29346105,80827.65,Advertising & Marketing Services,0000-00-00,XLK,Technology,81,34,82.3732,9,1010961,34.91,34.92,16.99,80.95,426985827.75,True,True,12.847222222222221,,False,False,False,other,False,False,14.90079365079365,33.670634920634924,288,250,0.9354999999999976,59.523809523809526,False,17.391587301587304,False,False,local RR rank >10
VKTX,2026-09-03,33.81,0.658685,112.382,1.0,88.35889999999999,112.382,94.7925,0.263799,127.292,127.94300000000001,118.512,112.008,113.057,117.168,-6.504000000000005,6.1299999999999955,15.561000000000007,38.93310000000001,24.69810000000001,-0.6510000000000105,31.746031746031747,67.46031746031746,85.71428571428571,81.34920634920636,38.492063492063494,78.17460317460318,-0.29489826010025144,-6.0833333333333295,35.4458,33.53005,-4.614933221989615,True,True,False,13.076923076923098,16.34155799584639,2026-09-03,33.5,3944036.0,26.37989,1751212,9052.25,Biotechnology,0000-00-00,XLV,Healthcare,100,100,65.8685,7,237015,100.0,100.0,100.0,100.0,58665602.0,True,True,73.61111111111111,,True,False,False,,False,False,24.8015873015873,25.496031746031743,288,250,-0.37400000000000944,35.317460317460316,False,18.650793650793652,False,False,kink rank <70; local RR rank >10; opposite put-wing rank >=70; five-day return <=0; IVR outside 30–70; more than 5% below 20-day high
VST,2026-09-03,144.26,0.929597,41.6314,2.45736,38.8815,41.6314,46.119,0.0295414,44.710899999999995,45.9385,42.877500000000005,42.4079,42.0645,44.9174,-0.4696000000000069,1.2461000000000055,4.307099999999998,5.829399999999993,3.183,-1.2276000000000025,4.761904761904762,95.63492063492063,86.5079365079365,12.301587301587302,29.365079365079364,1.5873015873015872,3.3381088825214844,-3.0054461104013996,150.0182,157.88745,-3.8383342821071142,False,False,False,-6.056264652253196,-2.7916297333299034,2026-09-03,143.46,48418733.0,2.95414,4231856,32583.4,Independent Power Production,0000-00-00,XLU,Utilities,33,3,92.9597,9,532517,9.57,2.38,21.01,28.57,607102061.76,True,True,35.06944444444444,,False,False,False,,False,False,10.694444444444445,25.11904761904762,288,250,0.7764999999999986,15.079365079365079,True,51.46174603174603,False,False,kink rank <70; IVR outside 30–70
W,2026-09-03,97.04,0.896135,55.437999999999995,4.0,53.0511,55.437999999999995,62.3865,0.0804022,60.9206,60.0503,56.5138,55.226200000000006,61.211800000000004,57.942800000000005,-1.2875999999999976,1.075800000000008,4.612300000000005,7.869500000000002,8.160700000000006,0.8703000000000003,1.5873015873015872,97.61904761904762,88.0952380952381,51.58730158730159,50.79365079365079,7.936507936507937,-7.800475059382417,-9.443822321761841,95.9958,88.15515,1.0877559226549538,True,True,True,33.42499656262889,36.68963148155218,2026-09-03,94.54,12771908.0,8.04022,2550426,7041.35,E-commerce & Internet Retail,0000-00-00,XLY,C. Cyclical,81,15,89.6135,7,209389,11.98,15.48,36.95,80.95,241117274.04000002,True,True,93.40277777777779,,True,False,False,,False,False,20.27777777777778,26.349206349206348,288,250,-0.21179999999998955,1.1904761904761905,True,52.46444444444444,False,False,kink rank <70; five-day return <=0; IVR outside 30–70; more than 5% below 20-day high
WDAY,2026-09-03,206.56,0.852387,46.839,4.0,42.9321,46.839,44.1521,0.101896,49.1458,43.6468,44.921299999999995,49.5013,55.369299999999996,52.3366,4.580000000000005,-1.9177000000000035,-3.1921999999999997,6.213700000000003,12.437199999999997,5.499000000000002,73.01587301587301,22.22222222222222,90.87301587301587,84.92063492063492,73.80952380952381,38.095238095238095,7.131372854105078,0.0,164.17079999999999,160.3458,25.82018239540773,True,True,True,38.86386554621848,42.12850046514177,2026-09-03,200.87,49780960.0,10.18956,4898320,14684.1,Application Software,0000-00-00,XLK,Technology,57,47,85.2387,12,205072,48.49,47.22,21.57,57.14,983925538.4,True,True,95.48611111111111,good,False,False,False,other,False,False,41.19047619047619,32.77777777777778,288,250,2.662300000000002,68.65079365079364,False,15.0,False,False,local RR rank >10; opposite put-wing rank >=70
ZS,2026-09-03,177.92,0.936149,62.2354,3.0516,125.16400000000002,78.8921,63.2191,0.078073,133.587,82.9051,64.1359,60.6373,121.827,78.6026,-3.4986000000000033,1.900500000000008,4.013000000000005,8.422999999999973,-3.3370000000000175,50.681899999999985,2.380952380952381,94.44444444444444,94.84126984126983,1.5873015873015872,100.0,100.0,-4.88613279161767,-6.219692177946456,160.1544,173.04415,11.092795452388437,True,True,True,30.65060948744307,33.91524440636636,2026-09-03,172.73,28771359.0,7.8073,2245834,20312.9,Infrastructure Software,0000-00-00,XLK,Technology,100,85,93.6149,13,220305,81.82,85.32,100.0,100.0,387922906.82,True,True,92.01388888888889,,True,False,False,other,False,False,20.515873015873016,34.48412698412699,288,250,-1.5980999999999952,1.9841269841269842,False,29.126984126984127,False,False,five-day return <=0; IVR outside 30–70; more than 5% below 20-day high
