row_id,primary_episode,tradeDate,ticker,scenario,expiry,leg1_strike,leg2_strike,entry_mode,method,horizon,entry_time,leg1_price,entry_package_debit,exit_time,planned_exit,exit_shortened,deadline_censored,deadline,status,paired,leg2_time,leg2_price,financing_cash_after_all_fees,pnl_net,actions,completion_benefit_vs_close,pnl_extra_1c_slippage,residual_liquidation,first_leg_pnl_at_completion,min_liquidation_pnl,max_liquidation_pnl,first_leg_min_pnl
0,True,2026-08-19,MSTR,sell-first call grab,2026-08-28,140.0,135.0,clock,simultaneous,-1,2026-08-20T10:01:00-04:00,0.6,0.4,2026-08-25T15:50:00-04:00,2026-08-25,False,False,2026-08-20T15:50:00-04:00,completed,True,2026-08-20T10:01:00-04:00,1.0,-42.6,6.399999999999997,4.0,22.699999999999996,2.399999999999997,49.0,-16.3,-47.60000000000001,58.4,
0,True,2026-08-19,MSTR,sell-first call grab,2026-08-28,140.0,135.0,clock,standalone,-1,2026-08-20T10:01:00-04:00,0.6,0.4,2026-08-25T15:50:00-04:00,2026-08-25,False,False,2026-08-20T15:50:00-04:00,standalone,False,,,,-21.300000000000008,2.0,,-23.300000000000008,-80.0,,-142.3,16.7,-142.3
0,True,2026-08-19,MSTR,sell-first call grab,2026-08-28,140.0,135.0,clock,fixed_clock,0,2026-08-20T10:01:00-04:00,0.6,0.4,2026-08-25T15:50:00-04:00,2026-08-25,False,False,2026-08-20T15:50:00-04:00,completed,True,2026-08-20T15:50:00-04:00,1.05,-47.60000000000001,1.3999999999999924,4.0,19.699999999999996,-2.6000000000000076,49.0,-18.300000000000004,-52.600000000000016,53.39999999999999,-31.300000000000004
0,True,2026-08-19,MSTR,sell-first call grab,2026-08-28,140.0,135.0,clock,fixed_clock,1,2026-08-20T10:01:00-04:00,0.6,0.4,2026-08-25T15:50:00-04:00,2026-08-25,False,False,2026-08-21T15:50:00-04:00,completed,True,2026-08-21T15:50:00-04:00,1.53,-95.6,-46.60000000000001,4.0,-4.300000000000011,-50.60000000000001,49.0,-42.3,-129.30000000000004,16.7,-129.30000000000004
0,True,2026-08-19,MSTR,sell-first call grab,2026-08-28,140.0,135.0,clock,fixed_clock,2,2026-08-20T10:01:00-04:00,0.6,0.4,2026-08-25T15:50:00-04:00,2026-08-25,False,False,2026-08-24T15:50:00-04:00,completed,True,2026-08-24T15:50:00-04:00,1.43,-85.6,-36.6,4.0,-4.299999999999997,-40.6,49.0,-32.300000000000004,-142.3,16.7,-142.3
0,True,2026-08-19,MSTR,sell-first call grab,2026-08-28,140.0,135.0,clock,price_finance,0,2026-08-20T10:01:00-04:00,0.6,0.4,2026-08-20T15:50:00-04:00,2026-08-25,False,False,2026-08-20T15:50:00-04:00,aborted_uncompleted,False,,,,-18.300000000000004,2.0,,-20.300000000000004,-77.0,,-31.300000000000004,16.7,-31.300000000000004
0,True,2026-08-19,MSTR,sell-first call grab,2026-08-28,140.0,135.0,clock,price_finance,1,2026-08-20T10:01:00-04:00,0.6,0.4,2026-08-21T15:50:00-04:00,2026-08-25,False,False,2026-08-21T15:50:00-04:00,aborted_uncompleted,False,,,,-42.3,2.0,,-44.3,-101.0,,-129.30000000000004,16.7,-129.30000000000004
0,True,2026-08-19,MSTR,sell-first call grab,2026-08-28,140.0,135.0,clock,price_finance,2,2026-08-20T10:01:00-04:00,0.6,0.4,2026-08-24T15:50:00-04:00,2026-08-25,False,False,2026-08-24T15:50:00-04:00,aborted_uncompleted,False,,,,-32.300000000000004,2.0,,-34.300000000000004,-91.0,,-142.3,16.7,-142.3
0,True,2026-08-19,MSTR,sell-first call grab,2026-08-28,140.0,135.0,clock,hiro_finance,0,2026-08-20T10:01:00-04:00,0.6,0.4,2026-08-20T15:50:00-04:00,2026-08-25,False,False,2026-08-20T15:50:00-04:00,aborted_uncompleted,False,,,,-18.300000000000004,2.0,,-20.300000000000004,-77.0,,-31.300000000000004,16.7,-31.300000000000004
0,True,2026-08-19,MSTR,sell-first call grab,2026-08-28,140.0,135.0,clock,hiro_finance,1,2026-08-20T10:01:00-04:00,0.6,0.4,2026-08-21T15:50:00-04:00,2026-08-25,False,False,2026-08-21T15:50:00-04:00,aborted_uncompleted,False,,,,-42.3,2.0,,-44.3,-101.0,,-129.30000000000004,16.7,-129.30000000000004
0,True,2026-08-19,MSTR,sell-first call grab,2026-08-28,140.0,135.0,clock,hiro_finance,2,2026-08-20T10:01:00-04:00,0.6,0.4,2026-08-24T15:50:00-04:00,2026-08-25,False,False,2026-08-24T15:50:00-04:00,aborted_uncompleted,False,,,,-32.300000000000004,2.0,,-34.300000000000004,-91.0,,-142.3,16.7,-142.3
1,True,2026-08-20,MSTR,sell-first call grab,2026-08-28,150.0,145.0,clock,simultaneous,-1,2026-08-21T10:01:00-04:00,0.75,0.3400000000000001,2026-08-26T15:50:00-04:00,2026-08-26,False,False,2026-08-21T15:50:00-04:00,completed,True,2026-08-21T10:01:00-04:00,1.09,-36.60000000000001,-34.60000000000001,4.0,-26.300000000000004,-38.60000000000001,2.0000000000000004,-8.300000000000006,-41.60000000000001,0.3999999999999915,
1,True,2026-08-20,MSTR,sell-first call grab,2026-08-28,150.0,145.0,clock,standalone,-1,2026-08-21T10:01:00-04:00,0.75,0.3400000000000001,2026-08-26T15:50:00-04:00,2026-08-26,False,False,2026-08-21T15:50:00-04:00,standalone,False,,,,65.7,2.0,,63.7,-8.0,,-22.299999999999997,67.7,-22.299999999999997
1,True,2026-08-20,MSTR,sell-first call grab,2026-08-28,150.0,145.0,clock,fixed_clock,0,2026-08-21T10:01:00-04:00,0.75,0.3400000000000001,2026-08-26T15:50:00-04:00,2026-08-26,False,False,2026-08-21T15:50:00-04:00,completed,True,2026-08-21T15:50:00-04:00,0.72,0.4000000000000026,2.4000000000000026,4.0,-17.299999999999994,-1.5999999999999974,2.0000000000000004,19.699999999999996,-22.299999999999997,37.4,-22.299999999999997
1,True,2026-08-20,MSTR,sell-first call grab,2026-08-28,150.0,145.0,clock,fixed_clock,1,2026-08-21T10:01:00-04:00,0.75,0.3400000000000001,2026-08-26T15:50:00-04:00,2026-08-26,False,False,2026-08-24T15:50:00-04:00,completed,True,2026-08-24T15:50:00-04:00,0.5700000000000001,15.399999999999993,17.399999999999995,4.0,-18.300000000000008,13.399999999999995,2.0000000000000004,35.7,-22.299999999999997,41.39999999999999,-22.299999999999997
1,True,2026-08-20,MSTR,sell-first call grab,2026-08-28,150.0,145.0,clock,fixed_clock,2,2026-08-21T10:01:00-04:00,0.75,0.3400000000000001,2026-08-26T15:50:00-04:00,2026-08-26,False,False,2026-08-25T15:50:00-04:00,completed,True,2026-08-25T15:50:00-04:00,0.45,27.4,29.4,4.0,-18.300000000000004,25.4,2.0000000000000004,47.7,-22.299999999999997,54.70000000000001,-22.299999999999997
1,True,2026-08-20,MSTR,sell-first call grab,2026-08-28,150.0,145.0,clock,price_finance,0,2026-08-21T10:01:00-04:00,0.75,0.3400000000000001,2026-08-26T15:50:00-04:00,2026-08-26,False,False,2026-08-21T15:50:00-04:00,completed,True,2026-08-21T14:36:00-04:00,0.7000000000000001,2.399999999999993,4.399999999999993,4.0,-17.300000000000004,0.39999999999999325,2.0000000000000004,21.7,-22.299999999999997,39.39999999999999,-22.299999999999997
1,True,2026-08-20,MSTR,sell-first call grab,2026-08-28,150.0,145.0,clock,price_finance,1,2026-08-21T10:01:00-04:00,0.75,0.3400000000000001,2026-08-26T15:50:00-04:00,2026-08-26,False,False,2026-08-24T15:50:00-04:00,completed,True,2026-08-21T14:36:00-04:00,0.7000000000000001,2.399999999999993,4.399999999999993,4.0,-17.300000000000004,0.39999999999999325,2.0000000000000004,21.7,-22.299999999999997,39.39999999999999,-22.299999999999997
1,True,2026-08-20,MSTR,sell-first call grab,2026-08-28,150.0,145.0,clock,price_finance,2,2026-08-21T10:01:00-04:00,0.75,0.3400000000000001,2026-08-26T15:50:00-04:00,2026-08-26,False,False,2026-08-25T15:50:00-04:00,completed,True,2026-08-21T14:36:00-04:00,0.7000000000000001,2.399999999999993,4.399999999999993,4.0,-17.300000000000004,0.39999999999999325,2.0000000000000004,21.7,-22.299999999999997,39.39999999999999,-22.299999999999997
1,True,2026-08-20,MSTR,sell-first call grab,2026-08-28,150.0,145.0,clock,hiro_finance,0,2026-08-21T10:01:00-04:00,0.75,0.3400000000000001,2026-08-26T15:50:00-04:00,2026-08-26,False,False,2026-08-21T15:50:00-04:00,completed,True,2026-08-21T14:36:00-04:00,0.7000000000000001,2.399999999999993,4.399999999999993,4.0,-17.300000000000004,0.39999999999999325,2.0000000000000004,21.7,-22.299999999999997,39.39999999999999,-22.299999999999997
1,True,2026-08-20,MSTR,sell-first call grab,2026-08-28,150.0,145.0,clock,hiro_finance,1,2026-08-21T10:01:00-04:00,0.75,0.3400000000000001,2026-08-26T15:50:00-04:00,2026-08-26,False,False,2026-08-24T15:50:00-04:00,completed,True,2026-08-21T14:36:00-04:00,0.7000000000000001,2.399999999999993,4.399999999999993,4.0,-17.300000000000004,0.39999999999999325,2.0000000000000004,21.7,-22.299999999999997,39.39999999999999,-22.299999999999997
1,True,2026-08-20,MSTR,sell-first call grab,2026-08-28,150.0,145.0,clock,hiro_finance,2,2026-08-21T10:01:00-04:00,0.75,0.3400000000000001,2026-08-26T15:50:00-04:00,2026-08-26,False,False,2026-08-25T15:50:00-04:00,completed,True,2026-08-21T14:36:00-04:00,0.7000000000000001,2.399999999999993,4.399999999999993,4.0,-17.300000000000004,0.39999999999999325,2.0000000000000004,21.7,-22.299999999999997,39.39999999999999,-22.299999999999997
1,True,2026-08-20,MSTR,sell-first call grab,2026-08-28,150.0,145.0,hiro,simultaneous,-1,2026-08-21T10:41:00-04:00,0.61,0.3400000000000001,2026-08-26T15:50:00-04:00,2026-08-26,False,False,2026-08-21T15:50:00-04:00,completed,True,2026-08-21T10:41:00-04:00,0.9500000000000001,-36.60000000000001,-34.60000000000001,4.0,-24.3,-38.60000000000001,2.0000000000000004,-10.300000000000008,-41.60000000000001,0.3999999999999915,
1,True,2026-08-20,MSTR,sell-first call grab,2026-08-28,150.0,145.0,hiro,standalone,-1,2026-08-21T10:41:00-04:00,0.61,0.3400000000000001,2026-08-26T15:50:00-04:00,2026-08-26,False,False,2026-08-21T15:50:00-04:00,standalone,False,,,,51.7,2.0,,49.7,-8.0,,-36.3,53.70000000000001,-36.3
1,True,2026-08-20,MSTR,sell-first call grab,2026-08-28,150.0,145.0,hiro,fixed_clock,0,2026-08-21T10:41:00-04:00,0.61,0.3400000000000001,2026-08-26T15:50:00-04:00,2026-08-26,False,False,2026-08-21T15:50:00-04:00,completed,True,2026-08-21T15:50:00-04:00,0.72,-13.599999999999998,-11.599999999999998,4.0,-17.299999999999994,-15.599999999999998,2.0000000000000004,5.699999999999995,-36.3,23.4,-36.3
1,True,2026-08-20,MSTR,sell-first call grab,2026-08-28,150.0,145.0,hiro,fixed_clock,1,2026-08-21T10:41:00-04:00,0.61,0.3400000000000001,2026-08-26T15:50:00-04:00,2026-08-26,False,False,2026-08-24T15:50:00-04:00,completed,True,2026-08-24T15:50:00-04:00,0.5700000000000001,1.3999999999999924,3.399999999999993,4.0,-18.300000000000008,-0.6000000000000072,2.0000000000000004,21.7,-36.3,27.39999999999999,-36.3
1,True,2026-08-20,MSTR,sell-first call grab,2026-08-28,150.0,145.0,hiro,fixed_clock,2,2026-08-21T10:41:00-04:00,0.61,0.3400000000000001,2026-08-26T15:50:00-04:00,2026-08-26,False,False,2026-08-25T15:50:00-04:00,completed,True,2026-08-25T15:50:00-04:00,0.45,13.399999999999999,15.4,4.0,-18.300000000000004,11.4,2.0000000000000004,33.7,-36.3,40.7,-36.3
1,True,2026-08-20,MSTR,sell-first call grab,2026-08-28,150.0,145.0,hiro,price_finance,0,2026-08-21T10:41:00-04:00,0.61,0.3400000000000001,2026-08-21T15:50:00-04:00,2026-08-26,False,False,2026-08-21T15:50:00-04:00,aborted_uncompleted,False,,,,5.699999999999995,2.0,,3.699999999999995,-54.0,,-36.3,14.699999999999998,-36.3
1,True,2026-08-20,MSTR,sell-first call grab,2026-08-28,150.0,145.0,hiro,price_finance,1,2026-08-21T10:41:00-04:00,0.61,0.3400000000000001,2026-08-26T15:50:00-04:00,2026-08-26,False,False,2026-08-24T15:50:00-04:00,completed,True,2026-08-24T09:46:00-04:00,0.52,6.399999999999997,8.399999999999997,4.0,-17.299999999999997,4.399999999999997,2.0000000000000004,25.699999999999996,-36.3,43.4,-36.3
1,True,2026-08-20,MSTR,sell-first call grab,2026-08-28,150.0,145.0,hiro,price_finance,2,2026-08-21T10:41:00-04:00,0.61,0.3400000000000001,2026-08-26T15:50:00-04:00,2026-08-26,False,False,2026-08-25T15:50:00-04:00,completed,True,2026-08-24T09:46:00-04:00,0.52,6.399999999999997,8.399999999999997,4.0,-17.299999999999997,4.399999999999997,2.0000000000000004,25.699999999999996,-36.3,43.4,-36.3
1,True,2026-08-20,MSTR,sell-first call grab,2026-08-28,150.0,145.0,hiro,hiro_finance,0,2026-08-21T10:41:00-04:00,0.61,0.3400000000000001,2026-08-21T15:50:00-04:00,2026-08-26,False,False,2026-08-21T15:50:00-04:00,aborted_uncompleted,False,,,,5.699999999999995,2.0,,3.699999999999995,-54.0,,-36.3,14.699999999999998,-36.3
1,True,2026-08-20,MSTR,sell-first call grab,2026-08-28,150.0,145.0,hiro,hiro_finance,1,2026-08-21T10:41:00-04:00,0.61,0.3400000000000001,2026-08-26T15:50:00-04:00,2026-08-26,False,False,2026-08-24T15:50:00-04:00,completed,True,2026-08-24T13:24:00-04:00,0.56,2.399999999999993,4.399999999999993,4.0,-17.300000000000004,0.39999999999999325,2.0000000000000004,21.7,-36.3,28.39999999999999,-36.3
1,True,2026-08-20,MSTR,sell-first call grab,2026-08-28,150.0,145.0,hiro,hiro_finance,2,2026-08-21T10:41:00-04:00,0.61,0.3400000000000001,2026-08-26T15:50:00-04:00,2026-08-26,False,False,2026-08-25T15:50:00-04:00,completed,True,2026-08-24T13:24:00-04:00,0.56,2.399999999999993,4.399999999999993,4.0,-17.300000000000004,0.39999999999999325,2.0000000000000004,21.7,-36.3,28.39999999999999,-36.3
2,True,2026-08-21,MSTR,sell-first call grab,2026-08-28,160.0,155.0,clock,simultaneous,-1,2026-08-24T10:01:00-04:00,0.22,0.15,2026-08-27T15:50:00-04:00,2026-08-27,False,False,2026-08-24T15:50:00-04:00,completed,True,2026-08-24T10:01:00-04:00,0.37,-17.6,-14.6,4.0,-10.3,-18.6,3.0,-4.3,-31.600000000000005,-1.5999999999999992,
2,True,2026-08-21,MSTR,sell-first call grab,2026-08-28,160.0,155.0,clock,standalone,-1,2026-08-24T10:01:00-04:00,0.22,0.15,2026-08-27T15:50:00-04:00,2026-08-27,False,False,2026-08-24T15:50:00-04:00,standalone,False,,,,11.7,2.0,,9.7,-9.0,,-25.300000000000004,17.7,-25.300000000000004
2,True,2026-08-21,MSTR,sell-first call grab,2026-08-28,160.0,155.0,clock,fixed_clock,0,2026-08-24T10:01:00-04:00,0.22,0.15,2026-08-27T15:50:00-04:00,2026-08-27,False,False,2026-08-24T15:50:00-04:00,completed,True,2026-08-24T15:50:00-04:00,0.27,-7.600000000000001,-4.600000000000001,4.0,-9.3,-8.600000000000001,3.0,4.7,-25.300000000000004,8.399999999999999,-25.300000000000004
2,True,2026-08-21,MSTR,sell-first call grab,2026-08-28,160.0,155.0,clock,fixed_clock,1,2026-08-24T10:01:00-04:00,0.22,0.15,2026-08-27T15:50:00-04:00,2026-08-27,False,False,2026-08-25T15:50:00-04:00,completed,True,2026-08-25T15:50:00-04:00,0.16,3.4,6.4,4.0,-4.299999999999999,2.4000000000000004,3.0,10.7,-25.300000000000004,19.4,-25.300000000000004
2,True,2026-08-21,MSTR,sell-first call grab,2026-08-28,160.0,155.0,clock,fixed_clock,2,2026-08-24T10:01:00-04:00,0.22,0.15,2026-08-27T15:50:00-04:00,2026-08-27,False,False,2026-08-26T15:50:00-04:00,completed,True,2026-08-26T15:50:00-04:00,0.15,4.4,7.4,4.0,-10.299999999999999,3.4000000000000004,3.0,17.7,-25.300000000000004,20.4,-25.300000000000004
2,True,2026-08-21,MSTR,sell-first call grab,2026-08-28,160.0,155.0,clock,price_finance,0,2026-08-24T10:01:00-04:00,0.22,0.15,2026-08-24T15:50:00-04:00,2026-08-27,False,False,2026-08-24T15:50:00-04:00,aborted_uncompleted,False,,,,4.7,2.0,,2.7,-16.0,,-25.300000000000004,4.7,-25.300000000000004
2,True,2026-08-21,MSTR,sell-first call grab,2026-08-28,160.0,155.0,clock,price_finance,1,2026-08-24T10:01:00-04:00,0.22,0.15,2026-08-27T15:50:00-04:00,2026-08-27,False,False,2026-08-25T15:50:00-04:00,completed,True,2026-08-25T09:31:00-04:00,0.19,0.3999999999999999,3.4,4.0,4.7,-0.6000000000000001,3.0,-1.3,-25.300000000000004,16.4,-25.300000000000004
2,True,2026-08-21,MSTR,sell-first call grab,2026-08-28,160.0,155.0,clock,price_finance,2,2026-08-24T10:01:00-04:00,0.22,0.15,2026-08-27T15:50:00-04:00,2026-08-27,False,False,2026-08-26T15:50:00-04:00,completed,True,2026-08-25T09:31:00-04:00,0.19,0.3999999999999999,3.4,4.0,4.7,-0.6000000000000001,3.0,-1.3,-25.300000000000004,16.4,-25.300000000000004
2,True,2026-08-21,MSTR,sell-first call grab,2026-08-28,160.0,155.0,clock,hiro_finance,0,2026-08-24T10:01:00-04:00,0.22,0.15,2026-08-24T15:50:00-04:00,2026-08-27,False,False,2026-08-24T15:50:00-04:00,aborted_uncompleted,False,,,,4.7,2.0,,2.7,-16.0,,-25.300000000000004,4.7,-25.300000000000004
2,True,2026-08-21,MSTR,sell-first call grab,2026-08-28,160.0,155.0,clock,hiro_finance,1,2026-08-24T10:01:00-04:00,0.22,0.15,2026-08-27T15:50:00-04:00,2026-08-27,False,False,2026-08-25T15:50:00-04:00,completed,True,2026-08-25T13:05:00-04:00,0.18,1.4000000000000008,4.4,4.0,-0.2999999999999998,0.40000000000000036,3.0,4.7,-25.300000000000004,17.4,-25.300000000000004
2,True,2026-08-21,MSTR,sell-first call grab,2026-08-28,160.0,155.0,clock,hiro_finance,2,2026-08-24T10:01:00-04:00,0.22,0.15,2026-08-27T15:50:00-04:00,2026-08-27,False,False,2026-08-26T15:50:00-04:00,completed,True,2026-08-25T13:05:00-04:00,0.18,1.4000000000000008,4.4,4.0,-0.2999999999999998,0.40000000000000036,3.0,4.7,-25.300000000000004,17.4,-25.300000000000004
2,True,2026-08-21,MSTR,sell-first call grab,2026-08-28,160.0,155.0,hiro,simultaneous,-1,2026-08-24T10:51:00-04:00,0.26,0.21000000000000002,2026-08-27T15:50:00-04:00,2026-08-27,False,False,2026-08-24T15:50:00-04:00,completed,True,2026-08-24T10:51:00-04:00,0.47000000000000003,-23.600000000000005,-20.600000000000005,4.0,-13.300000000000004,-24.600000000000005,3.0,-7.3,-37.6,-7.600000000000001,
2,True,2026-08-21,MSTR,sell-first call grab,2026-08-28,160.0,155.0,hiro,standalone,-1,2026-08-24T10:51:00-04:00,0.26,0.21000000000000002,2026-08-27T15:50:00-04:00,2026-08-27,False,False,2026-08-24T15:50:00-04:00,standalone,False,,,,15.7,2.0,,13.7,-9.0,,-21.3,21.7,-21.3
2,True,2026-08-21,MSTR,sell-first call grab,2026-08-28,160.0,155.0,hiro,fixed_clock,0,2026-08-24T10:51:00-04:00,0.26,0.21000000000000002,2026-08-27T15:50:00-04:00,2026-08-27,False,False,2026-08-24T15:50:00-04:00,completed,True,2026-08-24T15:50:00-04:00,0.27,-3.600000000000001,-0.600000000000001,4.0,-9.3,-4.600000000000001,3.0,8.7,-21.3,12.4,-21.3
2,True,2026-08-21,MSTR,sell-first call grab,2026-08-28,160.0,155.0,hiro,fixed_clock,1,2026-08-24T10:51:00-04:00,0.26,0.21000000000000002,2026-08-27T15:50:00-04:00,2026-08-27,False,False,2026-08-25T15:50:00-04:00,completed,True,2026-08-25T15:50:00-04:00,0.16,7.4,10.4,4.0,-4.299999999999999,6.4,3.0,14.7,-21.3,23.4,-21.3
2,True,2026-08-21,MSTR,sell-first call grab,2026-08-28,160.0,155.0,hiro,fixed_clock,2,2026-08-24T10:51:00-04:00,0.26,0.21000000000000002,2026-08-27T15:50:00-04:00,2026-08-27,False,False,2026-08-26T15:50:00-04:00,completed,True,2026-08-26T15:50:00-04:00,0.15,8.400000000000002,11.400000000000002,4.0,-10.299999999999997,7.400000000000002,3.0,21.7,-21.3,24.4,-21.3
2,True,2026-08-21,MSTR,sell-first call grab,2026-08-28,160.0,155.0,hiro,price_finance,0,2026-08-24T10:51:00-04:00,0.26,0.21000000000000002,2026-08-27T15:50:00-04:00,2026-08-27,False,False,2026-08-24T15:50:00-04:00,completed,True,2026-08-24T14:43:00-04:00,0.23,0.3999999999999999,3.4,4.0,-3.300000000000002,-0.6000000000000001,3.0,6.700000000000002,-21.3,16.4,-21.3
2,True,2026-08-21,MSTR,sell-first call grab,2026-08-28,160.0,155.0,hiro,price_finance,1,2026-08-24T10:51:00-04:00,0.26,0.21000000000000002,2026-08-27T15:50:00-04:00,2026-08-27,False,False,2026-08-25T15:50:00-04:00,completed,True,2026-08-24T14:43:00-04:00,0.23,0.3999999999999999,3.4,4.0,-3.300000000000002,-0.6000000000000001,3.0,6.700000000000002,-21.3,16.4,-21.3
2,True,2026-08-21,MSTR,sell-first call grab,2026-08-28,160.0,155.0,hiro,price_finance,2,2026-08-24T10:51:00-04:00,0.26,0.21000000000000002,2026-08-27T15:50:00-04:00,2026-08-27,False,False,2026-08-26T15:50:00-04:00,completed,True,2026-08-24T14:43:00-04:00,0.23,0.3999999999999999,3.4,4.0,-3.300000000000002,-0.6000000000000001,3.0,6.700000000000002,-21.3,16.4,-21.3
2,True,2026-08-21,MSTR,sell-first call grab,2026-08-28,160.0,155.0,hiro,hiro_finance,0,2026-08-24T10:51:00-04:00,0.26,0.21000000000000002,2026-08-24T15:50:00-04:00,2026-08-27,False,False,2026-08-24T15:50:00-04:00,aborted_uncompleted,False,,,,8.7,2.0,,6.699999999999999,-16.0,,-21.3,8.7,-21.3
2,True,2026-08-21,MSTR,sell-first call grab,2026-08-28,160.0,155.0,hiro,hiro_finance,1,2026-08-24T10:51:00-04:00,0.26,0.21000000000000002,2026-08-27T15:50:00-04:00,2026-08-27,False,False,2026-08-25T15:50:00-04:00,completed,True,2026-08-25T11:27:00-04:00,0.2,3.4,6.4,4.0,-5.299999999999999,2.4000000000000004,3.0,11.7,-21.3,19.4,-21.3
2,True,2026-08-21,MSTR,sell-first call grab,2026-08-28,160.0,155.0,hiro,hiro_finance,2,2026-08-24T10:51:00-04:00,0.26,0.21000000000000002,2026-08-27T15:50:00-04:00,2026-08-27,False,False,2026-08-26T15:50:00-04:00,completed,True,2026-08-25T11:27:00-04:00,0.2,3.4,6.4,4.0,-5.299999999999999,2.4000000000000004,3.0,11.7,-21.3,19.4,-21.3
3,True,2026-08-24,CCJ,buy-first put-tail inventory,2026-09-18,75.0,70.0,clock,simultaneous,-1,2026-08-25T10:01:00-04:00,0.07,0.060000000000000005,2026-08-28T15:50:00-04:00,2026-08-28,False,False,2026-08-25T15:50:00-04:00,completed,True,2026-08-25T10:01:00-04:00,0.01,-8.600000000000001,-13.600000000000001,4.0,-5.300000000000001,-17.6,-5.0,-8.3,-37.6,-12.6,
3,True,2026-08-24,CCJ,buy-first put-tail inventory,2026-09-18,75.0,70.0,clock,standalone,-1,2026-08-25T10:01:00-04:00,0.07,0.060000000000000005,2026-08-28T15:50:00-04:00,2026-08-28,False,False,2026-08-25T15:50:00-04:00,standalone,False,,,,-8.3,2.0,,-10.3,0.0,,-8.3,-6.3,-8.3
3,True,2026-08-24,CCJ,buy-first put-tail inventory,2026-09-18,75.0,70.0,clock,fixed_clock,0,2026-08-25T10:01:00-04:00,0.07,0.060000000000000005,2026-08-28T15:50:00-04:00,2026-08-28,False,False,2026-08-25T15:50:00-04:00,completed,True,2026-08-25T15:50:00-04:00,0.01,-8.600000000000001,-13.600000000000001,4.0,-5.300000000000001,-17.6,-5.0,-8.3,-37.6,-6.3,-8.3
3,True,2026-08-24,CCJ,buy-first put-tail inventory,2026-09-18,75.0,70.0,clock,fixed_clock,1,2026-08-25T10:01:00-04:00,0.07,0.060000000000000005,2026-08-28T15:50:00-04:00,2026-08-28,False,False,2026-08-26T15:50:00-04:00,completed,True,2026-08-26T15:50:00-04:00,0.01,-8.600000000000001,-13.600000000000001,4.0,-7.300000000000002,-17.6,-5.0,-6.3,-37.6,-6.3,-8.3
3,True,2026-08-24,CCJ,buy-first put-tail inventory,2026-09-18,75.0,70.0,clock,fixed_clock,2,2026-08-25T10:01:00-04:00,0.07,0.060000000000000005,2026-08-28T15:50:00-04:00,2026-08-28,False,False,2026-08-27T15:50:00-04:00,completed,True,2026-08-27T15:50:00-04:00,0.01,-8.600000000000001,-13.600000000000001,4.0,-5.300000000000001,-17.6,-5.0,-8.3,-37.6,-6.3,-8.3
3,True,2026-08-24,CCJ,buy-first put-tail inventory,2026-09-18,75.0,70.0,clock,price_finance,0,2026-08-25T10:01:00-04:00,0.07,0.060000000000000005,2026-08-25T15:50:00-04:00,2026-08-28,False,False,2026-08-25T15:50:00-04:00,aborted_uncompleted,False,,,,-8.3,2.0,,-10.3,0.0,,-8.3,-6.3,-8.3
3,True,2026-08-24,CCJ,buy-first put-tail inventory,2026-09-18,75.0,70.0,clock,price_finance,1,2026-08-25T10:01:00-04:00,0.07,0.060000000000000005,2026-08-26T15:50:00-04:00,2026-08-28,False,False,2026-08-26T15:50:00-04:00,aborted_uncompleted,False,,,,-6.3,2.0,,-8.3,2.0,,-8.3,-6.3,-8.3
3,True,2026-08-24,CCJ,buy-first put-tail inventory,2026-09-18,75.0,70.0,clock,price_finance,2,2026-08-25T10:01:00-04:00,0.07,0.060000000000000005,2026-08-27T15:50:00-04:00,2026-08-28,False,False,2026-08-27T15:50:00-04:00,aborted_uncompleted,False,,,,-8.3,2.0,,-10.3,0.0,,-8.3,-6.3,-8.3
3,True,2026-08-24,CCJ,buy-first put-tail inventory,2026-09-18,75.0,70.0,clock,hiro_finance,0,2026-08-25T10:01:00-04:00,0.07,0.060000000000000005,2026-08-25T15:50:00-04:00,2026-08-28,False,False,2026-08-25T15:50:00-04:00,aborted_uncompleted,False,,,,-8.3,2.0,,-10.3,0.0,,-8.3,-6.3,-8.3
3,True,2026-08-24,CCJ,buy-first put-tail inventory,2026-09-18,75.0,70.0,clock,hiro_finance,1,2026-08-25T10:01:00-04:00,0.07,0.060000000000000005,2026-08-26T15:50:00-04:00,2026-08-28,False,False,2026-08-26T15:50:00-04:00,aborted_uncompleted,False,,,,-6.3,2.0,,-8.3,2.0,,-8.3,-6.3,-8.3
3,True,2026-08-24,CCJ,buy-first put-tail inventory,2026-09-18,75.0,70.0,clock,hiro_finance,2,2026-08-25T10:01:00-04:00,0.07,0.060000000000000005,2026-08-27T15:50:00-04:00,2026-08-28,False,False,2026-08-27T15:50:00-04:00,aborted_uncompleted,False,,,,-8.3,2.0,,-10.3,0.0,,-8.3,-6.3,-8.3
4,True,2026-08-24,CRWV,buy-first put-tail inventory,2026-09-18,47.5,42.5,clock,simultaneous,-1,2026-08-25T10:01:00-04:00,0.06,0.049999999999999996,2026-08-28T15:50:00-04:00,2026-08-28,False,False,2026-08-25T15:50:00-04:00,completed,True,2026-08-25T10:01:00-04:00,0.01,-7.6,-24.599999999999998,4.0,-18.299999999999997,-28.599999999999998,-17.0,-6.3,-41.6,-9.6,
4,True,2026-08-24,CRWV,buy-first put-tail inventory,2026-09-18,47.5,42.5,clock,standalone,-1,2026-08-25T10:01:00-04:00,0.06,0.049999999999999996,2026-08-28T15:50:00-04:00,2026-08-28,False,False,2026-08-25T15:50:00-04:00,standalone,False,,,,-6.3,2.0,,-8.3,1.0,,-7.3,-4.3,-7.3
4,True,2026-08-24,CRWV,buy-first put-tail inventory,2026-09-18,47.5,42.5,clock,fixed_clock,0,2026-08-25T10:01:00-04:00,0.06,0.049999999999999996,2026-08-28T15:50:00-04:00,2026-08-28,False,False,2026-08-25T15:50:00-04:00,completed,True,2026-08-25T15:50:00-04:00,0.01,-7.6,-24.599999999999998,4.0,-17.299999999999997,-28.599999999999998,-17.0,-7.3,-41.6,-4.3,-6.3
4,True,2026-08-24,CRWV,buy-first put-tail inventory,2026-09-18,47.5,42.5,clock,fixed_clock,1,2026-08-25T10:01:00-04:00,0.06,0.049999999999999996,2026-08-28T15:50:00-04:00,2026-08-28,False,False,2026-08-26T15:50:00-04:00,completed,True,2026-08-26T15:50:00-04:00,0.01,-7.6,-24.599999999999998,4.0,-18.299999999999997,-28.599999999999998,-17.0,-6.3,-41.6,-4.3,-7.3
4,True,2026-08-24,CRWV,buy-first put-tail inventory,2026-09-18,47.5,42.5,clock,fixed_clock,2,2026-08-25T10:01:00-04:00,0.06,0.049999999999999996,2026-08-28T15:50:00-04:00,2026-08-28,False,False,2026-08-27T15:50:00-04:00,completed,True,2026-08-27T15:50:00-04:00,0.01,-7.6,-24.599999999999998,4.0,-18.299999999999997,-28.599999999999998,-17.0,-6.3,-41.6,-4.3,-7.3
4,True,2026-08-24,CRWV,buy-first put-tail inventory,2026-09-18,47.5,42.5,clock,price_finance,0,2026-08-25T10:01:00-04:00,0.06,0.049999999999999996,2026-08-25T15:50:00-04:00,2026-08-28,False,False,2026-08-25T15:50:00-04:00,aborted_uncompleted,False,,,,-7.3,2.0,,-9.3,0.0,,-7.3,-4.3,-7.3
4,True,2026-08-24,CRWV,buy-first put-tail inventory,2026-09-18,47.5,42.5,clock,price_finance,1,2026-08-25T10:01:00-04:00,0.06,0.049999999999999996,2026-08-26T15:50:00-04:00,2026-08-28,False,False,2026-08-26T15:50:00-04:00,aborted_uncompleted,False,,,,-6.3,2.0,,-8.3,1.0,,-7.3,-4.3,-7.3
4,True,2026-08-24,CRWV,buy-first put-tail inventory,2026-09-18,47.5,42.5,clock,price_finance,2,2026-08-25T10:01:00-04:00,0.06,0.049999999999999996,2026-08-27T15:50:00-04:00,2026-08-28,False,False,2026-08-27T15:50:00-04:00,aborted_uncompleted,False,,,,-6.3,2.0,,-8.3,1.0,,-7.3,-4.3,-7.3
4,True,2026-08-24,CRWV,buy-first put-tail inventory,2026-09-18,47.5,42.5,clock,hiro_finance,0,2026-08-25T10:01:00-04:00,0.06,0.049999999999999996,2026-08-25T15:50:00-04:00,2026-08-28,False,False,2026-08-25T15:50:00-04:00,aborted_uncompleted,False,,,,-7.3,2.0,,-9.3,0.0,,-7.3,-4.3,-7.3
4,True,2026-08-24,CRWV,buy-first put-tail inventory,2026-09-18,47.5,42.5,clock,hiro_finance,1,2026-08-25T10:01:00-04:00,0.06,0.049999999999999996,2026-08-26T15:50:00-04:00,2026-08-28,False,False,2026-08-26T15:50:00-04:00,aborted_uncompleted,False,,,,-6.3,2.0,,-8.3,1.0,,-7.3,-4.3,-7.3
4,True,2026-08-24,CRWV,buy-first put-tail inventory,2026-09-18,47.5,42.5,clock,hiro_finance,2,2026-08-25T10:01:00-04:00,0.06,0.049999999999999996,2026-08-27T15:50:00-04:00,2026-08-28,False,False,2026-08-27T15:50:00-04:00,aborted_uncompleted,False,,,,-6.3,2.0,,-8.3,1.0,,-7.3,-4.3,-7.3
8,True,2026-08-24,NVDA,buy-first put-tail inventory,2026-09-18,130.0,125.0,clock,simultaneous,-1,2026-08-25T10:01:00-04:00,0.13,0.05,2026-08-28T15:50:00-04:00,2026-08-28,False,False,2026-08-25T15:50:00-04:00,completed,True,2026-08-25T10:01:00-04:00,0.08,-7.6,-7.6,4.0,-3.3,-11.6,0.0,-4.3,-23.600000000000005,-6.600000000000001,
8,True,2026-08-24,NVDA,buy-first put-tail inventory,2026-09-18,130.0,125.0,clock,standalone,-1,2026-08-25T10:01:00-04:00,0.13,0.05,2026-08-28T15:50:00-04:00,2026-08-28,False,False,2026-08-25T15:50:00-04:00,standalone,False,,,,-9.3,2.0,,-11.3,5.0,,-11.3,-3.3000000000000007,-11.3
8,True,2026-08-24,NVDA,buy-first put-tail inventory,2026-09-18,130.0,125.0,clock,fixed_clock,0,2026-08-25T10:01:00-04:00,0.13,0.05,2026-08-28T15:50:00-04:00,2026-08-28,False,False,2026-08-25T15:50:00-04:00,completed,True,2026-08-25T15:50:00-04:00,0.09,-6.600000000000001,-6.600000000000001,4.0,-2.3000000000000016,-10.600000000000001,0.0,-4.3,-22.6,-3.3000000000000007,-4.3
8,True,2026-08-24,NVDA,buy-first put-tail inventory,2026-09-18,130.0,125.0,clock,fixed_clock,1,2026-08-25T10:01:00-04:00,0.13,0.05,2026-08-28T15:50:00-04:00,2026-08-28,False,False,2026-08-26T15:50:00-04:00,completed,True,2026-08-26T15:50:00-04:00,0.08,-7.6,-7.6,4.0,-3.3,-11.6,0.0,-4.3,-23.600000000000005,-3.3000000000000007,-4.3
8,True,2026-08-24,NVDA,buy-first put-tail inventory,2026-09-18,130.0,125.0,clock,fixed_clock,2,2026-08-25T10:01:00-04:00,0.13,0.05,2026-08-28T15:50:00-04:00,2026-08-28,False,False,2026-08-27T15:50:00-04:00,completed,True,2026-08-27T15:50:00-04:00,0.03,-12.6,-12.6,4.0,-1.299999999999999,-16.6,0.0,-11.3,-28.6,-3.3000000000000007,-11.3
8,True,2026-08-24,NVDA,buy-first put-tail inventory,2026-09-18,130.0,125.0,clock,price_finance,0,2026-08-25T10:01:00-04:00,0.13,0.05,2026-08-25T15:50:00-04:00,2026-08-28,False,False,2026-08-25T15:50:00-04:00,aborted_uncompleted,False,,,,-4.3,2.0,,-6.3,10.0,,-4.3,-3.3000000000000007,-4.3
8,True,2026-08-24,NVDA,buy-first put-tail inventory,2026-09-18,130.0,125.0,clock,price_finance,1,2026-08-25T10:01:00-04:00,0.13,0.05,2026-08-26T15:50:00-04:00,2026-08-28,False,False,2026-08-26T15:50:00-04:00,aborted_uncompleted,False,,,,-4.3,2.0,,-6.3,10.0,,-4.3,-3.3000000000000007,-4.3
8,True,2026-08-24,NVDA,buy-first put-tail inventory,2026-09-18,130.0,125.0,clock,price_finance,2,2026-08-25T10:01:00-04:00,0.13,0.05,2026-08-27T15:50:00-04:00,2026-08-28,False,False,2026-08-27T15:50:00-04:00,aborted_uncompleted,False,,,,-11.3,2.0,,-13.3,3.0,,-11.3,-3.3000000000000007,-11.3
8,True,2026-08-24,NVDA,buy-first put-tail inventory,2026-09-18,130.0,125.0,clock,hiro_finance,0,2026-08-25T10:01:00-04:00,0.13,0.05,2026-08-25T15:50:00-04:00,2026-08-28,False,False,2026-08-25T15:50:00-04:00,aborted_uncompleted,False,,,,-4.3,2.0,,-6.3,10.0,,-4.3,-3.3000000000000007,-4.3
8,True,2026-08-24,NVDA,buy-first put-tail inventory,2026-09-18,130.0,125.0,clock,hiro_finance,1,2026-08-25T10:01:00-04:00,0.13,0.05,2026-08-26T15:50:00-04:00,2026-08-28,False,False,2026-08-26T15:50:00-04:00,aborted_uncompleted,False,,,,-4.3,2.0,,-6.3,10.0,,-4.3,-3.3000000000000007,-4.3
8,True,2026-08-24,NVDA,buy-first put-tail inventory,2026-09-18,130.0,125.0,clock,hiro_finance,2,2026-08-25T10:01:00-04:00,0.13,0.05,2026-08-27T15:50:00-04:00,2026-08-28,False,False,2026-08-27T15:50:00-04:00,aborted_uncompleted,False,,,,-11.3,2.0,,-13.3,3.0,,-11.3,-3.3000000000000007,-11.3
9,True,2026-08-24,PLTR,buy-first put-tail inventory,2026-09-18,105.0,100.0,clock,simultaneous,-1,2026-08-25T10:01:00-04:00,0.17,0.05000000000000002,2026-08-28T15:50:00-04:00,2026-08-28,False,False,2026-08-25T15:50:00-04:00,completed,True,2026-08-25T10:01:00-04:00,0.12,-7.600000000000001,-8.600000000000001,4.0,-2.3,-12.600000000000001,-0.9999999999999996,-6.300000000000002,-14.600000000000001,-6.600000000000001,
9,True,2026-08-24,PLTR,buy-first put-tail inventory,2026-09-18,105.0,100.0,clock,standalone,-1,2026-08-25T10:01:00-04:00,0.17,0.05000000000000002,2026-08-28T15:50:00-04:00,2026-08-28,False,False,2026-08-25T15:50:00-04:00,standalone,False,,,,-13.300000000000002,2.0,,-15.300000000000002,5.0,,-14.3,-5.300000000000001,-14.3
9,True,2026-08-24,PLTR,buy-first put-tail inventory,2026-09-18,105.0,100.0,clock,fixed_clock,0,2026-08-25T10:01:00-04:00,0.17,0.05000000000000002,2026-08-28T15:50:00-04:00,2026-08-28,False,False,2026-08-25T15:50:00-04:00,completed,True,2026-08-25T15:50:00-04:00,0.1,-9.600000000000001,-10.6,4.0,-4.299999999999998,-14.6,-0.9999999999999996,-6.300000000000002,-16.6,-5.300000000000001,-7.300000000000001
9,True,2026-08-24,PLTR,buy-first put-tail inventory,2026-09-18,105.0,100.0,clock,fixed_clock,1,2026-08-25T10:01:00-04:00,0.17,0.05000000000000002,2026-08-28T15:50:00-04:00,2026-08-28,False,False,2026-08-26T15:50:00-04:00,completed,True,2026-08-26T15:50:00-04:00,0.08,-11.600000000000001,-12.6,4.0,-4.299999999999999,-16.6,-0.9999999999999996,-8.3,-18.600000000000005,-5.300000000000001,-8.3
9,True,2026-08-24,PLTR,buy-first put-tail inventory,2026-09-18,105.0,100.0,clock,fixed_clock,2,2026-08-25T10:01:00-04:00,0.17,0.05000000000000002,2026-08-28T15:50:00-04:00,2026-08-28,False,False,2026-08-27T15:50:00-04:00,completed,True,2026-08-27T15:50:00-04:00,0.06,-13.600000000000001,-14.600000000000001,4.0,-1.299999999999999,-18.6,-0.9999999999999996,-13.300000000000002,-20.600000000000005,-5.300000000000001,-12.300000000000002
9,True,2026-08-24,PLTR,buy-first put-tail inventory,2026-09-18,105.0,100.0,clock,price_finance,0,2026-08-25T10:01:00-04:00,0.17,0.05000000000000002,2026-08-25T15:50:00-04:00,2026-08-28,False,False,2026-08-25T15:50:00-04:00,aborted_uncompleted,False,,,,-6.300000000000002,2.0,,-8.3,12.0,,-7.300000000000001,-5.300000000000001,-7.300000000000001
9,True,2026-08-24,PLTR,buy-first put-tail inventory,2026-09-18,105.0,100.0,clock,price_finance,1,2026-08-25T10:01:00-04:00,0.17,0.05000000000000002,2026-08-26T15:50:00-04:00,2026-08-28,False,False,2026-08-26T15:50:00-04:00,aborted_uncompleted,False,,,,-8.3,2.0,,-10.3,10.0,,-8.3,-5.300000000000001,-8.3
9,True,2026-08-24,PLTR,buy-first put-tail inventory,2026-09-18,105.0,100.0,clock,price_finance,2,2026-08-25T10:01:00-04:00,0.17,0.05000000000000002,2026-08-27T15:50:00-04:00,2026-08-28,False,False,2026-08-27T15:50:00-04:00,aborted_uncompleted,False,,,,-13.300000000000002,2.0,,-15.300000000000002,5.0,,-13.300000000000002,-5.300000000000001,-13.300000000000002
9,True,2026-08-24,PLTR,buy-first put-tail inventory,2026-09-18,105.0,100.0,clock,hiro_finance,0,2026-08-25T10:01:00-04:00,0.17,0.05000000000000002,2026-08-25T15:50:00-04:00,2026-08-28,False,False,2026-08-25T15:50:00-04:00,aborted_uncompleted,False,,,,-6.300000000000002,2.0,,-8.3,12.0,,-7.300000000000001,-5.300000000000001,-7.300000000000001
9,True,2026-08-24,PLTR,buy-first put-tail inventory,2026-09-18,105.0,100.0,clock,hiro_finance,1,2026-08-25T10:01:00-04:00,0.17,0.05000000000000002,2026-08-26T15:50:00-04:00,2026-08-28,False,False,2026-08-26T15:50:00-04:00,aborted_uncompleted,False,,,,-8.3,2.0,,-10.3,10.0,,-8.3,-5.300000000000001,-8.3
9,True,2026-08-24,PLTR,buy-first put-tail inventory,2026-09-18,105.0,100.0,clock,hiro_finance,2,2026-08-25T10:01:00-04:00,0.17,0.05000000000000002,2026-08-27T15:50:00-04:00,2026-08-28,False,False,2026-08-27T15:50:00-04:00,aborted_uncompleted,False,,,,-13.300000000000002,2.0,,-15.300000000000002,5.0,,-13.300000000000002,-5.300000000000001,-13.300000000000002
10,True,2026-08-24,TGT,buy-first put-tail inventory,2026-09-18,125.0,120.0,clock,simultaneous,-1,2026-08-25T10:01:00-04:00,0.05,0.04,2026-08-28T15:50:00-04:00,2026-08-28,False,False,2026-08-25T15:50:00-04:00,completed,True,2026-08-25T10:01:00-04:00,0.01,-6.6,-13.600000000000001,4.0,-8.3,-17.6,-7.000000000000001,-5.3,-21.6,-6.6,
10,True,2026-08-24,TGT,buy-first put-tail inventory,2026-09-18,125.0,120.0,clock,standalone,-1,2026-08-25T10:01:00-04:00,0.05,0.04,2026-08-28T15:50:00-04:00,2026-08-28,False,False,2026-08-25T15:50:00-04:00,standalone,False,,,,-6.3,2.0,,-8.3,0.0,,-6.3,-4.300000000000001,-6.3
10,True,2026-08-24,TGT,buy-first put-tail inventory,2026-09-18,125.0,120.0,clock,fixed_clock,0,2026-08-25T10:01:00-04:00,0.05,0.04,2026-08-28T15:50:00-04:00,2026-08-28,False,False,2026-08-25T15:50:00-04:00,unpriced_deadline,False,,,,,,,,,,,,
10,True,2026-08-24,TGT,buy-first put-tail inventory,2026-09-18,125.0,120.0,clock,fixed_clock,1,2026-08-25T10:01:00-04:00,0.05,0.04,2026-08-28T15:50:00-04:00,2026-08-28,False,False,2026-08-26T15:50:00-04:00,completed,True,2026-08-26T15:50:00-04:00,0.02,-5.6000000000000005,-12.6,4.0,-7.3,-16.6,-7.000000000000001,-5.3,-14.600000000000001,-4.300000000000001,-6.3
10,True,2026-08-24,TGT,buy-first put-tail inventory,2026-09-18,125.0,120.0,clock,fixed_clock,2,2026-08-25T10:01:00-04:00,0.05,0.04,2026-08-28T15:50:00-04:00,2026-08-28,False,False,2026-08-27T15:50:00-04:00,unpriced_deadline,False,,,,,,,,,,,,
10,True,2026-08-24,TGT,buy-first put-tail inventory,2026-09-18,125.0,120.0,clock,price_finance,0,2026-08-25T10:01:00-04:00,0.05,0.04,2026-08-25T15:50:00-04:00,2026-08-28,False,False,2026-08-25T15:50:00-04:00,aborted_uncompleted,False,,,,-4.300000000000001,2.0,,-6.300000000000001,2.0,,-5.3,-4.300000000000001,-5.3
10,True,2026-08-24,TGT,buy-first put-tail inventory,2026-09-18,125.0,120.0,clock,price_finance,1,2026-08-25T10:01:00-04:00,0.05,0.04,2026-08-26T15:50:00-04:00,2026-08-28,False,False,2026-08-26T15:50:00-04:00,aborted_uncompleted,False,,,,-5.3,2.0,,-7.3,1.0,,-6.3,-4.300000000000001,-6.3
10,True,2026-08-24,TGT,buy-first put-tail inventory,2026-09-18,125.0,120.0,clock,price_finance,2,2026-08-25T10:01:00-04:00,0.05,0.04,2026-08-27T15:50:00-04:00,2026-08-28,False,False,2026-08-27T15:50:00-04:00,aborted_uncompleted,False,,,,-6.3,2.0,,-8.3,0.0,,-6.3,-4.300000000000001,-6.3
10,True,2026-08-24,TGT,buy-first put-tail inventory,2026-09-18,125.0,120.0,clock,hiro_finance,0,2026-08-25T10:01:00-04:00,0.05,0.04,2026-08-25T15:50:00-04:00,2026-08-28,False,False,2026-08-25T15:50:00-04:00,aborted_uncompleted,False,,,,-4.300000000000001,2.0,,-6.300000000000001,2.0,,-5.3,-4.300000000000001,-5.3
10,True,2026-08-24,TGT,buy-first put-tail inventory,2026-09-18,125.0,120.0,clock,hiro_finance,1,2026-08-25T10:01:00-04:00,0.05,0.04,2026-08-26T15:50:00-04:00,2026-08-28,False,False,2026-08-26T15:50:00-04:00,aborted_uncompleted,False,,,,-5.3,2.0,,-7.3,1.0,,-6.3,-4.300000000000001,-6.3
10,True,2026-08-24,TGT,buy-first put-tail inventory,2026-09-18,125.0,120.0,clock,hiro_finance,2,2026-08-25T10:01:00-04:00,0.05,0.04,2026-08-27T15:50:00-04:00,2026-08-28,False,False,2026-08-27T15:50:00-04:00,aborted_uncompleted,False,,,,-6.3,2.0,,-8.3,0.0,,-6.3,-4.300000000000001,-6.3
16,True,2026-08-25,NVDA,buy-first put-tail inventory,2026-09-18,120.0,115.0,clock,simultaneous,-1,2026-08-26T10:01:00-04:00,0.09,0.03,2026-08-31T15:50:00-04:00,2026-08-31,False,False,2026-08-26T15:50:00-04:00,completed,True,2026-08-26T10:01:00-04:00,0.06,-5.6,-7.6,4.0,-2.3,-11.6,-2.0000000000000004,-5.3,-34.599999999999994,-5.6,
16,True,2026-08-25,NVDA,buy-first put-tail inventory,2026-09-18,120.0,115.0,clock,standalone,-1,2026-08-26T10:01:00-04:00,0.09,0.03,2026-08-31T15:50:00-04:00,2026-08-31,False,False,2026-08-26T15:50:00-04:00,standalone,False,,,,-7.3,2.0,,-9.3,3.0,,-9.3,-3.299999999999999,-9.3
16,True,2026-08-25,NVDA,buy-first put-tail inventory,2026-09-18,120.0,115.0,clock,fixed_clock,0,2026-08-26T10:01:00-04:00,0.09,0.03,2026-08-31T15:50:00-04:00,2026-08-31,False,False,2026-08-26T15:50:00-04:00,completed,True,2026-08-26T15:50:00-04:00,0.07,-4.6,-6.6,4.0,-3.3000000000000007,-10.6,-2.0000000000000004,-3.299999999999999,-33.599999999999994,-3.299999999999999,-5.3
16,True,2026-08-25,NVDA,buy-first put-tail inventory,2026-09-18,120.0,115.0,clock,fixed_clock,1,2026-08-26T10:01:00-04:00,0.09,0.03,2026-08-31T15:50:00-04:00,2026-08-31,False,False,2026-08-27T15:50:00-04:00,completed,True,2026-08-27T15:50:00-04:00,0.02,-9.6,-11.6,4.0,-3.3000000000000007,-15.6,-2.0000000000000004,-8.299999999999999,-38.6,-3.299999999999999,-9.3
16,True,2026-08-25,NVDA,buy-first put-tail inventory,2026-09-18,120.0,115.0,clock,fixed_clock,2,2026-08-26T10:01:00-04:00,0.09,0.03,2026-08-31T15:50:00-04:00,2026-08-31,False,False,2026-08-28T15:50:00-04:00,completed,True,2026-08-28T15:50:00-04:00,0.03,-8.6,-10.6,4.0,-4.3,-14.6,-2.0000000000000004,-6.3,-10.6,-3.299999999999999,-9.3
16,True,2026-08-25,NVDA,buy-first put-tail inventory,2026-09-18,120.0,115.0,clock,price_finance,0,2026-08-26T10:01:00-04:00,0.09,0.03,2026-08-26T15:50:00-04:00,2026-08-31,False,False,2026-08-26T15:50:00-04:00,aborted_uncompleted,False,,,,-3.299999999999999,2.0,,-5.299999999999999,7.000000000000001,,-5.3,-3.299999999999999,-5.3
16,True,2026-08-25,NVDA,buy-first put-tail inventory,2026-09-18,120.0,115.0,clock,price_finance,1,2026-08-26T10:01:00-04:00,0.09,0.03,2026-08-27T15:50:00-04:00,2026-08-31,False,False,2026-08-27T15:50:00-04:00,aborted_uncompleted,False,,,,-8.299999999999999,2.0,,-10.299999999999999,2.0,,-9.3,-3.299999999999999,-9.3
16,True,2026-08-25,NVDA,buy-first put-tail inventory,2026-09-18,120.0,115.0,clock,price_finance,2,2026-08-26T10:01:00-04:00,0.09,0.03,2026-08-28T15:50:00-04:00,2026-08-31,False,False,2026-08-28T15:50:00-04:00,aborted_uncompleted,False,,,,-6.3,2.0,,-8.3,4.0,,-9.3,-3.299999999999999,-9.3
16,True,2026-08-25,NVDA,buy-first put-tail inventory,2026-09-18,120.0,115.0,clock,hiro_finance,0,2026-08-26T10:01:00-04:00,0.09,0.03,2026-08-26T15:50:00-04:00,2026-08-31,False,False,2026-08-26T15:50:00-04:00,aborted_uncompleted,False,,,,-3.299999999999999,2.0,,-5.299999999999999,7.000000000000001,,-5.3,-3.299999999999999,-5.3
16,True,2026-08-25,NVDA,buy-first put-tail inventory,2026-09-18,120.0,115.0,clock,hiro_finance,1,2026-08-26T10:01:00-04:00,0.09,0.03,2026-08-27T15:50:00-04:00,2026-08-31,False,False,2026-08-27T15:50:00-04:00,aborted_uncompleted,False,,,,-8.299999999999999,2.0,,-10.299999999999999,2.0,,-9.3,-3.299999999999999,-9.3
16,True,2026-08-25,NVDA,buy-first put-tail inventory,2026-09-18,120.0,115.0,clock,hiro_finance,2,2026-08-26T10:01:00-04:00,0.09,0.03,2026-08-28T15:50:00-04:00,2026-08-31,False,False,2026-08-28T15:50:00-04:00,aborted_uncompleted,False,,,,-6.3,2.0,,-8.3,4.0,,-9.3,-3.299999999999999,-9.3
18,True,2026-08-25,SOFI,buy-first put-tail inventory,2026-10-16,11.0,8.0,clock,simultaneous,-1,2026-08-26T10:01:00-04:00,0.06,0.049999999999999996,2026-08-31T15:50:00-04:00,2026-08-31,False,False,2026-08-26T15:50:00-04:00,completed,True,2026-08-26T10:01:00-04:00,0.01,-7.6,-109.6,4.0,-103.3,-113.6,-102.0,-6.3,-109.6,-8.6,
18,True,2026-08-25,SOFI,buy-first put-tail inventory,2026-10-16,11.0,8.0,clock,standalone,-1,2026-08-26T10:01:00-04:00,0.06,0.049999999999999996,2026-08-31T15:50:00-04:00,2026-08-31,False,False,2026-08-26T15:50:00-04:00,standalone,False,,,,-5.3,2.0,,-7.3,2.0,,-6.3,-4.3,-6.3
18,True,2026-08-25,SOFI,buy-first put-tail inventory,2026-10-16,11.0,8.0,clock,fixed_clock,0,2026-08-26T10:01:00-04:00,0.06,0.049999999999999996,2026-08-31T15:50:00-04:00,2026-08-31,False,False,2026-08-26T15:50:00-04:00,unpriced_deadline,False,,,,,,,,,,,,
18,True,2026-08-25,SOFI,buy-first put-tail inventory,2026-10-16,11.0,8.0,clock,fixed_clock,1,2026-08-26T10:01:00-04:00,0.06,0.049999999999999996,2026-08-31T15:50:00-04:00,2026-08-31,False,False,2026-08-27T15:50:00-04:00,unpriced_deadline,False,,,,,,,,,,,,
18,True,2026-08-25,SOFI,buy-first put-tail inventory,2026-10-16,11.0,8.0,clock,fixed_clock,2,2026-08-26T10:01:00-04:00,0.06,0.049999999999999996,2026-08-31T15:50:00-04:00,2026-08-31,False,False,2026-08-28T15:50:00-04:00,unpriced_deadline,False,,,,,,,,,,,,
18,True,2026-08-25,SOFI,buy-first put-tail inventory,2026-10-16,11.0,8.0,clock,price_finance,0,2026-08-26T10:01:00-04:00,0.06,0.049999999999999996,2026-08-26T15:50:00-04:00,2026-08-31,False,False,2026-08-26T15:50:00-04:00,aborted_uncompleted,False,,,,-6.3,2.0,,-8.3,1.0,,-6.3,-6.3,-6.3
18,True,2026-08-25,SOFI,buy-first put-tail inventory,2026-10-16,11.0,8.0,clock,price_finance,1,2026-08-26T10:01:00-04:00,0.06,0.049999999999999996,2026-08-27T15:50:00-04:00,2026-08-31,False,False,2026-08-27T15:50:00-04:00,aborted_uncompleted,False,,,,-5.3,2.0,,-7.3,2.0,,-6.3,-5.3,-6.3
18,True,2026-08-25,SOFI,buy-first put-tail inventory,2026-10-16,11.0,8.0,clock,price_finance,2,2026-08-26T10:01:00-04:00,0.06,0.049999999999999996,2026-08-28T15:50:00-04:00,2026-08-31,False,False,2026-08-28T15:50:00-04:00,aborted_uncompleted,False,,,,-6.3,2.0,,-8.3,1.0,,-6.3,-5.3,-6.3
18,True,2026-08-25,SOFI,buy-first put-tail inventory,2026-10-16,11.0,8.0,clock,hiro_finance,0,2026-08-26T10:01:00-04:00,0.06,0.049999999999999996,2026-08-26T15:50:00-04:00,2026-08-31,False,False,2026-08-26T15:50:00-04:00,aborted_uncompleted,False,,,,-6.3,2.0,,-8.3,1.0,,-6.3,-6.3,-6.3
18,True,2026-08-25,SOFI,buy-first put-tail inventory,2026-10-16,11.0,8.0,clock,hiro_finance,1,2026-08-26T10:01:00-04:00,0.06,0.049999999999999996,2026-08-27T15:50:00-04:00,2026-08-31,False,False,2026-08-27T15:50:00-04:00,aborted_uncompleted,False,,,,-5.3,2.0,,-7.3,2.0,,-6.3,-5.3,-6.3
18,True,2026-08-25,SOFI,buy-first put-tail inventory,2026-10-16,11.0,8.0,clock,hiro_finance,2,2026-08-26T10:01:00-04:00,0.06,0.049999999999999996,2026-08-28T15:50:00-04:00,2026-08-31,False,False,2026-08-28T15:50:00-04:00,aborted_uncompleted,False,,,,-6.3,2.0,,-8.3,1.0,,-6.3,-5.3,-6.3
19,True,2026-08-26,AMZN,buy-first put-tail inventory,2026-09-18,180.0,175.0,clock,simultaneous,-1,2026-08-27T10:01:00-04:00,0.08,0.03,2026-09-01T15:50:00-04:00,2026-09-01,False,False,2026-08-27T15:50:00-04:00,completed,True,2026-08-27T10:01:00-04:00,0.05,-5.6,-6.6,4.0,-3.299999999999999,-10.6,-1.0000000000000002,-3.3000000000000007,-13.6,-5.6,
19,True,2026-08-26,AMZN,buy-first put-tail inventory,2026-09-18,180.0,175.0,clock,standalone,-1,2026-08-27T10:01:00-04:00,0.08,0.03,2026-09-01T15:50:00-04:00,2026-09-01,False,False,2026-08-27T15:50:00-04:00,standalone,False,,,,-5.3,2.0,,-7.3,4.0,,-6.3,-3.3000000000000007,-6.3
19,True,2026-08-26,AMZN,buy-first put-tail inventory,2026-09-18,180.0,175.0,clock,fixed_clock,0,2026-08-27T10:01:00-04:00,0.08,0.03,2026-09-01T15:50:00-04:00,2026-09-01,False,False,2026-08-27T15:50:00-04:00,completed,True,2026-08-27T15:50:00-04:00,0.03,-7.6,-8.600000000000001,4.0,-5.300000000000001,-12.600000000000001,-1.0000000000000002,-3.3000000000000007,-15.6,-3.3000000000000007,-3.3000000000000007
19,True,2026-08-26,AMZN,buy-first put-tail inventory,2026-09-18,180.0,175.0,clock,fixed_clock,1,2026-08-27T10:01:00-04:00,0.08,0.03,2026-09-01T15:50:00-04:00,2026-09-01,False,False,2026-08-28T15:50:00-04:00,completed,True,2026-08-28T15:50:00-04:00,0.01,-9.600000000000001,-10.600000000000001,4.0,-5.300000000000002,-14.600000000000001,-1.0000000000000002,-5.3,-17.6,-3.3000000000000007,-5.3
19,True,2026-08-26,AMZN,buy-first put-tail inventory,2026-09-18,180.0,175.0,clock,fixed_clock,2,2026-08-27T10:01:00-04:00,0.08,0.03,2026-09-01T15:50:00-04:00,2026-09-01,False,False,2026-08-31T15:50:00-04:00,completed,True,2026-08-31T15:50:00-04:00,0.01,-9.600000000000001,-10.600000000000001,4.0,-4.300000000000002,-14.600000000000001,-1.0000000000000002,-6.3,-17.6,-3.3000000000000007,-6.3
19,True,2026-08-26,AMZN,buy-first put-tail inventory,2026-09-18,180.0,175.0,clock,price_finance,0,2026-08-27T10:01:00-04:00,0.08,0.03,2026-08-27T15:50:00-04:00,2026-09-01,False,False,2026-08-27T15:50:00-04:00,aborted_uncompleted,False,,,,-3.3000000000000007,2.0,,-5.300000000000001,6.0,,-3.3000000000000007,-3.3000000000000007,-3.3000000000000007
19,True,2026-08-26,AMZN,buy-first put-tail inventory,2026-09-18,180.0,175.0,clock,price_finance,1,2026-08-27T10:01:00-04:00,0.08,0.03,2026-08-28T15:50:00-04:00,2026-09-01,False,False,2026-08-28T15:50:00-04:00,aborted_uncompleted,False,,,,-5.3,2.0,,-7.3,4.0,,-5.3,-3.3000000000000007,-5.3
19,True,2026-08-26,AMZN,buy-first put-tail inventory,2026-09-18,180.0,175.0,clock,price_finance,2,2026-08-27T10:01:00-04:00,0.08,0.03,2026-08-31T15:50:00-04:00,2026-09-01,False,False,2026-08-31T15:50:00-04:00,aborted_uncompleted,False,,,,-6.3,2.0,,-8.3,3.0,,-6.3,-3.3000000000000007,-6.3
19,True,2026-08-26,AMZN,buy-first put-tail inventory,2026-09-18,180.0,175.0,clock,hiro_finance,0,2026-08-27T10:01:00-04:00,0.08,0.03,2026-08-27T15:50:00-04:00,2026-09-01,False,False,2026-08-27T15:50:00-04:00,aborted_uncompleted,False,,,,-3.3000000000000007,2.0,,-5.300000000000001,6.0,,-3.3000000000000007,-3.3000000000000007,-3.3000000000000007
19,True,2026-08-26,AMZN,buy-first put-tail inventory,2026-09-18,180.0,175.0,clock,hiro_finance,1,2026-08-27T10:01:00-04:00,0.08,0.03,2026-08-28T15:50:00-04:00,2026-09-01,False,False,2026-08-28T15:50:00-04:00,aborted_uncompleted,False,,,,-5.3,2.0,,-7.3,4.0,,-5.3,-3.3000000000000007,-5.3
19,True,2026-08-26,AMZN,buy-first put-tail inventory,2026-09-18,180.0,175.0,clock,hiro_finance,2,2026-08-27T10:01:00-04:00,0.08,0.03,2026-08-31T15:50:00-04:00,2026-09-01,False,False,2026-08-31T15:50:00-04:00,aborted_uncompleted,False,,,,-6.3,2.0,,-8.3,3.0,,-6.3,-3.3000000000000007,-6.3
19,True,2026-08-26,AMZN,buy-first put-tail inventory,2026-09-18,180.0,175.0,hiro,simultaneous,-1,2026-08-27T10:51:00-04:00,0.08,0.04,2026-09-01T15:50:00-04:00,2026-09-01,False,False,2026-08-27T15:50:00-04:00,completed,True,2026-08-27T10:51:00-04:00,0.04,-6.6,-7.6,4.0,-4.299999999999999,-11.6,-1.0000000000000002,-3.3000000000000007,-14.6,-6.6,
19,True,2026-08-26,AMZN,buy-first put-tail inventory,2026-09-18,180.0,175.0,hiro,standalone,-1,2026-08-27T10:51:00-04:00,0.08,0.04,2026-09-01T15:50:00-04:00,2026-09-01,False,False,2026-08-27T15:50:00-04:00,standalone,False,,,,-5.3,2.0,,-7.3,4.0,,-6.3,-3.3000000000000007,-6.3
19,True,2026-08-26,AMZN,buy-first put-tail inventory,2026-09-18,180.0,175.0,hiro,fixed_clock,0,2026-08-27T10:51:00-04:00,0.08,0.04,2026-09-01T15:50:00-04:00,2026-09-01,False,False,2026-08-27T15:50:00-04:00,completed,True,2026-08-27T15:50:00-04:00,0.03,-7.6,-8.600000000000001,4.0,-5.300000000000001,-12.600000000000001,-1.0000000000000002,-3.3000000000000007,-15.6,-3.3000000000000007,-3.3000000000000007
19,True,2026-08-26,AMZN,buy-first put-tail inventory,2026-09-18,180.0,175.0,hiro,fixed_clock,1,2026-08-27T10:51:00-04:00,0.08,0.04,2026-09-01T15:50:00-04:00,2026-09-01,False,False,2026-08-28T15:50:00-04:00,completed,True,2026-08-28T15:50:00-04:00,0.01,-9.600000000000001,-10.600000000000001,4.0,-5.300000000000002,-14.600000000000001,-1.0000000000000002,-5.3,-17.6,-3.3000000000000007,-5.3
19,True,2026-08-26,AMZN,buy-first put-tail inventory,2026-09-18,180.0,175.0,hiro,fixed_clock,2,2026-08-27T10:51:00-04:00,0.08,0.04,2026-09-01T15:50:00-04:00,2026-09-01,False,False,2026-08-31T15:50:00-04:00,completed,True,2026-08-31T15:50:00-04:00,0.01,-9.600000000000001,-10.600000000000001,4.0,-4.300000000000002,-14.600000000000001,-1.0000000000000002,-6.3,-17.6,-3.3000000000000007,-6.3
19,True,2026-08-26,AMZN,buy-first put-tail inventory,2026-09-18,180.0,175.0,hiro,price_finance,0,2026-08-27T10:51:00-04:00,0.08,0.04,2026-08-27T15:50:00-04:00,2026-09-01,False,False,2026-08-27T15:50:00-04:00,aborted_uncompleted,False,,,,-3.3000000000000007,2.0,,-5.300000000000001,6.0,,-3.3000000000000007,-3.3000000000000007,-3.3000000000000007
19,True,2026-08-26,AMZN,buy-first put-tail inventory,2026-09-18,180.0,175.0,hiro,price_finance,1,2026-08-27T10:51:00-04:00,0.08,0.04,2026-08-28T15:50:00-04:00,2026-09-01,False,False,2026-08-28T15:50:00-04:00,aborted_uncompleted,False,,,,-5.3,2.0,,-7.3,4.0,,-5.3,-3.3000000000000007,-5.3
19,True,2026-08-26,AMZN,buy-first put-tail inventory,2026-09-18,180.0,175.0,hiro,price_finance,2,2026-08-27T10:51:00-04:00,0.08,0.04,2026-08-31T15:50:00-04:00,2026-09-01,False,False,2026-08-31T15:50:00-04:00,aborted_uncompleted,False,,,,-6.3,2.0,,-8.3,3.0,,-6.3,-3.3000000000000007,-6.3
19,True,2026-08-26,AMZN,buy-first put-tail inventory,2026-09-18,180.0,175.0,hiro,hiro_finance,0,2026-08-27T10:51:00-04:00,0.08,0.04,2026-08-27T15:50:00-04:00,2026-09-01,False,False,2026-08-27T15:50:00-04:00,aborted_uncompleted,False,,,,-3.3000000000000007,2.0,,-5.300000000000001,6.0,,-3.3000000000000007,-3.3000000000000007,-3.3000000000000007
19,True,2026-08-26,AMZN,buy-first put-tail inventory,2026-09-18,180.0,175.0,hiro,hiro_finance,1,2026-08-27T10:51:00-04:00,0.08,0.04,2026-08-28T15:50:00-04:00,2026-09-01,False,False,2026-08-28T15:50:00-04:00,aborted_uncompleted,False,,,,-5.3,2.0,,-7.3,4.0,,-5.3,-3.3000000000000007,-5.3
19,True,2026-08-26,AMZN,buy-first put-tail inventory,2026-09-18,180.0,175.0,hiro,hiro_finance,2,2026-08-27T10:51:00-04:00,0.08,0.04,2026-08-31T15:50:00-04:00,2026-09-01,False,False,2026-08-31T15:50:00-04:00,aborted_uncompleted,False,,,,-6.3,2.0,,-8.3,3.0,,-6.3,-3.3000000000000007,-6.3
21,True,2026-08-26,BMNR,buy-first put-tail inventory,2026-09-18,18.0,13.0,clock,simultaneous,-1,2026-08-27T10:01:00-04:00,0.09,0.08,2026-09-01T15:50:00-04:00,2026-09-01,False,False,2026-08-27T15:50:00-04:00,completed,True,2026-08-27T10:01:00-04:00,0.01,-10.6,-3.600000000000001,4.0,-1.3000000000000012,-7.600000000000001,6.999999999999999,-2.3,-19.6,-2.6,
21,True,2026-08-26,BMNR,buy-first put-tail inventory,2026-09-18,18.0,13.0,clock,standalone,-1,2026-08-27T10:01:00-04:00,0.09,0.08,2026-09-01T15:50:00-04:00,2026-09-01,False,False,2026-08-27T15:50:00-04:00,standalone,False,,,,-1.3,2.0,,-3.3,9.0,,-9.3,0.7000000000000004,-9.3
21,True,2026-08-26,BMNR,buy-first put-tail inventory,2026-09-18,18.0,13.0,clock,fixed_clock,0,2026-08-27T10:01:00-04:00,0.09,0.08,2026-09-01T15:50:00-04:00,2026-09-01,False,False,2026-08-27T15:50:00-04:00,unpriced_deadline,False,,,,,,,,,,,,
21,True,2026-08-26,BMNR,buy-first put-tail inventory,2026-09-18,18.0,13.0,clock,fixed_clock,1,2026-08-27T10:01:00-04:00,0.09,0.08,2026-09-01T15:50:00-04:00,2026-09-01,False,False,2026-08-28T15:50:00-04:00,unpriced_deadline,False,,,,,,,,,,,,
21,True,2026-08-26,BMNR,buy-first put-tail inventory,2026-09-18,18.0,13.0,clock,fixed_clock,2,2026-08-27T10:01:00-04:00,0.09,0.08,2026-09-01T15:50:00-04:00,2026-09-01,False,False,2026-08-31T15:50:00-04:00,unpriced_deadline,False,,,,,,,,,,,,
21,True,2026-08-26,BMNR,buy-first put-tail inventory,2026-09-18,18.0,13.0,clock,price_finance,0,2026-08-27T10:01:00-04:00,0.09,0.08,2026-08-27T15:50:00-04:00,2026-09-01,False,False,2026-08-27T15:50:00-04:00,aborted_uncompleted,False,,,,-2.3,2.0,,-4.3,8.0,,-2.3,-1.3,-2.3
21,True,2026-08-26,BMNR,buy-first put-tail inventory,2026-09-18,18.0,13.0,clock,price_finance,1,2026-08-27T10:01:00-04:00,0.09,0.08,2026-08-28T15:50:00-04:00,2026-09-01,False,False,2026-08-28T15:50:00-04:00,aborted_uncompleted,False,,,,0.7000000000000004,2.0,,-1.2999999999999996,11.0,,-3.299999999999999,0.7000000000000004,-3.299999999999999
21,True,2026-08-26,BMNR,buy-first put-tail inventory,2026-09-18,18.0,13.0,clock,price_finance,2,2026-08-27T10:01:00-04:00,0.09,0.08,2026-08-31T15:50:00-04:00,2026-09-01,False,False,2026-08-31T15:50:00-04:00,aborted_uncompleted,False,,,,-5.3,2.0,,-7.3,5.0,,-9.3,0.7000000000000004,-9.3
21,True,2026-08-26,BMNR,buy-first put-tail inventory,2026-09-18,18.0,13.0,clock,hiro_finance,0,2026-08-27T10:01:00-04:00,0.09,0.08,2026-08-27T15:50:00-04:00,2026-09-01,False,False,2026-08-27T15:50:00-04:00,aborted_uncompleted,False,,,,-2.3,2.0,,-4.3,8.0,,-2.3,-1.3,-2.3
21,True,2026-08-26,BMNR,buy-first put-tail inventory,2026-09-18,18.0,13.0,clock,hiro_finance,1,2026-08-27T10:01:00-04:00,0.09,0.08,2026-08-28T15:50:00-04:00,2026-09-01,False,False,2026-08-28T15:50:00-04:00,aborted_uncompleted,False,,,,0.7000000000000004,2.0,,-1.2999999999999996,11.0,,-3.299999999999999,0.7000000000000004,-3.299999999999999
21,True,2026-08-26,BMNR,buy-first put-tail inventory,2026-09-18,18.0,13.0,clock,hiro_finance,2,2026-08-27T10:01:00-04:00,0.09,0.08,2026-08-31T15:50:00-04:00,2026-09-01,False,False,2026-08-31T15:50:00-04:00,aborted_uncompleted,False,,,,-5.3,2.0,,-7.3,5.0,,-9.3,0.7000000000000004,-9.3
21,True,2026-08-26,BMNR,buy-first put-tail inventory,2026-09-18,18.0,13.0,hiro,simultaneous,-1,2026-08-27T10:06:00-04:00,0.1,0.09000000000000001,2026-09-01T15:50:00-04:00,2026-09-01,False,False,2026-08-27T15:50:00-04:00,completed,True,2026-08-27T10:06:00-04:00,0.01,-11.600000000000001,-4.600000000000001,4.0,-1.3000000000000007,-8.600000000000001,6.999999999999999,-3.3000000000000007,-20.600000000000005,-3.600000000000001,
21,True,2026-08-26,BMNR,buy-first put-tail inventory,2026-09-18,18.0,13.0,hiro,standalone,-1,2026-08-27T10:06:00-04:00,0.1,0.09000000000000001,2026-09-01T15:50:00-04:00,2026-09-01,False,False,2026-08-27T15:50:00-04:00,standalone,False,,,,-2.3000000000000007,2.0,,-4.300000000000001,9.0,,-10.300000000000002,-0.3000000000000005,-10.300000000000002
21,True,2026-08-26,BMNR,buy-first put-tail inventory,2026-09-18,18.0,13.0,hiro,fixed_clock,0,2026-08-27T10:06:00-04:00,0.1,0.09000000000000001,2026-09-01T15:50:00-04:00,2026-09-01,False,False,2026-08-27T15:50:00-04:00,unpriced_deadline,False,,,,,,,,,,,,
21,True,2026-08-26,BMNR,buy-first put-tail inventory,2026-09-18,18.0,13.0,hiro,fixed_clock,1,2026-08-27T10:06:00-04:00,0.1,0.09000000000000001,2026-09-01T15:50:00-04:00,2026-09-01,False,False,2026-08-28T15:50:00-04:00,unpriced_deadline,False,,,,,,,,,,,,
21,True,2026-08-26,BMNR,buy-first put-tail inventory,2026-09-18,18.0,13.0,hiro,fixed_clock,2,2026-08-27T10:06:00-04:00,0.1,0.09000000000000001,2026-09-01T15:50:00-04:00,2026-09-01,False,False,2026-08-31T15:50:00-04:00,unpriced_deadline,False,,,,,,,,,,,,
21,True,2026-08-26,BMNR,buy-first put-tail inventory,2026-09-18,18.0,13.0,hiro,price_finance,0,2026-08-27T10:06:00-04:00,0.1,0.09000000000000001,2026-08-27T15:50:00-04:00,2026-09-01,False,False,2026-08-27T15:50:00-04:00,aborted_uncompleted,False,,,,-3.3000000000000007,2.0,,-5.300000000000001,8.0,,-3.3000000000000007,-2.3000000000000007,-3.3000000000000007
21,True,2026-08-26,BMNR,buy-first put-tail inventory,2026-09-18,18.0,13.0,hiro,price_finance,1,2026-08-27T10:06:00-04:00,0.1,0.09000000000000001,2026-08-28T15:50:00-04:00,2026-09-01,False,False,2026-08-28T15:50:00-04:00,aborted_uncompleted,False,,,,-0.3000000000000005,2.0,,-2.3000000000000007,11.0,,-4.3,-0.3000000000000005,-4.3
21,True,2026-08-26,BMNR,buy-first put-tail inventory,2026-09-18,18.0,13.0,hiro,price_finance,2,2026-08-27T10:06:00-04:00,0.1,0.09000000000000001,2026-08-31T15:50:00-04:00,2026-09-01,False,False,2026-08-31T15:50:00-04:00,aborted_uncompleted,False,,,,-6.3,2.0,,-8.3,5.0,,-10.300000000000002,-0.3000000000000005,-10.300000000000002
21,True,2026-08-26,BMNR,buy-first put-tail inventory,2026-09-18,18.0,13.0,hiro,hiro_finance,0,2026-08-27T10:06:00-04:00,0.1,0.09000000000000001,2026-08-27T15:50:00-04:00,2026-09-01,False,False,2026-08-27T15:50:00-04:00,aborted_uncompleted,False,,,,-3.3000000000000007,2.0,,-5.300000000000001,8.0,,-3.3000000000000007,-2.3000000000000007,-3.3000000000000007
21,True,2026-08-26,BMNR,buy-first put-tail inventory,2026-09-18,18.0,13.0,hiro,hiro_finance,1,2026-08-27T10:06:00-04:00,0.1,0.09000000000000001,2026-08-28T15:50:00-04:00,2026-09-01,False,False,2026-08-28T15:50:00-04:00,aborted_uncompleted,False,,,,-0.3000000000000005,2.0,,-2.3000000000000007,11.0,,-4.3,-0.3000000000000005,-4.3
21,True,2026-08-26,BMNR,buy-first put-tail inventory,2026-09-18,18.0,13.0,hiro,hiro_finance,2,2026-08-27T10:06:00-04:00,0.1,0.09000000000000001,2026-08-31T15:50:00-04:00,2026-09-01,False,False,2026-08-31T15:50:00-04:00,aborted_uncompleted,False,,,,-6.3,2.0,,-8.3,5.0,,-10.300000000000002,-0.3000000000000005,-10.300000000000002
24,False,2026-08-26,NVDA,buy-first put-tail inventory,2026-09-18,120.0,115.0,clock,simultaneous,-1,2026-08-27T10:01:00-04:00,0.04,0.03,2026-09-01T15:50:00-04:00,2026-09-01,False,False,2026-08-27T15:50:00-04:00,completed,True,2026-08-27T10:01:00-04:00,0.01,-5.6,-5.6,4.0,-3.2999999999999994,-9.6,0.0,-2.3000000000000003,-34.599999999999994,-5.6,
24,False,2026-08-26,NVDA,buy-first put-tail inventory,2026-09-18,120.0,115.0,clock,standalone,-1,2026-08-27T10:01:00-04:00,0.04,0.03,2026-09-01T15:50:00-04:00,2026-09-01,False,False,2026-08-27T15:50:00-04:00,standalone,False,,,,-1.3,2.0,,-3.3,4.0,,-4.3,-1.3,-4.3
24,False,2026-08-26,NVDA,buy-first put-tail inventory,2026-09-18,120.0,115.0,clock,fixed_clock,0,2026-08-27T10:01:00-04:00,0.04,0.03,2026-09-01T15:50:00-04:00,2026-09-01,False,False,2026-08-27T15:50:00-04:00,completed,True,2026-08-27T15:50:00-04:00,0.02,-4.6,-4.6,4.0,-1.2999999999999998,-8.6,0.0,-3.3,-33.6,-2.3000000000000003,-4.3
24,False,2026-08-26,NVDA,buy-first put-tail inventory,2026-09-18,120.0,115.0,clock,fixed_clock,1,2026-08-27T10:01:00-04:00,0.04,0.03,2026-09-01T15:50:00-04:00,2026-09-01,False,False,2026-08-28T15:50:00-04:00,completed,True,2026-08-28T15:50:00-04:00,0.03,-3.6000000000000005,-3.6000000000000005,4.0,-2.3000000000000007,-7.6000000000000005,0.0,-1.3,-5.6000000000000005,-1.3,-4.3
24,False,2026-08-26,NVDA,buy-first put-tail inventory,2026-09-18,120.0,115.0,clock,fixed_clock,2,2026-08-27T10:01:00-04:00,0.04,0.03,2026-09-01T15:50:00-04:00,2026-09-01,False,False,2026-08-31T15:50:00-04:00,completed,True,2026-08-31T15:50:00-04:00,0.03,-3.6000000000000005,-3.6000000000000005,4.0,-1.3000000000000003,-7.6000000000000005,0.0,-2.3000000000000003,-5.6000000000000005,-1.3,-4.3
24,False,2026-08-26,NVDA,buy-first put-tail inventory,2026-09-18,120.0,115.0,clock,price_finance,0,2026-08-27T10:01:00-04:00,0.04,0.03,2026-08-27T15:50:00-04:00,2026-09-01,False,False,2026-08-27T15:50:00-04:00,aborted_uncompleted,False,,,,-3.3,2.0,,-5.3,2.0,,-4.3,-2.3000000000000003,-4.3
24,False,2026-08-26,NVDA,buy-first put-tail inventory,2026-09-18,120.0,115.0,clock,price_finance,1,2026-08-27T10:01:00-04:00,0.04,0.03,2026-08-28T15:50:00-04:00,2026-09-01,False,False,2026-08-28T15:50:00-04:00,aborted_uncompleted,False,,,,-1.3,2.0,,-3.3,4.0,,-4.3,-1.3,-4.3
24,False,2026-08-26,NVDA,buy-first put-tail inventory,2026-09-18,120.0,115.0,clock,price_finance,2,2026-08-27T10:01:00-04:00,0.04,0.03,2026-08-31T15:50:00-04:00,2026-09-01,False,False,2026-08-31T15:50:00-04:00,aborted_uncompleted,False,,,,-2.3000000000000003,2.0,,-4.300000000000001,3.0,,-4.3,-1.3,-4.3
24,False,2026-08-26,NVDA,buy-first put-tail inventory,2026-09-18,120.0,115.0,clock,hiro_finance,0,2026-08-27T10:01:00-04:00,0.04,0.03,2026-08-27T15:50:00-04:00,2026-09-01,False,False,2026-08-27T15:50:00-04:00,aborted_uncompleted,False,,,,-3.3,2.0,,-5.3,2.0,,-4.3,-2.3000000000000003,-4.3
24,False,2026-08-26,NVDA,buy-first put-tail inventory,2026-09-18,120.0,115.0,clock,hiro_finance,1,2026-08-27T10:01:00-04:00,0.04,0.03,2026-08-28T15:50:00-04:00,2026-09-01,False,False,2026-08-28T15:50:00-04:00,aborted_uncompleted,False,,,,-1.3,2.0,,-3.3,4.0,,-4.3,-1.3,-4.3
24,False,2026-08-26,NVDA,buy-first put-tail inventory,2026-09-18,120.0,115.0,clock,hiro_finance,2,2026-08-27T10:01:00-04:00,0.04,0.03,2026-08-31T15:50:00-04:00,2026-09-01,False,False,2026-08-31T15:50:00-04:00,aborted_uncompleted,False,,,,-2.3000000000000003,2.0,,-4.300000000000001,3.0,,-4.3,-1.3,-4.3
24,False,2026-08-26,NVDA,buy-first put-tail inventory,2026-09-18,120.0,115.0,hiro,simultaneous,-1,2026-08-27T10:06:00-04:00,0.04,0.03,2026-09-01T15:50:00-04:00,2026-09-01,False,False,2026-08-27T15:50:00-04:00,completed,True,2026-08-27T10:06:00-04:00,0.01,-5.6,-5.6,4.0,-3.2999999999999994,-9.6,0.0,-2.3000000000000003,-34.599999999999994,-5.6,
24,False,2026-08-26,NVDA,buy-first put-tail inventory,2026-09-18,120.0,115.0,hiro,standalone,-1,2026-08-27T10:06:00-04:00,0.04,0.03,2026-09-01T15:50:00-04:00,2026-09-01,False,False,2026-08-27T15:50:00-04:00,standalone,False,,,,-1.3,2.0,,-3.3,4.0,,-4.3,-1.3,-4.3
24,False,2026-08-26,NVDA,buy-first put-tail inventory,2026-09-18,120.0,115.0,hiro,fixed_clock,0,2026-08-27T10:06:00-04:00,0.04,0.03,2026-09-01T15:50:00-04:00,2026-09-01,False,False,2026-08-27T15:50:00-04:00,completed,True,2026-08-27T15:50:00-04:00,0.02,-4.6,-4.6,4.0,-1.2999999999999998,-8.6,0.0,-3.3,-33.6,-2.3000000000000003,-4.3
24,False,2026-08-26,NVDA,buy-first put-tail inventory,2026-09-18,120.0,115.0,hiro,fixed_clock,1,2026-08-27T10:06:00-04:00,0.04,0.03,2026-09-01T15:50:00-04:00,2026-09-01,False,False,2026-08-28T15:50:00-04:00,completed,True,2026-08-28T15:50:00-04:00,0.03,-3.6000000000000005,-3.6000000000000005,4.0,-2.3000000000000007,-7.6000000000000005,0.0,-1.3,-5.6000000000000005,-1.3,-4.3
24,False,2026-08-26,NVDA,buy-first put-tail inventory,2026-09-18,120.0,115.0,hiro,fixed_clock,2,2026-08-27T10:06:00-04:00,0.04,0.03,2026-09-01T15:50:00-04:00,2026-09-01,False,False,2026-08-31T15:50:00-04:00,completed,True,2026-08-31T15:50:00-04:00,0.03,-3.6000000000000005,-3.6000000000000005,4.0,-1.3000000000000003,-7.6000000000000005,0.0,-2.3000000000000003,-5.6000000000000005,-1.3,-4.3
24,False,2026-08-26,NVDA,buy-first put-tail inventory,2026-09-18,120.0,115.0,hiro,price_finance,0,2026-08-27T10:06:00-04:00,0.04,0.03,2026-08-27T15:50:00-04:00,2026-09-01,False,False,2026-08-27T15:50:00-04:00,aborted_uncompleted,False,,,,-3.3,2.0,,-5.3,2.0,,-4.3,-2.3000000000000003,-4.3
24,False,2026-08-26,NVDA,buy-first put-tail inventory,2026-09-18,120.0,115.0,hiro,price_finance,1,2026-08-27T10:06:00-04:00,0.04,0.03,2026-08-28T15:50:00-04:00,2026-09-01,False,False,2026-08-28T15:50:00-04:00,aborted_uncompleted,False,,,,-1.3,2.0,,-3.3,4.0,,-4.3,-1.3,-4.3
24,False,2026-08-26,NVDA,buy-first put-tail inventory,2026-09-18,120.0,115.0,hiro,price_finance,2,2026-08-27T10:06:00-04:00,0.04,0.03,2026-08-31T15:50:00-04:00,2026-09-01,False,False,2026-08-31T15:50:00-04:00,aborted_uncompleted,False,,,,-2.3000000000000003,2.0,,-4.300000000000001,3.0,,-4.3,-1.3,-4.3
24,False,2026-08-26,NVDA,buy-first put-tail inventory,2026-09-18,120.0,115.0,hiro,hiro_finance,0,2026-08-27T10:06:00-04:00,0.04,0.03,2026-08-27T15:50:00-04:00,2026-09-01,False,False,2026-08-27T15:50:00-04:00,aborted_uncompleted,False,,,,-3.3,2.0,,-5.3,2.0,,-4.3,-2.3000000000000003,-4.3
24,False,2026-08-26,NVDA,buy-first put-tail inventory,2026-09-18,120.0,115.0,hiro,hiro_finance,1,2026-08-27T10:06:00-04:00,0.04,0.03,2026-08-28T15:50:00-04:00,2026-09-01,False,False,2026-08-28T15:50:00-04:00,aborted_uncompleted,False,,,,-1.3,2.0,,-3.3,4.0,,-4.3,-1.3,-4.3
24,False,2026-08-26,NVDA,buy-first put-tail inventory,2026-09-18,120.0,115.0,hiro,hiro_finance,2,2026-08-27T10:06:00-04:00,0.04,0.03,2026-08-31T15:50:00-04:00,2026-09-01,False,False,2026-08-31T15:50:00-04:00,aborted_uncompleted,False,,,,-2.3000000000000003,2.0,,-4.300000000000001,3.0,,-4.3,-1.3,-4.3
25,False,2026-08-26,PLTR,buy-first put-tail inventory,2026-09-18,105.0,100.0,clock,simultaneous,-1,2026-08-27T10:01:00-04:00,0.12,0.039999999999999994,2026-09-01T15:50:00-04:00,2026-09-01,False,False,2026-08-27T15:50:00-04:00,completed,True,2026-08-27T10:01:00-04:00,0.08,-6.6,-8.6,4.0,-5.300000000000001,-12.6,-2.0000000000000004,-3.299999999999999,-13.6,-5.6,
25,False,2026-08-26,PLTR,buy-first put-tail inventory,2026-09-18,105.0,100.0,clock,standalone,-1,2026-08-27T10:01:00-04:00,0.12,0.039999999999999994,2026-09-01T15:50:00-04:00,2026-09-01,False,False,2026-08-27T15:50:00-04:00,standalone,False,,,,-10.3,2.0,,-12.3,3.0,,-11.3,-3.299999999999999,-11.3
25,False,2026-08-26,PLTR,buy-first put-tail inventory,2026-09-18,105.0,100.0,clock,fixed_clock,0,2026-08-27T10:01:00-04:00,0.12,0.039999999999999994,2026-09-01T15:50:00-04:00,2026-09-01,False,False,2026-08-27T15:50:00-04:00,completed,True,2026-08-27T15:50:00-04:00,0.06,-8.6,-10.6,4.0,-2.3000000000000007,-14.6,-2.0000000000000004,-8.299999999999999,-15.6,-3.299999999999999,-7.3
25,False,2026-08-26,PLTR,buy-first put-tail inventory,2026-09-18,105.0,100.0,clock,fixed_clock,1,2026-08-27T10:01:00-04:00,0.12,0.039999999999999994,2026-09-01T15:50:00-04:00,2026-09-01,False,False,2026-08-28T15:50:00-04:00,completed,True,2026-08-28T15:50:00-04:00,0.05,-9.6,-11.6,4.0,-3.3000000000000007,-15.6,-2.0000000000000004,-8.299999999999999,-16.599999999999998,-3.299999999999999,-9.299999999999999
25,False,2026-08-26,PLTR,buy-first put-tail inventory,2026-09-18,105.0,100.0,clock,fixed_clock,2,2026-08-27T10:01:00-04:00,0.12,0.039999999999999994,2026-09-01T15:50:00-04:00,2026-09-01,False,False,2026-08-31T15:50:00-04:00,completed,True,2026-08-31T15:50:00-04:00,0.03,-11.6,-13.6,4.0,-2.299999999999999,-17.6,-2.0000000000000004,-11.3,-14.6,-3.299999999999999,-11.3
25,False,2026-08-26,PLTR,buy-first put-tail inventory,2026-09-18,105.0,100.0,clock,price_finance,0,2026-08-27T10:01:00-04:00,0.12,0.039999999999999994,2026-08-27T15:50:00-04:00,2026-09-01,False,False,2026-08-27T15:50:00-04:00,aborted_uncompleted,False,,,,-8.299999999999999,2.0,,-10.299999999999999,5.0,,-8.299999999999999,-3.299999999999999,-8.299999999999999
25,False,2026-08-26,PLTR,buy-first put-tail inventory,2026-09-18,105.0,100.0,clock,price_finance,1,2026-08-27T10:01:00-04:00,0.12,0.039999999999999994,2026-08-28T15:50:00-04:00,2026-09-01,False,False,2026-08-28T15:50:00-04:00,aborted_uncompleted,False,,,,-8.299999999999999,2.0,,-10.299999999999999,5.0,,-9.299999999999999,-3.299999999999999,-9.299999999999999
25,False,2026-08-26,PLTR,buy-first put-tail inventory,2026-09-18,105.0,100.0,clock,price_finance,2,2026-08-27T10:01:00-04:00,0.12,0.039999999999999994,2026-08-31T15:50:00-04:00,2026-09-01,False,False,2026-08-31T15:50:00-04:00,aborted_uncompleted,False,,,,-11.3,2.0,,-13.3,2.0,,-11.3,-3.299999999999999,-11.3
25,False,2026-08-26,PLTR,buy-first put-tail inventory,2026-09-18,105.0,100.0,clock,hiro_finance,0,2026-08-27T10:01:00-04:00,0.12,0.039999999999999994,2026-08-27T15:50:00-04:00,2026-09-01,False,False,2026-08-27T15:50:00-04:00,aborted_uncompleted,False,,,,-8.299999999999999,2.0,,-10.299999999999999,5.0,,-8.299999999999999,-3.299999999999999,-8.299999999999999
25,False,2026-08-26,PLTR,buy-first put-tail inventory,2026-09-18,105.0,100.0,clock,hiro_finance,1,2026-08-27T10:01:00-04:00,0.12,0.039999999999999994,2026-08-28T15:50:00-04:00,2026-09-01,False,False,2026-08-28T15:50:00-04:00,aborted_uncompleted,False,,,,-8.299999999999999,2.0,,-10.299999999999999,5.0,,-9.299999999999999,-3.299999999999999,-9.299999999999999
25,False,2026-08-26,PLTR,buy-first put-tail inventory,2026-09-18,105.0,100.0,clock,hiro_finance,2,2026-08-27T10:01:00-04:00,0.12,0.039999999999999994,2026-08-31T15:50:00-04:00,2026-09-01,False,False,2026-08-31T15:50:00-04:00,aborted_uncompleted,False,,,,-11.3,2.0,,-13.3,2.0,,-11.3,-3.299999999999999,-11.3
25,False,2026-08-26,PLTR,buy-first put-tail inventory,2026-09-18,105.0,100.0,hiro,simultaneous,-1,2026-08-27T10:01:00-04:00,0.12,0.039999999999999994,2026-09-01T15:50:00-04:00,2026-09-01,False,False,2026-08-27T15:50:00-04:00,completed,True,2026-08-27T10:01:00-04:00,0.08,-6.6,-8.6,4.0,-5.300000000000001,-12.6,-2.0000000000000004,-3.299999999999999,-13.6,-5.6,
25,False,2026-08-26,PLTR,buy-first put-tail inventory,2026-09-18,105.0,100.0,hiro,standalone,-1,2026-08-27T10:01:00-04:00,0.12,0.039999999999999994,2026-09-01T15:50:00-04:00,2026-09-01,False,False,2026-08-27T15:50:00-04:00,standalone,False,,,,-10.3,2.0,,-12.3,3.0,,-11.3,-3.299999999999999,-11.3
25,False,2026-08-26,PLTR,buy-first put-tail inventory,2026-09-18,105.0,100.0,hiro,fixed_clock,0,2026-08-27T10:01:00-04:00,0.12,0.039999999999999994,2026-09-01T15:50:00-04:00,2026-09-01,False,False,2026-08-27T15:50:00-04:00,completed,True,2026-08-27T15:50:00-04:00,0.06,-8.6,-10.6,4.0,-2.3000000000000007,-14.6,-2.0000000000000004,-8.299999999999999,-15.6,-3.299999999999999,-7.3
25,False,2026-08-26,PLTR,buy-first put-tail inventory,2026-09-18,105.0,100.0,hiro,fixed_clock,1,2026-08-27T10:01:00-04:00,0.12,0.039999999999999994,2026-09-01T15:50:00-04:00,2026-09-01,False,False,2026-08-28T15:50:00-04:00,completed,True,2026-08-28T15:50:00-04:00,0.05,-9.6,-11.6,4.0,-3.3000000000000007,-15.6,-2.0000000000000004,-8.299999999999999,-16.599999999999998,-3.299999999999999,-9.299999999999999
25,False,2026-08-26,PLTR,buy-first put-tail inventory,2026-09-18,105.0,100.0,hiro,fixed_clock,2,2026-08-27T10:01:00-04:00,0.12,0.039999999999999994,2026-09-01T15:50:00-04:00,2026-09-01,False,False,2026-08-31T15:50:00-04:00,completed,True,2026-08-31T15:50:00-04:00,0.03,-11.6,-13.6,4.0,-2.299999999999999,-17.6,-2.0000000000000004,-11.3,-14.6,-3.299999999999999,-11.3
25,False,2026-08-26,PLTR,buy-first put-tail inventory,2026-09-18,105.0,100.0,hiro,price_finance,0,2026-08-27T10:01:00-04:00,0.12,0.039999999999999994,2026-08-27T15:50:00-04:00,2026-09-01,False,False,2026-08-27T15:50:00-04:00,aborted_uncompleted,False,,,,-8.299999999999999,2.0,,-10.299999999999999,5.0,,-8.299999999999999,-3.299999999999999,-8.299999999999999
25,False,2026-08-26,PLTR,buy-first put-tail inventory,2026-09-18,105.0,100.0,hiro,price_finance,1,2026-08-27T10:01:00-04:00,0.12,0.039999999999999994,2026-08-28T15:50:00-04:00,2026-09-01,False,False,2026-08-28T15:50:00-04:00,aborted_uncompleted,False,,,,-8.299999999999999,2.0,,-10.299999999999999,5.0,,-9.299999999999999,-3.299999999999999,-9.299999999999999
25,False,2026-08-26,PLTR,buy-first put-tail inventory,2026-09-18,105.0,100.0,hiro,price_finance,2,2026-08-27T10:01:00-04:00,0.12,0.039999999999999994,2026-08-31T15:50:00-04:00,2026-09-01,False,False,2026-08-31T15:50:00-04:00,aborted_uncompleted,False,,,,-11.3,2.0,,-13.3,2.0,,-11.3,-3.299999999999999,-11.3
25,False,2026-08-26,PLTR,buy-first put-tail inventory,2026-09-18,105.0,100.0,hiro,hiro_finance,0,2026-08-27T10:01:00-04:00,0.12,0.039999999999999994,2026-08-27T15:50:00-04:00,2026-09-01,False,False,2026-08-27T15:50:00-04:00,aborted_uncompleted,False,,,,-8.299999999999999,2.0,,-10.299999999999999,5.0,,-8.299999999999999,-3.299999999999999,-8.299999999999999
25,False,2026-08-26,PLTR,buy-first put-tail inventory,2026-09-18,105.0,100.0,hiro,hiro_finance,1,2026-08-27T10:01:00-04:00,0.12,0.039999999999999994,2026-08-28T15:50:00-04:00,2026-09-01,False,False,2026-08-28T15:50:00-04:00,aborted_uncompleted,False,,,,-8.299999999999999,2.0,,-10.299999999999999,5.0,,-9.299999999999999,-3.299999999999999,-9.299999999999999
25,False,2026-08-26,PLTR,buy-first put-tail inventory,2026-09-18,105.0,100.0,hiro,hiro_finance,2,2026-08-27T10:01:00-04:00,0.12,0.039999999999999994,2026-08-31T15:50:00-04:00,2026-09-01,False,False,2026-08-31T15:50:00-04:00,aborted_uncompleted,False,,,,-11.3,2.0,,-13.3,2.0,,-11.3,-3.299999999999999,-11.3
26,True,2026-08-27,AMZN,buy-first put-tail inventory,2026-09-18,150.0,145.0,clock,simultaneous,-1,2026-08-28T10:01:00-04:00,0.04,0.03,2026-09-02T15:50:00-04:00,2026-09-02,False,False,2026-08-28T15:50:00-04:00,completed,True,2026-08-28T10:01:00-04:00,0.01,-5.6,-7.6,4.0,-3.3,-11.6,-2.0,-4.3,-504.6000000000001,-6.6,
26,True,2026-08-27,AMZN,buy-first put-tail inventory,2026-09-18,150.0,145.0,clock,standalone,-1,2026-08-28T10:01:00-04:00,0.04,0.03,2026-09-02T15:50:00-04:00,2026-09-02,False,False,2026-08-28T15:50:00-04:00,standalone,False,,,,-5.3,2.0,,-7.3,0.0,,-5.3,-3.3,-5.3
26,True,2026-08-27,AMZN,buy-first put-tail inventory,2026-09-18,150.0,145.0,clock,fixed_clock,0,2026-08-28T10:01:00-04:00,0.04,0.03,2026-09-02T15:50:00-04:00,2026-09-02,False,False,2026-08-28T15:50:00-04:00,completed,True,2026-08-28T15:50:00-04:00,0.01,-5.6,-7.6,4.0,-3.3,-11.6,-2.0,-4.3,-504.6000000000001,-4.3,-4.3
26,True,2026-08-27,AMZN,buy-first put-tail inventory,2026-09-18,150.0,145.0,clock,fixed_clock,1,2026-08-28T10:01:00-04:00,0.04,0.03,2026-09-02T15:50:00-04:00,2026-09-02,False,False,2026-08-31T15:50:00-04:00,unpriced_deadline,False,,,,,,,,,,,,
26,True,2026-08-27,AMZN,buy-first put-tail inventory,2026-09-18,150.0,145.0,clock,fixed_clock,2,2026-08-28T10:01:00-04:00,0.04,0.03,2026-09-02T15:50:00-04:00,2026-09-02,False,False,2026-09-01T15:50:00-04:00,completed,True,2026-09-01T15:50:00-04:00,0.01,-5.6,-7.6,4.0,-4.3,-11.6,-2.0,-3.3,-8.6,-3.3,-5.3
26,True,2026-08-27,AMZN,buy-first put-tail inventory,2026-09-18,150.0,145.0,clock,price_finance,0,2026-08-28T10:01:00-04:00,0.04,0.03,2026-08-28T15:50:00-04:00,2026-09-02,False,False,2026-08-28T15:50:00-04:00,aborted_uncompleted,False,,,,-4.3,2.0,,-6.3,1.0,,-4.3,-4.3,-4.3
26,True,2026-08-27,AMZN,buy-first put-tail inventory,2026-09-18,150.0,145.0,clock,price_finance,1,2026-08-28T10:01:00-04:00,0.04,0.03,2026-08-31T15:50:00-04:00,2026-09-02,False,False,2026-08-31T15:50:00-04:00,aborted_uncompleted,False,,,,-5.3,2.0,,-7.3,0.0,,-5.3,-4.3,-5.3
26,True,2026-08-27,AMZN,buy-first put-tail inventory,2026-09-18,150.0,145.0,clock,price_finance,2,2026-08-28T10:01:00-04:00,0.04,0.03,2026-09-01T15:50:00-04:00,2026-09-02,False,False,2026-09-01T15:50:00-04:00,aborted_uncompleted,False,,,,-3.3,2.0,,-5.3,2.0,,-5.3,-3.3,-5.3
26,True,2026-08-27,AMZN,buy-first put-tail inventory,2026-09-18,150.0,145.0,clock,hiro_finance,0,2026-08-28T10:01:00-04:00,0.04,0.03,2026-08-28T15:50:00-04:00,2026-09-02,False,False,2026-08-28T15:50:00-04:00,aborted_uncompleted,False,,,,-4.3,2.0,,-6.3,1.0,,-4.3,-4.3,-4.3
26,True,2026-08-27,AMZN,buy-first put-tail inventory,2026-09-18,150.0,145.0,clock,hiro_finance,1,2026-08-28T10:01:00-04:00,0.04,0.03,2026-08-31T15:50:00-04:00,2026-09-02,False,False,2026-08-31T15:50:00-04:00,aborted_uncompleted,False,,,,-5.3,2.0,,-7.3,0.0,,-5.3,-4.3,-5.3
26,True,2026-08-27,AMZN,buy-first put-tail inventory,2026-09-18,150.0,145.0,clock,hiro_finance,2,2026-08-28T10:01:00-04:00,0.04,0.03,2026-09-01T15:50:00-04:00,2026-09-02,False,False,2026-09-01T15:50:00-04:00,aborted_uncompleted,False,,,,-3.3,2.0,,-5.3,2.0,,-5.3,-3.3,-5.3
26,True,2026-08-27,AMZN,buy-first put-tail inventory,2026-09-18,150.0,145.0,hiro,simultaneous,-1,2026-08-28T10:21:00-04:00,0.04,0.03,2026-09-02T15:50:00-04:00,2026-09-02,False,False,2026-08-28T15:50:00-04:00,completed,True,2026-08-28T10:21:00-04:00,0.01,-5.6,-7.6,4.0,-3.3,-11.6,-2.0,-4.3,-504.6000000000001,-6.6,
26,True,2026-08-27,AMZN,buy-first put-tail inventory,2026-09-18,150.0,145.0,hiro,standalone,-1,2026-08-28T10:21:00-04:00,0.04,0.03,2026-09-02T15:50:00-04:00,2026-09-02,False,False,2026-08-28T15:50:00-04:00,standalone,False,,,,-5.3,2.0,,-7.3,0.0,,-5.3,-3.3,-5.3
26,True,2026-08-27,AMZN,buy-first put-tail inventory,2026-09-18,150.0,145.0,hiro,fixed_clock,0,2026-08-28T10:21:00-04:00,0.04,0.03,2026-09-02T15:50:00-04:00,2026-09-02,False,False,2026-08-28T15:50:00-04:00,completed,True,2026-08-28T15:50:00-04:00,0.01,-5.6,-7.6,4.0,-3.3,-11.6,-2.0,-4.3,-504.6000000000001,-4.3,-4.3
26,True,2026-08-27,AMZN,buy-first put-tail inventory,2026-09-18,150.0,145.0,hiro,fixed_clock,1,2026-08-28T10:21:00-04:00,0.04,0.03,2026-09-02T15:50:00-04:00,2026-09-02,False,False,2026-08-31T15:50:00-04:00,unpriced_deadline,False,,,,,,,,,,,,
26,True,2026-08-27,AMZN,buy-first put-tail inventory,2026-09-18,150.0,145.0,hiro,fixed_clock,2,2026-08-28T10:21:00-04:00,0.04,0.03,2026-09-02T15:50:00-04:00,2026-09-02,False,False,2026-09-01T15:50:00-04:00,completed,True,2026-09-01T15:50:00-04:00,0.01,-5.6,-7.6,4.0,-4.3,-11.6,-2.0,-3.3,-8.6,-3.3,-5.3
26,True,2026-08-27,AMZN,buy-first put-tail inventory,2026-09-18,150.0,145.0,hiro,price_finance,0,2026-08-28T10:21:00-04:00,0.04,0.03,2026-08-28T15:50:00-04:00,2026-09-02,False,False,2026-08-28T15:50:00-04:00,aborted_uncompleted,False,,,,-4.3,2.0,,-6.3,1.0,,-4.3,-4.3,-4.3
26,True,2026-08-27,AMZN,buy-first put-tail inventory,2026-09-18,150.0,145.0,hiro,price_finance,1,2026-08-28T10:21:00-04:00,0.04,0.03,2026-08-31T15:50:00-04:00,2026-09-02,False,False,2026-08-31T15:50:00-04:00,aborted_uncompleted,False,,,,-5.3,2.0,,-7.3,0.0,,-5.3,-4.3,-5.3
26,True,2026-08-27,AMZN,buy-first put-tail inventory,2026-09-18,150.0,145.0,hiro,price_finance,2,2026-08-28T10:21:00-04:00,0.04,0.03,2026-09-01T15:50:00-04:00,2026-09-02,False,False,2026-09-01T15:50:00-04:00,aborted_uncompleted,False,,,,-3.3,2.0,,-5.3,2.0,,-5.3,-3.3,-5.3
26,True,2026-08-27,AMZN,buy-first put-tail inventory,2026-09-18,150.0,145.0,hiro,hiro_finance,0,2026-08-28T10:21:00-04:00,0.04,0.03,2026-08-28T15:50:00-04:00,2026-09-02,False,False,2026-08-28T15:50:00-04:00,aborted_uncompleted,False,,,,-4.3,2.0,,-6.3,1.0,,-4.3,-4.3,-4.3
26,True,2026-08-27,AMZN,buy-first put-tail inventory,2026-09-18,150.0,145.0,hiro,hiro_finance,1,2026-08-28T10:21:00-04:00,0.04,0.03,2026-08-31T15:50:00-04:00,2026-09-02,False,False,2026-08-31T15:50:00-04:00,aborted_uncompleted,False,,,,-5.3,2.0,,-7.3,0.0,,-5.3,-4.3,-5.3
26,True,2026-08-27,AMZN,buy-first put-tail inventory,2026-09-18,150.0,145.0,hiro,hiro_finance,2,2026-08-28T10:21:00-04:00,0.04,0.03,2026-09-01T15:50:00-04:00,2026-09-02,False,False,2026-09-01T15:50:00-04:00,aborted_uncompleted,False,,,,-3.3,2.0,,-5.3,2.0,,-5.3,-3.3,-5.3
27,True,2026-08-27,CRWV,buy-first put-tail inventory,2026-09-18,50.0,45.0,clock,simultaneous,-1,2026-08-28T10:01:00-04:00,0.08,0.07,2026-09-02T15:50:00-04:00,2026-09-02,False,False,2026-08-28T15:50:00-04:00,completed,True,2026-08-28T10:01:00-04:00,0.01,-9.600000000000001,-11.600000000000001,4.0,-5.300000000000002,-15.600000000000001,-2.0,-6.3,-32.6,-9.600000000000001,
27,True,2026-08-27,CRWV,buy-first put-tail inventory,2026-09-18,50.0,45.0,clock,standalone,-1,2026-08-28T10:01:00-04:00,0.08,0.07,2026-09-02T15:50:00-04:00,2026-09-02,False,False,2026-08-28T15:50:00-04:00,standalone,False,,,,-7.3,2.0,,-9.3,2.0,,-7.3,-5.3,-7.3
27,True,2026-08-27,CRWV,buy-first put-tail inventory,2026-09-18,50.0,45.0,clock,fixed_clock,0,2026-08-28T10:01:00-04:00,0.08,0.07,2026-09-02T15:50:00-04:00,2026-09-02,False,False,2026-08-28T15:50:00-04:00,unpriced_deadline,False,,,,,,,,,,,,
27,True,2026-08-27,CRWV,buy-first put-tail inventory,2026-09-18,50.0,45.0,clock,fixed_clock,1,2026-08-28T10:01:00-04:00,0.08,0.07,2026-09-02T15:50:00-04:00,2026-09-02,False,False,2026-08-31T15:50:00-04:00,unpriced_deadline,False,,,,,,,,,,,,
27,True,2026-08-27,CRWV,buy-first put-tail inventory,2026-09-18,50.0,45.0,clock,fixed_clock,2,2026-08-28T10:01:00-04:00,0.08,0.07,2026-09-02T15:50:00-04:00,2026-09-02,False,False,2026-09-01T15:50:00-04:00,unpriced_deadline,False,,,,,,,,,,,,
27,True,2026-08-27,CRWV,buy-first put-tail inventory,2026-09-18,50.0,45.0,clock,price_finance,0,2026-08-28T10:01:00-04:00,0.08,0.07,2026-08-28T15:50:00-04:00,2026-09-02,False,False,2026-08-28T15:50:00-04:00,aborted_uncompleted,False,,,,-7.3,2.0,,-9.3,2.0,,-7.3,-5.3,-7.3
27,True,2026-08-27,CRWV,buy-first put-tail inventory,2026-09-18,50.0,45.0,clock,price_finance,1,2026-08-28T10:01:00-04:00,0.08,0.07,2026-08-31T15:50:00-04:00,2026-09-02,False,False,2026-08-31T15:50:00-04:00,aborted_uncompleted,False,,,,-7.3,2.0,,-9.3,2.0,,-7.3,-5.3,-7.3
27,True,2026-08-27,CRWV,buy-first put-tail inventory,2026-09-18,50.0,45.0,clock,price_finance,2,2026-08-28T10:01:00-04:00,0.08,0.07,2026-09-01T15:50:00-04:00,2026-09-02,False,False,2026-09-01T15:50:00-04:00,aborted_uncompleted,False,,,,-7.3,2.0,,-9.3,2.0,,-7.3,-5.3,-7.3
27,True,2026-08-27,CRWV,buy-first put-tail inventory,2026-09-18,50.0,45.0,clock,hiro_finance,0,2026-08-28T10:01:00-04:00,0.08,0.07,2026-08-28T15:50:00-04:00,2026-09-02,False,False,2026-08-28T15:50:00-04:00,aborted_uncompleted,False,,,,-7.3,2.0,,-9.3,2.0,,-7.3,-5.3,-7.3
27,True,2026-08-27,CRWV,buy-first put-tail inventory,2026-09-18,50.0,45.0,clock,hiro_finance,1,2026-08-28T10:01:00-04:00,0.08,0.07,2026-08-31T15:50:00-04:00,2026-09-02,False,False,2026-08-31T15:50:00-04:00,aborted_uncompleted,False,,,,-7.3,2.0,,-9.3,2.0,,-7.3,-5.3,-7.3
27,True,2026-08-27,CRWV,buy-first put-tail inventory,2026-09-18,50.0,45.0,clock,hiro_finance,2,2026-08-28T10:01:00-04:00,0.08,0.07,2026-09-01T15:50:00-04:00,2026-09-02,False,False,2026-09-01T15:50:00-04:00,aborted_uncompleted,False,,,,-7.3,2.0,,-9.3,2.0,,-7.3,-5.3,-7.3
27,True,2026-08-27,CRWV,buy-first put-tail inventory,2026-09-18,50.0,45.0,hiro,simultaneous,-1,2026-08-28T13:51:00-04:00,0.06,0.049999999999999996,2026-09-02T15:50:00-04:00,2026-09-02,False,False,2026-08-28T15:50:00-04:00,completed,True,2026-08-28T13:51:00-04:00,0.01,-7.6,-9.6,4.0,-5.3,-13.6,-2.0,-4.3,-30.600000000000005,-7.6,
27,True,2026-08-27,CRWV,buy-first put-tail inventory,2026-09-18,50.0,45.0,hiro,standalone,-1,2026-08-28T13:51:00-04:00,0.06,0.049999999999999996,2026-09-02T15:50:00-04:00,2026-09-02,False,False,2026-08-28T15:50:00-04:00,standalone,False,,,,-5.3,2.0,,-7.3,2.0,,-5.3,-3.3,-5.3
27,True,2026-08-27,CRWV,buy-first put-tail inventory,2026-09-18,50.0,45.0,hiro,fixed_clock,0,2026-08-28T13:51:00-04:00,0.06,0.049999999999999996,2026-09-02T15:50:00-04:00,2026-09-02,False,False,2026-08-28T15:50:00-04:00,unpriced_deadline,False,,,,,,,,,,,,
27,True,2026-08-27,CRWV,buy-first put-tail inventory,2026-09-18,50.0,45.0,hiro,fixed_clock,1,2026-08-28T13:51:00-04:00,0.06,0.049999999999999996,2026-09-02T15:50:00-04:00,2026-09-02,False,False,2026-08-31T15:50:00-04:00,unpriced_deadline,False,,,,,,,,,,,,
27,True,2026-08-27,CRWV,buy-first put-tail inventory,2026-09-18,50.0,45.0,hiro,fixed_clock,2,2026-08-28T13:51:00-04:00,0.06,0.049999999999999996,2026-09-02T15:50:00-04:00,2026-09-02,False,False,2026-09-01T15:50:00-04:00,unpriced_deadline,False,,,,,,,,,,,,
27,True,2026-08-27,CRWV,buy-first put-tail inventory,2026-09-18,50.0,45.0,hiro,price_finance,0,2026-08-28T13:51:00-04:00,0.06,0.049999999999999996,2026-08-28T15:50:00-04:00,2026-09-02,False,False,2026-08-28T15:50:00-04:00,aborted_uncompleted,False,,,,-5.3,2.0,,-7.3,2.0,,-5.3,-4.3,-5.3
27,True,2026-08-27,CRWV,buy-first put-tail inventory,2026-09-18,50.0,45.0,hiro,price_finance,1,2026-08-28T13:51:00-04:00,0.06,0.049999999999999996,2026-08-31T15:50:00-04:00,2026-09-02,False,False,2026-08-31T15:50:00-04:00,aborted_uncompleted,False,,,,-5.3,2.0,,-7.3,2.0,,-5.3,-4.3,-5.3
27,True,2026-08-27,CRWV,buy-first put-tail inventory,2026-09-18,50.0,45.0,hiro,price_finance,2,2026-08-28T13:51:00-04:00,0.06,0.049999999999999996,2026-09-01T15:50:00-04:00,2026-09-02,False,False,2026-09-01T15:50:00-04:00,aborted_uncompleted,False,,,,-5.3,2.0,,-7.3,2.0,,-5.3,-3.3,-5.3
27,True,2026-08-27,CRWV,buy-first put-tail inventory,2026-09-18,50.0,45.0,hiro,hiro_finance,0,2026-08-28T13:51:00-04:00,0.06,0.049999999999999996,2026-08-28T15:50:00-04:00,2026-09-02,False,False,2026-08-28T15:50:00-04:00,aborted_uncompleted,False,,,,-5.3,2.0,,-7.3,2.0,,-5.3,-4.3,-5.3
27,True,2026-08-27,CRWV,buy-first put-tail inventory,2026-09-18,50.0,45.0,hiro,hiro_finance,1,2026-08-28T13:51:00-04:00,0.06,0.049999999999999996,2026-08-31T15:50:00-04:00,2026-09-02,False,False,2026-08-31T15:50:00-04:00,aborted_uncompleted,False,,,,-5.3,2.0,,-7.3,2.0,,-5.3,-4.3,-5.3
27,True,2026-08-27,CRWV,buy-first put-tail inventory,2026-09-18,50.0,45.0,hiro,hiro_finance,2,2026-08-28T13:51:00-04:00,0.06,0.049999999999999996,2026-09-01T15:50:00-04:00,2026-09-02,False,False,2026-09-01T15:50:00-04:00,aborted_uncompleted,False,,,,-5.3,2.0,,-7.3,2.0,,-5.3,-3.3,-5.3
29,True,2026-08-27,GOOGL,buy-first put-tail inventory,2026-10-16,245.0,240.0,hiro,simultaneous,-1,2026-08-28T12:21:00-04:00,0.21,0.04999999999999999,2026-09-02T15:50:00-04:00,2026-09-02,False,False,2026-08-28T15:50:00-04:00,completed,True,2026-08-28T12:21:00-04:00,0.16,-7.6,-9.600000000000001,4.0,-2.3000000000000016,-13.600000000000001,-2.0000000000000018,-7.3,-65.59999999999998,-8.599999999999998,
29,True,2026-08-27,GOOGL,buy-first put-tail inventory,2026-10-16,245.0,240.0,hiro,standalone,-1,2026-08-28T12:21:00-04:00,0.21,0.04999999999999999,2026-09-02T15:50:00-04:00,2026-09-02,False,False,2026-08-28T15:50:00-04:00,standalone,False,,,,-4.3,2.0,,-6.3,18.0,,-21.3,-2.299999999999998,-21.3
29,True,2026-08-27,GOOGL,buy-first put-tail inventory,2026-10-16,245.0,240.0,hiro,fixed_clock,0,2026-08-28T12:21:00-04:00,0.21,0.04999999999999999,2026-09-02T15:50:00-04:00,2026-09-02,False,False,2026-08-28T15:50:00-04:00,completed,True,2026-08-28T15:50:00-04:00,0.07,-16.599999999999998,-18.6,4.0,-12.300000000000002,-22.6,-2.0000000000000018,-6.299999999999999,-74.6,-5.299999999999998,-7.3
29,True,2026-08-27,GOOGL,buy-first put-tail inventory,2026-10-16,245.0,240.0,hiro,fixed_clock,1,2026-08-28T12:21:00-04:00,0.21,0.04999999999999999,2026-09-02T15:50:00-04:00,2026-09-02,False,False,2026-08-31T15:50:00-04:00,completed,True,2026-08-31T15:50:00-04:00,0.14,-9.599999999999998,-11.6,4.0,-3.3000000000000007,-15.6,-2.0000000000000018,-8.299999999999999,-67.59999999999998,-5.299999999999998,-21.3
29,True,2026-08-27,GOOGL,buy-first put-tail inventory,2026-10-16,245.0,240.0,hiro,fixed_clock,2,2026-08-28T12:21:00-04:00,0.21,0.04999999999999999,2026-09-02T15:50:00-04:00,2026-09-02,False,False,2026-09-01T15:50:00-04:00,completed,True,2026-09-01T15:50:00-04:00,0.1,-13.599999999999998,-15.6,4.0,-13.3,-19.6,-2.0000000000000018,-2.299999999999998,-71.6,-2.299999999999998,-21.3
29,True,2026-08-27,GOOGL,buy-first put-tail inventory,2026-10-16,245.0,240.0,hiro,price_finance,0,2026-08-28T12:21:00-04:00,0.21,0.04999999999999999,2026-08-28T15:50:00-04:00,2026-09-02,False,False,2026-08-28T15:50:00-04:00,aborted_uncompleted,False,,,,-6.299999999999999,2.0,,-8.299999999999999,16.0,,-7.3,-5.299999999999998,-7.3
29,True,2026-08-27,GOOGL,buy-first put-tail inventory,2026-10-16,245.0,240.0,hiro,price_finance,1,2026-08-28T12:21:00-04:00,0.21,0.04999999999999999,2026-08-31T15:50:00-04:00,2026-09-02,False,False,2026-08-31T15:50:00-04:00,aborted_uncompleted,False,,,,-8.299999999999999,2.0,,-10.299999999999999,14.000000000000002,,-21.3,-5.299999999999998,-21.3
29,True,2026-08-27,GOOGL,buy-first put-tail inventory,2026-10-16,245.0,240.0,hiro,price_finance,2,2026-08-28T12:21:00-04:00,0.21,0.04999999999999999,2026-09-01T15:50:00-04:00,2026-09-02,False,False,2026-09-01T15:50:00-04:00,aborted_uncompleted,False,,,,-2.299999999999998,2.0,,-4.299999999999998,20.0,,-21.3,-2.299999999999998,-21.3
29,True,2026-08-27,GOOGL,buy-first put-tail inventory,2026-10-16,245.0,240.0,hiro,hiro_finance,0,2026-08-28T12:21:00-04:00,0.21,0.04999999999999999,2026-08-28T15:50:00-04:00,2026-09-02,False,False,2026-08-28T15:50:00-04:00,aborted_uncompleted,False,,,,-6.299999999999999,2.0,,-8.299999999999999,16.0,,-7.3,-5.299999999999998,-7.3
29,True,2026-08-27,GOOGL,buy-first put-tail inventory,2026-10-16,245.0,240.0,hiro,hiro_finance,1,2026-08-28T12:21:00-04:00,0.21,0.04999999999999999,2026-08-31T15:50:00-04:00,2026-09-02,False,False,2026-08-31T15:50:00-04:00,aborted_uncompleted,False,,,,-8.299999999999999,2.0,,-10.299999999999999,14.000000000000002,,-21.3,-5.299999999999998,-21.3
29,True,2026-08-27,GOOGL,buy-first put-tail inventory,2026-10-16,245.0,240.0,hiro,hiro_finance,2,2026-08-28T12:21:00-04:00,0.21,0.04999999999999999,2026-09-01T15:50:00-04:00,2026-09-02,False,False,2026-09-01T15:50:00-04:00,aborted_uncompleted,False,,,,-2.299999999999998,2.0,,-4.299999999999998,20.0,,-21.3,-2.299999999999998,-21.3
30,True,2026-08-27,NBIS,buy-first put-tail inventory,2026-09-18,120.0,115.0,hiro,simultaneous,-1,2026-08-28T12:16:00-04:00,0.21,0.07999999999999999,2026-09-02T15:50:00-04:00,2026-09-02,False,False,2026-08-28T15:50:00-04:00,completed,True,2026-08-28T12:16:00-04:00,0.13,-10.6,-14.599999999999996,4.0,-10.299999999999997,-18.599999999999994,-3.9999999999999982,-4.3,-45.599999999999994,-10.6,
30,True,2026-08-27,NBIS,buy-first put-tail inventory,2026-09-18,120.0,115.0,hiro,standalone,-1,2026-08-28T12:16:00-04:00,0.21,0.07999999999999999,2026-09-02T15:50:00-04:00,2026-09-02,False,False,2026-08-28T15:50:00-04:00,standalone,False,,,,-8.299999999999999,2.0,,-10.299999999999999,14.000000000000002,,-8.299999999999999,-3.299999999999999,-8.299999999999999
30,True,2026-08-27,NBIS,buy-first put-tail inventory,2026-09-18,120.0,115.0,hiro,fixed_clock,0,2026-08-28T12:16:00-04:00,0.21,0.07999999999999999,2026-09-02T15:50:00-04:00,2026-09-02,False,False,2026-08-28T15:50:00-04:00,completed,True,2026-08-28T15:50:00-04:00,0.01,-22.6,-26.599999999999998,4.0,-22.299999999999997,-30.599999999999998,-3.9999999999999982,-4.3,-57.599999999999994,-3.299999999999999,-4.3
30,True,2026-08-27,NBIS,buy-first put-tail inventory,2026-09-18,120.0,115.0,hiro,fixed_clock,1,2026-08-28T12:16:00-04:00,0.21,0.07999999999999999,2026-09-02T15:50:00-04:00,2026-09-02,False,False,2026-08-31T15:50:00-04:00,completed,True,2026-08-31T15:50:00-04:00,0.05,-18.599999999999998,-22.599999999999998,4.0,-14.299999999999999,-26.599999999999998,-3.9999999999999982,-8.299999999999999,-53.6,-3.299999999999999,-8.299999999999999
30,True,2026-08-27,NBIS,buy-first put-tail inventory,2026-09-18,120.0,115.0,hiro,fixed_clock,2,2026-08-28T12:16:00-04:00,0.21,0.07999999999999999,2026-09-02T15:50:00-04:00,2026-09-02,False,False,2026-09-01T15:50:00-04:00,completed,True,2026-09-01T15:50:00-04:00,0.1,-13.599999999999998,-17.599999999999998,4.0,-11.299999999999999,-21.599999999999998,-3.9999999999999982,-6.299999999999999,-37.6,-3.299999999999999,-8.299999999999999
30,True,2026-08-27,NBIS,buy-first put-tail inventory,2026-09-18,120.0,115.0,hiro,price_finance,0,2026-08-28T12:16:00-04:00,0.21,0.07999999999999999,2026-08-28T15:50:00-04:00,2026-09-02,False,False,2026-08-28T15:50:00-04:00,aborted_uncompleted,False,,,,-4.3,2.0,,-6.3,18.0,,-4.3,-3.299999999999999,-4.3
30,True,2026-08-27,NBIS,buy-first put-tail inventory,2026-09-18,120.0,115.0,hiro,price_finance,1,2026-08-28T12:16:00-04:00,0.21,0.07999999999999999,2026-08-31T15:50:00-04:00,2026-09-02,False,False,2026-08-31T15:50:00-04:00,aborted_uncompleted,False,,,,-8.299999999999999,2.0,,-10.299999999999999,14.000000000000002,,-8.299999999999999,-3.299999999999999,-8.299999999999999
30,True,2026-08-27,NBIS,buy-first put-tail inventory,2026-09-18,120.0,115.0,hiro,price_finance,2,2026-08-28T12:16:00-04:00,0.21,0.07999999999999999,2026-09-01T15:50:00-04:00,2026-09-02,False,False,2026-09-01T15:50:00-04:00,aborted_uncompleted,False,,,,-6.299999999999999,2.0,,-8.299999999999999,16.0,,-8.299999999999999,-3.299999999999999,-8.299999999999999
30,True,2026-08-27,NBIS,buy-first put-tail inventory,2026-09-18,120.0,115.0,hiro,hiro_finance,0,2026-08-28T12:16:00-04:00,0.21,0.07999999999999999,2026-08-28T15:50:00-04:00,2026-09-02,False,False,2026-08-28T15:50:00-04:00,aborted_uncompleted,False,,,,-4.3,2.0,,-6.3,18.0,,-4.3,-3.299999999999999,-4.3
30,True,2026-08-27,NBIS,buy-first put-tail inventory,2026-09-18,120.0,115.0,hiro,hiro_finance,1,2026-08-28T12:16:00-04:00,0.21,0.07999999999999999,2026-08-31T15:50:00-04:00,2026-09-02,False,False,2026-08-31T15:50:00-04:00,aborted_uncompleted,False,,,,-8.299999999999999,2.0,,-10.299999999999999,14.000000000000002,,-8.299999999999999,-3.299999999999999,-8.299999999999999
30,True,2026-08-27,NBIS,buy-first put-tail inventory,2026-09-18,120.0,115.0,hiro,hiro_finance,2,2026-08-28T12:16:00-04:00,0.21,0.07999999999999999,2026-09-01T15:50:00-04:00,2026-09-02,False,False,2026-09-01T15:50:00-04:00,aborted_uncompleted,False,,,,-6.299999999999999,2.0,,-8.299999999999999,16.0,,-8.299999999999999,-3.299999999999999,-8.299999999999999
31,True,2026-08-27,NVDA,buy-first put-tail inventory,2026-09-18,145.0,140.0,clock,simultaneous,-1,2026-08-28T10:01:00-04:00,0.07,0.020000000000000004,2026-09-02T15:50:00-04:00,2026-09-02,False,False,2026-08-28T15:50:00-04:00,completed,True,2026-08-28T10:01:00-04:00,0.05,-4.6000000000000005,-4.6000000000000005,4.0,-2.3,-8.600000000000001,0.0,-2.3000000000000007,-7.6,-4.6000000000000005,
31,True,2026-08-27,NVDA,buy-first put-tail inventory,2026-09-18,145.0,140.0,clock,standalone,-1,2026-08-28T10:01:00-04:00,0.07,0.020000000000000004,2026-09-02T15:50:00-04:00,2026-09-02,False,False,2026-08-28T15:50:00-04:00,standalone,False,,,,-2.3000000000000007,2.0,,-4.300000000000001,6.0,,-2.3000000000000007,-0.3000000000000005,-2.3000000000000007
31,True,2026-08-27,NVDA,buy-first put-tail inventory,2026-09-18,145.0,140.0,clock,fixed_clock,0,2026-08-28T10:01:00-04:00,0.07,0.020000000000000004,2026-09-02T15:50:00-04:00,2026-09-02,False,False,2026-08-28T15:50:00-04:00,completed,True,2026-08-28T15:50:00-04:00,0.06,-3.600000000000001,-3.600000000000001,4.0,-2.3000000000000007,-7.600000000000001,0.0,-1.3,-6.600000000000001,-0.3000000000000005,-2.3000000000000007
31,True,2026-08-27,NVDA,buy-first put-tail inventory,2026-09-18,145.0,140.0,clock,fixed_clock,1,2026-08-28T10:01:00-04:00,0.07,0.020000000000000004,2026-09-02T15:50:00-04:00,2026-09-02,False,False,2026-08-31T15:50:00-04:00,completed,True,2026-08-31T15:50:00-04:00,0.05,-4.6000000000000005,-4.6000000000000005,4.0,-2.3,-8.600000000000001,0.0,-2.3000000000000007,-7.6,-0.3000000000000005,-2.3000000000000007
31,True,2026-08-27,NVDA,buy-first put-tail inventory,2026-09-18,145.0,140.0,clock,fixed_clock,2,2026-08-28T10:01:00-04:00,0.07,0.020000000000000004,2026-09-02T15:50:00-04:00,2026-09-02,False,False,2026-09-01T15:50:00-04:00,completed,True,2026-09-01T15:50:00-04:00,0.07,-2.6,-2.6,4.0,-2.3,-6.6,0.0,-0.3000000000000005,-4.6000000000000005,-0.3000000000000005,-2.3000000000000007
31,True,2026-08-27,NVDA,buy-first put-tail inventory,2026-09-18,145.0,140.0,clock,price_finance,0,2026-08-28T10:01:00-04:00,0.07,0.020000000000000004,2026-08-28T15:50:00-04:00,2026-09-02,False,False,2026-08-28T15:50:00-04:00,aborted_uncompleted,False,,,,-1.3,2.0,,-3.3,7.000000000000001,,-2.3000000000000007,-0.3000000000000005,-2.3000000000000007
31,True,2026-08-27,NVDA,buy-first put-tail inventory,2026-09-18,145.0,140.0,clock,price_finance,1,2026-08-28T10:01:00-04:00,0.07,0.020000000000000004,2026-08-31T15:50:00-04:00,2026-09-02,False,False,2026-08-31T15:50:00-04:00,aborted_uncompleted,False,,,,-2.3000000000000007,2.0,,-4.300000000000001,6.0,,-2.3000000000000007,-0.3000000000000005,-2.3000000000000007
31,True,2026-08-27,NVDA,buy-first put-tail inventory,2026-09-18,145.0,140.0,clock,price_finance,2,2026-08-28T10:01:00-04:00,0.07,0.020000000000000004,2026-09-01T15:50:00-04:00,2026-09-02,False,False,2026-09-01T15:50:00-04:00,aborted_uncompleted,False,,,,-0.3000000000000005,2.0,,-2.3000000000000007,8.0,,-2.3000000000000007,-0.3000000000000005,-2.3000000000000007
31,True,2026-08-27,NVDA,buy-first put-tail inventory,2026-09-18,145.0,140.0,clock,hiro_finance,0,2026-08-28T10:01:00-04:00,0.07,0.020000000000000004,2026-08-28T15:50:00-04:00,2026-09-02,False,False,2026-08-28T15:50:00-04:00,aborted_uncompleted,False,,,,-1.3,2.0,,-3.3,7.000000000000001,,-2.3000000000000007,-0.3000000000000005,-2.3000000000000007
31,True,2026-08-27,NVDA,buy-first put-tail inventory,2026-09-18,145.0,140.0,clock,hiro_finance,1,2026-08-28T10:01:00-04:00,0.07,0.020000000000000004,2026-08-31T15:50:00-04:00,2026-09-02,False,False,2026-08-31T15:50:00-04:00,aborted_uncompleted,False,,,,-2.3000000000000007,2.0,,-4.300000000000001,6.0,,-2.3000000000000007,-0.3000000000000005,-2.3000000000000007
31,True,2026-08-27,NVDA,buy-first put-tail inventory,2026-09-18,145.0,140.0,clock,hiro_finance,2,2026-08-28T10:01:00-04:00,0.07,0.020000000000000004,2026-09-01T15:50:00-04:00,2026-09-02,False,False,2026-09-01T15:50:00-04:00,aborted_uncompleted,False,,,,-0.3000000000000005,2.0,,-2.3000000000000007,8.0,,-2.3000000000000007,-0.3000000000000005,-2.3000000000000007
31,True,2026-08-27,NVDA,buy-first put-tail inventory,2026-09-18,145.0,140.0,hiro,simultaneous,-1,2026-08-28T10:51:00-04:00,0.08,0.020000000000000004,2026-09-02T15:50:00-04:00,2026-09-02,False,False,2026-08-28T15:50:00-04:00,completed,True,2026-08-28T10:51:00-04:00,0.06,-4.6000000000000005,-4.6000000000000005,4.0,-2.3000000000000007,-8.600000000000001,0.0,-2.3,-7.6,-4.6000000000000005,
31,True,2026-08-27,NVDA,buy-first put-tail inventory,2026-09-18,145.0,140.0,hiro,standalone,-1,2026-08-28T10:51:00-04:00,0.08,0.020000000000000004,2026-09-02T15:50:00-04:00,2026-09-02,False,False,2026-08-28T15:50:00-04:00,standalone,False,,,,-3.3000000000000007,2.0,,-5.300000000000001,6.0,,-3.3000000000000007,-1.3,-3.3000000000000007
31,True,2026-08-27,NVDA,buy-first put-tail inventory,2026-09-18,145.0,140.0,hiro,fixed_clock,0,2026-08-28T10:51:00-04:00,0.08,0.020000000000000004,2026-09-02T15:50:00-04:00,2026-09-02,False,False,2026-08-28T15:50:00-04:00,completed,True,2026-08-28T15:50:00-04:00,0.06,-4.6000000000000005,-4.6000000000000005,4.0,-2.3000000000000007,-8.600000000000001,0.0,-2.3,-7.6,-1.3,-2.3
31,True,2026-08-27,NVDA,buy-first put-tail inventory,2026-09-18,145.0,140.0,hiro,fixed_clock,1,2026-08-28T10:51:00-04:00,0.08,0.020000000000000004,2026-09-02T15:50:00-04:00,2026-09-02,False,False,2026-08-31T15:50:00-04:00,completed,True,2026-08-31T15:50:00-04:00,0.05,-5.6,-5.6,4.0,-2.299999999999999,-9.6,0.0,-3.3000000000000007,-8.6,-1.3,-3.3000000000000007
31,True,2026-08-27,NVDA,buy-first put-tail inventory,2026-09-18,145.0,140.0,hiro,fixed_clock,2,2026-08-28T10:51:00-04:00,0.08,0.020000000000000004,2026-09-02T15:50:00-04:00,2026-09-02,False,False,2026-09-01T15:50:00-04:00,completed,True,2026-09-01T15:50:00-04:00,0.07,-3.5999999999999996,-3.5999999999999996,4.0,-2.3,-7.6,0.0,-1.3,-5.6,-1.3,-3.3000000000000007
31,True,2026-08-27,NVDA,buy-first put-tail inventory,2026-09-18,145.0,140.0,hiro,price_finance,0,2026-08-28T10:51:00-04:00,0.08,0.020000000000000004,2026-08-28T15:50:00-04:00,2026-09-02,False,False,2026-08-28T15:50:00-04:00,aborted_uncompleted,False,,,,-2.3,2.0,,-4.3,7.000000000000001,,-2.3,-1.3,-2.3
31,True,2026-08-27,NVDA,buy-first put-tail inventory,2026-09-18,145.0,140.0,hiro,price_finance,1,2026-08-28T10:51:00-04:00,0.08,0.020000000000000004,2026-08-31T15:50:00-04:00,2026-09-02,False,False,2026-08-31T15:50:00-04:00,aborted_uncompleted,False,,,,-3.3000000000000007,2.0,,-5.300000000000001,6.0,,-3.3000000000000007,-1.3,-3.3000000000000007
31,True,2026-08-27,NVDA,buy-first put-tail inventory,2026-09-18,145.0,140.0,hiro,price_finance,2,2026-08-28T10:51:00-04:00,0.08,0.020000000000000004,2026-09-01T15:50:00-04:00,2026-09-02,False,False,2026-09-01T15:50:00-04:00,aborted_uncompleted,False,,,,-1.3,2.0,,-3.3,8.0,,-3.3000000000000007,-1.3,-3.3000000000000007
31,True,2026-08-27,NVDA,buy-first put-tail inventory,2026-09-18,145.0,140.0,hiro,hiro_finance,0,2026-08-28T10:51:00-04:00,0.08,0.020000000000000004,2026-08-28T15:50:00-04:00,2026-09-02,False,False,2026-08-28T15:50:00-04:00,aborted_uncompleted,False,,,,-2.3,2.0,,-4.3,7.000000000000001,,-2.3,-1.3,-2.3
31,True,2026-08-27,NVDA,buy-first put-tail inventory,2026-09-18,145.0,140.0,hiro,hiro_finance,1,2026-08-28T10:51:00-04:00,0.08,0.020000000000000004,2026-08-31T15:50:00-04:00,2026-09-02,False,False,2026-08-31T15:50:00-04:00,aborted_uncompleted,False,,,,-3.3000000000000007,2.0,,-5.300000000000001,6.0,,-3.3000000000000007,-1.3,-3.3000000000000007
31,True,2026-08-27,NVDA,buy-first put-tail inventory,2026-09-18,145.0,140.0,hiro,hiro_finance,2,2026-08-28T10:51:00-04:00,0.08,0.020000000000000004,2026-09-01T15:50:00-04:00,2026-09-02,False,False,2026-09-01T15:50:00-04:00,aborted_uncompleted,False,,,,-1.3,2.0,,-3.3,8.0,,-3.3000000000000007,-1.3,-3.3000000000000007
32,True,2026-08-27,PLTR,buy-first put-tail inventory,2026-09-18,125.0,120.0,clock,simultaneous,-1,2026-08-28T10:01:00-04:00,0.16,0.06,2026-09-02T15:50:00-04:00,2026-09-02,False,False,2026-08-28T15:50:00-04:00,completed,True,2026-08-28T10:01:00-04:00,0.1,-8.6,-6.599999999999998,4.0,-0.29999999999999805,-10.599999999999998,2.0000000000000018,-6.3,-11.600000000000001,-3.600000000000001,
32,True,2026-08-27,PLTR,buy-first put-tail inventory,2026-09-18,125.0,120.0,clock,standalone,-1,2026-08-28T10:01:00-04:00,0.16,0.06,2026-09-02T15:50:00-04:00,2026-09-02,False,False,2026-08-28T15:50:00-04:00,standalone,False,,,,-0.29999999999999916,2.0,,-2.299999999999999,17.0,,-9.3,7.7,-9.3
32,True,2026-08-27,PLTR,buy-first put-tail inventory,2026-09-18,125.0,120.0,clock,fixed_clock,0,2026-08-28T10:01:00-04:00,0.16,0.06,2026-09-02T15:50:00-04:00,2026-09-02,False,False,2026-08-28T15:50:00-04:00,completed,True,2026-08-28T15:50:00-04:00,0.11,-7.6,-5.599999999999999,4.0,-1.299999999999999,-9.599999999999998,2.0000000000000018,-4.3,-10.600000000000001,-2.6000000000000014,-6.3
32,True,2026-08-27,PLTR,buy-first put-tail inventory,2026-09-18,125.0,120.0,clock,fixed_clock,1,2026-08-28T10:01:00-04:00,0.16,0.06,2026-09-02T15:50:00-04:00,2026-09-02,False,False,2026-08-31T15:50:00-04:00,completed,True,2026-08-31T15:50:00-04:00,0.08,-10.6,-8.599999999999998,4.0,-2.299999999999998,-12.599999999999998,2.0000000000000018,-6.3,-13.6,-3.299999999999999,-7.3
32,True,2026-08-27,PLTR,buy-first put-tail inventory,2026-09-18,125.0,120.0,clock,fixed_clock,2,2026-08-28T10:01:00-04:00,0.16,0.06,2026-09-02T15:50:00-04:00,2026-09-02,False,False,2026-09-01T15:50:00-04:00,completed,True,2026-09-01T15:50:00-04:00,0.08,-10.6,-8.599999999999998,4.0,-3.299999999999997,-12.599999999999998,2.0000000000000018,-5.300000000000001,-12.600000000000001,-3.299999999999999,-9.3
32,True,2026-08-27,PLTR,buy-first put-tail inventory,2026-09-18,125.0,120.0,clock,price_finance,0,2026-08-28T10:01:00-04:00,0.16,0.06,2026-08-28T15:50:00-04:00,2026-09-02,False,False,2026-08-28T15:50:00-04:00,aborted_uncompleted,False,,,,-4.3,2.0,,-6.3,13.0,,-6.3,-3.299999999999999,-6.3
32,True,2026-08-27,PLTR,buy-first put-tail inventory,2026-09-18,125.0,120.0,clock,price_finance,1,2026-08-28T10:01:00-04:00,0.16,0.06,2026-08-31T15:50:00-04:00,2026-09-02,False,False,2026-08-31T15:50:00-04:00,aborted_uncompleted,False,,,,-6.3,2.0,,-8.3,11.0,,-7.3,-3.299999999999999,-7.3
32,True,2026-08-27,PLTR,buy-first put-tail inventory,2026-09-18,125.0,120.0,clock,price_finance,2,2026-08-28T10:01:00-04:00,0.16,0.06,2026-09-01T15:50:00-04:00,2026-09-02,False,False,2026-09-01T15:50:00-04:00,aborted_uncompleted,False,,,,-5.300000000000001,2.0,,-7.300000000000001,12.0,,-9.3,-3.299999999999999,-9.3
32,True,2026-08-27,PLTR,buy-first put-tail inventory,2026-09-18,125.0,120.0,clock,hiro_finance,0,2026-08-28T10:01:00-04:00,0.16,0.06,2026-08-28T15:50:00-04:00,2026-09-02,False,False,2026-08-28T15:50:00-04:00,aborted_uncompleted,False,,,,-4.3,2.0,,-6.3,13.0,,-6.3,-3.299999999999999,-6.3
32,True,2026-08-27,PLTR,buy-first put-tail inventory,2026-09-18,125.0,120.0,clock,hiro_finance,1,2026-08-28T10:01:00-04:00,0.16,0.06,2026-08-31T15:50:00-04:00,2026-09-02,False,False,2026-08-31T15:50:00-04:00,aborted_uncompleted,False,,,,-6.3,2.0,,-8.3,11.0,,-7.3,-3.299999999999999,-7.3
32,True,2026-08-27,PLTR,buy-first put-tail inventory,2026-09-18,125.0,120.0,clock,hiro_finance,2,2026-08-28T10:01:00-04:00,0.16,0.06,2026-09-01T15:50:00-04:00,2026-09-02,False,False,2026-09-01T15:50:00-04:00,aborted_uncompleted,False,,,,-5.300000000000001,2.0,,-7.300000000000001,12.0,,-9.3,-3.299999999999999,-9.3
32,True,2026-08-27,PLTR,buy-first put-tail inventory,2026-09-18,125.0,120.0,hiro,simultaneous,-1,2026-08-28T10:26:00-04:00,0.15,0.039999999999999994,2026-09-02T15:50:00-04:00,2026-09-02,False,False,2026-08-28T15:50:00-04:00,completed,True,2026-08-28T10:26:00-04:00,0.11,-6.6,-4.599999999999998,4.0,-0.29999999999999805,-8.599999999999998,2.0000000000000018,-4.3,-9.600000000000001,-1.6000000000000005,
32,True,2026-08-27,PLTR,buy-first put-tail inventory,2026-09-18,125.0,120.0,hiro,standalone,-1,2026-08-28T10:26:00-04:00,0.15,0.039999999999999994,2026-09-02T15:50:00-04:00,2026-09-02,False,False,2026-08-28T15:50:00-04:00,standalone,False,,,,0.7000000000000017,2.0,,-1.2999999999999983,17.0,,-8.299999999999999,8.7,-8.299999999999999
32,True,2026-08-27,PLTR,buy-first put-tail inventory,2026-09-18,125.0,120.0,hiro,fixed_clock,0,2026-08-28T10:26:00-04:00,0.15,0.039999999999999994,2026-09-02T15:50:00-04:00,2026-09-02,False,False,2026-08-28T15:50:00-04:00,completed,True,2026-08-28T15:50:00-04:00,0.11,-6.6,-4.599999999999998,4.0,-1.299999999999999,-8.599999999999998,2.0000000000000018,-3.299999999999999,-9.600000000000001,-1.6000000000000005,-4.3
32,True,2026-08-27,PLTR,buy-first put-tail inventory,2026-09-18,125.0,120.0,hiro,fixed_clock,1,2026-08-28T10:26:00-04:00,0.15,0.039999999999999994,2026-09-02T15:50:00-04:00,2026-09-02,False,False,2026-08-31T15:50:00-04:00,completed,True,2026-08-31T15:50:00-04:00,0.08,-9.6,-7.599999999999998,4.0,-2.299999999999998,-11.599999999999998,2.0000000000000018,-5.3,-12.6,-2.299999999999998,-6.299999999999999
32,True,2026-08-27,PLTR,buy-first put-tail inventory,2026-09-18,125.0,120.0,hiro,fixed_clock,2,2026-08-28T10:26:00-04:00,0.15,0.039999999999999994,2026-09-02T15:50:00-04:00,2026-09-02,False,False,2026-09-01T15:50:00-04:00,completed,True,2026-09-01T15:50:00-04:00,0.08,-9.6,-7.599999999999998,4.0,-3.299999999999998,-11.599999999999998,2.0000000000000018,-4.3,-11.600000000000001,-2.299999999999998,-8.299999999999999
32,True,2026-08-27,PLTR,buy-first put-tail inventory,2026-09-18,125.0,120.0,hiro,price_finance,0,2026-08-28T10:26:00-04:00,0.15,0.039999999999999994,2026-08-28T15:50:00-04:00,2026-09-02,False,False,2026-08-28T15:50:00-04:00,aborted_uncompleted,False,,,,-3.299999999999999,2.0,,-5.299999999999999,13.0,,-4.3,-2.299999999999998,-4.3
32,True,2026-08-27,PLTR,buy-first put-tail inventory,2026-09-18,125.0,120.0,hiro,price_finance,1,2026-08-28T10:26:00-04:00,0.15,0.039999999999999994,2026-08-31T15:50:00-04:00,2026-09-02,False,False,2026-08-31T15:50:00-04:00,aborted_uncompleted,False,,,,-5.3,2.0,,-7.3,11.0,,-6.299999999999999,-2.299999999999998,-6.299999999999999
32,True,2026-08-27,PLTR,buy-first put-tail inventory,2026-09-18,125.0,120.0,hiro,price_finance,2,2026-08-28T10:26:00-04:00,0.15,0.039999999999999994,2026-09-01T15:50:00-04:00,2026-09-02,False,False,2026-09-01T15:50:00-04:00,aborted_uncompleted,False,,,,-4.3,2.0,,-6.3,12.0,,-8.299999999999999,-2.299999999999998,-8.299999999999999
32,True,2026-08-27,PLTR,buy-first put-tail inventory,2026-09-18,125.0,120.0,hiro,hiro_finance,0,2026-08-28T10:26:00-04:00,0.15,0.039999999999999994,2026-08-28T15:50:00-04:00,2026-09-02,False,False,2026-08-28T15:50:00-04:00,aborted_uncompleted,False,,,,-3.299999999999999,2.0,,-5.299999999999999,13.0,,-4.3,-2.299999999999998,-4.3
32,True,2026-08-27,PLTR,buy-first put-tail inventory,2026-09-18,125.0,120.0,hiro,hiro_finance,1,2026-08-28T10:26:00-04:00,0.15,0.039999999999999994,2026-08-31T15:50:00-04:00,2026-09-02,False,False,2026-08-31T15:50:00-04:00,aborted_uncompleted,False,,,,-5.3,2.0,,-7.3,11.0,,-6.299999999999999,-2.299999999999998,-6.299999999999999
32,True,2026-08-27,PLTR,buy-first put-tail inventory,2026-09-18,125.0,120.0,hiro,hiro_finance,2,2026-08-28T10:26:00-04:00,0.15,0.039999999999999994,2026-09-01T15:50:00-04:00,2026-09-02,False,False,2026-09-01T15:50:00-04:00,aborted_uncompleted,False,,,,-4.3,2.0,,-6.3,12.0,,-8.299999999999999,-2.299999999999998,-8.299999999999999
33,True,2026-08-28,BMNR,buy-first put-tail inventory,2026-09-18,15.0,11.0,clock,simultaneous,-1,2026-08-31T10:01:00-04:00,0.04,0.03,2026-09-03T15:50:00-04:00,2026-09-03,False,False,2026-08-31T15:50:00-04:00,completed,True,2026-08-31T10:01:00-04:00,0.01,-5.6,-6.6,4.0,-2.3,-10.6,-0.9999999999999999,-4.3,-43.6,-5.6,
33,True,2026-08-28,BMNR,buy-first put-tail inventory,2026-09-18,15.0,11.0,clock,standalone,-1,2026-08-31T10:01:00-04:00,0.04,0.03,2026-09-03T15:50:00-04:00,2026-09-03,False,False,2026-08-31T15:50:00-04:00,standalone,False,,,,-3.3,2.0,,-5.3,2.0,,-4.3,-3.3,-4.3
33,True,2026-08-28,BMNR,buy-first put-tail inventory,2026-09-18,15.0,11.0,clock,fixed_clock,0,2026-08-31T10:01:00-04:00,0.04,0.03,2026-09-03T15:50:00-04:00,2026-09-03,False,False,2026-08-31T15:50:00-04:00,unpriced_deadline,False,,,,,,,,,,,,
33,True,2026-08-28,BMNR,buy-first put-tail inventory,2026-09-18,15.0,11.0,clock,fixed_clock,1,2026-08-31T10:01:00-04:00,0.04,0.03,2026-09-03T15:50:00-04:00,2026-09-03,False,False,2026-09-01T15:50:00-04:00,unpriced_deadline,False,,,,,,,,,,,,
33,True,2026-08-28,BMNR,buy-first put-tail inventory,2026-09-18,15.0,11.0,clock,fixed_clock,2,2026-08-31T10:01:00-04:00,0.04,0.03,2026-09-03T15:50:00-04:00,2026-09-03,False,False,2026-09-02T15:50:00-04:00,completed,True,2026-09-02T15:50:00-04:00,0.01,-5.6,-6.6,4.0,-3.3,-10.6,-0.9999999999999999,-3.3,-43.6,-3.3,-4.3
33,True,2026-08-28,BMNR,buy-first put-tail inventory,2026-09-18,15.0,11.0,clock,price_finance,0,2026-08-31T10:01:00-04:00,0.04,0.03,2026-08-31T15:50:00-04:00,2026-09-03,False,False,2026-08-31T15:50:00-04:00,aborted_uncompleted,False,,,,-3.3,2.0,,-5.3,2.0,,-4.3,-3.3,-4.3
33,True,2026-08-28,BMNR,buy-first put-tail inventory,2026-09-18,15.0,11.0,clock,price_finance,1,2026-08-31T10:01:00-04:00,0.04,0.03,2026-09-01T15:50:00-04:00,2026-09-03,False,False,2026-09-01T15:50:00-04:00,aborted_uncompleted,False,,,,-3.3,2.0,,-5.3,2.0,,-4.3,-3.3,-4.3
33,True,2026-08-28,BMNR,buy-first put-tail inventory,2026-09-18,15.0,11.0,clock,price_finance,2,2026-08-31T10:01:00-04:00,0.04,0.03,2026-09-02T15:50:00-04:00,2026-09-03,False,False,2026-09-02T15:50:00-04:00,aborted_uncompleted,False,,,,-3.3,2.0,,-5.3,2.0,,-4.3,-3.3,-4.3
33,True,2026-08-28,BMNR,buy-first put-tail inventory,2026-09-18,15.0,11.0,clock,hiro_finance,0,2026-08-31T10:01:00-04:00,0.04,0.03,2026-08-31T15:50:00-04:00,2026-09-03,False,False,2026-08-31T15:50:00-04:00,aborted_uncompleted,False,,,,-3.3,2.0,,-5.3,2.0,,-4.3,-3.3,-4.3
33,True,2026-08-28,BMNR,buy-first put-tail inventory,2026-09-18,15.0,11.0,clock,hiro_finance,1,2026-08-31T10:01:00-04:00,0.04,0.03,2026-09-01T15:50:00-04:00,2026-09-03,False,False,2026-09-01T15:50:00-04:00,aborted_uncompleted,False,,,,-3.3,2.0,,-5.3,2.0,,-4.3,-3.3,-4.3
33,True,2026-08-28,BMNR,buy-first put-tail inventory,2026-09-18,15.0,11.0,clock,hiro_finance,2,2026-08-31T10:01:00-04:00,0.04,0.03,2026-09-02T15:50:00-04:00,2026-09-03,False,False,2026-09-02T15:50:00-04:00,aborted_uncompleted,False,,,,-3.3,2.0,,-5.3,2.0,,-4.3,-3.3,-4.3
34,False,2026-08-28,CRWV,buy-first put-tail inventory,2026-09-18,50.0,45.0,hiro,simultaneous,-1,2026-08-31T10:36:00-04:00,0.11,0.1,2026-09-03T15:50:00-04:00,2026-09-03,False,False,2026-08-31T15:50:00-04:00,completed,True,2026-08-31T10:36:00-04:00,0.01,-12.6,-15.6,4.0,-5.299999999999999,-19.6,-3.0,-10.3,-35.6,-12.6,
34,False,2026-08-28,CRWV,buy-first put-tail inventory,2026-09-18,50.0,45.0,hiro,standalone,-1,2026-08-31T10:36:00-04:00,0.11,0.1,2026-09-03T15:50:00-04:00,2026-09-03,False,False,2026-08-31T15:50:00-04:00,standalone,False,,,,-11.3,2.0,,-13.3,1.0,,-11.3,-8.3,-11.3
34,False,2026-08-28,CRWV,buy-first put-tail inventory,2026-09-18,50.0,45.0,hiro,fixed_clock,0,2026-08-31T10:36:00-04:00,0.11,0.1,2026-09-03T15:50:00-04:00,2026-09-03,False,False,2026-08-31T15:50:00-04:00,unpriced_deadline,False,,,,,,,,,,,,
34,False,2026-08-28,CRWV,buy-first put-tail inventory,2026-09-18,50.0,45.0,hiro,fixed_clock,1,2026-08-31T10:36:00-04:00,0.11,0.1,2026-09-03T15:50:00-04:00,2026-09-03,False,False,2026-09-01T15:50:00-04:00,unpriced_deadline,False,,,,,,,,,,,,
34,False,2026-08-28,CRWV,buy-first put-tail inventory,2026-09-18,50.0,45.0,hiro,fixed_clock,2,2026-08-31T10:36:00-04:00,0.11,0.1,2026-09-03T15:50:00-04:00,2026-09-03,False,False,2026-09-02T15:50:00-04:00,completed,True,2026-09-02T15:50:00-04:00,0.01,-12.6,-15.6,4.0,-5.299999999999999,-19.6,-3.0,-10.3,-23.600000000000005,-8.3,-10.3
34,False,2026-08-28,CRWV,buy-first put-tail inventory,2026-09-18,50.0,45.0,hiro,price_finance,0,2026-08-31T10:36:00-04:00,0.11,0.1,2026-08-31T15:50:00-04:00,2026-09-03,False,False,2026-08-31T15:50:00-04:00,aborted_uncompleted,False,,,,-10.3,2.0,,-12.3,2.0,,-10.3,-9.3,-10.3
34,False,2026-08-28,CRWV,buy-first put-tail inventory,2026-09-18,50.0,45.0,hiro,price_finance,1,2026-08-31T10:36:00-04:00,0.11,0.1,2026-09-01T15:50:00-04:00,2026-09-03,False,False,2026-09-01T15:50:00-04:00,aborted_uncompleted,False,,,,-10.3,2.0,,-12.3,2.0,,-10.3,-8.3,-10.3
34,False,2026-08-28,CRWV,buy-first put-tail inventory,2026-09-18,50.0,45.0,hiro,price_finance,2,2026-08-31T10:36:00-04:00,0.11,0.1,2026-09-02T15:50:00-04:00,2026-09-03,False,False,2026-09-02T15:50:00-04:00,aborted_uncompleted,False,,,,-10.3,2.0,,-12.3,2.0,,-10.3,-8.3,-10.3
34,False,2026-08-28,CRWV,buy-first put-tail inventory,2026-09-18,50.0,45.0,hiro,hiro_finance,0,2026-08-31T10:36:00-04:00,0.11,0.1,2026-08-31T15:50:00-04:00,2026-09-03,False,False,2026-08-31T15:50:00-04:00,aborted_uncompleted,False,,,,-10.3,2.0,,-12.3,2.0,,-10.3,-9.3,-10.3
34,False,2026-08-28,CRWV,buy-first put-tail inventory,2026-09-18,50.0,45.0,hiro,hiro_finance,1,2026-08-31T10:36:00-04:00,0.11,0.1,2026-09-01T15:50:00-04:00,2026-09-03,False,False,2026-09-01T15:50:00-04:00,aborted_uncompleted,False,,,,-10.3,2.0,,-12.3,2.0,,-10.3,-8.3,-10.3
34,False,2026-08-28,CRWV,buy-first put-tail inventory,2026-09-18,50.0,45.0,hiro,hiro_finance,2,2026-08-31T10:36:00-04:00,0.11,0.1,2026-09-02T15:50:00-04:00,2026-09-03,False,False,2026-09-02T15:50:00-04:00,aborted_uncompleted,False,,,,-10.3,2.0,,-12.3,2.0,,-10.3,-8.3,-10.3
35,True,2026-08-28,CVNA,buy-first put-tail inventory,2026-09-18,45.0,40.0,clock,simultaneous,-1,2026-08-31T10:01:00-04:00,0.06,0.049999999999999996,2026-09-03T15:50:00-04:00,2026-09-03,False,False,2026-08-31T15:50:00-04:00,completed,True,2026-08-31T10:01:00-04:00,0.01,-7.6,-13.6,4.0,-8.3,-17.6,-6.000000000000001,-5.3,-16.6,-10.6,
35,True,2026-08-28,CVNA,buy-first put-tail inventory,2026-09-18,45.0,40.0,clock,standalone,-1,2026-08-31T10:01:00-04:00,0.06,0.049999999999999996,2026-09-03T15:50:00-04:00,2026-09-03,False,False,2026-08-31T15:50:00-04:00,standalone,False,,,,-6.3,2.0,,-8.3,1.0,,-6.3,-5.3,-6.3
35,True,2026-08-28,CVNA,buy-first put-tail inventory,2026-09-18,45.0,40.0,clock,fixed_clock,0,2026-08-31T10:01:00-04:00,0.06,0.049999999999999996,2026-09-03T15:50:00-04:00,2026-09-03,False,False,2026-08-31T15:50:00-04:00,unpriced_deadline,False,,,,,,,,,,,,
35,True,2026-08-28,CVNA,buy-first put-tail inventory,2026-09-18,45.0,40.0,clock,fixed_clock,1,2026-08-31T10:01:00-04:00,0.06,0.049999999999999996,2026-09-03T15:50:00-04:00,2026-09-03,False,False,2026-09-01T15:50:00-04:00,completed,True,2026-09-01T15:50:00-04:00,0.01,-7.6,-13.6,4.0,-8.3,-17.6,-6.000000000000001,-5.3,-16.6,-5.3,-5.3
35,True,2026-08-28,CVNA,buy-first put-tail inventory,2026-09-18,45.0,40.0,clock,fixed_clock,2,2026-08-31T10:01:00-04:00,0.06,0.049999999999999996,2026-09-03T15:50:00-04:00,2026-09-03,False,False,2026-09-02T15:50:00-04:00,unpriced_deadline,False,,,,,,,,,,,,
35,True,2026-08-28,CVNA,buy-first put-tail inventory,2026-09-18,45.0,40.0,clock,price_finance,0,2026-08-31T10:01:00-04:00,0.06,0.049999999999999996,2026-08-31T15:50:00-04:00,2026-09-03,False,False,2026-08-31T15:50:00-04:00,aborted_uncompleted,False,,,,-5.3,2.0,,-7.3,2.0,,-5.3,-5.3,-5.3
35,True,2026-08-28,CVNA,buy-first put-tail inventory,2026-09-18,45.0,40.0,clock,price_finance,1,2026-08-31T10:01:00-04:00,0.06,0.049999999999999996,2026-09-01T15:50:00-04:00,2026-09-03,False,False,2026-09-01T15:50:00-04:00,aborted_uncompleted,False,,,,-5.3,2.0,,-7.3,2.0,,-5.3,-5.3,-5.3
35,True,2026-08-28,CVNA,buy-first put-tail inventory,2026-09-18,45.0,40.0,clock,price_finance,2,2026-08-31T10:01:00-04:00,0.06,0.049999999999999996,2026-09-02T15:50:00-04:00,2026-09-03,False,False,2026-09-02T15:50:00-04:00,aborted_uncompleted,False,,,,-6.3,2.0,,-8.3,1.0,,-6.3,-5.3,-6.3
35,True,2026-08-28,CVNA,buy-first put-tail inventory,2026-09-18,45.0,40.0,clock,hiro_finance,0,2026-08-31T10:01:00-04:00,0.06,0.049999999999999996,2026-08-31T15:50:00-04:00,2026-09-03,False,False,2026-08-31T15:50:00-04:00,aborted_uncompleted,False,,,,-5.3,2.0,,-7.3,2.0,,-5.3,-5.3,-5.3
35,True,2026-08-28,CVNA,buy-first put-tail inventory,2026-09-18,45.0,40.0,clock,hiro_finance,1,2026-08-31T10:01:00-04:00,0.06,0.049999999999999996,2026-09-01T15:50:00-04:00,2026-09-03,False,False,2026-09-01T15:50:00-04:00,aborted_uncompleted,False,,,,-5.3,2.0,,-7.3,2.0,,-5.3,-5.3,-5.3
35,True,2026-08-28,CVNA,buy-first put-tail inventory,2026-09-18,45.0,40.0,clock,hiro_finance,2,2026-08-31T10:01:00-04:00,0.06,0.049999999999999996,2026-09-02T15:50:00-04:00,2026-09-03,False,False,2026-09-02T15:50:00-04:00,aborted_uncompleted,False,,,,-6.3,2.0,,-8.3,1.0,,-6.3,-5.3,-6.3
35,True,2026-08-28,CVNA,buy-first put-tail inventory,2026-09-18,45.0,40.0,hiro,simultaneous,-1,2026-08-31T10:01:00-04:00,0.06,0.049999999999999996,2026-09-03T15:50:00-04:00,2026-09-03,False,False,2026-08-31T15:50:00-04:00,completed,True,2026-08-31T10:01:00-04:00,0.01,-7.6,-13.6,4.0,-8.3,-17.6,-6.000000000000001,-5.3,-16.6,-10.6,
35,True,2026-08-28,CVNA,buy-first put-tail inventory,2026-09-18,45.0,40.0,hiro,standalone,-1,2026-08-31T10:01:00-04:00,0.06,0.049999999999999996,2026-09-03T15:50:00-04:00,2026-09-03,False,False,2026-08-31T15:50:00-04:00,standalone,False,,,,-6.3,2.0,,-8.3,1.0,,-6.3,-5.3,-6.3
35,True,2026-08-28,CVNA,buy-first put-tail inventory,2026-09-18,45.0,40.0,hiro,fixed_clock,0,2026-08-31T10:01:00-04:00,0.06,0.049999999999999996,2026-09-03T15:50:00-04:00,2026-09-03,False,False,2026-08-31T15:50:00-04:00,unpriced_deadline,False,,,,,,,,,,,,
35,True,2026-08-28,CVNA,buy-first put-tail inventory,2026-09-18,45.0,40.0,hiro,fixed_clock,1,2026-08-31T10:01:00-04:00,0.06,0.049999999999999996,2026-09-03T15:50:00-04:00,2026-09-03,False,False,2026-09-01T15:50:00-04:00,completed,True,2026-09-01T15:50:00-04:00,0.01,-7.6,-13.6,4.0,-8.3,-17.6,-6.000000000000001,-5.3,-16.6,-5.3,-5.3
35,True,2026-08-28,CVNA,buy-first put-tail inventory,2026-09-18,45.0,40.0,hiro,fixed_clock,2,2026-08-31T10:01:00-04:00,0.06,0.049999999999999996,2026-09-03T15:50:00-04:00,2026-09-03,False,False,2026-09-02T15:50:00-04:00,unpriced_deadline,False,,,,,,,,,,,,
35,True,2026-08-28,CVNA,buy-first put-tail inventory,2026-09-18,45.0,40.0,hiro,price_finance,0,2026-08-31T10:01:00-04:00,0.06,0.049999999999999996,2026-08-31T15:50:00-04:00,2026-09-03,False,False,2026-08-31T15:50:00-04:00,aborted_uncompleted,False,,,,-5.3,2.0,,-7.3,2.0,,-5.3,-5.3,-5.3
35,True,2026-08-28,CVNA,buy-first put-tail inventory,2026-09-18,45.0,40.0,hiro,price_finance,1,2026-08-31T10:01:00-04:00,0.06,0.049999999999999996,2026-09-01T15:50:00-04:00,2026-09-03,False,False,2026-09-01T15:50:00-04:00,aborted_uncompleted,False,,,,-5.3,2.0,,-7.3,2.0,,-5.3,-5.3,-5.3
35,True,2026-08-28,CVNA,buy-first put-tail inventory,2026-09-18,45.0,40.0,hiro,price_finance,2,2026-08-31T10:01:00-04:00,0.06,0.049999999999999996,2026-09-02T15:50:00-04:00,2026-09-03,False,False,2026-09-02T15:50:00-04:00,aborted_uncompleted,False,,,,-6.3,2.0,,-8.3,1.0,,-6.3,-5.3,-6.3
35,True,2026-08-28,CVNA,buy-first put-tail inventory,2026-09-18,45.0,40.0,hiro,hiro_finance,0,2026-08-31T10:01:00-04:00,0.06,0.049999999999999996,2026-08-31T15:50:00-04:00,2026-09-03,False,False,2026-08-31T15:50:00-04:00,aborted_uncompleted,False,,,,-5.3,2.0,,-7.3,2.0,,-5.3,-5.3,-5.3
35,True,2026-08-28,CVNA,buy-first put-tail inventory,2026-09-18,45.0,40.0,hiro,hiro_finance,1,2026-08-31T10:01:00-04:00,0.06,0.049999999999999996,2026-09-01T15:50:00-04:00,2026-09-03,False,False,2026-09-01T15:50:00-04:00,aborted_uncompleted,False,,,,-5.3,2.0,,-7.3,2.0,,-5.3,-5.3,-5.3
35,True,2026-08-28,CVNA,buy-first put-tail inventory,2026-09-18,45.0,40.0,hiro,hiro_finance,2,2026-08-31T10:01:00-04:00,0.06,0.049999999999999996,2026-09-02T15:50:00-04:00,2026-09-03,False,False,2026-09-02T15:50:00-04:00,aborted_uncompleted,False,,,,-6.3,2.0,,-8.3,1.0,,-6.3,-5.3,-6.3
36,False,2026-08-28,GOOGL,buy-first put-tail inventory,2026-10-16,235.0,230.0,hiro,simultaneous,-1,2026-08-31T10:41:00-04:00,0.16,0.07,2026-09-03T15:50:00-04:00,2026-09-03,False,False,2026-08-31T15:50:00-04:00,completed,True,2026-08-31T10:41:00-04:00,0.09,-9.600000000000001,-11.600000000000001,4.0,-6.300000000000001,-15.600000000000001,-2.0000000000000018,-5.300000000000001,-52.6,-11.6,
36,False,2026-08-28,GOOGL,buy-first put-tail inventory,2026-10-16,235.0,230.0,hiro,standalone,-1,2026-08-31T10:41:00-04:00,0.16,0.07,2026-09-03T15:50:00-04:00,2026-09-03,False,False,2026-08-31T15:50:00-04:00,standalone,False,,,,-5.300000000000001,2.0,,-7.300000000000001,12.0,,-5.300000000000001,-2.3000000000000007,-5.300000000000001
36,False,2026-08-28,GOOGL,buy-first put-tail inventory,2026-10-16,235.0,230.0,hiro,fixed_clock,0,2026-08-31T10:41:00-04:00,0.16,0.07,2026-09-03T15:50:00-04:00,2026-09-03,False,False,2026-08-31T15:50:00-04:00,completed,True,2026-08-31T15:50:00-04:00,0.09,-9.600000000000001,-11.600000000000001,4.0,-6.300000000000001,-15.600000000000001,-2.0000000000000018,-5.300000000000001,-52.6,-5.300000000000001,-5.300000000000001
36,False,2026-08-28,GOOGL,buy-first put-tail inventory,2026-10-16,235.0,230.0,hiro,fixed_clock,1,2026-08-31T10:41:00-04:00,0.16,0.07,2026-09-03T15:50:00-04:00,2026-09-03,False,False,2026-09-01T15:50:00-04:00,completed,True,2026-09-01T15:50:00-04:00,0.09,-9.600000000000001,-11.600000000000001,4.0,-7.300000000000002,-15.600000000000001,-2.0000000000000018,-4.3,-52.6,-3.299999999999999,-5.300000000000001
36,False,2026-08-28,GOOGL,buy-first put-tail inventory,2026-10-16,235.0,230.0,hiro,fixed_clock,2,2026-08-31T10:41:00-04:00,0.16,0.07,2026-09-03T15:50:00-04:00,2026-09-03,False,False,2026-09-02T15:50:00-04:00,completed,True,2026-09-02T15:50:00-04:00,0.11,-7.6,-9.600000000000001,4.0,-4.300000000000001,-13.600000000000001,-2.0000000000000018,-5.300000000000001,-49.6,-2.3000000000000007,-5.300000000000001
36,False,2026-08-28,GOOGL,buy-first put-tail inventory,2026-10-16,235.0,230.0,hiro,price_finance,0,2026-08-31T10:41:00-04:00,0.16,0.07,2026-08-31T15:50:00-04:00,2026-09-03,False,False,2026-08-31T15:50:00-04:00,aborted_uncompleted,False,,,,-5.300000000000001,2.0,,-7.300000000000001,12.0,,-5.300000000000001,-5.300000000000001,-5.300000000000001
36,False,2026-08-28,GOOGL,buy-first put-tail inventory,2026-10-16,235.0,230.0,hiro,price_finance,1,2026-08-31T10:41:00-04:00,0.16,0.07,2026-09-01T15:50:00-04:00,2026-09-03,False,False,2026-09-01T15:50:00-04:00,aborted_uncompleted,False,,,,-4.3,2.0,,-6.3,13.0,,-5.300000000000001,-3.299999999999999,-5.300000000000001
36,False,2026-08-28,GOOGL,buy-first put-tail inventory,2026-10-16,235.0,230.0,hiro,price_finance,2,2026-08-31T10:41:00-04:00,0.16,0.07,2026-09-02T15:50:00-04:00,2026-09-03,False,False,2026-09-02T15:50:00-04:00,aborted_uncompleted,False,,,,-5.300000000000001,2.0,,-7.300000000000001,12.0,,-5.300000000000001,-2.3000000000000007,-5.300000000000001
36,False,2026-08-28,GOOGL,buy-first put-tail inventory,2026-10-16,235.0,230.0,hiro,hiro_finance,0,2026-08-31T10:41:00-04:00,0.16,0.07,2026-08-31T15:50:00-04:00,2026-09-03,False,False,2026-08-31T15:50:00-04:00,aborted_uncompleted,False,,,,-5.300000000000001,2.0,,-7.300000000000001,12.0,,-5.300000000000001,-5.300000000000001,-5.300000000000001
36,False,2026-08-28,GOOGL,buy-first put-tail inventory,2026-10-16,235.0,230.0,hiro,hiro_finance,1,2026-08-31T10:41:00-04:00,0.16,0.07,2026-09-01T15:50:00-04:00,2026-09-03,False,False,2026-09-01T15:50:00-04:00,aborted_uncompleted,False,,,,-4.3,2.0,,-6.3,13.0,,-5.300000000000001,-3.299999999999999,-5.300000000000001
36,False,2026-08-28,GOOGL,buy-first put-tail inventory,2026-10-16,235.0,230.0,hiro,hiro_finance,2,2026-08-31T10:41:00-04:00,0.16,0.07,2026-09-02T15:50:00-04:00,2026-09-03,False,False,2026-09-02T15:50:00-04:00,aborted_uncompleted,False,,,,-5.300000000000001,2.0,,-7.300000000000001,12.0,,-5.300000000000001,-2.3000000000000007,-5.300000000000001
37,True,2026-08-28,HOOD,buy-first put-tail inventory,2026-09-18,70.0,65.0,clock,simultaneous,-1,2026-08-31T10:01:00-04:00,0.11,0.08,2026-09-03T15:50:00-04:00,2026-09-03,False,False,2026-08-31T15:50:00-04:00,completed,True,2026-08-31T10:01:00-04:00,0.03,-10.6,-10.6,4.0,-5.3,-14.6,0.0,-5.3,-29.6,-9.600000000000001,
37,True,2026-08-28,HOOD,buy-first put-tail inventory,2026-09-18,70.0,65.0,clock,standalone,-1,2026-08-31T10:01:00-04:00,0.11,0.08,2026-09-03T15:50:00-04:00,2026-09-03,False,False,2026-08-31T15:50:00-04:00,standalone,False,,,,-10.3,2.0,,-12.3,2.0,,-11.3,-5.3,-11.3
37,True,2026-08-28,HOOD,buy-first put-tail inventory,2026-09-18,70.0,65.0,clock,fixed_clock,0,2026-08-31T10:01:00-04:00,0.11,0.08,2026-09-03T15:50:00-04:00,2026-09-03,False,False,2026-08-31T15:50:00-04:00,completed,True,2026-08-31T15:50:00-04:00,0.03,-10.6,-10.6,4.0,0.7000000000000011,-14.6,0.0,-11.3,-29.6,-5.3,-11.3
37,True,2026-08-28,HOOD,buy-first put-tail inventory,2026-09-18,70.0,65.0,clock,fixed_clock,1,2026-08-31T10:01:00-04:00,0.11,0.08,2026-09-03T15:50:00-04:00,2026-09-03,False,False,2026-09-01T15:50:00-04:00,completed,True,2026-09-01T15:50:00-04:00,0.02,-11.6,-11.6,4.0,-3.299999999999999,-15.6,0.0,-8.3,-16.6,-5.3,-11.3
37,True,2026-08-28,HOOD,buy-first put-tail inventory,2026-09-18,70.0,65.0,clock,fixed_clock,2,2026-08-31T10:01:00-04:00,0.11,0.08,2026-09-03T15:50:00-04:00,2026-09-03,False,False,2026-09-02T15:50:00-04:00,completed,True,2026-09-02T15:50:00-04:00,0.02,-11.6,-11.6,4.0,-2.299999999999999,-15.6,0.0,-9.3,-16.6,-5.3,-11.3
37,True,2026-08-28,HOOD,buy-first put-tail inventory,2026-09-18,70.0,65.0,clock,price_finance,0,2026-08-31T10:01:00-04:00,0.11,0.08,2026-08-31T15:50:00-04:00,2026-09-03,False,False,2026-08-31T15:50:00-04:00,aborted_uncompleted,False,,,,-11.3,2.0,,-13.3,1.0,,-11.3,-5.3,-11.3
37,True,2026-08-28,HOOD,buy-first put-tail inventory,2026-09-18,70.0,65.0,clock,price_finance,1,2026-08-31T10:01:00-04:00,0.11,0.08,2026-09-01T15:50:00-04:00,2026-09-03,False,False,2026-09-01T15:50:00-04:00,aborted_uncompleted,False,,,,-8.3,2.0,,-10.3,4.0,,-11.3,-5.3,-11.3
37,True,2026-08-28,HOOD,buy-first put-tail inventory,2026-09-18,70.0,65.0,clock,price_finance,2,2026-08-31T10:01:00-04:00,0.11,0.08,2026-09-02T15:50:00-04:00,2026-09-03,False,False,2026-09-02T15:50:00-04:00,aborted_uncompleted,False,,,,-9.3,2.0,,-11.3,3.0,,-11.3,-5.3,-11.3
37,True,2026-08-28,HOOD,buy-first put-tail inventory,2026-09-18,70.0,65.0,clock,hiro_finance,0,2026-08-31T10:01:00-04:00,0.11,0.08,2026-08-31T15:50:00-04:00,2026-09-03,False,False,2026-08-31T15:50:00-04:00,aborted_uncompleted,False,,,,-11.3,2.0,,-13.3,1.0,,-11.3,-5.3,-11.3
37,True,2026-08-28,HOOD,buy-first put-tail inventory,2026-09-18,70.0,65.0,clock,hiro_finance,1,2026-08-31T10:01:00-04:00,0.11,0.08,2026-09-01T15:50:00-04:00,2026-09-03,False,False,2026-09-01T15:50:00-04:00,aborted_uncompleted,False,,,,-8.3,2.0,,-10.3,4.0,,-11.3,-5.3,-11.3
37,True,2026-08-28,HOOD,buy-first put-tail inventory,2026-09-18,70.0,65.0,clock,hiro_finance,2,2026-08-31T10:01:00-04:00,0.11,0.08,2026-09-02T15:50:00-04:00,2026-09-03,False,False,2026-09-02T15:50:00-04:00,aborted_uncompleted,False,,,,-9.3,2.0,,-11.3,3.0,,-11.3,-5.3,-11.3
37,True,2026-08-28,HOOD,buy-first put-tail inventory,2026-09-18,70.0,65.0,hiro,simultaneous,-1,2026-08-31T10:31:00-04:00,0.1,0.07,2026-09-03T15:50:00-04:00,2026-09-03,False,False,2026-08-31T15:50:00-04:00,completed,True,2026-08-31T10:31:00-04:00,0.03,-9.600000000000001,-9.600000000000001,4.0,-5.300000000000002,-13.600000000000001,0.0,-4.3,-28.6,-8.600000000000001,
37,True,2026-08-28,HOOD,buy-first put-tail inventory,2026-09-18,70.0,65.0,hiro,standalone,-1,2026-08-31T10:31:00-04:00,0.1,0.07,2026-09-03T15:50:00-04:00,2026-09-03,False,False,2026-08-31T15:50:00-04:00,standalone,False,,,,-9.3,2.0,,-11.3,2.0,,-10.300000000000002,-4.3,-10.300000000000002
37,True,2026-08-28,HOOD,buy-first put-tail inventory,2026-09-18,70.0,65.0,hiro,fixed_clock,0,2026-08-31T10:31:00-04:00,0.1,0.07,2026-09-03T15:50:00-04:00,2026-09-03,False,False,2026-08-31T15:50:00-04:00,completed,True,2026-08-31T15:50:00-04:00,0.03,-9.600000000000001,-9.600000000000001,4.0,0.7000000000000011,-13.600000000000001,0.0,-10.300000000000002,-28.6,-4.3,-10.300000000000002
37,True,2026-08-28,HOOD,buy-first put-tail inventory,2026-09-18,70.0,65.0,hiro,fixed_clock,1,2026-08-31T10:31:00-04:00,0.1,0.07,2026-09-03T15:50:00-04:00,2026-09-03,False,False,2026-09-01T15:50:00-04:00,completed,True,2026-09-01T15:50:00-04:00,0.02,-10.6,-10.6,4.0,-3.299999999999999,-14.6,0.0,-7.300000000000001,-15.6,-4.3,-10.300000000000002
37,True,2026-08-28,HOOD,buy-first put-tail inventory,2026-09-18,70.0,65.0,hiro,fixed_clock,2,2026-08-31T10:31:00-04:00,0.1,0.07,2026-09-03T15:50:00-04:00,2026-09-03,False,False,2026-09-02T15:50:00-04:00,completed,True,2026-09-02T15:50:00-04:00,0.02,-10.6,-10.6,4.0,-2.299999999999999,-14.6,0.0,-8.3,-15.6,-4.3,-10.300000000000002
37,True,2026-08-28,HOOD,buy-first put-tail inventory,2026-09-18,70.0,65.0,hiro,price_finance,0,2026-08-31T10:31:00-04:00,0.1,0.07,2026-08-31T15:50:00-04:00,2026-09-03,False,False,2026-08-31T15:50:00-04:00,aborted_uncompleted,False,,,,-10.300000000000002,2.0,,-12.300000000000002,1.0,,-10.300000000000002,-4.3,-10.300000000000002
37,True,2026-08-28,HOOD,buy-first put-tail inventory,2026-09-18,70.0,65.0,hiro,price_finance,1,2026-08-31T10:31:00-04:00,0.1,0.07,2026-09-01T15:50:00-04:00,2026-09-03,False,False,2026-09-01T15:50:00-04:00,aborted_uncompleted,False,,,,-7.300000000000001,2.0,,-9.3,4.0,,-10.300000000000002,-4.3,-10.300000000000002
37,True,2026-08-28,HOOD,buy-first put-tail inventory,2026-09-18,70.0,65.0,hiro,price_finance,2,2026-08-31T10:31:00-04:00,0.1,0.07,2026-09-02T15:50:00-04:00,2026-09-03,False,False,2026-09-02T15:50:00-04:00,aborted_uncompleted,False,,,,-8.3,2.0,,-10.3,3.0,,-10.300000000000002,-4.3,-10.300000000000002
37,True,2026-08-28,HOOD,buy-first put-tail inventory,2026-09-18,70.0,65.0,hiro,hiro_finance,0,2026-08-31T10:31:00-04:00,0.1,0.07,2026-08-31T15:50:00-04:00,2026-09-03,False,False,2026-08-31T15:50:00-04:00,aborted_uncompleted,False,,,,-10.300000000000002,2.0,,-12.300000000000002,1.0,,-10.300000000000002,-4.3,-10.300000000000002
37,True,2026-08-28,HOOD,buy-first put-tail inventory,2026-09-18,70.0,65.0,hiro,hiro_finance,1,2026-08-31T10:31:00-04:00,0.1,0.07,2026-09-01T15:50:00-04:00,2026-09-03,False,False,2026-09-01T15:50:00-04:00,aborted_uncompleted,False,,,,-7.300000000000001,2.0,,-9.3,4.0,,-10.300000000000002,-4.3,-10.300000000000002
37,True,2026-08-28,HOOD,buy-first put-tail inventory,2026-09-18,70.0,65.0,hiro,hiro_finance,2,2026-08-31T10:31:00-04:00,0.1,0.07,2026-09-02T15:50:00-04:00,2026-09-03,False,False,2026-09-02T15:50:00-04:00,aborted_uncompleted,False,,,,-8.3,2.0,,-10.3,3.0,,-10.300000000000002,-4.3,-10.300000000000002
38,True,2026-08-28,MRVL,buy-first put-tail inventory,2026-09-18,140.0,135.0,hiro,simultaneous,-1,2026-08-31T11:11:00-04:00,0.09,0.06,2026-09-03T15:50:00-04:00,2026-09-03,False,False,2026-08-31T15:50:00-04:00,completed,True,2026-08-31T11:11:00-04:00,0.03,-8.6,-21.6,4.0,-13.300000000000002,-25.6,-13.0,-8.299999999999999,-31.600000000000005,-7.6,
38,True,2026-08-28,MRVL,buy-first put-tail inventory,2026-09-18,140.0,135.0,hiro,standalone,-1,2026-08-31T11:11:00-04:00,0.09,0.06,2026-09-03T15:50:00-04:00,2026-09-03,False,False,2026-08-31T15:50:00-04:00,standalone,False,,,,-6.3,2.0,,-8.3,4.0,,-8.299999999999999,-4.3,-8.299999999999999
38,True,2026-08-28,MRVL,buy-first put-tail inventory,2026-09-18,140.0,135.0,hiro,fixed_clock,0,2026-08-31T11:11:00-04:00,0.09,0.06,2026-09-03T15:50:00-04:00,2026-09-03,False,False,2026-08-31T15:50:00-04:00,completed,True,2026-08-31T15:50:00-04:00,0.03,-8.6,-21.6,4.0,-14.3,-25.6,-13.0,-7.3,-31.600000000000005,-6.3,-8.299999999999999
38,True,2026-08-28,MRVL,buy-first put-tail inventory,2026-09-18,140.0,135.0,hiro,fixed_clock,1,2026-08-31T11:11:00-04:00,0.09,0.06,2026-09-03T15:50:00-04:00,2026-09-03,False,False,2026-09-01T15:50:00-04:00,completed,True,2026-09-01T15:50:00-04:00,0.03,-8.6,-21.6,4.0,-15.3,-25.6,-13.0,-6.3,-24.6,-4.3,-8.299999999999999
38,True,2026-08-28,MRVL,buy-first put-tail inventory,2026-09-18,140.0,135.0,hiro,fixed_clock,2,2026-08-31T11:11:00-04:00,0.09,0.06,2026-09-03T15:50:00-04:00,2026-09-03,False,False,2026-09-02T15:50:00-04:00,completed,True,2026-09-02T15:50:00-04:00,0.04,-7.6,-20.6,4.0,-15.3,-24.6,-13.0,-5.3,-23.6,-4.3,-8.299999999999999
38,True,2026-08-28,MRVL,buy-first put-tail inventory,2026-09-18,140.0,135.0,hiro,price_finance,0,2026-08-31T11:11:00-04:00,0.09,0.06,2026-08-31T15:50:00-04:00,2026-09-03,False,False,2026-08-31T15:50:00-04:00,aborted_uncompleted,False,,,,-7.3,2.0,,-9.3,3.0,,-8.299999999999999,-6.3,-8.299999999999999
38,True,2026-08-28,MRVL,buy-first put-tail inventory,2026-09-18,140.0,135.0,hiro,price_finance,1,2026-08-31T11:11:00-04:00,0.09,0.06,2026-09-01T15:50:00-04:00,2026-09-03,False,False,2026-09-01T15:50:00-04:00,aborted_uncompleted,False,,,,-6.3,2.0,,-8.3,4.0,,-8.299999999999999,-4.3,-8.299999999999999
38,True,2026-08-28,MRVL,buy-first put-tail inventory,2026-09-18,140.0,135.0,hiro,price_finance,2,2026-08-31T11:11:00-04:00,0.09,0.06,2026-09-02T15:50:00-04:00,2026-09-03,False,False,2026-09-02T15:50:00-04:00,aborted_uncompleted,False,,,,-5.3,2.0,,-7.3,5.0,,-8.299999999999999,-4.3,-8.299999999999999
38,True,2026-08-28,MRVL,buy-first put-tail inventory,2026-09-18,140.0,135.0,hiro,hiro_finance,0,2026-08-31T11:11:00-04:00,0.09,0.06,2026-08-31T15:50:00-04:00,2026-09-03,False,False,2026-08-31T15:50:00-04:00,aborted_uncompleted,False,,,,-7.3,2.0,,-9.3,3.0,,-8.299999999999999,-6.3,-8.299999999999999
38,True,2026-08-28,MRVL,buy-first put-tail inventory,2026-09-18,140.0,135.0,hiro,hiro_finance,1,2026-08-31T11:11:00-04:00,0.09,0.06,2026-09-01T15:50:00-04:00,2026-09-03,False,False,2026-09-01T15:50:00-04:00,aborted_uncompleted,False,,,,-6.3,2.0,,-8.3,4.0,,-8.299999999999999,-4.3,-8.299999999999999
38,True,2026-08-28,MRVL,buy-first put-tail inventory,2026-09-18,140.0,135.0,hiro,hiro_finance,2,2026-08-31T11:11:00-04:00,0.09,0.06,2026-09-02T15:50:00-04:00,2026-09-03,False,False,2026-09-02T15:50:00-04:00,aborted_uncompleted,False,,,,-5.3,2.0,,-7.3,5.0,,-8.299999999999999,-4.3,-8.299999999999999
39,True,2026-08-28,NVDA,buy-first put-tail inventory,2026-09-18,135.0,130.0,clock,simultaneous,-1,2026-08-31T10:01:00-04:00,0.06,0.019999999999999997,2026-09-03T15:50:00-04:00,2026-09-03,False,False,2026-08-31T15:50:00-04:00,completed,True,2026-08-31T10:01:00-04:00,0.04,-4.6,-5.6,4.0,-2.3,-9.6,-1.0000000000000002,-3.3,-12.6,-4.6,
39,True,2026-08-28,NVDA,buy-first put-tail inventory,2026-09-18,135.0,130.0,clock,standalone,-1,2026-08-31T10:01:00-04:00,0.06,0.019999999999999997,2026-09-03T15:50:00-04:00,2026-09-03,False,False,2026-08-31T15:50:00-04:00,standalone,False,,,,-3.3,2.0,,-5.3,4.0,,-6.3,-1.3,-6.3
39,True,2026-08-28,NVDA,buy-first put-tail inventory,2026-09-18,135.0,130.0,clock,fixed_clock,0,2026-08-31T10:01:00-04:00,0.06,0.019999999999999997,2026-09-03T15:50:00-04:00,2026-09-03,False,False,2026-08-31T15:50:00-04:00,completed,True,2026-08-31T15:50:00-04:00,0.04,-4.6,-5.6,4.0,-2.3,-9.6,-1.0000000000000002,-3.3,-12.6,-2.3,-3.3
39,True,2026-08-28,NVDA,buy-first put-tail inventory,2026-09-18,135.0,130.0,clock,fixed_clock,1,2026-08-31T10:01:00-04:00,0.06,0.019999999999999997,2026-09-03T15:50:00-04:00,2026-09-03,False,False,2026-09-01T15:50:00-04:00,completed,True,2026-09-01T15:50:00-04:00,0.05,-3.5999999999999996,-4.6,4.0,-2.3,-8.6,-1.0000000000000002,-2.3,-11.6,-2.3,-5.3
39,True,2026-08-28,NVDA,buy-first put-tail inventory,2026-09-18,135.0,130.0,clock,fixed_clock,2,2026-08-31T10:01:00-04:00,0.06,0.019999999999999997,2026-09-03T15:50:00-04:00,2026-09-03,False,False,2026-09-02T15:50:00-04:00,completed,True,2026-09-02T15:50:00-04:00,0.04,-4.6,-5.6,4.0,-2.3,-9.6,-1.0000000000000002,-3.3,-12.6,-1.3,-5.3
39,True,2026-08-28,NVDA,buy-first put-tail inventory,2026-09-18,135.0,130.0,clock,price_finance,0,2026-08-31T10:01:00-04:00,0.06,0.019999999999999997,2026-08-31T15:50:00-04:00,2026-09-03,False,False,2026-08-31T15:50:00-04:00,aborted_uncompleted,False,,,,-3.3,2.0,,-5.3,4.0,,-3.3,-2.3,-3.3
39,True,2026-08-28,NVDA,buy-first put-tail inventory,2026-09-18,135.0,130.0,clock,price_finance,1,2026-08-31T10:01:00-04:00,0.06,0.019999999999999997,2026-09-01T15:50:00-04:00,2026-09-03,False,False,2026-09-01T15:50:00-04:00,aborted_uncompleted,False,,,,-2.3,2.0,,-4.3,5.0,,-5.3,-2.3,-5.3
39,True,2026-08-28,NVDA,buy-first put-tail inventory,2026-09-18,135.0,130.0,clock,price_finance,2,2026-08-31T10:01:00-04:00,0.06,0.019999999999999997,2026-09-02T15:50:00-04:00,2026-09-03,False,False,2026-09-02T15:50:00-04:00,aborted_uncompleted,False,,,,-3.3,2.0,,-5.3,4.0,,-5.3,-1.3,-5.3
39,True,2026-08-28,NVDA,buy-first put-tail inventory,2026-09-18,135.0,130.0,clock,hiro_finance,0,2026-08-31T10:01:00-04:00,0.06,0.019999999999999997,2026-08-31T15:50:00-04:00,2026-09-03,False,False,2026-08-31T15:50:00-04:00,aborted_uncompleted,False,,,,-3.3,2.0,,-5.3,4.0,,-3.3,-2.3,-3.3
39,True,2026-08-28,NVDA,buy-first put-tail inventory,2026-09-18,135.0,130.0,clock,hiro_finance,1,2026-08-31T10:01:00-04:00,0.06,0.019999999999999997,2026-09-01T15:50:00-04:00,2026-09-03,False,False,2026-09-01T15:50:00-04:00,aborted_uncompleted,False,,,,-2.3,2.0,,-4.3,5.0,,-5.3,-2.3,-5.3
39,True,2026-08-28,NVDA,buy-first put-tail inventory,2026-09-18,135.0,130.0,clock,hiro_finance,2,2026-08-31T10:01:00-04:00,0.06,0.019999999999999997,2026-09-02T15:50:00-04:00,2026-09-03,False,False,2026-09-02T15:50:00-04:00,aborted_uncompleted,False,,,,-3.3,2.0,,-5.3,4.0,,-5.3,-1.3,-5.3
39,True,2026-08-28,NVDA,buy-first put-tail inventory,2026-09-18,135.0,130.0,hiro,simultaneous,-1,2026-08-31T10:01:00-04:00,0.06,0.019999999999999997,2026-09-03T15:50:00-04:00,2026-09-03,False,False,2026-08-31T15:50:00-04:00,completed,True,2026-08-31T10:01:00-04:00,0.04,-4.6,-5.6,4.0,-2.3,-9.6,-1.0000000000000002,-3.3,-12.6,-4.6,
39,True,2026-08-28,NVDA,buy-first put-tail inventory,2026-09-18,135.0,130.0,hiro,standalone,-1,2026-08-31T10:01:00-04:00,0.06,0.019999999999999997,2026-09-03T15:50:00-04:00,2026-09-03,False,False,2026-08-31T15:50:00-04:00,standalone,False,,,,-3.3,2.0,,-5.3,4.0,,-6.3,-1.3,-6.3
39,True,2026-08-28,NVDA,buy-first put-tail inventory,2026-09-18,135.0,130.0,hiro,fixed_clock,0,2026-08-31T10:01:00-04:00,0.06,0.019999999999999997,2026-09-03T15:50:00-04:00,2026-09-03,False,False,2026-08-31T15:50:00-04:00,completed,True,2026-08-31T15:50:00-04:00,0.04,-4.6,-5.6,4.0,-2.3,-9.6,-1.0000000000000002,-3.3,-12.6,-2.3,-3.3
39,True,2026-08-28,NVDA,buy-first put-tail inventory,2026-09-18,135.0,130.0,hiro,fixed_clock,1,2026-08-31T10:01:00-04:00,0.06,0.019999999999999997,2026-09-03T15:50:00-04:00,2026-09-03,False,False,2026-09-01T15:50:00-04:00,completed,True,2026-09-01T15:50:00-04:00,0.05,-3.5999999999999996,-4.6,4.0,-2.3,-8.6,-1.0000000000000002,-2.3,-11.6,-2.3,-5.3
39,True,2026-08-28,NVDA,buy-first put-tail inventory,2026-09-18,135.0,130.0,hiro,fixed_clock,2,2026-08-31T10:01:00-04:00,0.06,0.019999999999999997,2026-09-03T15:50:00-04:00,2026-09-03,False,False,2026-09-02T15:50:00-04:00,completed,True,2026-09-02T15:50:00-04:00,0.04,-4.6,-5.6,4.0,-2.3,-9.6,-1.0000000000000002,-3.3,-12.6,-1.3,-5.3
39,True,2026-08-28,NVDA,buy-first put-tail inventory,2026-09-18,135.0,130.0,hiro,price_finance,0,2026-08-31T10:01:00-04:00,0.06,0.019999999999999997,2026-08-31T15:50:00-04:00,2026-09-03,False,False,2026-08-31T15:50:00-04:00,aborted_uncompleted,False,,,,-3.3,2.0,,-5.3,4.0,,-3.3,-2.3,-3.3
39,True,2026-08-28,NVDA,buy-first put-tail inventory,2026-09-18,135.0,130.0,hiro,price_finance,1,2026-08-31T10:01:00-04:00,0.06,0.019999999999999997,2026-09-01T15:50:00-04:00,2026-09-03,False,False,2026-09-01T15:50:00-04:00,aborted_uncompleted,False,,,,-2.3,2.0,,-4.3,5.0,,-5.3,-2.3,-5.3
39,True,2026-08-28,NVDA,buy-first put-tail inventory,2026-09-18,135.0,130.0,hiro,price_finance,2,2026-08-31T10:01:00-04:00,0.06,0.019999999999999997,2026-09-02T15:50:00-04:00,2026-09-03,False,False,2026-09-02T15:50:00-04:00,aborted_uncompleted,False,,,,-3.3,2.0,,-5.3,4.0,,-5.3,-1.3,-5.3
39,True,2026-08-28,NVDA,buy-first put-tail inventory,2026-09-18,135.0,130.0,hiro,hiro_finance,0,2026-08-31T10:01:00-04:00,0.06,0.019999999999999997,2026-08-31T15:50:00-04:00,2026-09-03,False,False,2026-08-31T15:50:00-04:00,aborted_uncompleted,False,,,,-3.3,2.0,,-5.3,4.0,,-3.3,-2.3,-3.3
39,True,2026-08-28,NVDA,buy-first put-tail inventory,2026-09-18,135.0,130.0,hiro,hiro_finance,1,2026-08-31T10:01:00-04:00,0.06,0.019999999999999997,2026-09-01T15:50:00-04:00,2026-09-03,False,False,2026-09-01T15:50:00-04:00,aborted_uncompleted,False,,,,-2.3,2.0,,-4.3,5.0,,-5.3,-2.3,-5.3
39,True,2026-08-28,NVDA,buy-first put-tail inventory,2026-09-18,135.0,130.0,hiro,hiro_finance,2,2026-08-31T10:01:00-04:00,0.06,0.019999999999999997,2026-09-02T15:50:00-04:00,2026-09-03,False,False,2026-09-02T15:50:00-04:00,aborted_uncompleted,False,,,,-3.3,2.0,,-5.3,4.0,,-5.3,-1.3,-5.3
40,True,2026-08-31,AMZN,buy-first put-tail inventory,2026-10-16,165.0,160.0,hiro,simultaneous,-1,2026-09-01T10:16:00-04:00,0.12,0.07999999999999999,2026-09-04T15:50:00-04:00,2026-09-04,False,False,2026-09-01T15:50:00-04:00,completed,True,2026-09-01T10:16:00-04:00,0.04,-10.6,-13.599999999999998,4.0,-6.299999999999998,-17.599999999999998,-3.0,-7.3,-22.6,-10.6,
40,True,2026-08-31,AMZN,buy-first put-tail inventory,2026-10-16,165.0,160.0,hiro,standalone,-1,2026-09-01T10:16:00-04:00,0.12,0.07999999999999999,2026-09-04T15:50:00-04:00,2026-09-04,False,False,2026-09-01T15:50:00-04:00,standalone,False,,,,-7.3,2.0,,-9.3,6.0,,-8.299999999999999,-5.3,-8.299999999999999
40,True,2026-08-31,AMZN,buy-first put-tail inventory,2026-10-16,165.0,160.0,hiro,fixed_clock,0,2026-09-01T10:16:00-04:00,0.12,0.07999999999999999,2026-09-04T15:50:00-04:00,2026-09-04,False,False,2026-09-01T15:50:00-04:00,completed,True,2026-09-01T15:50:00-04:00,0.04,-10.6,-13.599999999999998,4.0,-7.299999999999999,-17.599999999999998,-3.0,-6.299999999999999,-22.6,-5.3,-7.3
40,True,2026-08-31,AMZN,buy-first put-tail inventory,2026-10-16,165.0,160.0,hiro,fixed_clock,1,2026-09-01T10:16:00-04:00,0.12,0.07999999999999999,2026-09-04T15:50:00-04:00,2026-09-04,False,False,2026-09-02T15:50:00-04:00,completed,True,2026-09-02T15:50:00-04:00,0.04,-10.6,-13.599999999999998,4.0,-7.299999999999999,-17.599999999999998,-3.0,-6.299999999999999,-21.6,-5.3,-7.3
40,True,2026-08-31,AMZN,buy-first put-tail inventory,2026-10-16,165.0,160.0,hiro,fixed_clock,2,2026-09-01T10:16:00-04:00,0.12,0.07999999999999999,2026-09-04T15:50:00-04:00,2026-09-04,False,False,2026-09-03T15:50:00-04:00,completed,True,2026-09-03T15:50:00-04:00,0.04,-10.6,-13.599999999999998,4.0,-6.299999999999998,-17.599999999999998,-3.0,-7.3,-20.6,-5.3,-8.299999999999999
40,True,2026-08-31,AMZN,buy-first put-tail inventory,2026-10-16,165.0,160.0,hiro,price_finance,0,2026-09-01T10:16:00-04:00,0.12,0.07999999999999999,2026-09-01T15:50:00-04:00,2026-09-04,False,False,2026-09-01T15:50:00-04:00,aborted_uncompleted,False,,,,-6.299999999999999,2.0,,-8.299999999999999,7.000000000000001,,-7.3,-5.3,-7.3
40,True,2026-08-31,AMZN,buy-first put-tail inventory,2026-10-16,165.0,160.0,hiro,price_finance,1,2026-09-01T10:16:00-04:00,0.12,0.07999999999999999,2026-09-02T15:50:00-04:00,2026-09-04,False,False,2026-09-02T15:50:00-04:00,aborted_uncompleted,False,,,,-6.299999999999999,2.0,,-8.299999999999999,7.000000000000001,,-7.3,-5.3,-7.3
40,True,2026-08-31,AMZN,buy-first put-tail inventory,2026-10-16,165.0,160.0,hiro,price_finance,2,2026-09-01T10:16:00-04:00,0.12,0.07999999999999999,2026-09-03T15:50:00-04:00,2026-09-04,False,False,2026-09-03T15:50:00-04:00,aborted_uncompleted,False,,,,-7.3,2.0,,-9.3,6.0,,-8.299999999999999,-5.3,-8.299999999999999
40,True,2026-08-31,AMZN,buy-first put-tail inventory,2026-10-16,165.0,160.0,hiro,hiro_finance,0,2026-09-01T10:16:00-04:00,0.12,0.07999999999999999,2026-09-01T15:50:00-04:00,2026-09-04,False,False,2026-09-01T15:50:00-04:00,aborted_uncompleted,False,,,,-6.299999999999999,2.0,,-8.299999999999999,7.000000000000001,,-7.3,-5.3,-7.3
40,True,2026-08-31,AMZN,buy-first put-tail inventory,2026-10-16,165.0,160.0,hiro,hiro_finance,1,2026-09-01T10:16:00-04:00,0.12,0.07999999999999999,2026-09-02T15:50:00-04:00,2026-09-04,False,False,2026-09-02T15:50:00-04:00,aborted_uncompleted,False,,,,-6.299999999999999,2.0,,-8.299999999999999,7.000000000000001,,-7.3,-5.3,-7.3
40,True,2026-08-31,AMZN,buy-first put-tail inventory,2026-10-16,165.0,160.0,hiro,hiro_finance,2,2026-09-01T10:16:00-04:00,0.12,0.07999999999999999,2026-09-03T15:50:00-04:00,2026-09-04,False,False,2026-09-03T15:50:00-04:00,aborted_uncompleted,False,,,,-7.3,2.0,,-9.3,6.0,,-8.299999999999999,-5.3,-8.299999999999999
42,True,2026-08-31,BMNR,buy-first put-tail inventory,2026-09-18,17.0,14.0,clock,simultaneous,-1,2026-09-01T10:01:00-04:00,0.11,0.1,2026-09-04T15:50:00-04:00,2026-09-04,False,False,2026-09-01T15:50:00-04:00,completed,True,2026-09-01T10:01:00-04:00,0.01,-12.6,-21.6,4.0,-10.3,-25.6,-9.0,-11.3,-32.6,-9.600000000000001,
42,True,2026-08-31,BMNR,buy-first put-tail inventory,2026-09-18,17.0,14.0,clock,standalone,-1,2026-09-01T10:01:00-04:00,0.11,0.1,2026-09-04T15:50:00-04:00,2026-09-04,False,False,2026-09-01T15:50:00-04:00,standalone,False,,,,-12.3,2.0,,-14.3,0.0,,-12.3,-6.3,-12.3
42,True,2026-08-31,BMNR,buy-first put-tail inventory,2026-09-18,17.0,14.0,clock,fixed_clock,0,2026-09-01T10:01:00-04:00,0.11,0.1,2026-09-04T15:50:00-04:00,2026-09-04,False,False,2026-09-01T15:50:00-04:00,completed,True,2026-09-01T15:50:00-04:00,0.01,-12.6,-21.6,4.0,-14.3,-25.6,-9.0,-7.3,-32.6,-7.3,-11.3
42,True,2026-08-31,BMNR,buy-first put-tail inventory,2026-09-18,17.0,14.0,clock,fixed_clock,1,2026-09-01T10:01:00-04:00,0.11,0.1,2026-09-04T15:50:00-04:00,2026-09-04,False,False,2026-09-02T15:50:00-04:00,completed,True,2026-09-02T15:50:00-04:00,0.03,-10.6,-19.6,4.0,-11.3,-23.6,-9.0,-8.3,-30.600000000000005,-6.3,-11.3
42,True,2026-08-31,BMNR,buy-first put-tail inventory,2026-09-18,17.0,14.0,clock,fixed_clock,2,2026-09-01T10:01:00-04:00,0.11,0.1,2026-09-04T15:50:00-04:00,2026-09-04,False,False,2026-09-03T15:50:00-04:00,completed,True,2026-09-03T15:50:00-04:00,0.02,-11.6,-20.6,4.0,-9.3,-24.6,-9.0,-11.3,-20.6,-6.3,-12.3
42,True,2026-08-31,BMNR,buy-first put-tail inventory,2026-09-18,17.0,14.0,clock,price_finance,0,2026-09-01T10:01:00-04:00,0.11,0.1,2026-09-01T15:50:00-04:00,2026-09-04,False,False,2026-09-01T15:50:00-04:00,aborted_uncompleted,False,,,,-7.3,2.0,,-9.3,5.0,,-11.3,-7.3,-11.3
42,True,2026-08-31,BMNR,buy-first put-tail inventory,2026-09-18,17.0,14.0,clock,price_finance,1,2026-09-01T10:01:00-04:00,0.11,0.1,2026-09-02T15:50:00-04:00,2026-09-04,False,False,2026-09-02T15:50:00-04:00,aborted_uncompleted,False,,,,-8.3,2.0,,-10.3,4.0,,-11.3,-6.3,-11.3
42,True,2026-08-31,BMNR,buy-first put-tail inventory,2026-09-18,17.0,14.0,clock,price_finance,2,2026-09-01T10:01:00-04:00,0.11,0.1,2026-09-03T15:50:00-04:00,2026-09-04,False,False,2026-09-03T15:50:00-04:00,aborted_uncompleted,False,,,,-11.3,2.0,,-13.3,1.0,,-12.3,-6.3,-12.3
42,True,2026-08-31,BMNR,buy-first put-tail inventory,2026-09-18,17.0,14.0,clock,hiro_finance,0,2026-09-01T10:01:00-04:00,0.11,0.1,2026-09-01T15:50:00-04:00,2026-09-04,False,False,2026-09-01T15:50:00-04:00,aborted_uncompleted,False,,,,-7.3,2.0,,-9.3,5.0,,-11.3,-7.3,-11.3
42,True,2026-08-31,BMNR,buy-first put-tail inventory,2026-09-18,17.0,14.0,clock,hiro_finance,1,2026-09-01T10:01:00-04:00,0.11,0.1,2026-09-02T15:50:00-04:00,2026-09-04,False,False,2026-09-02T15:50:00-04:00,aborted_uncompleted,False,,,,-8.3,2.0,,-10.3,4.0,,-11.3,-6.3,-11.3
42,True,2026-08-31,BMNR,buy-first put-tail inventory,2026-09-18,17.0,14.0,clock,hiro_finance,2,2026-09-01T10:01:00-04:00,0.11,0.1,2026-09-03T15:50:00-04:00,2026-09-04,False,False,2026-09-03T15:50:00-04:00,aborted_uncompleted,False,,,,-11.3,2.0,,-13.3,1.0,,-12.3,-6.3,-12.3
42,True,2026-08-31,BMNR,buy-first put-tail inventory,2026-09-18,17.0,14.0,hiro,simultaneous,-1,2026-09-01T10:11:00-04:00,0.11,0.1,2026-09-04T15:50:00-04:00,2026-09-04,False,False,2026-09-01T15:50:00-04:00,completed,True,2026-09-01T10:11:00-04:00,0.01,-12.6,-21.6,4.0,-10.3,-25.6,-9.0,-11.3,-32.6,-9.600000000000001,
42,True,2026-08-31,BMNR,buy-first put-tail inventory,2026-09-18,17.0,14.0,hiro,standalone,-1,2026-09-01T10:11:00-04:00,0.11,0.1,2026-09-04T15:50:00-04:00,2026-09-04,False,False,2026-09-01T15:50:00-04:00,standalone,False,,,,-12.3,2.0,,-14.3,0.0,,-12.3,-6.3,-12.3
42,True,2026-08-31,BMNR,buy-first put-tail inventory,2026-09-18,17.0,14.0,hiro,fixed_clock,0,2026-09-01T10:11:00-04:00,0.11,0.1,2026-09-04T15:50:00-04:00,2026-09-04,False,False,2026-09-01T15:50:00-04:00,completed,True,2026-09-01T15:50:00-04:00,0.01,-12.6,-21.6,4.0,-14.3,-25.6,-9.0,-7.3,-32.6,-7.3,-11.3
42,True,2026-08-31,BMNR,buy-first put-tail inventory,2026-09-18,17.0,14.0,hiro,fixed_clock,1,2026-09-01T10:11:00-04:00,0.11,0.1,2026-09-04T15:50:00-04:00,2026-09-04,False,False,2026-09-02T15:50:00-04:00,completed,True,2026-09-02T15:50:00-04:00,0.03,-10.6,-19.6,4.0,-11.3,-23.6,-9.0,-8.3,-30.600000000000005,-6.3,-11.3
42,True,2026-08-31,BMNR,buy-first put-tail inventory,2026-09-18,17.0,14.0,hiro,fixed_clock,2,2026-09-01T10:11:00-04:00,0.11,0.1,2026-09-04T15:50:00-04:00,2026-09-04,False,False,2026-09-03T15:50:00-04:00,completed,True,2026-09-03T15:50:00-04:00,0.02,-11.6,-20.6,4.0,-9.3,-24.6,-9.0,-11.3,-20.6,-6.3,-12.3
42,True,2026-08-31,BMNR,buy-first put-tail inventory,2026-09-18,17.0,14.0,hiro,price_finance,0,2026-09-01T10:11:00-04:00,0.11,0.1,2026-09-01T15:50:00-04:00,2026-09-04,False,False,2026-09-01T15:50:00-04:00,aborted_uncompleted,False,,,,-7.3,2.0,,-9.3,5.0,,-11.3,-7.3,-11.3
42,True,2026-08-31,BMNR,buy-first put-tail inventory,2026-09-18,17.0,14.0,hiro,price_finance,1,2026-09-01T10:11:00-04:00,0.11,0.1,2026-09-02T15:50:00-04:00,2026-09-04,False,False,2026-09-02T15:50:00-04:00,aborted_uncompleted,False,,,,-8.3,2.0,,-10.3,4.0,,-11.3,-6.3,-11.3
42,True,2026-08-31,BMNR,buy-first put-tail inventory,2026-09-18,17.0,14.0,hiro,price_finance,2,2026-09-01T10:11:00-04:00,0.11,0.1,2026-09-03T15:50:00-04:00,2026-09-04,False,False,2026-09-03T15:50:00-04:00,aborted_uncompleted,False,,,,-11.3,2.0,,-13.3,1.0,,-12.3,-6.3,-12.3
42,True,2026-08-31,BMNR,buy-first put-tail inventory,2026-09-18,17.0,14.0,hiro,hiro_finance,0,2026-09-01T10:11:00-04:00,0.11,0.1,2026-09-01T15:50:00-04:00,2026-09-04,False,False,2026-09-01T15:50:00-04:00,aborted_uncompleted,False,,,,-7.3,2.0,,-9.3,5.0,,-11.3,-7.3,-11.3
42,True,2026-08-31,BMNR,buy-first put-tail inventory,2026-09-18,17.0,14.0,hiro,hiro_finance,1,2026-09-01T10:11:00-04:00,0.11,0.1,2026-09-02T15:50:00-04:00,2026-09-04,False,False,2026-09-02T15:50:00-04:00,aborted_uncompleted,False,,,,-8.3,2.0,,-10.3,4.0,,-11.3,-6.3,-11.3
42,True,2026-08-31,BMNR,buy-first put-tail inventory,2026-09-18,17.0,14.0,hiro,hiro_finance,2,2026-09-01T10:11:00-04:00,0.11,0.1,2026-09-03T15:50:00-04:00,2026-09-04,False,False,2026-09-03T15:50:00-04:00,aborted_uncompleted,False,,,,-11.3,2.0,,-13.3,1.0,,-12.3,-6.3,-12.3
43,True,2026-08-31,CRWV,buy-first put-tail inventory,2026-09-18,62.5,60.0,hiro,simultaneous,-1,2026-09-01T10:11:00-04:00,0.23,0.1,2026-09-04T15:50:00-04:00,2026-09-04,False,False,2026-09-01T15:50:00-04:00,completed,True,2026-09-01T10:11:00-04:00,0.13,-12.6,-11.6,4.0,-7.3,-15.6,1.0000000000000009,-4.3,-22.600000000000005,-2.6,
43,True,2026-08-31,CRWV,buy-first put-tail inventory,2026-09-18,62.5,60.0,hiro,standalone,-1,2026-09-01T10:11:00-04:00,0.23,0.1,2026-09-04T15:50:00-04:00,2026-09-04,False,False,2026-09-01T15:50:00-04:00,standalone,False,,,,-17.3,2.0,,-19.3,7.000000000000001,,-21.3,4.6999999999999975,-21.3
43,True,2026-08-31,CRWV,buy-first put-tail inventory,2026-09-18,62.5,60.0,hiro,fixed_clock,0,2026-09-01T10:11:00-04:00,0.23,0.1,2026-09-04T15:50:00-04:00,2026-09-04,False,False,2026-09-01T15:50:00-04:00,completed,True,2026-09-01T15:50:00-04:00,0.14,-11.6,-10.6,4.0,-4.299999999999998,-14.6,1.0000000000000009,-6.300000000000002,-21.600000000000005,4.6999999999999975,-5.300000000000001
43,True,2026-08-31,CRWV,buy-first put-tail inventory,2026-09-18,62.5,60.0,hiro,fixed_clock,1,2026-09-01T10:11:00-04:00,0.23,0.1,2026-09-04T15:50:00-04:00,2026-09-04,False,False,2026-09-02T15:50:00-04:00,completed,True,2026-09-02T15:50:00-04:00,0.13,-12.6,-11.6,4.0,-8.299999999999997,-15.6,1.0000000000000009,-3.3000000000000016,-16.6,4.6999999999999975,-6.300000000000002
43,True,2026-08-31,CRWV,buy-first put-tail inventory,2026-09-18,62.5,60.0,hiro,fixed_clock,2,2026-09-01T10:11:00-04:00,0.23,0.1,2026-09-04T15:50:00-04:00,2026-09-04,False,False,2026-09-03T15:50:00-04:00,completed,True,2026-09-03T15:50:00-04:00,0.08,-17.6,-16.6,4.0,-3.299999999999999,-20.6,1.0000000000000009,-13.300000000000002,-21.600000000000005,4.6999999999999975,-13.300000000000002
43,True,2026-08-31,CRWV,buy-first put-tail inventory,2026-09-18,62.5,60.0,hiro,price_finance,0,2026-09-01T10:11:00-04:00,0.23,0.1,2026-09-01T15:50:00-04:00,2026-09-04,False,False,2026-09-01T15:50:00-04:00,aborted_uncompleted,False,,,,-6.300000000000002,2.0,,-8.3,18.0,,-6.300000000000002,4.6999999999999975,-6.300000000000002
43,True,2026-08-31,CRWV,buy-first put-tail inventory,2026-09-18,62.5,60.0,hiro,price_finance,1,2026-09-01T10:11:00-04:00,0.23,0.1,2026-09-02T15:50:00-04:00,2026-09-04,False,False,2026-09-02T15:50:00-04:00,aborted_uncompleted,False,,,,-3.3000000000000016,2.0,,-5.300000000000002,21.0,,-6.300000000000002,4.6999999999999975,-6.300000000000002
43,True,2026-08-31,CRWV,buy-first put-tail inventory,2026-09-18,62.5,60.0,hiro,price_finance,2,2026-09-01T10:11:00-04:00,0.23,0.1,2026-09-03T15:50:00-04:00,2026-09-04,False,False,2026-09-03T15:50:00-04:00,aborted_uncompleted,False,,,,-13.300000000000002,2.0,,-15.300000000000002,11.0,,-13.300000000000002,4.6999999999999975,-13.300000000000002
43,True,2026-08-31,CRWV,buy-first put-tail inventory,2026-09-18,62.5,60.0,hiro,hiro_finance,0,2026-09-01T10:11:00-04:00,0.23,0.1,2026-09-01T15:50:00-04:00,2026-09-04,False,False,2026-09-01T15:50:00-04:00,aborted_uncompleted,False,,,,-6.300000000000002,2.0,,-8.3,18.0,,-6.300000000000002,4.6999999999999975,-6.300000000000002
43,True,2026-08-31,CRWV,buy-first put-tail inventory,2026-09-18,62.5,60.0,hiro,hiro_finance,1,2026-09-01T10:11:00-04:00,0.23,0.1,2026-09-02T15:50:00-04:00,2026-09-04,False,False,2026-09-02T15:50:00-04:00,aborted_uncompleted,False,,,,-3.3000000000000016,2.0,,-5.300000000000002,21.0,,-6.300000000000002,4.6999999999999975,-6.300000000000002
43,True,2026-08-31,CRWV,buy-first put-tail inventory,2026-09-18,62.5,60.0,hiro,hiro_finance,2,2026-09-01T10:11:00-04:00,0.23,0.1,2026-09-03T15:50:00-04:00,2026-09-04,False,False,2026-09-03T15:50:00-04:00,aborted_uncompleted,False,,,,-13.300000000000002,2.0,,-15.300000000000002,11.0,,-13.300000000000002,4.6999999999999975,-13.300000000000002
45,True,2026-08-31,GOOGL,buy-first put-tail inventory,2026-10-16,240.0,235.0,hiro,simultaneous,-1,2026-09-01T10:21:00-04:00,0.2,0.06,2026-09-04T15:50:00-04:00,2026-09-04,False,False,2026-09-01T15:50:00-04:00,completed,True,2026-09-01T10:21:00-04:00,0.14,-8.6,-11.600000000000001,4.0,4.699999999999999,-15.600000000000001,-3.0000000000000013,-16.3,-24.6,-9.6,
45,True,2026-08-31,GOOGL,buy-first put-tail inventory,2026-10-16,240.0,235.0,hiro,standalone,-1,2026-09-01T10:21:00-04:00,0.2,0.06,2026-09-04T15:50:00-04:00,2026-09-04,False,False,2026-09-01T15:50:00-04:00,standalone,False,,,,-10.300000000000002,2.0,,-12.300000000000002,11.0,,-16.3,-6.300000000000002,-16.3
45,True,2026-08-31,GOOGL,buy-first put-tail inventory,2026-10-16,240.0,235.0,hiro,fixed_clock,0,2026-09-01T10:21:00-04:00,0.2,0.06,2026-09-04T15:50:00-04:00,2026-09-04,False,False,2026-09-01T15:50:00-04:00,completed,True,2026-09-01T15:50:00-04:00,0.13,-9.600000000000001,-12.600000000000001,4.0,-1.3000000000000007,-16.6,-3.0000000000000013,-11.3,-25.6,-10.6,-16.3
45,True,2026-08-31,GOOGL,buy-first put-tail inventory,2026-10-16,240.0,235.0,hiro,fixed_clock,1,2026-09-01T10:21:00-04:00,0.2,0.06,2026-09-04T15:50:00-04:00,2026-09-04,False,False,2026-09-02T15:50:00-04:00,completed,True,2026-09-02T15:50:00-04:00,0.12,-10.600000000000001,-13.600000000000003,4.0,-7.300000000000002,-17.6,-3.0000000000000013,-6.300000000000002,-26.600000000000005,-6.300000000000002,-16.3
45,True,2026-08-31,GOOGL,buy-first put-tail inventory,2026-10-16,240.0,235.0,hiro,fixed_clock,2,2026-09-01T10:21:00-04:00,0.2,0.06,2026-09-04T15:50:00-04:00,2026-09-04,False,False,2026-09-03T15:50:00-04:00,completed,True,2026-09-03T15:50:00-04:00,0.12,-10.600000000000001,-13.600000000000003,4.0,-2.3000000000000025,-17.6,-3.0000000000000013,-11.3,-26.600000000000005,-6.300000000000002,-16.3
45,True,2026-08-31,GOOGL,buy-first put-tail inventory,2026-10-16,240.0,235.0,hiro,price_finance,0,2026-09-01T10:21:00-04:00,0.2,0.06,2026-09-01T15:50:00-04:00,2026-09-04,False,False,2026-09-01T15:50:00-04:00,aborted_uncompleted,False,,,,-11.3,2.0,,-13.3,10.0,,-16.3,-11.3,-16.3
45,True,2026-08-31,GOOGL,buy-first put-tail inventory,2026-10-16,240.0,235.0,hiro,price_finance,1,2026-09-01T10:21:00-04:00,0.2,0.06,2026-09-02T15:50:00-04:00,2026-09-04,False,False,2026-09-02T15:50:00-04:00,aborted_uncompleted,False,,,,-6.300000000000002,2.0,,-8.3,15.0,,-16.3,-6.300000000000002,-16.3
45,True,2026-08-31,GOOGL,buy-first put-tail inventory,2026-10-16,240.0,235.0,hiro,price_finance,2,2026-09-01T10:21:00-04:00,0.2,0.06,2026-09-03T15:50:00-04:00,2026-09-04,False,False,2026-09-03T15:50:00-04:00,aborted_uncompleted,False,,,,-11.3,2.0,,-13.3,10.0,,-16.3,-6.300000000000002,-16.3
45,True,2026-08-31,GOOGL,buy-first put-tail inventory,2026-10-16,240.0,235.0,hiro,hiro_finance,0,2026-09-01T10:21:00-04:00,0.2,0.06,2026-09-01T15:50:00-04:00,2026-09-04,False,False,2026-09-01T15:50:00-04:00,aborted_uncompleted,False,,,,-11.3,2.0,,-13.3,10.0,,-16.3,-11.3,-16.3
45,True,2026-08-31,GOOGL,buy-first put-tail inventory,2026-10-16,240.0,235.0,hiro,hiro_finance,1,2026-09-01T10:21:00-04:00,0.2,0.06,2026-09-02T15:50:00-04:00,2026-09-04,False,False,2026-09-02T15:50:00-04:00,aborted_uncompleted,False,,,,-6.300000000000002,2.0,,-8.3,15.0,,-16.3,-6.300000000000002,-16.3
45,True,2026-08-31,GOOGL,buy-first put-tail inventory,2026-10-16,240.0,235.0,hiro,hiro_finance,2,2026-09-01T10:21:00-04:00,0.2,0.06,2026-09-03T15:50:00-04:00,2026-09-04,False,False,2026-09-03T15:50:00-04:00,aborted_uncompleted,False,,,,-11.3,2.0,,-13.3,10.0,,-16.3,-6.300000000000002,-16.3
46,True,2026-08-31,HOOD,buy-first put-tail inventory,2026-09-18,65.0,60.0,clock,simultaneous,-1,2026-09-01T10:01:00-04:00,0.08,0.06,2026-09-04T15:50:00-04:00,2026-09-04,False,False,2026-09-01T15:50:00-04:00,completed,True,2026-09-01T10:01:00-04:00,0.02,-8.6,-10.6,4.0,-4.3,-14.6,-1.9999999999999998,-6.3,-24.6,-8.6,
46,True,2026-08-31,HOOD,buy-first put-tail inventory,2026-09-18,65.0,60.0,clock,standalone,-1,2026-09-01T10:01:00-04:00,0.08,0.06,2026-09-04T15:50:00-04:00,2026-09-04,False,False,2026-09-01T15:50:00-04:00,standalone,False,,,,-8.3,2.0,,-10.3,1.0,,-8.3,-5.3,-8.3
46,True,2026-08-31,HOOD,buy-first put-tail inventory,2026-09-18,65.0,60.0,clock,fixed_clock,0,2026-09-01T10:01:00-04:00,0.08,0.06,2026-09-04T15:50:00-04:00,2026-09-04,False,False,2026-09-01T15:50:00-04:00,completed,True,2026-09-01T15:50:00-04:00,0.03,-7.6,-9.600000000000001,4.0,-2.3000000000000016,-13.600000000000001,-1.9999999999999998,-7.3,-23.600000000000005,-5.3,-6.3
46,True,2026-08-31,HOOD,buy-first put-tail inventory,2026-09-18,65.0,60.0,clock,fixed_clock,1,2026-09-01T10:01:00-04:00,0.08,0.06,2026-09-04T15:50:00-04:00,2026-09-04,False,False,2026-09-02T15:50:00-04:00,completed,True,2026-09-02T15:50:00-04:00,0.02,-8.6,-10.6,4.0,-3.3,-14.6,-1.9999999999999998,-7.3,-24.6,-5.3,-7.3
46,True,2026-08-31,HOOD,buy-first put-tail inventory,2026-09-18,65.0,60.0,clock,fixed_clock,2,2026-09-01T10:01:00-04:00,0.08,0.06,2026-09-04T15:50:00-04:00,2026-09-04,False,False,2026-09-03T15:50:00-04:00,unpriced_deadline,False,,,,,,,,,,,,
46,True,2026-08-31,HOOD,buy-first put-tail inventory,2026-09-18,65.0,60.0,clock,price_finance,0,2026-09-01T10:01:00-04:00,0.08,0.06,2026-09-01T15:50:00-04:00,2026-09-04,False,False,2026-09-01T15:50:00-04:00,aborted_uncompleted,False,,,,-7.3,2.0,,-9.3,2.0,,-7.3,-5.3,-7.3
46,True,2026-08-31,HOOD,buy-first put-tail inventory,2026-09-18,65.0,60.0,clock,price_finance,1,2026-09-01T10:01:00-04:00,0.08,0.06,2026-09-02T15:50:00-04:00,2026-09-04,False,False,2026-09-02T15:50:00-04:00,aborted_uncompleted,False,,,,-7.3,2.0,,-9.3,2.0,,-7.3,-5.3,-7.3
46,True,2026-08-31,HOOD,buy-first put-tail inventory,2026-09-18,65.0,60.0,clock,price_finance,2,2026-09-01T10:01:00-04:00,0.08,0.06,2026-09-03T15:50:00-04:00,2026-09-04,False,False,2026-09-03T15:50:00-04:00,aborted_uncompleted,False,,,,-8.3,2.0,,-10.3,1.0,,-8.3,-5.3,-8.3
46,True,2026-08-31,HOOD,buy-first put-tail inventory,2026-09-18,65.0,60.0,clock,hiro_finance,0,2026-09-01T10:01:00-04:00,0.08,0.06,2026-09-01T15:50:00-04:00,2026-09-04,False,False,2026-09-01T15:50:00-04:00,aborted_uncompleted,False,,,,-7.3,2.0,,-9.3,2.0,,-7.3,-5.3,-7.3
46,True,2026-08-31,HOOD,buy-first put-tail inventory,2026-09-18,65.0,60.0,clock,hiro_finance,1,2026-09-01T10:01:00-04:00,0.08,0.06,2026-09-02T15:50:00-04:00,2026-09-04,False,False,2026-09-02T15:50:00-04:00,aborted_uncompleted,False,,,,-7.3,2.0,,-9.3,2.0,,-7.3,-5.3,-7.3
46,True,2026-08-31,HOOD,buy-first put-tail inventory,2026-09-18,65.0,60.0,clock,hiro_finance,2,2026-09-01T10:01:00-04:00,0.08,0.06,2026-09-03T15:50:00-04:00,2026-09-04,False,False,2026-09-03T15:50:00-04:00,aborted_uncompleted,False,,,,-8.3,2.0,,-10.3,1.0,,-8.3,-5.3,-8.3
46,True,2026-08-31,HOOD,buy-first put-tail inventory,2026-09-18,65.0,60.0,hiro,simultaneous,-1,2026-09-01T10:11:00-04:00,0.08,0.06,2026-09-04T15:50:00-04:00,2026-09-04,False,False,2026-09-01T15:50:00-04:00,completed,True,2026-09-01T10:11:00-04:00,0.02,-8.6,-10.6,4.0,-4.3,-14.6,-1.9999999999999998,-6.3,-24.6,-8.6,
46,True,2026-08-31,HOOD,buy-first put-tail inventory,2026-09-18,65.0,60.0,hiro,standalone,-1,2026-09-01T10:11:00-04:00,0.08,0.06,2026-09-04T15:50:00-04:00,2026-09-04,False,False,2026-09-01T15:50:00-04:00,standalone,False,,,,-8.3,2.0,,-10.3,1.0,,-8.3,-5.3,-8.3
46,True,2026-08-31,HOOD,buy-first put-tail inventory,2026-09-18,65.0,60.0,hiro,fixed_clock,0,2026-09-01T10:11:00-04:00,0.08,0.06,2026-09-04T15:50:00-04:00,2026-09-04,False,False,2026-09-01T15:50:00-04:00,completed,True,2026-09-01T15:50:00-04:00,0.03,-7.6,-9.600000000000001,4.0,-2.3000000000000016,-13.600000000000001,-1.9999999999999998,-7.3,-23.600000000000005,-5.3,-6.3
46,True,2026-08-31,HOOD,buy-first put-tail inventory,2026-09-18,65.0,60.0,hiro,fixed_clock,1,2026-09-01T10:11:00-04:00,0.08,0.06,2026-09-04T15:50:00-04:00,2026-09-04,False,False,2026-09-02T15:50:00-04:00,completed,True,2026-09-02T15:50:00-04:00,0.02,-8.6,-10.6,4.0,-3.3,-14.6,-1.9999999999999998,-7.3,-24.6,-5.3,-7.3
46,True,2026-08-31,HOOD,buy-first put-tail inventory,2026-09-18,65.0,60.0,hiro,fixed_clock,2,2026-09-01T10:11:00-04:00,0.08,0.06,2026-09-04T15:50:00-04:00,2026-09-04,False,False,2026-09-03T15:50:00-04:00,unpriced_deadline,False,,,,,,,,,,,,
46,True,2026-08-31,HOOD,buy-first put-tail inventory,2026-09-18,65.0,60.0,hiro,price_finance,0,2026-09-01T10:11:00-04:00,0.08,0.06,2026-09-01T15:50:00-04:00,2026-09-04,False,False,2026-09-01T15:50:00-04:00,aborted_uncompleted,False,,,,-7.3,2.0,,-9.3,2.0,,-7.3,-5.3,-7.3
46,True,2026-08-31,HOOD,buy-first put-tail inventory,2026-09-18,65.0,60.0,hiro,price_finance,1,2026-09-01T10:11:00-04:00,0.08,0.06,2026-09-02T15:50:00-04:00,2026-09-04,False,False,2026-09-02T15:50:00-04:00,aborted_uncompleted,False,,,,-7.3,2.0,,-9.3,2.0,,-7.3,-5.3,-7.3
46,True,2026-08-31,HOOD,buy-first put-tail inventory,2026-09-18,65.0,60.0,hiro,price_finance,2,2026-09-01T10:11:00-04:00,0.08,0.06,2026-09-03T15:50:00-04:00,2026-09-04,False,False,2026-09-03T15:50:00-04:00,aborted_uncompleted,False,,,,-8.3,2.0,,-10.3,1.0,,-8.3,-5.3,-8.3
46,True,2026-08-31,HOOD,buy-first put-tail inventory,2026-09-18,65.0,60.0,hiro,hiro_finance,0,2026-09-01T10:11:00-04:00,0.08,0.06,2026-09-01T15:50:00-04:00,2026-09-04,False,False,2026-09-01T15:50:00-04:00,aborted_uncompleted,False,,,,-7.3,2.0,,-9.3,2.0,,-7.3,-5.3,-7.3
46,True,2026-08-31,HOOD,buy-first put-tail inventory,2026-09-18,65.0,60.0,hiro,hiro_finance,1,2026-09-01T10:11:00-04:00,0.08,0.06,2026-09-02T15:50:00-04:00,2026-09-04,False,False,2026-09-02T15:50:00-04:00,aborted_uncompleted,False,,,,-7.3,2.0,,-9.3,2.0,,-7.3,-5.3,-7.3
46,True,2026-08-31,HOOD,buy-first put-tail inventory,2026-09-18,65.0,60.0,hiro,hiro_finance,2,2026-09-01T10:11:00-04:00,0.08,0.06,2026-09-03T15:50:00-04:00,2026-09-04,False,False,2026-09-03T15:50:00-04:00,aborted_uncompleted,False,,,,-8.3,2.0,,-10.3,1.0,,-8.3,-5.3,-8.3
47,True,2026-08-31,MRVL,buy-first put-tail inventory,2026-09-18,135.0,130.0,clock,simultaneous,-1,2026-09-01T10:01:00-04:00,0.08,0.07,2026-09-04T15:50:00-04:00,2026-09-04,False,False,2026-09-01T15:50:00-04:00,completed,True,2026-09-01T10:01:00-04:00,0.01,-9.600000000000001,-9.600000000000001,4.0,-3.3000000000000016,-13.600000000000001,0.0,-6.3,-31.600000000000005,-9.600000000000001,
47,True,2026-08-31,MRVL,buy-first put-tail inventory,2026-09-18,135.0,130.0,clock,standalone,-1,2026-09-01T10:01:00-04:00,0.08,0.07,2026-09-04T15:50:00-04:00,2026-09-04,False,False,2026-09-01T15:50:00-04:00,standalone,False,,,,-6.3,2.0,,-8.3,3.0,,-8.3,-4.3,-8.3
47,True,2026-08-31,MRVL,buy-first put-tail inventory,2026-09-18,135.0,130.0,clock,fixed_clock,0,2026-09-01T10:01:00-04:00,0.08,0.07,2026-09-04T15:50:00-04:00,2026-09-04,False,False,2026-09-01T15:50:00-04:00,completed,True,2026-09-01T15:50:00-04:00,0.03,-7.6,-7.6,4.0,-1.2999999999999998,-11.6,0.0,-6.3,-29.6,-6.3,-6.3
47,True,2026-08-31,MRVL,buy-first put-tail inventory,2026-09-18,135.0,130.0,clock,fixed_clock,1,2026-09-01T10:01:00-04:00,0.08,0.07,2026-09-04T15:50:00-04:00,2026-09-04,False,False,2026-09-02T15:50:00-04:00,completed,True,2026-09-02T15:50:00-04:00,0.03,-7.6,-7.6,4.0,-2.3,-11.6,0.0,-5.3,-29.6,-4.3,-6.3
47,True,2026-08-31,MRVL,buy-first put-tail inventory,2026-09-18,135.0,130.0,clock,fixed_clock,2,2026-09-01T10:01:00-04:00,0.08,0.07,2026-09-04T15:50:00-04:00,2026-09-04,False,False,2026-09-03T15:50:00-04:00,completed,True,2026-09-03T15:50:00-04:00,0.03,-7.6,-7.6,4.0,-1.2999999999999998,-11.6,0.0,-6.3,-26.6,-4.3,-6.3
47,True,2026-08-31,MRVL,buy-first put-tail inventory,2026-09-18,135.0,130.0,clock,price_finance,0,2026-09-01T10:01:00-04:00,0.08,0.07,2026-09-01T15:50:00-04:00,2026-09-04,False,False,2026-09-01T15:50:00-04:00,aborted_uncompleted,False,,,,-6.3,2.0,,-8.3,3.0,,-6.3,-6.3,-6.3
47,True,2026-08-31,MRVL,buy-first put-tail inventory,2026-09-18,135.0,130.0,clock,price_finance,1,2026-09-01T10:01:00-04:00,0.08,0.07,2026-09-02T15:50:00-04:00,2026-09-04,False,False,2026-09-02T15:50:00-04:00,aborted_uncompleted,False,,,,-5.3,2.0,,-7.3,4.0,,-6.3,-4.3,-6.3
47,True,2026-08-31,MRVL,buy-first put-tail inventory,2026-09-18,135.0,130.0,clock,price_finance,2,2026-09-01T10:01:00-04:00,0.08,0.07,2026-09-03T15:50:00-04:00,2026-09-04,False,False,2026-09-03T15:50:00-04:00,aborted_uncompleted,False,,,,-6.3,2.0,,-8.3,3.0,,-6.3,-4.3,-6.3
47,True,2026-08-31,MRVL,buy-first put-tail inventory,2026-09-18,135.0,130.0,clock,hiro_finance,0,2026-09-01T10:01:00-04:00,0.08,0.07,2026-09-01T15:50:00-04:00,2026-09-04,False,False,2026-09-01T15:50:00-04:00,aborted_uncompleted,False,,,,-6.3,2.0,,-8.3,3.0,,-6.3,-6.3,-6.3
47,True,2026-08-31,MRVL,buy-first put-tail inventory,2026-09-18,135.0,130.0,clock,hiro_finance,1,2026-09-01T10:01:00-04:00,0.08,0.07,2026-09-02T15:50:00-04:00,2026-09-04,False,False,2026-09-02T15:50:00-04:00,aborted_uncompleted,False,,,,-5.3,2.0,,-7.3,4.0,,-6.3,-4.3,-6.3
47,True,2026-08-31,MRVL,buy-first put-tail inventory,2026-09-18,135.0,130.0,clock,hiro_finance,2,2026-09-01T10:01:00-04:00,0.08,0.07,2026-09-03T15:50:00-04:00,2026-09-04,False,False,2026-09-03T15:50:00-04:00,aborted_uncompleted,False,,,,-6.3,2.0,,-8.3,3.0,,-6.3,-4.3,-6.3
47,True,2026-08-31,MRVL,buy-first put-tail inventory,2026-09-18,135.0,130.0,hiro,simultaneous,-1,2026-09-01T10:01:00-04:00,0.08,0.07,2026-09-04T15:50:00-04:00,2026-09-04,False,False,2026-09-01T15:50:00-04:00,completed,True,2026-09-01T10:01:00-04:00,0.01,-9.600000000000001,-9.600000000000001,4.0,-3.3000000000000016,-13.600000000000001,0.0,-6.3,-31.600000000000005,-9.600000000000001,
47,True,2026-08-31,MRVL,buy-first put-tail inventory,2026-09-18,135.0,130.0,hiro,standalone,-1,2026-09-01T10:01:00-04:00,0.08,0.07,2026-09-04T15:50:00-04:00,2026-09-04,False,False,2026-09-01T15:50:00-04:00,standalone,False,,,,-6.3,2.0,,-8.3,3.0,,-8.3,-4.3,-8.3
47,True,2026-08-31,MRVL,buy-first put-tail inventory,2026-09-18,135.0,130.0,hiro,fixed_clock,0,2026-09-01T10:01:00-04:00,0.08,0.07,2026-09-04T15:50:00-04:00,2026-09-04,False,False,2026-09-01T15:50:00-04:00,completed,True,2026-09-01T15:50:00-04:00,0.03,-7.6,-7.6,4.0,-1.2999999999999998,-11.6,0.0,-6.3,-29.6,-6.3,-6.3
47,True,2026-08-31,MRVL,buy-first put-tail inventory,2026-09-18,135.0,130.0,hiro,fixed_clock,1,2026-09-01T10:01:00-04:00,0.08,0.07,2026-09-04T15:50:00-04:00,2026-09-04,False,False,2026-09-02T15:50:00-04:00,completed,True,2026-09-02T15:50:00-04:00,0.03,-7.6,-7.6,4.0,-2.3,-11.6,0.0,-5.3,-29.6,-4.3,-6.3
47,True,2026-08-31,MRVL,buy-first put-tail inventory,2026-09-18,135.0,130.0,hiro,fixed_clock,2,2026-09-01T10:01:00-04:00,0.08,0.07,2026-09-04T15:50:00-04:00,2026-09-04,False,False,2026-09-03T15:50:00-04:00,completed,True,2026-09-03T15:50:00-04:00,0.03,-7.6,-7.6,4.0,-1.2999999999999998,-11.6,0.0,-6.3,-26.6,-4.3,-6.3
47,True,2026-08-31,MRVL,buy-first put-tail inventory,2026-09-18,135.0,130.0,hiro,price_finance,0,2026-09-01T10:01:00-04:00,0.08,0.07,2026-09-01T15:50:00-04:00,2026-09-04,False,False,2026-09-01T15:50:00-04:00,aborted_uncompleted,False,,,,-6.3,2.0,,-8.3,3.0,,-6.3,-6.3,-6.3
47,True,2026-08-31,MRVL,buy-first put-tail inventory,2026-09-18,135.0,130.0,hiro,price_finance,1,2026-09-01T10:01:00-04:00,0.08,0.07,2026-09-02T15:50:00-04:00,2026-09-04,False,False,2026-09-02T15:50:00-04:00,aborted_uncompleted,False,,,,-5.3,2.0,,-7.3,4.0,,-6.3,-4.3,-6.3
47,True,2026-08-31,MRVL,buy-first put-tail inventory,2026-09-18,135.0,130.0,hiro,price_finance,2,2026-09-01T10:01:00-04:00,0.08,0.07,2026-09-03T15:50:00-04:00,2026-09-04,False,False,2026-09-03T15:50:00-04:00,aborted_uncompleted,False,,,,-6.3,2.0,,-8.3,3.0,,-6.3,-4.3,-6.3
47,True,2026-08-31,MRVL,buy-first put-tail inventory,2026-09-18,135.0,130.0,hiro,hiro_finance,0,2026-09-01T10:01:00-04:00,0.08,0.07,2026-09-01T15:50:00-04:00,2026-09-04,False,False,2026-09-01T15:50:00-04:00,aborted_uncompleted,False,,,,-6.3,2.0,,-8.3,3.0,,-6.3,-6.3,-6.3
47,True,2026-08-31,MRVL,buy-first put-tail inventory,2026-09-18,135.0,130.0,hiro,hiro_finance,1,2026-09-01T10:01:00-04:00,0.08,0.07,2026-09-02T15:50:00-04:00,2026-09-04,False,False,2026-09-02T15:50:00-04:00,aborted_uncompleted,False,,,,-5.3,2.0,,-7.3,4.0,,-6.3,-4.3,-6.3
47,True,2026-08-31,MRVL,buy-first put-tail inventory,2026-09-18,135.0,130.0,hiro,hiro_finance,2,2026-09-01T10:01:00-04:00,0.08,0.07,2026-09-03T15:50:00-04:00,2026-09-04,False,False,2026-09-03T15:50:00-04:00,aborted_uncompleted,False,,,,-6.3,2.0,,-8.3,3.0,,-6.3,-4.3,-6.3
49,False,2026-08-31,NVDA,buy-first put-tail inventory,2026-09-18,130.0,125.0,clock,simultaneous,-1,2026-09-01T10:01:00-04:00,0.06,0.019999999999999997,2026-09-04T15:50:00-04:00,2026-09-04,False,False,2026-09-01T15:50:00-04:00,completed,True,2026-09-01T10:01:00-04:00,0.04,-4.6,-4.6,4.0,-2.3,-8.6,0.0,-2.3,-8.600000000000001,-4.6,
49,False,2026-08-31,NVDA,buy-first put-tail inventory,2026-09-18,130.0,125.0,clock,standalone,-1,2026-09-01T10:01:00-04:00,0.06,0.019999999999999997,2026-09-04T15:50:00-04:00,2026-09-04,False,False,2026-09-01T15:50:00-04:00,standalone,False,,,,-3.3,2.0,,-5.3,4.0,,-4.3,-2.3,-4.3
49,False,2026-08-31,NVDA,buy-first put-tail inventory,2026-09-18,130.0,125.0,clock,fixed_clock,0,2026-09-01T10:01:00-04:00,0.06,0.019999999999999997,2026-09-04T15:50:00-04:00,2026-09-04,False,False,2026-09-01T15:50:00-04:00,completed,True,2026-09-01T15:50:00-04:00,0.04,-4.6,-4.6,4.0,-2.3,-8.6,0.0,-2.3,-8.600000000000001,-2.3,-3.3
49,False,2026-08-31,NVDA,buy-first put-tail inventory,2026-09-18,130.0,125.0,clock,fixed_clock,1,2026-09-01T10:01:00-04:00,0.06,0.019999999999999997,2026-09-04T15:50:00-04:00,2026-09-04,False,False,2026-09-02T15:50:00-04:00,completed,True,2026-09-02T15:50:00-04:00,0.03,-5.6,-5.6,4.0,-2.3,-9.6,0.0,-3.3,-9.600000000000001,-2.3,-3.3
49,False,2026-08-31,NVDA,buy-first put-tail inventory,2026-09-18,130.0,125.0,clock,fixed_clock,2,2026-09-01T10:01:00-04:00,0.06,0.019999999999999997,2026-09-04T15:50:00-04:00,2026-09-04,False,False,2026-09-03T15:50:00-04:00,completed,True,2026-09-03T15:50:00-04:00,0.03,-5.6,-5.6,4.0,-1.2999999999999998,-9.6,0.0,-4.3,-7.6,-2.3,-4.3
49,False,2026-08-31,NVDA,buy-first put-tail inventory,2026-09-18,130.0,125.0,clock,price_finance,0,2026-09-01T10:01:00-04:00,0.06,0.019999999999999997,2026-09-01T15:50:00-04:00,2026-09-04,False,False,2026-09-01T15:50:00-04:00,aborted_uncompleted,False,,,,-2.3,2.0,,-4.3,5.0,,-3.3,-2.3,-3.3
49,False,2026-08-31,NVDA,buy-first put-tail inventory,2026-09-18,130.0,125.0,clock,price_finance,1,2026-09-01T10:01:00-04:00,0.06,0.019999999999999997,2026-09-02T15:50:00-04:00,2026-09-04,False,False,2026-09-02T15:50:00-04:00,aborted_uncompleted,False,,,,-3.3,2.0,,-5.3,4.0,,-3.3,-2.3,-3.3
49,False,2026-08-31,NVDA,buy-first put-tail inventory,2026-09-18,130.0,125.0,clock,price_finance,2,2026-09-01T10:01:00-04:00,0.06,0.019999999999999997,2026-09-03T15:50:00-04:00,2026-09-04,False,False,2026-09-03T15:50:00-04:00,aborted_uncompleted,False,,,,-4.3,2.0,,-6.3,3.0,,-4.3,-2.3,-4.3
49,False,2026-08-31,NVDA,buy-first put-tail inventory,2026-09-18,130.0,125.0,clock,hiro_finance,0,2026-09-01T10:01:00-04:00,0.06,0.019999999999999997,2026-09-01T15:50:00-04:00,2026-09-04,False,False,2026-09-01T15:50:00-04:00,aborted_uncompleted,False,,,,-2.3,2.0,,-4.3,5.0,,-3.3,-2.3,-3.3
49,False,2026-08-31,NVDA,buy-first put-tail inventory,2026-09-18,130.0,125.0,clock,hiro_finance,1,2026-09-01T10:01:00-04:00,0.06,0.019999999999999997,2026-09-02T15:50:00-04:00,2026-09-04,False,False,2026-09-02T15:50:00-04:00,aborted_uncompleted,False,,,,-3.3,2.0,,-5.3,4.0,,-3.3,-2.3,-3.3
49,False,2026-08-31,NVDA,buy-first put-tail inventory,2026-09-18,130.0,125.0,clock,hiro_finance,2,2026-09-01T10:01:00-04:00,0.06,0.019999999999999997,2026-09-03T15:50:00-04:00,2026-09-04,False,False,2026-09-03T15:50:00-04:00,aborted_uncompleted,False,,,,-4.3,2.0,,-6.3,3.0,,-4.3,-2.3,-4.3
49,False,2026-08-31,NVDA,buy-first put-tail inventory,2026-09-18,130.0,125.0,hiro,simultaneous,-1,2026-09-01T10:01:00-04:00,0.06,0.019999999999999997,2026-09-04T15:50:00-04:00,2026-09-04,False,False,2026-09-01T15:50:00-04:00,completed,True,2026-09-01T10:01:00-04:00,0.04,-4.6,-4.6,4.0,-2.3,-8.6,0.0,-2.3,-8.600000000000001,-4.6,
49,False,2026-08-31,NVDA,buy-first put-tail inventory,2026-09-18,130.0,125.0,hiro,standalone,-1,2026-09-01T10:01:00-04:00,0.06,0.019999999999999997,2026-09-04T15:50:00-04:00,2026-09-04,False,False,2026-09-01T15:50:00-04:00,standalone,False,,,,-3.3,2.0,,-5.3,4.0,,-4.3,-2.3,-4.3
49,False,2026-08-31,NVDA,buy-first put-tail inventory,2026-09-18,130.0,125.0,hiro,fixed_clock,0,2026-09-01T10:01:00-04:00,0.06,0.019999999999999997,2026-09-04T15:50:00-04:00,2026-09-04,False,False,2026-09-01T15:50:00-04:00,completed,True,2026-09-01T15:50:00-04:00,0.04,-4.6,-4.6,4.0,-2.3,-8.6,0.0,-2.3,-8.600000000000001,-2.3,-3.3
49,False,2026-08-31,NVDA,buy-first put-tail inventory,2026-09-18,130.0,125.0,hiro,fixed_clock,1,2026-09-01T10:01:00-04:00,0.06,0.019999999999999997,2026-09-04T15:50:00-04:00,2026-09-04,False,False,2026-09-02T15:50:00-04:00,completed,True,2026-09-02T15:50:00-04:00,0.03,-5.6,-5.6,4.0,-2.3,-9.6,0.0,-3.3,-9.600000000000001,-2.3,-3.3
49,False,2026-08-31,NVDA,buy-first put-tail inventory,2026-09-18,130.0,125.0,hiro,fixed_clock,2,2026-09-01T10:01:00-04:00,0.06,0.019999999999999997,2026-09-04T15:50:00-04:00,2026-09-04,False,False,2026-09-03T15:50:00-04:00,completed,True,2026-09-03T15:50:00-04:00,0.03,-5.6,-5.6,4.0,-1.2999999999999998,-9.6,0.0,-4.3,-7.6,-2.3,-4.3
49,False,2026-08-31,NVDA,buy-first put-tail inventory,2026-09-18,130.0,125.0,hiro,price_finance,0,2026-09-01T10:01:00-04:00,0.06,0.019999999999999997,2026-09-01T15:50:00-04:00,2026-09-04,False,False,2026-09-01T15:50:00-04:00,aborted_uncompleted,False,,,,-2.3,2.0,,-4.3,5.0,,-3.3,-2.3,-3.3
49,False,2026-08-31,NVDA,buy-first put-tail inventory,2026-09-18,130.0,125.0,hiro,price_finance,1,2026-09-01T10:01:00-04:00,0.06,0.019999999999999997,2026-09-02T15:50:00-04:00,2026-09-04,False,False,2026-09-02T15:50:00-04:00,aborted_uncompleted,False,,,,-3.3,2.0,,-5.3,4.0,,-3.3,-2.3,-3.3
49,False,2026-08-31,NVDA,buy-first put-tail inventory,2026-09-18,130.0,125.0,hiro,price_finance,2,2026-09-01T10:01:00-04:00,0.06,0.019999999999999997,2026-09-03T15:50:00-04:00,2026-09-04,False,False,2026-09-03T15:50:00-04:00,aborted_uncompleted,False,,,,-4.3,2.0,,-6.3,3.0,,-4.3,-2.3,-4.3
49,False,2026-08-31,NVDA,buy-first put-tail inventory,2026-09-18,130.0,125.0,hiro,hiro_finance,0,2026-09-01T10:01:00-04:00,0.06,0.019999999999999997,2026-09-01T15:50:00-04:00,2026-09-04,False,False,2026-09-01T15:50:00-04:00,aborted_uncompleted,False,,,,-2.3,2.0,,-4.3,5.0,,-3.3,-2.3,-3.3
49,False,2026-08-31,NVDA,buy-first put-tail inventory,2026-09-18,130.0,125.0,hiro,hiro_finance,1,2026-09-01T10:01:00-04:00,0.06,0.019999999999999997,2026-09-02T15:50:00-04:00,2026-09-04,False,False,2026-09-02T15:50:00-04:00,aborted_uncompleted,False,,,,-3.3,2.0,,-5.3,4.0,,-3.3,-2.3,-3.3
49,False,2026-08-31,NVDA,buy-first put-tail inventory,2026-09-18,130.0,125.0,hiro,hiro_finance,2,2026-09-01T10:01:00-04:00,0.06,0.019999999999999997,2026-09-03T15:50:00-04:00,2026-09-04,False,False,2026-09-03T15:50:00-04:00,aborted_uncompleted,False,,,,-4.3,2.0,,-6.3,3.0,,-4.3,-2.3,-4.3
51,False,2026-08-31,PLTR,buy-first put-tail inventory,2026-09-18,105.0,100.0,clock,simultaneous,-1,2026-09-01T10:01:00-04:00,0.07,0.04000000000000001,2026-09-04T15:50:00-04:00,2026-09-04,False,False,2026-09-01T15:50:00-04:00,completed,True,2026-09-01T10:01:00-04:00,0.03,-6.600000000000001,-7.600000000000001,4.0,-2.3000000000000007,-11.600000000000001,-1.0000000000000002,-5.300000000000001,-14.600000000000001,-5.6000000000000005,
51,False,2026-08-31,PLTR,buy-first put-tail inventory,2026-09-18,105.0,100.0,clock,standalone,-1,2026-09-01T10:01:00-04:00,0.07,0.04000000000000001,2026-09-04T15:50:00-04:00,2026-09-04,False,False,2026-09-01T15:50:00-04:00,standalone,False,,,,-5.300000000000001,2.0,,-7.300000000000001,3.0,,-8.3,-0.3000000000000005,-8.3
51,False,2026-08-31,PLTR,buy-first put-tail inventory,2026-09-18,105.0,100.0,clock,fixed_clock,0,2026-09-01T10:01:00-04:00,0.07,0.04000000000000001,2026-09-04T15:50:00-04:00,2026-09-04,False,False,2026-09-01T15:50:00-04:00,completed,True,2026-09-01T15:50:00-04:00,0.04,-5.6000000000000005,-6.600000000000001,4.0,-1.3000000000000007,-10.600000000000001,-1.0000000000000002,-5.300000000000001,-13.600000000000001,-3.3000000000000007,-6.3
51,False,2026-08-31,PLTR,buy-first put-tail inventory,2026-09-18,105.0,100.0,clock,fixed_clock,1,2026-09-01T10:01:00-04:00,0.07,0.04000000000000001,2026-09-04T15:50:00-04:00,2026-09-04,False,False,2026-09-02T15:50:00-04:00,completed,True,2026-09-02T15:50:00-04:00,0.06,-3.600000000000001,-4.600000000000001,4.0,-3.3000000000000016,-8.600000000000001,-1.0000000000000002,-1.3,-11.600000000000001,-0.3000000000000005,-6.3
51,False,2026-08-31,PLTR,buy-first put-tail inventory,2026-09-18,105.0,100.0,clock,fixed_clock,2,2026-09-01T10:01:00-04:00,0.07,0.04000000000000001,2026-09-04T15:50:00-04:00,2026-09-04,False,False,2026-09-03T15:50:00-04:00,completed,True,2026-09-03T15:50:00-04:00,0.03,-6.600000000000001,-7.600000000000001,4.0,-2.3000000000000007,-11.600000000000001,-1.0000000000000002,-5.300000000000001,-11.600000000000001,-0.3000000000000005,-7.300000000000001
51,False,2026-08-31,PLTR,buy-first put-tail inventory,2026-09-18,105.0,100.0,clock,price_finance,0,2026-09-01T10:01:00-04:00,0.07,0.04000000000000001,2026-09-01T15:50:00-04:00,2026-09-04,False,False,2026-09-01T15:50:00-04:00,aborted_uncompleted,False,,,,-5.300000000000001,2.0,,-7.300000000000001,3.0,,-6.3,-3.3000000000000007,-6.3
51,False,2026-08-31,PLTR,buy-first put-tail inventory,2026-09-18,105.0,100.0,clock,price_finance,1,2026-09-01T10:01:00-04:00,0.07,0.04000000000000001,2026-09-02T15:50:00-04:00,2026-09-04,False,False,2026-09-02T15:50:00-04:00,aborted_uncompleted,False,,,,-1.3,2.0,,-3.3,7.000000000000001,,-6.3,-0.3000000000000005,-6.3
51,False,2026-08-31,PLTR,buy-first put-tail inventory,2026-09-18,105.0,100.0,clock,price_finance,2,2026-09-01T10:01:00-04:00,0.07,0.04000000000000001,2026-09-03T15:50:00-04:00,2026-09-04,False,False,2026-09-03T15:50:00-04:00,aborted_uncompleted,False,,,,-5.300000000000001,2.0,,-7.300000000000001,3.0,,-7.300000000000001,-0.3000000000000005,-7.300000000000001
51,False,2026-08-31,PLTR,buy-first put-tail inventory,2026-09-18,105.0,100.0,clock,hiro_finance,0,2026-09-01T10:01:00-04:00,0.07,0.04000000000000001,2026-09-01T15:50:00-04:00,2026-09-04,False,False,2026-09-01T15:50:00-04:00,aborted_uncompleted,False,,,,-5.300000000000001,2.0,,-7.300000000000001,3.0,,-6.3,-3.3000000000000007,-6.3
51,False,2026-08-31,PLTR,buy-first put-tail inventory,2026-09-18,105.0,100.0,clock,hiro_finance,1,2026-09-01T10:01:00-04:00,0.07,0.04000000000000001,2026-09-02T15:50:00-04:00,2026-09-04,False,False,2026-09-02T15:50:00-04:00,aborted_uncompleted,False,,,,-1.3,2.0,,-3.3,7.000000000000001,,-6.3,-0.3000000000000005,-6.3
51,False,2026-08-31,PLTR,buy-first put-tail inventory,2026-09-18,105.0,100.0,clock,hiro_finance,2,2026-09-01T10:01:00-04:00,0.07,0.04000000000000001,2026-09-03T15:50:00-04:00,2026-09-04,False,False,2026-09-03T15:50:00-04:00,aborted_uncompleted,False,,,,-5.300000000000001,2.0,,-7.300000000000001,3.0,,-7.300000000000001,-0.3000000000000005,-7.300000000000001
51,False,2026-08-31,PLTR,buy-first put-tail inventory,2026-09-18,105.0,100.0,hiro,simultaneous,-1,2026-09-01T10:11:00-04:00,0.09,0.049999999999999996,2026-09-04T15:50:00-04:00,2026-09-04,False,False,2026-09-01T15:50:00-04:00,completed,True,2026-09-01T10:11:00-04:00,0.04,-7.6,-8.6,4.0,-0.3000000000000007,-12.6,-1.0000000000000002,-8.299999999999999,-15.6,-6.6,
51,False,2026-08-31,PLTR,buy-first put-tail inventory,2026-09-18,105.0,100.0,hiro,standalone,-1,2026-09-01T10:11:00-04:00,0.09,0.049999999999999996,2026-09-04T15:50:00-04:00,2026-09-04,False,False,2026-09-01T15:50:00-04:00,standalone,False,,,,-7.3,2.0,,-9.3,3.0,,-10.3,-2.3,-10.3
51,False,2026-08-31,PLTR,buy-first put-tail inventory,2026-09-18,105.0,100.0,hiro,fixed_clock,0,2026-09-01T10:11:00-04:00,0.09,0.049999999999999996,2026-09-04T15:50:00-04:00,2026-09-04,False,False,2026-09-01T15:50:00-04:00,completed,True,2026-09-01T15:50:00-04:00,0.04,-7.6,-8.6,4.0,-1.2999999999999998,-12.6,-1.0000000000000002,-7.3,-15.6,-5.3,-8.299999999999999
51,False,2026-08-31,PLTR,buy-first put-tail inventory,2026-09-18,105.0,100.0,hiro,fixed_clock,1,2026-09-01T10:11:00-04:00,0.09,0.049999999999999996,2026-09-04T15:50:00-04:00,2026-09-04,False,False,2026-09-02T15:50:00-04:00,completed,True,2026-09-02T15:50:00-04:00,0.06,-5.6,-6.6,4.0,-3.3000000000000007,-10.6,-1.0000000000000002,-3.299999999999999,-13.6,-2.3,-8.299999999999999
51,False,2026-08-31,PLTR,buy-first put-tail inventory,2026-09-18,105.0,100.0,hiro,fixed_clock,2,2026-09-01T10:11:00-04:00,0.09,0.049999999999999996,2026-09-04T15:50:00-04:00,2026-09-04,False,False,2026-09-03T15:50:00-04:00,completed,True,2026-09-03T15:50:00-04:00,0.03,-8.6,-9.600000000000001,4.0,-2.3000000000000016,-13.600000000000001,-1.0000000000000002,-7.3,-13.6,-2.3,-9.3
51,False,2026-08-31,PLTR,buy-first put-tail inventory,2026-09-18,105.0,100.0,hiro,price_finance,0,2026-09-01T10:11:00-04:00,0.09,0.049999999999999996,2026-09-01T15:50:00-04:00,2026-09-04,False,False,2026-09-01T15:50:00-04:00,aborted_uncompleted,False,,,,-7.3,2.0,,-9.3,3.0,,-8.299999999999999,-5.3,-8.299999999999999
51,False,2026-08-31,PLTR,buy-first put-tail inventory,2026-09-18,105.0,100.0,hiro,price_finance,1,2026-09-01T10:11:00-04:00,0.09,0.049999999999999996,2026-09-02T15:50:00-04:00,2026-09-04,False,False,2026-09-02T15:50:00-04:00,aborted_uncompleted,False,,,,-3.299999999999999,2.0,,-5.299999999999999,7.000000000000001,,-8.299999999999999,-2.3,-8.299999999999999
51,False,2026-08-31,PLTR,buy-first put-tail inventory,2026-09-18,105.0,100.0,hiro,price_finance,2,2026-09-01T10:11:00-04:00,0.09,0.049999999999999996,2026-09-03T15:50:00-04:00,2026-09-04,False,False,2026-09-03T15:50:00-04:00,aborted_uncompleted,False,,,,-7.3,2.0,,-9.3,3.0,,-9.3,-2.3,-9.3
51,False,2026-08-31,PLTR,buy-first put-tail inventory,2026-09-18,105.0,100.0,hiro,hiro_finance,0,2026-09-01T10:11:00-04:00,0.09,0.049999999999999996,2026-09-01T15:50:00-04:00,2026-09-04,False,False,2026-09-01T15:50:00-04:00,aborted_uncompleted,False,,,,-7.3,2.0,,-9.3,3.0,,-8.299999999999999,-5.3,-8.299999999999999
51,False,2026-08-31,PLTR,buy-first put-tail inventory,2026-09-18,105.0,100.0,hiro,hiro_finance,1,2026-09-01T10:11:00-04:00,0.09,0.049999999999999996,2026-09-02T15:50:00-04:00,2026-09-04,False,False,2026-09-02T15:50:00-04:00,aborted_uncompleted,False,,,,-3.299999999999999,2.0,,-5.299999999999999,7.000000000000001,,-8.299999999999999,-2.3,-8.299999999999999
51,False,2026-08-31,PLTR,buy-first put-tail inventory,2026-09-18,105.0,100.0,hiro,hiro_finance,2,2026-09-01T10:11:00-04:00,0.09,0.049999999999999996,2026-09-03T15:50:00-04:00,2026-09-04,False,False,2026-09-03T15:50:00-04:00,aborted_uncompleted,False,,,,-7.3,2.0,,-9.3,3.0,,-9.3,-2.3,-9.3
53,False,2026-09-01,AMZN,buy-first put-tail inventory,2026-10-16,165.0,160.0,clock,simultaneous,-1,2026-09-02T10:01:00-04:00,0.12,0.06999999999999999,2026-09-04T15:50:00-04:00,2026-09-08,True,False,2026-09-02T15:50:00-04:00,completed,True,2026-09-02T10:01:00-04:00,0.05,-9.6,-12.6,4.0,-5.3,-16.6,-3.0,-7.3,-20.6,-9.6,
53,False,2026-09-01,AMZN,buy-first put-tail inventory,2026-10-16,165.0,160.0,clock,standalone,-1,2026-09-02T10:01:00-04:00,0.12,0.06999999999999999,2026-09-04T15:50:00-04:00,2026-09-08,True,False,2026-09-02T15:50:00-04:00,standalone,False,,,,-7.3,2.0,,-9.3,6.0,,-8.299999999999999,-6.299999999999999,-8.299999999999999
53,False,2026-09-01,AMZN,buy-first put-tail inventory,2026-10-16,165.0,160.0,clock,fixed_clock,0,2026-09-02T10:01:00-04:00,0.12,0.06999999999999999,2026-09-04T15:50:00-04:00,2026-09-08,True,False,2026-09-02T15:50:00-04:00,completed,True,2026-09-02T15:50:00-04:00,0.04,-10.6,-13.599999999999998,4.0,-7.299999999999999,-17.599999999999998,-3.0,-6.299999999999999,-21.6,-6.299999999999999,-7.3
53,False,2026-09-01,AMZN,buy-first put-tail inventory,2026-10-16,165.0,160.0,clock,fixed_clock,1,2026-09-02T10:01:00-04:00,0.12,0.06999999999999999,2026-09-04T15:50:00-04:00,2026-09-08,True,False,2026-09-03T15:50:00-04:00,completed,True,2026-09-03T15:50:00-04:00,0.04,-10.6,-13.599999999999998,4.0,-6.299999999999998,-17.599999999999998,-3.0,-7.3,-20.6,-6.299999999999999,-8.299999999999999
53,False,2026-09-01,AMZN,buy-first put-tail inventory,2026-10-16,165.0,160.0,clock,fixed_clock,2,2026-09-02T10:01:00-04:00,0.12,0.06999999999999999,2026-09-04T15:50:00-04:00,2026-09-08,True,False,2026-09-04T15:50:00-04:00,completed,True,2026-09-04T15:50:00-04:00,0.04,-10.6,-13.599999999999998,4.0,-6.299999999999998,-17.599999999999998,-3.0,-7.3,-13.599999999999998,-6.299999999999999,-8.299999999999999
53,False,2026-09-01,AMZN,buy-first put-tail inventory,2026-10-16,165.0,160.0,clock,price_finance,0,2026-09-02T10:01:00-04:00,0.12,0.06999999999999999,2026-09-02T15:50:00-04:00,2026-09-08,True,False,2026-09-02T15:50:00-04:00,aborted_uncompleted,False,,,,-6.299999999999999,2.0,,-8.299999999999999,7.000000000000001,,-7.3,-6.299999999999999,-7.3
53,False,2026-09-01,AMZN,buy-first put-tail inventory,2026-10-16,165.0,160.0,clock,price_finance,1,2026-09-02T10:01:00-04:00,0.12,0.06999999999999999,2026-09-03T15:50:00-04:00,2026-09-08,True,False,2026-09-03T15:50:00-04:00,aborted_uncompleted,False,,,,-7.3,2.0,,-9.3,6.0,,-8.299999999999999,-6.299999999999999,-8.299999999999999
53,False,2026-09-01,AMZN,buy-first put-tail inventory,2026-10-16,165.0,160.0,clock,price_finance,2,2026-09-02T10:01:00-04:00,0.12,0.06999999999999999,2026-09-04T15:50:00-04:00,2026-09-08,True,False,2026-09-04T15:50:00-04:00,aborted_uncompleted,False,,,,-7.3,2.0,,-9.3,6.0,,-8.299999999999999,-6.299999999999999,-8.299999999999999
53,False,2026-09-01,AMZN,buy-first put-tail inventory,2026-10-16,165.0,160.0,clock,hiro_finance,0,2026-09-02T10:01:00-04:00,0.12,0.06999999999999999,2026-09-02T15:50:00-04:00,2026-09-08,True,False,2026-09-02T15:50:00-04:00,aborted_uncompleted,False,,,,-6.299999999999999,2.0,,-8.299999999999999,7.000000000000001,,-7.3,-6.299999999999999,-7.3
53,False,2026-09-01,AMZN,buy-first put-tail inventory,2026-10-16,165.0,160.0,clock,hiro_finance,1,2026-09-02T10:01:00-04:00,0.12,0.06999999999999999,2026-09-03T15:50:00-04:00,2026-09-08,True,False,2026-09-03T15:50:00-04:00,aborted_uncompleted,False,,,,-7.3,2.0,,-9.3,6.0,,-8.299999999999999,-6.299999999999999,-8.299999999999999
53,False,2026-09-01,AMZN,buy-first put-tail inventory,2026-10-16,165.0,160.0,clock,hiro_finance,2,2026-09-02T10:01:00-04:00,0.12,0.06999999999999999,2026-09-04T15:50:00-04:00,2026-09-08,True,False,2026-09-04T15:50:00-04:00,aborted_uncompleted,False,,,,-7.3,2.0,,-9.3,6.0,,-8.299999999999999,-6.299999999999999,-8.299999999999999
53,False,2026-09-01,AMZN,buy-first put-tail inventory,2026-10-16,165.0,160.0,hiro,simultaneous,-1,2026-09-02T10:11:00-04:00,0.12,0.06999999999999999,2026-09-04T15:50:00-04:00,2026-09-08,True,False,2026-09-02T15:50:00-04:00,completed,True,2026-09-02T10:11:00-04:00,0.05,-9.6,-12.6,4.0,-5.3,-16.6,-3.0,-7.3,-20.6,-9.6,
53,False,2026-09-01,AMZN,buy-first put-tail inventory,2026-10-16,165.0,160.0,hiro,standalone,-1,2026-09-02T10:11:00-04:00,0.12,0.06999999999999999,2026-09-04T15:50:00-04:00,2026-09-08,True,False,2026-09-02T15:50:00-04:00,standalone,False,,,,-7.3,2.0,,-9.3,6.0,,-8.299999999999999,-6.299999999999999,-8.299999999999999
53,False,2026-09-01,AMZN,buy-first put-tail inventory,2026-10-16,165.0,160.0,hiro,fixed_clock,0,2026-09-02T10:11:00-04:00,0.12,0.06999999999999999,2026-09-04T15:50:00-04:00,2026-09-08,True,False,2026-09-02T15:50:00-04:00,completed,True,2026-09-02T15:50:00-04:00,0.04,-10.6,-13.599999999999998,4.0,-7.299999999999999,-17.599999999999998,-3.0,-6.299999999999999,-21.6,-6.299999999999999,-7.3
53,False,2026-09-01,AMZN,buy-first put-tail inventory,2026-10-16,165.0,160.0,hiro,fixed_clock,1,2026-09-02T10:11:00-04:00,0.12,0.06999999999999999,2026-09-04T15:50:00-04:00,2026-09-08,True,False,2026-09-03T15:50:00-04:00,completed,True,2026-09-03T15:50:00-04:00,0.04,-10.6,-13.599999999999998,4.0,-6.299999999999998,-17.599999999999998,-3.0,-7.3,-20.6,-6.299999999999999,-8.299999999999999
53,False,2026-09-01,AMZN,buy-first put-tail inventory,2026-10-16,165.0,160.0,hiro,fixed_clock,2,2026-09-02T10:11:00-04:00,0.12,0.06999999999999999,2026-09-04T15:50:00-04:00,2026-09-08,True,False,2026-09-04T15:50:00-04:00,completed,True,2026-09-04T15:50:00-04:00,0.04,-10.6,-13.599999999999998,4.0,-6.299999999999998,-17.599999999999998,-3.0,-7.3,-13.599999999999998,-6.299999999999999,-8.299999999999999
53,False,2026-09-01,AMZN,buy-first put-tail inventory,2026-10-16,165.0,160.0,hiro,price_finance,0,2026-09-02T10:11:00-04:00,0.12,0.06999999999999999,2026-09-02T15:50:00-04:00,2026-09-08,True,False,2026-09-02T15:50:00-04:00,aborted_uncompleted,False,,,,-6.299999999999999,2.0,,-8.299999999999999,7.000000000000001,,-7.3,-6.299999999999999,-7.3
53,False,2026-09-01,AMZN,buy-first put-tail inventory,2026-10-16,165.0,160.0,hiro,price_finance,1,2026-09-02T10:11:00-04:00,0.12,0.06999999999999999,2026-09-03T15:50:00-04:00,2026-09-08,True,False,2026-09-03T15:50:00-04:00,aborted_uncompleted,False,,,,-7.3,2.0,,-9.3,6.0,,-8.299999999999999,-6.299999999999999,-8.299999999999999
53,False,2026-09-01,AMZN,buy-first put-tail inventory,2026-10-16,165.0,160.0,hiro,price_finance,2,2026-09-02T10:11:00-04:00,0.12,0.06999999999999999,2026-09-04T15:50:00-04:00,2026-09-08,True,False,2026-09-04T15:50:00-04:00,aborted_uncompleted,False,,,,-7.3,2.0,,-9.3,6.0,,-8.299999999999999,-6.299999999999999,-8.299999999999999
53,False,2026-09-01,AMZN,buy-first put-tail inventory,2026-10-16,165.0,160.0,hiro,hiro_finance,0,2026-09-02T10:11:00-04:00,0.12,0.06999999999999999,2026-09-02T15:50:00-04:00,2026-09-08,True,False,2026-09-02T15:50:00-04:00,aborted_uncompleted,False,,,,-6.299999999999999,2.0,,-8.299999999999999,7.000000000000001,,-7.3,-6.299999999999999,-7.3
53,False,2026-09-01,AMZN,buy-first put-tail inventory,2026-10-16,165.0,160.0,hiro,hiro_finance,1,2026-09-02T10:11:00-04:00,0.12,0.06999999999999999,2026-09-03T15:50:00-04:00,2026-09-08,True,False,2026-09-03T15:50:00-04:00,aborted_uncompleted,False,,,,-7.3,2.0,,-9.3,6.0,,-8.299999999999999,-6.299999999999999,-8.299999999999999
53,False,2026-09-01,AMZN,buy-first put-tail inventory,2026-10-16,165.0,160.0,hiro,hiro_finance,2,2026-09-02T10:11:00-04:00,0.12,0.06999999999999999,2026-09-04T15:50:00-04:00,2026-09-08,True,False,2026-09-04T15:50:00-04:00,aborted_uncompleted,False,,,,-7.3,2.0,,-9.3,6.0,,-8.299999999999999,-6.299999999999999,-8.299999999999999
57,False,2026-09-01,HOOD,buy-first put-tail inventory,2026-09-18,65.0,60.0,clock,simultaneous,-1,2026-09-02T10:01:00-04:00,0.05,0.020000000000000004,2026-09-04T15:50:00-04:00,2026-09-08,True,False,2026-09-02T15:50:00-04:00,completed,True,2026-09-02T10:01:00-04:00,0.03,-4.6000000000000005,-6.6,4.0,-2.299999999999999,-10.6,-1.9999999999999998,-4.300000000000001,-20.6,-4.6000000000000005,
57,False,2026-09-01,HOOD,buy-first put-tail inventory,2026-09-18,65.0,60.0,clock,standalone,-1,2026-09-02T10:01:00-04:00,0.05,0.020000000000000004,2026-09-04T15:50:00-04:00,2026-09-08,True,False,2026-09-02T15:50:00-04:00,standalone,False,,,,-5.3,2.0,,-7.3,1.0,,-5.3,-4.300000000000001,-5.3
57,False,2026-09-01,HOOD,buy-first put-tail inventory,2026-09-18,65.0,60.0,clock,fixed_clock,0,2026-09-02T10:01:00-04:00,0.05,0.020000000000000004,2026-09-04T15:50:00-04:00,2026-09-08,True,False,2026-09-02T15:50:00-04:00,completed,True,2026-09-02T15:50:00-04:00,0.02,-5.6000000000000005,-7.6,4.0,-3.299999999999999,-11.6,-1.9999999999999998,-4.300000000000001,-21.6,-4.300000000000001,-4.300000000000001
57,False,2026-09-01,HOOD,buy-first put-tail inventory,2026-09-18,65.0,60.0,clock,fixed_clock,1,2026-09-02T10:01:00-04:00,0.05,0.020000000000000004,2026-09-04T15:50:00-04:00,2026-09-08,True,False,2026-09-03T15:50:00-04:00,unpriced_deadline,False,,,,,,,,,,,,
57,False,2026-09-01,HOOD,buy-first put-tail inventory,2026-09-18,65.0,60.0,clock,fixed_clock,2,2026-09-02T10:01:00-04:00,0.05,0.020000000000000004,2026-09-04T15:50:00-04:00,2026-09-08,True,False,2026-09-04T15:50:00-04:00,completed,True,2026-09-04T15:50:00-04:00,0.01,-6.6,-8.6,4.0,-3.3,-12.6,-1.9999999999999998,-5.3,-8.6,-4.300000000000001,-5.3
57,False,2026-09-01,HOOD,buy-first put-tail inventory,2026-09-18,65.0,60.0,clock,price_finance,0,2026-09-02T10:01:00-04:00,0.05,0.020000000000000004,2026-09-02T15:50:00-04:00,2026-09-08,True,False,2026-09-02T15:50:00-04:00,aborted_uncompleted,False,,,,-4.300000000000001,2.0,,-6.300000000000001,2.0,,-4.300000000000001,-4.300000000000001,-4.300000000000001
57,False,2026-09-01,HOOD,buy-first put-tail inventory,2026-09-18,65.0,60.0,clock,price_finance,1,2026-09-02T10:01:00-04:00,0.05,0.020000000000000004,2026-09-03T15:50:00-04:00,2026-09-08,True,False,2026-09-03T15:50:00-04:00,aborted_uncompleted,False,,,,-5.3,2.0,,-7.3,1.0,,-5.3,-4.300000000000001,-5.3
57,False,2026-09-01,HOOD,buy-first put-tail inventory,2026-09-18,65.0,60.0,clock,price_finance,2,2026-09-02T10:01:00-04:00,0.05,0.020000000000000004,2026-09-04T15:50:00-04:00,2026-09-08,True,False,2026-09-04T15:50:00-04:00,aborted_uncompleted,False,,,,-5.3,2.0,,-7.3,1.0,,-5.3,-4.300000000000001,-5.3
57,False,2026-09-01,HOOD,buy-first put-tail inventory,2026-09-18,65.0,60.0,clock,hiro_finance,0,2026-09-02T10:01:00-04:00,0.05,0.020000000000000004,2026-09-02T15:50:00-04:00,2026-09-08,True,False,2026-09-02T15:50:00-04:00,aborted_uncompleted,False,,,,-4.300000000000001,2.0,,-6.300000000000001,2.0,,-4.300000000000001,-4.300000000000001,-4.300000000000001
57,False,2026-09-01,HOOD,buy-first put-tail inventory,2026-09-18,65.0,60.0,clock,hiro_finance,1,2026-09-02T10:01:00-04:00,0.05,0.020000000000000004,2026-09-03T15:50:00-04:00,2026-09-08,True,False,2026-09-03T15:50:00-04:00,aborted_uncompleted,False,,,,-5.3,2.0,,-7.3,1.0,,-5.3,-4.300000000000001,-5.3
57,False,2026-09-01,HOOD,buy-first put-tail inventory,2026-09-18,65.0,60.0,clock,hiro_finance,2,2026-09-02T10:01:00-04:00,0.05,0.020000000000000004,2026-09-04T15:50:00-04:00,2026-09-08,True,False,2026-09-04T15:50:00-04:00,aborted_uncompleted,False,,,,-5.3,2.0,,-7.3,1.0,,-5.3,-4.300000000000001,-5.3
57,False,2026-09-01,HOOD,buy-first put-tail inventory,2026-09-18,65.0,60.0,hiro,simultaneous,-1,2026-09-02T10:01:00-04:00,0.05,0.020000000000000004,2026-09-04T15:50:00-04:00,2026-09-08,True,False,2026-09-02T15:50:00-04:00,completed,True,2026-09-02T10:01:00-04:00,0.03,-4.6000000000000005,-6.6,4.0,-2.299999999999999,-10.6,-1.9999999999999998,-4.300000000000001,-20.6,-4.6000000000000005,
57,False,2026-09-01,HOOD,buy-first put-tail inventory,2026-09-18,65.0,60.0,hiro,standalone,-1,2026-09-02T10:01:00-04:00,0.05,0.020000000000000004,2026-09-04T15:50:00-04:00,2026-09-08,True,False,2026-09-02T15:50:00-04:00,standalone,False,,,,-5.3,2.0,,-7.3,1.0,,-5.3,-4.300000000000001,-5.3
57,False,2026-09-01,HOOD,buy-first put-tail inventory,2026-09-18,65.0,60.0,hiro,fixed_clock,0,2026-09-02T10:01:00-04:00,0.05,0.020000000000000004,2026-09-04T15:50:00-04:00,2026-09-08,True,False,2026-09-02T15:50:00-04:00,completed,True,2026-09-02T15:50:00-04:00,0.02,-5.6000000000000005,-7.6,4.0,-3.299999999999999,-11.6,-1.9999999999999998,-4.300000000000001,-21.6,-4.300000000000001,-4.300000000000001
57,False,2026-09-01,HOOD,buy-first put-tail inventory,2026-09-18,65.0,60.0,hiro,fixed_clock,1,2026-09-02T10:01:00-04:00,0.05,0.020000000000000004,2026-09-04T15:50:00-04:00,2026-09-08,True,False,2026-09-03T15:50:00-04:00,unpriced_deadline,False,,,,,,,,,,,,
57,False,2026-09-01,HOOD,buy-first put-tail inventory,2026-09-18,65.0,60.0,hiro,fixed_clock,2,2026-09-02T10:01:00-04:00,0.05,0.020000000000000004,2026-09-04T15:50:00-04:00,2026-09-08,True,False,2026-09-04T15:50:00-04:00,completed,True,2026-09-04T15:50:00-04:00,0.01,-6.6,-8.6,4.0,-3.3,-12.6,-1.9999999999999998,-5.3,-8.6,-4.300000000000001,-5.3
57,False,2026-09-01,HOOD,buy-first put-tail inventory,2026-09-18,65.0,60.0,hiro,price_finance,0,2026-09-02T10:01:00-04:00,0.05,0.020000000000000004,2026-09-02T15:50:00-04:00,2026-09-08,True,False,2026-09-02T15:50:00-04:00,aborted_uncompleted,False,,,,-4.300000000000001,2.0,,-6.300000000000001,2.0,,-4.300000000000001,-4.300000000000001,-4.300000000000001
57,False,2026-09-01,HOOD,buy-first put-tail inventory,2026-09-18,65.0,60.0,hiro,price_finance,1,2026-09-02T10:01:00-04:00,0.05,0.020000000000000004,2026-09-03T15:50:00-04:00,2026-09-08,True,False,2026-09-03T15:50:00-04:00,aborted_uncompleted,False,,,,-5.3,2.0,,-7.3,1.0,,-5.3,-4.300000000000001,-5.3
57,False,2026-09-01,HOOD,buy-first put-tail inventory,2026-09-18,65.0,60.0,hiro,price_finance,2,2026-09-02T10:01:00-04:00,0.05,0.020000000000000004,2026-09-04T15:50:00-04:00,2026-09-08,True,False,2026-09-04T15:50:00-04:00,aborted_uncompleted,False,,,,-5.3,2.0,,-7.3,1.0,,-5.3,-4.300000000000001,-5.3
57,False,2026-09-01,HOOD,buy-first put-tail inventory,2026-09-18,65.0,60.0,hiro,hiro_finance,0,2026-09-02T10:01:00-04:00,0.05,0.020000000000000004,2026-09-02T15:50:00-04:00,2026-09-08,True,False,2026-09-02T15:50:00-04:00,aborted_uncompleted,False,,,,-4.300000000000001,2.0,,-6.300000000000001,2.0,,-4.300000000000001,-4.300000000000001,-4.300000000000001
57,False,2026-09-01,HOOD,buy-first put-tail inventory,2026-09-18,65.0,60.0,hiro,hiro_finance,1,2026-09-02T10:01:00-04:00,0.05,0.020000000000000004,2026-09-03T15:50:00-04:00,2026-09-08,True,False,2026-09-03T15:50:00-04:00,aborted_uncompleted,False,,,,-5.3,2.0,,-7.3,1.0,,-5.3,-4.300000000000001,-5.3
57,False,2026-09-01,HOOD,buy-first put-tail inventory,2026-09-18,65.0,60.0,hiro,hiro_finance,2,2026-09-02T10:01:00-04:00,0.05,0.020000000000000004,2026-09-04T15:50:00-04:00,2026-09-08,True,False,2026-09-04T15:50:00-04:00,aborted_uncompleted,False,,,,-5.3,2.0,,-7.3,1.0,,-5.3,-4.300000000000001,-5.3
58,False,2026-09-01,MRVL,buy-first put-tail inventory,2026-09-18,135.0,130.0,clock,simultaneous,-1,2026-09-02T10:01:00-04:00,0.06,0.03,2026-09-04T15:50:00-04:00,2026-09-08,True,False,2026-09-02T15:50:00-04:00,completed,True,2026-09-02T10:01:00-04:00,0.03,-5.6,-5.6,4.0,-2.3,-9.6,0.0,-3.3,-27.6,-5.6,
58,False,2026-09-01,MRVL,buy-first put-tail inventory,2026-09-18,135.0,130.0,clock,standalone,-1,2026-09-02T10:01:00-04:00,0.06,0.03,2026-09-04T15:50:00-04:00,2026-09-08,True,False,2026-09-02T15:50:00-04:00,standalone,False,,,,-4.3,2.0,,-6.3,3.0,,-6.3,-3.3,-6.3
58,False,2026-09-01,MRVL,buy-first put-tail inventory,2026-09-18,135.0,130.0,clock,fixed_clock,0,2026-09-02T10:01:00-04:00,0.06,0.03,2026-09-04T15:50:00-04:00,2026-09-08,True,False,2026-09-02T15:50:00-04:00,completed,True,2026-09-02T15:50:00-04:00,0.03,-5.6,-5.6,4.0,-2.3,-9.6,0.0,-3.3,-27.6,-3.3,-4.3
58,False,2026-09-01,MRVL,buy-first put-tail inventory,2026-09-18,135.0,130.0,clock,fixed_clock,1,2026-09-02T10:01:00-04:00,0.06,0.03,2026-09-04T15:50:00-04:00,2026-09-08,True,False,2026-09-03T15:50:00-04:00,completed,True,2026-09-03T15:50:00-04:00,0.03,-5.6,-5.6,4.0,-1.2999999999999998,-9.6,0.0,-4.3,-24.6,-3.3,-4.3
58,False,2026-09-01,MRVL,buy-first put-tail inventory,2026-09-18,135.0,130.0,clock,fixed_clock,2,2026-09-02T10:01:00-04:00,0.06,0.03,2026-09-04T15:50:00-04:00,2026-09-08,True,False,2026-09-04T15:50:00-04:00,completed,True,2026-09-04T15:50:00-04:00,0.02,-6.6,-6.6,4.0,-2.3,-10.6,0.0,-4.3,-6.6,-3.3,-6.3
58,False,2026-09-01,MRVL,buy-first put-tail inventory,2026-09-18,135.0,130.0,clock,price_finance,0,2026-09-02T10:01:00-04:00,0.06,0.03,2026-09-02T15:50:00-04:00,2026-09-08,True,False,2026-09-02T15:50:00-04:00,aborted_uncompleted,False,,,,-3.3,2.0,,-5.3,4.0,,-4.3,-3.3,-4.3
58,False,2026-09-01,MRVL,buy-first put-tail inventory,2026-09-18,135.0,130.0,clock,price_finance,1,2026-09-02T10:01:00-04:00,0.06,0.03,2026-09-03T15:50:00-04:00,2026-09-08,True,False,2026-09-03T15:50:00-04:00,aborted_uncompleted,False,,,,-4.3,2.0,,-6.3,3.0,,-4.3,-3.3,-4.3
58,False,2026-09-01,MRVL,buy-first put-tail inventory,2026-09-18,135.0,130.0,clock,price_finance,2,2026-09-02T10:01:00-04:00,0.06,0.03,2026-09-04T15:50:00-04:00,2026-09-08,True,False,2026-09-04T15:50:00-04:00,aborted_uncompleted,False,,,,-4.3,2.0,,-6.3,3.0,,-6.3,-3.3,-6.3
58,False,2026-09-01,MRVL,buy-first put-tail inventory,2026-09-18,135.0,130.0,clock,hiro_finance,0,2026-09-02T10:01:00-04:00,0.06,0.03,2026-09-02T15:50:00-04:00,2026-09-08,True,False,2026-09-02T15:50:00-04:00,aborted_uncompleted,False,,,,-3.3,2.0,,-5.3,4.0,,-4.3,-3.3,-4.3
58,False,2026-09-01,MRVL,buy-first put-tail inventory,2026-09-18,135.0,130.0,clock,hiro_finance,1,2026-09-02T10:01:00-04:00,0.06,0.03,2026-09-03T15:50:00-04:00,2026-09-08,True,False,2026-09-03T15:50:00-04:00,aborted_uncompleted,False,,,,-4.3,2.0,,-6.3,3.0,,-4.3,-3.3,-4.3
58,False,2026-09-01,MRVL,buy-first put-tail inventory,2026-09-18,135.0,130.0,clock,hiro_finance,2,2026-09-02T10:01:00-04:00,0.06,0.03,2026-09-04T15:50:00-04:00,2026-09-08,True,False,2026-09-04T15:50:00-04:00,aborted_uncompleted,False,,,,-4.3,2.0,,-6.3,3.0,,-6.3,-3.3,-6.3
59,True,2026-09-02,AMZN,buy-first put-tail inventory,2026-09-18,190.0,185.0,clock,simultaneous,-1,2026-09-03T10:01:00-04:00,0.12,0.09,2026-09-04T15:50:00-04:00,2026-09-09,True,False,2026-09-03T15:50:00-04:00,completed,True,2026-09-03T10:01:00-04:00,0.03,-11.6,-12.6,4.0,-2.299999999999999,-16.6,-1.0000000000000002,-10.3,-17.6,-11.6,
59,True,2026-09-02,AMZN,buy-first put-tail inventory,2026-09-18,190.0,185.0,clock,standalone,-1,2026-09-03T10:01:00-04:00,0.12,0.09,2026-09-04T15:50:00-04:00,2026-09-09,True,False,2026-09-03T15:50:00-04:00,standalone,False,,,,-10.3,2.0,,-12.3,3.0,,-10.3,-9.299999999999999,-10.3
59,True,2026-09-02,AMZN,buy-first put-tail inventory,2026-09-18,190.0,185.0,clock,fixed_clock,0,2026-09-03T10:01:00-04:00,0.12,0.09,2026-09-04T15:50:00-04:00,2026-09-09,True,False,2026-09-03T15:50:00-04:00,completed,True,2026-09-03T15:50:00-04:00,0.03,-11.6,-12.6,4.0,-3.3000000000000007,-16.6,-1.0000000000000002,-9.299999999999999,-15.6,-9.299999999999999,-10.3
59,True,2026-09-02,AMZN,buy-first put-tail inventory,2026-09-18,190.0,185.0,clock,fixed_clock,1,2026-09-03T10:01:00-04:00,0.12,0.09,2026-09-04T15:50:00-04:00,2026-09-09,True,False,2026-09-04T15:50:00-04:00,completed,True,2026-09-04T15:50:00-04:00,0.02,-12.6,-13.599999999999998,4.0,-3.299999999999997,-17.599999999999998,-1.0000000000000002,-10.3,-13.599999999999998,-9.299999999999999,-10.3
59,True,2026-09-02,AMZN,buy-first put-tail inventory,2026-09-18,190.0,185.0,clock,fixed_clock,2,2026-09-03T10:01:00-04:00,0.12,0.09,2026-09-04T15:50:00-04:00,2026-09-09,True,True,2026-09-04T15:50:00-04:00,censored,False,,,,,,,,,,,,
59,True,2026-09-02,AMZN,buy-first put-tail inventory,2026-09-18,190.0,185.0,clock,price_finance,0,2026-09-03T10:01:00-04:00,0.12,0.09,2026-09-03T15:50:00-04:00,2026-09-09,True,False,2026-09-03T15:50:00-04:00,aborted_uncompleted,False,,,,-9.299999999999999,2.0,,-11.299999999999999,4.0,,-10.3,-9.299999999999999,-10.3
59,True,2026-09-02,AMZN,buy-first put-tail inventory,2026-09-18,190.0,185.0,clock,price_finance,1,2026-09-03T10:01:00-04:00,0.12,0.09,2026-09-04T15:50:00-04:00,2026-09-09,True,False,2026-09-04T15:50:00-04:00,aborted_uncompleted,False,,,,-10.3,2.0,,-12.3,3.0,,-10.3,-9.299999999999999,-10.3
59,True,2026-09-02,AMZN,buy-first put-tail inventory,2026-09-18,190.0,185.0,clock,price_finance,2,2026-09-03T10:01:00-04:00,0.12,0.09,2026-09-04T15:50:00-04:00,2026-09-09,True,True,2026-09-04T15:50:00-04:00,censored,False,,,,-10.3,2.0,,-12.3,3.0,,-10.3,-9.299999999999999,-10.3
59,True,2026-09-02,AMZN,buy-first put-tail inventory,2026-09-18,190.0,185.0,clock,hiro_finance,0,2026-09-03T10:01:00-04:00,0.12,0.09,2026-09-03T15:50:00-04:00,2026-09-09,True,False,2026-09-03T15:50:00-04:00,aborted_uncompleted,False,,,,-9.299999999999999,2.0,,-11.299999999999999,4.0,,-10.3,-9.299999999999999,-10.3
59,True,2026-09-02,AMZN,buy-first put-tail inventory,2026-09-18,190.0,185.0,clock,hiro_finance,1,2026-09-03T10:01:00-04:00,0.12,0.09,2026-09-04T15:50:00-04:00,2026-09-09,True,False,2026-09-04T15:50:00-04:00,aborted_uncompleted,False,,,,-10.3,2.0,,-12.3,3.0,,-10.3,-9.299999999999999,-10.3
59,True,2026-09-02,AMZN,buy-first put-tail inventory,2026-09-18,190.0,185.0,clock,hiro_finance,2,2026-09-03T10:01:00-04:00,0.12,0.09,2026-09-04T15:50:00-04:00,2026-09-09,True,True,2026-09-04T15:50:00-04:00,censored,False,,,,-10.3,2.0,,-12.3,3.0,,-10.3,-9.299999999999999,-10.3
63,False,2026-09-02,CRWV,buy-first put-tail inventory,2026-09-18,50.0,45.0,clock,simultaneous,-1,2026-09-03T10:01:00-04:00,0.03,0.019999999999999997,2026-09-04T15:50:00-04:00,2026-09-09,True,False,2026-09-03T15:50:00-04:00,completed,True,2026-09-03T10:01:00-04:00,0.01,-4.6,-11.6,4.0,-9.3,-15.6,-7.000000000000001,-2.3,-31.600000000000005,-6.6,
63,False,2026-09-02,CRWV,buy-first put-tail inventory,2026-09-18,50.0,45.0,clock,standalone,-1,2026-09-03T10:01:00-04:00,0.03,0.019999999999999997,2026-09-04T15:50:00-04:00,2026-09-09,True,False,2026-09-03T15:50:00-04:00,standalone,False,,,,-3.3,2.0,,-5.3,1.0,,-3.3,-2.3,-3.3
63,False,2026-09-02,CRWV,buy-first put-tail inventory,2026-09-18,50.0,45.0,clock,fixed_clock,0,2026-09-03T10:01:00-04:00,0.03,0.019999999999999997,2026-09-04T15:50:00-04:00,2026-09-09,True,False,2026-09-03T15:50:00-04:00,completed,True,2026-09-03T15:50:00-04:00,0.01,-4.6,-11.6,4.0,-8.3,-15.6,-7.000000000000001,-3.3,-31.600000000000005,-2.3,-3.3
63,False,2026-09-02,CRWV,buy-first put-tail inventory,2026-09-18,50.0,45.0,clock,fixed_clock,1,2026-09-03T10:01:00-04:00,0.03,0.019999999999999997,2026-09-04T15:50:00-04:00,2026-09-09,True,False,2026-09-04T15:50:00-04:00,completed,True,2026-09-04T15:50:00-04:00,0.01,-4.6,-11.6,4.0,-8.3,-15.6,-7.000000000000001,-3.3,-11.6,-2.3,-3.3
63,False,2026-09-02,CRWV,buy-first put-tail inventory,2026-09-18,50.0,45.0,clock,fixed_clock,2,2026-09-03T10:01:00-04:00,0.03,0.019999999999999997,2026-09-04T15:50:00-04:00,2026-09-09,True,True,2026-09-04T15:50:00-04:00,censored,False,,,,,,,,,,,,
63,False,2026-09-02,CRWV,buy-first put-tail inventory,2026-09-18,50.0,45.0,clock,price_finance,0,2026-09-03T10:01:00-04:00,0.03,0.019999999999999997,2026-09-03T15:50:00-04:00,2026-09-09,True,False,2026-09-03T15:50:00-04:00,aborted_uncompleted,False,,,,-3.3,2.0,,-5.3,1.0,,-3.3,-2.3,-3.3
63,False,2026-09-02,CRWV,buy-first put-tail inventory,2026-09-18,50.0,45.0,clock,price_finance,1,2026-09-03T10:01:00-04:00,0.03,0.019999999999999997,2026-09-04T15:50:00-04:00,2026-09-09,True,False,2026-09-04T15:50:00-04:00,aborted_uncompleted,False,,,,-3.3,2.0,,-5.3,1.0,,-3.3,-2.3,-3.3
63,False,2026-09-02,CRWV,buy-first put-tail inventory,2026-09-18,50.0,45.0,clock,price_finance,2,2026-09-03T10:01:00-04:00,0.03,0.019999999999999997,2026-09-04T15:50:00-04:00,2026-09-09,True,True,2026-09-04T15:50:00-04:00,censored,False,,,,-3.3,2.0,,-5.3,1.0,,-3.3,-2.3,-3.3
63,False,2026-09-02,CRWV,buy-first put-tail inventory,2026-09-18,50.0,45.0,clock,hiro_finance,0,2026-09-03T10:01:00-04:00,0.03,0.019999999999999997,2026-09-03T15:50:00-04:00,2026-09-09,True,False,2026-09-03T15:50:00-04:00,aborted_uncompleted,False,,,,-3.3,2.0,,-5.3,1.0,,-3.3,-2.3,-3.3
63,False,2026-09-02,CRWV,buy-first put-tail inventory,2026-09-18,50.0,45.0,clock,hiro_finance,1,2026-09-03T10:01:00-04:00,0.03,0.019999999999999997,2026-09-04T15:50:00-04:00,2026-09-09,True,False,2026-09-04T15:50:00-04:00,aborted_uncompleted,False,,,,-3.3,2.0,,-5.3,1.0,,-3.3,-2.3,-3.3
63,False,2026-09-02,CRWV,buy-first put-tail inventory,2026-09-18,50.0,45.0,clock,hiro_finance,2,2026-09-03T10:01:00-04:00,0.03,0.019999999999999997,2026-09-04T15:50:00-04:00,2026-09-09,True,True,2026-09-04T15:50:00-04:00,censored,False,,,,-3.3,2.0,,-5.3,1.0,,-3.3,-2.3,-3.3
66,True,2026-09-02,IREN,buy-first put-tail inventory,2026-09-18,26.0,21.0,clock,simultaneous,-1,2026-09-03T10:01:00-04:00,0.08,0.07,2026-09-04T15:50:00-04:00,2026-09-09,True,False,2026-09-03T15:50:00-04:00,completed,True,2026-09-03T10:01:00-04:00,0.01,-9.600000000000001,-10.600000000000001,4.0,-3.3000000000000016,-14.600000000000001,-1.0000000000000009,-7.3,-33.60000000000001,-7.6,
66,True,2026-09-02,IREN,buy-first put-tail inventory,2026-09-18,26.0,21.0,clock,standalone,-1,2026-09-03T10:01:00-04:00,0.08,0.07,2026-09-04T15:50:00-04:00,2026-09-09,True,False,2026-09-03T15:50:00-04:00,standalone,False,,,,-3.3000000000000007,2.0,,-5.300000000000001,6.0,,-7.3,-2.3,-7.3
66,True,2026-09-02,IREN,buy-first put-tail inventory,2026-09-18,26.0,21.0,clock,fixed_clock,0,2026-09-03T10:01:00-04:00,0.08,0.07,2026-09-04T15:50:00-04:00,2026-09-09,True,False,2026-09-03T15:50:00-04:00,completed,True,2026-09-03T15:50:00-04:00,0.01,-9.600000000000001,-10.600000000000001,4.0,-5.300000000000002,-14.600000000000001,-1.0000000000000009,-5.3,-33.60000000000001,-3.3000000000000007,-7.3
66,True,2026-09-02,IREN,buy-first put-tail inventory,2026-09-18,26.0,21.0,clock,fixed_clock,1,2026-09-03T10:01:00-04:00,0.08,0.07,2026-09-04T15:50:00-04:00,2026-09-09,True,False,2026-09-04T15:50:00-04:00,completed,True,2026-09-04T15:50:00-04:00,0.03,-7.6,-8.600000000000001,4.0,-5.300000000000001,-12.600000000000001,-1.0000000000000009,-3.3000000000000007,-8.600000000000001,-2.3,-7.3
66,True,2026-09-02,IREN,buy-first put-tail inventory,2026-09-18,26.0,21.0,clock,fixed_clock,2,2026-09-03T10:01:00-04:00,0.08,0.07,2026-09-04T15:50:00-04:00,2026-09-09,True,True,2026-09-04T15:50:00-04:00,censored,False,,,,,,,,,,,,
66,True,2026-09-02,IREN,buy-first put-tail inventory,2026-09-18,26.0,21.0,clock,price_finance,0,2026-09-03T10:01:00-04:00,0.08,0.07,2026-09-03T15:50:00-04:00,2026-09-09,True,False,2026-09-03T15:50:00-04:00,aborted_uncompleted,False,,,,-5.3,2.0,,-7.3,4.0,,-7.3,-3.3000000000000007,-7.3
66,True,2026-09-02,IREN,buy-first put-tail inventory,2026-09-18,26.0,21.0,clock,price_finance,1,2026-09-03T10:01:00-04:00,0.08,0.07,2026-09-04T15:50:00-04:00,2026-09-09,True,False,2026-09-04T15:50:00-04:00,aborted_uncompleted,False,,,,-3.3000000000000007,2.0,,-5.300000000000001,6.0,,-7.3,-2.3,-7.3
66,True,2026-09-02,IREN,buy-first put-tail inventory,2026-09-18,26.0,21.0,clock,price_finance,2,2026-09-03T10:01:00-04:00,0.08,0.07,2026-09-04T15:50:00-04:00,2026-09-09,True,True,2026-09-04T15:50:00-04:00,censored,False,,,,-3.3000000000000007,2.0,,-5.300000000000001,6.0,,-7.3,-2.3,-7.3
66,True,2026-09-02,IREN,buy-first put-tail inventory,2026-09-18,26.0,21.0,clock,hiro_finance,0,2026-09-03T10:01:00-04:00,0.08,0.07,2026-09-03T15:50:00-04:00,2026-09-09,True,False,2026-09-03T15:50:00-04:00,aborted_uncompleted,False,,,,-5.3,2.0,,-7.3,4.0,,-7.3,-3.3000000000000007,-7.3
66,True,2026-09-02,IREN,buy-first put-tail inventory,2026-09-18,26.0,21.0,clock,hiro_finance,1,2026-09-03T10:01:00-04:00,0.08,0.07,2026-09-04T15:50:00-04:00,2026-09-09,True,False,2026-09-04T15:50:00-04:00,aborted_uncompleted,False,,,,-3.3000000000000007,2.0,,-5.300000000000001,6.0,,-7.3,-2.3,-7.3
66,True,2026-09-02,IREN,buy-first put-tail inventory,2026-09-18,26.0,21.0,clock,hiro_finance,2,2026-09-03T10:01:00-04:00,0.08,0.07,2026-09-04T15:50:00-04:00,2026-09-09,True,True,2026-09-04T15:50:00-04:00,censored,False,,,,-3.3000000000000007,2.0,,-5.300000000000001,6.0,,-7.3,-2.3,-7.3
66,True,2026-09-02,IREN,buy-first put-tail inventory,2026-09-18,26.0,21.0,hiro,simultaneous,-1,2026-09-03T10:21:00-04:00,0.05,0.04,2026-09-04T15:50:00-04:00,2026-09-09,True,False,2026-09-03T15:50:00-04:00,completed,True,2026-09-03T10:21:00-04:00,0.01,-6.6,-7.600000000000001,4.0,-3.3000000000000007,-11.600000000000001,-1.0000000000000009,-4.300000000000001,-30.600000000000005,-4.6,
66,True,2026-09-02,IREN,buy-first put-tail inventory,2026-09-18,26.0,21.0,hiro,standalone,-1,2026-09-03T10:21:00-04:00,0.05,0.04,2026-09-04T15:50:00-04:00,2026-09-09,True,False,2026-09-03T15:50:00-04:00,standalone,False,,,,-0.3000000000000005,2.0,,-2.3000000000000007,6.0,,-4.300000000000001,0.7000000000000004,-4.300000000000001
66,True,2026-09-02,IREN,buy-first put-tail inventory,2026-09-18,26.0,21.0,hiro,fixed_clock,0,2026-09-03T10:21:00-04:00,0.05,0.04,2026-09-04T15:50:00-04:00,2026-09-09,True,False,2026-09-03T15:50:00-04:00,completed,True,2026-09-03T15:50:00-04:00,0.01,-6.6,-7.600000000000001,4.0,-5.300000000000001,-11.600000000000001,-1.0000000000000009,-2.3000000000000003,-30.600000000000005,-0.3000000000000005,-4.300000000000001
66,True,2026-09-02,IREN,buy-first put-tail inventory,2026-09-18,26.0,21.0,hiro,fixed_clock,1,2026-09-03T10:21:00-04:00,0.05,0.04,2026-09-04T15:50:00-04:00,2026-09-09,True,False,2026-09-04T15:50:00-04:00,completed,True,2026-09-04T15:50:00-04:00,0.03,-4.6000000000000005,-5.600000000000001,4.0,-5.300000000000001,-9.600000000000001,-1.0000000000000009,-0.3000000000000005,-5.600000000000001,0.7000000000000004,-4.300000000000001
66,True,2026-09-02,IREN,buy-first put-tail inventory,2026-09-18,26.0,21.0,hiro,fixed_clock,2,2026-09-03T10:21:00-04:00,0.05,0.04,2026-09-04T15:50:00-04:00,2026-09-09,True,True,2026-09-04T15:50:00-04:00,censored,False,,,,,,,,,,,,
66,True,2026-09-02,IREN,buy-first put-tail inventory,2026-09-18,26.0,21.0,hiro,price_finance,0,2026-09-03T10:21:00-04:00,0.05,0.04,2026-09-03T15:50:00-04:00,2026-09-09,True,False,2026-09-03T15:50:00-04:00,aborted_uncompleted,False,,,,-2.3000000000000003,2.0,,-4.300000000000001,4.0,,-4.300000000000001,-0.3000000000000005,-4.300000000000001
66,True,2026-09-02,IREN,buy-first put-tail inventory,2026-09-18,26.0,21.0,hiro,price_finance,1,2026-09-03T10:21:00-04:00,0.05,0.04,2026-09-04T15:50:00-04:00,2026-09-09,True,False,2026-09-04T15:50:00-04:00,aborted_uncompleted,False,,,,-0.3000000000000005,2.0,,-2.3000000000000007,6.0,,-4.300000000000001,0.7000000000000004,-4.300000000000001
66,True,2026-09-02,IREN,buy-first put-tail inventory,2026-09-18,26.0,21.0,hiro,price_finance,2,2026-09-03T10:21:00-04:00,0.05,0.04,2026-09-04T15:50:00-04:00,2026-09-09,True,True,2026-09-04T15:50:00-04:00,censored,False,,,,-0.3000000000000005,2.0,,-2.3000000000000007,6.0,,-4.300000000000001,0.7000000000000004,-4.300000000000001
66,True,2026-09-02,IREN,buy-first put-tail inventory,2026-09-18,26.0,21.0,hiro,hiro_finance,0,2026-09-03T10:21:00-04:00,0.05,0.04,2026-09-03T15:50:00-04:00,2026-09-09,True,False,2026-09-03T15:50:00-04:00,aborted_uncompleted,False,,,,-2.3000000000000003,2.0,,-4.300000000000001,4.0,,-4.300000000000001,-0.3000000000000005,-4.300000000000001
66,True,2026-09-02,IREN,buy-first put-tail inventory,2026-09-18,26.0,21.0,hiro,hiro_finance,1,2026-09-03T10:21:00-04:00,0.05,0.04,2026-09-04T15:50:00-04:00,2026-09-09,True,False,2026-09-04T15:50:00-04:00,aborted_uncompleted,False,,,,-0.3000000000000005,2.0,,-2.3000000000000007,6.0,,-4.300000000000001,0.7000000000000004,-4.300000000000001
66,True,2026-09-02,IREN,buy-first put-tail inventory,2026-09-18,26.0,21.0,hiro,hiro_finance,2,2026-09-03T10:21:00-04:00,0.05,0.04,2026-09-04T15:50:00-04:00,2026-09-09,True,True,2026-09-04T15:50:00-04:00,censored,False,,,,-0.3000000000000005,2.0,,-2.3000000000000007,6.0,,-4.300000000000001,0.7000000000000004,-4.300000000000001
67,True,2026-09-02,MRVL,buy-first put-tail inventory,2026-09-18,120.0,115.0,clock,simultaneous,-1,2026-09-03T10:01:00-04:00,0.04,0.03,2026-09-04T15:50:00-04:00,2026-09-09,True,False,2026-09-03T15:50:00-04:00,completed,True,2026-09-03T10:01:00-04:00,0.01,-5.6,-9.6,4.0,-5.3,-13.6,-3.9999999999999996,-4.3,-22.6,-6.6,
67,True,2026-09-02,MRVL,buy-first put-tail inventory,2026-09-18,120.0,115.0,clock,standalone,-1,2026-09-03T10:01:00-04:00,0.04,0.03,2026-09-04T15:50:00-04:00,2026-09-09,True,False,2026-09-03T15:50:00-04:00,standalone,False,,,,-3.3,2.0,,-5.3,2.0,,-5.3,-3.3,-5.3
67,True,2026-09-02,MRVL,buy-first put-tail inventory,2026-09-18,120.0,115.0,clock,fixed_clock,0,2026-09-03T10:01:00-04:00,0.04,0.03,2026-09-04T15:50:00-04:00,2026-09-09,True,False,2026-09-03T15:50:00-04:00,completed,True,2026-09-03T15:50:00-04:00,0.01,-5.6,-9.6,4.0,-5.3,-13.6,-3.9999999999999996,-4.3,-22.6,-4.3,-4.3
67,True,2026-09-02,MRVL,buy-first put-tail inventory,2026-09-18,120.0,115.0,clock,fixed_clock,1,2026-09-03T10:01:00-04:00,0.04,0.03,2026-09-04T15:50:00-04:00,2026-09-09,True,False,2026-09-04T15:50:00-04:00,completed,True,2026-09-04T15:50:00-04:00,0.01,-5.6,-9.6,4.0,-6.3,-13.6,-3.9999999999999996,-3.3,-9.6,-3.3,-5.3
67,True,2026-09-02,MRVL,buy-first put-tail inventory,2026-09-18,120.0,115.0,clock,fixed_clock,2,2026-09-03T10:01:00-04:00,0.04,0.03,2026-09-04T15:50:00-04:00,2026-09-09,True,True,2026-09-04T15:50:00-04:00,censored,False,,,,,,,,,,,,
67,True,2026-09-02,MRVL,buy-first put-tail inventory,2026-09-18,120.0,115.0,clock,price_finance,0,2026-09-03T10:01:00-04:00,0.04,0.03,2026-09-03T15:50:00-04:00,2026-09-09,True,False,2026-09-03T15:50:00-04:00,aborted_uncompleted,False,,,,-4.3,2.0,,-6.3,1.0,,-4.3,-4.3,-4.3
67,True,2026-09-02,MRVL,buy-first put-tail inventory,2026-09-18,120.0,115.0,clock,price_finance,1,2026-09-03T10:01:00-04:00,0.04,0.03,2026-09-04T15:50:00-04:00,2026-09-09,True,False,2026-09-04T15:50:00-04:00,aborted_uncompleted,False,,,,-3.3,2.0,,-5.3,2.0,,-5.3,-3.3,-5.3
67,True,2026-09-02,MRVL,buy-first put-tail inventory,2026-09-18,120.0,115.0,clock,price_finance,2,2026-09-03T10:01:00-04:00,0.04,0.03,2026-09-04T15:50:00-04:00,2026-09-09,True,True,2026-09-04T15:50:00-04:00,censored,False,,,,-3.3,2.0,,-5.3,2.0,,-5.3,-3.3,-5.3
67,True,2026-09-02,MRVL,buy-first put-tail inventory,2026-09-18,120.0,115.0,clock,hiro_finance,0,2026-09-03T10:01:00-04:00,0.04,0.03,2026-09-03T15:50:00-04:00,2026-09-09,True,False,2026-09-03T15:50:00-04:00,aborted_uncompleted,False,,,,-4.3,2.0,,-6.3,1.0,,-4.3,-4.3,-4.3
67,True,2026-09-02,MRVL,buy-first put-tail inventory,2026-09-18,120.0,115.0,clock,hiro_finance,1,2026-09-03T10:01:00-04:00,0.04,0.03,2026-09-04T15:50:00-04:00,2026-09-09,True,False,2026-09-04T15:50:00-04:00,aborted_uncompleted,False,,,,-3.3,2.0,,-5.3,2.0,,-5.3,-3.3,-5.3
67,True,2026-09-02,MRVL,buy-first put-tail inventory,2026-09-18,120.0,115.0,clock,hiro_finance,2,2026-09-03T10:01:00-04:00,0.04,0.03,2026-09-04T15:50:00-04:00,2026-09-09,True,True,2026-09-04T15:50:00-04:00,censored,False,,,,-3.3,2.0,,-5.3,2.0,,-5.3,-3.3,-5.3
68,False,2026-09-02,NVDA,buy-first put-tail inventory,2026-09-18,135.0,130.0,clock,simultaneous,-1,2026-09-03T10:01:00-04:00,0.07,0.030000000000000006,2026-09-04T15:50:00-04:00,2026-09-09,True,False,2026-09-03T15:50:00-04:00,completed,True,2026-09-03T10:01:00-04:00,0.04,-5.6000000000000005,-6.600000000000001,4.0,-2.3000000000000007,-10.600000000000001,-1.0000000000000002,-4.300000000000001,-7.600000000000001,-5.6000000000000005,
68,False,2026-09-02,NVDA,buy-first put-tail inventory,2026-09-18,135.0,130.0,clock,standalone,-1,2026-09-03T10:01:00-04:00,0.07,0.030000000000000006,2026-09-04T15:50:00-04:00,2026-09-09,True,False,2026-09-03T15:50:00-04:00,standalone,False,,,,-4.300000000000001,2.0,,-6.300000000000001,4.0,,-5.300000000000001,-3.3000000000000007,-5.300000000000001
68,False,2026-09-02,NVDA,buy-first put-tail inventory,2026-09-18,135.0,130.0,clock,fixed_clock,0,2026-09-03T10:01:00-04:00,0.07,0.030000000000000006,2026-09-04T15:50:00-04:00,2026-09-09,True,False,2026-09-03T15:50:00-04:00,completed,True,2026-09-03T15:50:00-04:00,0.03,-6.600000000000001,-7.600000000000001,4.0,-3.3000000000000007,-11.600000000000001,-1.0000000000000002,-4.300000000000001,-8.600000000000001,-3.3000000000000007,-4.300000000000001
68,False,2026-09-02,NVDA,buy-first put-tail inventory,2026-09-18,135.0,130.0,clock,fixed_clock,1,2026-09-03T10:01:00-04:00,0.07,0.030000000000000006,2026-09-04T15:50:00-04:00,2026-09-09,True,False,2026-09-04T15:50:00-04:00,completed,True,2026-09-04T15:50:00-04:00,0.04,-5.6000000000000005,-6.600000000000001,4.0,-2.3000000000000007,-10.600000000000001,-1.0000000000000002,-4.300000000000001,-6.600000000000001,-3.3000000000000007,-5.300000000000001
68,False,2026-09-02,NVDA,buy-first put-tail inventory,2026-09-18,135.0,130.0,clock,fixed_clock,2,2026-09-03T10:01:00-04:00,0.07,0.030000000000000006,2026-09-04T15:50:00-04:00,2026-09-09,True,True,2026-09-04T15:50:00-04:00,censored,False,,,,,,,,,,,,
68,False,2026-09-02,NVDA,buy-first put-tail inventory,2026-09-18,135.0,130.0,clock,price_finance,0,2026-09-03T10:01:00-04:00,0.07,0.030000000000000006,2026-09-03T15:50:00-04:00,2026-09-09,True,False,2026-09-03T15:50:00-04:00,aborted_uncompleted,False,,,,-4.300000000000001,2.0,,-6.300000000000001,4.0,,-4.300000000000001,-3.3000000000000007,-4.300000000000001
68,False,2026-09-02,NVDA,buy-first put-tail inventory,2026-09-18,135.0,130.0,clock,price_finance,1,2026-09-03T10:01:00-04:00,0.07,0.030000000000000006,2026-09-04T15:50:00-04:00,2026-09-09,True,False,2026-09-04T15:50:00-04:00,aborted_uncompleted,False,,,,-4.300000000000001,2.0,,-6.300000000000001,4.0,,-5.300000000000001,-3.3000000000000007,-5.300000000000001
68,False,2026-09-02,NVDA,buy-first put-tail inventory,2026-09-18,135.0,130.0,clock,price_finance,2,2026-09-03T10:01:00-04:00,0.07,0.030000000000000006,2026-09-04T15:50:00-04:00,2026-09-09,True,True,2026-09-04T15:50:00-04:00,censored,False,,,,-4.300000000000001,2.0,,-6.300000000000001,4.0,,-5.300000000000001,-3.3000000000000007,-5.300000000000001
68,False,2026-09-02,NVDA,buy-first put-tail inventory,2026-09-18,135.0,130.0,clock,hiro_finance,0,2026-09-03T10:01:00-04:00,0.07,0.030000000000000006,2026-09-03T15:50:00-04:00,2026-09-09,True,False,2026-09-03T15:50:00-04:00,aborted_uncompleted,False,,,,-4.300000000000001,2.0,,-6.300000000000001,4.0,,-4.300000000000001,-3.3000000000000007,-4.300000000000001
68,False,2026-09-02,NVDA,buy-first put-tail inventory,2026-09-18,135.0,130.0,clock,hiro_finance,1,2026-09-03T10:01:00-04:00,0.07,0.030000000000000006,2026-09-04T15:50:00-04:00,2026-09-09,True,False,2026-09-04T15:50:00-04:00,aborted_uncompleted,False,,,,-4.300000000000001,2.0,,-6.300000000000001,4.0,,-5.300000000000001,-3.3000000000000007,-5.300000000000001
68,False,2026-09-02,NVDA,buy-first put-tail inventory,2026-09-18,135.0,130.0,clock,hiro_finance,2,2026-09-03T10:01:00-04:00,0.07,0.030000000000000006,2026-09-04T15:50:00-04:00,2026-09-09,True,True,2026-09-04T15:50:00-04:00,censored,False,,,,-4.300000000000001,2.0,,-6.300000000000001,4.0,,-5.300000000000001,-3.3000000000000007,-5.300000000000001
69,True,2026-09-02,SOFI,buy-first put-tail inventory,2026-10-16,12.0,9.0,clock,simultaneous,-1,2026-09-03T10:01:00-04:00,0.04,0.03,2026-09-04T15:50:00-04:00,2026-09-09,True,False,2026-09-03T15:50:00-04:00,completed,True,2026-09-03T10:01:00-04:00,0.01,-5.6,-5.6,4.0,-2.3,-9.6,0.0,-3.3,-9.600000000000001,-5.6,
69,True,2026-09-02,SOFI,buy-first put-tail inventory,2026-10-16,12.0,9.0,clock,standalone,-1,2026-09-03T10:01:00-04:00,0.04,0.03,2026-09-04T15:50:00-04:00,2026-09-09,True,False,2026-09-03T15:50:00-04:00,standalone,False,,,,-2.3000000000000003,2.0,,-4.300000000000001,3.0,,-4.3,-2.3000000000000003,-4.3
69,True,2026-09-02,SOFI,buy-first put-tail inventory,2026-10-16,12.0,9.0,clock,fixed_clock,0,2026-09-03T10:01:00-04:00,0.04,0.03,2026-09-04T15:50:00-04:00,2026-09-09,True,False,2026-09-03T15:50:00-04:00,completed,True,2026-09-03T15:50:00-04:00,0.01,-5.6,-5.6,4.0,-3.2999999999999994,-9.6,0.0,-2.3000000000000003,-9.600000000000001,-2.3000000000000003,-3.3
69,True,2026-09-02,SOFI,buy-first put-tail inventory,2026-10-16,12.0,9.0,clock,fixed_clock,1,2026-09-03T10:01:00-04:00,0.04,0.03,2026-09-04T15:50:00-04:00,2026-09-09,True,False,2026-09-04T15:50:00-04:00,completed,True,2026-09-04T15:50:00-04:00,0.01,-5.6,-5.6,4.0,-3.2999999999999994,-9.6,0.0,-2.3000000000000003,-5.6,-2.3000000000000003,-4.3
69,True,2026-09-02,SOFI,buy-first put-tail inventory,2026-10-16,12.0,9.0,clock,fixed_clock,2,2026-09-03T10:01:00-04:00,0.04,0.03,2026-09-04T15:50:00-04:00,2026-09-09,True,True,2026-09-04T15:50:00-04:00,censored,False,,,,,,,,,,,,
69,True,2026-09-02,SOFI,buy-first put-tail inventory,2026-10-16,12.0,9.0,clock,price_finance,0,2026-09-03T10:01:00-04:00,0.04,0.03,2026-09-03T15:50:00-04:00,2026-09-09,True,False,2026-09-03T15:50:00-04:00,aborted_uncompleted,False,,,,-2.3000000000000003,2.0,,-4.300000000000001,3.0,,-3.3,-2.3000000000000003,-3.3
69,True,2026-09-02,SOFI,buy-first put-tail inventory,2026-10-16,12.0,9.0,clock,price_finance,1,2026-09-03T10:01:00-04:00,0.04,0.03,2026-09-04T15:50:00-04:00,2026-09-09,True,False,2026-09-04T15:50:00-04:00,aborted_uncompleted,False,,,,-2.3000000000000003,2.0,,-4.300000000000001,3.0,,-4.3,-2.3000000000000003,-4.3
69,True,2026-09-02,SOFI,buy-first put-tail inventory,2026-10-16,12.0,9.0,clock,price_finance,2,2026-09-03T10:01:00-04:00,0.04,0.03,2026-09-04T15:50:00-04:00,2026-09-09,True,True,2026-09-04T15:50:00-04:00,censored,False,,,,-2.3000000000000003,2.0,,-4.300000000000001,3.0,,-4.3,-2.3000000000000003,-4.3
69,True,2026-09-02,SOFI,buy-first put-tail inventory,2026-10-16,12.0,9.0,clock,hiro_finance,0,2026-09-03T10:01:00-04:00,0.04,0.03,2026-09-03T15:50:00-04:00,2026-09-09,True,False,2026-09-03T15:50:00-04:00,aborted_uncompleted,False,,,,-2.3000000000000003,2.0,,-4.300000000000001,3.0,,-3.3,-2.3000000000000003,-3.3
69,True,2026-09-02,SOFI,buy-first put-tail inventory,2026-10-16,12.0,9.0,clock,hiro_finance,1,2026-09-03T10:01:00-04:00,0.04,0.03,2026-09-04T15:50:00-04:00,2026-09-09,True,False,2026-09-04T15:50:00-04:00,aborted_uncompleted,False,,,,-2.3000000000000003,2.0,,-4.300000000000001,3.0,,-4.3,-2.3000000000000003,-4.3
69,True,2026-09-02,SOFI,buy-first put-tail inventory,2026-10-16,12.0,9.0,clock,hiro_finance,2,2026-09-03T10:01:00-04:00,0.04,0.03,2026-09-04T15:50:00-04:00,2026-09-09,True,True,2026-09-04T15:50:00-04:00,censored,False,,,,-2.3000000000000003,2.0,,-4.300000000000001,3.0,,-4.3,-2.3000000000000003,-4.3
69,True,2026-09-02,SOFI,buy-first put-tail inventory,2026-10-16,12.0,9.0,hiro,simultaneous,-1,2026-09-03T10:36:00-04:00,0.06,0.049999999999999996,2026-09-04T15:50:00-04:00,2026-09-09,True,False,2026-09-03T15:50:00-04:00,completed,True,2026-09-03T10:36:00-04:00,0.01,-7.6,-7.6,4.0,-2.3,-11.6,0.0,-5.3,-11.6,-7.6,
69,True,2026-09-02,SOFI,buy-first put-tail inventory,2026-10-16,12.0,9.0,hiro,standalone,-1,2026-09-03T10:36:00-04:00,0.06,0.049999999999999996,2026-09-04T15:50:00-04:00,2026-09-09,True,False,2026-09-03T15:50:00-04:00,standalone,False,,,,-4.3,2.0,,-6.3,3.0,,-6.3,-4.3,-6.3
69,True,2026-09-02,SOFI,buy-first put-tail inventory,2026-10-16,12.0,9.0,hiro,fixed_clock,0,2026-09-03T10:36:00-04:00,0.06,0.049999999999999996,2026-09-04T15:50:00-04:00,2026-09-09,True,False,2026-09-03T15:50:00-04:00,completed,True,2026-09-03T15:50:00-04:00,0.01,-7.6,-7.6,4.0,-3.3,-11.6,0.0,-4.3,-11.6,-4.3,-5.3
69,True,2026-09-02,SOFI,buy-first put-tail inventory,2026-10-16,12.0,9.0,hiro,fixed_clock,1,2026-09-03T10:36:00-04:00,0.06,0.049999999999999996,2026-09-04T15:50:00-04:00,2026-09-09,True,False,2026-09-04T15:50:00-04:00,completed,True,2026-09-04T15:50:00-04:00,0.01,-7.6,-7.6,4.0,-3.3,-11.6,0.0,-4.3,-7.6,-4.3,-6.3
69,True,2026-09-02,SOFI,buy-first put-tail inventory,2026-10-16,12.0,9.0,hiro,fixed_clock,2,2026-09-03T10:36:00-04:00,0.06,0.049999999999999996,2026-09-04T15:50:00-04:00,2026-09-09,True,True,2026-09-04T15:50:00-04:00,censored,False,,,,,,,,,,,,
69,True,2026-09-02,SOFI,buy-first put-tail inventory,2026-10-16,12.0,9.0,hiro,price_finance,0,2026-09-03T10:36:00-04:00,0.06,0.049999999999999996,2026-09-03T15:50:00-04:00,2026-09-09,True,False,2026-09-03T15:50:00-04:00,aborted_uncompleted,False,,,,-4.3,2.0,,-6.3,3.0,,-5.3,-4.3,-5.3
69,True,2026-09-02,SOFI,buy-first put-tail inventory,2026-10-16,12.0,9.0,hiro,price_finance,1,2026-09-03T10:36:00-04:00,0.06,0.049999999999999996,2026-09-04T15:50:00-04:00,2026-09-09,True,False,2026-09-04T15:50:00-04:00,aborted_uncompleted,False,,,,-4.3,2.0,,-6.3,3.0,,-6.3,-4.3,-6.3
69,True,2026-09-02,SOFI,buy-first put-tail inventory,2026-10-16,12.0,9.0,hiro,price_finance,2,2026-09-03T10:36:00-04:00,0.06,0.049999999999999996,2026-09-04T15:50:00-04:00,2026-09-09,True,True,2026-09-04T15:50:00-04:00,censored,False,,,,-4.3,2.0,,-6.3,3.0,,-6.3,-4.3,-6.3
69,True,2026-09-02,SOFI,buy-first put-tail inventory,2026-10-16,12.0,9.0,hiro,hiro_finance,0,2026-09-03T10:36:00-04:00,0.06,0.049999999999999996,2026-09-03T15:50:00-04:00,2026-09-09,True,False,2026-09-03T15:50:00-04:00,aborted_uncompleted,False,,,,-4.3,2.0,,-6.3,3.0,,-5.3,-4.3,-5.3
69,True,2026-09-02,SOFI,buy-first put-tail inventory,2026-10-16,12.0,9.0,hiro,hiro_finance,1,2026-09-03T10:36:00-04:00,0.06,0.049999999999999996,2026-09-04T15:50:00-04:00,2026-09-09,True,False,2026-09-04T15:50:00-04:00,aborted_uncompleted,False,,,,-4.3,2.0,,-6.3,3.0,,-6.3,-4.3,-6.3
69,True,2026-09-02,SOFI,buy-first put-tail inventory,2026-10-16,12.0,9.0,hiro,hiro_finance,2,2026-09-03T10:36:00-04:00,0.06,0.049999999999999996,2026-09-04T15:50:00-04:00,2026-09-09,True,True,2026-09-04T15:50:00-04:00,censored,False,,,,-4.3,2.0,,-6.3,3.0,,-6.3,-4.3,-6.3
70,False,2026-09-03,AMZN,buy-first put-tail inventory,2026-09-18,190.0,185.0,clock,simultaneous,-1,2026-09-04T10:01:00-04:00,0.07,0.060000000000000005,2026-09-04T15:50:00-04:00,2026-09-10,True,False,2026-09-04T15:50:00-04:00,completed,True,2026-09-04T10:01:00-04:00,0.01,-8.600000000000001,-9.600000000000001,4.0,-4.300000000000001,-13.600000000000001,-1.0000000000000002,-5.300000000000001,-12.6,-8.600000000000001,
70,False,2026-09-03,AMZN,buy-first put-tail inventory,2026-09-18,190.0,185.0,clock,standalone,-1,2026-09-04T10:01:00-04:00,0.07,0.060000000000000005,2026-09-04T15:50:00-04:00,2026-09-10,True,False,2026-09-04T15:50:00-04:00,standalone,False,,,,-5.300000000000001,2.0,,-7.300000000000001,3.0,,-5.300000000000001,-5.300000000000001,-5.300000000000001
70,False,2026-09-03,AMZN,buy-first put-tail inventory,2026-09-18,190.0,185.0,clock,fixed_clock,0,2026-09-04T10:01:00-04:00,0.07,0.060000000000000005,2026-09-04T15:50:00-04:00,2026-09-10,True,False,2026-09-04T15:50:00-04:00,completed,True,2026-09-04T15:50:00-04:00,0.02,-7.6,-8.600000000000001,4.0,-3.3000000000000007,-12.600000000000001,-1.0000000000000002,-5.300000000000001,-8.600000000000001,-5.300000000000001,-5.300000000000001
70,False,2026-09-03,AMZN,buy-first put-tail inventory,2026-09-18,190.0,185.0,clock,fixed_clock,1,2026-09-04T10:01:00-04:00,0.07,0.060000000000000005,2026-09-04T15:50:00-04:00,2026-09-10,True,True,2026-09-04T15:50:00-04:00,censored,False,,,,,,,,,,,,
70,False,2026-09-03,AMZN,buy-first put-tail inventory,2026-09-18,190.0,185.0,clock,fixed_clock,2,2026-09-04T10:01:00-04:00,0.07,0.060000000000000005,2026-09-04T15:50:00-04:00,2026-09-10,True,True,2026-09-04T15:50:00-04:00,censored,False,,,,,,,,,,,,
70,False,2026-09-03,AMZN,buy-first put-tail inventory,2026-09-18,190.0,185.0,clock,price_finance,0,2026-09-04T10:01:00-04:00,0.07,0.060000000000000005,2026-09-04T15:50:00-04:00,2026-09-10,True,False,2026-09-04T15:50:00-04:00,aborted_uncompleted,False,,,,-5.300000000000001,2.0,,-7.300000000000001,3.0,,-5.300000000000001,-5.300000000000001,-5.300000000000001
70,False,2026-09-03,AMZN,buy-first put-tail inventory,2026-09-18,190.0,185.0,clock,price_finance,1,2026-09-04T10:01:00-04:00,0.07,0.060000000000000005,2026-09-04T15:50:00-04:00,2026-09-10,True,True,2026-09-04T15:50:00-04:00,censored,False,,,,-5.300000000000001,2.0,,-7.300000000000001,3.0,,-5.300000000000001,-5.300000000000001,-5.300000000000001
70,False,2026-09-03,AMZN,buy-first put-tail inventory,2026-09-18,190.0,185.0,clock,price_finance,2,2026-09-04T10:01:00-04:00,0.07,0.060000000000000005,2026-09-04T15:50:00-04:00,2026-09-10,True,True,2026-09-04T15:50:00-04:00,censored,False,,,,-5.300000000000001,2.0,,-7.300000000000001,3.0,,-5.300000000000001,-5.300000000000001,-5.300000000000001
70,False,2026-09-03,AMZN,buy-first put-tail inventory,2026-09-18,190.0,185.0,clock,hiro_finance,0,2026-09-04T10:01:00-04:00,0.07,0.060000000000000005,2026-09-04T15:50:00-04:00,2026-09-10,True,False,2026-09-04T15:50:00-04:00,aborted_uncompleted,False,,,,-5.300000000000001,2.0,,-7.300000000000001,3.0,,-5.300000000000001,-5.300000000000001,-5.300000000000001
70,False,2026-09-03,AMZN,buy-first put-tail inventory,2026-09-18,190.0,185.0,clock,hiro_finance,1,2026-09-04T10:01:00-04:00,0.07,0.060000000000000005,2026-09-04T15:50:00-04:00,2026-09-10,True,True,2026-09-04T15:50:00-04:00,censored,False,,,,-5.300000000000001,2.0,,-7.300000000000001,3.0,,-5.300000000000001,-5.300000000000001,-5.300000000000001
70,False,2026-09-03,AMZN,buy-first put-tail inventory,2026-09-18,190.0,185.0,clock,hiro_finance,2,2026-09-04T10:01:00-04:00,0.07,0.060000000000000005,2026-09-04T15:50:00-04:00,2026-09-10,True,True,2026-09-04T15:50:00-04:00,censored,False,,,,-5.300000000000001,2.0,,-7.300000000000001,3.0,,-5.300000000000001,-5.300000000000001,-5.300000000000001
70,False,2026-09-03,AMZN,buy-first put-tail inventory,2026-09-18,190.0,185.0,hiro,simultaneous,-1,2026-09-04T10:06:00-04:00,0.07,0.05,2026-09-04T15:50:00-04:00,2026-09-10,True,False,2026-09-04T15:50:00-04:00,completed,True,2026-09-04T10:06:00-04:00,0.02,-7.6,-8.600000000000001,4.0,-3.3000000000000007,-12.600000000000001,-1.0000000000000002,-5.300000000000001,-11.600000000000001,-7.6,
70,False,2026-09-03,AMZN,buy-first put-tail inventory,2026-09-18,190.0,185.0,hiro,standalone,-1,2026-09-04T10:06:00-04:00,0.07,0.05,2026-09-04T15:50:00-04:00,2026-09-10,True,False,2026-09-04T15:50:00-04:00,standalone,False,,,,-5.300000000000001,2.0,,-7.300000000000001,3.0,,-5.300000000000001,-5.300000000000001,-5.300000000000001
70,False,2026-09-03,AMZN,buy-first put-tail inventory,2026-09-18,190.0,185.0,hiro,fixed_clock,0,2026-09-04T10:06:00-04:00,0.07,0.05,2026-09-04T15:50:00-04:00,2026-09-10,True,False,2026-09-04T15:50:00-04:00,completed,True,2026-09-04T15:50:00-04:00,0.02,-7.6,-8.600000000000001,4.0,-3.3000000000000007,-12.600000000000001,-1.0000000000000002,-5.300000000000001,-8.600000000000001,-5.300000000000001,-5.300000000000001
70,False,2026-09-03,AMZN,buy-first put-tail inventory,2026-09-18,190.0,185.0,hiro,fixed_clock,1,2026-09-04T10:06:00-04:00,0.07,0.05,2026-09-04T15:50:00-04:00,2026-09-10,True,True,2026-09-04T15:50:00-04:00,censored,False,,,,,,,,,,,,
70,False,2026-09-03,AMZN,buy-first put-tail inventory,2026-09-18,190.0,185.0,hiro,fixed_clock,2,2026-09-04T10:06:00-04:00,0.07,0.05,2026-09-04T15:50:00-04:00,2026-09-10,True,True,2026-09-04T15:50:00-04:00,censored,False,,,,,,,,,,,,
70,False,2026-09-03,AMZN,buy-first put-tail inventory,2026-09-18,190.0,185.0,hiro,price_finance,0,2026-09-04T10:06:00-04:00,0.07,0.05,2026-09-04T15:50:00-04:00,2026-09-10,True,False,2026-09-04T15:50:00-04:00,aborted_uncompleted,False,,,,-5.300000000000001,2.0,,-7.300000000000001,3.0,,-5.300000000000001,-5.300000000000001,-5.300000000000001
70,False,2026-09-03,AMZN,buy-first put-tail inventory,2026-09-18,190.0,185.0,hiro,price_finance,1,2026-09-04T10:06:00-04:00,0.07,0.05,2026-09-04T15:50:00-04:00,2026-09-10,True,True,2026-09-04T15:50:00-04:00,censored,False,,,,-5.300000000000001,2.0,,-7.300000000000001,3.0,,-5.300000000000001,-5.300000000000001,-5.300000000000001
70,False,2026-09-03,AMZN,buy-first put-tail inventory,2026-09-18,190.0,185.0,hiro,price_finance,2,2026-09-04T10:06:00-04:00,0.07,0.05,2026-09-04T15:50:00-04:00,2026-09-10,True,True,2026-09-04T15:50:00-04:00,censored,False,,,,-5.300000000000001,2.0,,-7.300000000000001,3.0,,-5.300000000000001,-5.300000000000001,-5.300000000000001
70,False,2026-09-03,AMZN,buy-first put-tail inventory,2026-09-18,190.0,185.0,hiro,hiro_finance,0,2026-09-04T10:06:00-04:00,0.07,0.05,2026-09-04T15:50:00-04:00,2026-09-10,True,False,2026-09-04T15:50:00-04:00,aborted_uncompleted,False,,,,-5.300000000000001,2.0,,-7.300000000000001,3.0,,-5.300000000000001,-5.300000000000001,-5.300000000000001
70,False,2026-09-03,AMZN,buy-first put-tail inventory,2026-09-18,190.0,185.0,hiro,hiro_finance,1,2026-09-04T10:06:00-04:00,0.07,0.05,2026-09-04T15:50:00-04:00,2026-09-10,True,True,2026-09-04T15:50:00-04:00,censored,False,,,,-5.300000000000001,2.0,,-7.300000000000001,3.0,,-5.300000000000001,-5.300000000000001,-5.300000000000001
70,False,2026-09-03,AMZN,buy-first put-tail inventory,2026-09-18,190.0,185.0,hiro,hiro_finance,2,2026-09-04T10:06:00-04:00,0.07,0.05,2026-09-04T15:50:00-04:00,2026-09-10,True,True,2026-09-04T15:50:00-04:00,censored,False,,,,-5.300000000000001,2.0,,-7.300000000000001,3.0,,-5.300000000000001,-5.300000000000001,-5.300000000000001
71,False,2026-09-03,BE,buy-first put-tail inventory,2026-09-18,135.0,130.0,hiro,simultaneous,-1,2026-09-04T11:01:00-04:00,0.18,0.09999999999999999,2026-09-04T15:50:00-04:00,2026-09-10,True,False,2026-09-04T15:50:00-04:00,completed,True,2026-09-04T11:01:00-04:00,0.08,-12.6,-22.6,4.0,-9.3,-26.6,-10.0,-13.3,-40.6,-13.599999999999998,
71,False,2026-09-03,BE,buy-first put-tail inventory,2026-09-18,135.0,130.0,hiro,standalone,-1,2026-09-04T11:01:00-04:00,0.18,0.09999999999999999,2026-09-04T15:50:00-04:00,2026-09-10,True,False,2026-09-04T15:50:00-04:00,standalone,False,,,,-19.3,2.0,,-21.3,0.0,,-19.3,-9.299999999999999,-19.3
71,False,2026-09-03,BE,buy-first put-tail inventory,2026-09-18,135.0,130.0,hiro,fixed_clock,0,2026-09-04T11:01:00-04:00,0.18,0.09999999999999999,2026-09-04T15:50:00-04:00,2026-09-10,True,False,2026-09-04T15:50:00-04:00,completed,True,2026-09-04T15:50:00-04:00,0.06,-14.6,-24.6,4.0,-5.300000000000001,-28.6,-10.0,-19.3,-24.6,-9.299999999999999,-18.3
71,False,2026-09-03,BE,buy-first put-tail inventory,2026-09-18,135.0,130.0,hiro,fixed_clock,1,2026-09-04T11:01:00-04:00,0.18,0.09999999999999999,2026-09-04T15:50:00-04:00,2026-09-10,True,True,2026-09-04T15:50:00-04:00,censored,False,,,,,,,,,,,,
71,False,2026-09-03,BE,buy-first put-tail inventory,2026-09-18,135.0,130.0,hiro,fixed_clock,2,2026-09-04T11:01:00-04:00,0.18,0.09999999999999999,2026-09-04T15:50:00-04:00,2026-09-10,True,True,2026-09-04T15:50:00-04:00,censored,False,,,,,,,,,,,,
71,False,2026-09-03,BE,buy-first put-tail inventory,2026-09-18,135.0,130.0,hiro,price_finance,0,2026-09-04T11:01:00-04:00,0.18,0.09999999999999999,2026-09-04T15:50:00-04:00,2026-09-10,True,False,2026-09-04T15:50:00-04:00,aborted_uncompleted,False,,,,-19.3,2.0,,-21.3,0.0,,-19.3,-9.299999999999999,-19.3
71,False,2026-09-03,BE,buy-first put-tail inventory,2026-09-18,135.0,130.0,hiro,price_finance,1,2026-09-04T11:01:00-04:00,0.18,0.09999999999999999,2026-09-04T15:50:00-04:00,2026-09-10,True,True,2026-09-04T15:50:00-04:00,censored,False,,,,-19.3,2.0,,-21.3,0.0,,-19.3,-9.299999999999999,-19.3
71,False,2026-09-03,BE,buy-first put-tail inventory,2026-09-18,135.0,130.0,hiro,price_finance,2,2026-09-04T11:01:00-04:00,0.18,0.09999999999999999,2026-09-04T15:50:00-04:00,2026-09-10,True,True,2026-09-04T15:50:00-04:00,censored,False,,,,-19.3,2.0,,-21.3,0.0,,-19.3,-9.299999999999999,-19.3
71,False,2026-09-03,BE,buy-first put-tail inventory,2026-09-18,135.0,130.0,hiro,hiro_finance,0,2026-09-04T11:01:00-04:00,0.18,0.09999999999999999,2026-09-04T15:50:00-04:00,2026-09-10,True,False,2026-09-04T15:50:00-04:00,aborted_uncompleted,False,,,,-19.3,2.0,,-21.3,0.0,,-19.3,-9.299999999999999,-19.3
71,False,2026-09-03,BE,buy-first put-tail inventory,2026-09-18,135.0,130.0,hiro,hiro_finance,1,2026-09-04T11:01:00-04:00,0.18,0.09999999999999999,2026-09-04T15:50:00-04:00,2026-09-10,True,True,2026-09-04T15:50:00-04:00,censored,False,,,,-19.3,2.0,,-21.3,0.0,,-19.3,-9.299999999999999,-19.3
71,False,2026-09-03,BE,buy-first put-tail inventory,2026-09-18,135.0,130.0,hiro,hiro_finance,2,2026-09-04T11:01:00-04:00,0.18,0.09999999999999999,2026-09-04T15:50:00-04:00,2026-09-10,True,True,2026-09-04T15:50:00-04:00,censored,False,,,,-19.3,2.0,,-21.3,0.0,,-19.3,-9.299999999999999,-19.3
72,True,2026-09-03,BMNR,buy-first put-tail inventory,2026-09-18,19.0,14.0,clock,simultaneous,-1,2026-09-04T10:01:00-04:00,0.09,0.08,2026-09-04T15:50:00-04:00,2026-09-10,True,False,2026-09-04T15:50:00-04:00,completed,True,2026-09-04T10:01:00-04:00,0.01,-10.6,-14.6,4.0,-10.3,-18.6,-3.9999999999999996,-4.3,-14.6,-6.6,
72,True,2026-09-03,BMNR,buy-first put-tail inventory,2026-09-18,19.0,14.0,clock,standalone,-1,2026-09-04T10:01:00-04:00,0.09,0.08,2026-09-04T15:50:00-04:00,2026-09-10,True,False,2026-09-04T15:50:00-04:00,standalone,False,,,,-5.3,2.0,,-7.3,5.0,,-5.3,-3.299999999999999,-5.3
72,True,2026-09-03,BMNR,buy-first put-tail inventory,2026-09-18,19.0,14.0,clock,fixed_clock,0,2026-09-04T10:01:00-04:00,0.09,0.08,2026-09-04T15:50:00-04:00,2026-09-10,True,False,2026-09-04T15:50:00-04:00,completed,True,2026-09-04T15:50:00-04:00,0.01,-10.6,-14.6,4.0,-9.3,-18.6,-3.9999999999999996,-5.3,-14.6,-3.299999999999999,-5.3
72,True,2026-09-03,BMNR,buy-first put-tail inventory,2026-09-18,19.0,14.0,clock,fixed_clock,1,2026-09-04T10:01:00-04:00,0.09,0.08,2026-09-04T15:50:00-04:00,2026-09-10,True,True,2026-09-04T15:50:00-04:00,censored,False,,,,,,,,,,,,
72,True,2026-09-03,BMNR,buy-first put-tail inventory,2026-09-18,19.0,14.0,clock,fixed_clock,2,2026-09-04T10:01:00-04:00,0.09,0.08,2026-09-04T15:50:00-04:00,2026-09-10,True,True,2026-09-04T15:50:00-04:00,censored,False,,,,,,,,,,,,
72,True,2026-09-03,BMNR,buy-first put-tail inventory,2026-09-18,19.0,14.0,clock,price_finance,0,2026-09-04T10:01:00-04:00,0.09,0.08,2026-09-04T15:50:00-04:00,2026-09-10,True,False,2026-09-04T15:50:00-04:00,aborted_uncompleted,False,,,,-5.3,2.0,,-7.3,5.0,,-5.3,-3.299999999999999,-5.3
72,True,2026-09-03,BMNR,buy-first put-tail inventory,2026-09-18,19.0,14.0,clock,price_finance,1,2026-09-04T10:01:00-04:00,0.09,0.08,2026-09-04T15:50:00-04:00,2026-09-10,True,True,2026-09-04T15:50:00-04:00,censored,False,,,,-5.3,2.0,,-7.3,5.0,,-5.3,-3.299999999999999,-5.3
72,True,2026-09-03,BMNR,buy-first put-tail inventory,2026-09-18,19.0,14.0,clock,price_finance,2,2026-09-04T10:01:00-04:00,0.09,0.08,2026-09-04T15:50:00-04:00,2026-09-10,True,True,2026-09-04T15:50:00-04:00,censored,False,,,,-5.3,2.0,,-7.3,5.0,,-5.3,-3.299999999999999,-5.3
72,True,2026-09-03,BMNR,buy-first put-tail inventory,2026-09-18,19.0,14.0,clock,hiro_finance,0,2026-09-04T10:01:00-04:00,0.09,0.08,2026-09-04T15:50:00-04:00,2026-09-10,True,False,2026-09-04T15:50:00-04:00,aborted_uncompleted,False,,,,-5.3,2.0,,-7.3,5.0,,-5.3,-3.299999999999999,-5.3
72,True,2026-09-03,BMNR,buy-first put-tail inventory,2026-09-18,19.0,14.0,clock,hiro_finance,1,2026-09-04T10:01:00-04:00,0.09,0.08,2026-09-04T15:50:00-04:00,2026-09-10,True,True,2026-09-04T15:50:00-04:00,censored,False,,,,-5.3,2.0,,-7.3,5.0,,-5.3,-3.299999999999999,-5.3
72,True,2026-09-03,BMNR,buy-first put-tail inventory,2026-09-18,19.0,14.0,clock,hiro_finance,2,2026-09-04T10:01:00-04:00,0.09,0.08,2026-09-04T15:50:00-04:00,2026-09-10,True,True,2026-09-04T15:50:00-04:00,censored,False,,,,-5.3,2.0,,-7.3,5.0,,-5.3,-3.299999999999999,-5.3
72,True,2026-09-03,BMNR,buy-first put-tail inventory,2026-09-18,19.0,14.0,hiro,simultaneous,-1,2026-09-04T10:26:00-04:00,0.09,0.08,2026-09-04T15:50:00-04:00,2026-09-10,True,False,2026-09-04T15:50:00-04:00,completed,True,2026-09-04T10:26:00-04:00,0.01,-10.6,-14.6,4.0,-10.3,-18.6,-3.9999999999999996,-4.3,-14.6,-6.6,
72,True,2026-09-03,BMNR,buy-first put-tail inventory,2026-09-18,19.0,14.0,hiro,standalone,-1,2026-09-04T10:26:00-04:00,0.09,0.08,2026-09-04T15:50:00-04:00,2026-09-10,True,False,2026-09-04T15:50:00-04:00,standalone,False,,,,-5.3,2.0,,-7.3,5.0,,-5.3,-3.299999999999999,-5.3
72,True,2026-09-03,BMNR,buy-first put-tail inventory,2026-09-18,19.0,14.0,hiro,fixed_clock,0,2026-09-04T10:26:00-04:00,0.09,0.08,2026-09-04T15:50:00-04:00,2026-09-10,True,False,2026-09-04T15:50:00-04:00,completed,True,2026-09-04T15:50:00-04:00,0.01,-10.6,-14.6,4.0,-9.3,-18.6,-3.9999999999999996,-5.3,-14.6,-3.299999999999999,-5.3
72,True,2026-09-03,BMNR,buy-first put-tail inventory,2026-09-18,19.0,14.0,hiro,fixed_clock,1,2026-09-04T10:26:00-04:00,0.09,0.08,2026-09-04T15:50:00-04:00,2026-09-10,True,True,2026-09-04T15:50:00-04:00,censored,False,,,,,,,,,,,,
72,True,2026-09-03,BMNR,buy-first put-tail inventory,2026-09-18,19.0,14.0,hiro,fixed_clock,2,2026-09-04T10:26:00-04:00,0.09,0.08,2026-09-04T15:50:00-04:00,2026-09-10,True,True,2026-09-04T15:50:00-04:00,censored,False,,,,,,,,,,,,
72,True,2026-09-03,BMNR,buy-first put-tail inventory,2026-09-18,19.0,14.0,hiro,price_finance,0,2026-09-04T10:26:00-04:00,0.09,0.08,2026-09-04T15:50:00-04:00,2026-09-10,True,False,2026-09-04T15:50:00-04:00,aborted_uncompleted,False,,,,-5.3,2.0,,-7.3,5.0,,-5.3,-3.299999999999999,-5.3
72,True,2026-09-03,BMNR,buy-first put-tail inventory,2026-09-18,19.0,14.0,hiro,price_finance,1,2026-09-04T10:26:00-04:00,0.09,0.08,2026-09-04T15:50:00-04:00,2026-09-10,True,True,2026-09-04T15:50:00-04:00,censored,False,,,,-5.3,2.0,,-7.3,5.0,,-5.3,-3.299999999999999,-5.3
72,True,2026-09-03,BMNR,buy-first put-tail inventory,2026-09-18,19.0,14.0,hiro,price_finance,2,2026-09-04T10:26:00-04:00,0.09,0.08,2026-09-04T15:50:00-04:00,2026-09-10,True,True,2026-09-04T15:50:00-04:00,censored,False,,,,-5.3,2.0,,-7.3,5.0,,-5.3,-3.299999999999999,-5.3
72,True,2026-09-03,BMNR,buy-first put-tail inventory,2026-09-18,19.0,14.0,hiro,hiro_finance,0,2026-09-04T10:26:00-04:00,0.09,0.08,2026-09-04T15:50:00-04:00,2026-09-10,True,False,2026-09-04T15:50:00-04:00,aborted_uncompleted,False,,,,-5.3,2.0,,-7.3,5.0,,-5.3,-3.299999999999999,-5.3
72,True,2026-09-03,BMNR,buy-first put-tail inventory,2026-09-18,19.0,14.0,hiro,hiro_finance,1,2026-09-04T10:26:00-04:00,0.09,0.08,2026-09-04T15:50:00-04:00,2026-09-10,True,True,2026-09-04T15:50:00-04:00,censored,False,,,,-5.3,2.0,,-7.3,5.0,,-5.3,-3.299999999999999,-5.3
72,True,2026-09-03,BMNR,buy-first put-tail inventory,2026-09-18,19.0,14.0,hiro,hiro_finance,2,2026-09-04T10:26:00-04:00,0.09,0.08,2026-09-04T15:50:00-04:00,2026-09-10,True,True,2026-09-04T15:50:00-04:00,censored,False,,,,-5.3,2.0,,-7.3,5.0,,-5.3,-3.299999999999999,-5.3
73,False,2026-09-03,CRWV,buy-first put-tail inventory,2026-09-18,47.5,42.5,clock,simultaneous,-1,2026-09-04T10:01:00-04:00,0.08,0.07,2026-09-04T15:50:00-04:00,2026-09-10,True,False,2026-09-04T15:50:00-04:00,completed,True,2026-09-04T10:01:00-04:00,0.01,-9.600000000000001,-14.6,4.0,-6.299999999999999,-18.6,-5.0,-8.3,-31.600000000000005,-9.600000000000001,
73,False,2026-09-03,CRWV,buy-first put-tail inventory,2026-09-18,47.5,42.5,clock,standalone,-1,2026-09-04T10:01:00-04:00,0.08,0.07,2026-09-04T15:50:00-04:00,2026-09-10,True,False,2026-09-04T15:50:00-04:00,standalone,False,,,,-8.3,2.0,,-10.3,1.0,,-8.3,-8.3,-8.3
73,False,2026-09-03,CRWV,buy-first put-tail inventory,2026-09-18,47.5,42.5,clock,fixed_clock,0,2026-09-04T10:01:00-04:00,0.08,0.07,2026-09-04T15:50:00-04:00,2026-09-10,True,False,2026-09-04T15:50:00-04:00,unpriced_deadline,False,,,,,,,,,,,,
73,False,2026-09-03,CRWV,buy-first put-tail inventory,2026-09-18,47.5,42.5,clock,fixed_clock,1,2026-09-04T10:01:00-04:00,0.08,0.07,2026-09-04T15:50:00-04:00,2026-09-10,True,True,2026-09-04T15:50:00-04:00,censored,False,,,,,,,,,,,,
73,False,2026-09-03,CRWV,buy-first put-tail inventory,2026-09-18,47.5,42.5,clock,fixed_clock,2,2026-09-04T10:01:00-04:00,0.08,0.07,2026-09-04T15:50:00-04:00,2026-09-10,True,True,2026-09-04T15:50:00-04:00,censored,False,,,,,,,,,,,,
73,False,2026-09-03,CRWV,buy-first put-tail inventory,2026-09-18,47.5,42.5,clock,price_finance,0,2026-09-04T10:01:00-04:00,0.08,0.07,2026-09-04T15:50:00-04:00,2026-09-10,True,False,2026-09-04T15:50:00-04:00,aborted_uncompleted,False,,,,-8.3,2.0,,-10.3,1.0,,-8.3,-8.3,-8.3
73,False,2026-09-03,CRWV,buy-first put-tail inventory,2026-09-18,47.5,42.5,clock,price_finance,1,2026-09-04T10:01:00-04:00,0.08,0.07,2026-09-04T15:50:00-04:00,2026-09-10,True,True,2026-09-04T15:50:00-04:00,censored,False,,,,-8.3,2.0,,-10.3,1.0,,-8.3,-8.3,-8.3
73,False,2026-09-03,CRWV,buy-first put-tail inventory,2026-09-18,47.5,42.5,clock,price_finance,2,2026-09-04T10:01:00-04:00,0.08,0.07,2026-09-04T15:50:00-04:00,2026-09-10,True,True,2026-09-04T15:50:00-04:00,censored,False,,,,-8.3,2.0,,-10.3,1.0,,-8.3,-8.3,-8.3
73,False,2026-09-03,CRWV,buy-first put-tail inventory,2026-09-18,47.5,42.5,clock,hiro_finance,0,2026-09-04T10:01:00-04:00,0.08,0.07,2026-09-04T15:50:00-04:00,2026-09-10,True,False,2026-09-04T15:50:00-04:00,aborted_uncompleted,False,,,,-8.3,2.0,,-10.3,1.0,,-8.3,-8.3,-8.3
73,False,2026-09-03,CRWV,buy-first put-tail inventory,2026-09-18,47.5,42.5,clock,hiro_finance,1,2026-09-04T10:01:00-04:00,0.08,0.07,2026-09-04T15:50:00-04:00,2026-09-10,True,True,2026-09-04T15:50:00-04:00,censored,False,,,,-8.3,2.0,,-10.3,1.0,,-8.3,-8.3,-8.3
73,False,2026-09-03,CRWV,buy-first put-tail inventory,2026-09-18,47.5,42.5,clock,hiro_finance,2,2026-09-04T10:01:00-04:00,0.08,0.07,2026-09-04T15:50:00-04:00,2026-09-10,True,True,2026-09-04T15:50:00-04:00,censored,False,,,,-8.3,2.0,,-10.3,1.0,,-8.3,-8.3,-8.3
73,False,2026-09-03,CRWV,buy-first put-tail inventory,2026-09-18,47.5,42.5,hiro,simultaneous,-1,2026-09-04T10:16:00-04:00,0.08,0.07,2026-09-04T15:50:00-04:00,2026-09-10,True,False,2026-09-04T15:50:00-04:00,completed,True,2026-09-04T10:16:00-04:00,0.01,-9.600000000000001,-14.6,4.0,-6.299999999999999,-18.6,-5.0,-8.3,-31.600000000000005,-9.600000000000001,
73,False,2026-09-03,CRWV,buy-first put-tail inventory,2026-09-18,47.5,42.5,hiro,standalone,-1,2026-09-04T10:16:00-04:00,0.08,0.07,2026-09-04T15:50:00-04:00,2026-09-10,True,False,2026-09-04T15:50:00-04:00,standalone,False,,,,-8.3,2.0,,-10.3,1.0,,-8.3,-8.3,-8.3
73,False,2026-09-03,CRWV,buy-first put-tail inventory,2026-09-18,47.5,42.5,hiro,fixed_clock,0,2026-09-04T10:16:00-04:00,0.08,0.07,2026-09-04T15:50:00-04:00,2026-09-10,True,False,2026-09-04T15:50:00-04:00,unpriced_deadline,False,,,,,,,,,,,,
73,False,2026-09-03,CRWV,buy-first put-tail inventory,2026-09-18,47.5,42.5,hiro,fixed_clock,1,2026-09-04T10:16:00-04:00,0.08,0.07,2026-09-04T15:50:00-04:00,2026-09-10,True,True,2026-09-04T15:50:00-04:00,censored,False,,,,,,,,,,,,
73,False,2026-09-03,CRWV,buy-first put-tail inventory,2026-09-18,47.5,42.5,hiro,fixed_clock,2,2026-09-04T10:16:00-04:00,0.08,0.07,2026-09-04T15:50:00-04:00,2026-09-10,True,True,2026-09-04T15:50:00-04:00,censored,False,,,,,,,,,,,,
73,False,2026-09-03,CRWV,buy-first put-tail inventory,2026-09-18,47.5,42.5,hiro,price_finance,0,2026-09-04T10:16:00-04:00,0.08,0.07,2026-09-04T15:50:00-04:00,2026-09-10,True,False,2026-09-04T15:50:00-04:00,aborted_uncompleted,False,,,,-8.3,2.0,,-10.3,1.0,,-8.3,-8.3,-8.3
73,False,2026-09-03,CRWV,buy-first put-tail inventory,2026-09-18,47.5,42.5,hiro,price_finance,1,2026-09-04T10:16:00-04:00,0.08,0.07,2026-09-04T15:50:00-04:00,2026-09-10,True,True,2026-09-04T15:50:00-04:00,censored,False,,,,-8.3,2.0,,-10.3,1.0,,-8.3,-8.3,-8.3
73,False,2026-09-03,CRWV,buy-first put-tail inventory,2026-09-18,47.5,42.5,hiro,price_finance,2,2026-09-04T10:16:00-04:00,0.08,0.07,2026-09-04T15:50:00-04:00,2026-09-10,True,True,2026-09-04T15:50:00-04:00,censored,False,,,,-8.3,2.0,,-10.3,1.0,,-8.3,-8.3,-8.3
73,False,2026-09-03,CRWV,buy-first put-tail inventory,2026-09-18,47.5,42.5,hiro,hiro_finance,0,2026-09-04T10:16:00-04:00,0.08,0.07,2026-09-04T15:50:00-04:00,2026-09-10,True,False,2026-09-04T15:50:00-04:00,aborted_uncompleted,False,,,,-8.3,2.0,,-10.3,1.0,,-8.3,-8.3,-8.3
73,False,2026-09-03,CRWV,buy-first put-tail inventory,2026-09-18,47.5,42.5,hiro,hiro_finance,1,2026-09-04T10:16:00-04:00,0.08,0.07,2026-09-04T15:50:00-04:00,2026-09-10,True,True,2026-09-04T15:50:00-04:00,censored,False,,,,-8.3,2.0,,-10.3,1.0,,-8.3,-8.3,-8.3
73,False,2026-09-03,CRWV,buy-first put-tail inventory,2026-09-18,47.5,42.5,hiro,hiro_finance,2,2026-09-04T10:16:00-04:00,0.08,0.07,2026-09-04T15:50:00-04:00,2026-09-10,True,True,2026-09-04T15:50:00-04:00,censored,False,,,,-8.3,2.0,,-10.3,1.0,,-8.3,-8.3,-8.3
74,True,2026-09-03,GOOG,buy-first put-tail inventory,2026-09-18,240.0,235.0,hiro,simultaneous,-1,2026-09-04T14:31:00-04:00,0.08,0.07,2026-09-04T15:50:00-04:00,2026-09-10,True,False,2026-09-04T15:50:00-04:00,completed,True,2026-09-04T14:31:00-04:00,0.01,-9.600000000000001,-16.6,4.0,-8.3,-20.6,-7.000000000000001,-8.3,-16.6,-16.6,
74,True,2026-09-03,GOOG,buy-first put-tail inventory,2026-09-18,240.0,235.0,hiro,standalone,-1,2026-09-04T14:31:00-04:00,0.08,0.07,2026-09-04T15:50:00-04:00,2026-09-10,True,False,2026-09-04T15:50:00-04:00,standalone,False,,,,-8.3,2.0,,-10.3,1.0,,-8.3,-8.3,-8.3
74,True,2026-09-03,GOOG,buy-first put-tail inventory,2026-09-18,240.0,235.0,hiro,fixed_clock,0,2026-09-04T14:31:00-04:00,0.08,0.07,2026-09-04T15:50:00-04:00,2026-09-10,True,False,2026-09-04T15:50:00-04:00,completed,True,2026-09-04T15:50:00-04:00,0.01,-9.600000000000001,-16.6,4.0,-8.3,-20.6,-7.000000000000001,-8.3,-16.6,-8.3,-8.3
74,True,2026-09-03,GOOG,buy-first put-tail inventory,2026-09-18,240.0,235.0,hiro,fixed_clock,1,2026-09-04T14:31:00-04:00,0.08,0.07,2026-09-04T15:50:00-04:00,2026-09-10,True,True,2026-09-04T15:50:00-04:00,censored,False,,,,,,,,,,,,
74,True,2026-09-03,GOOG,buy-first put-tail inventory,2026-09-18,240.0,235.0,hiro,fixed_clock,2,2026-09-04T14:31:00-04:00,0.08,0.07,2026-09-04T15:50:00-04:00,2026-09-10,True,True,2026-09-04T15:50:00-04:00,censored,False,,,,,,,,,,,,
74,True,2026-09-03,GOOG,buy-first put-tail inventory,2026-09-18,240.0,235.0,hiro,price_finance,0,2026-09-04T14:31:00-04:00,0.08,0.07,2026-09-04T15:50:00-04:00,2026-09-10,True,False,2026-09-04T15:50:00-04:00,aborted_uncompleted,False,,,,-8.3,2.0,,-10.3,1.0,,-8.3,-8.3,-8.3
74,True,2026-09-03,GOOG,buy-first put-tail inventory,2026-09-18,240.0,235.0,hiro,price_finance,1,2026-09-04T14:31:00-04:00,0.08,0.07,2026-09-04T15:50:00-04:00,2026-09-10,True,True,2026-09-04T15:50:00-04:00,censored,False,,,,-8.3,2.0,,-10.3,1.0,,-8.3,-8.3,-8.3
74,True,2026-09-03,GOOG,buy-first put-tail inventory,2026-09-18,240.0,235.0,hiro,price_finance,2,2026-09-04T14:31:00-04:00,0.08,0.07,2026-09-04T15:50:00-04:00,2026-09-10,True,True,2026-09-04T15:50:00-04:00,censored,False,,,,-8.3,2.0,,-10.3,1.0,,-8.3,-8.3,-8.3
74,True,2026-09-03,GOOG,buy-first put-tail inventory,2026-09-18,240.0,235.0,hiro,hiro_finance,0,2026-09-04T14:31:00-04:00,0.08,0.07,2026-09-04T15:50:00-04:00,2026-09-10,True,False,2026-09-04T15:50:00-04:00,aborted_uncompleted,False,,,,-8.3,2.0,,-10.3,1.0,,-8.3,-8.3,-8.3
74,True,2026-09-03,GOOG,buy-first put-tail inventory,2026-09-18,240.0,235.0,hiro,hiro_finance,1,2026-09-04T14:31:00-04:00,0.08,0.07,2026-09-04T15:50:00-04:00,2026-09-10,True,True,2026-09-04T15:50:00-04:00,censored,False,,,,-8.3,2.0,,-10.3,1.0,,-8.3,-8.3,-8.3
74,True,2026-09-03,GOOG,buy-first put-tail inventory,2026-09-18,240.0,235.0,hiro,hiro_finance,2,2026-09-04T14:31:00-04:00,0.08,0.07,2026-09-04T15:50:00-04:00,2026-09-10,True,True,2026-09-04T15:50:00-04:00,censored,False,,,,-8.3,2.0,,-10.3,1.0,,-8.3,-8.3,-8.3
75,True,2026-09-03,MRVL,buy-first put-tail inventory,2026-09-18,125.0,120.0,hiro,simultaneous,-1,2026-09-04T10:26:00-04:00,0.11,0.1,2026-09-04T15:50:00-04:00,2026-09-10,True,False,2026-09-04T15:50:00-04:00,completed,True,2026-09-04T10:26:00-04:00,0.01,-12.6,-16.6,4.0,-5.300000000000001,-20.6,-4.0,-11.3,-17.6,-13.6,
75,True,2026-09-03,MRVL,buy-first put-tail inventory,2026-09-18,125.0,120.0,hiro,standalone,-1,2026-09-04T10:26:00-04:00,0.11,0.1,2026-09-04T15:50:00-04:00,2026-09-10,True,False,2026-09-04T15:50:00-04:00,standalone,False,,,,-11.3,2.0,,-13.3,1.0,,-11.3,-10.3,-11.3
75,True,2026-09-03,MRVL,buy-first put-tail inventory,2026-09-18,125.0,120.0,hiro,fixed_clock,0,2026-09-04T10:26:00-04:00,0.11,0.1,2026-09-04T15:50:00-04:00,2026-09-10,True,False,2026-09-04T15:50:00-04:00,completed,True,2026-09-04T15:50:00-04:00,0.02,-11.6,-15.6,4.0,-4.299999999999999,-19.6,-4.0,-11.3,-15.6,-10.3,-11.3
75,True,2026-09-03,MRVL,buy-first put-tail inventory,2026-09-18,125.0,120.0,hiro,fixed_clock,1,2026-09-04T10:26:00-04:00,0.11,0.1,2026-09-04T15:50:00-04:00,2026-09-10,True,True,2026-09-04T15:50:00-04:00,censored,False,,,,,,,,,,,,
75,True,2026-09-03,MRVL,buy-first put-tail inventory,2026-09-18,125.0,120.0,hiro,fixed_clock,2,2026-09-04T10:26:00-04:00,0.11,0.1,2026-09-04T15:50:00-04:00,2026-09-10,True,True,2026-09-04T15:50:00-04:00,censored,False,,,,,,,,,,,,
75,True,2026-09-03,MRVL,buy-first put-tail inventory,2026-09-18,125.0,120.0,hiro,price_finance,0,2026-09-04T10:26:00-04:00,0.11,0.1,2026-09-04T15:50:00-04:00,2026-09-10,True,False,2026-09-04T15:50:00-04:00,aborted_uncompleted,False,,,,-11.3,2.0,,-13.3,1.0,,-11.3,-10.3,-11.3
75,True,2026-09-03,MRVL,buy-first put-tail inventory,2026-09-18,125.0,120.0,hiro,price_finance,1,2026-09-04T10:26:00-04:00,0.11,0.1,2026-09-04T15:50:00-04:00,2026-09-10,True,True,2026-09-04T15:50:00-04:00,censored,False,,,,-11.3,2.0,,-13.3,1.0,,-11.3,-10.3,-11.3
75,True,2026-09-03,MRVL,buy-first put-tail inventory,2026-09-18,125.0,120.0,hiro,price_finance,2,2026-09-04T10:26:00-04:00,0.11,0.1,2026-09-04T15:50:00-04:00,2026-09-10,True,True,2026-09-04T15:50:00-04:00,censored,False,,,,-11.3,2.0,,-13.3,1.0,,-11.3,-10.3,-11.3
75,True,2026-09-03,MRVL,buy-first put-tail inventory,2026-09-18,125.0,120.0,hiro,hiro_finance,0,2026-09-04T10:26:00-04:00,0.11,0.1,2026-09-04T15:50:00-04:00,2026-09-10,True,False,2026-09-04T15:50:00-04:00,aborted_uncompleted,False,,,,-11.3,2.0,,-13.3,1.0,,-11.3,-10.3,-11.3
75,True,2026-09-03,MRVL,buy-first put-tail inventory,2026-09-18,125.0,120.0,hiro,hiro_finance,1,2026-09-04T10:26:00-04:00,0.11,0.1,2026-09-04T15:50:00-04:00,2026-09-10,True,True,2026-09-04T15:50:00-04:00,censored,False,,,,-11.3,2.0,,-13.3,1.0,,-11.3,-10.3,-11.3
75,True,2026-09-03,MRVL,buy-first put-tail inventory,2026-09-18,125.0,120.0,hiro,hiro_finance,2,2026-09-04T10:26:00-04:00,0.11,0.1,2026-09-04T15:50:00-04:00,2026-09-10,True,True,2026-09-04T15:50:00-04:00,censored,False,,,,-11.3,2.0,,-13.3,1.0,,-11.3,-10.3,-11.3
76,True,2026-09-03,MSFT,buy-first put-tail inventory,2026-09-18,350.0,345.0,hiro,simultaneous,-1,2026-09-04T11:31:00-04:00,0.04,0.03,2026-09-04T15:50:00-04:00,2026-09-10,True,False,2026-09-04T15:50:00-04:00,completed,True,2026-09-04T11:31:00-04:00,0.01,-5.6,-9.6,4.0,-6.3,-13.6,-3.9999999999999996,-3.3,-9.6,-9.6,
76,True,2026-09-03,MSFT,buy-first put-tail inventory,2026-09-18,350.0,345.0,hiro,standalone,-1,2026-09-04T11:31:00-04:00,0.04,0.03,2026-09-04T15:50:00-04:00,2026-09-10,True,False,2026-09-04T15:50:00-04:00,standalone,False,,,,-3.3,2.0,,-5.3,2.0,,-3.3,-3.3,-3.3
76,True,2026-09-03,MSFT,buy-first put-tail inventory,2026-09-18,350.0,345.0,hiro,fixed_clock,0,2026-09-04T11:31:00-04:00,0.04,0.03,2026-09-04T15:50:00-04:00,2026-09-10,True,False,2026-09-04T15:50:00-04:00,unpriced_deadline,False,,,,,,,,,,,,
76,True,2026-09-03,MSFT,buy-first put-tail inventory,2026-09-18,350.0,345.0,hiro,fixed_clock,1,2026-09-04T11:31:00-04:00,0.04,0.03,2026-09-04T15:50:00-04:00,2026-09-10,True,True,2026-09-04T15:50:00-04:00,censored,False,,,,,,,,,,,,
76,True,2026-09-03,MSFT,buy-first put-tail inventory,2026-09-18,350.0,345.0,hiro,fixed_clock,2,2026-09-04T11:31:00-04:00,0.04,0.03,2026-09-04T15:50:00-04:00,2026-09-10,True,True,2026-09-04T15:50:00-04:00,censored,False,,,,,,,,,,,,
76,True,2026-09-03,MSFT,buy-first put-tail inventory,2026-09-18,350.0,345.0,hiro,price_finance,0,2026-09-04T11:31:00-04:00,0.04,0.03,2026-09-04T15:50:00-04:00,2026-09-10,True,False,2026-09-04T15:50:00-04:00,aborted_uncompleted,False,,,,-3.3,2.0,,-5.3,2.0,,-3.3,-3.3,-3.3
76,True,2026-09-03,MSFT,buy-first put-tail inventory,2026-09-18,350.0,345.0,hiro,price_finance,1,2026-09-04T11:31:00-04:00,0.04,0.03,2026-09-04T15:50:00-04:00,2026-09-10,True,True,2026-09-04T15:50:00-04:00,censored,False,,,,-3.3,2.0,,-5.3,2.0,,-3.3,-3.3,-3.3
76,True,2026-09-03,MSFT,buy-first put-tail inventory,2026-09-18,350.0,345.0,hiro,price_finance,2,2026-09-04T11:31:00-04:00,0.04,0.03,2026-09-04T15:50:00-04:00,2026-09-10,True,True,2026-09-04T15:50:00-04:00,censored,False,,,,-3.3,2.0,,-5.3,2.0,,-3.3,-3.3,-3.3
76,True,2026-09-03,MSFT,buy-first put-tail inventory,2026-09-18,350.0,345.0,hiro,hiro_finance,0,2026-09-04T11:31:00-04:00,0.04,0.03,2026-09-04T15:50:00-04:00,2026-09-10,True,False,2026-09-04T15:50:00-04:00,aborted_uncompleted,False,,,,-3.3,2.0,,-5.3,2.0,,-3.3,-3.3,-3.3
76,True,2026-09-03,MSFT,buy-first put-tail inventory,2026-09-18,350.0,345.0,hiro,hiro_finance,1,2026-09-04T11:31:00-04:00,0.04,0.03,2026-09-04T15:50:00-04:00,2026-09-10,True,True,2026-09-04T15:50:00-04:00,censored,False,,,,-3.3,2.0,,-5.3,2.0,,-3.3,-3.3,-3.3
76,True,2026-09-03,MSFT,buy-first put-tail inventory,2026-09-18,350.0,345.0,hiro,hiro_finance,2,2026-09-04T11:31:00-04:00,0.04,0.03,2026-09-04T15:50:00-04:00,2026-09-10,True,True,2026-09-04T15:50:00-04:00,censored,False,,,,-3.3,2.0,,-5.3,2.0,,-3.3,-3.3,-3.3
78,True,2026-09-03,NBIS,buy-first put-tail inventory,2026-09-18,125.0,120.0,clock,simultaneous,-1,2026-09-04T10:01:00-04:00,0.18,0.09999999999999999,2026-09-04T15:50:00-04:00,2026-09-10,True,False,2026-09-04T15:50:00-04:00,completed,True,2026-09-04T10:01:00-04:00,0.08,-12.6,-25.6,4.0,-8.3,-29.6,-13.0,-17.3,-28.6,-14.599999999999998,
78,True,2026-09-03,NBIS,buy-first put-tail inventory,2026-09-18,125.0,120.0,clock,standalone,-1,2026-09-04T10:01:00-04:00,0.18,0.09999999999999999,2026-09-04T15:50:00-04:00,2026-09-10,True,False,2026-09-04T15:50:00-04:00,standalone,False,,,,-17.3,2.0,,-19.3,2.0,,-18.3,-7.3,-18.3
78,True,2026-09-03,NBIS,buy-first put-tail inventory,2026-09-18,125.0,120.0,clock,fixed_clock,0,2026-09-04T10:01:00-04:00,0.18,0.09999999999999999,2026-09-04T15:50:00-04:00,2026-09-10,True,False,2026-09-04T15:50:00-04:00,completed,True,2026-09-04T15:50:00-04:00,0.08,-12.6,-25.6,4.0,-8.3,-29.6,-13.0,-17.3,-25.6,-7.3,-18.3
78,True,2026-09-03,NBIS,buy-first put-tail inventory,2026-09-18,125.0,120.0,clock,fixed_clock,1,2026-09-04T10:01:00-04:00,0.18,0.09999999999999999,2026-09-04T15:50:00-04:00,2026-09-10,True,True,2026-09-04T15:50:00-04:00,censored,False,,,,,,,,,,,,
78,True,2026-09-03,NBIS,buy-first put-tail inventory,2026-09-18,125.0,120.0,clock,fixed_clock,2,2026-09-04T10:01:00-04:00,0.18,0.09999999999999999,2026-09-04T15:50:00-04:00,2026-09-10,True,True,2026-09-04T15:50:00-04:00,censored,False,,,,,,,,,,,,
78,True,2026-09-03,NBIS,buy-first put-tail inventory,2026-09-18,125.0,120.0,clock,price_finance,0,2026-09-04T10:01:00-04:00,0.18,0.09999999999999999,2026-09-04T15:50:00-04:00,2026-09-10,True,False,2026-09-04T15:50:00-04:00,aborted_uncompleted,False,,,,-17.3,2.0,,-19.3,2.0,,-18.3,-7.3,-18.3
78,True,2026-09-03,NBIS,buy-first put-tail inventory,2026-09-18,125.0,120.0,clock,price_finance,1,2026-09-04T10:01:00-04:00,0.18,0.09999999999999999,2026-09-04T15:50:00-04:00,2026-09-10,True,True,2026-09-04T15:50:00-04:00,censored,False,,,,-17.3,2.0,,-19.3,2.0,,-18.3,-7.3,-18.3
78,True,2026-09-03,NBIS,buy-first put-tail inventory,2026-09-18,125.0,120.0,clock,price_finance,2,2026-09-04T10:01:00-04:00,0.18,0.09999999999999999,2026-09-04T15:50:00-04:00,2026-09-10,True,True,2026-09-04T15:50:00-04:00,censored,False,,,,-17.3,2.0,,-19.3,2.0,,-18.3,-7.3,-18.3
78,True,2026-09-03,NBIS,buy-first put-tail inventory,2026-09-18,125.0,120.0,clock,hiro_finance,0,2026-09-04T10:01:00-04:00,0.18,0.09999999999999999,2026-09-04T15:50:00-04:00,2026-09-10,True,False,2026-09-04T15:50:00-04:00,aborted_uncompleted,False,,,,-17.3,2.0,,-19.3,2.0,,-18.3,-7.3,-18.3
78,True,2026-09-03,NBIS,buy-first put-tail inventory,2026-09-18,125.0,120.0,clock,hiro_finance,1,2026-09-04T10:01:00-04:00,0.18,0.09999999999999999,2026-09-04T15:50:00-04:00,2026-09-10,True,True,2026-09-04T15:50:00-04:00,censored,False,,,,-17.3,2.0,,-19.3,2.0,,-18.3,-7.3,-18.3
78,True,2026-09-03,NBIS,buy-first put-tail inventory,2026-09-18,125.0,120.0,clock,hiro_finance,2,2026-09-04T10:01:00-04:00,0.18,0.09999999999999999,2026-09-04T15:50:00-04:00,2026-09-10,True,True,2026-09-04T15:50:00-04:00,censored,False,,,,-17.3,2.0,,-19.3,2.0,,-18.3,-7.3,-18.3
78,True,2026-09-03,NBIS,buy-first put-tail inventory,2026-09-18,125.0,120.0,hiro,simultaneous,-1,2026-09-04T10:36:00-04:00,0.17,0.09000000000000001,2026-09-04T15:50:00-04:00,2026-09-10,True,False,2026-09-04T15:50:00-04:00,completed,True,2026-09-04T10:36:00-04:00,0.08,-11.600000000000001,-24.600000000000005,4.0,-8.300000000000004,-28.600000000000005,-13.0,-16.3,-27.6,-13.6,
78,True,2026-09-03,NBIS,buy-first put-tail inventory,2026-09-18,125.0,120.0,hiro,standalone,-1,2026-09-04T10:36:00-04:00,0.17,0.09000000000000001,2026-09-04T15:50:00-04:00,2026-09-10,True,False,2026-09-04T15:50:00-04:00,standalone,False,,,,-16.3,2.0,,-18.3,2.0,,-17.3,-6.300000000000002,-17.3
78,True,2026-09-03,NBIS,buy-first put-tail inventory,2026-09-18,125.0,120.0,hiro,fixed_clock,0,2026-09-04T10:36:00-04:00,0.17,0.09000000000000001,2026-09-04T15:50:00-04:00,2026-09-10,True,False,2026-09-04T15:50:00-04:00,completed,True,2026-09-04T15:50:00-04:00,0.08,-11.600000000000001,-24.600000000000005,4.0,-8.300000000000004,-28.600000000000005,-13.0,-16.3,-24.600000000000005,-6.300000000000002,-17.3
78,True,2026-09-03,NBIS,buy-first put-tail inventory,2026-09-18,125.0,120.0,hiro,fixed_clock,1,2026-09-04T10:36:00-04:00,0.17,0.09000000000000001,2026-09-04T15:50:00-04:00,2026-09-10,True,True,2026-09-04T15:50:00-04:00,censored,False,,,,,,,,,,,,
78,True,2026-09-03,NBIS,buy-first put-tail inventory,2026-09-18,125.0,120.0,hiro,fixed_clock,2,2026-09-04T10:36:00-04:00,0.17,0.09000000000000001,2026-09-04T15:50:00-04:00,2026-09-10,True,True,2026-09-04T15:50:00-04:00,censored,False,,,,,,,,,,,,
78,True,2026-09-03,NBIS,buy-first put-tail inventory,2026-09-18,125.0,120.0,hiro,price_finance,0,2026-09-04T10:36:00-04:00,0.17,0.09000000000000001,2026-09-04T15:50:00-04:00,2026-09-10,True,False,2026-09-04T15:50:00-04:00,aborted_uncompleted,False,,,,-16.3,2.0,,-18.3,2.0,,-17.3,-6.300000000000002,-17.3
78,True,2026-09-03,NBIS,buy-first put-tail inventory,2026-09-18,125.0,120.0,hiro,price_finance,1,2026-09-04T10:36:00-04:00,0.17,0.09000000000000001,2026-09-04T15:50:00-04:00,2026-09-10,True,True,2026-09-04T15:50:00-04:00,censored,False,,,,-16.3,2.0,,-18.3,2.0,,-17.3,-6.300000000000002,-17.3
78,True,2026-09-03,NBIS,buy-first put-tail inventory,2026-09-18,125.0,120.0,hiro,price_finance,2,2026-09-04T10:36:00-04:00,0.17,0.09000000000000001,2026-09-04T15:50:00-04:00,2026-09-10,True,True,2026-09-04T15:50:00-04:00,censored,False,,,,-16.3,2.0,,-18.3,2.0,,-17.3,-6.300000000000002,-17.3
78,True,2026-09-03,NBIS,buy-first put-tail inventory,2026-09-18,125.0,120.0,hiro,hiro_finance,0,2026-09-04T10:36:00-04:00,0.17,0.09000000000000001,2026-09-04T15:50:00-04:00,2026-09-10,True,False,2026-09-04T15:50:00-04:00,aborted_uncompleted,False,,,,-16.3,2.0,,-18.3,2.0,,-17.3,-6.300000000000002,-17.3
78,True,2026-09-03,NBIS,buy-first put-tail inventory,2026-09-18,125.0,120.0,hiro,hiro_finance,1,2026-09-04T10:36:00-04:00,0.17,0.09000000000000001,2026-09-04T15:50:00-04:00,2026-09-10,True,True,2026-09-04T15:50:00-04:00,censored,False,,,,-16.3,2.0,,-18.3,2.0,,-17.3,-6.300000000000002,-17.3
78,True,2026-09-03,NBIS,buy-first put-tail inventory,2026-09-18,125.0,120.0,hiro,hiro_finance,2,2026-09-04T10:36:00-04:00,0.17,0.09000000000000001,2026-09-04T15:50:00-04:00,2026-09-10,True,True,2026-09-04T15:50:00-04:00,censored,False,,,,-16.3,2.0,,-18.3,2.0,,-17.3,-6.300000000000002,-17.3
79,True,2026-09-03,NVDA,buy-first put-tail inventory,2026-09-18,155.0,150.0,clock,simultaneous,-1,2026-09-04T10:01:00-04:00,0.09,0.01999999999999999,2026-09-04T15:50:00-04:00,2026-09-10,True,False,2026-09-04T15:50:00-04:00,completed,True,2026-09-04T10:01:00-04:00,0.07,-4.6,-4.6,4.0,-2.3,-8.6,0.0,-2.3,-5.599999999999999,-4.6,
79,True,2026-09-03,NVDA,buy-first put-tail inventory,2026-09-18,155.0,150.0,clock,standalone,-1,2026-09-04T10:01:00-04:00,0.09,0.01999999999999999,2026-09-04T15:50:00-04:00,2026-09-10,True,False,2026-09-04T15:50:00-04:00,standalone,False,,,,-2.3,2.0,,-4.3,8.0,,-3.299999999999999,-1.3,-3.299999999999999
79,True,2026-09-03,NVDA,buy-first put-tail inventory,2026-09-18,155.0,150.0,clock,fixed_clock,0,2026-09-04T10:01:00-04:00,0.09,0.01999999999999999,2026-09-04T15:50:00-04:00,2026-09-10,True,False,2026-09-04T15:50:00-04:00,completed,True,2026-09-04T15:50:00-04:00,0.07,-4.6,-4.6,4.0,-2.3,-8.6,0.0,-2.3,-4.6,-1.3,-3.299999999999999
79,True,2026-09-03,NVDA,buy-first put-tail inventory,2026-09-18,155.0,150.0,clock,fixed_clock,1,2026-09-04T10:01:00-04:00,0.09,0.01999999999999999,2026-09-04T15:50:00-04:00,2026-09-10,True,True,2026-09-04T15:50:00-04:00,censored,False,,,,,,,,,,,,
79,True,2026-09-03,NVDA,buy-first put-tail inventory,2026-09-18,155.0,150.0,clock,fixed_clock,2,2026-09-04T10:01:00-04:00,0.09,0.01999999999999999,2026-09-04T15:50:00-04:00,2026-09-10,True,True,2026-09-04T15:50:00-04:00,censored,False,,,,,,,,,,,,
79,True,2026-09-03,NVDA,buy-first put-tail inventory,2026-09-18,155.0,150.0,clock,price_finance,0,2026-09-04T10:01:00-04:00,0.09,0.01999999999999999,2026-09-04T15:50:00-04:00,2026-09-10,True,False,2026-09-04T15:50:00-04:00,aborted_uncompleted,False,,,,-2.3,2.0,,-4.3,8.0,,-3.299999999999999,-1.3,-3.299999999999999
79,True,2026-09-03,NVDA,buy-first put-tail inventory,2026-09-18,155.0,150.0,clock,price_finance,1,2026-09-04T10:01:00-04:00,0.09,0.01999999999999999,2026-09-04T15:50:00-04:00,2026-09-10,True,True,2026-09-04T15:50:00-04:00,censored,False,,,,-2.3,2.0,,-4.3,8.0,,-3.299999999999999,-1.3,-3.299999999999999
79,True,2026-09-03,NVDA,buy-first put-tail inventory,2026-09-18,155.0,150.0,clock,price_finance,2,2026-09-04T10:01:00-04:00,0.09,0.01999999999999999,2026-09-04T15:50:00-04:00,2026-09-10,True,True,2026-09-04T15:50:00-04:00,censored,False,,,,-2.3,2.0,,-4.3,8.0,,-3.299999999999999,-1.3,-3.299999999999999
79,True,2026-09-03,NVDA,buy-first put-tail inventory,2026-09-18,155.0,150.0,clock,hiro_finance,0,2026-09-04T10:01:00-04:00,0.09,0.01999999999999999,2026-09-04T15:50:00-04:00,2026-09-10,True,False,2026-09-04T15:50:00-04:00,aborted_uncompleted,False,,,,-2.3,2.0,,-4.3,8.0,,-3.299999999999999,-1.3,-3.299999999999999
79,True,2026-09-03,NVDA,buy-first put-tail inventory,2026-09-18,155.0,150.0,clock,hiro_finance,1,2026-09-04T10:01:00-04:00,0.09,0.01999999999999999,2026-09-04T15:50:00-04:00,2026-09-10,True,True,2026-09-04T15:50:00-04:00,censored,False,,,,-2.3,2.0,,-4.3,8.0,,-3.299999999999999,-1.3,-3.299999999999999
79,True,2026-09-03,NVDA,buy-first put-tail inventory,2026-09-18,155.0,150.0,clock,hiro_finance,2,2026-09-04T10:01:00-04:00,0.09,0.01999999999999999,2026-09-04T15:50:00-04:00,2026-09-10,True,True,2026-09-04T15:50:00-04:00,censored,False,,,,-2.3,2.0,,-4.3,8.0,,-3.299999999999999,-1.3,-3.299999999999999
79,True,2026-09-03,NVDA,buy-first put-tail inventory,2026-09-18,155.0,150.0,hiro,simultaneous,-1,2026-09-04T10:01:00-04:00,0.09,0.01999999999999999,2026-09-04T15:50:00-04:00,2026-09-10,True,False,2026-09-04T15:50:00-04:00,completed,True,2026-09-04T10:01:00-04:00,0.07,-4.6,-4.6,4.0,-2.3,-8.6,0.0,-2.3,-5.599999999999999,-4.6,
79,True,2026-09-03,NVDA,buy-first put-tail inventory,2026-09-18,155.0,150.0,hiro,standalone,-1,2026-09-04T10:01:00-04:00,0.09,0.01999999999999999,2026-09-04T15:50:00-04:00,2026-09-10,True,False,2026-09-04T15:50:00-04:00,standalone,False,,,,-2.3,2.0,,-4.3,8.0,,-3.299999999999999,-1.3,-3.299999999999999
79,True,2026-09-03,NVDA,buy-first put-tail inventory,2026-09-18,155.0,150.0,hiro,fixed_clock,0,2026-09-04T10:01:00-04:00,0.09,0.01999999999999999,2026-09-04T15:50:00-04:00,2026-09-10,True,False,2026-09-04T15:50:00-04:00,completed,True,2026-09-04T15:50:00-04:00,0.07,-4.6,-4.6,4.0,-2.3,-8.6,0.0,-2.3,-4.6,-1.3,-3.299999999999999
79,True,2026-09-03,NVDA,buy-first put-tail inventory,2026-09-18,155.0,150.0,hiro,fixed_clock,1,2026-09-04T10:01:00-04:00,0.09,0.01999999999999999,2026-09-04T15:50:00-04:00,2026-09-10,True,True,2026-09-04T15:50:00-04:00,censored,False,,,,,,,,,,,,
79,True,2026-09-03,NVDA,buy-first put-tail inventory,2026-09-18,155.0,150.0,hiro,fixed_clock,2,2026-09-04T10:01:00-04:00,0.09,0.01999999999999999,2026-09-04T15:50:00-04:00,2026-09-10,True,True,2026-09-04T15:50:00-04:00,censored,False,,,,,,,,,,,,
79,True,2026-09-03,NVDA,buy-first put-tail inventory,2026-09-18,155.0,150.0,hiro,price_finance,0,2026-09-04T10:01:00-04:00,0.09,0.01999999999999999,2026-09-04T15:50:00-04:00,2026-09-10,True,False,2026-09-04T15:50:00-04:00,aborted_uncompleted,False,,,,-2.3,2.0,,-4.3,8.0,,-3.299999999999999,-1.3,-3.299999999999999
79,True,2026-09-03,NVDA,buy-first put-tail inventory,2026-09-18,155.0,150.0,hiro,price_finance,1,2026-09-04T10:01:00-04:00,0.09,0.01999999999999999,2026-09-04T15:50:00-04:00,2026-09-10,True,True,2026-09-04T15:50:00-04:00,censored,False,,,,-2.3,2.0,,-4.3,8.0,,-3.299999999999999,-1.3,-3.299999999999999
79,True,2026-09-03,NVDA,buy-first put-tail inventory,2026-09-18,155.0,150.0,hiro,price_finance,2,2026-09-04T10:01:00-04:00,0.09,0.01999999999999999,2026-09-04T15:50:00-04:00,2026-09-10,True,True,2026-09-04T15:50:00-04:00,censored,False,,,,-2.3,2.0,,-4.3,8.0,,-3.299999999999999,-1.3,-3.299999999999999
79,True,2026-09-03,NVDA,buy-first put-tail inventory,2026-09-18,155.0,150.0,hiro,hiro_finance,0,2026-09-04T10:01:00-04:00,0.09,0.01999999999999999,2026-09-04T15:50:00-04:00,2026-09-10,True,False,2026-09-04T15:50:00-04:00,aborted_uncompleted,False,,,,-2.3,2.0,,-4.3,8.0,,-3.299999999999999,-1.3,-3.299999999999999
79,True,2026-09-03,NVDA,buy-first put-tail inventory,2026-09-18,155.0,150.0,hiro,hiro_finance,1,2026-09-04T10:01:00-04:00,0.09,0.01999999999999999,2026-09-04T15:50:00-04:00,2026-09-10,True,True,2026-09-04T15:50:00-04:00,censored,False,,,,-2.3,2.0,,-4.3,8.0,,-3.299999999999999,-1.3,-3.299999999999999
79,True,2026-09-03,NVDA,buy-first put-tail inventory,2026-09-18,155.0,150.0,hiro,hiro_finance,2,2026-09-04T10:01:00-04:00,0.09,0.01999999999999999,2026-09-04T15:50:00-04:00,2026-09-10,True,True,2026-09-04T15:50:00-04:00,censored,False,,,,-2.3,2.0,,-4.3,8.0,,-3.299999999999999,-1.3,-3.299999999999999
80,True,2026-09-03,RTX,buy-first put-tail inventory,2026-09-18,120.0,115.0,hiro,simultaneous,-1,2026-09-04T12:36:00-04:00,0.11,0.1,2026-09-04T15:50:00-04:00,2026-09-10,True,False,2026-09-04T15:50:00-04:00,completed,True,2026-09-04T12:36:00-04:00,0.01,-12.6,-18.6,4.0,-6.300000000000001,-22.6,-6.0,-12.3,-23.600000000000005,-14.600000000000001,
80,True,2026-09-03,RTX,buy-first put-tail inventory,2026-09-18,120.0,115.0,hiro,standalone,-1,2026-09-04T12:36:00-04:00,0.11,0.1,2026-09-04T15:50:00-04:00,2026-09-10,True,False,2026-09-04T15:50:00-04:00,standalone,False,,,,-12.3,2.0,,-14.3,0.0,,-12.3,-12.3,-12.3
80,True,2026-09-03,RTX,buy-first put-tail inventory,2026-09-18,120.0,115.0,hiro,fixed_clock,0,2026-09-04T12:36:00-04:00,0.11,0.1,2026-09-04T15:50:00-04:00,2026-09-10,True,False,2026-09-04T15:50:00-04:00,completed,True,2026-09-04T15:50:00-04:00,0.01,-12.6,-18.6,4.0,-6.300000000000001,-22.6,-6.0,-12.3,-18.6,-12.3,-12.3
80,True,2026-09-03,RTX,buy-first put-tail inventory,2026-09-18,120.0,115.0,hiro,fixed_clock,1,2026-09-04T12:36:00-04:00,0.11,0.1,2026-09-04T15:50:00-04:00,2026-09-10,True,True,2026-09-04T15:50:00-04:00,censored,False,,,,,,,,,,,,
80,True,2026-09-03,RTX,buy-first put-tail inventory,2026-09-18,120.0,115.0,hiro,fixed_clock,2,2026-09-04T12:36:00-04:00,0.11,0.1,2026-09-04T15:50:00-04:00,2026-09-10,True,True,2026-09-04T15:50:00-04:00,censored,False,,,,,,,,,,,,
80,True,2026-09-03,RTX,buy-first put-tail inventory,2026-09-18,120.0,115.0,hiro,price_finance,0,2026-09-04T12:36:00-04:00,0.11,0.1,2026-09-04T15:50:00-04:00,2026-09-10,True,False,2026-09-04T15:50:00-04:00,aborted_uncompleted,False,,,,-12.3,2.0,,-14.3,0.0,,-12.3,-12.3,-12.3
80,True,2026-09-03,RTX,buy-first put-tail inventory,2026-09-18,120.0,115.0,hiro,price_finance,1,2026-09-04T12:36:00-04:00,0.11,0.1,2026-09-04T15:50:00-04:00,2026-09-10,True,True,2026-09-04T15:50:00-04:00,censored,False,,,,-12.3,2.0,,-14.3,0.0,,-12.3,-12.3,-12.3
80,True,2026-09-03,RTX,buy-first put-tail inventory,2026-09-18,120.0,115.0,hiro,price_finance,2,2026-09-04T12:36:00-04:00,0.11,0.1,2026-09-04T15:50:00-04:00,2026-09-10,True,True,2026-09-04T15:50:00-04:00,censored,False,,,,-12.3,2.0,,-14.3,0.0,,-12.3,-12.3,-12.3
80,True,2026-09-03,RTX,buy-first put-tail inventory,2026-09-18,120.0,115.0,hiro,hiro_finance,0,2026-09-04T12:36:00-04:00,0.11,0.1,2026-09-04T15:50:00-04:00,2026-09-10,True,False,2026-09-04T15:50:00-04:00,aborted_uncompleted,False,,,,-12.3,2.0,,-14.3,0.0,,-12.3,-12.3,-12.3
80,True,2026-09-03,RTX,buy-first put-tail inventory,2026-09-18,120.0,115.0,hiro,hiro_finance,1,2026-09-04T12:36:00-04:00,0.11,0.1,2026-09-04T15:50:00-04:00,2026-09-10,True,True,2026-09-04T15:50:00-04:00,censored,False,,,,-12.3,2.0,,-14.3,0.0,,-12.3,-12.3,-12.3
80,True,2026-09-03,RTX,buy-first put-tail inventory,2026-09-18,120.0,115.0,hiro,hiro_finance,2,2026-09-04T12:36:00-04:00,0.11,0.1,2026-09-04T15:50:00-04:00,2026-09-10,True,True,2026-09-04T15:50:00-04:00,censored,False,,,,-12.3,2.0,,-14.3,0.0,,-12.3,-12.3,-12.3
