inventory_row_id,tradeDate,ticker,scenario,pandar_approval_scope,pandar_direct_portion,project_derived_portion,first_action,source_dataset,ranking_score,stockPrice,return_5d_pct,drawdown_20d_pct,ivRank1y,rr25_pct252,callskew_pct252,putskew_pct252,call_wing_10_pct252,call_kink_pct252,avgOptVolu20d,oi,dollar_stock_volume,chain_confirmed,failure_reason,option_side,expiry,dte,leg1_action,leg1_strike,leg1_delta,leg1_bid,leg1_ask,leg1_oi,leg1_volume,leg2_action,leg2_strike,leg2_bid,leg2_ask,leg2_oi,leg2_volume,spread_width,entry_cash,target_leg2_price,long_otm_pct,lower_otm_pct,hiro_followup_available_sessions,hiro_followup_first_session,hiro_followup_last_session,confidence,exErnIv30d,ieeEarnEffect,iv10d,iv30d,iv90d,mwAdj30,dlt5Iv10d,dlt5Iv30d,exErnDlt25Iv30d,exErnDlt75Iv30d,dlt95Iv10d,dlt95Iv30d,rr25,callskew,call_wing_30,call_wing_10,put_wing_10,call_kink,put_wing_10_pct252,iv10d_pct252,sma50,sma200,extension_50d_pct,sma50_rising,above_200d,above_50d,return_63d_pct,relative_return_63d_pct,tradeDate_core,priorCls,mktCap,mktWidthVol,stkVolu,sector,nextErn,bestEtf,sectorName,ivPctile1m,ivPctile1y,confidence_core,wksNextErn,ivPct1y,ivRank1m,ivPct1m,broad_universe,liquid_final,rs63_cross_section_pct,buy_surface_tier,buy_technical_good,buy_first_standard,buy_first_puke,sell_archetype,earnings_near_front_expiry,sell_first_actionable,buy_score,sell_score,universe_size,liquid_universe_size,contract_wing_iv_points,event_inside_expiry,putskew,buy_first_put_tail_inventory,put_inventory_score,leg1_stock_price,leg1_otm_pct,leg1_orats_call_coordinate_delta,leg1_option_delta,leg2_stock_price,leg2_otm_pct,leg2_orats_call_coordinate_delta,leg2_option_delta,delta_basis,entry_day,flow_triggers,live_quote_passes,admitted_triggers,hiro_status,bid_excess_z,bid_excess_n,bid_excess_percentile,selection_distance,earnings_basis,replay_status,selection_audit,frozen_selected_strike,frozen_selected_expiry,frozen_selected_failure
7,2026-08-17,LRCX,sell-first call grab,Pandar-direct call-tail sale/crush core only; conversion is derived,sell unusually overpriced far-OTM front-weekly call tails; expect local wing crush; size for strike touch,RR/wing/kink gates; 2-6 delta and 5-19 DTE selection; nearer-call conversion; order and stop rules,sell far-OTM call,2026-08-11_to_2026-08-27_call_scan,53.23412698412698,342.66,11.1774439505532,0.0,50.23,1.984126984126984,94.44444444444444,,92.85714285714286,78.96825396825396,53989.65,627021,3569296797.6400003,True,,call,2026-08-21,5.0,STO,400.0,0.0313281814227278,0.31,0.37,4888.0,556.0,BTO,395.0,0.16,1.21,558.0,72.0,5.0,0.31,0.21,,,10.0,2026-08-21,2026-09-04,0.972839,61.4649,2.93752,66.40129999999999,61.4649,65.6292,0.0537196,71.7086,64.77629999999999,62.171200000000006,61.566900000000004,72.5877,65.2308,-0.6043000000000021,0.7063000000000059,3.311399999999992,5.307300000000012,6.186400000000006,6.932300000000012,7.5396825396825395,53.17460317460318,337.5354,250.42480000000003,1.5182407534143127,True,True,True,19.924404157771324,17.120350103717264,2026-08-17,332.36,428777654.0,5.37196,10739249,Semiconductor Equipment & Materials Manufacturing,0000-00-00,XLK,Technology,10,58,97.2839,9,57.94,3.27,9.52,True,True,77.45098039215686,,True,False,False,grab,False,True,20.476190476190478,53.23412698412698,306,268,8.327733931093828,False,,,,342.66,16.733788595108855,0.0313281814227278,0.0313281814227278,342.66,15.274616237669992,0.0425398298353415,0.0425398298353415,ORATS call model delta,,,,,alternative contract not yet replayed,,,,,,,alternative passed unchanged contract gates,395.0,2026-08-21,far-call bid below 0.20; far-call quote wider than 0.10
8,2026-08-19,COIN,sell-first call grab,Pandar-direct call-tail sale/crush core only; conversion is derived,sell unusually overpriced far-OTM front-weekly call tails; expect local wing crush; size for strike touch,RR/wing/kink gates; 2-6 delta and 5-19 DTE selection; nearer-call conversion; order and stop rules,sell far-OTM call,2026-08-11_to_2026-08-27_call_scan,52.400793650793645,159.02,6.947340103571187,-4.994623013502197,59.16,2.380952380952381,92.46031746031746,,88.88888888888889,70.23809523809524,126705.0,1129119,1128087533.02,True,,call,2026-08-28,10.0,STO,200.0,0.0501451669594977,0.43,0.5,429.0,1013.0,BTO,195.0,0.57,0.68,196.0,208.0,5.0,0.43,0.3299999999999999,,,8.0,2026-08-21,2026-09-02,0.956713,66.3985,1.98237,68.4804,66.3985,70.6585,0.0558996,86.5526,81.6416,69.7491,64.65769999999999,70.43589999999999,68.4362,-5.091400000000007,3.3506,15.243099999999998,18.072199999999995,1.9554999999999865,4.911000000000001,2.7777777777777777,49.6031746031746,157.7628,200.25149999999996,0.7968925500815294,False,False,True,-17.742602938133658,-19.831282721424206,2026-08-19,146.23,41955347.0,5.58996,7714474,Financial Data & Exchanges,0000-00-00,XLF,Financials,52,57,95.6713,10,56.75,42.94,52.38,True,True,11.475409836065573,,False,False,False,grab,False,True,10.615079365079364,52.400793650793645,305,268,18.172420121543276,False,,,,159.02,25.77034335303734,0.0501451669594977,0.0501451669594977,159.02,22.626084769211417,0.0685341434623249,0.0685341434623249,ORATS call model delta,,,,,alternative contract not yet replayed,,,,,,,alternative passed unchanged contract gates,205.0,2026-08-28,far-call bid below 0.20; far-call quote wider than 0.10
9,2026-08-19,MSTR,sell-first call grab,Pandar-direct call-tail sale/crush core only; conversion is derived,sell unusually overpriced far-OTM front-weekly call tails; expect local wing crush; size for strike touch,RR/wing/kink gates; 2-6 delta and 5-19 DTE selection; nearer-call conversion; order and stop rules,sell far-OTM call,2026-08-11_to_2026-08-27_call_scan,53.45238095238095,103.87,9.405940594059414,0.0,47.73,0.3968253968253968,96.82539682539682,,92.06349206349206,84.92063492063492,380247.45,2868838,1481139079.56,True,,,2026-08-28,10.0,STO,140.0,0.0335747081352059,0.24,0.29,762.0,2338.0,BTO,135.0,0.3,0.39,565.0,935.0,5.0,0.24,0.1399999999999999,,,9.0,2026-08-21,2026-09-04,0.969345,73.5299,1.95013,76.61,73.5299,78.6669,0.0512693,98.4879,92.5615,78.4165,70.43469999999999,84.5524,91.4275,-7.981800000000007,4.886600000000001,19.031599999999997,21.877899999999997,7.942400000000006,5.926400000000001,0.3968253968253968,66.66666666666667,100.02600000000001,145.6141,3.843000819786857,False,False,True,-37.04085343678021,-39.129533220070755,2026-08-19,92.52,41265646.0,5.12693,16008853,Application Software,0000-00-00,XLK,Technology,67,67,96.9345,10,67.06,53.38,66.67,True,True,1.639344262295082,,False,False,False,grab,False,True,10.1984126984127,53.45238095238095,305,268,27.885764139286294,False,,,,103.87,34.78386444594204,0.0335747081352059,0.0335747081352059,103.87,29.97015500144411,0.050487561178062,0.050487561178062,ORATS call model delta,2026-08-20,0.0,55.0,0.0,hiro_unavailable,3.4111748936171615,60.0,100.0,,,,,,,
10,2026-08-20,COIN,sell-first call grab,Pandar-direct call-tail sale/crush core only; conversion is derived,sell unusually overpriced far-OTM front-weekly call tails; expect local wing crush; size for strike touch,RR/wing/kink gates; 2-6 delta and 5-19 DTE selection; nearer-call conversion; order and stop rules,sell far-OTM call,2026-08-11_to_2026-08-27_call_scan,53.76984126984127,171.56,11.656361861373243,0.0,68.49,0.0,98.015873015873,,98.41269841269842,78.57142857142857,138560.05,1166740,1259514828.0,True,,call,2026-08-28,9.0,STO,220.0,0.0502256276463511,0.41,0.5,480.0,210.0,BTO,215.0,0.56,0.68,341.0,152.0,5.0,0.41,0.3099999999999999,,,8.0,2026-08-21,2026-09-02,0.986072,70.2888,2.18555,72.9254,70.2888,72.7139,0.0430392,95.21,88.1661,74.4117,67.17530000000001,70.96130000000001,71.0686,-7.236399999999989,4.122900000000001,17.877300000000005,22.284599999999998,-1.9640999999999877,7.043899999999994,0.3968253968253968,67.06349206349206,158.09720000000002,199.37665,8.515520831488477,False,False,True,-10.956557845019976,-10.78664982002525,2026-08-20,160.2,45263863.0,4.30392,7862140,Financial Data & Exchanges,0000-00-00,XLF,Financials,67,73,98.6072,10,73.02,66.6,66.67,True,True,20.983606557377048,,False,False,False,grab,False,True,10.09920634920635,53.76984126984127,305,267,23.13418655185686,False,,,,171.56,28.235019818139428,0.0502256276463511,0.0502256276463511,171.56,25.320587549545337,0.0640506800690089,0.0640506800690089,ORATS call model delta,,,,,alternative contract not yet replayed,,,,,,,alternative passed unchanged contract gates,225.0,2026-08-28,far-call quote wider than 0.10
11,2026-08-20,MSTR,sell-first call grab,Pandar-direct call-tail sale/crush core only; conversion is derived,sell unusually overpriced far-OTM front-weekly call tails; expect local wing crush; size for strike touch,RR/wing/kink gates; 2-6 delta and 5-19 DTE selection; nearer-call conversion; order and stop rules,sell far-OTM call,2026-08-11_to_2026-08-27_call_scan,54.08730158730158,112.06,14.370279648907935,0.0,54.85,0.0,99.2063492063492,,96.42857142857144,88.88888888888889,397418.85,3013208,1808857700.25,True,,,2026-08-28,9.0,STO,150.0,0.0430813490575061,0.32,0.38,2474.0,1949.0,BTO,145.0,0.43,0.5,442.0,396.0,5.0,0.32,0.22,,,9.0,2026-08-21,2026-09-04,0.978587,78.2645,2.33914,82.8479,78.2645,81.6067,0.0398799,109.542,101.441,84.0949,74.4046,89.95570000000001,95.6703,-9.690299999999993,5.830399999999997,23.176500000000004,26.694100000000006,7.107800000000012,8.100999999999999,0.0,81.34920634920636,99.93619999999999,144.83065,12.131539922470559,False,False,True,-32.63195863893231,-32.462050613937585,2026-08-20,104.25,44519383.0,3.98799,17351153,Application Software,0000-00-00,XLK,Technology,90,81,97.8587,10,80.95,78.82,90.48,True,True,3.278688524590164,,False,False,False,grab,False,True,10.03968253968254,54.08730158730158,305,267,28.332065544464413,False,,,,112.06,33.85686239514545,0.0430813490575061,0.0430813490575061,112.06,29.394966981973948,0.0605481878688994,0.0605481878688994,ORATS call model delta,2026-08-21,4.0,55.0,4.0,admitted,3.913020732327528,60.0,100.0,,,,,,,
14,2026-08-21,MSTR,sell-first call grab,Pandar-direct call-tail sale/crush core only; conversion is derived,sell unusually overpriced far-OTM front-weekly call tails; expect local wing crush; size for strike touch,RR/wing/kink gates; 2-6 delta and 5-19 DTE selection; nearer-call conversion; order and stop rules,sell far-OTM call,2026-08-11_to_2026-08-27_call_scan,53.69047619047619,119.14,27.61353898886032,0.0,55.29,0.3968253968253968,98.41269841269842,,97.22222222222224,79.36507936507937,426973.9,3170021,2131369017.55,True,,,2026-08-28,8.0,STO,160.0,0.0382844360139652,0.26,0.32,442.0,2691.0,BTO,155.0,0.34,0.39,1237.0,2797.0,5.0,0.26,0.16,,,8.0,2026-08-24,2026-09-04,0.966967,78.2629,2.13138,81.9959,78.2629,81.6979,0.0379081,110.427,105.52699999999999,83.7787,74.7587,91.4984,94.4945,-9.019999999999996,5.515799999999999,27.264099999999985,28.4311,9.502499999999998,4.90000000000002,1.9841269841269842,80.55555555555556,99.99640000000004,144.09525000000002,19.14428919441096,False,False,True,-27.600875060768104,-27.637307485626216,2026-08-21,112.39,47332137.0,3.79081,18964045,Application Software,0000-00-00,XLK,Technology,95,81,96.6967,9,81.35,99.64,95.24,True,True,7.213114754098362,,False,False,False,grab,False,True,10.119047619047619,53.69047619047619,305,270,33.33335716200053,False,,,,119.14,34.29578646969951,0.0382844360139652,0.0382844360139652,119.14,30.09904314252141,0.0540804112923037,0.0540804112923037,ORATS call model delta,2026-08-24,7.0,37.0,6.0,admitted,4.0521401345778365,59.0,100.0,,,,,,,
18,2026-08-24,MSTR,sell-first call grab,Pandar-direct call-tail sale/crush core only; conversion is derived,sell unusually overpriced far-OTM front-weekly call tails; expect local wing crush; size for strike touch,RR/wing/kink gates; 2-6 delta and 5-19 DTE selection; nearer-call conversion; order and stop rules,sell far-OTM call,2026-08-11_to_2026-08-27_call_scan,54.38492063492064,122.28,25.03067484662578,0.0,54.13,1.1904761904761905,99.6031746031746,,94.84126984126983,98.015873015873,437998.85,2595783,2423662877.25,True,,,2026-08-28,5.0,STO,155.0,0.0354467656584631,0.22,0.27,2940.0,888.0,BTO,152.5,0.25,0.3,0.0,210.0,2.5,0.22,0.12,,,7.0,2026-08-25,2026-09-04,0.966788,77.7847,2.20233,85.918,77.7847,80.51,0.0421252,111.00399999999999,98.3108,83.7063,75.6117,94.78259999999999,89.5644,-8.0946,5.921599999999998,20.5261,25.085999999999984,8.864599999999982,12.69319999999999,1.5873015873015872,88.0952380952381,100.0394,143.46020000000001,22.231840654782008,False,False,True,-23.65134865134865,-22.182256728566564,2026-08-24,119.25,48579601.0,4.21252,20324217,Application Software,0000-00-00,XLK,Technology,90,79,96.6788,9,79.37,94.85,90.48,True,True,13.442622950819672,,False,False,False,grab,False,True,10.13888888888889,54.38492063492064,305,270,30.865946851056492,False,,,,122.28,26.758259731763157,0.0354467656584631,0.0354467656584631,122.28,24.713771671573447,0.0452372844496055,0.0452372844496055,ORATS call model delta,2026-08-25,1.0,12.0,0.0,no_live_quote_gate_at_flow_trigger,2.763101452491009,52.0,96.15384615384616,,,,,,,
39,2026-08-24,CCJ,buy-first put-tail inventory,Pandar-direct inventory program; exact scanner geometry is partly mechanized,accumulate cheap far-OTM 1:1 put vertical inventory; usually about $5 wide and under $0.10; recycle and roll,IV/RR/put-skew gates; fixed 25-45% OTM band; complete-at-entry rule; universal 3x/5x exits,buy complete put spread in this implementation,2026-08-24_to_2026-09-02_four_method_scan,26.904761904761905,102.31,3.605063291139232,0.0,30.0,21.428571428571427,71.03174603174604,19.047619047619047,56.34920634920635,72.61904761904762,26037.2,400454,309120647.67,True,,put,2026-09-18,26.0,BTO,75.0,0.99302282201715,0.03,0.06,3268.0,3.0,STO,70.0,0.01,0.05,1218.0,0.0,5.0,0.0499999999999999,,26.693382856025806,,5.0,2026-08-27,2026-09-04,0.968815,47.8474,2.38184,51.4436,47.8474,48.530699999999996,0.0553258,57.30030000000001,50.698600000000006,48.680299999999995,47.9186,53.711600000000004,48.4948,-0.7616999999999976,0.8328999999999951,2.8512000000000057,5.856700000000004,2.2680000000000007,6.601700000000001,12.698412698412698,31.349206349206348,96.199,104.82779999999998,6.352456886246216,False,False,True,-2.3573200992555776,-0.8882281764734934,2026-08-24,102.51,44559379.0,5.53258,3015517,Uranium,0000-00-00,XLE,Energy,48,19,96.8815,9,19.44,56.68,47.62,True,True,38.062283737024224,,False,False,False,,False,False,13.59126984126984,24.265873015873012,289,256,,False,0.07119999999999749,True,26.904761904761905,102.31,26.693382856025806,0.99302282201715,-0.006977177982850025,102.31,31.580490665624083,0.9986266211697652,-0.001373378830234806,ORATS call delta minus one; put approximation,2026-08-25,0.0,55.0,0.0,hiro_unavailable,,,,,,,,,,
45,2026-08-24,CRWV,buy-first put-tail inventory,Pandar-direct inventory program; exact scanner geometry is partly mechanized,accumulate cheap far-OTM 1:1 put vertical inventory; usually about $5 wide and under $0.10; recycle and roll,IV/RR/put-skew gates; fixed 25-45% OTM band; complete-at-entry rule; universal 3x/5x exits,buy complete put spread in this implementation,2026-08-24_to_2026-09-02_four_method_scan,46.745714285714286,86.34,-18.654607122668175,-20.077756178839213,17.54,0.7936507936507936,98.015873015873,2.7777777777777777,81.74603174603175,57.142857142857146,257382.95,2029389,2855173405.35,True,,put,2026-09-18,26.0,BTO,47.5,0.9972031136234032,0.04,0.06,1284.0,13.0,STO,42.5,0.01,0.09,386.0,5.0,5.0,0.0499999999999999,,44.984943247625665,,5.0,2026-08-27,2026-09-04,0.989427,76.2667,2.94025,81.1204,76.2667,81.8894,0.0250445,90.46610000000001,86.3877,78.60340000000001,76.1809,87.7521,82.6709,-2.4225000000000136,2.3367000000000075,10.120999999999995,9.345700000000008,6.631699999999995,4.078400000000016,5.158730158730159,15.476190476190476,89.8282,91.81735,-3.8831903567031256,False,False,False,-17.958950969213216,-16.489859046431132,2026-08-24,87.85,47619670.0,2.50445,32500551,Infrastructure Software,0000-00-00,XLK,Technology,19,7,98.9427,11,7.14,1.57,19.05,True,True,17.99307958477509,,False,False,False,,False,False,10.178571428571429,26.03174603174603,289,256,,False,-0.0858000000000061,True,46.745714285714286,86.34,44.984943247625665,0.9972031136234032,-0.0027968863765968077,86.34,50.77600185313875,0.9994608057329374,-0.0005391942670626149,ORATS call delta minus one; put approximation,2026-08-25,0.0,55.0,0.0,hiro_unavailable,,,,,,,,,,
54,2026-08-24,GOOG,buy-first put-tail inventory,Pandar-direct inventory program; exact scanner geometry is partly mechanized,accumulate cheap far-OTM 1:1 put vertical inventory; usually about $5 wide and under $0.10; recycle and roll,IV/RR/put-skew gates; fixed 25-45% OTM band; complete-at-entry rule; universal 3x/5x exits,buy complete put spread in this implementation,2026-08-24_to_2026-09-02_four_method_scan,30.94904761904762,345.57,1.286710827129367,-8.429169537336367,26.67,26.19047619047619,53.96825396825397,10.714285714285714,82.14285714285714,75.39682539682539,178516.55,1668003,6190338520.5,True,,put,2026-09-18,26.0,BTO,255.0,0.9993424931239288,0.09,0.13,2237.0,2.0,STO,250.0,0.08,0.14,8145.0,80.0,5.0,0.05,,26.20887229794253,,5.0,2026-08-27,2026-09-04,0.989549,28.5835,3.5428,29.8333,28.5835,33.458,0.0108299,33.6921,30.6098,28.3563,29.124100000000002,34.7588,32.0544,0.7678000000000011,-0.22719999999999985,2.026299999999999,3.8588000000000022,4.9254999999999995,3.0823000000000036,17.063492063492063,28.174603174603174,350.11879999999996,332.30944999999997,-1.2992161517747625,False,True,False,-8.745939950883308,-7.276848028101224,2026-08-24,341.75,4226298580.0,1.08299,18113646,Internet Content & Media,0000-00-00,XLC,Comm,43,21,98.9549,9,21.43,24.52,42.86,True,True,24.567474048442904,,False,False,False,,False,False,14.920634920634921,26.984126984126984,289,256,,False,0.5406000000000013,True,30.94904761904762,345.57,26.20887229794253,0.9993424931239288,-0.0006575068760712455,345.57,27.655757154845617,0.999361570034106,-0.0006384299658940273,ORATS call delta minus one; put approximation,2026-08-25,0.0,0.0,0.0,hiro_unavailable,,,,,,,,,,
55,2026-08-24,GOOGL,buy-first put-tail inventory,Pandar-direct inventory program; exact scanner geometry is partly mechanized,accumulate cheap far-OTM 1:1 put vertical inventory; usually about $5 wide and under $0.10; recycle and roll,IV/RR/put-skew gates; fixed 25-45% OTM band; complete-at-entry rule; universal 3x/5x exits,buy complete put spread in this implementation,2026-08-24_to_2026-09-02_four_method_scan,29.094603174603176,349.19,1.6328074975260565,-8.105476459906846,29.08,24.20634920634921,59.92063492063492,9.92063492063492,74.60317460317461,54.36507936507937,471646.7,3130467,9255976019.22,True,,put,2026-10-16,54.0,BTO,235.0,0.9960895069635434,0.16,0.2,495.0,19.0,STO,230.0,0.14,0.19,449.0,5.0,5.0,0.06,,32.701394656204364,,5.0,2026-08-27,2026-09-04,0.983245,28.7142,3.44137,28.010800000000003,28.7142,33.8359,0.0103884,31.384099999999997,31.285,28.665200000000002,29.2732,32.0598,33.3293,0.607999999999997,-0.04899999999999949,2.5707999999999984,3.3732999999999933,4.0489999999999995,0.09909999999999641,11.11111111111111,19.047619047619047,351.78799999999995,333.3075,-0.7385129680375524,False,True,False,-8.641620009418672,-7.1725280866365875,2026-08-24,344.82,4270570944.0,1.03884,26842921,Internet Content & Media,0000-00-00,XLC,Comm,43,21,98.3245,9,21.43,25.26,42.86,True,True,25.259515570934255,,False,False,False,,False,False,14.424603174603174,25.17857142857143,289,256,,False,0.5589999999999975,True,29.094603174603176,349.19,32.701394656204364,0.9960895069635434,-0.00391049303645663,349.19,34.133279876285116,0.9972535472885752,-0.0027464527114248183,ORATS call delta minus one; put approximation,2026-08-25,0.0,0.0,0.0,hiro_unavailable,,,,,,,,,,
68,2026-08-24,NVDA,buy-first put-tail inventory,Pandar-direct inventory program; exact scanner geometry is partly mechanized,accumulate cheap far-OTM 1:1 put vertical inventory; usually about $5 wide and under $0.10; recycle and roll,IV/RR/put-skew gates; fixed 25-45% OTM band; complete-at-entry rule; universal 3x/5x exits,buy complete put spread in this implementation,2026-08-24_to_2026-09-02_four_method_scan,44.36174603174603,208.45,-7.585564816456825,-7.6306110692604285,16.67,9.523809523809524,90.07936507936508,10.317460317460318,86.11111111111111,94.44444444444444,3119183.3,13516184,24886162875.2,True,,put,2026-09-18,26.0,BTO,130.0,0.998789259630804,0.12,0.13,29912.0,377.0,STO,125.0,0.1,0.11,39162.0,9479.0,5.0,0.03,,37.634924442312304,,5.0,2026-08-27,2026-09-04,0.983244,33.9068,2.82545,54.020900000000005,41.247,39.6124,0.00550423,58.5653,44.4375,33.9899,35.0574,58.3492,51.8027,1.0675000000000026,0.08310000000000173,3.1905,4.544399999999996,4.328299999999999,14.1278,1.1904761904761905,89.28571428571429,207.6122,195.3387,0.40354083237881255,False,True,True,-3.257994152318189,-1.7889022295361046,2026-08-24,214.72,5048867450.0,0.55042,115900535,Semiconductors,0000-00-00,XLK,Technology,52,21,98.3244,0,13.1,29.4,42.86,True,True,35.6401384083045,,False,False,False,other,True,False,11.4484126984127,3.3333333333333357,289,256,,True,1.1506000000000043,True,44.36174603174603,208.45,37.634924442312304,0.998789259630804,-0.001210740369195995,208.45,40.03358119453105,0.9988092776037644,-0.0011907223962356328,ORATS call delta minus one; put approximation,2026-08-25,0.0,55.0,0.0,hiro_unavailable,,,,,,,,,,
75,2026-08-24,PLTR,buy-first put-tail inventory,Pandar-direct inventory program; exact scanner geometry is partly mechanized,accumulate cheap far-OTM 1:1 put vertical inventory; usually about $5 wide and under $0.10; recycle and roll,IV/RR/put-skew gates; fixed 25-45% OTM band; complete-at-entry rule; universal 3x/5x exits,buy complete put spread in this implementation,2026-08-24_to_2026-09-02_four_method_scan,35.73079365079364,176.72,2.2626005439499997,-1.7458022906705284,17.92,32.142857142857146,57.53968253968254,24.603174603174605,40.07936507936508,70.63492063492063,613243.7,3425968,8271661500.12,True,,put,2026-09-18,26.0,BTO,105.0,0.9994686015612064,0.13,0.16,8391.0,47.0,STO,100.0,0.12,0.15,14719.0,26.0,5.0,0.04,,40.58397464916251,,4.0,2026-08-27,2026-09-01,0.989555,46.428399999999996,4.0,49.8687,46.428399999999996,55.173300000000005,0.0110117,52.0347,50.2606,46.0071,47.9987,58.7635,59.3986,1.9915999999999983,-0.4212999999999951,3.8322000000000003,2.166000000000004,8.894800000000004,1.7741000000000042,11.11111111111111,34.523809523809526,139.89600000000002,151.40375,26.322410933836558,True,True,True,29.03037383177569,30.499465754557775,2026-08-24,179.94,423625604.0,1.10117,45968998,Infrastructure Software,0000-00-00,XLK,Technology,29,16,98.9555,10,14.68,16.06,28.57,True,True,88.23529411764706,,False,False,False,,False,False,15.337301587301589,22.539682539682538,289,256,,False,1.5703000000000031,True,35.73079365079364,176.72,40.58397464916251,0.9994686015612064,-0.0005313984387935733,176.72,43.413309189678586,0.9998276779984412,-0.00017232200155881117,ORATS call delta minus one; put approximation,2026-08-25,0.0,55.0,0.0,hiro_unavailable,,,,,,,,,,
92,2026-08-24,TGT,buy-first put-tail inventory,Pandar-direct inventory program; exact scanner geometry is partly mechanized,accumulate cheap far-OTM 1:1 put vertical inventory; usually about $5 wide and under $0.10; recycle and roll,IV/RR/put-skew gates; fixed 25-45% OTM band; complete-at-entry rule; universal 3x/5x exits,buy complete put spread in this implementation,2026-08-24_to_2026-09-02_four_method_scan,43.97888888888889,169.44,11.98202366003569,0.0,14.91,17.46031746031746,78.57142857142857,13.095238095238097,47.61904761904762,46.82539682539682,36284.45,426834,723325352.64,True,,put,2026-09-18,26.0,BTO,125.0,0.999233764369018,0.01,0.03,899.0,64.0,STO,120.0,0.01,0.04,5744.0,1.0,5.0,0.0199999999999999,,26.227573182247397,,5.0,2026-08-27,2026-09-04,0.964676,29.8506,4.0,30.1484,29.8506,35.625800000000005,0.0231778,31.494899999999998,30.683899999999998,29.837999999999997,30.525600000000004,34.7694,33.683800000000005,0.6876000000000069,-0.012600000000002609,0.8332999999999977,1.346499999999999,4.620999999999999,0.8109999999999999,46.42857142857143,18.650793650793652,141.72039999999998,119.19194999999999,19.55935772125963,True,True,True,35.25983874830367,36.728930671085756,2026-08-24,165.44,76958142.0,2.31778,4372131,Discount Retail,0000-00-00,XLP,C. Defensive,33,10,96.4676,12,9.92,16.46,33.33,True,True,91.00346020761245,,False,False,False,,False,False,12.817460317460318,22.103174603174605,289,256,,False,0.6750000000000043,True,43.97888888888889,169.44,26.227573182247397,0.999233764369018,-0.0007662356309819929,169.44,29.17847025495751,0.9996988634184628,-0.0003011365815371869,ORATS call delta minus one; put approximation,2026-08-25,0.0,32.0,0.0,hiro_unavailable,,,,,,,,,,
124,2026-08-25,BE,buy-first put-tail inventory,Pandar-direct inventory program; exact scanner geometry is partly mechanized,accumulate cheap far-OTM 1:1 put vertical inventory; usually about $5 wide and under $0.10; recycle and roll,IV/RR/put-skew gates; fixed 25-45% OTM band; complete-at-entry rule; universal 3x/5x exits,buy complete put spread in this implementation,2026-08-24_to_2026-09-02_four_method_scan,46.42523809523809,216.23,2.9715700747654505,-9.303301036030376,11.67,18.650793650793652,78.57142857142857,15.873015873015872,76.98412698412699,73.80952380952381,129056.45,896382,3389927157.2200003,True,,put,2026-09-18,25.0,BTO,130.0,0.9852311403267424,0.3,0.35,1913.0,33.0,STO,125.0,0.25,0.3,672.0,19.0,5.0,0.0999999999999999,,39.87883272441381,,5.0,2026-08-27,2026-09-04,0.979335,90.35,3.35321,96.12610000000001,90.35,96.45519999999999,0.0385439,106.50200000000001,99.4538,93.0966,89.0305,98.7345,92.0475,-4.066099999999992,2.746600000000001,9.103800000000007,10.375900000000001,2.608399999999989,7.0482000000000085,9.920634920634921,13.492063492063492,240.977,187.34875,-10.269444801786065,False,True,False,-28.902114227468523,-26.06558432206515,2026-08-25,204.02,63685648.0,3.85439,16615661,Electrical Equipment Manufacturing,0000-00-00,XLI,Industrials,19,3,97.9335,9,2.78,8.28,19.05,True,True,10.726643598615917,,False,False,False,,False,False,12.936507936507935,26.38888888888889,289,257,,False,-1.3194999999999908,True,46.42523809523809,216.23,39.87883272441381,0.9852311403267424,-0.014768859673257584,216.23,42.191185311936366,0.9900119364677876,-0.009988063532212377,ORATS call delta minus one; put approximation,2026-08-26,0.0,0.0,0.0,hiro_unavailable,,,,,,,,,,
136,2026-08-25,CRWV,buy-first put-tail inventory,Pandar-direct inventory program; exact scanner geometry is partly mechanized,accumulate cheap far-OTM 1:1 put vertical inventory; usually about $5 wide and under $0.10; recycle and roll,IV/RR/put-skew gates; fixed 25-45% OTM band; complete-at-entry rule; universal 3x/5x exits,buy complete put spread in this implementation,2026-08-24_to_2026-09-02_four_method_scan,45.81095238095238,88.01,-6.172707889125794,-18.53188929001203,16.57,5.9523809523809526,93.25396825396824,7.142857142857143,66.66666666666667,41.666666666666664,251704.05,2108922,2779319137.5,True,,put,2026-09-18,25.0,BTO,55.0,0.9880113324421876,0.1,0.13,3789.0,32.0,STO,50.0,0.05,0.07,6685.0,25.0,5.0,0.08,,37.50710146574253,,5.0,2026-08-27,2026-09-04,0.98945,75.8364,2.92078,79.4049,75.8364,81.618,0.0237997,85.86580000000001,84.5021,77.5852,76.2552,86.0929,83.1036,-1.3299999999999983,1.7488000000000028,8.665700000000001,6.460900000000009,6.688000000000002,1.3637000000000086,5.555555555555555,11.904761904761905,89.5598,91.693,-1.7304638911654457,False,False,False,-16.7360454115421,-13.899515506138727,2026-08-25,86.25,48540736.0,2.37997,32223990,Infrastructure Software,0000-00-00,XLK,Technology,10,6,98.945,11,5.95,0.08,9.52,True,True,18.685121107266436,,False,False,False,,False,False,10.932539682539682,23.75,289,257,,False,0.4188000000000045,True,45.81095238095238,88.01,37.50710146574253,0.9880113324421876,-0.01198866755781236,88.01,43.18827405976594,0.9962847521376264,-0.0037152478623736496,ORATS call delta minus one; put approximation,2026-08-26,0.0,28.0,0.0,hiro_unavailable,,,,,,,,,,
147,2026-08-25,GOOG,buy-first put-tail inventory,Pandar-direct inventory program; exact scanner geometry is partly mechanized,accumulate cheap far-OTM 1:1 put vertical inventory; usually about $5 wide and under $0.10; recycle and roll,IV/RR/put-skew gates; fixed 25-45% OTM band; complete-at-entry rule; universal 3x/5x exits,buy complete put spread in this implementation,2026-08-24_to_2026-09-02_four_method_scan,44.24587301587302,343.43,0.3946445275958998,-8.996237214478775,18.77,5.9523809523809526,87.6984126984127,3.968253968253968,78.17460317460318,49.6031746031746,174131.85,1694874,6157495594.91,True,,put,2026-09-18,25.0,BTO,190.0,0.999366434584798,0.01,0.09,1274.0,5.0,STO,185.0,0.01,0.03,440.0,17.0,5.0,0.08,,44.67577089945549,,5.0,2026-08-27,2026-09-04,0.989548,27.4048,3.49362,27.8303,27.4048,32.9089,0.00989805,31.544299999999996,31.195,27.8522,27.757199999999997,31.4575,32.033899999999996,-0.09500000000000242,0.44739999999999824,3.7901999999999987,3.713999999999995,3.6271999999999984,0.34929999999999595,6.746031746031746,17.063492063492063,349.839,332.601,-1.83198557050529,False,True,False,-10.706949897298568,-7.8704199918951945,2026-08-25,344.59,4200126519.0,0.9898,17869049,Internet Content & Media,0000-00-00,XLC,Comm,14,11,98.9548,9,11.11,10.79,14.29,True,True,23.875432525951556,,False,False,False,,False,False,11.21031746031746,25.297619047619047,289,257,,False,0.3523999999999958,True,44.24587301587302,343.43,44.67577089945549,0.999366434584798,-0.0006335654152019865,343.43,46.1316716652593,0.9993664345848008,-0.000633565415199211,ORATS call delta minus one; put approximation,2026-08-26,0.0,45.0,0.0,hiro_unavailable,,,,,,,,,,
148,2026-08-25,GOOGL,buy-first put-tail inventory,Pandar-direct inventory program; exact scanner geometry is partly mechanized,accumulate cheap far-OTM 1:1 put vertical inventory; usually about $5 wide and under $0.10; recycle and roll,IV/RR/put-skew gates; fixed 25-45% OTM band; complete-at-entry rule; universal 3x/5x exits,buy complete put spread in this implementation,2026-08-24_to_2026-09-02_four_method_scan,42.44714285714286,347.02,0.78122731100978,-8.676544119582097,20.41,7.142857142857143,78.17460317460318,3.5714285714285716,80.55555555555556,50.79365079365079,465960.4,3149256,9253345649.4,True,,put,2026-10-16,53.0,BTO,250.0,0.9899253662469938,0.21,0.25,3450.0,18.0,STO,245.0,0.2,0.26,916.0,1.0,5.0,0.0499999999999999,,27.958042764105805,,5.0,2026-08-27,2026-09-04,0.979291,27.820800000000002,3.35452,27.1485,27.820800000000002,33.1697,0.0127075,30.902,30.9988,28.1094,28.102100000000004,30.7731,32.195800000000006,-0.007299999999997198,0.28859999999999886,3.1779999999999973,3.7535000000000025,3.624600000000001,-0.09679999999999822,7.936507936507937,12.698412698412698,351.54400000000004,333.61949999999996,-1.286894385909032,False,True,False,-10.716031594926301,-7.879501689522928,2026-08-25,348.06,4244031985.0,1.27075,26585490,Internet Content & Media,0000-00-00,XLC,Comm,19,10,97.9291,9,10.71,10.96,23.81,True,True,23.52941176470588,,False,False,False,,False,False,11.805555555555554,25.595238095238095,289,257,,False,0.28130000000000166,True,42.44714285714286,347.02,27.958042764105805,0.9899253662469938,-0.010074633753006212,347.02,29.398881908823693,0.992796164903171,-0.007203835096828981,ORATS call delta minus one; put approximation,2026-08-26,0.0,0.0,0.0,hiro_unavailable,,,,,,,,,,
151,2026-08-25,IREN,buy-first put-tail inventory,Pandar-direct inventory program; exact scanner geometry is partly mechanized,accumulate cheap far-OTM 1:1 put vertical inventory; usually about $5 wide and under $0.10; recycle and roll,IV/RR/put-skew gates; fixed 25-45% OTM band; complete-at-entry rule; universal 3x/5x exits,buy complete put spread in this implementation,2026-08-24_to_2026-09-02_four_method_scan,59.126984126984134,42.08,-0.2134218638842888,-6.384872080088999,0.0,15.07936507936508,78.96825396825396,14.285714285714286,66.26984126984127,91.26984126984128,270564.75,2366823,1850839194.96,True,,put,2026-09-18,25.0,BTO,25.0,0.9788928551644808,0.1,0.13,6282.0,243.0,STO,20.0,0.05,0.06,50109.0,127.0,5.0,0.08,,40.5893536121673,,6.0,2026-08-27,2026-09-04,0.98331,81.854,2.66439,116.131,97.41,97.34,0.0507143,128.90200000000002,111.373,85.24239999999999,80.9718,120.22699999999999,102.248,-4.2705999999999875,3.38839999999999,13.963000000000008,12.771000000000015,4.095999999999989,17.52900000000001,1.5873015873015872,60.317460317460316,42.8538,46.3087,-1.8056741759190587,False,False,False,-29.843281093697893,-27.00675118829452,2026-08-25,39.81,15038495.0,5.07143,46491816,Investment Banking & Brokerage,0000-00-00,XLF,Financials,5,0,98.331,0,0.4,0.0,4.76,True,True,9.342560553633218,,False,False,False,,True,False,12.559523809523808,-3.80952380952381,289,257,,True,-0.8821999999999974,True,59.126984126984134,42.08,40.5893536121673,0.9788928551644808,-0.02110714483551923,42.08,52.47148288973384,0.9973361743176384,-0.0026638256823615647,ORATS call delta minus one; put approximation,2026-08-26,0.0,0.0,0.0,hiro_unavailable,,,,,,,,,,
164,2026-08-25,NVDA,buy-first put-tail inventory,Pandar-direct inventory program; exact scanner geometry is partly mechanized,accumulate cheap far-OTM 1:1 put vertical inventory; usually about $5 wide and under $0.10; recycle and roll,IV/RR/put-skew gates; fixed 25-45% OTM band; complete-at-entry rule; universal 3x/5x exits,buy complete put spread in this implementation,2026-08-24_to_2026-09-02_four_method_scan,39.460317460317455,212.38,-3.1863974107672055,-5.889130145788091,23.0,7.142857142857143,89.68253968253968,5.555555555555555,86.5079365079365,96.03174603174604,3093437.85,13982418,24362670712.48,True,,put,2026-09-18,25.0,BTO,120.0,0.9988365789937478,0.07,0.08,38977.0,1078.0,STO,115.0,0.07,0.08,9354.0,123.0,5.0,0.0099999999999999,,43.497504473114226,,5.0,2026-08-27,2026-09-04,0.982079,35.1148,2.51996,54.0171,41.1059,39.5336,0.00701423,58.7357,43.7239,35.172599999999996,35.6443,57.3974,46.8053,0.47170000000000556,0.05779999999999319,2.618000000000002,4.718600000000002,3.3802999999999983,15.011800000000001,0.7936507936507936,89.28571428571429,207.775,195.40964999999997,2.2163397906389104,False,True,True,-0.8959402706486319,1.9405896347547413,2026-08-25,208.48,5144055980.0,0.70142,116858551,Semiconductors,0000-00-00,XLK,Technology,52,18,98.2079,0,21.03,40.56,57.14,True,True,40.830449826989614,,True,False,False,other,True,False,21.23015873015873,3.452380952380956,289,257,,True,0.5294999999999987,True,39.460317460317455,212.38,43.497504473114226,0.9988365789937478,-0.0011634210062522188,212.38,45.851775120067806,0.998836732759677,-0.001163267240323007,ORATS call delta minus one; put approximation,2026-08-26,0.0,55.0,0.0,hiro_unavailable,,,,,,,,,,
181,2026-08-25,SCHW,buy-first put-tail inventory,Pandar-direct inventory program; exact scanner geometry is partly mechanized,accumulate cheap far-OTM 1:1 put vertical inventory; usually about $5 wide and under $0.10; recycle and roll,IV/RR/put-skew gates; fixed 25-45% OTM band; complete-at-entry rule; universal 3x/5x exits,buy complete put spread in this implementation,2026-08-24_to_2026-09-02_four_method_scan,39.44730158730158,113.07,1.2809029021855878,-0.352516083546317,22.14,8.333333333333334,82.14285714285714,8.73015873015873,41.26984126984127,21.428571428571427,18642.7,437328,789927620.85,True,,put,2026-09-18,25.0,BTO,77.5,0.999932141033882,0.01,0.08,1706.0,31.0,STO,75.0,0.01,0.03,3542.0,4.0,2.5,0.07,,31.458388608826382,,5.0,2026-08-27,2026-09-04,0.850607,22.4182,2.13258,22.6365,22.4182,25.5947,0.0201453,22.3672,24.1948,21.7403,23.6346,25.9266,27.0995,1.8942999999999977,-0.6778999999999975,1.776600000000002,-0.2693000000000012,3.290099999999999,-1.8276000000000003,4.761904761904762,15.873015873015873,102.331,96.89110000000001,10.494376093265956,True,True,True,26.067566060876345,28.90409596627972,2026-08-25,113.65,195535989.0,2.01453,6950529,Investment Banking & Brokerage,0000-00-00,XLF,Financials,48,17,85.0607,7,17.46,39.48,47.62,True,True,85.81314878892734,,True,False,False,,False,False,21.726190476190474,20.1984126984127,289,257,,False,1.2164000000000001,True,39.44730158730158,113.07,31.458388608826382,0.999932141033882,-6.785896611805065e-05,113.07,33.669408331122305,0.9999321846383794,-6.781536162059343e-05,ORATS call delta minus one; put approximation,2026-08-26,0.0,46.0,0.0,hiro_unavailable,,,,,,,,,,
185,2026-08-25,SOFI,buy-first put-tail inventory,Pandar-direct inventory program; exact scanner geometry is partly mechanized,accumulate cheap far-OTM 1:1 put vertical inventory; usually about $5 wide and under $0.10; recycle and roll,IV/RR/put-skew gates; fixed 25-45% OTM band; complete-at-entry rule; universal 3x/5x exits,buy complete put spread in this implementation,2026-08-24_to_2026-09-02_four_method_scan,38.66428571428571,18.81,5.733558178752096,-0.370762711864403,17.05,30.555555555555557,44.04761904761905,15.873015873015872,15.476190476190476,50.3968253968254,357360.6,3835337,1107219965.76,True,,put,2026-10-16,53.0,BTO,11.0,0.9929013896499028,0.01,0.05,3970.0,10.0,STO,8.0,0.01,0.04,428.0,12.0,3.0,0.04,,41.5204678362573,,7.0,2026-08-27,2026-09-04,0.963787,51.0026,3.42635,53.511399999999995,51.0026,57.072,0.0200387,57.468799999999995,56.293899999999994,51.3824,51.5999,59.291799999999995,58.8634,0.21750000000000114,0.3797999999999959,5.291299999999993,3.9574,5.7804,1.174900000000001,1.9841269841269842,21.825396825396826,17.764799999999997,20.402399999999997,5.883544987841138,True,False,True,17.931034482758612,20.767564388161986,2026-08-25,18.24,24294438.0,2.00387,60702849,Credit & Lending Services,0000-00-00,XLF,Financials,76,9,96.3787,9,8.73,47.37,76.19,True,True,78.54671280276817,,False,False,False,,False,False,15.853174603174605,19.067460317460316,289,257,,False,0.597299999999997,True,38.66428571428571,18.81,41.5204678362573,0.9929013896499028,-0.007098610350097179,18.81,57.46943115364167,0.9999345033979136,-6.549660208643449e-05,ORATS call delta minus one; put approximation,2026-08-26,0.0,30.0,0.0,hiro_unavailable,,,,,,,,,,
211,2026-08-26,AMZN,buy-first put-tail inventory,Pandar-direct inventory program; exact scanner geometry is partly mechanized,accumulate cheap far-OTM 1:1 put vertical inventory; usually about $5 wide and under $0.10; recycle and roll,IV/RR/put-skew gates; fixed 25-45% OTM band; complete-at-entry rule; universal 3x/5x exits,buy complete put spread in this implementation,2026-08-24_to_2026-09-02_four_method_scan,23.945396825396823,260.29,-1.9327857734910636,-8.71821848150095,32.88,21.03174603174603,76.98412698412699,19.84126984126984,63.492063492063494,69.04761904761905,864776.05,4400043,12065978347.62,True,,put,2026-09-18,24.0,BTO,180.0,0.9998349367626108,0.06,0.08,8577.0,1.0,STO,175.0,0.05,0.07,11815.0,0.0,5.0,0.03,,30.846363671289723,,6.0,2026-08-27,2026-09-04,0.981305,28.456500000000002,3.74346,29.0455,28.456500000000002,34.4362,0.0116403,31.2603,29.932100000000002,28.458299999999998,29.3344,34.936099999999996,33.8663,0.876100000000001,0.001799999999995805,1.4756,2.2148000000000003,5.890599999999996,1.328199999999999,23.80952380952381,32.53968253968254,250.987,238.58174999999994,3.706566475554518,True,True,True,-4.054701610822365,-1.552886219040273,2026-08-26,261.06,2799224201.0,1.16403,46219177,E-commerce & Internet Retail,0000-00-00,XLY,C. Cyclical,24,25,98.1305,9,24.21,13.27,23.81,True,True,37.58620689655172,,False,False,False,,False,False,13.253968253968255,24.8015873015873,290,257,,False,0.8778999999999968,True,23.945396825396823,260.29,30.846363671289723,0.9998349367626108,-0.00016506323738918471,260.29,32.7672980137539,0.9999432454838836,-5.675451611641957e-05,ORATS call delta minus one; put approximation,2026-08-27,10.0,55.0,10.0,admitted,,,,,,,,,,
219,2026-08-26,BE,buy-first put-tail inventory,Pandar-direct inventory program; exact scanner geometry is partly mechanized,accumulate cheap far-OTM 1:1 put vertical inventory; usually about $5 wide and under $0.10; recycle and roll,IV/RR/put-skew gates; fixed 25-45% OTM band; complete-at-entry rule; universal 3x/5x exits,buy complete put spread in this implementation,2026-08-24_to_2026-09-02_four_method_scan,51.62746031746032,219.77,7.367238262738773,-7.818463990604418,8.69,15.476190476190476,77.38095238095238,7.936507936507937,81.74603174603175,79.36507936507937,121345.95,926271,3605226844.15,True,,put,2026-09-18,24.0,BTO,135.0,0.9849700327116784,0.29,0.33,2731.0,44.0,STO,130.0,0.23,0.25,1918.0,69.0,5.0,0.1,,38.57214360467762,,5.0,2026-08-27,2026-09-04,0.976532,88.6685,2.89459,94.23010000000001,88.6685,93.7138,0.0360722,106.30900000000001,96.1349,91.27250000000001,86.51830000000001,97.80969999999999,88.984,-4.754199999999997,2.6040000000000134,7.466400000000007,12.078900000000004,3.579599999999985,10.17410000000001,15.873015873015873,9.920634920634921,239.84040000000002,187.75480000000005,-8.36823154064119,False,True,False,-25.53451021583708,-23.03269482405499,2026-08-26,217.45,64728275.0,3.60722,16579567,Electrical Equipment Manufacturing,0000-00-00,XLI,Industrials,19,2,97.6532,8,2.38,4.44,19.05,True,True,12.413793103448276,,False,False,False,,False,False,12.678571428571429,27.142857142857142,290,257,,False,-2.150199999999984,True,51.62746031746032,219.77,38.57214360467762,0.9849700327116784,-0.015029967288321622,219.77,40.84724939709696,0.9896677060132096,-0.010332293986790364,ORATS call delta minus one; put approximation,2026-08-27,18.0,0.0,0.0,no_live_quote_gate_at_flow_trigger,,,,,,,,,,
220,2026-08-26,BMNR,buy-first put-tail inventory,Pandar-direct inventory program; exact scanner geometry is partly mechanized,accumulate cheap far-OTM 1:1 put vertical inventory; usually about $5 wide and under $0.10; recycle and roll,IV/RR/put-skew gates; fixed 25-45% OTM band; complete-at-entry rule; universal 3x/5x exits,buy complete put spread in this implementation,2026-08-24_to_2026-09-02_four_method_scan,42.123492063492066,25.09,24.45436507936507,0.0,14.94,20.238095238095237,77.38095238095238,19.444444444444443,65.07936507936508,69.04761904761905,139502.95,1530090,905057080.6,True,,put,2026-09-18,24.0,BTO,18.0,0.9556906816351352,0.1,0.11,3170.0,67.0,STO,13.0,0.01,0.06,2499.0,3.0,5.0,0.1,,28.258270227182148,,5.0,2026-08-27,2026-09-04,0.775082,79.707,1.0,81.46679999999999,79.707,83.5692,0.0378838,101.98,100.298,85.2437,77.6806,85.26129999999999,86.5713,-7.563100000000006,5.53670000000001,20.591000000000008,20.513200000000012,3.7944999999999993,1.6820000000000022,3.5714285714285716,28.96825396825397,17.136599999999998,22.791099999999997,46.411773630708566,True,True,True,33.17409766454353,35.675913056325626,2026-08-26,24.82,15134950.0,3.78838,36464830,Investment Banking & Brokerage,0000-00-00,XLF,Financials,86,21,77.5082,12,20.63,61.05,85.71,True,True,89.3103448275862,,False,False,False,,False,False,13.154761904761907,24.96031746031746,290,257,,False,-2.0263999999999953,True,42.123492063492066,25.09,28.258270227182148,0.9556906816351352,-0.04430931836486485,25.09,48.186528497409334,0.9990803855323682,-0.0009196144676317797,ORATS call delta minus one; put approximation,2026-08-27,18.0,40.0,14.0,admitted,,,,,,,,,,
249,2026-08-26,IREN,buy-first put-tail inventory,Pandar-direct inventory program; exact scanner geometry is partly mechanized,accumulate cheap far-OTM 1:1 put vertical inventory; usually about $5 wide and under $0.10; recycle and roll,IV/RR/put-skew gates; fixed 25-45% OTM band; complete-at-entry rule; universal 3x/5x exits,buy complete put spread in this implementation,2026-08-24_to_2026-09-02_four_method_scan,59.76190476190476,39.66,-6.550424128180965,-11.768631813125708,0.0,13.88888888888889,82.14285714285714,12.301587301587302,83.33333333333333,93.65079365079364,265555.75,2428882,1957233632.76,True,,put,2026-09-18,24.0,BTO,24.0,0.9781495917356328,0.08,0.12,383.0,10.0,STO,19.0,0.02,0.05,1407.0,1.0,5.0,0.0999999999999999,,39.485627836611194,,6.0,2026-08-27,2026-09-04,0.949473,77.6944,2.92973,116.61300000000001,95.7969,95.74709999999999,0.0424735,134.389,112.817,81.4974,76.4725,118.20200000000001,98.0636,-5.024900000000002,3.8029999999999973,17.0201,17.775999999999996,1.5889999999999986,21.572000000000017,1.1904761904761905,61.111111111111114,42.4226,46.1664,-6.512094968248072,False,False,False,-41.36605558840923,-38.86424019662714,2026-08-26,42.21,14173638.0,4.24735,46368956,Investment Banking & Brokerage,0000-00-00,XLF,Financials,5,0,94.9473,0,0.4,0.0,4.76,True,True,4.137931034482759,,False,False,False,,True,False,12.281746031746032,-1.9841269841269877,290,257,,True,-1.221900000000005,True,59.76190476190476,39.66,39.485627836611194,0.9781495917356328,-0.021850408264367238,39.66,52.092788703983864,0.9976254937533616,-0.002374506246638375,ORATS call delta minus one; put approximation,2026-08-27,9.0,2.0,0.0,no_live_quote_gate_at_flow_trigger,,,,,,,,,,
256,2026-08-26,MRNA,buy-first put-tail inventory,Pandar-direct inventory program; exact scanner geometry is partly mechanized,accumulate cheap far-OTM 1:1 put vertical inventory; usually about $5 wide and under $0.10; recycle and roll,IV/RR/put-skew gates; fixed 25-45% OTM band; complete-at-entry rule; universal 3x/5x exits,buy complete put spread in this implementation,2026-08-24_to_2026-09-02_four_method_scan,36.07873015873016,148.58,-11.88993654747078,-11.88993654747078,24.08,12.698412698412698,88.0952380952381,11.507936507936508,69.44444444444444,72.22222222222223,146788.15,962795,4164670311.9,True,,put,2026-09-18,24.0,BTO,90.0,0.9901100921568354,0.16,0.19,966.0,87.0,STO,85.0,0.1,0.15,432.0,15.0,5.0,0.09,,39.42657154394939,,6.0,2026-08-27,2026-09-04,0.942575,79.6119,3.14554,87.3459,79.6119,85.6625,0.0848877,104.595,95.9703,84.25280000000001,78.07939999999999,93.0192,84.93,-6.173400000000015,4.640900000000002,16.35839999999999,17.2491,5.673299999999998,8.624700000000004,32.142857142857146,80.55555555555556,73.2664,50.52915,102.79418669403712,True,True,True,210.7718050617026,213.27362045348468,2026-08-26,158.83,58924876.0,8.48877,26220930,Biotechnology,0000-00-00,XLV,Healthcare,62,83,94.2575,10,82.54,13.88,61.9,True,True,99.6551724137931,,False,False,False,,False,False,11.865079365079364,25.555555555555554,290,257,,False,-1.532500000000013,True,36.07873015873016,148.58,39.42657154394939,0.9901100921568354,-0.00988990784316457,148.58,42.791762013729986,0.9947721837691988,-0.005227816230801152,ORATS call delta minus one; put approximation,2026-08-27,23.0,0.0,0.0,no_live_quote_gate_at_flow_trigger,,,,,,,,,,
262,2026-08-26,NVDA,buy-first put-tail inventory,Pandar-direct inventory program; exact scanner geometry is partly mechanized,accumulate cheap far-OTM 1:1 put vertical inventory; usually about $5 wide and under $0.10; recycle and roll,IV/RR/put-skew gates; fixed 25-45% OTM band; complete-at-entry rule; universal 3x/5x exits,buy complete put spread in this implementation,2026-08-24_to_2026-09-02_four_method_scan,35.189682539682536,209.6,-4.068836102338791,-7.121017414809227,27.35,7.142857142857143,88.4920634920635,5.158730158730159,94.04761904761904,98.015873015873,3023762.3,14525230,24562182328.35,True,,put,2026-09-18,24.0,BTO,120.0,0.9988216036865586,0.07,0.08,39829.0,23.0,STO,115.0,0.07,0.08,9383.0,21.0,5.0,0.0099999999999999,,42.74809160305343,,5.0,2026-08-27,2026-09-04,0.981948,36.0008,2.35985,54.6396,41.3385,39.4928,0.00650065,62.3556,43.9214,36.0255,36.4959,64.59949999999999,47.0738,0.47039999999999793,0.02470000000000283,2.582899999999995,7.716000000000001,9.95989999999999,18.434200000000004,23.80952380952381,90.47619047619048,207.7348,195.51635,0.8978755605704825,True,True,True,-1.6562661286538716,0.8455492631282202,2026-08-26,213.05,5076721600.0,0.65007,115288347,Semiconductors,0000-00-00,XLK,Technology,57,20,98.1948,13,28.17,48.23,66.67,True,True,42.758620689655174,,True,False,False,other,False,False,21.28968253968254,34.30555555555556,290,257,,False,0.49510000000000076,True,35.189682539682536,209.6,42.74809160305343,0.9988216036865586,-0.00117839631344141,209.6,45.13358778625955,0.9988233150158896,-0.0011766849841103877,ORATS call delta minus one; put approximation,2026-08-27,27.0,55.0,27.0,admitted,,,,,,,,,,
270,2026-08-26,PLTR,buy-first put-tail inventory,Pandar-direct inventory program; exact scanner geometry is partly mechanized,accumulate cheap far-OTM 1:1 put vertical inventory; usually about $5 wide and under $0.10; recycle and roll,IV/RR/put-skew gates; fixed 25-45% OTM band; complete-at-entry rule; universal 3x/5x exits,buy complete put spread in this implementation,2026-08-24_to_2026-09-02_four_method_scan,31.77873015873016,177.71,1.5137667085570738,-1.1953741799177189,23.38,25.79365079365079,63.492063492063494,23.41269841269841,64.28571428571429,86.9047619047619,614950.0,3519181,7955756733.41,True,,put,2026-09-18,24.0,BTO,105.0,0.999419375576211,0.1,0.13,8585.0,89.0,STO,100.0,0.09,0.1,14720.0,91.0,5.0,0.04,,40.91497383377413,,4.0,2026-08-27,2026-09-01,0.984207,47.2935,3.84585,50.310900000000004,47.2935,55.6396,0.00941265,55.0781,50.406099999999995,47.0657,48.7573,61.73,55.6369,1.691600000000001,-0.227800000000002,3.1125999999999934,4.767199999999995,11.419099999999993,4.672000000000004,25.396825396825395,38.095238095238095,141.6552,151.34335,25.452507214701605,True,True,True,33.67684669775839,36.17866208954048,2026-08-26,172.73,425998790.0,0.94127,46058917,Infrastructure Software,0000-00-00,XLK,Technology,48,24,98.4207,9,23.41,24.05,47.62,True,True,90.3448275862069,,False,False,False,,False,False,14.404761904761905,25.773809523809526,290,257,,False,1.463799999999999,True,31.77873015873016,177.71,40.91497383377413,0.999419375576211,-0.0005806244237890335,177.71,43.72854650835632,0.9998066353131676,-0.00019336468683239794,ORATS call delta minus one; put approximation,2026-08-27,26.0,55.0,26.0,admitted,,,,,,,,,,
310,2026-08-27,AMZN,buy-first put-tail inventory,Pandar-direct inventory program; exact scanner geometry is partly mechanized,accumulate cheap far-OTM 1:1 put vertical inventory; usually about $5 wide and under $0.10; recycle and roll,IV/RR/put-skew gates; fixed 25-45% OTM band; complete-at-entry rule; universal 3x/5x exits,buy complete put spread in this implementation,2026-08-24_to_2026-09-02_four_method_scan,30.099841269841267,256.88,-1.6049335427280045,-9.914080308609496,31.17,9.92063492063492,88.4920634920635,8.73015873015873,72.22222222222223,38.492063492063494,841757.9,4411796,11742211274.759998,True,,put,2026-09-18,23.0,BTO,150.0,0.9999646169988688,0.01,0.02,6260.0,0.0,STO,145.0,0.01,0.07,1582.0,16.0,5.0,0.01,,41.60697601993149,,5.0,2026-08-28,2026-09-04,0.984443,27.7419,3.64366,27.144099999999998,27.7419,34.3909,0.00985103,29.7953,30.6122,28.0443,28.285,32.7494,35.0817,0.24070000000000036,0.30239999999999867,2.8703000000000003,2.651200000000003,5.605300000000003,-0.8169000000000004,18.650793650793652,19.047619047619047,251.20279999999994,238.6427,2.2600066559767873,True,True,True,-6.217370669197919,-4.02115153654139,2026-08-27,260.28,2762552202.0,0.9851,45113767,E-commerce & Internet Retail,0000-00-00,XLY,C. Cyclical,19,21,98.4443,9,20.63,10.2,14.29,True,True,35.76388888888889,,False,False,False,,False,False,11.567460317460316,24.146825396825395,288,256,,False,0.543099999999999,True,30.099841269841267,256.88,41.60697601993149,0.9999646169988688,-3.538300113115067e-05,256.88,43.553410152600435,0.9999646265810804,-3.537341891957091e-05,ORATS call delta minus one; put approximation,2026-08-28,20.0,55.0,20.0,admitted,,,,,,,,,,
332,2026-08-27,CRWV,buy-first put-tail inventory,Pandar-direct inventory program; exact scanner geometry is partly mechanized,accumulate cheap far-OTM 1:1 put vertical inventory; usually about $5 wide and under $0.10; recycle and roll,IV/RR/put-skew gates; fixed 25-45% OTM band; complete-at-entry rule; universal 3x/5x exits,buy complete put spread in this implementation,2026-08-24_to_2026-09-02_four_method_scan,52.38507936507936,86.67,-3.4317548746518045,-19.77228547625659,11.98,1.1904761904761905,95.23809523809524,1.984126984126984,78.96825396825396,25.0,241201.35,2168148,2750526716.34,True,,put,2026-09-18,23.0,BTO,50.0,0.9977888731323408,0.03,0.06,6667.0,104.0,STO,45.0,0.01,0.05,3498.0,0.0,5.0,0.0499999999999999,,42.30991115726318,,4.0,2026-08-28,2026-09-04,0.94455,73.3596,2.60395,72.8487,73.3596,80.2611,0.0235572,81.6258,83.92190000000001,75.3192,72.9411,76.5289,79.3775,-2.3780999999999892,1.9595999999999947,10.562300000000008,8.777100000000004,3.6801999999999992,-2.29610000000001,2.7777777777777777,2.7777777777777777,88.5556,91.51205,-2.1292837494184425,False,False,False,-18.931811804321384,-16.735592671664854,2026-08-27,88.01,47801677.0,2.35572,31252434,Infrastructure Software,0000-00-00,XLK,Technology,5,4,94.455,10,4.37,0.0,4.76,True,True,18.055555555555554,,False,False,False,,False,False,10.357142857142858,24.146825396825395,288,256,,False,-0.41849999999999454,True,52.385079365079356,86.67,42.30991115726318,0.9977888731323408,-0.00221112686765923,86.67,48.07892004153687,0.9996352232884124,-0.00036477671158763325,ORATS call delta minus one; put approximation,2026-08-28,11.0,11.0,3.0,admitted,,,,,,,,,,
344,2026-08-27,GOOG,buy-first put-tail inventory,Pandar-direct inventory program; exact scanner geometry is partly mechanized,accumulate cheap far-OTM 1:1 put vertical inventory; usually about $5 wide and under $0.10; recycle and roll,IV/RR/put-skew gates; fixed 25-45% OTM band; complete-at-entry rule; universal 3x/5x exits,buy complete put spread in this implementation,2026-08-24_to_2026-09-02_four_method_scan,47.84301587301587,337.64,-0.2157401660903835,-10.5304997615136,13.03,11.11111111111111,78.17460317460318,9.523809523809524,72.61904761904762,31.746031746031747,170559.4,1752664,5862044080.6,True,,put,2026-10-16,51.0,BTO,230.0,0.9964686078036274,0.1,0.15,859.0,2.0,STO,225.0,0.09,0.14,895.0,4.0,5.0,0.06,,31.880108991825608,,4.0,2026-08-28,2026-09-04,0.98693,26.657799999999998,3.10989,26.055,26.657799999999998,32.289,0.0111983,29.533900000000003,30.9464,26.88,27.152199999999997,30.9618,30.219800000000003,0.272199999999998,0.22220000000000084,4.288600000000002,3.478900000000003,4.9068000000000005,-1.4124999999999979,17.063492063492063,7.936507936507937,348.6164,333.15915,-3.1485609971303785,False,True,False,-12.783819388835793,-10.587600256179265,2026-08-27,339.1,4129315196.0,1.11983,17287066,Internet Content & Media,0000-00-00,XLC,Comm,10,9,98.693,8,9.13,0.83,9.52,True,True,24.65277777777778,,False,False,False,,False,False,12.202380952380953,23.84920634920635,288,256,,False,0.49439999999999884,True,47.84301587301587,337.64,31.880108991825608,0.9964686078036274,-0.0035313921963725514,337.64,33.36097618765549,0.9975713033396036,-0.0024286966603963567,ORATS call delta minus one; put approximation,2026-08-28,23.0,0.0,0.0,no_live_quote_gate_at_flow_trigger,,,,,,,,,,
345,2026-08-27,GOOGL,buy-first put-tail inventory,Pandar-direct inventory program; exact scanner geometry is partly mechanized,accumulate cheap far-OTM 1:1 put vertical inventory; usually about $5 wide and under $0.10; recycle and roll,IV/RR/put-skew gates; fixed 25-45% OTM band; complete-at-entry rule; universal 3x/5x exits,buy complete put spread in this implementation,2026-08-24_to_2026-09-02_four_method_scan,50.62587301587302,340.69,-0.0938388903551246,-10.342377430985028,12.39,6.349206349206349,83.73015873015873,3.5714285714285716,75.0,32.53968253968254,457051.9,3232489,8816500764.0,True,,put,2026-10-16,51.0,BTO,245.0,0.9907708105785435,0.2,0.23,951.0,7.0,STO,240.0,0.16,0.22,1808.0,44.0,5.0,0.07,,28.08711732073146,,4.0,2026-08-28,2026-09-04,0.97972,26.7839,3.00827,25.616,26.7839,32.5299,0.0113225,29.1311,30.9402,27.186100000000003,27.043,29.4277,31.0132,-0.143100000000004,0.4022000000000041,4.156300000000002,3.5151000000000003,3.811700000000002,-1.8091000000000008,9.126984126984127,6.746031746031746,350.35820000000007,334.2135,-2.7595186868753396,False,True,False,-12.911554192229035,-10.715335059572507,2026-08-27,342.0,4166616498.0,1.13225,25779242,Internet Content & Media,0000-00-00,XLC,Comm,5,7,97.972,8,6.75,0.0,4.76,True,True,24.305555555555554,,False,False,False,,False,False,11.448412698412698,24.126984126984127,288,256,,False,0.2591000000000001,True,50.62587301587302,340.69,28.08711732073146,0.9907708105785435,-0.009229189421456452,340.69,29.554727171328775,0.9932663745914798,-0.006733625408520183,ORATS call delta minus one; put approximation,2026-08-28,19.0,21.0,2.0,admitted,,,,,,,,,,
358,2026-08-27,NBIS,buy-first put-tail inventory,Pandar-direct inventory program; exact scanner geometry is partly mechanized,accumulate cheap far-OTM 1:1 put vertical inventory; usually about $5 wide and under $0.10; recycle and roll,IV/RR/put-skew gates; fixed 25-45% OTM band; complete-at-entry rule; universal 3x/5x exits,buy complete put spread in this implementation,2026-08-24_to_2026-09-02_four_method_scan,33.47904761904762,216.19,-0.2997601918465209,-20.873288924676093,24.14,21.428571428571427,70.63492063492063,15.476190476190476,83.33333333333333,35.317460317460316,243154.55,1332572,5786258197.41,True,,put,2026-09-18,23.0,BTO,120.0,0.9941120305624416,0.19,0.24,4506.0,156.0,STO,115.0,0.18,0.22,1760.0,27.0,5.0,0.06,,44.49326980896433,,4.0,2026-08-28,2026-09-04,0.952134,85.5745,2.10738,84.0304,85.5745,93.1802,0.0499628,95.89020000000001,97.3859,86.952,85.1814,91.842,93.0594,-1.7706000000000017,1.3774999999999977,11.811400000000006,11.859800000000007,7.8115999999999985,-1.4956999999999994,10.317460317460318,15.476190476190476,220.75599999999997,151.33280000000002,-2.0683469531971865,False,True,False,-4.9296394019349155,-2.733420269278386,2026-08-27,213.93,53943588.0,4.99628,27047437,Internet Content & Media,0000-00-00,XLK,Technology,5,22,95.2134,10,22.22,0.0,4.76,True,True,38.19444444444444,,False,False,False,,False,False,13.61111111111111,25.099206349206348,288,256,,False,-0.393100000000004,True,33.47904761904762,216.19,44.49326980896433,0.9941120305624416,-0.005887969437558427,216.19,46.806050233590824,0.9964496754564304,-0.0035503245435696273,ORATS call delta minus one; put approximation,2026-08-28,13.0,19.0,4.0,admitted,,,,,,,,,,
361,2026-08-27,NVDA,buy-first put-tail inventory,Pandar-direct inventory program; exact scanner geometry is partly mechanized,accumulate cheap far-OTM 1:1 put vertical inventory; usually about $5 wide and under $0.10; recycle and roll,IV/RR/put-skew gates; fixed 25-45% OTM band; complete-at-entry rule; universal 3x/5x exits,buy complete put spread in this implementation,2026-08-24_to_2026-09-02_four_method_scan,49.02460317460318,228.35,5.322632719892995,0.0,9.15,11.11111111111111,92.85714285714286,23.015873015873016,67.46031746031746,80.15873015873017,3243404.65,15328583,24496727024.66,True,,put,2026-09-18,23.0,BTO,145.0,0.9989174451959876,0.06,0.08,27160.0,124.0,STO,140.0,0.06,0.07,47220.0,1403.0,5.0,0.02,,36.500985329538,,4.0,2026-08-28,2026-09-04,0.983319,32.9779,2.58884,35.443400000000004,32.9779,37.3608,0.00578985,37.966699999999996,35.2703,33.5194,34.684799999999996,42.3174,46.2779,1.1653999999999982,0.5414999999999992,2.2924000000000007,2.523299999999992,6.873999999999995,2.696399999999997,5.9523809523809526,28.571428571428573,208.13060000000002,195.72279999999998,9.714765632732526,True,True,True,6.511497737767624,8.707716870424154,2026-08-27,209.66,5530865350.0,0.57899,116840251,Semiconductors,0000-00-00,XLK,Technology,33,6,98.3319,11,4.76,20.41,33.33,True,True,64.93055555555556,,True,False,False,,False,False,21.46825396825397,25.753968253968253,288,256,,False,1.7068999999999974,True,49.02460317460318,228.35,36.500985329538,0.9989174451959876,-0.0010825548040124255,228.35,38.69060652507116,0.9989176376541856,-0.0010823623458143805,ORATS call delta minus one; put approximation,2026-08-28,12.0,55.0,12.0,admitted,,,,,,,,,,
367,2026-08-27,PLTR,buy-first put-tail inventory,Pandar-direct inventory program; exact scanner geometry is partly mechanized,accumulate cheap far-OTM 1:1 put vertical inventory; usually about $5 wide and under $0.10; recycle and roll,IV/RR/put-skew gates; fixed 25-45% OTM band; complete-at-entry rule; universal 3x/5x exits,buy complete put spread in this implementation,2026-08-24_to_2026-09-02_four_method_scan,37.68746031746032,186.24,6.684997422237515,0.0,22.63,15.07936507936508,71.42857142857143,8.333333333333334,46.03174603174603,48.41269841269841,633540.2,3561097,8043232870.0,True,,put,2026-09-18,23.0,BTO,125.0,0.9973604812655856,0.14,0.16,10129.0,1059.0,STO,120.0,0.13,0.14,18752.0,2030.0,5.0,0.03,,32.88230240549829,,3.0,2026-08-28,2026-09-01,0.95469,46.5935,3.70975,47.1345,46.5935,55.847,0.0105734,50.164500000000004,51.3118,46.598099999999995,47.415600000000005,54.2402,57.44050000000001,0.8175000000000097,0.004599999999996385,4.718299999999999,3.030000000000001,7.105699999999999,-1.1472999999999942,3.1746031746031744,21.428571428571427,142.72459999999998,151.3826,30.489067757065037,True,True,True,30.447573019541906,32.643792152198436,2026-08-27,177.5,446446540.0,1.05734,45313988,Infrastructure Software,0000-00-00,XLK,Technology,48,23,95.469,9,22.62,22.95,47.62,True,True,88.88888888888889,,False,False,False,,False,False,12.936507936507935,22.023809523809522,288,256,,False,0.822100000000006,True,37.68746031746032,186.24,32.88230240549829,0.9973604812655856,-0.00263951873441437,186.24,35.56701030927836,0.9988639930353644,-0.0011360069646355608,ORATS call delta minus one; put approximation,2026-08-28,22.0,55.0,22.0,admitted,,,,,,,,,,
415,2026-08-28,BMNR,buy-first put-tail inventory,Pandar-direct inventory program; exact scanner geometry is partly mechanized,accumulate cheap far-OTM 1:1 put vertical inventory; usually about $5 wide and under $0.10; recycle and roll,IV/RR/put-skew gates; fixed 25-45% OTM band; complete-at-entry rule; universal 3x/5x exits,buy complete put spread in this implementation,2026-08-24_to_2026-09-02_four_method_scan,45.94984126984127,23.88,4.599211563731931,-7.976878612716765,10.32,24.20634920634921,62.698412698412696,19.444444444444443,58.333333333333336,52.38095238095238,150853.35,1634776,966150017.8,True,,put,2026-09-18,22.0,BTO,15.0,0.9927372900367938,0.02,0.04,6922.0,12631.0,STO,11.0,0.01,0.02,84.0,0.0,4.0,0.03,,37.1859296482412,,3.0,2026-08-31,2026-09-04,0.874553,76.5251,1.0,72.7344,76.5251,80.93979999999999,0.0549367,91.5531,92.8354,80.08420000000001,74.6262,76.99510000000001,79.38300000000001,-5.458000000000013,3.559100000000015,16.310300000000012,18.818700000000007,4.260700000000014,-1.2823000000000064,4.365079365079365,7.936507936507937,17.4918,22.6297,36.52111274997425,True,True,True,23.73056994818652,26.826101180851946,2026-08-28,25.63,14405046.0,5.49367,37696060,Investment Banking & Brokerage,0000-00-00,XLF,Financials,43,10,87.4553,12,10.32,34.9,42.86,True,True,86.80555555555556,,False,False,False,,False,False,14.285714285714286,23.452380952380956,288,247,,False,-1.8988999999999976,True,45.94984126984127,23.88,37.1859296482412,0.9927372900367938,-0.007262709963206215,23.88,53.936348408710224,0.9999683648963484,-3.1635103651561636e-05,ORATS call delta minus one; put approximation,2026-08-31,23.0,1.0,0.0,no_live_quote_gate_at_flow_trigger,,,,,,,,,,
428,2026-08-28,CRWV,buy-first put-tail inventory,Pandar-direct inventory program; exact scanner geometry is partly mechanized,accumulate cheap far-OTM 1:1 put vertical inventory; usually about $5 wide and under $0.10; recycle and roll,IV/RR/put-skew gates; fixed 25-45% OTM band; complete-at-entry rule; universal 3x/5x exits,buy complete put spread in this implementation,2026-08-24_to_2026-09-02_four_method_scan,60.35444444444444,84.09,-4.789402173913038,-22.160510969175228,4.09,0.7936507936507936,96.42857142857144,1.984126984126984,62.698412698412696,10.317460317460318,240980.9,2206768,2643995877.6,True,,put,2026-09-18,22.0,BTO,50.0,0.998158374528584,0.02,0.06,6754.0,177.0,STO,45.0,0.01,0.05,3498.0,1.0,5.0,0.0499999999999999,,40.5398977286241,,3.0,2026-08-31,2026-09-04,0.984872,68.7422,2.61571,64.8502,68.7422,77.97659999999999,0.0297847,70.8144,77.971,70.81769999999999,68.3034,69.7298,74.207,-2.5142999999999915,2.075499999999991,9.228800000000007,5.964200000000005,4.879599999999996,-7.156599999999997,3.9682539682539684,0.3968253968253968,87.9174,91.40764999999999,-4.35340444553638,False,False,False,-21.79856784153259,-18.703036608867166,2026-08-28,86.8,46378713.0,2.97847,30460782,Infrastructure Software,0000-00-00,XLK,Technology,5,1,98.4872,10,1.19,0.0,4.76,True,True,17.01388888888889,,False,False,False,,False,False,10.257936507936508,21.785714285714285,288,247,,False,-0.4388000000000005,True,60.35444444444444,84.09,40.5398977286241,0.998158374528584,-0.0018416254714159752,84.09,46.48590795576168,0.9997484644049874,-0.00025153559501256417,ORATS call delta minus one; put approximation,2026-08-31,21.0,48.0,19.0,admitted,,,,,,,,,,
429,2026-08-28,CVNA,buy-first put-tail inventory,Pandar-direct inventory program; exact scanner geometry is partly mechanized,accumulate cheap far-OTM 1:1 put vertical inventory; usually about $5 wide and under $0.10; recycle and roll,IV/RR/put-skew gates; fixed 25-45% OTM band; complete-at-entry rule; universal 3x/5x exits,buy complete put spread in this implementation,2026-08-24_to_2026-09-02_four_method_scan,40.12460317460318,73.97,6.095811818703378,-2.401372212692976,23.05,4.365079365079365,93.25396825396824,4.761904761904762,90.07936507936508,25.0,55882.4,1066296,759502739.47,True,,put,2026-09-18,22.0,BTO,45.0,0.998926388074103,0.02,0.06,1852.0,0.0,STO,40.0,0.01,0.06,8945.0,1480.0,5.0,0.0499999999999999,,39.164526159253754,,3.0,2026-08-31,2026-09-04,0.954021,53.7655,2.74671,50.346500000000006,53.7655,63.052299999999995,0.0412627,53.0713,56.1212,52.6648,55.8308,57.2473,63.5366,3.166000000000004,-1.1007000000000033,2.355699999999999,2.724799999999995,6.900799999999997,-3.049900000000001,6.746031746031746,12.698412698412698,67.99640000000001,257.55760000000004,8.785170979640089,True,False,True,0.5163745074058923,3.6119057400713195,2026-08-28,74.09,81331864.0,4.12627,10251083,Auto Dealerships,0000-00-00,XLY,C. Cyclical,24,23,95.4021,8,23.02,26.61,23.81,True,True,51.388888888888886,,False,False,False,,False,False,10.773809523809524,25.257936507936506,288,247,,False,2.0653000000000006,True,40.12460317460318,73.97,39.164526159253754,0.998926388074103,-0.0010736119258969445,73.97,45.92402325267,0.9999249792454138,-7.502075458620805e-05,ORATS call delta minus one; put approximation,2026-08-31,19.0,4.0,2.0,admitted,,,,,,,,,,
443,2026-08-28,GOOGL,buy-first put-tail inventory,Pandar-direct inventory program; exact scanner geometry is partly mechanized,accumulate cheap far-OTM 1:1 put vertical inventory; usually about $5 wide and under $0.10; recycle and roll,IV/RR/put-skew gates; fixed 25-45% OTM band; complete-at-entry rule; universal 3x/5x exits,buy complete put spread in this implementation,2026-08-24_to_2026-09-02_four_method_scan,48.49793650793651,347.63,0.5088617110474924,-8.516013579304726,13.01,11.507936507936508,72.61904761904762,5.9523809523809526,62.301587301587304,25.79365079365079,438140.85,3364151,8718245230.5,True,,put,2026-10-16,50.0,BTO,235.0,0.998037363688032,0.12,0.16,494.0,16.0,STO,230.0,0.1,0.15,478.0,75.0,5.0,0.06,,32.39939015620056,,3.0,2026-08-31,2026-09-04,0.983833,26.6465,3.08037,24.401999999999997,26.6465,32.733000000000004,0.0107293,27.2839,30.345899999999997,26.8533,27.038800000000002,27.6161,31.124499999999998,0.1855000000000011,0.2068000000000012,3.699399999999997,2.8819000000000017,3.214100000000002,-3.0619999999999976,5.555555555555555,3.5714285714285716,350.04240000000004,334.50130000000007,-0.689173654391595,False,True,False,-8.916312948697803,-5.820781716032375,2026-08-28,340.65,4251492245.0,1.07293,25592970,Internet Content & Media,0000-00-00,XLC,Comm,10,7,98.3833,8,7.14,1.01,9.52,True,True,29.86111111111111,,False,False,False,,False,False,12.51984126984127,22.519841269841272,288,247,,False,0.3923000000000023,True,48.49793650793651,347.63,32.39939015620056,0.998037363688032,-0.0019626363119680246,347.63,33.837701003940964,0.998593501147026,-0.0014064988529739475,ORATS call delta minus one; put approximation,2026-08-31,11.0,51.0,11.0,admitted,,,,,,,,,,
445,2026-08-28,HOOD,buy-first put-tail inventory,Pandar-direct inventory program; exact scanner geometry is partly mechanized,accumulate cheap far-OTM 1:1 put vertical inventory; usually about $5 wide and under $0.10; recycle and roll,IV/RR/put-skew gates; fixed 25-45% OTM band; complete-at-entry rule; universal 3x/5x exits,buy complete put spread in this implementation,2026-08-24_to_2026-09-02_four_method_scan,31.94555555555556,104.31,-2.431952109250768,-6.599212034383961,28.61,12.698412698412698,75.39682539682539,9.523809523809524,56.34920634920635,19.444444444444443,212786.75,1704223,2111728398.08,True,,put,2026-09-18,22.0,BTO,70.0,0.9928986512609996,0.07,0.1,11447.0,2445.0,STO,65.0,0.03,0.1,8169.0,6.0,5.0,0.07,,32.8923401399674,,3.0,2026-08-31,2026-09-02,0.986455,57.692,2.16825,55.2791,57.692,63.329100000000004,0.0373832,61.5371,66.0767,58.278600000000004,58.1137,59.3387,62.694700000000005,-0.16490000000000293,0.5866000000000042,8.384700000000002,6.258000000000003,4.059600000000003,-4.5396,4.365079365079365,11.11111111111111,101.397,95.4218,2.872866061126067,True,True,True,11.513790891597164,14.609322124262592,2026-08-28,109.76,93783272.0,3.73832,19239508,Investment Banking & Brokerage,0000-00-00,XLF,Financials,14,17,98.6455,9,18.25,11.82,19.05,True,True,74.65277777777779,,True,False,False,,False,False,22.5,21.607142857142854,288,247,,False,0.4217000000000013,True,31.945555555555558,104.31,32.8923401399674,0.9928986512609996,-0.007101348739000368,104.31,37.68574441568402,0.9980018259122114,-0.0019981740877885734,ORATS call delta minus one; put approximation,2026-08-31,25.0,55.0,25.0,admitted,,,,,,,,,,
457,2026-08-28,MRVL,buy-first put-tail inventory,Pandar-direct inventory program; exact scanner geometry is partly mechanized,accumulate cheap far-OTM 1:1 put vertical inventory; usually about $5 wide and under $0.10; recycle and roll,IV/RR/put-skew gates; fixed 25-45% OTM band; complete-at-entry rule; universal 3x/5x exits,buy complete put spread in this implementation,2026-08-24_to_2026-09-02_four_method_scan,36.5884126984127,218.23,-8.167816865847499,-12.578616352201257,26.11,5.555555555555555,93.25396825396824,5.9523809523809526,84.52380952380952,33.333333333333336,192808.55,1749410,5690679033.599999,True,,put,2026-09-18,22.0,BTO,140.0,0.9979361236515972,0.04,0.07,4082.0,41.0,STO,135.0,0.04,0.06,2430.0,19.0,5.0,0.03,,35.8475003436741,,3.0,2026-08-31,2026-09-04,0.986884,58.385600000000004,1.59697,57.914500000000004,58.385600000000004,63.659,0.0255146,69.63390000000001,70.3918,61.2088,56.9067,60.229200000000006,59.8798,-4.302099999999996,2.823199999999993,12.0062,11.719400000000007,2.314700000000002,-0.7578999999999922,2.7777777777777777,30.555555555555557,228.7078,148.76955,-4.581304179393975,False,True,False,6.210152333674013,9.30568356633944,2026-08-28,241.45,196124308.0,2.55146,23568768,Semiconductors,0000-00-00,XLK,Technology,5,56,98.6884,13,55.95,0.0,4.76,True,True,64.23611111111111,,True,False,False,,False,False,20.892857142857146,25.11904761904762,288,247,,False,-1.478900000000003,True,36.5884126984127,218.23,35.8475003436741,0.9979361236515972,-0.002063876348402771,218.23,38.13866104568574,0.9987385761043576,-0.0012614238956424328,ORATS call delta minus one; put approximation,2026-08-31,4.0,53.0,4.0,admitted,,,,,,,,,,
463,2026-08-28,NVDA,buy-first put-tail inventory,Pandar-direct inventory program; exact scanner geometry is partly mechanized,accumulate cheap far-OTM 1:1 put vertical inventory; usually about $5 wide and under $0.10; recycle and roll,IV/RR/put-skew gates; fixed 25-45% OTM band; complete-at-entry rule; universal 3x/5x exits,buy complete put spread in this implementation,2026-08-24_to_2026-09-02_four_method_scan,53.07873015873016,216.99,0.7662301476734523,-4.974819356251359,7.08,12.698412698412698,86.5079365079365,11.507936507936508,90.07936507936508,80.55555555555556,3349496.95,16147517,28281156099.199997,True,,put,2026-09-18,22.0,BTO,135.0,0.9988619712951298,0.05,0.06,17971.0,894.0,STO,130.0,0.05,0.06,31916.0,5187.0,5.0,0.0099999999999999,,37.78515138946496,,3.0,2026-08-31,2026-09-04,0.978816,32.6538,2.42795,32.414,32.6538,37.0612,0.00513055,38.2148,35.431400000000004,32.596199999999996,33.819300000000005,44.6267,39.438,1.2231000000000094,-0.05760000000000076,2.7776000000000067,5.800799999999995,12.212699999999998,2.783399999999993,46.03174603174603,12.301587301587302,208.389,195.8096,4.127377164821566,True,True,True,-0.02303722816070497,3.072494004504722,2026-08-28,227.98,5255714790.0,0.51306,124051040,Semiconductors,0000-00-00,XLK,Technology,19,2,97.8816,11,3.17,15.79,28.57,True,True,50.34722222222222,,True,False,False,other,False,False,21.944444444444443,33.035714285714285,288,247,,False,1.1655000000000086,True,53.07873015873016,216.99,37.78515138946496,0.9988619712951298,-0.0011380287048702309,216.99,40.089405041706996,0.9988780927095646,-0.0011219072904353755,ORATS call delta minus one; put approximation,2026-08-31,23.0,55.0,23.0,admitted,,,,,,,,,,
505,2026-08-31,MSTR,sell-first call grab,Pandar-direct call-tail sale/crush core only; conversion is derived,sell unusually overpriced far-OTM front-weekly call tails; expect local wing crush; size for strike touch,RR/wing/kink gates; 2-6 delta and 5-19 DTE selection; nearer-call conversion; order and stop rules,sell far-OTM call,2026-08-24_to_2026-09-02_four_method_scan,52.301587301587304,132.56,8.406934903500174,-3.2902896330342046,40.34,3.5714285714285716,93.25396825396824,2.7777777777777777,86.11111111111111,73.80952380952381,490066.65,2637214,3152955386.08,True,,call,2026-09-04,5.0,STO,160.0,0.0425624229165183,0.23,0.25,1895.0,1345.0,BTO,157.5,0.29,0.33,349.0,258.0,2.5,0.23,0.13,,,3.0,2026-09-01,2026-09-04,0.989517,70.1234,1.87043,71.9679,70.1234,75.0278,0.0322437,91.7298,88.52170000000001,74.51520000000001,68.6733,81.1126,83.3104,-5.84190000000001,4.3918000000000035,18.398300000000006,19.761899999999997,9.1447,3.2080999999999875,2.380952380952381,49.6031746031746,100.7928,140.65395,31.517330602979587,False,False,True,-11.873421087621317,-8.251763819408731,2026-08-31,127.31,52663657.0,3.22437,24765968,Application Software,0000-00-00,XLK,Technology,43,53,98.9517,8,50.79,33.55,38.1,True,True,28.373702422145332,,False,False,False,grab,False,True,10.694444444444445,52.301587301587304,289,251,21.81830124936408,False,-1.4501000000000062,False,28.730158730158728,132.56,20.70006035003018,0.0425624229165183,0.0425624229165183,132.56,18.814121907060954,0.0538373470089334,0.0538373470089334,ORATS call model delta,2026-09-01,2.0,0.0,0.0,no_live_quote_gate_at_flow_trigger,1.5674736491151315,51.0,90.19607843137256,,,,,,,
514,2026-08-31,AMZN,buy-first put-tail inventory,Pandar-direct inventory program; exact scanner geometry is partly mechanized,accumulate cheap far-OTM 1:1 put vertical inventory; usually about $5 wide and under $0.10; recycle and roll,IV/RR/put-skew gates; fixed 25-45% OTM band; complete-at-entry rule; universal 3x/5x exits,buy complete put spread in this implementation,2026-08-24_to_2026-09-02_four_method_scan,25.205873015873017,259.31,-1.1361470128483764,-6.8704209165349805,32.81,18.253968253968253,78.96825396825396,16.666666666666668,38.492063492063494,25.79365079365079,774605.4,4462977,11282597266.89,True,,put,2026-10-16,47.0,BTO,165.0,0.9993420599750712,0.06,0.09,740.0,6.0,STO,160.0,0.04,0.1,677.0,1.0,5.0,0.0499999999999999,,36.369596236165215,,3.0,2026-09-01,2026-09-04,0.965436,28.3426,3.85553,25.6643,28.3426,34.7007,0.0131222,26.7467,30.0668,28.4142,29.1039,28.8912,34.8891,0.6896999999999984,0.07160000000000011,1.7241999999999997,1.0823999999999998,3.2269000000000005,-3.3201,1.1904761904761905,8.73015873015873,252.10639999999995,238.78074999999998,2.8573649855775374,True,True,True,-1.1851230851307126,2.436534183081873,2026-08-31,266.43,2788685034.0,1.31222,42347323,E-commerce & Internet Retail,0000-00-00,XLY,C. Cyclical,38,26,96.5436,8,26.59,26.46,47.62,True,True,49.13494809688581,,True,False,False,,False,False,22.876984126984127,20.13888888888889,289,251,,False,0.7612999999999985,True,25.205873015873014,259.31,36.369596236165215,0.9993420599750712,-0.0006579400249288048,259.31,38.29779028961475,0.9996966507987036,-0.00030334920129637677,ORATS call delta minus one; put approximation,2026-09-01,21.0,53.0,21.0,admitted,,,,,,,,,,
526,2026-08-31,BE,buy-first put-tail inventory,Pandar-direct inventory program; exact scanner geometry is partly mechanized,accumulate cheap far-OTM 1:1 put vertical inventory; usually about $5 wide and under $0.10; recycle and roll,IV/RR/put-skew gates; fixed 25-45% OTM band; complete-at-entry rule; universal 3x/5x exits,buy complete put spread in this implementation,2026-08-24_to_2026-09-02_four_method_scan,60.476190476190474,204.98,0.6827447320595148,-14.022062832934868,0.0,11.11111111111111,89.28571428571429,11.507936507936508,84.52380952380952,77.77777777777777,105865.5,887351,2764665453.06,True,,put,2026-09-18,19.0,BTO,120.0,0.996701872043792,0.1,0.13,3762.0,648.0,STO,115.0,0.05,0.1,338.0,36.0,5.0,0.08,,41.45770319055517,,2.0,2026-09-01,2026-09-04,0.987018,78.447,3.2866,85.54429999999999,78.447,85.9985,0.032647,98.6563,89.1705,82.283,76.7903,87.6474,81.3852,-5.492699999999999,3.8359999999999985,10.723500000000001,13.112000000000009,2.103100000000012,9.485799999999998,8.73015873015873,2.7777777777777777,234.6566,188.90675,-12.646820928965985,False,True,False,-25.529518619436875,-21.907861351224287,2026-08-31,210.77,60372215.0,3.2647,13116978,Electrical Equipment Manufacturing,0000-00-00,XLI,Industrials,5,0,98.7018,8,0.4,0.0,4.76,True,True,16.955017301038062,,False,False,False,,False,False,11.646825396825395,27.341269841269842,289,251,,False,-1.6567000000000007,True,60.476190476190474,204.98,41.45770319055517,0.996701872043792,-0.0032981279562079857,204.98,43.896965557615374,0.9982864378443668,-0.0017135621556332303,ORATS call delta minus one; put approximation,2026-09-01,17.0,0.0,0.0,no_live_quote_gate_at_flow_trigger,,,,,,,,,,
527,2026-08-31,BMNR,buy-first put-tail inventory,Pandar-direct inventory program; exact scanner geometry is partly mechanized,accumulate cheap far-OTM 1:1 put vertical inventory; usually about $5 wide and under $0.10; recycle and roll,IV/RR/put-skew gates; fixed 25-45% OTM band; complete-at-entry rule; universal 3x/5x exits,buy complete put spread in this implementation,2026-08-24_to_2026-09-02_four_method_scan,44.92428571428571,25.13,4.403822185292894,-3.159922928709058,10.79,24.20634920634921,65.47619047619048,22.22222222222222,28.96825396825397,40.07936507936508,152182.55,1494538,914811595.6,True,,put,2026-09-18,19.0,BTO,17.0,0.9764029875934096,0.03,0.05,1935.0,4.0,STO,14.0,0.01,0.03,7126.0,71.0,3.0,0.04,,32.3517707918822,,2.0,2026-09-01,2026-09-04,0.817678,76.5055,1.0,76.1886,76.5055,80.5063,0.0625735,89.6651,93.0811,80.36710000000001,75.3552,81.8508,80.9721,-5.011900000000011,3.86160000000001,16.57560000000001,13.476500000000001,5.662200000000013,-3.416000000000011,6.349206349206349,12.698412698412698,17.6758,22.55715,42.171782889600486,True,True,True,32.54219409282699,36.163851361039576,2026-08-31,23.8,15159079.0,6.25735,38437462,Investment Banking & Brokerage,0000-00-00,XLF,Financials,52,12,81.7678,11,11.51,37.56,52.38,True,True,95.8477508650519,,False,False,False,,False,False,14.146825396825397,19.90079365079365,289,251,,False,-1.1503000000000014,True,44.924285714285716,25.13,32.3517707918822,0.9764029875934096,-0.0235970124065904,25.13,44.28969359331476,0.9984607472710127,-0.0015392527289872504,ORATS call delta minus one; put approximation,2026-09-01,13.0,55.0,13.0,admitted,,,,,,,,,,
540,2026-08-31,CRWV,buy-first put-tail inventory,Pandar-direct inventory program; exact scanner geometry is partly mechanized,accumulate cheap far-OTM 1:1 put vertical inventory; usually about $5 wide and under $0.10; recycle and roll,IV/RR/put-skew gates; fixed 25-45% OTM band; complete-at-entry rule; universal 3x/5x exits,buy complete put spread in this implementation,2026-08-24_to_2026-09-02_four_method_scan,63.14761904761905,84.69,-1.9110493398193265,-21.60510969175229,0.9,1.5873015873015872,95.63492063492065,3.1746031746031744,84.12698412698413,34.92063492063492,226743.1,2119289,2458744874.35,True,,put,2026-09-18,19.0,BTO,62.5,0.9664856581030684,0.16,0.19,10442.0,16.0,STO,60.0,0.12,0.13,7462.0,28.0,2.5,0.07,,26.201440547880505,,2.0,2026-09-01,2026-09-04,0.989369,68.0213,2.83631,67.2105,68.0213,76.34349999999999,0.0264282,76.9205,76.8965,70.0433,67.6465,73.3416,74.8309,-2.396799999999999,2.0220000000000056,8.875200000000007,9.710000000000008,6.1311000000000035,0.02400000000000091,5.555555555555555,0.7936507936507936,87.27939999999998,91.38575,-2.9667939972089497,False,False,False,-31.921221864951775,-28.299564596739188,2026-08-31,84.23,46709635.0,2.64282,29190845,Infrastructure Software,0000-00-00,XLK,Technology,5,1,98.9369,10,0.79,0.0,4.76,True,True,12.45674740484429,,False,False,False,,False,False,10.376984126984127,25.158730158730158,289,251,,False,-0.37479999999999336,True,63.14761904761905,84.69,26.201440547880505,0.9664856581030684,-0.03351434189693159,84.69,29.15338292596529,0.9790180763309124,-0.020981923669087577,ORATS call delta minus one; put approximation,2026-09-01,8.0,26.0,1.0,admitted,,,,,,,,,,
551,2026-08-31,GOOG,buy-first put-tail inventory,Pandar-direct inventory program; exact scanner geometry is partly mechanized,accumulate cheap far-OTM 1:1 put vertical inventory; usually about $5 wide and under $0.10; recycle and roll,IV/RR/put-skew gates; fixed 25-45% OTM band; complete-at-entry rule; universal 3x/5x exits,buy complete put spread in this implementation,2026-08-24_to_2026-09-02_four_method_scan,42.78809523809524,335.49,-2.916919871516621,-11.1002172876146,17.45,13.88888888888889,75.0,9.92063492063492,63.492063492063494,29.365079365079364,155288.15,1689645,5900388761.6,True,,put,2026-09-18,19.0,BTO,195.0,0.9993491030532756,0.01,0.04,378.0,2.0,STO,190.0,0.01,0.04,1287.0,4.0,5.0,0.03,,41.87606187963874,,2.0,2026-09-01,2026-09-04,0.985126,27.129199999999997,3.10321,26.528800000000004,27.129199999999997,32.412800000000004,0.0106888,29.6568,31.681199999999997,27.2799,27.619500000000002,29.2005,30.459199999999996,0.3396000000000008,0.15070000000000405,4.552,3.1279999999999966,2.6716999999999977,-2.0243999999999964,1.9841269841269842,9.126984126984127,347.6232,333.6466,-3.490330910019812,False,True,False,-10.186325426995769,-6.564668158783183,2026-08-31,342.88,4103020836.0,1.06888,17208320,Internet Content & Media,0000-00-00,XLC,Comm,24,12,98.5126,8,11.9,8.51,23.81,True,True,30.44982698961938,,False,False,False,,False,False,12.63888888888889,22.817460317460316,289,251,,False,0.49030000000000484,True,42.78809523809524,335.49,41.87606187963874,0.9993491030532756,-0.0006508969467243775,335.49,43.366419267340305,0.9993491030532756,-0.0006508969467243775,ORATS call delta minus one; put approximation,2026-09-01,13.0,0.0,0.0,no_live_quote_gate_at_flow_trigger,,,,,,,,,,
552,2026-08-31,GOOGL,buy-first put-tail inventory,Pandar-direct inventory program; exact scanner geometry is partly mechanized,accumulate cheap far-OTM 1:1 put vertical inventory; usually about $5 wide and under $0.10; recycle and roll,IV/RR/put-skew gates; fixed 25-45% OTM band; complete-at-entry rule; universal 3x/5x exits,buy complete put spread in this implementation,2026-08-24_to_2026-09-02_four_method_scan,45.29412698412698,339.09,-2.892408144563141,-10.76344114318799,16.69,8.333333333333334,84.52380952380952,6.746031746031746,80.55555555555556,24.603174603174605,421043.5,3211722,8791981109.46,True,,put,2026-10-16,47.0,BTO,240.0,0.9955326627132866,0.14,0.18,1809.0,8.0,STO,235.0,0.12,0.16,494.0,4.0,5.0,0.06,,29.222330354773064,,2.0,2026-09-01,2026-09-04,0.977621,27.1376,3.15174,24.5864,27.1376,32.615,0.0117824,28.3192,32.006,27.556599999999996,27.5696,27.3183,30.952,0.01300000000000523,0.41899999999999693,4.868400000000001,3.7327999999999975,2.7318999999999996,-3.6868000000000016,3.5714285714285716,4.761904761904762,349.4474000000001,334.74255000000005,-2.963936775606313,False,True,False,-10.179593134138587,-6.557935865926002,2026-08-31,346.59,4147048602.0,1.17824,25367094,Internet Content & Media,0000-00-00,XLC,Comm,19,10,97.7621,8,9.92,6.94,19.05,True,True,30.79584775086505,,False,False,False,,False,False,11.607142857142858,24.28571428571429,289,251,,False,0.43200000000000216,True,45.29412698412698,339.09,29.222330354773064,0.9955326627132866,-0.004467337286713446,339.09,30.696865139048622,0.9970104882800384,-0.002989511719961646,ORATS call delta minus one; put approximation,2026-09-01,16.0,16.0,8.0,admitted,,,,,,,,,,
554,2026-08-31,HOOD,buy-first put-tail inventory,Pandar-direct inventory program; exact scanner geometry is partly mechanized,accumulate cheap far-OTM 1:1 put vertical inventory; usually about $5 wide and under $0.10; recycle and roll,IV/RR/put-skew gates; fixed 25-45% OTM band; complete-at-entry rule; universal 3x/5x exits,buy complete put spread in this implementation,2026-08-24_to_2026-09-02_four_method_scan,31.014603174603177,104.91,1.4309194624383623,-6.061962750716344,32.16,3.5714285714285716,94.04761904761904,5.555555555555555,69.84126984126983,41.26984126984127,211460.0,1576018,1939734050.02,True,,put,2026-09-18,19.0,BTO,65.0,0.9995734466703684,0.03,0.05,8165.0,83.0,STO,60.0,0.02,0.05,5484.0,10.0,5.0,0.03,,38.04213135068153,,2.0,2026-09-01,2026-09-02,0.976805,58.9171,2.54255,59.5816,58.9171,64.1456,0.0335418,67.74719999999999,67.1492,60.6685,58.526,63.1521,63.040099999999995,-2.1424999999999983,1.7514000000000038,8.232099999999996,8.16559999999999,3.5704999999999956,0.597999999999999,3.9682539682539684,24.206349206349206,101.3608,95.28790000000001,3.5015508954151953,True,True,True,14.995067412035512,18.616724680248097,2026-08-31,104.26,94322721.0,3.35418,18604777,Investment Banking & Brokerage,0000-00-00,XLF,Financials,24,27,97.6805,9,27.38,20.08,23.81,True,True,81.31487889273356,,True,False,False,,False,False,20.654761904761905,24.047619047619047,289,251,,False,-0.39109999999999445,True,31.014603174603177,104.91,38.04213135068153,0.9995734466703684,-0.000426553329631596,104.91,42.80812124678296,0.9999486088178018,-5.1391182198212704e-05,ORATS call delta minus one; put approximation,2026-09-01,13.0,55.0,13.0,admitted,,,,,,,,,,
566,2026-08-31,MRVL,buy-first put-tail inventory,Pandar-direct inventory program; exact scanner geometry is partly mechanized,accumulate cheap far-OTM 1:1 put vertical inventory; usually about $5 wide and under $0.10; recycle and roll,IV/RR/put-skew gates; fixed 25-45% OTM band; complete-at-entry rule; universal 3x/5x exits,buy complete put spread in this implementation,2026-08-24_to_2026-09-02_four_method_scan,34.22190476190476,211.92,-7.736514432495978,-15.106357408965277,25.54,15.476190476190476,72.61904761904762,10.714285714285714,66.66666666666667,56.34920634920635,196925.45,1653562,5304816711.28,True,,put,2026-09-18,19.0,BTO,135.0,0.9993693939283468,0.03,0.05,2423.0,23.0,STO,130.0,0.02,0.05,2551.0,7.0,5.0,0.03,,36.29671574178936,,2.0,2026-09-01,2026-09-04,0.98952,57.4314,2.10957,60.339600000000004,57.4314,62.5812,0.0249615,69.6173,66.1503,58.8625,56.5588,62.3472,58.8793,-2.303699999999999,1.4311000000000007,8.718900000000005,9.277699999999996,2.0075999999999965,3.4669999999999987,2.380952380952381,36.904761904761905,226.3768,149.3834,-6.386166780341451,False,True,False,-3.720866839307635,-0.09920957109504913,2026-08-31,216.62,190453482.0,2.49615,24489044,Semiconductors,0000-00-00,XLK,Technology,5,54,98.952,13,54.37,0.0,4.76,True,True,44.636678200692046,,False,False,False,,False,False,12.916666666666666,24.484126984126984,289,251,,False,-0.8725999999999985,True,34.22190476190476,211.92,36.296715741789356,0.9993693939283468,-0.0006306060716532169,211.92,38.6560966402416,0.9997594302769977,-0.00024056972300234847,ORATS call delta minus one; put approximation,2026-09-01,17.0,55.0,17.0,admitted,,,,,,,,,,
572,2026-08-31,NVDA,buy-first put-tail inventory,Pandar-direct inventory program; exact scanner geometry is partly mechanized,accumulate cheap far-OTM 1:1 put vertical inventory; usually about $5 wide and under $0.10; recycle and roll,IV/RR/put-skew gates; fixed 25-45% OTM band; complete-at-entry rule; universal 3x/5x exits,buy complete put spread in this implementation,2026-08-24_to_2026-09-02_four_method_scan,57.39523809523809,219.94,5.512113216598702,-3.6829428508867945,0.7,18.253968253968253,78.96825396825396,16.26984126984127,47.22222222222222,36.904761904761905,3291880.15,15235599,27671919026.15,True,,put,2026-09-18,19.0,BTO,130.0,0.9989032801739264,0.04,0.05,32501.0,83.0,STO,125.0,0.04,0.05,49486.0,705.0,5.0,0.01,,40.892970810220966,,2.0,2026-09-01,2026-09-04,0.948351,31.1325,2.72677,28.896100000000004,31.1325,36.0905,0.00687418,29.962,32.0835,30.641099999999998,32.5112,34.517900000000004,38.6796,1.8701000000000043,-0.4914000000000023,0.9510000000000005,1.0658999999999956,5.6218,-2.121500000000001,3.5714285714285716,3.1746031746031744,208.585,195.94025000000002,5.443823860776176,True,True,True,-1.6412503913063037,1.9804068769062821,2026-08-31,217.55,5310891180.0,0.68742,127197973,Semiconductors,0000-00-00,XLK,Technology,5,0,94.8351,11,0.79,1.56,9.52,True,True,47.75086505190311,,True,False,False,,False,False,22.876984126984127,21.567460317460316,289,251,,False,1.378700000000002,True,57.39523809523809,219.94,40.892970810220966,0.9989032801739264,-0.0010967198260736222,219.94,43.166318086750934,0.9989643476658776,-0.0010356523341223944,ORATS call delta minus one; put approximation,2026-09-01,18.0,55.0,18.0,admitted,,,,,,,,,,
573,2026-08-31,OKLO,buy-first put-tail inventory,Pandar-direct inventory program; exact scanner geometry is partly mechanized,accumulate cheap far-OTM 1:1 put vertical inventory; usually about $5 wide and under $0.10; recycle and roll,IV/RR/put-skew gates; fixed 25-45% OTM band; complete-at-entry rule; universal 3x/5x exits,buy complete put spread in this implementation,2026-08-24_to_2026-09-02_four_method_scan,54.285714285714285,40.53,1.783023606228018,-15.895413986304208,0.0,28.571428571428573,65.47619047619048,25.0,52.38095238095238,30.15873015873016,59808.7,660526,400111506.0,True,,put,2026-09-18,19.0,BTO,30.0,0.9721704934591912,0.06,0.11,2608.0,106.0,STO,25.0,0.01,0.05,11637.0,3.0,5.0,0.1,,25.980754996299037,,2.0,2026-09-01,2026-09-04,0.930152,71.8123,2.20069,71.8435,71.8123,78.98049999999999,0.0379618,83.5777,85.71809999999999,74.7717,71.22309999999999,75.5765,75.5339,-3.5486000000000075,2.9594000000000023,13.9058,11.734199999999987,3.73299999999999,-2.1403999999999996,5.555555555555555,0.7936507936507936,45.2724,66.075,-10.47525644763696,False,False,False,-40.12409513960703,-36.50243787139444,2026-08-31,40.14,7539295.0,3.79618,9967900,Independent Power Production,0000-00-00,XLU,Utilities,5,0,93.0152,10,0.4,0.0,4.76,True,True,7.26643598615917,,False,False,False,,False,False,14.583333333333334,21.746031746031747,289,251,,False,-0.5892000000000053,True,54.285714285714285,40.53,25.980754996299037,0.9721704934591912,-0.027829506540808846,40.53,38.3172958302492,0.9984340867686584,-0.0015659132313415869,ORATS call delta minus one; put approximation,2026-09-01,16.0,0.0,0.0,no_live_quote_gate_at_flow_trigger,,,,,,,,,,
579,2026-08-31,PLTR,buy-first put-tail inventory,Pandar-direct inventory program; exact scanner geometry is partly mechanized,accumulate cheap far-OTM 1:1 put vertical inventory; usually about $5 wide and under $0.10; recycle and roll,IV/RR/put-skew gates; fixed 25-45% OTM band; complete-at-entry rule; universal 3x/5x exits,buy complete put spread in this implementation,2026-08-24_to_2026-09-02_four_method_scan,41.82619047619048,187.12,5.8850158442734335,0.0,13.65,25.396825396825395,64.68253968253968,22.22222222222222,46.03174603174603,58.73015873015873,622491.95,3447277,8539180021.58,True,,put,2026-09-18,19.0,BTO,105.0,0.9995941227672548,0.03,0.06,8565.0,59.0,STO,100.0,0.03,0.05,14650.0,19.0,5.0,0.03,,43.88627618640445,,1.0,2026-09-01,2026-09-01,0.980301,45.0638,3.8849,45.3756,45.0638,54.0358,0.0161604,48.296,47.8062,44.8942,46.483999999999995,53.3574,55.5771,1.5897999999999968,-0.16960000000000264,2.7423999999999964,2.9204000000000008,7.9818,0.48980000000000246,7.142857142857143,13.492063492063492,145.0218,151.3198,29.028877037797063,True,True,True,16.491315445433607,20.112972713646194,2026-08-31,186.29,448556038.0,1.61604,45838102,Infrastructure Software,0000-00-00,XLK,Technology,24,10,98.0301,9,9.13,13.56,23.81,True,True,83.39100346020761,,False,False,False,,False,False,14.305555555555554,22.539682539682538,289,251,,False,1.4201999999999941,True,41.826190476190476,187.12,43.88627618640445,0.9995941227672548,-0.0004058772327452109,187.12,46.55835827276614,0.9996048666892272,-0.00039513331077278835,ORATS call delta minus one; put approximation,2026-09-01,10.0,55.0,10.0,admitted,,,,,,,,,,
593,2026-08-31,SHOP,buy-first put-tail inventory,Pandar-direct inventory program; exact scanner geometry is partly mechanized,accumulate cheap far-OTM 1:1 put vertical inventory; usually about $5 wide and under $0.10; recycle and roll,IV/RR/put-skew gates; fixed 25-45% OTM band; complete-at-entry rule; universal 3x/5x exits,buy complete put spread in this implementation,2026-08-24_to_2026-09-02_four_method_scan,44.31587301587302,147.26,-1.7152773142895428,-7.032828282828296,13.7,17.063492063492063,82.14285714285714,17.857142857142858,77.77777777777777,41.666666666666664,43510.95,766733,1563481396.4,True,,put,2026-09-18,19.0,BTO,95.0,0.9993982940850064,0.01,0.04,695.0,14.0,STO,90.0,0.01,0.06,9044.0,28.0,5.0,0.03,,35.488252071166634,,2.0,2026-09-01,2026-09-04,0.961996,42.924800000000005,4.0,43.7325,42.924800000000005,52.5803,0.0509328,47.768,47.1766,43.1274,43.7303,47.7851,47.2241,0.6028999999999982,0.20259999999999678,4.251799999999996,4.035499999999999,4.052599999999998,0.5914000000000001,11.904761904761905,13.492063492063492,131.5778,131.38755,11.918575929982111,True,True,True,18.585923659204372,22.20758092741696,2026-08-31,152.9,189471185.0,5.09328,10225516,Application Software,0000-00-00,XLK,Technology,14,11,96.1996,9,11.11,3.94,14.29,True,True,86.85121107266436,,True,False,False,,False,False,22.599206349206348,24.86111111111111,289,251,,False,0.805499999999995,True,44.31587301587302,147.26,35.488252071166634,0.9993982940850064,-0.0006017059149936443,147.26,38.883607225315764,0.999429574537676,-0.0005704254623239979,ORATS call delta minus one; put approximation,2026-09-01,11.0,2.0,0.0,no_live_quote_gate_at_flow_trigger,,,,,,,,,,
625,2026-09-01,AMZN,buy-first put-tail inventory,Pandar-direct inventory program; exact scanner geometry is partly mechanized,accumulate cheap far-OTM 1:1 put vertical inventory; usually about $5 wide and under $0.10; recycle and roll,IV/RR/put-skew gates; fixed 25-45% OTM band; complete-at-entry rule; universal 3x/5x exits,buy complete put spread in this implementation,2026-08-24_to_2026-09-02_four_method_scan,26.17301587301587,254.25,-2.5227159452516856,-8.35856401384083,29.7,26.19047619047619,61.904761904761905,19.444444444444443,63.888888888888886,31.349206349206348,759266.45,4499820,9975979261.71,True,,put,2026-10-16,46.0,BTO,165.0,0.9990889591050642,0.07,0.11,741.0,10.0,STO,160.0,0.06,0.1,678.0,11.0,5.0,0.05,,35.103244837758105,,2.0,2026-09-02,2026-09-04,0.964602,28.5601,3.9643,26.124399999999998,28.5601,34.7974,0.010378,28.4086,30.350899999999996,28.3555,29.3846,31.336799999999997,34.802499999999995,1.0290999999999997,-0.20459999999999923,1.7907999999999973,2.284200000000002,5.212399999999999,-1.942299999999996,13.88888888888889,11.507936507936508,252.52859999999998,238.8275,0.6816653638439529,True,True,True,-1.2813046010483498,3.843220967933591,2026-09-01,259.77,2734268520.0,1.0378,38403123,E-commerce & Internet Retail,0000-00-00,XLY,C. Cyclical,57,28,96.4602,8,28.17,28.38,57.14,True,True,50.69444444444444,,True,False,False,,False,False,24.523809523809526,22.956349206349206,288,252,,False,0.8245000000000005,True,26.173015873015874,254.25,35.103244837758105,0.9990889591050642,-0.0009110408949357662,254.25,37.06981317600787,0.9995766623361068,-0.0004233376638932418,ORATS call delta minus one; put approximation,2026-09-02,11.0,55.0,11.0,admitted,,,,,,,,,,
637,2026-09-01,BMNR,buy-first put-tail inventory,Pandar-direct inventory program; exact scanner geometry is partly mechanized,accumulate cheap far-OTM 1:1 put vertical inventory; usually about $5 wide and under $0.10; recycle and roll,IV/RR/put-skew gates; fixed 25-45% OTM band; complete-at-entry rule; universal 3x/5x exits,buy complete put spread in this implementation,2026-08-24_to_2026-09-02_four_method_scan,46.34746031746032,23.46,-4.750304506699143,-9.59537572254334,8.97,23.80952380952381,71.03174603174604,24.603174603174605,57.142857142857146,74.2063492063492,153349.75,1534434,980067316.8,True,,put,2026-09-18,18.0,BTO,17.5,0.9526068364830874,0.07,0.1,25.0,11.0,STO,13.0,0.01,0.02,2549.0,0.0,4.5,0.09,,25.404944586530263,,1.0,2026-09-04,2026-09-04,0.872197,74.6299,1.0,70.7271,74.6299,79.3454,0.05213,89.3193,86.9432,78.8742,73.7322,78.67779999999999,78.0129,-5.141999999999996,4.2442999999999955,12.313299999999998,18.592200000000005,7.950699999999998,2.376099999999994,13.492063492063492,5.158730158730159,17.8296,22.471999999999998,31.578947368421062,True,True,True,31.723750701852914,36.84827627083486,2026-09-01,25.32,14151691.0,5.213,38707240,Investment Banking & Brokerage,0000-00-00,XLF,Financials,38,7,87.2197,11,6.75,27.28,38.1,True,True,94.79166666666666,,False,False,False,,False,False,13.829365079365077,24.424603174603174,288,252,,False,-0.8977000000000004,True,46.34746031746032,23.46,25.404944586530263,0.9526068364830874,-0.047393163516912584,23.46,44.586530264279624,0.9989568800138952,-0.0010431199861048457,ORATS call delta minus one; put approximation,2026-09-02,0.0,0.0,0.0,hiro_unavailable,,,,,,,,,,
649,2026-09-01,CVNA,buy-first put-tail inventory,Pandar-direct inventory program; exact scanner geometry is partly mechanized,accumulate cheap far-OTM 1:1 put vertical inventory; usually about $5 wide and under $0.10; recycle and roll,IV/RR/put-skew gates; fixed 25-45% OTM band; complete-at-entry rule; universal 3x/5x exits,buy complete put spread in this implementation,2026-08-24_to_2026-09-02_four_method_scan,39.00857142857143,71.88,-4.870301746956073,-5.158991951444792,22.42,7.5396825396825395,92.85714285714286,10.317460317460318,72.61904761904762,30.555555555555557,53579.35,1032252,631861415.0999999,True,,put,2026-09-18,18.0,BTO,45.0,0.9984808755404294,0.02,0.06,1853.0,0.0,STO,40.0,0.01,0.06,11299.0,0.0,5.0,0.0499999999999999,,37.395659432387305,,1.0,2026-09-04,2026-09-04,0.964657,54.496599999999994,3.62295,53.0938,54.496599999999994,62.531400000000005,0.0357037,53.291900000000005,53.7259,53.3935,57.206500000000005,62.8459,64.5005,3.8130000000000024,-1.1030999999999906,-0.7706999999999908,0.19810000000000372,9.752099999999999,-0.4339999999999975,15.476190476190476,21.03174603174603,68.20739999999999,254.99590000000003,5.384459750701542,True,False,True,9.874656068480569,14.99918163746251,2026-09-01,73.46,79033857.0,3.57037,8601435,Auto Dealerships,0000-00-00,XLY,C. Cyclical,29,22,96.4657,8,21.83,27.62,28.57,True,True,73.95833333333334,,False,False,False,,False,False,11.11111111111111,23.78968253968254,288,252,,False,2.7099000000000117,True,39.00857142857143,71.88,37.395659432387305,0.9984808755404294,-0.0015191244595705866,71.88,44.35169727323316,0.9994128450796196,-0.0005871549203804172,ORATS call delta minus one; put approximation,2026-09-02,0.0,0.0,0.0,hiro_unavailable,,,,,,,,,,
663,2026-09-01,GOOGL,buy-first put-tail inventory,Pandar-direct inventory program; exact scanner geometry is partly mechanized,accumulate cheap far-OTM 1:1 put vertical inventory; usually about $5 wide and under $0.10; recycle and roll,IV/RR/put-skew gates; fixed 25-45% OTM band; complete-at-entry rule; universal 3x/5x exits,buy complete put spread in this implementation,2026-08-24_to_2026-09-02_four_method_scan,42.505873015873014,334.27,-3.674139819030609,-7.634705719812107,15.51,18.253968253968253,76.98412698412699,16.666666666666668,74.60317460317461,26.19047619047619,410114.1,3263168,8398619301.6,True,,put,2026-10-16,46.0,BTO,250.0,0.989176955055464,0.22,0.25,3475.0,46.0,STO,245.0,0.2,0.23,958.0,28.0,5.0,0.0499999999999999,,25.21015945194004,,1.0,2026-09-04,2026-09-04,0.979194,27.0673,3.16039,25.076999999999998,27.0673,32.2817,0.00855179,28.4584,31.7081,27.3457,27.7436,30.120200000000004,32.521699999999996,0.3978999999999999,0.2784000000000013,4.640800000000002,3.381400000000003,5.043200000000006,-3.2497000000000007,25.793650793650794,5.9523809523809526,349.1578,334.97955,-4.263917346254342,False,False,False,-7.922210285651321,-2.79768471666938,2026-09-01,339.35,4088100316.0,0.85518,24749136,Internet Content & Media,0000-00-00,XLC,Comm,19,10,97.9194,8,9.52,5.04,19.05,True,True,36.45833333333333,,False,False,False,,False,False,12.976190476190476,23.769841269841272,288,252,,False,0.6763000000000012,True,42.505873015873014,334.27,25.21015945194004,0.989176955055464,-0.010823044944536009,334.27,26.705956262901243,0.9923471726235454,-0.007652827376454563,ORATS call delta minus one; put approximation,2026-09-02,0.0,32.0,0.0,hiro_unavailable,,,,,,,,,,
664,2026-09-01,HOOD,buy-first put-tail inventory,Pandar-direct inventory program; exact scanner geometry is partly mechanized,accumulate cheap far-OTM 1:1 put vertical inventory; usually about $5 wide and under $0.10; recycle and roll,IV/RR/put-skew gates; fixed 25-45% OTM band; complete-at-entry rule; universal 3x/5x exits,buy complete put spread in this implementation,2026-08-24_to_2026-09-02_four_method_scan,27.881587301587302,103.7,-7.145415472779371,-7.145415472779371,34.42,7.5396825396825395,88.4920634920635,5.9523809523809526,67.46031746031746,31.746031746031747,210845.6,1621738,1917061787.49,True,,put,2026-09-18,18.0,BTO,65.0,0.9989311005291988,0.03,0.06,8121.0,5.0,STO,60.0,0.03,0.05,5474.0,9.0,5.0,0.03,,37.3191899710704,,1.0,2026-09-02,2026-09-02,0.985019,59.701499999999996,2.47432,58.9384,59.701499999999996,64.0877,0.0419699,66.6982,68.1395,60.969899999999996,59.445,63.9409,64.4996,-1.5248999999999953,1.2683999999999997,8.438000000000002,7.7597999999999985,5.002499999999998,-1.4412999999999982,7.142857142857143,22.22222222222222,101.31919999999998,95.13959999999999,2.3498014196717154,True,True,True,17.334238515501244,22.458764084483185,2026-09-01,104.81,93234832.0,4.19699,18290829,Investment Banking & Brokerage,0000-00-00,XLF,Financials,38,31,98.5019,9,30.95,25.35,38.1,True,True,82.29166666666666,,True,False,False,,False,False,21.32936507936508,23.333333333333336,288,252,,False,-0.2564999999999955,True,27.881587301587302,103.7,37.3191899710704,0.9989311005291988,-0.0010688994708012434,103.7,42.14079074252653,0.9995601488086822,-0.00043985119131784156,ORATS call delta minus one; put approximation,2026-09-02,19.0,55.0,19.0,admitted,,,,,,,,,,
670,2026-09-01,MRVL,buy-first put-tail inventory,Pandar-direct inventory program; exact scanner geometry is partly mechanized,accumulate cheap far-OTM 1:1 put vertical inventory; usually about $5 wide and under $0.10; recycle and roll,IV/RR/put-skew gates; fixed 25-45% OTM band; complete-at-entry rule; universal 3x/5x exits,buy complete put spread in this implementation,2026-08-24_to_2026-09-02_four_method_scan,33.439523809523806,209.72,-12.221664155365808,-15.987661739374271,25.37,15.873015873015872,80.15873015873017,15.07936507936508,33.73015873015873,36.111111111111114,194128.65,1723614,5151336208.08,True,,put,2026-09-18,18.0,BTO,135.0,0.998621397894728,0.03,0.06,2412.0,4.0,STO,130.0,0.03,0.05,2551.0,21.0,5.0,0.03,,35.62845699027274,,1.0,2026-09-04,2026-09-04,0.989517,57.0872,2.0947,58.816100000000006,57.0872,62.2607,0.0277302,64.5043,64.633,58.790600000000005,56.550999999999995,62.6335,60.3203,-2.23960000000001,1.703400000000002,7.545799999999993,5.688199999999995,3.817399999999992,-0.12869999999999493,7.142857142857143,32.53968253968254,224.44999999999996,149.9839,-6.562708843840481,False,True,False,-27.228564488705366,-22.104038919723425,2026-09-01,211.66,188476331.0,2.77302,24337788,Semiconductors,0000-00-00,XLK,Technology,5,54,98.9517,13,53.97,0.0,4.76,True,True,15.625,,False,False,False,,False,False,12.57936507936508,20.17857142857143,288,252,,False,-0.536200000000008,True,33.439523809523806,209.72,35.62845699027274,0.998621397894728,-0.0013786021052719644,209.72,38.012588212855235,0.999407642105289,-0.0005923578947110153,ORATS call delta minus one; put approximation,2026-09-02,0.0,55.0,0.0,hiro_unavailable,,,,,,,,,,
720,2026-09-02,AMZN,buy-first put-tail inventory,Pandar-direct inventory program; exact scanner geometry is partly mechanized,accumulate cheap far-OTM 1:1 put vertical inventory; usually about $5 wide and under $0.10; recycle and roll,IV/RR/put-skew gates; fixed 25-45% OTM band; complete-at-entry rule; universal 3x/5x exits,buy complete put spread in this implementation,2026-08-24_to_2026-09-02_four_method_scan,30.766825396825396,255.15,-1.9747205040531737,-8.03416955017301,29.63,12.698412698412698,80.95238095238095,10.317460317460318,65.07936507936508,35.317460317460316,745176.9,4583050,9078014241.76,True,,put,2026-09-18,17.0,BTO,190.0,0.9998013271557822,0.04,0.06,14795.0,253.0,STO,185.0,0.04,0.05,6248.0,28.0,5.0,0.0199999999999999,,25.53399960807369,,1.0,2026-09-04,2026-09-04,0.955587,28.4877,3.80203,26.9211,28.4877,34.6232,0.00930079,29.246899999999997,30.5734,28.6211,29.078799999999998,31.5319,35.0882,0.4576999999999991,0.1333999999999982,2.085699999999999,2.3257999999999974,4.610800000000001,-1.326500000000003,8.73015873015873,16.26984126984127,252.9244,238.90915,0.8799467350718349,True,True,True,2.326047724082625,7.21100110169045,2026-09-02,254.92,2743947347.0,0.93008,35611228,E-commerce & Internet Retail,0000-00-00,XLY,C. Cyclical,62,28,95.5587,8,27.78,38.36,57.14,True,True,52.264808362369344,,True,False,False,,False,False,22.22222222222222,23.273809523809522,287,252,,False,0.5910999999999973,True,30.766825396825396,255.15,25.53399960807369,0.9998013271557822,-0.0001986728442178176,255.15,27.4936311973349,0.9999433628814706,-5.663711852943454e-05,ORATS call delta minus one; put approximation,2026-09-03,0.0,55.0,0.0,hiro_unavailable,,,,,,,,,,
721,2026-09-02,ANET,buy-first put-tail inventory,Pandar-direct inventory program; exact scanner geometry is partly mechanized,accumulate cheap far-OTM 1:1 put vertical inventory; usually about $5 wide and under $0.10; recycle and roll,IV/RR/put-skew gates; fixed 25-45% OTM band; complete-at-entry rule; universal 3x/5x exits,buy complete put spread in this implementation,2026-08-24_to_2026-09-02_four_method_scan,33.35444444444444,186.03,-8.10156597342292,-11.139240506329106,26.09,17.857142857142858,76.58730158730158,9.92063492063492,29.365079365079364,18.253968253968253,21536.6,311463,1353958280.34,True,,put,2026-09-18,17.0,BTO,130.0,0.9995588689660184,0.01,0.06,4564.0,121.0,STO,125.0,0.02,0.07,1265.0,1.0,5.0,0.0399999999999999,,30.118798043326343,,1.0,2026-09-04,2026-09-04,0.978628,45.6537,3.20842,45.379799999999996,45.6537,51.7104,0.0277329,44.5212,49.5515,45.3984,46.4315,47.3987,52.5137,1.0330999999999975,-0.2552999999999983,3.8977999999999966,-0.8585999999999956,2.018900000000002,-5.030299999999997,2.380952380952381,16.26984126984127,181.74300000000002,151.30515,2.3588253742922616,True,True,True,5.885366270134895,10.77031964774272,2026-09-02,189.26,234243291.0,2.77329,7153959,Computer Hardware Manufacturing,0000-00-00,XLK,Technology,5,14,97.8628,8,14.29,0.0,4.76,True,True,60.62717770034843,,True,False,False,,False,False,22.956349206349206,18.849206349206348,287,252,,False,0.7777999999999992,True,33.35444444444444,186.03,30.118798043326343,0.9995588689660184,-0.0004411310339815788,186.03,32.80653658012148,0.999873031562089,-0.00012696843791104584,ORATS call delta minus one; put approximation,2026-09-03,0.0,0.0,0.0,hiro_unavailable,,,,,,,,,,
731,2026-09-02,BE,buy-first put-tail inventory,Pandar-direct inventory program; exact scanner geometry is partly mechanized,accumulate cheap far-OTM 1:1 put vertical inventory; usually about $5 wide and under $0.10; recycle and roll,IV/RR/put-skew gates; fixed 25-45% OTM band; complete-at-entry rule; universal 3x/5x exits,buy complete put spread in this implementation,2026-08-24_to_2026-09-02_four_method_scan,56.04920634920635,216.34,-1.560722573599671,-9.257162031793964,5.3,11.507936507936508,82.93650793650794,6.746031746031746,75.0,76.19047619047619,104257.4,947243,2604433827.9,True,,put,2026-09-18,17.0,BTO,145.0,0.9825475342062664,0.28,0.34,5021.0,86.0,STO,140.0,0.25,0.28,2331.0,134.0,5.0,0.09,,32.975871313672926,,1.0,2026-09-04,2026-09-04,0.978676,83.35900000000001,3.11741,90.9198,83.35900000000001,88.4205,0.0299565,100.38199999999999,91.1793,86.4482,81.0377,91.3586,85.7861,-5.410499999999999,3.089199999999991,7.820299999999989,9.462199999999996,0.4388000000000005,9.202699999999993,5.158730158730159,7.142857142857143,229.9232,189.88305,-5.907711792459402,False,True,False,-25.397427497499912,-20.512474119892087,2026-09-02,213.63,63718046.0,2.99565,12191330,Electrical Equipment Manufacturing,0000-00-00,XLI,Industrials,19,2,97.8676,7,1.59,9.34,19.05,True,True,15.6794425087108,,False,False,False,,False,False,12.003968253968255,26.30952380952381,287,252,,False,-2.321300000000008,True,56.04920634920635,216.34,32.975871313672926,0.9825475342062664,-0.017452465793733607,216.34,35.28704816492558,0.9884944242184271,-0.011505575781572852,ORATS call delta minus one; put approximation,2026-09-03,0.0,18.0,0.0,hiro_unavailable,,,,,,,,,,
733,2026-09-02,BMNR,buy-first put-tail inventory,Pandar-direct inventory program; exact scanner geometry is partly mechanized,accumulate cheap far-OTM 1:1 put vertical inventory; usually about $5 wide and under $0.10; recycle and roll,IV/RR/put-skew gates; fixed 25-45% OTM band; complete-at-entry rule; universal 3x/5x exits,buy complete put spread in this implementation,2026-08-24_to_2026-09-02_four_method_scan,50.215555555555554,23.13,-7.811877241929055,-10.867052023121392,5.34,25.79365079365079,60.714285714285715,21.428571428571427,60.31746031746032,46.03174603174603,156056.0,1555827,924973218.81,True,,put,2026-09-18,17.0,BTO,16.0,0.9729247431526358,0.02,0.06,17543.0,0.0,STO,11.0,0.01,0.03,84.0,1.0,5.0,0.0499999999999999,,30.82576740164289,,1.0,2026-09-04,2026-09-04,0.885288,72.5002,1.18521,67.4529,72.5002,77.06060000000001,0.0505588,86.646,89.1901,75.7581,71.2213,74.1151,78.80080000000001,-4.5367999999999995,3.2578999999999922,16.689899999999994,19.1931,6.662199999999999,-2.5441000000000003,9.920634920634921,2.7777777777777777,17.990000000000002,22.402399999999997,28.57142857142856,True,True,True,35.58030480656507,40.465258184172896,2026-09-02,23.37,13952626.0,5.05588,39579513,Investment Banking & Brokerage,0000-00-00,XLF,Financials,14,2,88.5288,11,2.38,6.69,14.29,True,True,95.47038327526133,,False,False,False,,False,False,14.543650793650794,23.333333333333332,287,252,,False,-1.2789000000000073,True,50.215555555555554,23.13,30.82576740164289,0.9729247431526358,-0.027075256847364226,23.13,52.44271508862948,0.9995403025176476,-0.0004596974823524169,ORATS call delta minus one; put approximation,2026-09-03,0.0,0.0,0.0,hiro_unavailable,,,,,,,,,,
744,2026-09-02,CRWV,buy-first put-tail inventory,Pandar-direct inventory program; exact scanner geometry is partly mechanized,accumulate cheap far-OTM 1:1 put vertical inventory; usually about $5 wide and under $0.10; recycle and roll,IV/RR/put-skew gates; fixed 25-45% OTM band; complete-at-entry rule; universal 3x/5x exits,buy complete put spread in this implementation,2026-08-24_to_2026-09-02_four_method_scan,59.12698412698413,81.2,-7.957379279075038,-24.83569378876238,0.0,11.904761904761903,92.85714285714286,17.46031746031746,80.55555555555556,23.015873015873016,221835.9,2191259,2226726057.85,True,,put,2026-09-18,17.0,BTO,50.0,0.99876098685316,0.02,0.03,6909.0,71.0,STO,45.0,0.01,0.04,3490.0,1.0,5.0,0.0199999999999999,,38.42364532019704,,1.0,2026-09-04,2026-09-04,0.979223,67.8366,2.94637,65.28880000000001,67.8366,75.8254,0.017124,74.102,76.6199,69.6283,69.1335,72.4423,74.7966,-0.4947999999999979,1.7916999999999916,8.783299999999997,8.813199999999995,7.153499999999994,-2.5178999999999974,7.5396825396825395,0.3968253968253968,86.22859999999999,91.37899999999999,-5.8317078092419266,False,False,False,-27.25969721401057,-22.374743836402743,2026-09-02,81.85,44784772.0,1.7124,27204961,Infrastructure Software,0000-00-00,XLK,Technology,5,0,97.9223,10,0.4,0.0,4.76,True,True,14.634146341463413,,False,False,False,,False,False,11.547619047619047,24.20634920634921,287,252,,False,1.2968999999999937,True,59.12698412698413,81.2,38.42364532019704,0.99876098685316,-0.0012390131468400511,81.2,44.581280788177345,0.9998802564701434,-0.00011974352985655301,ORATS call delta minus one; put approximation,2026-09-03,0.0,52.0,0.0,hiro_unavailable,,,,,,,,,,
755,2026-09-02,GOOG,buy-first put-tail inventory,Pandar-direct inventory program; exact scanner geometry is partly mechanized,accumulate cheap far-OTM 1:1 put vertical inventory; usually about $5 wide and under $0.10; recycle and roll,IV/RR/put-skew gates; fixed 25-45% OTM band; complete-at-entry rule; universal 3x/5x exits,buy complete put spread in this implementation,2026-08-24_to_2026-09-02_four_method_scan,35.693333333333335,333.68,-1.6853270477312776,-6.374859708193037,17.64,33.333333333333336,59.12698412698413,25.0,87.3015873015873,26.984126984126984,146349.25,1768713,5423088157.809999,True,,put,2026-09-18,17.0,BTO,195.0,0.9993473822465888,0.01,0.03,403.0,25.0,STO,190.0,0.01,0.06,1297.0,45.0,5.0,0.0199999999999999,,41.56077679213618,,1.0,2026-09-04,2026-09-04,0.986278,27.2696,3.23952,25.9796,27.2696,32.4199,0.0107419,30.2118,32.5479,27.1548,28.066000000000003,29.2288,31.537100000000002,0.9112000000000009,-0.1147999999999989,5.278299999999998,4.232199999999999,3.2491999999999983,-2.3360999999999983,4.761904761904762,8.73015873015873,347.0172,334.13295,-3.8433829792874796,False,False,False,-6.082355259084126,-1.197401881476301,2026-09-02,332.03,4080884654.0,1.07419,16333127,Internet Content & Media,0000-00-00,XLC,Comm,33,13,98.6278,8,12.7,9.62,33.33,True,True,34.146341463414636,,False,False,False,,False,False,15.376984126984127,25.07936507936508,287,252,,False,0.796400000000002,True,35.693333333333335,333.68,41.56077679213618,0.9993473822465888,-0.0006526177534111888,333.68,43.05921841285064,0.9993473822465888,-0.0006526177534111888,ORATS call delta minus one; put approximation,2026-09-03,0.0,53.0,0.0,hiro_unavailable,,,,,,,,,,
756,2026-09-02,GOOGL,buy-first put-tail inventory,Pandar-direct inventory program; exact scanner geometry is partly mechanized,accumulate cheap far-OTM 1:1 put vertical inventory; usually about $5 wide and under $0.10; recycle and roll,IV/RR/put-skew gates; fixed 25-45% OTM band; complete-at-entry rule; universal 3x/5x exits,buy complete put spread in this implementation,2026-08-24_to_2026-09-02_four_method_scan,43.98571428571429,337.3,-1.4635856387484991,-5.695193893812734,15.3,20.238095238095237,62.698412698412696,8.333333333333334,87.6984126984127,35.714285714285715,390329.0,3373960,8044715322.839999,True,,put,2026-10-16,45.0,BTO,245.0,0.9984997637555808,0.18,0.23,960.0,2.0,STO,240.0,0.15,0.2,1814.0,9.0,5.0,0.08,,27.364364067595616,,1.0,2026-09-04,2026-09-04,0.950512,27.0957,3.27346,26.0582,27.0957,32.5503,0.0108652,30.420399999999997,31.989600000000003,27.127000000000002,27.5842,29.315,31.261899999999997,0.4571999999999967,0.03130000000000166,4.893900000000002,4.362199999999998,3.256800000000002,-1.5692000000000057,6.746031746031746,9.126984126984127,348.9508,335.2681,-3.3388087948215017,False,True,False,-6.06811662814335,-1.1831632505355243,2026-09-02,335.02,4125157018.0,1.08652,24012642,Internet Content & Media,0000-00-00,XLC,Comm,19,9,95.0512,8,9.13,5.18,19.05,True,True,34.494773519163765,,False,False,False,,False,False,13.888888888888891,25.555555555555554,287,252,,False,0.4884999999999984,True,43.98571428571429,337.3,27.364364067595616,0.9984997637555808,-0.0015002362444191952,337.3,28.846723984583456,0.9989277793169264,-0.0010722206830735548,ORATS call delta minus one; put approximation,2026-09-03,0.0,0.0,0.0,hiro_unavailable,,,,,,,,,,
758,2026-09-02,IREN,buy-first put-tail inventory,Pandar-direct inventory program; exact scanner geometry is partly mechanized,accumulate cheap far-OTM 1:1 put vertical inventory; usually about $5 wide and under $0.10; recycle and roll,IV/RR/put-skew gates; fixed 25-45% OTM band; complete-at-entry rule; universal 3x/5x exits,buy complete put spread in this implementation,2026-08-24_to_2026-09-02_four_method_scan,55.98285714285715,39.61,-0.1260716086737168,-11.879866518353731,1.16,23.80952380952381,59.12698412698413,15.476190476190476,44.44444444444444,15.07936507936508,270962.0,2603400,1614484611.88,True,,put,2026-09-18,17.0,BTO,26.0,0.9862502514665716,0.02,0.07,1075.0,7.0,STO,21.0,0.01,0.06,1497.0,2.0,5.0,0.06,,34.36001009845998,,2.0,2026-09-03,2026-09-04,0.974427,78.70139999999999,2.62185,74.98660000000001,78.70139999999999,86.4896,0.0272296,82.2089,90.6704,80.3508,77.9712,82.0176,84.0069,-2.3796000000000106,1.6494000000000142,11.969000000000008,7.22229999999999,7.030999999999992,-8.461500000000001,5.9523809523809526,0.3968253968253968,40.4362,45.68785,-2.0432187000756774,False,False,False,-39.87553126897389,-34.99057789136606,2026-09-02,36.82,15608663.0,2.72296,43848034,Investment Banking & Brokerage,0000-00-00,XLF,Financials,14,1,97.4427,9,1.19,2.1,14.29,True,True,6.620209059233449,,False,False,False,,False,False,14.424603174603174,20.198412698412696,287,252,,False,-0.7301999999999964,True,55.98285714285715,39.61,34.36001009845998,0.9862502514665716,-0.013749748533428363,39.61,46.98308507952537,0.9994370697818156,-0.000562930218184432,ORATS call delta minus one; put approximation,2026-09-03,33.0,54.0,33.0,admitted,,,,,,,,,,
767,2026-09-02,MRVL,buy-first put-tail inventory,Pandar-direct inventory program; exact scanner geometry is partly mechanized,accumulate cheap far-OTM 1:1 put vertical inventory; usually about $5 wide and under $0.10; recycle and roll,IV/RR/put-skew gates; fixed 25-45% OTM band; complete-at-entry rule; universal 3x/5x exits,buy complete put spread in this implementation,2026-08-24_to_2026-09-02_four_method_scan,36.596984126984125,206.56,-15.201773471817404,-17.25353523214357,22.53,13.88888888888889,87.6984126984127,15.476190476190476,58.333333333333336,38.095238095238095,196074.8,1781248,5133302664.54,True,,put,2026-09-18,17.0,BTO,120.0,0.9999116435395788,0.01,0.03,5395.0,12.0,STO,115.0,0.01,0.02,1934.0,6.0,5.0,0.0199999999999999,,41.90549961270334,,1.0,2026-09-04,2026-09-04,0.986234,55.380700000000004,2.10913,55.345,55.380700000000004,60.3712,0.0156122,63.742399999999996,63.761500000000005,57.6501,54.8753,59.8131,60.9486,-2.774799999999999,2.2693999999999974,8.3808,8.397399999999998,4.4681,-0.019100000000008777,8.333333333333334,22.61904761904762,223.0232,150.5803,-7.381832921418042,False,True,False,-31.486948157484495,-26.60199477987667,2026-09-02,210.39,185636425.0,1.56122,24398986,Semiconductors,0000-00-00,XLK,Technology,5,43,98.6234,12,43.65,0.0,4.76,True,True,12.543554006968641,,False,False,False,,False,False,12.003968253968255,22.73809523809524,287,252,,False,-0.5054000000000016,True,36.596984126984125,206.56,41.90549961270334,0.9999116435395788,-8.83564604211573e-05,206.56,44.32610379550736,0.9999737098616776,-2.6290138322448975e-05,ORATS call delta minus one; put approximation,2026-09-03,0.0,55.0,0.0,hiro_unavailable,,,,,,,,,,
773,2026-09-02,NVDA,buy-first put-tail inventory,Pandar-direct inventory program; exact scanner geometry is partly mechanized,accumulate cheap far-OTM 1:1 put vertical inventory; usually about $5 wide and under $0.10; recycle and roll,IV/RR/put-skew gates; fixed 25-45% OTM band; complete-at-entry rule; universal 3x/5x exits,buy complete put spread in this implementation,2026-08-24_to_2026-09-02_four_method_scan,45.04380952380952,224.21,6.970419847328246,-1.813006349901458,9.48,28.174603174603178,68.65079365079364,24.20634920634921,41.26984126984127,50.79365079365079,3259356.25,15397666,27305843834.88,True,,put,2026-09-18,17.0,BTO,135.0,0.9989262919871976,0.04,0.05,18656.0,419.0,STO,130.0,0.04,0.05,32723.0,2880.0,5.0,0.01,,39.78859105303064,,1.0,2026-09-04,2026-09-04,0.958054,32.7139,2.45618,31.9571,32.7139,36.9684,0.00440789,32.522600000000004,33.2789,31.9239,34.458800000000004,40.4044,41.0474,2.534900000000004,-0.7900000000000027,0.5649999999999977,0.5655000000000037,8.447300000000002,-0.756299999999996,12.698412698412698,9.920634920634921,209.24579999999997,196.24965,7.151493602261083,True,True,True,3.9260220635950693,8.810975441202896,2026-09-02,217.44,5413998870.0,0.44079,125578752,Semiconductors,0000-00-00,XLK,Technology,43,4,95.8054,10,6.35,25.24,52.38,True,True,55.749128919860624,,True,False,False,,False,False,24.384920634920633,21.666666666666664,287,252,,False,1.7449000000000012,True,45.04380952380952,224.21,39.78859105303064,0.9989262919871976,-0.0010737080128023768,224.21,42.01864323625173,0.9989699989722984,-0.0010300010277015659,ORATS call delta minus one; put approximation,2026-09-03,0.0,55.0,0.0,hiro_unavailable,,,,,,,,,,
792,2026-09-02,SOFI,buy-first put-tail inventory,Pandar-direct inventory program; exact scanner geometry is partly mechanized,accumulate cheap far-OTM 1:1 put vertical inventory; usually about $5 wide and under $0.10; recycle and roll,IV/RR/put-skew gates; fixed 25-45% OTM band; complete-at-entry rule; universal 3x/5x exits,buy complete put spread in this implementation,2026-08-24_to_2026-09-02_four_method_scan,43.71460317460318,17.93,-4.72901168969182,-6.223849372384949,9.46,34.12698412698413,50.79365079365079,25.0,39.285714285714285,34.12698412698413,305778.9,3952862,768925009.0500001,True,,put,2026-10-16,45.0,BTO,12.0,0.9909604534216688,0.04,0.05,4524.0,13.0,STO,9.0,0.01,0.03,644.0,0.0,3.0,0.04,,33.07306190741773,,2.0,2026-09-03,2026-09-04,0.943296,47.5372,2.81813,44.504599999999996,47.5372,55.0227,0.0107709,52.2954,54.443200000000004,48.0099,48.3906,55.9387,54.79039999999999,0.3806999999999974,0.47270000000000323,6.906000000000006,7.790800000000004,11.4341,-2.1478000000000037,25.0,3.9682539682539684,17.848399999999998,20.0609,0.4571838372066983,True,False,True,6.980906921241048,11.865860298848872,2026-09-02,17.05,23157856.0,1.07709,45098241,Credit & Lending Services,0000-00-00,XLF,Financials,57,5,94.3296,7,4.76,55.45,57.14,True,True,64.11149825783971,,False,False,False,,False,False,15.873015873015872,20.634920634920633,287,252,,False,0.8534000000000006,True,43.71460317460318,17.93,33.07306190741773,0.9909604534216688,-0.00903954657833117,17.93,49.8047964305633,0.9999670472623858,-3.295273761416695e-05,ORATS call delta minus one; put approximation,2026-09-03,23.0,53.0,23.0,admitted,,,,,,,,,,
811,2026-09-03,MSTR,sell-first call grab,Pandar-direct call-tail sale/crush core only; conversion is derived,sell unusually overpriced far-OTM front-weekly call tails; expect local wing crush; size for strike touch,RR/wing/kink gates; 2-6 delta and 5-19 DTE selection; nearer-call conversion; order and stop rules,sell far-OTM call,2026-09-03_pandar_only_gap_scan,52.97619047619048,143.41,4.625373896549201,0.0,50.41,0.0,99.6031746031746,0.0,90.47619047619048,78.57142857142857,516565.55,2734416,3116412083.14,True,,call,2026-09-11,9.0,STO,190.0,0.0344250888257357,0.25,0.31,43.0,220.0,BTO,185.0,0.34,0.41,930.0,409.0,5.0,0.25,0.15,,,1.0,2026-09-04,2026-09-04,0.95088,76.2506,1.87893,76.5708,76.2506,78.3788,0.0298672,98.4758,94.184,82.391,72.19149999999999,80.1663,86.5884,-10.199500000000015,6.1404,17.933399999999992,21.905,3.5955000000000013,4.291800000000009,0.0,64.28571428571429,102.5224,139.44285,39.88162586907835,False,True,True,10.247539975399732,13.512174894323024,2026-09-03,123.19,56974163.0,2.98672,25297606,Application Software,0000-00-00,XLK,Technology,86,72,95.088,8,72.22,78.29,85.71,True,True,69.44444444444444,,False,False,False,grab,False,True,10.019841269841269,52.97619047619048,288,250,24.034736114318477,False,-4.059100000000015,False,30.0,143.41,32.48727424865769,0.0344250888257357,0.0344250888257357,143.41,29.00076703158776,0.0471173675140862,0.0471173675140862,ORATS call model delta,2026-09-04,3.0,0.0,0.0,no_live_quote_gate_at_flow_trigger,1.3888735881701768,60.0,91.66666666666666,,,,,,,
819,2026-09-03,AMZN,buy-first put-tail inventory,Pandar-direct inventory program; exact scanner geometry is partly mechanized,accumulate cheap far-OTM 1:1 put vertical inventory; usually about $5 wide and under $0.10; recycle and roll,IV/RR/put-skew gates; fixed 25-45% OTM band; complete-at-entry rule; universal 3x/5x exits,buy complete put spread in this implementation,2026-09-03_pandar_only_gap_scan,25.805873015873015,259.1,0.8642167549050228,-6.610438292964238,32.21,14.682539682539682,88.4920634920635,20.238095238095237,73.41269841269842,36.507936507936506,752204.4,4594483,8524309049.299999,True,,put,2026-09-18,16.0,BTO,190.0,0.999942202104693,0.04,0.05,14792.0,1.0,STO,185.0,0.03,0.04,6267.0,6.0,5.0,0.02,,26.66923967580086,,1.0,2026-09-04,2026-09-04,0.965819,28.7129,3.79599,26.6158,28.7129,34.8597,0.00982344,29.337200000000003,30.5434,29.0225,29.5489,31.0978,33.3887,0.5263999999999989,0.30959999999999965,1.8304999999999971,2.7214000000000027,4.481999999999999,-1.2061999999999955,6.746031746031746,13.88888888888889,253.39519999999996,239.02965,2.2513449347107084,True,True,True,2.128498226251496,5.393133145174788,2026-09-03,254.98,2786426641.0,0.98234,33431285,E-commerce & Internet Retail,0000-00-00,XLY,C. Cyclical,86,34,96.5819,8,33.73,64.87,85.71,True,True,52.083333333333336,,True,False,False,,False,False,22.043650793650794,24.166666666666668,288,250,,False,0.8359999999999985,True,25.805873015873015,259.1,26.66923967580086,0.999942202104693,-5.7797895307021285e-05,259.1,28.59899652643767,0.999986528072323,-1.3471927676977913e-05,ORATS call delta minus one; put approximation,2026-09-04,21.0,55.0,21.0,admitted,,,,,,,,,,
829,2026-09-03,BE,buy-first put-tail inventory,Pandar-direct inventory program; exact scanner geometry is partly mechanized,accumulate cheap far-OTM 1:1 put vertical inventory; usually about $5 wide and under $0.10; recycle and roll,IV/RR/put-skew gates; fixed 25-45% OTM band; complete-at-entry rule; universal 3x/5x exits,buy complete put spread in this implementation,2026-09-03_pandar_only_gap_scan,50.963968253968254,235.26,8.011569716725585,-1.321253303133263,7.29,15.873015873015872,83.33333333333333,17.857142857142858,75.0,81.74603174603175,112203.45,977739,2549123310.72,True,,put,2026-09-18,16.0,BTO,135.0,0.9977211481573306,0.08,0.14,2683.0,16.0,STO,130.0,0.1,0.12,1877.0,30.0,5.0,0.04,,42.61667941851568,,1.0,2026-09-04,2026-09-04,0.936728,84.94850000000001,3.18484,94.389,84.94850000000001,90.5387,0.0394443,103.80799999999999,92.15379999999999,88.0614,83.8168,96.32270000000001,87.1025,-4.2446000000000055,3.1128999999999962,7.20529999999998,9.418999999999997,1.933700000000016,11.654200000000003,9.126984126984127,10.317460317460318,228.1268,190.50495000000004,3.1268575195899873,False,True,True,-19.14074583261729,-15.876110913694,2026-09-03,217.28,69290503.0,3.94443,11731974,Electrical Equipment Manufacturing,0000-00-00,XLI,Industrials,24,2,93.6728,7,1.98,14.09,23.81,True,True,19.09722222222222,,False,False,False,,False,False,12.420634920634923,26.58730158730159,288,250,,False,-1.1317000000000093,True,50.963968253968254,235.26,42.61667941851568,0.9977211481573306,-0.002278851842669405,235.26,44.74198758820028,0.9987625727499412,-0.0012374272500588201,ORATS call delta minus one; put approximation,2026-09-04,18.0,7.0,4.0,admitted,,,,,,,,,,
830,2026-09-03,BMNR,buy-first put-tail inventory,Pandar-direct inventory program; exact scanner geometry is partly mechanized,accumulate cheap far-OTM 1:1 put vertical inventory; usually about $5 wide and under $0.10; recycle and roll,IV/RR/put-skew gates; fixed 25-45% OTM band; complete-at-entry rule; universal 3x/5x exits,buy complete put spread in this implementation,2026-09-03_pandar_only_gap_scan,41.49920634920635,26.37,1.6184971098266,0.0,14.85,24.20634920634921,61.111111111111114,19.047619047619047,42.857142857142854,18.253968253968253,163290.55,1587956,910719441.26,True,,put,2026-09-18,16.0,BTO,19.0,0.969462430649725,0.05,0.07,2179.0,3644.0,STO,14.0,0.02,0.03,7560.0,2204.0,5.0,0.05,,27.948426241941604,,1.0,2026-09-04,2026-09-04,0.75472,79.7394,1.0,76.4208,79.7394,81.9705,0.0590741,91.77250000000001,103.834,83.0627,78.1353,82.7872,87.4917,-4.927400000000006,3.3233000000000033,24.0946,15.351700000000008,6.366399999999999,-12.061499999999995,9.523809523809524,15.079365079365079,18.235599999999998,22.362750000000002,44.60725174932551,True,True,True,47.483221476510074,50.74785639543337,2026-09-03,23.06,15907080.0,5.90741,39493471,Investment Banking & Brokerage,0000-00-00,XLF,Financials,81,22,75.472,11,21.83,60.53,80.95,True,True,98.26388888888889,,False,False,False,,False,False,14.365079365079366,20.198412698412696,288,250,,False,-1.6041000000000025,True,41.49920634920635,26.37,27.948426241941604,0.969462430649725,-0.030537569350274962,26.37,46.90936670458855,0.9996283287645492,-0.00037167123545078784,ORATS call delta minus one; put approximation,2026-09-04,19.0,20.0,9.0,admitted,,,,,,,,,,
844,2026-09-03,CRWV,buy-first put-tail inventory,Pandar-direct inventory program; exact scanner geometry is partly mechanized,accumulate cheap far-OTM 1:1 put vertical inventory; usually about $5 wide and under $0.10; recycle and roll,IV/RR/put-skew gates; fixed 25-45% OTM band; complete-at-entry rule; universal 3x/5x exits,buy complete put spread in this implementation,2026-09-03_pandar_only_gap_scan,59.729682539682535,84.68,-2.296065535940917,-21.614366379709335,2.81,7.936507936507937,86.9047619047619,4.365079365079365,82.93650793650794,18.650793650793652,225467.55,2227554,2132682332.05,True,,put,2026-09-18,16.0,BTO,47.5,0.9996510876019196,0.01,0.03,1265.0,36.0,STO,42.5,0.01,0.04,412.0,4.0,5.0,0.0199999999999999,,43.90647142182333,,1.0,2026-09-04,2026-09-04,0.950058,69.2854,3.14145,64.73780000000001,69.2854,77.50399999999999,0.0184539,74.0083,77.4599,70.4547,69.22,70.9945,74.528,-1.2347000000000037,1.169300000000007,8.174500000000009,9.270499999999998,6.256699999999995,-3.451599999999999,5.9523809523809526,0.0,85.9196,91.4135,-1.4427441468535696,False,False,False,-21.48354195642095,-18.218907037497658,2026-09-03,80.93,46704119.0,1.84539,26352185,Infrastructure Software,0000-00-00,XLK,Technology,19,2,95.0058,9,1.98,5.68,19.05,True,True,17.01388888888889,,False,False,False,,False,False,11.4484126984127,24.226190476190478,288,250,,False,-0.0653999999999968,True,59.729682539682535,84.68,43.90647142182333,0.9996510876019196,-0.0003489123980804365,84.68,49.811053377420876,0.9997400004954096,-0.00025999950459043575,ORATS call delta minus one; put approximation,2026-09-04,26.0,14.0,5.0,admitted,,,,,,,,,,
859,2026-09-03,GOOG,buy-first put-tail inventory,Pandar-direct inventory program; exact scanner geometry is partly mechanized,accumulate cheap far-OTM 1:1 put vertical inventory; usually about $5 wide and under $0.10; recycle and roll,IV/RR/put-skew gates; fixed 25-45% OTM band; complete-at-entry rule; universal 3x/5x exits,buy complete put spread in this implementation,2026-09-03_pandar_only_gap_scan,44.40904761904762,339.95,0.6841606444734083,-4.0123108199683895,18.21,7.936507936507937,80.15873015873017,3.968253968253968,65.87301587301587,32.142857142857146,147377.0,1795477,5340445286.879999,True,,put,2026-09-18,16.0,BTO,240.0,0.9993591646146228,0.03,0.05,2578.0,102.0,STO,235.0,0.01,0.08,2530.0,2.0,5.0,0.04,,29.40138255625827,,1.0,2026-09-04,2026-09-04,0.986267,27.4393,3.35639,25.1648,27.4393,32.5935,0.0151394,28.379700000000003,29.870799999999996,27.7113,27.782,30.1549,30.464000000000002,0.07069999999999865,0.272000000000002,2.431499999999996,3.2149000000000036,4.990100000000002,-1.4910999999999923,20.634920634920636,6.746031746031746,346.93879999999996,334.44535,-2.0144186813351395,False,True,False,-7.815169346747297,-4.5505344278240045,2026-09-03,333.78,4157566346.0,1.51394,15999896,Internet Content & Media,0000-00-00,XLC,Comm,38,13,98.6267,7,12.7,16.54,38.1,True,True,32.29166666666667,,False,False,False,,False,False,11.785714285714286,23.194444444444446,288,250,,False,0.34270000000000067,True,44.40904761904762,339.95,29.40138255625827,0.9993591646146228,-0.0006408353853771809,339.95,30.872187086336222,0.9993593192999598,-0.0006406807000401971,ORATS call delta minus one; put approximation,2026-09-04,10.0,2.0,1.0,admitted,,,,,,,,,,
874,2026-09-03,MRVL,buy-first put-tail inventory,Pandar-direct inventory program; exact scanner geometry is partly mechanized,accumulate cheap far-OTM 1:1 put vertical inventory; usually about $5 wide and under $0.10; recycle and roll,IV/RR/put-skew gates; fixed 25-45% OTM band; complete-at-entry rule; universal 3x/5x exits,buy complete put spread in this implementation,2026-09-03_pandar_only_gap_scan,36.156349206349205,209.25,-13.303778588001336,-16.175940391779832,23.05,15.476190476190476,80.95238095238095,13.492063492063492,79.36507936507937,44.44444444444444,198596.4,1819795,4857055262.96,True,,put,2026-09-18,16.0,BTO,125.0,0.9999547319950464,0.01,0.06,3271.0,0.0,STO,120.0,0.01,0.03,5383.0,8.0,5.0,0.0499999999999999,,40.262843488649935,,1.0,2026-09-04,2026-09-04,0.973641,56.1683,2.01806,55.274,56.1683,60.5095,0.0287458,66.1734,65.11630000000001,57.93620000000001,55.5111,59.5723,59.5167,-2.4251000000000076,1.7679000000000045,8.948000000000008,10.8994,4.298299999999998,1.0570999999999913,8.333333333333334,22.22222222222222,221.7892,151.1973,-5.653656715475774,False,True,False,-33.89878695981804,-30.634152040894747,2026-09-03,206.48,188053940.0,2.87458,23523127,Semiconductors,0000-00-00,XLK,Technology,10,45,97.3641,12,45.24,1.24,9.52,True,True,9.375,,False,False,False,,False,False,12.5,25.158730158730158,288,250,,False,-0.6572000000000031,True,36.156349206349205,209.25,40.262843488649935,0.9999547319950464,-4.526800495363581e-05,209.25,42.65232974910395,0.9999884072213804,-1.1592778619617938e-05,ORATS call delta minus one; put approximation,2026-09-04,29.0,50.0,24.0,admitted,,,,,,,,,,
875,2026-09-03,MSFT,buy-first put-tail inventory,Pandar-direct inventory program; exact scanner geometry is partly mechanized,accumulate cheap far-OTM 1:1 put vertical inventory; usually about $5 wide and under $0.10; recycle and roll,IV/RR/put-skew gates; fixed 25-45% OTM band; complete-at-entry rule; universal 3x/5x exits,buy complete put spread in this implementation,2026-09-03_pandar_only_gap_scan,24.931111111111115,510.75,1.148628577086841,-0.5336033807863849,31.18,23.015873015873016,75.0,21.428571428571427,59.523809523809526,37.698412698412696,522592.75,3908642,12171332846.32,True,,put,2026-09-18,16.0,BTO,350.0,0.9999660378567612,0.02,0.04,12678.0,262.0,STO,345.0,0.01,0.06,1142.0,0.0,5.0,0.03,,31.473323543808128,,1.0,2026-09-04,2026-09-04,0.97019,23.8785,3.4906,22.223100000000002,23.8785,29.035,0.00873031,23.8487,25.1489,24.0741,24.4934,25.334200000000003,30.0502,0.4192999999999998,0.19560000000000244,1.2704000000000022,1.6255999999999986,3.1111000000000004,-1.3002000000000002,11.904761904761905,23.41269841269841,441.5942,431.09850000000006,15.660486482838776,True,True,True,19.328536049717314,22.593170968640607,2026-09-03,496.82,3792597360.0,0.87303,24498476,Infrastructure Software,0000-00-00,XLK,Technology,10,37,97.019,7,36.9,3.28,9.52,True,True,82.29166666666666,,False,False,False,,False,False,13.5515873015873,22.83730158730159,288,250,,False,0.6149000000000022,True,24.931111111111115,510.75,31.473323543808128,0.9999660378567612,-3.3962143238808196e-05,510.75,32.452276064610864,0.9999660378567636,-3.3962143236365705e-05,ORATS call delta minus one; put approximation,2026-09-04,16.0,10.0,1.0,admitted,,,,,,,,,,
877,2026-09-03,NBIS,buy-first put-tail inventory,Pandar-direct inventory program; exact scanner geometry is partly mechanized,accumulate cheap far-OTM 1:1 put vertical inventory; usually about $5 wide and under $0.10; recycle and roll,IV/RR/put-skew gates; fixed 25-45% OTM band; complete-at-entry rule; universal 3x/5x exits,buy complete put spread in this implementation,2026-09-03_pandar_only_gap_scan,41.82587301587302,210.97,-2.414542763310046,-22.78383720079058,16.19,20.634920634920636,74.2063492063492,14.285714285714286,82.53968253968254,26.984126984126984,223183.7,1366961,4594071614.52,True,,put,2026-09-18,16.0,BTO,125.0,0.9971007379266814,0.11,0.14,1172.0,4.0,STO,120.0,0.08,0.13,4606.0,8.0,5.0,0.06,,40.74986964971323,,1.0,2026-09-04,2026-09-04,0.958381,79.3713,2.89156,74.13380000000001,79.3713,87.1856,0.0410524,86.1339,89.12060000000001,81.1497,78.74449999999999,83.46719999999999,86.22720000000001,-2.4052000000000078,1.7783999999999907,9.749300000000005,12.000099999999989,9.333399999999983,-2.9867000000000132,15.079365079365079,4.761904761904762,213.75599999999997,154.09300000000002,-1.3033552274555937,False,True,False,-19.375549356059164,-16.11091443713587,2026-09-03,204.09,52641097.0,4.10524,22510028,Internet Content & Media,0000-00-00,XLK,Technology,14,6,95.8381,9,5.95,1.24,14.29,True,True,18.75,,False,False,False,,False,False,13.353174603174603,24.6031746031746,288,250,,False,-0.6268000000000171,True,41.82587301587302,210.97,40.74986964971323,0.9971007379266814,-0.002899262073318587,210.97,43.119874863724704,0.9984804231979298,-0.001519576802070155,ORATS call delta minus one; put approximation,2026-09-04,27.0,55.0,27.0,admitted,,,,,,,,,,
880,2026-09-03,NVDA,buy-first put-tail inventory,Pandar-direct inventory program; exact scanner geometry is partly mechanized,accumulate cheap far-OTM 1:1 put vertical inventory; usually about $5 wide and under $0.10; recycle and roll,IV/RR/put-skew gates; fixed 25-45% OTM band; complete-at-entry rule; universal 3x/5x exits,buy complete put spread in this implementation,2026-09-03_pandar_only_gap_scan,49.98952380952381,229.03,0.2977884825925203,0.0,8.82,13.88888888888889,88.0952380952381,17.063492063492063,61.507936507936506,36.111111111111114,3290792.75,15497110,28429337090.05,True,,put,2026-09-18,16.0,BTO,155.0,0.9990255699159152,0.07,0.09,22294.0,4.0,STO,150.0,0.07,0.08,36238.0,844.0,5.0,0.0199999999999999,,32.323276426669004,,1.0,2026-09-04,2026-09-04,0.973662,32.217600000000004,2.7293,30.287300000000002,32.217600000000004,37.160399999999996,0.00499196,32.3474,34.6319,32.2427,33.6191,41.3738,45.5306,1.3764000000000038,0.025099999999994793,2.4142999999999972,2.0600999999999985,11.086500000000001,-2.2845000000000013,34.92063492063492,5.158730158730159,209.8752,196.44495000000003,9.126757234775717,True,True,True,4.204012921425004,7.4686478403482965,2026-09-03,224.41,5530387410.0,0.4992,126684805,Semiconductors,0000-00-00,XLK,Technology,48,6,97.3662,10,5.56,26.5,47.62,True,True,57.291666666666664,,True,False,False,,False,False,21.984126984126984,22.95634920634921,288,250,,False,1.4014999999999986,True,49.98952380952381,229.03,32.323276426669004,0.9990255699159152,-0.0009744300840848208,229.03,34.50639654193773,0.9991642370846686,-0.0008357629153313839,ORATS call delta minus one; put approximation,2026-09-04,15.0,55.0,15.0,admitted,,,,,,,,,,
893,2026-09-03,RTX,buy-first put-tail inventory,Pandar-direct inventory program; exact scanner geometry is partly mechanized,accumulate cheap far-OTM 1:1 put vertical inventory; usually about $5 wide and under $0.10; recycle and roll,IV/RR/put-skew gates; fixed 25-45% OTM band; complete-at-entry rule; universal 3x/5x exits,buy complete put spread in this implementation,2026-09-03_pandar_only_gap_scan,39.1552380952381,201.67,-4.719833695549469,-10.129233511586456,23.94,5.9523809523809526,71.82539682539682,3.5714285714285716,21.825396825396822,18.650793650793652,12921.0,178313,850032247.0,True,,put,2026-09-18,16.0,BTO,120.0,0.999813796396772,0.01,0.04,199.0,9.0,STO,115.0,0.01,0.07,83.0,145.0,5.0,0.03,,40.49685129171419,,1.0,2026-09-04,2026-09-04,0.758929,23.0201,3.48791,21.8538,23.0201,26.9225,0.0289624,22.5992,24.5196,22.9347,23.7365,25.4364,25.2797,0.8018000000000001,-0.08539999999999992,1.4995000000000012,0.7454000000000001,3.5825999999999993,-1.9204000000000008,8.73015873015873,19.841269841269842,207.41000000000003,192.97269999999997,-2.7674654066824345,True,True,False,12.63334264172018,15.897977560643472,2026-09-03,200.78,271802385.0,2.89624,4233650,Aerospace & Defense Manufacturing,0000-00-00,XLI,Industrials,81,37,75.8929,6,36.9,49.41,76.19,True,True,71.52777777777779,,True,False,False,,False,False,22.003968253968253,18.115079365079367,288,250,,False,0.7164000000000001,True,39.1552380952381,201.67,40.49685129171419,0.999813796396772,-0.00018620360322796348,201.67,42.97614915455943,0.999813796396778,-0.00018620360322196827,ORATS call delta minus one; put approximation,2026-09-04,10.0,26.0,4.0,admitted,,,,,,,,,,
922,2026-08-11,APA,buy-first put-tail inventory,Pandar-direct inventory program; exact scanner geometry is partly mechanized,accumulate cheap far-OTM 1:1 put vertical inventory; usually about $5 wide and under $0.10; recycle and roll,IV/RR/put-skew gates; fixed 25-45% OTM band; complete-at-entry rule; universal 3x/5x exits,,early_put_backfill_2026-08-11_to_2026-08-21,46.06253968253968,40.84,14.39775910364145,-0.6084205402774434,18.62,1.5873015873015872,81.34920634920636,0.0,33.73015873015873,7.142857142857143,8289.25,202733,231002489.2,True,,put,2026-09-18,39.0,BTO,30.0,0.9810438611268048,0.05,0.08,1335.0,12.0,STO,25.0,0.01,0.06,1584.0,0.0,5.0,0.07,,26.54260528893243,,,,,0.809243,42.4833,3.3716,43.392199999999995,42.4833,42.3273,0.0637088,47.8765,52.5826,43.412099999999995,42.4879,44.8404,47.4003,-0.924199999999992,0.9287999999999954,10.0993,4.484300000000005,1.448200000000007,-4.706099999999999,1.5873015873015872,30.555555555555557,35.438199999999995,31.84305,15.24287350937692,False,True,True,11.402073104200785,10.573665752436568,2026-08-11,41.02,14308356.0,6.37088,5631460,Oil & Gas Exploration,0000-00-00,XLE,Energy,14,22,80.9243,12,21.83,4.28,14.29,True,True,66.22950819672131,,False,False,False,,False,False,11.09126984126984,18.73015873015873,305,266,,False,0.0046000000000034,,,,26.54260528893243,0.9810438611268048,-0.0189561388731952,,38.78550440744368,0.999347346902188,-0.0006526530978119,ORATS call delta minus one; put approximation,,,,,,,,,5.957394711067568,signal-day weeks-to-earnings estimate; not a selection veto,new qualification; not in original frozen P&L cohort,,,,
934,2026-08-11,CCL,buy-first put-tail inventory,Pandar-direct inventory program; exact scanner geometry is partly mechanized,accumulate cheap far-OTM 1:1 put vertical inventory; usually about $5 wide and under $0.10; recycle and roll,IV/RR/put-skew gates; fixed 25-45% OTM band; complete-at-entry rule; universal 3x/5x exits,,early_put_backfill_2026-08-11_to_2026-08-21,32.73285714285714,27.59,-7.0417789757412415,-7.6021433355659696,24.41,31.349206349206348,26.984126984126984,7.936507936507937,80.15873015873017,69.84126984126983,37592.15,974581,522672804.0,True,,put,2026-09-18,39.0,BTO,20.0,0.9834318581614592,0.03,0.04,7042.0,81.0,STO,15.0,0.01,0.04,16355.0,51.0,5.0,0.03,,27.509967379485325,,,,,0.817906,40.1086,2.8485,40.1792,40.1086,45.2536,0.0329031,44.2029,39.024,38.6174,42.0248,44.4091,43.6904,3.4073999999999955,-1.4911999999999992,-1.0846000000000018,4.023699999999998,4.229900000000001,5.178899999999999,3.968253968253968,24.20634920634921,27.8532,27.9441,-0.944954260192732,True,False,False,8.707643814026799,7.879236462262584,2026-08-11,27.75,37788619.0,3.29031,18835056,Travel & Tourism Services,0000-00-00,XLY,C. Cyclical,5,31,81.7906,6,30.56,0.0,4.76,True,True,62.295081967213115,,False,False,False,,False,False,16.78571428571429,26.507936507936503,305,266,,False,1.9161999999999964,,,,27.509967379485325,0.9834318581614592,-0.0165681418385409,,45.632475534613995,0.9999586215840804,-4.1378415919557376e-05,ORATS call delta minus one; put approximation,,,,,,,,,4.990032620514675,signal-day weeks-to-earnings estimate; not a selection veto,new qualification; not in original frozen P&L cohort,,,,
936,2026-08-11,CELH,buy-first put-tail inventory,Pandar-direct inventory program; exact scanner geometry is partly mechanized,accumulate cheap far-OTM 1:1 put vertical inventory; usually about $5 wide and under $0.10; recycle and roll,IV/RR/put-skew gates; fixed 25-45% OTM band; complete-at-entry rule; universal 3x/5x exits,,early_put_backfill_2026-08-11_to_2026-08-21,33.29380952380952,27.88,-6.127946127946126,-7.98679867986799,31.23,1.1904761904761905,93.65079365079364,1.1904761904761905,85.31746031746032,81.74603174603175,42993.15,682037,317641485.84000003,True,,put,2026-09-18,39.0,BTO,20.0,0.9724345212841752,0.07,0.09,1331.0,56.0,STO,15.0,0.01,0.02,215.0,12.0,5.0,0.08,,28.26398852223816,,,,,0.59276,50.7724,2.69056,54.03980000000001,50.7724,56.105,0.11313,65.275,55.73590000000001,53.0452,50.2315,56.0458,53.5141,-2.8137000000000043,2.2728000000000037,4.9635000000000105,11.2352,2.005999999999993,9.539099999999998,7.142857142857143,39.285714285714285,29.196400000000004,39.67844999999999,-4.508775054458791,False,False,False,-8.470124753775455,-9.298532105539673,2026-08-11,27.21,7054617.0,11.31303,11673704,Non-Alcoholic Beverages,0000-00-00,XLP,C. Defensive,5,33,59.276,12,32.94,0.0,4.76,True,True,24.91803278688525,,False,False,False,other,False,False,10.436507936507937,32.61904761904762,305,266,,False,-0.5409000000000006,,,,28.26398852223816,0.9724345212841752,-0.0275654787158249,,46.19799139167861,0.9980931600249476,-0.0019068399750522,ORATS call delta minus one; put approximation,,,,,,,,,4.236011477761842,signal-day weeks-to-earnings estimate; not a selection veto,new qualification; not in original frozen P&L cohort,,,,
940,2026-08-11,DAL,buy-first put-tail inventory,Pandar-direct inventory program; exact scanner geometry is partly mechanized,accumulate cheap far-OTM 1:1 put vertical inventory; usually about $5 wide and under $0.10; recycle and roll,IV/RR/put-skew gates; fixed 25-45% OTM band; complete-at-entry rule; universal 3x/5x exits,,early_put_backfill_2026-08-11_to_2026-08-21,47.37126984126984,90.74,-2.4930152589727084,-3.272572220445591,17.47,0.7936507936507936,67.46031746031746,0.0,26.58730158730159,53.57142857142857,21876.15,388260,519680633.23,True,,put,2026-09-18,39.0,BTO,60.0,0.9991398666243914,0.02,0.08,5086.0,1.0,STO,55.0,0.01,0.03,4623.0,11.0,5.0,0.07,,33.87701124090808,,,,,0.884952,34.619,2.70762,35.1489,34.619,39.273799999999994,0.0727711,36.1561,33.9813,34.2349,35.1192,37.6117,36.0803,0.8842999999999961,-0.3840999999999965,-0.6377000000000024,1.0072000000000043,2.4628000000000014,2.1748000000000047,0.7936507936507936,5.9523809523809526,86.5256,71.99945,4.8706972271790105,True,True,True,27.05124614953793,26.222838797773715,2026-08-11,89.21,59672714.0,7.27711,5825363,Airlines,0000-00-00,XLI,Industrials,10,9,88.4952,8,8.73,1.53,9.52,True,True,85.24590163934425,,True,False,False,,False,False,21.70634920634921,20.337301587301585,305,266,,False,0.5001999999999995,,,,33.87701124090808,0.9991398666243914,-0.0008601333756086,,39.38726030416575,0.999922308903768,-7.769109623212422e-05,ORATS call delta minus one; put approximation,,,,,,,,,1.3770112409080824,signal-day weeks-to-earnings estimate; not a selection veto,new qualification; not in original frozen P&L cohort,,,,
946,2026-08-11,GOOG,buy-first put-tail inventory,Pandar-direct inventory program; exact scanner geometry is partly mechanized,accumulate cheap far-OTM 1:1 put vertical inventory; usually about $5 wide and under $0.10; recycle and roll,IV/RR/put-skew gates; fixed 25-45% OTM band; complete-at-entry rule; universal 3x/5x exits,,early_put_backfill_2026-08-11_to_2026-08-21,30.764920634920635,343.28,-9.035984948857925,-9.035984948857925,29.87,13.88888888888889,75.7936507936508,7.936507936507937,63.095238095238095,57.142857142857146,221995.55,1827251,7421731038.719999,True,,put,2026-09-18,39.0,BTO,240.0,0.9966130373801012,0.08,0.12,2578.0,5.0,STO,235.0,0.06,0.11,1316.0,2.0,5.0,0.06,,30.08622698671638,,,,,0.989506,28.8253,2.6183,29.8933,28.8253,32.080799999999996,0.0109873,32.6895,31.7603,28.9406,29.357100000000003,33.3696,32.8187,0.4165000000000027,0.1153000000000012,2.9350000000000023,2.7962000000000025,3.4762999999999984,0.9292000000000016,4.761904761904762,25.0,353.5285999999999,329.1824,-2.898945092419669,False,True,False,-11.283403111593538,-12.111810463357752,2026-08-11,355.84,4198292029.0,1.09873,20856933,Internet Content & Media,0000-00-00,XLC,Comm,5,25,98.9506,11,25.4,0.0,4.76,True,True,22.950819672131143,,False,False,False,,False,False,12.59920634920635,24.166666666666668,305,266,,False,0.531800000000004,,,,30.08622698671638,0.9966130373801012,-0.0033869626198987,,31.542763924493123,0.9977064558372034,-0.0022935441627965,ORATS call delta minus one; put approximation,,,,,,,,,2.4137730132836204,signal-day weeks-to-earnings estimate; not a selection veto,new qualification; not in original frozen P&L cohort,,,,
955,2026-08-11,LYFT,buy-first put-tail inventory,Pandar-direct inventory program; exact scanner geometry is partly mechanized,accumulate cheap far-OTM 1:1 put vertical inventory; usually about $5 wide and under $0.10; recycle and roll,IV/RR/put-skew gates; fixed 25-45% OTM band; complete-at-entry rule; universal 3x/5x exits,,early_put_backfill_2026-08-11_to_2026-08-21,49.5404761904762,17.69,5.485986881335725,0.0,11.65,15.07936507936508,52.77777777777778,3.968253968253968,27.38095238095238,49.6031746031746,22522.15,578057,215141360.62,True,,put,2026-10-16,67.0,BTO,13.0,0.9367479866637192,0.07,0.08,4820.0,2.0,STO,8.0,0.01,0.09,974.0,1.0,5.0,0.07,,26.512153759185985,,,,,0.658115,44.6819,4.0,41.9616,44.6819,50.194799999999994,0.0859712,46.6648,46.4558,45.612,43.7689,42.4429,43.0457,-1.8430999999999995,0.930100000000003,1.7739000000000047,4.7032000000000025,0.4813000000000045,0.208999999999996,1.5873015873015872,3.5714285714285716,15.0432,16.340700000000002,17.59466071048714,True,True,True,27.35781137508999,26.529404023325775,2026-08-11,17.26,6716584.0,8.59712,12464737,Application Software,0000-00-00,XLI,Industrials,5,2,65.8115,12,1.98,0.0,4.76,True,True,85.57377049180329,,False,False,False,,False,False,13.869047619047617,20.21825396825397,305,266,,False,-0.9129999999999968,,,,26.512153759185985,0.9367479866637192,-0.0632520133362808,,54.77671000565291,0.9979850115119612,-0.0020149884880389,ORATS call delta minus one; put approximation,,,,,,,,,5.987846240814015,signal-day weeks-to-earnings estimate; not a selection veto,new qualification; not in original frozen P&L cohort,,,,
961,2026-08-11,NVDA,buy-first put-tail inventory,Pandar-direct inventory program; exact scanner geometry is partly mechanized,accumulate cheap far-OTM 1:1 put vertical inventory; usually about $5 wide and under $0.10; recycle and roll,IV/RR/put-skew gates; fixed 25-45% OTM band; complete-at-entry rule; universal 3x/5x exits,,early_put_backfill_2026-08-11_to_2026-08-21,47.1952380952381,217.59,2.2173157326067505,-2.3822341857335116,10.9,20.238095238095237,73.01587301587301,14.285714285714286,73.41269841269842,14.285714285714286,3474567.0,14279765,27419016063.4,True,,put,2026-09-18,39.0,BTO,135.0,0.9921987999790628,0.18,0.2,13602.0,190.0,STO,130.0,0.17,0.19,30110.0,5.0,5.0,0.03,,37.95670756928168,,,,,0.983831,33.2254,2.50823,33.210699999999996,38.7406,38.7961,0.0075759,35.8063,41.3188,32.3974,34.755900000000004,44.7137,47.6073,2.3585000000000065,-0.828000000000003,2.5782000000000025,2.595600000000005,11.503000000000007,-5.512500000000003,36.904761904761905,15.873015873015872,206.2276,194.36465000000004,5.509640804625571,False,True,True,-0.6982475355969298,-1.5266548873611452,2026-08-11,217.55,5270247390.0,0.75759,126035468,Semiconductors,0000-00-00,XLK,Technology,5,6,98.3831,2,6.75,0.0,4.76,True,True,38.68852459016394,,False,False,False,,True,False,13.373015873015875,-6.944444444444443,305,266,,True,1.5305000000000035,,,,37.95670756928168,0.9921987999790628,-0.0078012000209372,,40.25460728893792,0.9947732129125132,-0.0052267870874869,ORATS call delta minus one; put approximation,,,,,,,,,5.456707569281676,signal-day weeks-to-earnings estimate; not a selection veto,new qualification; not in original frozen P&L cohort,,,,
965,2026-08-11,PLTR,buy-first put-tail inventory,Pandar-direct inventory program; exact scanner geometry is partly mechanized,accumulate cheap far-OTM 1:1 put vertical inventory; usually about $5 wide and under $0.10; recycle and roll,IV/RR/put-skew gates; fixed 25-45% OTM band; complete-at-entry rule; universal 3x/5x exits,,early_put_backfill_2026-08-11_to_2026-08-21,37.43031746031746,175.48,7.715916763857344,0.0,25.03,8.73015873015873,86.11111111111111,3.968253968253968,55.95238095238095,57.93650793650794,571474.9,3735538,8077294138.32,True,,put,2026-09-18,39.0,BTO,105.0,0.9901764632348524,0.2,0.22,8606.0,243.0,STO,100.0,0.16,0.19,13156.0,171.0,5.0,0.06,,40.16412126738089,,,,,0.989515,46.9394,3.70779,48.0575,46.9394,53.5164,0.0140232,51.969,51.9027,47.3652,47.4668,55.751,58.3704,0.1015999999999976,0.4258000000000024,4.963300000000004,3.911500000000004,7.6935,0.0662999999999982,4.365079365079365,23.80952380952381,133.62,152.2079,31.327645562041596,True,True,True,28.660458977930947,27.83205162616673,2026-08-11,175.23,420653129.0,1.40232,46095384,Infrastructure Software,0000-00-00,XLK,Technology,5,28,98.9515,11,24.6,0.0,4.76,True,True,86.22950819672131,,False,False,False,,False,False,11.567460317460318,23.49206349206349,305,266,,False,0.5274000000000001,,,,40.16412126738089,0.9901764632348524,-0.0098235367651474,,43.01344882607704,0.9937240449797512,-0.0062759550202488,ORATS call delta minus one; put approximation,,,,,,,,,7.664121267380892,signal-day weeks-to-earnings estimate; not a selection veto,new qualification; not in original frozen P&L cohort,,,,
983,2026-08-11,UAL,buy-first put-tail inventory,Pandar-direct inventory program; exact scanner geometry is partly mechanized,accumulate cheap far-OTM 1:1 put vertical inventory; usually about $5 wide and under $0.10; recycle and roll,IV/RR/put-skew gates; fixed 25-45% OTM band; complete-at-entry rule; universal 3x/5x exits,,early_put_backfill_2026-08-11_to_2026-08-21,46.319047619047616,126.63,-4.839558127301425,-5.188679245283023,16.3,8.333333333333334,61.507936507936506,3.5714285714285716,22.61904761904762,38.492063492063494,16629.15,331154,513047575.04,True,,put,2026-09-18,39.0,BTO,85.0,0.994719324818914,0.06,0.12,2157.0,508.0,STO,80.0,0.04,0.06,3058.0,40.0,5.0,0.0799999999999999,,32.875306009634365,,,,,0.941542,41.604400000000005,1.06707,42.5758,41.604400000000005,45.1313,0.0575033,41.7929,39.9347,40.6695,42.6174,45.764700000000005,44.144299999999994,1.947899999999997,-0.934900000000006,-1.669700000000006,-0.7828999999999979,3.188900000000004,1.8582000000000036,3.1746031746031744,13.492063492063492,121.4658,106.55045,4.251567107778476,True,True,True,30.88372093023255,30.055313578468333,2026-08-11,123.76,41100265.0,5.75033,4145504,Airlines,0000-00-00,XLI,Industrials,5,17,94.1542,10,15.87,0.0,4.76,True,True,87.8688524590164,,True,False,False,,False,False,22.757936507936503,19.186507936507937,305,266,,False,1.012999999999991,,,,32.875306009634365,0.994719324818914,-0.0052806751810858,,36.82381742083234,0.9983113542880032,-0.0016886457119967,ORATS call delta minus one; put approximation,,,,,,,,,0.3753060096343645,signal-day weeks-to-earnings estimate; not a selection veto,new qualification; not in original frozen P&L cohort,,,,
1013,2026-08-12,CCJ,buy-first put-tail inventory,Pandar-direct inventory program; exact scanner geometry is partly mechanized,accumulate cheap far-OTM 1:1 put vertical inventory; usually about $5 wide and under $0.10; recycle and roll,IV/RR/put-skew gates; fixed 25-45% OTM band; complete-at-entry rule; universal 3x/5x exits,,early_put_backfill_2026-08-11_to_2026-08-21,40.38984126984127,99.14,4.832399280955912,0.0,20.88,14.285714285714286,69.84126984126983,4.365079365079365,37.301587301587304,36.904761904761905,22988.8,410692,370193663.88,True,,put,2026-09-18,38.0,BTO,70.0,0.9944409071742216,0.02,0.07,1243.0,1.0,STO,65.0,0.01,0.06,325.0,1.0,5.0,0.06,,29.392777889852734,,,,,0.855793,45.1488,2.74016,44.867,45.1488,46.9686,0.0621597,48.3867,46.5459,45.8388,44.5532,46.0544,44.5043,-1.2856000000000023,0.6899999999999977,1.3971000000000018,3.519699999999993,1.187399999999997,1.8407999999999944,5.555555555555555,8.73015873015873,97.4874,104.8467,1.6951934301253413,False,False,True,-15.30838886041347,-17.827658867214637,2026-08-12,98.73,43178739.0,6.21597,3749556,Uranium,0000-00-00,XLE,Energy,5,10,85.5793,11,9.52,0.0,4.76,True,True,16.065573770491802,,False,False,False,,False,False,12.936507936507937,20.575396825396822,305,260,,False,-0.5956000000000046,,,,29.392777889852734,0.9944409071742216,-0.0055590928257782,,34.436150897720395,0.9988965655939483,-0.0011034344060516,ORATS call delta minus one; put approximation,,,,,,,,,3.107222110147262,signal-day weeks-to-earnings estimate; not a selection veto,new qualification; not in original frozen P&L cohort,,,,
1016,2026-08-12,CELH,buy-first put-tail inventory,Pandar-direct inventory program; exact scanner geometry is partly mechanized,accumulate cheap far-OTM 1:1 put vertical inventory; usually about $5 wide and under $0.10; recycle and roll,IV/RR/put-skew gates; fixed 25-45% OTM band; complete-at-entry rule; universal 3x/5x exits,,early_put_backfill_2026-08-11_to_2026-08-21,33.82222222222222,27.42,-6.543967280163598,-8.386234547276972,28.4,4.365079365079365,94.84126984126983,9.523809523809524,62.698412698412696,38.095238095238095,42604.65,686828,332057592.27,True,,put,2026-09-18,38.0,BTO,17.5,0.9960061736746324,0.03,0.04,1013.0,64.0,STO,15.0,0.01,0.02,214.0,1.0,2.5,0.03,,36.17797228300511,,,,,0.686162,49.0088,2.58013,49.4557,49.0088,55.712,0.0589409,56.5775,57.3803,51.37310000000001,49.409,57.1227,52.3266,-1.964100000000009,2.364300000000007,8.371499999999997,7.1218,7.667000000000002,-0.8027999999999977,49.20634920634921,24.20634920634921,29.129400000000004,39.50565,-5.868298008197915,False,False,False,-7.676767676767671,-10.196037683568838,2026-08-12,28.09,6938221.0,5.89409,11821203,Non-Alcoholic Beverages,0000-00-00,XLP,C. Defensive,5,29,68.6162,12,28.57,0.0,4.76,True,True,23.9344262295082,,False,False,False,,False,False,10.694444444444445,23.174603174603178,305,260,,False,0.4001999999999981,,,,36.17797228300511,0.9960061736746324,-0.0039938263253674,,45.29540481400438,0.9997923558372774,-0.0002076441627225,ORATS call delta minus one; put approximation,,,,,,,,,3.6779722830051114,signal-day weeks-to-earnings estimate; not a selection veto,new qualification; not in original frozen P&L cohort,,,,
1023,2026-08-12,DAL,buy-first put-tail inventory,Pandar-direct inventory program; exact scanner geometry is partly mechanized,accumulate cheap far-OTM 1:1 put vertical inventory; usually about $5 wide and under $0.10; recycle and roll,IV/RR/put-skew gates; fixed 25-45% OTM band; complete-at-entry rule; universal 3x/5x exits,,early_put_backfill_2026-08-11_to_2026-08-21,49.67,90.43,-3.603027395800018,-3.603027395800018,15.33,0.0,94.44444444444444,0.0,25.396825396825395,38.492063492063494,21706.8,397011,502251418.24,True,,put,2026-09-18,38.0,BTO,60.0,0.99884967641824,0.01,0.03,5076.0,100.0,STO,55.0,0.01,0.07,4612.0,0.0,5.0,0.0199999999999999,,33.65033727745218,,,,,0.851676,35.03,2.28362,35.0739,35.03,38.6301,0.0602955,35.9634,36.022,35.5657,34.7836,35.8945,38.667,-0.7820999999999998,0.5356999999999985,0.9919999999999972,0.8894999999999982,0.8205999999999989,-0.0585999999999984,0.0,5.9523809523809526,86.70479999999999,72.15825,4.296417268709485,True,True,True,28.124114480022676,25.60484447322151,2026-08-12,90.41,59468851.0,6.02955,5555264,Airlines,0000-00-00,XLI,Industrials,5,6,85.1676,8,6.35,0.0,4.76,True,True,85.24590163934425,,True,False,False,,False,False,20.27777777777778,19.46428571428571,305,260,,False,-0.2464000000000012,,,,33.65033727745218,0.99884967641824,-0.0011503235817601,,39.1794758376645,0.999327150986728,-0.000672849013272,ORATS call delta minus one; put approximation,,,,,,,,,1.1503372774521807,signal-day weeks-to-earnings estimate; not a selection veto,new qualification; not in original frozen P&L cohort,,,,
1034,2026-08-12,GOOGL,buy-first put-tail inventory,Pandar-direct inventory program; exact scanner geometry is partly mechanized,accumulate cheap far-OTM 1:1 put vertical inventory; usually about $5 wide and under $0.10; recycle and roll,IV/RR/put-skew gates; fixed 25-45% OTM band; complete-at-entry rule; universal 3x/5x exits,,early_put_backfill_2026-08-11_to_2026-08-21,31.40571428571429,344.36,-4.84664271898313,-9.376562541119505,27.88,20.238095238095237,63.888888888888886,8.333333333333334,67.06349206349206,59.12698412698413,544343.3,3458210,11108879008.2,True,,put,2026-09-18,38.0,BTO,250.0,0.9959024490799904,0.1,0.15,6254.0,9.0,STO,245.0,0.08,0.13,2594.0,10.0,5.0,0.0699999999999999,,27.40155651062841,,,,,0.979888,28.075899999999997,3.01584,28.9745,28.075899999999997,32.5901,0.0161798,31.9992,31.2594,28.0861,28.6627,33.828599999999994,31.942300000000003,0.5765999999999991,0.0102000000000046,3.183500000000002,3.0246999999999993,4.854099999999995,0.7397999999999989,18.253968253968253,21.428571428571427,354.59399999999994,330.49065,-2.886117644404562,False,True,False,-11.112258330967196,-13.631528337768362,2026-08-12,343.8,4211500358.0,1.61798,32312039,Internet Content & Media,0000-00-00,XLC,Comm,5,21,97.9888,11,21.03,0.0,4.76,True,True,20.655737704918035,,False,False,False,,False,False,13.82936507936508,24.66269841269841,305,260,,False,0.5868000000000038,,,,27.40155651062841,0.9959024490799904,-0.0040975509200095,,28.85352538041585,0.9972771083575176,-0.0027228916424822,ORATS call delta minus one; put approximation,,,,,,,,,5.09844348937159,signal-day weeks-to-earnings estimate; not a selection veto,new qualification; not in original frozen P&L cohort,,,,
1049,2026-08-12,NVDA,buy-first put-tail inventory,Pandar-direct inventory program; exact scanner geometry is partly mechanized,accumulate cheap far-OTM 1:1 put vertical inventory; usually about $5 wide and under $0.10; recycle and roll,IV/RR/put-skew gates; fixed 25-45% OTM band; complete-at-entry rule; universal 3x/5x exits,,early_put_backfill_2026-08-11_to_2026-08-21,54.12428571428571,222.27,0.9263043182127896,-0.2826379542395618,6.59,11.904761904761903,87.3015873015873,9.523809523809524,75.0,9.126984126984128,3464850.45,14590792,27205971840.0,True,,put,2026-09-18,38.0,BTO,130.0,0.998874637358326,0.14,0.16,30106.0,33.0,STO,125.0,0.12,0.14,26652.0,29.0,5.0,0.04,,41.512574796418775,,,,,0.980999,32.1653,2.75908,33.0766,38.7491,38.636199999999995,0.00596247,35.9145,42.6651,31.937900000000003,33.4181,39.5038,48.6601,1.4802,-0.2273999999999993,3.916000000000004,2.8378999999999976,6.427199999999999,-6.750600000000006,2.7777777777777777,14.682539682539682,206.2008,194.564,7.792986254175549,False,True,True,0.6429703418610044,-1.876299664940162,2026-08-12,217.5,5383601670.0,0.59625,125084928,Semiconductors,0000-00-00,XLK,Technology,5,1,98.0999,2,3.17,0.0,4.76,True,True,41.967213114754095,,False,False,False,,True,False,11.825396825396824,-7.043650793650794,305,260,,True,1.2528000000000006,,,,41.512574796418775,0.998874637358326,-0.0011253626416739,,43.76209115040267,0.9988861330306444,-0.0011138669693556,ORATS call delta minus one; put approximation,,,,,,,,,9.012574796418775,signal-day weeks-to-earnings estimate; not a selection veto,new qualification; not in original frozen P&L cohort,,,,
1056,2026-08-12,PLTR,buy-first put-tail inventory,Pandar-direct inventory program; exact scanner geometry is partly mechanized,accumulate cheap far-OTM 1:1 put vertical inventory; usually about $5 wide and under $0.10; recycle and roll,IV/RR/put-skew gates; fixed 25-45% OTM band; complete-at-entry rule; universal 3x/5x exits,,early_put_backfill_2026-08-11_to_2026-08-21,45.12873015873016,171.23,7.651200804727765,-2.4219284248917283,15.03,15.873015873015872,69.04761904761905,8.333333333333334,60.31746031746032,67.85714285714286,578380.4,3854595,8091881189.2,True,,put,2026-09-18,38.0,BTO,100.0,0.9977222981711974,0.16,0.18,13026.0,95.0,STO,95.0,0.12,0.16,6156.0,65.0,5.0,0.06,,41.5990188635169,,,,,0.985224,45.1181,3.70675,45.867999999999995,45.1181,52.3123,0.0160704,50.1355,48.6462,45.0449,46.0443,59.961200000000005,55.5427,0.9994000000000014,-0.0731999999999999,3.528100000000002,4.267500000000005,14.09320000000001,1.4893,44.04761904761905,15.07936507936508,133.832,152.15985,27.94398947934724,True,True,True,27.07235621521335,24.55308620841219,2026-08-12,174.94,410465212.0,1.60704,46255180,Infrastructure Software,0000-00-00,XLK,Technology,5,10,98.5224,11,9.13,0.0,4.76,True,True,83.93442622950819,,False,False,False,,False,False,13.134920634920636,24.424603174603178,305,260,,False,0.9262000000000016,,,,41.5990188635169,0.9977222981711974,-0.0022777018288026,,44.51906792034106,0.999006346203438,-0.0009936537965619,ORATS call delta minus one; put approximation,,,,,,,,,9.099018863516903,signal-day weeks-to-earnings estimate; not a selection veto,new qualification; not in original frozen P&L cohort,,,,
1099,2026-08-13,AMZN,buy-first put-tail inventory,Pandar-direct inventory program; exact scanner geometry is partly mechanized,accumulate cheap far-OTM 1:1 put vertical inventory; usually about $5 wide and under $0.10; recycle and roll,IV/RR/put-skew gates; fixed 25-45% OTM band; complete-at-entry rule; universal 3x/5x exits,,early_put_backfill_2026-08-11_to_2026-08-21,26.71936507936508,265.28,-2.366493688123372,-6.968262318078211,33.36,14.682539682539682,79.36507936507937,9.92063492063492,75.39682539682539,44.04761904761905,832672.05,4865653,13060600048.079998,True,,put,2026-09-18,37.0,BTO,190.0,0.9998325709548872,0.12,0.15,15279.0,9.0,STO,185.0,0.1,0.13,6217.0,89.0,5.0,0.0499999999999999,,28.377563329312416,,,,,0.977305,27.864299999999997,3.80533,27.0051,27.864299999999997,33.1482,0.0115807,29.7948,30.0879,27.8765,28.499799999999997,31.2101,34.0065,0.6232999999999969,0.0122000000000035,2.2236000000000047,2.7897,4.205000000000002,-0.2931000000000026,3.1746031746031744,21.03174603174603,247.9714,237.58005,6.9800791542895535,False,True,True,-1.95875526646464,-4.232974725848592,2026-08-13,267.28,2852887917.0,1.15807,48864861,E-commerce & Internet Retail,0000-00-00,XLY,C. Cyclical,5,26,97.7305,11,25.4,0.0,4.76,True,True,33.114754098360656,,False,False,False,,False,False,12.5,24.74206349206349,305,265,,False,0.6355000000000004,,,,28.377563329312416,0.9998325709548872,-0.0001674290451126,,30.262364294330514,0.9999453818751456,-5.461812485429984e-05,ORATS call delta minus one; put approximation,,,,,,,,,4.122436670687584,signal-day weeks-to-earnings estimate; not a selection veto,new qualification; not in original frozen P&L cohort,,,,
1103,2026-08-13,ASTS,buy-first put-tail inventory,Pandar-direct inventory program; exact scanner geometry is partly mechanized,accumulate cheap far-OTM 1:1 put vertical inventory; usually about $5 wide and under $0.10; recycle and roll,IV/RR/put-skew gates; fixed 25-45% OTM band; complete-at-entry rule; universal 3x/5x exits,,early_put_backfill_2026-08-11_to_2026-08-21,37.17809523809524,71.77,7.34370326054441,-3.261895134115111,18.06,25.0,68.65079365079364,23.80952380952381,67.85714285714286,54.76190476190476,117312.25,1243828,1188657632.61,True,,put,2026-09-18,37.0,BTO,40.0,0.989856007439474,0.1,0.12,1075.0,45.0,STO,35.0,0.02,0.1,1125.0,26.0,5.0,0.0999999999999999,,44.26640657656402,,,,,0.912648,82.5343,1.93609,81.3639,82.5343,89.6164,0.0452372,100.448,99.6474,86.9604,80.1971,83.00309999999999,81.3668,-6.763300000000001,4.426100000000005,17.11309999999999,19.084100000000007,1.6391999999999882,0.8006000000000171,5.555555555555555,5.158730158730159,73.9374,82.0051,-2.9313987237852612,False,False,False,-5.103794790427074,-7.378014249811026,2026-08-13,74.31,21441028.0,4.52372,15995931,Communications Equipment Manufacturing,0000-00-00,XLC,Comm,5,11,91.2648,12,10.71,0.0,4.76,True,True,27.86885245901639,,False,False,False,,False,False,14.067460317460318,24.52380952380952,305,265,,False,-2.3371999999999957,,,,44.26640657656402,0.989856007439474,-0.010143992560526,,51.233105754493515,0.99758125276898,-0.00241874723102,ORATS call delta minus one; put approximation,,,,,,,,,11.766406576564023,signal-day weeks-to-earnings estimate; not a selection veto,new qualification; not in original frozen P&L cohort,,,,
1115,2026-08-13,CRWV,buy-first put-tail inventory,Pandar-direct inventory program; exact scanner geometry is partly mechanized,accumulate cheap far-OTM 1:1 put vertical inventory; usually about $5 wide and under $0.10; recycle and roll,IV/RR/put-skew gates; fixed 25-45% OTM band; complete-at-entry rule; universal 3x/5x exits,,early_put_backfill_2026-08-11_to_2026-08-21,46.07253968253968,106.33,23.45292000464414,-1.5736369526983318,18.61,1.5873015873015872,94.44444444444444,0.0,73.01587301587301,54.76190476190476,229526.0,2313744,3262141750.1400003,True,,put,2026-09-18,37.0,BTO,60.0,0.9892171881004276,0.11,0.16,8542.0,1092.0,STO,55.0,0.07,0.11,3904.0,121.0,5.0,0.09,,43.571898805605194,,,,,0.945244,75.9042,2.50771,78.1305,75.9042,80.09349999999999,0.0375539,85.9981,81.9406,77.9996,74.6438,80.2939,78.3617,-3.355800000000002,2.095399999999998,6.0364,7.867599999999996,2.163399999999996,4.05749999999999,1.5873015873015872,7.5396825396825395,90.8164,93.1144,17.082377191784758,False,True,True,-4.70514429109159,-6.979363750475542,2026-08-13,107.73,58010495.0,3.75539,30280718,Infrastructure Software,0000-00-00,XLK,Technology,5,6,94.5244,12,6.35,0.0,4.76,True,True,28.196721311475407,,False,False,False,,False,False,10.436507936507937,25.039682539682538,305,265,,False,-1.2604000000000042,,,,43.571898805605194,0.9892171881004276,-0.0107828118995723,,48.27424057180476,0.9956037142656856,-0.0043962857343144,ORATS call delta minus one; put approximation,,,,,,,,,11.071898805605194,signal-day weeks-to-earnings estimate; not a selection veto,new qualification; not in original frozen P&L cohort,,,,
1117,2026-08-13,DAL,buy-first put-tail inventory,Pandar-direct inventory program; exact scanner geometry is partly mechanized,accumulate cheap far-OTM 1:1 put vertical inventory; usually about $5 wide and under $0.10; recycle and roll,IV/RR/put-skew gates; fixed 25-45% OTM band; complete-at-entry rule; universal 3x/5x exits,,early_put_backfill_2026-08-11_to_2026-08-21,48.96571428571429,91.47,-0.8992416034669493,-2.494403581707716,15.32,2.380952380952381,65.87301587301587,1.1904761904761905,20.634920634920636,30.15873015873016,21628.4,402278,484452730.1400001,True,,put,2026-09-18,37.0,BTO,62.5,0.9989980691413834,0.01,0.06,810.0,0.0,STO,57.5,0.01,0.03,898.0,0.0,5.0,0.0499999999999999,,31.67158631245217,,,,,0.919669,34.2435,2.74462,32.6971,34.2435,38.285799999999995,0.0534029,33.273599999999995,34.8019,33.786699999999996,34.8634,36.6666,36.0101,1.0767000000000024,-0.4568000000000012,0.558400000000006,0.5764999999999958,3.969500000000003,-1.5283000000000089,3.968253968253968,3.5714285714285716,86.93140000000001,72.31015000000001,5.220898317523925,True,True,True,28.631697370271404,26.35747791088745,2026-08-13,89.93,60152779.0,5.34029,5386998,Airlines,0000-00-00,XLI,Industrials,5,6,91.9669,8,6.35,0.0,4.76,True,True,85.90163934426229,,True,False,False,,False,False,21.944444444444443,18.57142857142857,305,265,,False,0.6199000000000012,,,,31.67158631245217,0.9989980691413834,-0.0010019308586165,,37.137859407456,0.9999154826602956,-8.451733970449293e-05,ORATS call delta minus one; put approximation,,,,,,,,,0.8284136875478296,signal-day weeks-to-earnings estimate; not a selection veto,new qualification; not in original frozen P&L cohort,,,,
1126,2026-08-13,GOOGL,buy-first put-tail inventory,Pandar-direct inventory program; exact scanner geometry is partly mechanized,accumulate cheap far-OTM 1:1 put vertical inventory; usually about $5 wide and under $0.10; recycle and roll,IV/RR/put-skew gates; fixed 25-45% OTM band; complete-at-entry rule; universal 3x/5x exits,,early_put_backfill_2026-08-11_to_2026-08-21,36.36079365079365,346.31,-3.17611205860151,-8.863391141872157,27.29,5.158730158730159,78.96825396825396,1.5873015873015872,84.92063492063492,60.714285714285715,534264.05,3466557,11210292156.76,True,,put,2026-09-18,37.0,BTO,235.0,0.9993609471543996,0.05,0.11,1190.0,11.0,STO,230.0,0.05,0.08,3526.0,64.0,5.0,0.06,,32.14172273396668,,,,,0.974355,28.305999999999997,2.95218,27.392899999999997,28.305999999999997,32.583,0.0140429,31.55,30.692000000000004,28.6034,28.404200000000003,31.6894,30.9734,-0.1991999999999976,0.2974000000000032,2.3860000000000063,4.157100000000003,4.296500000000002,0.857999999999997,11.507936507936508,12.301587301587302,354.2596,330.9217,-2.2440041144968226,False,True,False,-14.090446776314158,-16.36466623569811,2026-08-13,343.54,4235348731.0,1.40429,32631694,Internet Content & Media,0000-00-00,XLC,Comm,5,18,97.4355,10,18.65,0.0,4.76,True,True,17.37704918032787,,False,False,False,,False,False,11.567460317460318,26.52777777777778,305,265,,False,0.0982000000000056,,,,32.14172273396668,0.9993609471543996,-0.0006390528456003,,33.58551586728653,0.9993685013930872,-0.0006314986069129,ORATS call delta minus one; put approximation,,,,,,,,,0.3582772660333191,signal-day weeks-to-earnings estimate; not a selection veto,new qualification; not in original frozen P&L cohort,,,,
1143,2026-08-13,NVDA,buy-first put-tail inventory,Pandar-direct inventory program; exact scanner geometry is partly mechanized,accumulate cheap far-OTM 1:1 put vertical inventory; usually about $5 wide and under $0.10; recycle and roll,IV/RR/put-skew gates; fixed 25-45% OTM band; complete-at-entry rule; universal 3x/5x exits,,early_put_backfill_2026-08-11_to_2026-08-21,55.87444444444444,225.67,2.703317708096309,0.0,3.57,15.873015873015872,76.19047619047619,11.904761904761903,81.74603174603175,4.761904761904762,3460745.75,14558003,27865508810.79,True,,put,2026-09-18,37.0,BTO,130.0,0.9970823162279768,0.14,0.15,30084.0,6.0,STO,125.0,0.12,0.14,26648.0,108.0,5.0,0.03,,42.39376080116985,,,,,0.984601,31.6919,2.88877,31.1366,38.7749,39.3398,0.00875812,34.625,42.3184,30.9612,33.0667,38.9286,48.7149,2.1054999999999993,-0.7307000000000023,3.5434999999999945,3.488400000000002,7.792000000000005,-7.693399999999997,5.9523809523809526,5.9523809523809526,206.2766,194.7586,9.401648078356928,False,True,True,-0.2607619552726925,-2.534981414656645,2026-08-13,224.09,5465953070.0,0.87581,124349631,Semiconductors,0000-00-00,XLK,Technology,5,1,98.4601,1,0.79,0.0,4.76,True,True,37.049180327868854,,False,False,False,,True,False,12.77777777777778,-6.587301587301589,305,265,,True,1.374799999999997,,,,42.39376080116985,0.9970823162279768,-0.002917683772023,,44.60938538574024,0.9979650273580456,-0.0020349726419542,ORATS call delta minus one; put approximation,,,,,,,,,9.893760801169847,signal-day weeks-to-earnings estimate; not a selection veto,new qualification; not in original frozen P&L cohort,,,,
1149,2026-08-13,PLTR,buy-first put-tail inventory,Pandar-direct inventory program; exact scanner geometry is partly mechanized,accumulate cheap far-OTM 1:1 put vertical inventory; usually about $5 wide and under $0.10; recycle and roll,IV/RR/put-skew gates; fixed 25-45% OTM band; complete-at-entry rule; universal 3x/5x exits,,early_put_backfill_2026-08-11_to_2026-08-21,37.620317460317466,179.86,15.294871794871812,0.0,24.84,8.73015873015873,86.9047619047619,3.968253968253968,67.46031746031746,67.85714285714286,588244.25,3878401,7791750119.36,True,,put,2026-09-18,37.0,BTO,105.0,0.9997540912816816,0.16,0.2,8686.0,234.0,STO,100.0,0.14,0.17,13027.0,121.0,5.0,0.06,,41.62126098076282,,,,,0.954581,46.6042,3.62553,47.6789,46.6042,53.831300000000006,0.0216622,52.89469999999999,51.4824,47.038799999999995,47.105799999999995,55.4805,56.9465,0.0670000000000001,0.4345999999999961,4.8782,5.215799999999994,7.8016,1.4122999999999948,5.158730158730159,22.61904761904762,134.38299999999998,152.13505,33.841334097318885,True,True,True,38.06709142550089,35.79287196611694,2026-08-13,171.04,431152678.0,2.16622,45555134,Infrastructure Software,0000-00-00,XLK,Technology,14,25,95.4581,11,24.21,16.24,9.52,True,True,88.85245901639345,,False,False,False,,False,False,11.52777777777778,25.13888888888889,305,265,,False,0.5015999999999963,,,,41.62126098076282,0.9997540912816816,-0.0002459087183184,,44.40120093405982,0.9999280543054406,-7.194569455937216e-05,ORATS call delta minus one; put approximation,,,,,,,,,9.12126098076282,signal-day weeks-to-earnings estimate; not a selection veto,new qualification; not in original frozen P&L cohort,,,,
1169,2026-08-13,TGT,buy-first put-tail inventory,Pandar-direct inventory program; exact scanner geometry is partly mechanized,accumulate cheap far-OTM 1:1 put vertical inventory; usually about $5 wide and under $0.10; recycle and roll,IV/RR/put-skew gates; fixed 25-45% OTM band; complete-at-entry rule; universal 3x/5x exits,,early_put_backfill_2026-08-11_to_2026-08-21,33.98285714285714,155.78,6.023276390117749,0.0,28.16,11.507936507936508,71.82539682539682,2.7777777777777777,7.5396825396825395,90.07936507936508,27636.45,429117,564233208.0,True,,put,2026-09-18,37.0,BTO,110.0,0.9978057132293084,0.06,0.09,1796.0,12.0,STO,105.0,0.02,0.08,2424.0,5.0,5.0,0.0699999999999999,,29.387597894466555,,,,,0.928578,32.3745,3.00079,57.4384,40.2094,37.5469,0.0478079,55.5663,39.8738,32.1877,32.5634,60.673100000000005,40.5528,0.3757000000000019,-0.186799999999998,-0.3356000000000065,-1.8721000000000032,3.2347000000000037,15.692500000000004,19.84126984126984,89.28571428571429,137.08,116.9093,13.641669098336727,True,True,True,28.41480504492622,26.140585585542265,2026-08-13,154.0,70753891.0,4.78079,3663852,Discount Retail,0000-00-00,XLP,C. Defensive,29,26,92.8578,0,35.32,41.07,38.1,True,True,85.57377049180329,,True,False,False,,True,False,22.55952380952381,-9.742063492063494,305,265,,True,0.1889000000000038,,,,29.387597894466555,0.9978057132293084,-0.0021942867706915,,32.59725253562716,0.9988004869529028,-0.0011995130470972,ORATS call delta minus one; put approximation,,,,,,,,,3.1124021055334445,signal-day weeks-to-earnings estimate; not a selection veto,new qualification; not in original frozen P&L cohort,,,,
1171,2026-08-13,TSLA,buy-first put-tail inventory,Pandar-direct inventory program; exact scanner geometry is partly mechanized,accumulate cheap far-OTM 1:1 put vertical inventory; usually about $5 wide and under $0.10; recycle and roll,IV/RR/put-skew gates; fixed 25-45% OTM band; complete-at-entry rule; universal 3x/5x exits,,early_put_backfill_2026-08-11_to_2026-08-21,49.175714285714285,339.37,6.445643309704541,-11.110820084339556,5.11,32.142857142857146,59.92063492063492,21.428571428571427,86.9047619047619,83.73015873015873,2146714.85,5798015,12502126347.66,True,,put,2026-09-18,37.0,BTO,235.0,0.9918764101552788,0.27,0.29,461.0,112.0,STO,230.0,0.26,0.28,1663.0,27.0,5.0,0.0299999999999999,,30.754044258478952,,,,,0.967731,37.5328,2.14718,36.6695,37.5328,43.006,0.00723967,48.9361,44.6197,38.859300000000005,37.23,41.0588,40.6179,-1.6293000000000006,1.326500000000003,7.0869,12.266599999999997,4.389299999999999,4.3163999999999945,2.380952380952381,2.380952380952381,372.3751999999999,406.604,-8.863425920952828,False,False,False,-23.71650782233411,-25.990727281718065,2026-08-13,327.51,1340357899.0,0.72397,38173266,Automobile Manufacturing,0000-00-00,XLY,C. Cyclical,10,2,96.7731,9,1.59,0.9,9.52,True,True,8.852459016393443,,False,False,False,other,False,False,15.218253968253968,32.87698412698413,305,265,,False,-0.3027999999999977,,,,30.754044258478952,0.9918764101552788,-0.008123589844721,,32.22736246574536,0.9943486253739404,-0.0056513746260596,ORATS call delta minus one; put approximation,,,,,,,,,1.7459557415210476,signal-day weeks-to-earnings estimate; not a selection veto,new qualification; not in original frozen P&L cohort,,,,
1198,2026-08-14,AMZN,buy-first put-tail inventory,Pandar-direct inventory program; exact scanner geometry is partly mechanized,accumulate cheap far-OTM 1:1 put vertical inventory; usually about $5 wide and under $0.10; recycle and roll,IV/RR/put-skew gates; fixed 25-45% OTM band; complete-at-entry rule; universal 3x/5x exits,,early_put_backfill_2026-08-11_to_2026-08-21,35.7884126984127,263.3,-3.97520058351567,-7.662633701560573,26.91,7.142857142857143,87.3015873015873,4.365079365079365,75.0,27.77777777777778,832937.05,4943612,12790883996.6,True,,put,2026-09-18,36.0,BTO,190.0,0.99988879392439,0.09,0.11,15274.0,376.0,STO,185.0,0.08,0.1,6220.0,8.0,5.0,0.03,,27.83896695784277,,,,,0.975604,26.6992,3.80178,24.0322,26.6992,32.5603,0.0102301,26.8085,29.355199999999996,26.9533,27.1028,28.195500000000003,32.5338,0.1494999999999962,0.2541000000000011,2.6559999999999953,2.7763000000000027,4.163300000000003,-2.546699999999994,3.1746031746031744,7.5396825396825395,248.2504,237.763,6.06226616351877,False,True,True,-1.7170586039566893,-3.066290291467977,2026-08-14,265.13,2831594499.0,1.02301,48243820,E-commerce & Internet Retail,0000-00-00,XLY,C. Cyclical,5,21,97.5604,10,19.84,0.0,4.76,True,True,33.77049180327869,,False,False,False,,False,False,11.349206349206348,23.88888888888889,305,264,,False,0.4035999999999973,,,,27.83896695784277,0.99988879392439,-0.0001112060756098,,29.73794151158374,0.9999679614194396,-3.203858056033404e-05,ORATS call delta minus one; put approximation,,,,,,,,,4.661033042157229,signal-day weeks-to-earnings estimate; not a selection veto,new qualification; not in original frozen P&L cohort,,,,
1205,2026-08-14,BA,buy-first put-tail inventory,Pandar-direct inventory program; exact scanner geometry is partly mechanized,accumulate cheap far-OTM 1:1 put vertical inventory; usually about $5 wide and under $0.10; recycle and roll,IV/RR/put-skew gates; fixed 25-45% OTM band; complete-at-entry rule; universal 3x/5x exits,,early_put_backfill_2026-08-11_to_2026-08-21,32.25666666666667,231.44,-1.7323369565217406,-3.891034425480666,29.41,9.126984126984128,87.6984126984127,7.5396825396825395,31.746031746031747,29.761904761904763,66115.3,836655,1400340755.95,True,,put,2026-09-18,36.0,BTO,170.0,0.9986556342514638,0.05,0.09,2333.0,1384.0,STO,165.0,0.05,0.08,1338.0,0.0,5.0,0.0399999999999999,,26.546837193225027,,,,,0.927581,27.0212,2.70279,26.7515,27.0212,31.590200000000003,0.0228524,27.857100000000003,28.5044,27.4278,27.7813,29.6943,30.7993,0.3534999999999968,0.4066000000000009,1.4832,1.1056000000000026,2.942800000000002,-0.6472999999999978,2.7777777777777777,10.317460317460318,221.43040000000005,219.30355,4.520427186149667,False,True,True,0.4862799583188693,-0.8629517291924182,2026-08-14,230.33,182923237.0,2.28524,6079715,Aerospace & Defense Manufacturing,0000-00-00,XLI,Industrials,5,23,92.7581,10,23.02,0.0,4.76,True,True,38.36065573770492,,False,False,False,,False,False,11.52777777777778,19.66269841269841,305,264,,False,0.7600999999999978,,,,26.546837193225027,0.9986556342514638,-0.0013443657485362,,28.707224334600756,0.9994853539470518,-0.0005146460529481,ORATS call delta minus one; put approximation,,,,,,,,,5.953162806774973,signal-day weeks-to-earnings estimate; not a selection veto,new qualification; not in original frozen P&L cohort,,,,
1222,2026-08-14,CRCL,buy-first put-tail inventory,Pandar-direct inventory program; exact scanner geometry is partly mechanized,accumulate cheap far-OTM 1:1 put vertical inventory; usually about $5 wide and under $0.10; recycle and roll,IV/RR/put-skew gates; fixed 25-45% OTM band; complete-at-entry rule; universal 3x/5x exits,,early_put_backfill_2026-08-11_to_2026-08-21,22.95857142857143,72.25,7.100504002371788,-4.582673005810878,33.47,22.22222222222222,76.19047619047619,20.634920634920636,58.333333333333336,25.0,76309.9,818372,860296336.3399999,True,,put,2026-09-18,36.0,BTO,40.0,0.9944231522138784,0.07,0.11,1893.0,314.0,STO,35.0,0.01,0.05,6923.0,5.0,5.0,0.1,,44.63667820069204,,,,,0.859194,74.4685,1.81969,72.3277,74.4685,80.4198,0.0792245,87.0167,90.6087,78.2011,72.095,72.0665,74.934,-6.106099999999998,3.732599999999991,16.140199999999993,14.689000000000007,-0.2611999999999881,-3.5919999999999987,5.9523809523809526,13.88888888888889,69.8732,86.44710000000003,3.4015903093031374,False,False,True,-40.822344172331896,-42.17157585984318,2026-08-14,75.38,17959618.0,7.92245,11412793,Investment Banking & Brokerage,0000-00-00,XLK,Technology,5,27,85.9194,12,27.38,0.0,4.76,True,True,1.3114754098360657,,False,False,False,,False,False,13.412698412698411,22.083333333333336,305,264,,False,-2.373500000000007,,,,44.63667820069204,0.9944231522138784,-0.0055768477861215,,51.55709342560554,0.9989684541368512,-0.0010315458631489,ORATS call delta minus one; put approximation,,,,,,,,,12.13667820069204,signal-day weeks-to-earnings estimate; not a selection veto,new qualification; not in original frozen P&L cohort,,,,
1225,2026-08-14,CRWV,buy-first put-tail inventory,Pandar-direct inventory program; exact scanner geometry is partly mechanized,accumulate cheap far-OTM 1:1 put vertical inventory; usually about $5 wide and under $0.10; recycle and roll,IV/RR/put-skew gates; fixed 25-45% OTM band; complete-at-entry rule; universal 3x/5x exits,,early_put_backfill_2026-08-11_to_2026-08-21,46.73761904761904,105.52,17.361806250695146,-2.323428677219297,17.31,3.968253968253968,87.3015873015873,0.7936507936507936,73.41269841269842,48.80952380952381,232974.4,2344653,3352046684.5800004,True,,put,2026-09-18,36.0,BTO,60.0,0.9891456741164278,0.1,0.15,9268.0,248.0,STO,55.0,0.05,0.1,3893.0,34.0,5.0,0.0999999999999999,,43.13874147081121,,,,,0.97471,75.0506,2.37766,75.2676,75.0506,80.0124,0.0585745,83.2354,80.46379999999999,76.3307,74.2123,79.0906,78.6462,-2.118399999999994,1.2800999999999902,5.413199999999989,7.967799999999997,3.8229999999999937,2.7716000000000065,2.7777777777777777,5.555555555555555,90.69420000000002,92.9625,16.347021088448834,False,True,True,-7.341060765718299,-8.690292453229587,2026-08-14,106.29,58198142.0,5.85745,31536802,Infrastructure Software,0000-00-00,XLK,Technology,5,6,97.471,12,6.35,0.0,4.76,True,True,26.557377049180324,,False,False,False,,False,False,11.031746031746032,24.78174603174603,305,264,,False,-0.8383000000000038,,,,43.13874147081121,0.9891456741164278,-0.0108543258835721,,47.877179681576955,0.9956274474821234,-0.0043725525178766,ORATS call delta minus one; put approximation,,,,,,,,,10.638741470811212,signal-day weeks-to-earnings estimate; not a selection veto,new qualification; not in original frozen P&L cohort,,,,
1237,2026-08-14,GM,buy-first put-tail inventory,Pandar-direct inventory program; exact scanner geometry is partly mechanized,accumulate cheap far-OTM 1:1 put vertical inventory; usually about $5 wide and under $0.10; recycle and roll,IV/RR/put-skew gates; fixed 25-45% OTM band; complete-at-entry rule; universal 3x/5x exits,,early_put_backfill_2026-08-11_to_2026-08-21,31.79269841269841,86.9,-0.934792521659822,-3.508771929824561,31.62,3.1746031746031744,90.07936507936508,4.761904761904762,63.492063492063494,39.285714285714285,22970.0,341173,605729013.96,True,,put,2026-09-18,36.0,BTO,62.5,0.9964554398239924,0.01,0.03,662.0,1.0,STO,57.5,0.01,0.06,696.0,77.0,5.0,0.0199999999999999,,28.07825086306099,,,,,0.848065,28.6221,2.57442,27.5083,28.6221,32.0868,0.0333404,30.2081,31.4678,28.8909,29.587000000000003,29.6334,37.5638,0.6961000000000013,0.2688000000000023,2.845700000000001,2.699799999999996,2.125099999999996,-1.2597000000000025,3.968253968253968,18.650793650793652,81.83060000000002,78.64314999999999,6.1949930710516465,True,True,True,11.682303045881005,10.333071358369716,2026-08-14,86.39,78596839.0,3.33404,7011564,Automobile Manufacturing,0000-00-00,XLY,C. Cyclical,5,35,84.8065,9,35.32,0.0,4.76,True,True,64.59016393442623,,True,False,False,,False,False,20.813492063492063,23.313492063492063,305,264,,False,0.9649000000000036,,,,28.07825086306099,0.9964554398239924,-0.0035445601760074,,33.83199079401612,0.9978527878073568,-0.0021472121926431,ORATS call delta minus one; put approximation,,,,,,,,,4.421749136939006,signal-day weeks-to-earnings estimate; not a selection veto,new qualification; not in original frozen P&L cohort,,,,
1238,2026-08-14,GOOG,buy-first put-tail inventory,Pandar-direct inventory program; exact scanner geometry is partly mechanized,accumulate cheap far-OTM 1:1 put vertical inventory; usually about $5 wide and under $0.10; recycle and roll,IV/RR/put-skew gates; fixed 25-45% OTM band; complete-at-entry rule; universal 3x/5x exits,,early_put_backfill_2026-08-11_to_2026-08-21,51.57698412698413,342.71,-3.2330020329794595,-9.187026339498647,12.55,3.5714285714285716,85.31746031746032,0.7936507936507936,64.68253968253968,30.15873015873016,214494.75,1922554,7284998986.98,True,,put,2026-09-18,36.0,BTO,195.0,0.999365783858992,0.01,0.02,337.0,7.0,STO,190.0,0.01,0.03,1258.0,6.0,5.0,0.01,,43.1005806658691,,,,,0.983018,26.4078,3.06106,25.0711,26.4078,31.4681,0.0107796,28.0633,29.7674,26.7883,26.4922,28.2013,30.3803,-0.2960999999999991,0.3805000000000014,3.3596000000000004,2.9922000000000004,3.1301999999999985,-1.7040999999999968,3.5714285714285716,5.555555555555555,352.3459999999999,330.40835,-2.73481180430597,False,True,False,-13.620667926906115,-14.969899614417404,2026-08-14,343.94,4191320966.0,1.07796,21181017,Internet Content & Media,0000-00-00,XLC,Comm,5,9,98.3018,10,9.13,0.0,4.76,True,True,18.0327868852459,,False,False,False,,False,False,11.091269841269842,22.97619047619047,305,264,,False,0.0844000000000022,,,,43.1005806658691,0.999365783858992,-0.000634216141008,,44.55954013597502,0.9993658397419608,-0.0006341602580391,ORATS call delta minus one; put approximation,,,,,,,,,10.600580665869105,signal-day weeks-to-earnings estimate; not a selection veto,new qualification; not in original frozen P&L cohort,,,,
1239,2026-08-14,GOOGL,buy-first put-tail inventory,Pandar-direct inventory program; exact scanner geometry is partly mechanized,accumulate cheap far-OTM 1:1 put vertical inventory; usually about $5 wide and under $0.10; recycle and roll,IV/RR/put-skew gates; fixed 25-45% OTM band; complete-at-entry rule; universal 3x/5x exits,,early_put_backfill_2026-08-11_to_2026-08-21,49.41460317460318,344.94,-2.8119012735264293,-9.223926945445935,13.76,5.9523809523809526,83.33333333333333,3.1746031746031744,36.111111111111114,21.825396825396822,529017.8,3550684,11130287259.0,True,,put,2026-09-18,36.0,BTO,235.0,0.9990483497140968,0.05,0.09,1185.0,2.0,STO,230.0,0.05,0.07,3481.0,11.0,5.0,0.0399999999999999,,31.872209659650952,,,,,0.984955,26.5294,2.884,24.4082,26.5294,31.725199999999997,0.00938621,25.972800000000003,30.0247,26.9184,26.7433,26.3056,31.3927,-0.1751000000000004,0.3889999999999993,3.4953000000000003,1.5646000000000022,1.897400000000001,-4.051899999999996,1.1904761904761905,3.5714285714285716,353.9766,331.30199999999996,-2.5528806141422944,False,True,False,-13.915647616670825,-15.26487930418211,2026-08-14,346.36,4218593721.0,0.93862,32135025,Internet Content & Media,0000-00-00,XLC,Comm,5,8,98.4955,10,7.54,0.0,4.76,True,True,17.704918032786885,,False,False,False,,False,False,11.428571428571429,19.702380952380953,305,264,,False,0.2138999999999988,,,,31.872209659650952,0.9990483497140968,-0.0009516502859031,,33.321737113700934,0.9992111520875074,-0.0007888479124925,ORATS call delta minus one; put approximation,,,,,,,,,0.6277903403490477,signal-day weeks-to-earnings estimate; not a selection veto,new qualification; not in original frozen P&L cohort,,,,
1263,2026-08-14,NVDA,buy-first put-tail inventory,Pandar-direct inventory program; exact scanner geometry is partly mechanized,accumulate cheap far-OTM 1:1 put vertical inventory; usually about $5 wide and under $0.10; recycle and roll,IV/RR/put-skew gates; fixed 25-45% OTM band; complete-at-entry rule; universal 3x/5x exits,,early_put_backfill_2026-08-11_to_2026-08-21,61.58730158730158,225.08,0.9780170480035988,-0.2614437009792913,0.0,9.92063492063492,84.52380952380952,7.142857142857143,81.74603174603175,3.1746031746031744,3413496.0,14785160,27736787764.5,True,,put,2026-09-18,36.0,BTO,125.0,0.9989026694472418,0.08,0.09,26592.0,30.0,STO,120.0,0.07,0.08,38247.0,2025.0,5.0,0.0199999999999999,,44.46419051004088,,,,,0.984709,30.417499999999997,3.07432,28.5696,38.1261,38.8627,0.0056476,32.104,40.7319,30.0809,31.3396,33.7639,44.6784,1.258700000000001,-0.3365999999999971,2.605799999999995,3.534399999999998,5.194299999999998,-8.627899999999997,0.3968253968253968,2.380952380952381,206.4634,194.92965,9.01690081631903,False,True,True,-4.298652153577953,-5.64788384108924,2026-08-14,225.3,5451662680.0,0.56476,123110465,Semiconductors,0000-00-00,XLK,Technology,5,0,98.4709,1,0.4,0.0,4.76,True,True,28.852459016393446,,False,False,False,,True,False,11.765873015873016,-6.666666666666668,305,264,,True,0.922100000000004,,,,44.46419051004088,0.9989026694472418,-0.0010973305527581,,46.68562288963925,0.998903426522986,-0.0010965734770138,ORATS call delta minus one; put approximation,,,,,,,,,11.96419051004088,signal-day weeks-to-earnings estimate; not a selection veto,new qualification; not in original frozen P&L cohort,,,,
1272,2026-08-14,PLTR,buy-first put-tail inventory,Pandar-direct inventory program; exact scanner geometry is partly mechanized,accumulate cheap far-OTM 1:1 put vertical inventory; usually about $5 wide and under $0.10; recycle and roll,IV/RR/put-skew gates; fixed 25-45% OTM band; complete-at-entry rule; universal 3x/5x exits,,early_put_backfill_2026-08-11_to_2026-08-21,51.72079365079365,174.56,2.004324197978158,-2.9467363504948385,6.93,21.428571428571427,59.523809523809526,10.317460317460318,55.95238095238095,51.58730158730159,590832.05,3959594,8243018468.099999,True,,put,2026-09-18,36.0,BTO,105.0,0.9998532142739252,0.19,0.22,8474.0,44.0,STO,100.0,0.17,0.19,13025.0,2866.0,5.0,0.0499999999999999,,39.848762603116406,,,,,0.986155,42.9696,4.0,41.627199999999995,42.9696,51.592400000000005,0.0101921,45.6493,46.117799999999995,42.5663,43.9501,51.1442,50.1099,1.3838000000000008,-0.4033000000000015,3.1481999999999957,4.022100000000002,9.517000000000005,-0.4684999999999988,13.492063492063492,3.968253968253968,135.0366,152.05790000000002,29.268657534327748,True,True,True,30.717388048524796,29.368156361013508,2026-08-14,179.01,418447745.0,1.01921,46047810,Infrastructure Software,0000-00-00,XLK,Technology,5,3,98.6155,11,3.17,0.0,4.76,True,True,86.88524590163934,,False,False,False,,False,False,14.166666666666666,23.174603174603178,305,264,,False,0.9804999999999992,,,,39.848762603116406,0.9998532142739252,-0.0001467857260748,,42.71310724106324,0.9999631106007444,-3.688939925572399e-05,ORATS call delta minus one; put approximation,,,,,,,,,7.348762603116405,signal-day weeks-to-earnings estimate; not a selection veto,new qualification; not in original frozen P&L cohort,,,,
1273,2026-08-14,QBTS,buy-first put-tail inventory,Pandar-direct inventory program; exact scanner geometry is partly mechanized,accumulate cheap far-OTM 1:1 put vertical inventory; usually about $5 wide and under $0.10; recycle and roll,IV/RR/put-skew gates; fixed 25-45% OTM band; complete-at-entry rule; universal 3x/5x exits,,early_put_backfill_2026-08-11_to_2026-08-21,52.392857142857146,21.27,3.102278235579248,-2.29673863114378,4.75,23.015873015873016,71.42857142857143,16.26984126984127,23.015873015873016,32.93650793650794,38543.2,583365,390657721.2999999,True,,put,2026-09-18,36.0,BTO,12.0,0.983242782125752,0.01,0.04,350.0,6.0,STO,9.0,0.01,0.03,1242.0,2.0,3.0,0.03,,43.58251057827927,,,,,0.862759,79.21390000000001,2.47042,76.5209,79.21390000000001,86.394,0.0736953,87.6183,90.7663,83.5692,76.581,77.0025,78.7049,-6.988199999999992,4.3552999999999855,11.552399999999992,11.097400000000007,0.4816000000000002,-3.147999999999996,8.333333333333334,3.1746031746031744,21.1506,22.3779,0.5645229922555339,False,False,True,-4.49034575662326,-5.839577444134547,2026-08-14,20.9,7921797.0,7.36953,18691757,Computer Hardware Manufacturing,0000-00-00,XLK,Technology,14,3,86.2759,11,3.57,2.2,14.29,True,True,28.196721311475407,,False,False,False,,False,False,13.73015873015873,18.948412698412696,305,264,,False,-2.6329000000000065,,,,43.58251057827927,0.983242782125752,-0.0167572178742478,,57.68688293370945,0.9992305303020274,-0.0007694696979726,ORATS call delta minus one; put approximation,,,,,,,,,11.082510578279267,signal-day weeks-to-earnings estimate; not a selection veto,new qualification; not in original frozen P&L cohort,,,,
1283,2026-08-14,SBUX,buy-first put-tail inventory,Pandar-direct inventory program; exact scanner geometry is partly mechanized,accumulate cheap far-OTM 1:1 put vertical inventory; usually about $5 wide and under $0.10; recycle and roll,IV/RR/put-skew gates; fixed 25-45% OTM band; complete-at-entry rule; universal 3x/5x exits,,early_put_backfill_2026-08-11_to_2026-08-21,60.63492063492064,107.72,1.3453758585003197,-1.174311926605509,0.0,13.492063492063492,62.698412698412696,8.333333333333334,72.22222222222223,41.26984126984127,23994.2,487574,845875332.25,True,,put,2026-09-18,36.0,BTO,80.0,0.9995866504862984,0.01,0.07,5425.0,0.0,STO,75.0,0.01,0.05,2896.0,0.0,5.0,0.06,,25.73338284441143,,,,,0.909134,23.674899999999997,3.84983,23.2647,23.674899999999997,28.2414,0.0283056,26.3372,26.2393,23.2927,24.6079,26.0921,28.782200000000003,1.3152000000000008,-0.3821999999999974,2.5644000000000027,3.0725000000000016,2.8274000000000044,0.0978999999999992,8.73015873015873,2.380952380952381,103.51940000000002,95.98695,4.057790134023165,True,True,True,0.7576466186512087,-0.5915850688600788,2026-08-14,108.55,122800800.0,2.83056,7792495,Restaurants,0000-00-00,XLY,C. Cyclical,5,0,90.9134,10,0.4,0.0,4.76,True,True,39.34426229508197,,False,False,False,,False,False,13.214285714285714,24.285714285714285,305,264,,False,0.9330000000000034,,,,25.73338284441143,0.9995866504862984,-0.0004133495137015,,30.37504641663572,0.9999755881985662,-2.4411801433754657e-05,ORATS call delta minus one; put approximation,,,,,,,,,6.766617155588566,signal-day weeks-to-earnings estimate; not a selection veto,new qualification; not in original frozen P&L cohort,,,,
1296,2026-08-14,TSLA,buy-first put-tail inventory,Pandar-direct inventory program; exact scanner geometry is partly mechanized,accumulate cheap far-OTM 1:1 put vertical inventory; usually about $5 wide and under $0.10; recycle and roll,IV/RR/put-skew gates; fixed 25-45% OTM band; complete-at-entry rule; universal 3x/5x exits,,early_put_backfill_2026-08-11_to_2026-08-21,44.78380952380952,341.62,4.3496853809029234,-9.562132683856618,9.74,27.77777777777778,67.46031746031746,24.603174603174605,63.888888888888886,35.317460317460316,2235426.3,5966246,13026873186.36,True,,put,2026-09-18,36.0,BTO,200.0,0.99978965076156,0.14,0.17,7494.0,148.0,STO,195.0,0.13,0.2,681.0,2.0,5.0,0.04,,41.45541830103624,,,,,0.984957,38.2943,2.20111,35.6557,38.2943,43.6617,0.00526759,43.9579,47.2407,39.9824,38.1031,37.9771,41.9449,-1.8793000000000009,1.6880999999999986,8.946400000000004,8.3022,2.321399999999997,-3.2828000000000017,0.0,0.3968253968253968,370.7492,406.06385,-7.856847701896585,False,False,False,-22.992651368288175,-24.341883055799464,2026-08-14,339.96,1349244381.0,0.52676,38318841,Automobile Manufacturing,0000-00-00,XLY,C. Cyclical,19,4,98.4957,9,4.37,12.59,19.05,True,True,10.491803278688524,,False,False,False,,False,False,14.404761904761903,23.154761904761905,305,264,,False,-0.191200000000002,,,,41.45541830103624,0.99978965076156,-0.00021034923844,,42.91903284351033,0.9998873160701108,-0.000112683929889,ORATS call delta minus one; put approximation,,,,,,,,,8.95541830103624,signal-day weeks-to-earnings estimate; not a selection veto,new qualification; not in original frozen P&L cohort,,,,
1325,2026-08-17,AMZN,buy-first put-tail inventory,Pandar-direct inventory program; exact scanner geometry is partly mechanized,accumulate cheap far-OTM 1:1 put vertical inventory; usually about $5 wide and under $0.10; recycle and roll,IV/RR/put-skew gates; fixed 25-45% OTM band; complete-at-entry rule; universal 3x/5x exits,,early_put_backfill_2026-08-11_to_2026-08-21,32.315238095238094,260.29,-6.181516724336788,-8.71821848150095,30.78,3.968253968253968,96.42857142857144,5.555555555555555,76.58730158730158,49.20634920634921,846640.05,4827664,12445138121.099998,True,,put,2026-09-18,33.0,BTO,175.0,0.9998905257881736,0.05,0.07,11876.0,4.0,STO,170.0,0.05,0.06,10267.0,0.0,5.0,0.02,,32.7672980137539,,,,,0.949806,27.9381,4.0,27.7654,27.9381,33.3335,0.0111111,30.7948,30.781599999999997,28.5703,28.3968,33.2017,34.4044,-0.1735000000000006,0.632200000000001,2.843499999999999,3.029399999999999,5.436300000000003,0.0132000000000012,17.063492063492063,24.603174603174605,248.3822,237.9179,4.794143863771239,False,True,True,-1.2069685353171211,-4.011022589371183,2026-08-17,262.65,2799224201.0,1.11111,47382974,E-commerce & Internet Retail,0000-00-00,XLY,C. Cyclical,10,22,94.9806,10,21.83,7.07,9.52,True,True,33.98692810457516,,False,False,False,,False,False,10.575396825396826,25.11904761904762,306,268,,False,0.4587000000000003,,,,32.7672980137539,0.9998905257881736,-0.0001094742118263,,34.68823235621807,0.9999639543042996,-3.604569570037075e-05,ORATS call delta minus one; put approximation,,,,,,,,,0.2672980137539014,signal-day weeks-to-earnings estimate; not a selection veto,new qualification; not in original frozen P&L cohort,,,,
1341,2026-08-17,CRWV,buy-first put-tail inventory,Pandar-direct inventory program; exact scanner geometry is partly mechanized,accumulate cheap far-OTM 1:1 put vertical inventory; usually about $5 wide and under $0.10; recycle and roll,IV/RR/put-skew gates; fixed 25-45% OTM band; complete-at-entry rule; universal 3x/5x exits,,early_put_backfill_2026-08-11_to_2026-08-21,40.881587301587295,106.14,19.365721997300938,-1.7495140238822593,21.42,7.936507936507937,88.0952380952381,5.555555555555555,67.46031746031746,63.888888888888886,237227.4,2128432,3361872298.7000003,True,,put,2026-09-18,33.0,BTO,60.0,0.9906598090701642,0.1,0.14,9455.0,296.0,STO,55.0,0.04,0.08,3887.0,343.0,5.0,0.1,,43.47088750706614,,,,,0.974918,78.3655,2.99097,84.40950000000001,78.3655,81.32629999999999,0.0599063,91.2928,85.42450000000001,79.7105,78.6009,88.0926,82.8133,-1.1096000000000004,1.3449999999999989,7.059000000000012,6.883299999999991,3.683099999999996,5.868299999999991,2.7777777777777777,22.22222222222222,90.66000000000004,92.8168,17.074784910655172,False,True,True,-1.5216181109667826,-4.325672165020844,2026-08-17,105.26,58540095.0,5.99063,31938745,Infrastructure Software,0000-00-00,XLK,Technology,19,10,97.4918,12,9.52,6.34,19.05,True,True,33.006535947712415,,False,False,False,,False,False,11.38888888888889,24.94047619047619,306,268,,False,0.2353999999999985,,,,43.47088750706614,0.9906598090701642,-0.0093401909298358,,48.18164688147729,0.9963723332539304,-0.0036276667460697,ORATS call delta minus one; put approximation,,,,,,,,,10.970887507066138,signal-day weeks-to-earnings estimate; not a selection veto,new qualification; not in original frozen P&L cohort,,,,
1351,2026-08-17,GOOG,buy-first put-tail inventory,Pandar-direct inventory program; exact scanner geometry is partly mechanized,accumulate cheap far-OTM 1:1 put vertical inventory; usually about $5 wide and under $0.10; recycle and roll,IV/RR/put-skew gates; fixed 25-45% OTM band; complete-at-entry rule; universal 3x/5x exits,,early_put_backfill_2026-08-11_to_2026-08-21,44.71174603174603,341.18,-3.63507979098997,-9.592453230165876,16.32,11.904761904761903,77.38095238095238,7.936507936507937,86.9047619047619,63.888888888888886,215784.8,1823325,7069991362.8,True,,put,2026-10-16,61.0,BTO,210.0,0.9990104027299732,0.06,0.1,520.0,4.0,STO,205.0,0.05,0.1,96.0,7.0,5.0,0.05,,38.44891259745589,,,,,0.989507,27.223999999999997,3.26985,28.0516,27.223999999999997,31.6591,0.01221,32.334,30.8098,27.4101,27.724,32.7434,31.940800000000003,0.3139000000000003,0.1861000000000032,3.5858000000000025,4.282400000000003,4.691800000000001,1.524200000000004,12.301587301587302,17.063492063492063,351.7942,330.7717,-3.017161738311769,False,True,False,-13.212250712250706,-16.016304766304767,2026-08-17,343.54,4172609166.0,1.221,20579820,Internet Content & Media,0000-00-00,XLC,Comm,10,11,98.9507,10,11.51,6.55,9.52,True,True,16.99346405228758,,False,False,False,,False,False,12.321428571428571,26.884920634920633,306,268,,False,0.5000000000000036,,,,38.44891259745589,0.9990104027299732,-0.0009895972700266,,39.914414678468844,0.9991728784047378,-0.0008271215952622,ORATS call delta minus one; put approximation,,,,,,,,,5.948912597455887,signal-day weeks-to-earnings estimate; not a selection veto,new qualification; not in original frozen P&L cohort,,,,
1352,2026-08-17,GOOGL,buy-first put-tail inventory,Pandar-direct inventory program; exact scanner geometry is partly mechanized,accumulate cheap far-OTM 1:1 put vertical inventory; usually about $5 wide and under $0.10; recycle and roll,IV/RR/put-skew gates; fixed 25-45% OTM band; complete-at-entry rule; universal 3x/5x exits,,early_put_backfill_2026-08-11_to_2026-08-21,38.79333333333334,343.58,-3.3530239099859416,-9.58183110081845,19.54,24.603174603174605,53.96825396825397,8.73015873015873,71.42857142857143,38.492063492063494,520610.2,3443036,10732345837.2,True,,put,2026-09-18,33.0,BTO,255.0,0.9981435507425284,0.09,0.11,2065.0,23.0,STO,250.0,0.08,0.1,6254.0,16.0,5.0,0.03,,25.781477385179578,,,,,0.978684,27.589,3.28197,27.1088,27.589,32.3318,0.0142185,30.320000000000004,31.126900000000003,27.454099999999997,28.1443,30.0829,32.0187,0.6902000000000044,-0.1349000000000053,3.5379000000000005,3.211200000000005,2.9741000000000035,-0.8068999999999988,4.365079365079365,10.714285714285714,353.4088,331.6813,-2.7811418391392673,False,True,False,-13.418844341405643,-16.22289839545971,2026-08-17,345.9,4201961009.0,1.42185,31027308,Internet Content & Media,0000-00-00,XLC,Comm,10,12,97.8684,10,11.51,9.53,9.52,True,True,16.666666666666664,,False,False,False,,False,False,14.761904761904765,24.067460317460316,306,268,,False,0.555299999999999,,,,25.781477385179578,0.9981435507425284,-0.0018564492574715,,27.236742534489775,0.9987457695422934,-0.0012542304577065,ORATS call delta minus one; put approximation,,,,,,,,,6.718522614820426,signal-day weeks-to-earnings estimate; not a selection veto,new qualification; not in original frozen P&L cohort,,,,
1354,2026-08-17,HOOD,buy-first put-tail inventory,Pandar-direct inventory program; exact scanner geometry is partly mechanized,accumulate cheap far-OTM 1:1 put vertical inventory; usually about $5 wide and under $0.10; recycle and roll,IV/RR/put-skew gates; fixed 25-45% OTM band; complete-at-entry rule; universal 3x/5x exits,,early_put_backfill_2026-08-11_to_2026-08-21,35.00333333333334,96.14,1.7246852184954031,-9.574868322046648,28.33,4.365079365079365,91.26984126984128,3.968253968253968,83.33333333333333,76.58730158730158,177973.4,1695483,1742689496.0,True,,put,2026-09-18,33.0,BTO,55.0,0.9989571920502271,0.01,0.07,2431.0,14.0,STO,50.0,0.01,0.04,1378.0,9.0,5.0,0.06,,42.79176201372997,,,,,0.975038,57.5801,2.8231,60.154,57.5801,62.3282,0.0327388,69.81819999999999,64.1174,58.8386,57.1051,62.2958,60.1367,-1.7334999999999994,1.258499999999998,6.537300000000002,9.664199999999994,2.1418000000000035,5.700799999999987,0.7936507936507936,26.58730158730159,99.3078,97.04195,-3.189880351795127,True,False,False,24.09965147799149,21.29559742393743,2026-08-17,95.56,86437770.0,3.27388,18236600,Investment Banking & Brokerage,0000-00-00,XLF,Financials,10,17,97.5038,11,17.46,8.63,9.52,True,True,81.37254901960785,,False,False,False,,False,False,10.873015873015872,27.16269841269841,306,268,,False,-0.4750000000000014,,,,42.79176201372997,0.9989571920502271,-0.0010428079497728,,47.99251092157271,0.9998381074383944,-0.0001618925616057,ORATS call delta minus one; put approximation,,,,,,,,,10.291762013729972,signal-day weeks-to-earnings estimate; not a selection veto,new qualification; not in original frozen P&L cohort,,,,
1372,2026-08-17,NVDA,buy-first put-tail inventory,Pandar-direct inventory program; exact scanner geometry is partly mechanized,accumulate cheap far-OTM 1:1 put vertical inventory; usually about $5 wide and under $0.10; recycle and roll,IV/RR/put-skew gates; fixed 25-45% OTM band; complete-at-entry rule; universal 3x/5x exits,,early_put_backfill_2026-08-11_to_2026-08-21,58.76793650793651,225.56,3.0848681504501707,-0.0487437408605462,2.74,9.92063492063492,87.6984126984127,7.5396825396825395,76.98412698412699,48.41269841269841,3398725.65,14347065,27218770340.84,True,,put,2026-09-18,33.0,BTO,130.0,0.9985403867520132,0.08,0.09,29809.0,45.0,STO,125.0,0.07,0.08,25953.0,270.0,5.0,0.0199999999999999,,42.36566767157297,,,,,0.984093,30.791200000000003,3.03554,37.8658,38.4766,38.8562,0.00632434,40.9468,41.8605,30.5776,31.7592,45.3005,47.8691,1.1815999999999995,-0.2136000000000031,3.383900000000004,3.081000000000003,7.434699999999999,-0.9136999999999986,5.158730158730159,45.63492063492063,206.57879999999997,195.04895,9.18835814710901,False,True,True,-0.6518675123326267,-3.455921566386688,2026-08-17,225.16,5463288760.0,0.63243,120886349,Semiconductors,0000-00-00,XLK,Technology,10,1,98.4093,1,1.19,4.84,9.52,True,True,34.31372549019608,,False,False,False,,True,False,11.607142857142858,-4.88095238095238,306,268,,True,0.9679999999999964,,,,42.36566767157297,0.9985403867520132,-0.0014596132479868,,44.582372761127864,0.998757315300875,-0.001242684699125,ORATS call delta minus one; put approximation,,,,,,,,,9.865667671572972,signal-day weeks-to-earnings estimate; not a selection veto,new qualification; not in original frozen P&L cohort,,,,
1378,2026-08-17,PLTR,buy-first put-tail inventory,Pandar-direct inventory program; exact scanner geometry is partly mechanized,accumulate cheap far-OTM 1:1 put vertical inventory; usually about $5 wide and under $0.10; recycle and roll,IV/RR/put-skew gates; fixed 25-45% OTM band; complete-at-entry rule; universal 3x/5x exits,,early_put_backfill_2026-08-11_to_2026-08-21,52.00301587301587,172.81,-1.4260452911984522,-3.919715334148788,8.87,12.301587301587302,84.52380952380952,8.333333333333334,70.63492063492063,80.55555555555556,588393.15,3663299,7975062940.44,True,,put,2026-09-18,33.0,BTO,105.0,0.9990279629339448,0.19,0.21,8469.0,341.0,STO,100.0,0.16,0.19,14901.0,71.0,5.0,0.0499999999999999,,39.239627336381,,,,,0.98943,44.028099999999995,4.0,46.8651,44.028099999999995,52.3081,0.0131046,52.467299999999994,49.4079,44.3449,44.9002,58.1968,55.944300000000005,0.5553000000000026,0.3168000000000006,5.379800000000003,5.602199999999996,11.331700000000003,3.059399999999997,23.015873015873016,19.444444444444443,135.6502,151.97154999999998,27.39384092319803,True,True,True,28.789685497093444,25.98563144303938,2026-08-17,174.04,414252720.0,1.31046,45823161,Infrastructure Software,0000-00-00,XLK,Technology,10,6,98.943,11,5.16,2.83,9.52,True,True,85.29411764705883,,False,False,False,,False,False,12.003968253968257,26.09126984126984,306,268,,False,0.8721000000000032,,,,39.239627336381,0.9990279629339448,-0.000972037066055,,42.13297841560095,0.999643898999218,-0.0003561010007818,ORATS call delta minus one; put approximation,,,,,,,,,6.739627336380998,signal-day weeks-to-earnings estimate; not a selection veto,new qualification; not in original frozen P&L cohort,,,,
1392,2026-08-17,SEDG,buy-first put-tail inventory,Pandar-direct inventory program; exact scanner geometry is partly mechanized,accumulate cheap far-OTM 1:1 put vertical inventory; usually about $5 wide and under $0.10; recycle and roll,IV/RR/put-skew gates; fixed 25-45% OTM band; complete-at-entry rule; universal 3x/5x exits,,early_put_backfill_2026-08-11_to_2026-08-21,47.19238095238095,30.93,-5.29699938763012,-38.06567881457749,13.76,8.73015873015873,88.88888888888889,11.507936507936508,50.79365079365079,36.507936507936506,9778.6,234313,116095468.86,True,,put,2026-09-18,33.0,BTO,20.0,0.9684411980675356,0.08,0.11,9644.0,21.0,STO,15.0,0.01,0.07,41.0,0.0,5.0,0.1,,35.337859683155514,,,,,0.945968,80.122,2.6577,80.3145,80.122,89.5041,0.089404,86.6392,88.6249,82.9812,79.2119,79.04299999999999,81.7334,-3.769300000000001,2.8592000000000013,8.502899999999997,6.324700000000007,-1.2715000000000032,-1.9856999999999945,8.73015873015873,8.73015873015873,48.8328,42.4671,-36.66142428859291,False,False,False,-50.24931639054206,-53.053370444596126,2026-08-17,32.42,1902991.0,8.9404,3580983,Solar,0000-00-00,XLK,Technology,10,8,94.5968,11,7.94,4.19,9.52,True,True,0.6535947712418301,,False,False,False,,False,False,11.428571428571429,21.904761904761905,306,268,,False,-0.9101,,,,35.337859683155514,0.9684411980675356,-0.0315588019324644,,51.503394762366625,0.9985845637380676,-0.0014154362619325,ORATS call delta minus one; put approximation,,,,,,,,,2.8378596831555143,signal-day weeks-to-earnings estimate; not a selection veto,new qualification; not in original frozen P&L cohort,,,,
1428,2026-08-18,AMZN,buy-first put-tail inventory,Pandar-direct inventory program; exact scanner geometry is partly mechanized,accumulate cheap far-OTM 1:1 put vertical inventory; usually about $5 wide and under $0.10; recycle and roll,IV/RR/put-skew gates; fixed 25-45% OTM band; complete-at-entry rule; universal 3x/5x exits,,early_put_backfill_2026-08-11_to_2026-08-21,30.62460317460318,259.87,-4.907055035128794,-8.865509381027525,32.55,5.9523809523809526,86.9047619047619,3.1746031746031744,77.77777777777777,66.66666666666667,854754.4,4903770,12385414594.0,True,,put,2026-09-18,32.0,BTO,165.0,0.9999353504615602,0.03,0.06,7983.0,2.0,STO,160.0,0.04,0.11,15634.0,4.0,5.0,0.0199999999999999,,36.5067148959095,,,,,0.969157,28.2114,4.0,28.0976,28.2114,33.5344,0.0115471,31.2426,30.0708,28.4698,28.5738,33.5445,34.9979,0.1039999999999992,0.2584000000000017,1.8594000000000008,3.1449999999999996,5.446899999999999,1.171800000000001,17.46031746031746,25.0,248.6306,238.06865,4.520521609166361,False,True,True,-1.846955733494482,-3.7112879648759978,2026-08-18,261.31,2794707415.0,1.15471,47397400,E-commerce & Internet Retail,0000-00-00,XLY,C. Cyclical,14,23,96.9157,10,23.41,10.3,14.29,True,True,32.6797385620915,,False,False,False,,False,False,11.25,26.11111111111111,306,268,,False,0.3624000000000009,,,,36.5067148959095,0.9999353504615602,-6.464953843976495e-05,,38.43075383845769,0.999977491042826,-2.2508957173927868e-05,ORATS call delta minus one; put approximation,,,,,,,,,4.0067148959094965,signal-day weeks-to-earnings estimate; not a selection veto,new qualification; not in original frozen P&L cohort,,,,
1458,2026-08-18,GOOG,buy-first put-tail inventory,Pandar-direct inventory program; exact scanner geometry is partly mechanized,accumulate cheap far-OTM 1:1 put vertical inventory; usually about $5 wide and under $0.10; recycle and roll,IV/RR/put-skew gates; fixed 25-45% OTM band; complete-at-entry rule; universal 3x/5x exits,,early_put_backfill_2026-08-11_to_2026-08-21,38.766507936507935,342.08,-0.3495688650664186,-9.353966823891046,19.17,19.444444444444443,73.41269841269842,15.873015873015872,75.0,61.904761904761905,214797.1,1859265,6873923210.7,True,,put,2026-09-18,32.0,BTO,235.0,0.999358075329407,0.03,0.08,1316.0,4.0,STO,230.0,0.04,0.08,1645.0,6.0,5.0,0.04,,31.30261927034611,,,,,0.989559,27.6651,3.50002,28.0782,27.6651,32.1737,0.00998046,31.577,30.2418,27.7657,28.3467,33.583400000000005,31.721300000000003,0.5810000000000031,0.1006,2.5767000000000024,3.4987999999999992,5.505200000000006,1.3351999999999968,23.80952380952381,17.857142857142858,351.3714,331.1082,-2.6443244953914924,False,True,False,-13.193087522521385,-15.0574197539029,2026-08-18,341.45,4183616107.0,0.99805,20131566,Internet Content & Media,0000-00-00,XLC,Comm,14,13,98.9559,10,13.1,11.5,14.29,True,True,17.647058823529413,,False,False,False,,False,False,13.273809523809522,25.595238095238095,306,268,,False,0.6816000000000031,,,,31.30261927034611,0.999358075329407,-0.0006419246705929,,32.76426566884939,0.9993624961982484,-0.0006375038017516,ORATS call delta minus one; put approximation,,,,,,,,,1.19738072965389,signal-day weeks-to-earnings estimate; not a selection veto,new qualification; not in original frozen P&L cohort,,,,
1459,2026-08-18,GOOGL,buy-first put-tail inventory,Pandar-direct inventory program; exact scanner geometry is partly mechanized,accumulate cheap far-OTM 1:1 put vertical inventory; usually about $5 wide and under $0.10; recycle and roll,IV/RR/put-skew gates; fixed 25-45% OTM band; complete-at-entry rule; universal 3x/5x exits,,early_put_backfill_2026-08-11_to_2026-08-21,40.35428571428571,344.33,0.127947890313762,-9.38445748572332,20.36,13.095238095238097,72.22222222222223,8.333333333333334,52.77777777777778,42.857142857142854,522043.35,3467829,10482939728.0,True,,put,2026-09-18,32.0,BTO,250.0,0.9992760390392004,0.09,0.11,6252.0,7.0,STO,245.0,0.08,0.1,2593.0,4.0,5.0,0.03,,27.395231318793012,,,,,0.983052,27.7592,3.38974,27.3382,27.7592,32.5177,0.0119159,29.7081,30.202800000000003,27.9264,28.2749,32.0822,32.002199999999995,0.3484999999999978,0.1672000000000011,2.4436000000000035,2.3698999999999977,4.744,-0.4947000000000052,18.253968253968253,13.095238095238097,352.978,332.03275,-2.450011048847245,False,True,False,-13.434899565075298,-15.299231796456814,2026-08-18,344.0,4211133460.0,1.19159,30473662,Internet Content & Media,0000-00-00,XLC,Comm,14,12,98.3052,10,11.51,10.89,14.29,True,True,16.666666666666664,,False,False,False,,False,False,12.6984126984127,22.42063492063492,306,268,,False,0.5156999999999989,,,,27.395231318793012,0.9992760390392004,-0.0007239609607995,,28.847326692417152,0.99933315461281,-0.00066684538719,ORATS call delta minus one; put approximation,,,,,,,,,5.104768681206988,signal-day weeks-to-earnings estimate; not a selection veto,new qualification; not in original frozen P&L cohort,,,,
1461,2026-08-18,HIMS,buy-first put-tail inventory,Pandar-direct inventory program; exact scanner geometry is partly mechanized,accumulate cheap far-OTM 1:1 put vertical inventory; usually about $5 wide and under $0.10; recycle and roll,IV/RR/put-skew gates; fixed 25-45% OTM band; complete-at-entry rule; universal 3x/5x exits,,early_put_backfill_2026-08-11_to_2026-08-21,45.16317460317461,27.63,-11.186113789778208,-15.34926470588236,9.44,28.174603174603178,68.25396825396825,23.80952380952381,64.28571428571429,65.47619047619048,93846.25,886886,429601637.46,True,,put,2026-09-18,32.0,BTO,20.0,0.9507877325346727,0.06,0.08,11827.0,25.0,STO,15.0,0.01,0.09,10698.0,4.0,5.0,0.07,,27.614911328266377,,,,,0.730948,65.9568,3.62926,66.5852,65.9568,77.3972,0.0978144,86.8346,83.32260000000001,70.4207,64.0854,64.9596,65.5457,-6.3352999999999895,4.463899999999995,17.365800000000007,20.24939999999999,-1.6256000000000057,3.5119999999999862,3.968253968253968,11.11111111111111,31.766000000000005,29.06515,-13.02021028772904,True,False,False,22.094564737074673,20.23023250569316,2026-08-18,28.61,6446450.0,9.78144,15015786,Specialty & Generic Pharmaceuticals,0000-00-00,XLV,Healthcare,5,8,73.0948,11,8.33,0.0,4.76,True,True,80.71895424836602,,False,False,False,,False,False,14.404761904761903,24.702380952380956,306,268,,False,-1.8713999999999944,,,,27.614911328266377,0.9507877325346727,-0.0492122674653272,,45.71118349619978,0.9987168105883332,-0.0012831894116669,ORATS call delta minus one; put approximation,,,,,,,,,4.885088671733623,signal-day weeks-to-earnings estimate; not a selection veto,new qualification; not in original frozen P&L cohort,,,,
1481,2026-08-18,NVDA,buy-first put-tail inventory,Pandar-direct inventory program; exact scanner geometry is partly mechanized,accumulate cheap far-OTM 1:1 put vertical inventory; usually about $5 wide and under $0.10; recycle and roll,IV/RR/put-skew gates; fixed 25-45% OTM band; complete-at-entry rule; universal 3x/5x exits,,early_put_backfill_2026-08-11_to_2026-08-21,55.20190476190476,219.37,0.8180523001976248,-2.7916869765586827,4.56,14.682539682539682,80.55555555555556,11.507936507936508,84.92063492063492,89.28571428571429,3382001.9,14515377,26658499644.55,True,,put,2026-09-18,32.0,BTO,125.0,0.99887314570551,0.07,0.08,25936.0,2.0,STO,120.0,0.06,0.07,39234.0,2720.0,5.0,0.02,,43.018644299585176,,,,,0.986051,31.4745,2.99035,43.6641,39.0451,38.888,0.00815931,47.6674,41.4626,30.9277,32.7812,52.886500000000005,47.3286,1.8534999999999968,-0.5467999999999975,2.417500000000004,4.003300000000003,9.222400000000007,6.204799999999999,16.26984126984127,77.38095238095238,206.8404,195.11115,6.057617370687729,False,True,True,-1.0465063827867715,-2.9108386141682874,2026-08-18,225.01,5313360770.0,0.81593,118476955,Semiconductors,0000-00-00,XLK,Technology,14,2,98.6051,1,1.59,8.05,14.29,True,True,34.64052287581699,,False,False,False,,True,False,12.44047619047619,-2.043650793650791,306,268,,True,1.3066999999999993,,,,43.018644299585176,0.99887314570551,-0.0011268542944899,,45.29789852760177,0.99887433196365,-0.0011256680363499,ORATS call delta minus one; put approximation,,,,,,,,,10.518644299585176,signal-day weeks-to-earnings estimate; not a selection veto,new qualification; not in original frozen P&L cohort,,,,
1487,2026-08-18,PLTR,buy-first put-tail inventory,Pandar-direct inventory program; exact scanner geometry is partly mechanized,accumulate cheap far-OTM 1:1 put vertical inventory; usually about $5 wide and under $0.10; recycle and roll,IV/RR/put-skew gates; fixed 25-45% OTM band; complete-at-entry rule; universal 3x/5x exits,,early_put_backfill_2026-08-11_to_2026-08-21,47.60841269841269,171.3,-2.382037839069973,-4.759257200044475,10.09,19.047619047619047,72.61904761904762,17.46031746031746,60.714285714285715,70.23809523809524,592343.3,3749914,7846506433.150001,True,,put,2026-09-18,32.0,BTO,110.0,0.9994128313101128,0.23,0.25,16704.0,46.0,STO,105.0,0.2,0.22,8433.0,95.0,5.0,0.0499999999999999,,35.78517221249271,,,,,0.988782,44.3324,4.0,45.9426,44.3324,52.5082,0.0118357,50.4962,48.7879,44.407999999999994,45.5882,56.8062,53.9251,1.1802000000000064,0.0755999999999943,4.455500000000001,4.553600000000003,10.863599999999998,1.7083000000000013,20.634920634920636,15.476190476190476,136.372,151.83985,25.612295779192195,True,True,True,27.114870881567256,25.25053865018574,2026-08-18,172.55,410633013.0,1.18357,45473813,Infrastructure Software,0000-00-00,XLK,Technology,14,6,98.8782,10,6.35,4.62,14.29,True,True,86.27450980392157,,False,False,False,,False,False,13.273809523809524,24.583333333333332,306,268,,False,1.2558000000000007,,,,35.78517221249271,0.9994128313101128,-0.0005871686898871,,38.704028021015766,0.999828818708938,-0.000171181291062,ORATS call delta minus one; put approximation,,,,,,,,,3.2851722124927107,signal-day weeks-to-earnings estimate; not a selection veto,new qualification; not in original frozen P&L cohort,,,,
1526,2026-08-19,AMZN,buy-first put-tail inventory,Pandar-direct inventory program; exact scanner geometry is partly mechanized,accumulate cheap far-OTM 1:1 put vertical inventory; usually about $5 wide and under $0.10; recycle and roll,IV/RR/put-skew gates; fixed 25-45% OTM band; complete-at-entry rule; universal 3x/5x exits,,early_put_backfill_2026-08-11_to_2026-08-21,25.556984126984126,265.42,-1.2537668812083846,-6.919165351569334,33.57,18.253968253968253,70.23809523809524,11.11111111111111,74.2063492063492,68.65079365079364,863311.85,4990502,12306215276.3,True,,put,2026-09-18,31.0,BTO,195.0,0.9998488645732152,0.12,0.14,8055.0,191.0,STO,190.0,0.09,0.15,15111.0,211.0,5.0,0.05,,26.531534925778026,,,,,0.980742,28.6687,3.86207,28.8318,28.6687,34.1541,0.013788,31.6154,30.187199999999997,28.5439,29.2914,34.2424,33.3979,0.7474999999999987,-0.1248000000000004,1.518499999999996,2.7835999999999963,5.410600000000002,1.4282000000000004,15.476190476190476,30.15873015873016,249.0352,238.27995,6.579310876534739,False,True,True,2.4906359810016543,0.4019561977111063,2026-08-19,259.45,2854393512.0,1.3788,47431934,E-commerce & Internet Retail,0000-00-00,XLY,C. Cyclical,24,28,98.0742,10,27.78,14.51,23.81,True,True,37.704918032786885,,True,False,False,,False,False,23.313492063492063,25.853174603174605,305,268,,False,0.6226999999999983,,,,26.531534925778026,0.9998488645732152,-0.0001511354267849,,28.415341722552945,0.99995423264628,-4.576735371986107e-05,ORATS call delta minus one; put approximation,,,,,,,,,5.968465074221978,signal-day weeks-to-earnings estimate; not a selection veto,new qualification; not in original frozen P&L cohort,,,,
1538,2026-08-19,CCJ,buy-first put-tail inventory,Pandar-direct inventory program; exact scanner geometry is partly mechanized,accumulate cheap far-OTM 1:1 put vertical inventory; usually about $5 wide and under $0.10; recycle and roll,IV/RR/put-skew gates; fixed 25-45% OTM band; complete-at-entry rule; universal 3x/5x exits,,early_put_backfill_2026-08-11_to_2026-08-21,39.82936507936508,98.01,-1.139802299778092,-1.139802299778092,15.25,26.58730158730159,67.46031746031746,23.015873015873016,24.20634920634921,44.44444444444444,21850.2,447238,309652000.02,True,,put,2026-09-18,31.0,BTO,70.0,0.9952784541407236,0.01,0.08,1237.0,12.0,STO,65.0,0.01,0.02,324.0,2.0,5.0,0.07,,28.57871645750434,,,,,0.927405,43.1768,1.62804,44.9534,43.1768,45.472,0.0480587,47.409099999999995,44.556,43.7757,43.3919,48.1229,45.4529,-0.3838000000000008,0.5989000000000004,1.3792000000000044,2.455699999999993,3.1694999999999993,2.85309999999999,21.03174603174603,10.317460317460318,96.1074,104.82845,1.9796602550896216,False,False,True,-5.3592120509849295,-7.447891834275477,2026-08-19,96.03,42686587.0,4.80587,3224534,Uranium,0000-00-00,XLE,Energy,14,8,92.7405,10,7.54,7.83,14.29,True,True,24.91803278688525,,False,False,False,,False,False,14.285714285714285,19.642857142857142,305,268,,False,0.2150999999999996,,,,28.57871645750434,0.9952784541407236,-0.0047215458592764,,33.680236710539745,0.999187298745026,-0.0008127012549741,ORATS call delta minus one; put approximation,,,,,,,,,3.9212835424956616,signal-day weeks-to-earnings estimate; not a selection veto,new qualification; not in original frozen P&L cohort,,,,
1554,2026-08-19,GOOG,buy-first put-tail inventory,Pandar-direct inventory program; exact scanner geometry is partly mechanized,accumulate cheap far-OTM 1:1 put vertical inventory; usually about $5 wide and under $0.10; recycle and roll,IV/RR/put-skew gates; fixed 25-45% OTM band; complete-at-entry rule; universal 3x/5x exits,,early_put_backfill_2026-08-11_to_2026-08-21,35.077460317460314,341.65,-0.4081037749599336,-9.467910329111252,25.24,17.063492063492063,67.46031746031746,6.349206349206349,68.25396825396825,47.61904761904762,207602.75,1874065,6887207183.039999,True,,put,2026-09-18,31.0,BTO,200.0,0.9993630112235384,0.01,0.05,1892.0,7.0,STO,195.0,0.01,0.07,359.0,13.0,5.0,0.04,,41.46055905166105,,,,,0.986662,28.2988,3.29541,28.8536,28.2988,32.8775,0.0124968,32.07,31.8316,28.2926,28.758,33.8071,33.528999999999996,0.4653999999999989,-0.0061999999999997,3.532799999999998,3.2164,4.953499999999998,0.2384000000000021,17.063492063492063,23.015873015873016,350.98800000000006,331.39805,-2.6604898173157143,False,True,False,-11.287390943082688,-13.376070726373236,2026-08-19,341.28,4178357235.0,1.24968,20180518,Internet Content & Media,0000-00-00,XLC,Comm,29,19,98.6662,10,18.25,22.04,28.57,True,True,18.688524590163937,,False,False,False,,False,False,13.333333333333332,24.20634920634921,305,268,,False,0.4591999999999991,,,,41.46055905166105,0.9993630112235384,-0.0006369887764615,,42.92404507536952,0.9993633883413277,-0.0006366116586723,ORATS call delta minus one; put approximation,,,,,,,,,8.96055905166105,signal-day weeks-to-earnings estimate; not a selection veto,new qualification; not in original frozen P&L cohort,,,,
1555,2026-08-19,GOOGL,buy-first put-tail inventory,Pandar-direct inventory program; exact scanner geometry is partly mechanized,accumulate cheap far-OTM 1:1 put vertical inventory; usually about $5 wide and under $0.10; recycle and roll,IV/RR/put-skew gates; fixed 25-45% OTM band; complete-at-entry rule; universal 3x/5x exits,,early_put_backfill_2026-08-11_to_2026-08-21,34.64507936507937,344.82,0.1335811360204442,-9.255506723861162,24.72,20.634920634920636,62.301587301587304,7.5396825396825395,65.87301587301587,61.507936507936506,521585.35,3515907,10398586272.8,True,,put,2026-09-18,31.0,BTO,235.0,0.9993659566597176,0.05,0.09,1237.0,51.0,STO,230.0,0.05,0.08,3482.0,60.0,5.0,0.0399999999999999,,31.84850066701467,,,,,0.982945,28.2876,3.24675,28.8933,28.2876,32.889,0.0116475,31.91,31.0737,28.2849,28.7926,34.425200000000004,32.239000000000004,0.5076999999999998,-0.0027000000000008,2.7860999999999976,3.0167,5.531900000000004,0.8363000000000014,29.365079365079364,22.22222222222222,352.60360000000003,332.34205000000003,-2.2074646997364833,False,True,False,-11.204388020498024,-13.293067803788572,2026-08-19,344.2,4217126128.0,1.16475,30210884,Internet Content & Media,0000-00-00,XLC,Comm,19,15,98.2945,10,15.48,18.07,19.05,True,True,19.01639344262295,,False,False,False,,False,False,13.948412698412698,24.662698412698415,305,268,,False,0.504999999999999,,,,31.84850066701467,0.9993659566597176,-0.0006340433402823,,33.298532567716485,0.9993684244842864,-0.0006315755157136,ORATS call delta minus one; put approximation,,,,,,,,,0.6514993329853311,signal-day weeks-to-earnings estimate; not a selection veto,new qualification; not in original frozen P&L cohort,,,,
1556,2026-08-19,HIMS,buy-first put-tail inventory,Pandar-direct inventory program; exact scanner geometry is partly mechanized,accumulate cheap far-OTM 1:1 put vertical inventory; usually about $5 wide and under $0.10; recycle and roll,IV/RR/put-skew gates; fixed 25-45% OTM band; complete-at-entry rule; universal 3x/5x exits,,early_put_backfill_2026-08-11_to_2026-08-21,35.81158730158731,30.98,2.786994027869949,-5.085784313725494,21.49,24.20634920634921,71.82539682539682,14.285714285714286,69.84126984126983,78.17460317460318,97412.45,904546,410720910.93,True,,put,2026-09-18,31.0,BTO,20.0,0.988935781574707,0.01,0.07,11833.0,32.0,STO,15.0,0.01,0.04,10700.0,8.0,5.0,0.06,,35.4422207876049,,,,,0.899054,73.6751,3.40278,76.7898,73.6751,80.4842,0.0539066,99.4127,89.5549,78.5221,71.1418,73.6754,71.0946,-7.380299999999991,4.846999999999994,15.879800000000005,22.6229,-3.1144000000000034,9.857799999999996,1.984126984126984,30.15873015873016,31.849000000000004,28.99895,-2.7285001098935724,True,True,False,37.68888888888888,35.60020910559834,2026-08-19,27.39,7228050.0,5.39066,14995287,Specialty & Generic Pharmaceuticals,0000-00-00,XLV,Healthcare,19,19,89.9054,11,19.44,19.86,19.05,True,True,91.14754098360656,,True,False,False,,False,False,23.82936507936508,25.892857142857142,305,268,,False,-2.533299999999997,,,,35.4422207876049,0.988935781574707,-0.011064218425293,,51.58166559070367,0.9999061095625708,-9.389043742913385e-05,ORATS call delta minus one; put approximation,,,,,,,,,2.942220787604903,signal-day weeks-to-earnings estimate; not a selection veto,new qualification; not in original frozen P&L cohort,,,,
1573,2026-08-19,NVDA,buy-first put-tail inventory,Pandar-direct inventory program; exact scanner geometry is partly mechanized,accumulate cheap far-OTM 1:1 put vertical inventory; usually about $5 wide and under $0.10; recycle and roll,IV/RR/put-skew gates; fixed 25-45% OTM band; complete-at-entry rule; universal 3x/5x exits,,early_put_backfill_2026-08-11_to_2026-08-21,53.69063492063492,218.49,-1.7006343636118193,-3.1816369034430747,6.23,15.07936507936508,77.77777777777777,10.317460317460318,80.95238095238095,92.46031746031746,3260315.55,14816214,26183264508.66,True,,put,2026-09-18,31.0,BTO,125.0,0.9988683811570478,0.07,0.08,25936.0,20.0,STO,120.0,0.06,0.07,38732.0,7.0,5.0,0.02,,42.789143667902415,,,,,0.985174,31.9719,2.95501,50.0232,39.4324,38.8506,0.00918911,53.5284,41.417,31.3588,33.219100000000005,54.4271,46.9768,1.8603000000000056,-0.6130999999999993,1.9846000000000004,3.505199999999995,4.403899999999993,12.111399999999996,0.3968253968253968,86.11111111111111,207.0514,195.1918,5.5245219303033055,False,True,True,-1.2117375774291173,-3.300417360719665,2026-08-19,219.74,5292046290.0,0.91891,119155659,Semiconductors,0000-00-00,XLK,Technology,24,2,98.5174,1,2.38,11.0,23.81,True,True,31.80327868852459,,False,False,False,,True,False,12.619047619047617,-2.2817460317460316,305,268,,True,1.2472000000000063,,,,42.789143667902415,0.9988683811570478,-0.0011316188429522,,45.07757792118633,0.9988696531203258,-0.0011303468796741,ORATS call delta minus one; put approximation,,,,,,,,,10.289143667902415,signal-day weeks-to-earnings estimate; not a selection veto,new qualification; not in original frozen P&L cohort,,,,
1593,2026-08-19,TGT,buy-first put-tail inventory,Pandar-direct inventory program; exact scanner geometry is partly mechanized,accumulate cheap far-OTM 1:1 put vertical inventory; usually about $5 wide and under $0.10; recycle and roll,IV/RR/put-skew gates; fixed 25-45% OTM band; complete-at-entry rule; universal 3x/5x exits,,early_put_backfill_2026-08-11_to_2026-08-21,42.227936507936505,159.91,4.094518942845982,0.0,14.28,19.047619047619047,81.34920634920636,23.41269841269841,59.523809523809526,76.58730158730158,32585.3,475722,566173640.48,True,,put,2026-09-18,31.0,BTO,115.0,0.9997050054815472,0.01,0.08,1182.0,3.0,STO,110.0,0.01,0.04,1809.0,20.0,5.0,0.07,,28.084547558001372,,,,,0.944323,29.6821,3.84021,32.6058,29.6821,33.9037,0.0273833,34.6689,30.6794,29.7214,30.5568,35.0537,32.9441,0.8353999999999999,0.0393000000000007,0.9973000000000029,2.0630999999999986,2.447899999999997,3.9895,10.714285714285714,39.68253968253968,139.5642,118.0939,14.578093809157355,True,True,True,26.44105321420101,24.352373430910458,2026-08-19,152.48,72629701.0,2.73833,3713101,Discount Retail,0000-00-00,XLP,C. Defensive,10,6,94.4323,13,8.73,3.66,19.05,True,True,83.93442622950819,,True,False,False,,False,False,22.83730158730159,24.78174603174603,305,268,,False,0.8747000000000007,,,,28.084547558001372,0.9997050054815472,-0.0002949945184529,,31.211306359827407,0.9999514155005098,-4.8584499490189614e-05,ORATS call delta minus one; put approximation,,,,,,,,,4.415452441998628,signal-day weeks-to-earnings estimate; not a selection veto,new qualification; not in original frozen P&L cohort,,,,
1642,2026-08-20,CRWV,buy-first put-tail inventory,Pandar-direct inventory program; exact scanner geometry is partly mechanized,accumulate cheap far-OTM 1:1 put vertical inventory; usually about $5 wide and under $0.10; recycle and roll,IV/RR/put-skew gates; fixed 25-45% OTM band; complete-at-entry rule; universal 3x/5x exits,,early_put_backfill_2026-08-11_to_2026-08-21,45.25968253968254,89.75,-15.592965296717765,-16.921225585485512,17.28,7.936507936507937,88.0952380952381,4.365079365079365,48.41269841269841,22.22222222222222,255612.65,2330033,2960703531.63,True,,put,2026-09-18,30.0,BTO,50.0,0.9943804439510456,0.07,0.08,6784.0,40.0,STO,45.0,0.01,0.06,3470.0,3.0,5.0,0.07,,44.28969359331476,,,,,0.98673,76.286,2.91094,77.3478,76.286,81.3176,0.0313554,81.5558,84.1573,77.5894,76.49860000000001,82.4298,82.325,-1.0907999999999871,1.3033999999999963,7.871300000000005,4.207999999999998,5.081999999999994,-2.6015000000000015,3.5714285714285716,6.746031746031746,90.17640000000002,92.16035,-0.4728509898377142,False,False,False,-11.732887490165233,-11.562979465170509,2026-08-20,90.87,49500410.0,3.13554,32581749,Infrastructure Software,0000-00-00,XLK,Technology,10,7,98.673,11,6.35,0.0,4.76,True,True,20.0,,False,False,False,,False,False,11.38888888888889,20.952380952380953,305,267,,False,0.212600000000009,,,,44.28969359331476,0.9943804439510456,-0.0056195560489544,,49.86072423398329,0.9985262370868812,-0.0014737629131187,ORATS call delta minus one; put approximation,,,,,,,,,11.78969359331476,signal-day weeks-to-earnings estimate; not a selection veto,new qualification; not in original frozen P&L cohort,,,,
1651,2026-08-20,GOOG,buy-first put-tail inventory,Pandar-direct inventory program; exact scanner geometry is partly mechanized,accumulate cheap far-OTM 1:1 put vertical inventory; usually about $5 wide and under $0.10; recycle and roll,IV/RR/put-skew gates; fixed 25-45% OTM band; complete-at-entry rule; universal 3x/5x exits,,early_put_backfill_2026-08-11_to_2026-08-21,29.221587301587306,338.37,-1.5736808423991944,-10.337060787535112,23.08,39.68253968253968,42.46031746031746,23.80952380952381,61.111111111111114,28.571428571428573,188716.55,1889717,6829905067.2,True,,put,2026-09-18,30.0,BTO,220.0,0.9993439913376672,0.02,0.06,2393.0,2.0,STO,215.0,0.01,0.05,991.0,2.0,5.0,0.0499999999999999,,34.98241569879127,,,,,0.986646,27.9264,3.15922,27.476899999999997,27.9264,32.7074,0.00938733,30.3623,32.4498,27.556399999999996,28.795700000000004,33.5411,33.5058,1.2393000000000072,-0.3700000000000045,4.523400000000002,2.8854000000000006,6.064200000000003,-2.0875000000000057,30.555555555555557,14.285714285714286,350.52459999999996,331.68080000000003,-3.467545501799296,False,True,False,-11.99053242125524,-11.820624396260516,2026-08-20,341.7,4138243049.0,0.93873,19988016,Internet Content & Media,0000-00-00,XLC,Comm,29,16,98.6646,9,15.08,18.29,23.81,True,True,19.672131147540984,,False,False,False,,False,False,16.845238095238095,22.539682539682538,305,267,,False,0.8693000000000026,,,,34.98241569879127,0.9993439913376672,-0.0006560086623328,,36.46008806927328,0.999352614222624,-0.0006473857773761,ORATS call delta minus one; put approximation,,,,,,,,,2.4824156987912716,signal-day weeks-to-earnings estimate; not a selection veto,new qualification; not in original frozen P&L cohort,,,,
1652,2026-08-20,GOOGL,buy-first put-tail inventory,Pandar-direct inventory program; exact scanner geometry is partly mechanized,accumulate cheap far-OTM 1:1 put vertical inventory; usually about $5 wide and under $0.10; recycle and roll,IV/RR/put-skew gates; fixed 25-45% OTM band; complete-at-entry rule; universal 3x/5x exits,,early_put_backfill_2026-08-11_to_2026-08-21,31.595079365079368,341.01,-1.530420721319048,-10.258164688544436,22.77,36.111111111111114,46.42857142857143,17.063492063492063,57.53968253968254,28.571428571428573,488776.8,3519045,10355194722.64,True,,put,2026-09-18,30.0,BTO,235.0,0.9989272907708848,0.05,0.1,1225.0,2.0,STO,230.0,0.05,0.08,3483.0,14.0,5.0,0.05,,31.087064895457605,,,,,0.984198,28.000000000000004,2.97991,26.9472,28.000000000000004,32.9805,0.00593362,29.596,32.0345,27.7582,28.7223,32.8616,34.7115,0.964100000000002,-0.2418000000000049,4.034499999999998,2.648800000000002,5.914400000000004,-2.4385000000000012,33.333333333333336,10.317460317460318,352.1558,332.64074999999997,-3.1650195737227715,False,True,False,-12.194556737132125,-12.0246487121374,2026-08-20,344.72,4170530077.0,0.59336,30039437,Internet Content & Media,0000-00-00,XLC,Comm,19,13,98.4198,9,13.49,14.86,19.05,True,True,19.34426229508197,,False,False,False,,False,False,16.289682539682538,22.18253968253968,305,267,,False,0.722299999999997,,,,31.087064895457605,0.9989272907708848,-0.001072709229115,,32.553297557256386,0.9991479399768092,-0.0008520600231907,ORATS call delta minus one; put approximation,,,,,,,,,1.4129351045423952,signal-day weeks-to-earnings estimate; not a selection veto,new qualification; not in original frozen P&L cohort,,,,
1668,2026-08-20,NVDA,buy-first put-tail inventory,Pandar-direct inventory program; exact scanner geometry is partly mechanized,accumulate cheap far-OTM 1:1 put vertical inventory; usually about $5 wide and under $0.10; recycle and roll,IV/RR/put-skew gates; fixed 25-45% OTM band; complete-at-entry rule; universal 3x/5x exits,,early_put_backfill_2026-08-11_to_2026-08-21,36.16793650793651,216.81,-3.926086763858727,-3.926086763858727,25.34,6.349206349206349,94.84126984126983,11.11111111111111,90.07936507936508,92.85714285714286,3245065.4,14775817,25798388809.2,True,,put,2026-09-18,30.0,BTO,120.0,0.998557439847152,0.06,0.07,38736.0,1019.0,STO,115.0,0.05,0.08,9357.0,50.0,5.0,0.02,,44.651999446519994,,,,,0.986851,35.1702,2.24428,50.9276,39.7601,39.7438,0.00595317,56.45250000000001,42.8591,35.983599999999996,36.4474,56.7074,53.2546,0.4638000000000062,0.8133999999999943,3.0989999999999966,5.5249000000000095,5.779800000000002,13.59340000000001,2.380952380952381,87.3015873015873,207.2654,195.25644999999997,4.605013668465641,False,True,True,-2.88465845464726,-2.714750429652535,2026-08-20,217.56,5251355010.0,0.59532,118580570,Semiconductors,0000-00-00,XLK,Technology,48,29,98.6851,0,24.6,44.69,47.62,True,True,32.78688524590164,,False,False,False,other,True,False,10.892857142857142,3.650793650793652,305,267,,True,1.2772000000000006,,,,44.651999446519994,0.998557439847152,-0.001442560152848,,46.95816613624832,0.998739080268284,-0.001260919731716,ORATS call delta minus one; put approximation,,,,,,,,,12.151999446519994,signal-day weeks-to-earnings estimate; not a selection veto,new qualification; not in original frozen P&L cohort,,,,
1680,2026-08-20,SEDG,buy-first put-tail inventory,Pandar-direct inventory program; exact scanner geometry is partly mechanized,accumulate cheap far-OTM 1:1 put vertical inventory; usually about $5 wide and under $0.10; recycle and roll,IV/RR/put-skew gates; fixed 25-45% OTM band; complete-at-entry rule; universal 3x/5x exits,,early_put_backfill_2026-08-11_to_2026-08-21,50.68666666666667,30.9,-3.5279425538557674,-36.26237623762376,5.98,17.857142857142858,87.6984126984127,23.80952380952381,61.111111111111114,21.428571428571427,12007.6,268527,122206283.4,True,,put,2026-09-18,30.0,BTO,20.0,0.9831151656267624,0.03,0.1,9634.0,6.0,STO,17.5,0.01,0.04,62.0,2.0,2.5,0.09,,35.27508090614886,,,,,0.921134,76.4276,2.93788,75.26129999999999,76.4276,85.693,0.0934285,83.1095,90.0589,79.10549999999999,76.896,75.29679999999999,77.8532,-2.2094999999999914,2.677899999999994,13.631299999999996,7.848200000000006,0.0354999999999989,-6.949399999999997,11.507936507936508,4.365079365079365,46.99100000000001,42.4036,-34.242727330765476,False,False,False,-45.33875818149655,-45.168850156501826,2026-08-20,32.6,1901146.0,9.34285,3748659,Solar,0000-00-00,XLK,Technology,5,1,92.1134,10,1.19,0.0,4.76,True,True,1.3114754098360657,,False,False,False,,False,False,12.40079365079365,22.182539682539684,305,267,,False,0.4684000000000026,,,,35.27508090614886,0.9831151656267624,-0.0168848343732377,,43.36569579288025,0.9975296566102434,-0.0024703433897566,ORATS call delta minus one; put approximation,,,,,,,,,2.775080906148858,signal-day weeks-to-earnings estimate; not a selection veto,new qualification; not in original frozen P&L cohort,,,,
1709,2026-08-21,AMZN,buy-first put-tail inventory,Pandar-direct inventory program; exact scanner geometry is partly mechanized,accumulate cheap far-OTM 1:1 put vertical inventory; usually about $5 wide and under $0.10; recycle and roll,IV/RR/put-skew gates; fixed 25-45% OTM band; complete-at-entry rule; universal 3x/5x exits,,early_put_backfill_2026-08-11_to_2026-08-21,22.776666666666667,259.85,-1.3102924420812734,-8.87252323338592,33.89,19.444444444444443,80.15873015873017,22.22222222222222,67.46031746031746,32.53968253968254,849580.25,5077988,12369671509.400002,True,,put,2026-09-18,29.0,BTO,170.0,0.9997911173250006,0.05,0.08,10215.0,0.0,STO,165.0,0.05,0.07,8028.0,33.0,5.0,0.03,,34.57764094670003,,,,,0.976182,28.4477,3.83453,26.0664,28.4477,34.5027,0.00844991,28.523,30.259399999999996,28.543000000000003,29.373700000000003,32.1186,34.1847,0.8307000000000002,0.0953000000000052,1.8116999999999983,2.456599999999998,6.052199999999999,-1.7363999999999962,27.38095238095238,13.095238095238097,249.8198,238.3782,4.014973993254345,True,True,True,-3.311627906976733,-3.3480603318348456,2026-08-21,260.11,2794492330.0,0.84499,47555540,E-commerce & Internet Retail,0000-00-00,XLY,C. Cyclical,24,27,97.6182,9,27.38,15.07,28.57,True,True,33.442622950819676,,False,False,False,,False,False,12.936507936507937,23.373015873015873,305,270,,False,0.9260000000000056,,,,34.57764094670003,0.9997911173250006,-0.0002088826749994,,36.50182797767943,0.9997913288122088,-0.0002086711877911,ORATS call delta minus one; put approximation,,,,,,,,,2.077640946700029,signal-day weeks-to-earnings estimate; not a selection veto,new qualification; not in original frozen P&L cohort,,,,
1726,2026-08-21,CRWV,buy-first put-tail inventory,Pandar-direct inventory program; exact scanner geometry is partly mechanized,accumulate cheap far-OTM 1:1 put vertical inventory; usually about $5 wide and under $0.10; recycle and roll,IV/RR/put-skew gates; fixed 25-45% OTM band; complete-at-entry rule; universal 3x/5x exits,,early_put_backfill_2026-08-11_to_2026-08-21,45.86095238095239,88.32,-16.30022744503412,-18.244931963343525,16.52,9.126984126984128,87.3015873015873,3.968253968253968,66.66666666666667,22.61904761904762,254686.05,2375888,2900306449.92,True,,put,2026-09-18,29.0,BTO,50.0,0.9957053466487004,0.06,0.1,6748.0,7.0,STO,45.0,0.01,0.06,3470.0,13.0,5.0,0.09,,43.38768115942029,,,,,0.986872,75.41029999999999,2.71246,75.2303,75.41029999999999,81.36240000000001,0.0201144,81.734,84.25019999999999,76.5578,75.58550000000001,80.8175,80.4669,-0.97229999999999,1.147500000000008,8.8399,6.503699999999995,5.587199999999996,-2.5161999999999978,4.365079365079365,5.555555555555555,90.0188,91.9701,-1.887161348518318,False,False,False,-17.373000280662364,-17.409432705520477,2026-08-21,89.76,48711713.0,2.01144,32311792,Infrastructure Software,0000-00-00,XLK,Technology,5,6,98.6872,11,6.35,0.0,4.76,True,True,14.754098360655735,,False,False,False,,False,False,11.547619047619047,22.797619047619047,305,270,,False,0.175200000000018,,,,43.38768115942029,0.9957053466487004,-0.0042946533512996,,49.04891304347826,0.999008304485643,-0.0009916955143569,ORATS call delta minus one; put approximation,,,,,,,,,10.88768115942029,signal-day weeks-to-earnings estimate; not a selection veto,new qualification; not in original frozen P&L cohort,,,,
1734,2026-08-21,GOOG,buy-first put-tail inventory,Pandar-direct inventory program; exact scanner geometry is partly mechanized,accumulate cheap far-OTM 1:1 put vertical inventory; usually about $5 wide and under $0.10; recycle and roll,IV/RR/put-skew gates; fixed 25-45% OTM band; complete-at-entry rule; universal 3x/5x exits,,early_put_backfill_2026-08-11_to_2026-08-21,39.02555555555555,342.88,0.049604621983601,-9.141978907202288,21.53,13.88888888888889,74.2063492063492,8.333333333333334,75.39682539682539,30.952380952380953,182940.8,1896812,6629507329.599999,True,,put,2026-09-18,29.0,BTO,195.0,0.9993656758705242,0.01,0.04,364.0,11.0,STO,190.0,0.01,0.06,1271.0,12.0,5.0,0.03,,43.128791413905745,,,,,0.986966,27.7784,3.36561,27.0106,27.7784,33.0272,0.00848131,30.5211,32.1326,27.8941,28.2624,31.4877,32.6826,0.3683000000000014,0.1157000000000003,4.354199999999999,3.5105000000000004,4.4771,-1.611499999999996,11.507936507936508,10.317460317460318,350.29100000000005,331.9725,-2.1156695433225736,False,True,False,-10.79660752380457,-10.833039948662682,2026-08-21,338.2,4193400055.0,0.84813,19602328,Internet Content & Media,0000-00-00,XLC,Comm,19,13,98.6966,9,13.49,15.59,19.05,True,True,21.639344262295083,,False,False,False,,False,False,12.678571428571429,24.087301587301585,305,270,,False,0.4840000000000017,,,,43.128791413905745,0.9993656758705242,-0.0006343241294758,,44.5870275314979,0.999365682595696,-0.0006343174043039,ORATS call delta minus one; put approximation,,,,,,,,,10.628791413905743,signal-day weeks-to-earnings estimate; not a selection veto,new qualification; not in original frozen P&L cohort,,,,
1735,2026-08-21,GOOGL,buy-first put-tail inventory,Pandar-direct inventory program; exact scanner geometry is partly mechanized,accumulate cheap far-OTM 1:1 put vertical inventory; usually about $5 wide and under $0.10; recycle and roll,IV/RR/put-skew gates; fixed 25-45% OTM band; complete-at-entry rule; universal 3x/5x exits,,early_put_backfill_2026-08-11_to_2026-08-21,38.35650793650794,345.87,0.2696121064532875,-8.979183662727962,19.58,19.047619047619047,74.60317460317461,16.26984126984127,48.80952380952381,22.61904761904762,476653.7,3575455,9927971386.96,True,,put,2026-10-16,57.0,BTO,250.0,0.9821386537097656,0.31,0.35,3450.0,12.0,STO,245.0,0.26,0.32,902.0,1.0,5.0,0.0899999999999999,,27.718506953479626,,,,,0.98457,27.6024,3.21001,25.5031,27.6024,33.201,0.00783179,27.7976,31.8073,27.818900000000003,28.307900000000004,28.9091,33.5466,0.4890000000000007,0.2165000000000034,4.2048999999999985,2.2944999999999993,3.405999999999999,-4.009699999999999,6.349206349206349,6.349206349206349,351.93539999999996,332.9496,-1.723441290645944,False,True,False,-10.885808512831083,-10.922240937689198,2026-08-21,340.67,4229967560.0,0.78318,29142488,Internet Content & Media,0000-00-00,XLC,Comm,14,10,98.457,9,10.32,9.6,14.29,True,True,20.983606557377048,,False,False,False,,False,False,13.174603174603174,21.01190476190476,305,270,,False,0.7055000000000042,,,,27.718506953479626,0.9821386537097656,-0.0178613462902343,,29.164136814410035,0.9861937534502532,-0.0138062465497467,ORATS call delta minus one; put approximation,,,,,,,,,4.781493046520374,signal-day weeks-to-earnings estimate; not a selection veto,new qualification; not in original frozen P&L cohort,,,,
1750,2026-08-21,NVDA,buy-first put-tail inventory,Pandar-direct inventory program; exact scanner geometry is partly mechanized,accumulate cheap far-OTM 1:1 put vertical inventory; usually about $5 wide and under $0.10; recycle and roll,IV/RR/put-skew gates; fixed 25-45% OTM band; complete-at-entry rule; universal 3x/5x exits,,early_put_backfill_2026-08-11_to_2026-08-21,46.90095238095238,215.34,-4.32735027545762,-4.577480391722421,15.48,6.349206349206349,94.04761904761904,6.746031746031746,79.36507936507937,91.26984126984128,3190045.5,14957112,25253867207.65,True,,put,2026-09-18,29.0,BTO,120.0,0.9984191299142928,0.08,0.1,38813.0,457.0,STO,115.0,0.07,0.09,9357.0,2.0,5.0,0.03,,44.274171078294785,,,,,0.986989,33.156200000000005,2.58402,49.9866,39.1347,39.5522,0.00507222,53.3997,44.0291,33.928399999999996,34.058,52.6814,53.1052,0.1296000000000035,0.7721999999999909,4.894399999999997,3.413100000000007,2.694800000000008,9.370600000000003,0.0,85.71428571428571,207.54819999999995,195.29735,3.754212274546376,False,True,True,-1.9800628157858768,-2.0164952406439896,2026-08-21,216.85,5215750140.0,0.50722,116457769,Semiconductors,0000-00-00,XLK,Technology,38,13,98.6989,0,11.11,27.31,38.1,True,True,35.40983606557377,,False,False,False,,True,False,10.932539682539682,-2.5,305,270,,True,0.9017999999999944,,,,44.274171078294785,0.9984191299142928,-0.001580870085707,,46.596080616699176,0.998676695165612,-0.001323304834388,ORATS call delta minus one; put approximation,,,,,,,,,11.774171078294785,signal-day weeks-to-earnings estimate; not a selection veto,new qualification; not in original frozen P&L cohort,,,,
