inventory_row_id,tradeDate,ticker,scenario,pandar_approval_scope,pandar_direct_portion,project_derived_portion,first_action,source_dataset,ranking_score,stockPrice,return_5d_pct,drawdown_20d_pct,ivRank1y,rr25_pct252,callskew_pct252,putskew_pct252,call_wing_10_pct252,call_kink_pct252,avgOptVolu20d,oi,dollar_stock_volume,chain_confirmed,failure_reason,option_side,expiry,dte,leg1_action,leg1_strike,leg1_delta,leg1_bid,leg1_ask,leg1_oi,leg1_volume,leg2_action,leg2_strike,leg2_bid,leg2_ask,leg2_oi,leg2_volume,spread_width,entry_cash,target_leg2_price,long_otm_pct,lower_otm_pct,hiro_followup_available_sessions,hiro_followup_first_session,hiro_followup_last_session,confidence,exErnIv30d,ieeEarnEffect,iv10d,iv30d,iv90d,mwAdj30,dlt5Iv10d,dlt5Iv30d,exErnDlt25Iv30d,exErnDlt75Iv30d,dlt95Iv10d,dlt95Iv30d,rr25,callskew,call_wing_30,call_wing_10,put_wing_10,call_kink,put_wing_10_pct252,iv10d_pct252,sma50,sma200,extension_50d_pct,sma50_rising,above_200d,above_50d,return_63d_pct,relative_return_63d_pct,tradeDate_core,priorCls,mktCap,mktWidthVol,stkVolu,sector,nextErn,bestEtf,sectorName,ivPctile1m,ivPctile1y,confidence_core,wksNextErn,ivPct1y,ivRank1m,ivPct1m,broad_universe,liquid_final,rs63_cross_section_pct,buy_surface_tier,buy_technical_good,buy_first_standard,buy_first_puke,sell_archetype,earnings_near_front_expiry,sell_first_actionable,buy_score,sell_score,universe_size,liquid_universe_size,contract_wing_iv_points,event_inside_expiry,putskew,buy_first_put_tail_inventory,put_inventory_score,leg1_stock_price,leg1_otm_pct,leg1_orats_call_coordinate_delta,leg1_option_delta,leg2_stock_price,leg2_otm_pct,leg2_orats_call_coordinate_delta,leg2_option_delta,delta_basis,entry_day,flow_triggers,live_quote_passes,admitted_triggers,hiro_status,bid_excess_z,bid_excess_n,bid_excess_percentile
9,2026-08-19,MSTR,sell-first call grab,Pandar-direct call-tail sale/crush core only; conversion is derived,sell unusually overpriced far-OTM front-weekly call tails; expect local wing crush; size for strike touch,RR/wing/kink gates; 2-6 delta and 5-19 DTE selection; nearer-call conversion; order and stop rules,sell far-OTM call,2026-08-11_to_2026-08-27_call_scan,53.45238095238095,103.87,9.405940594059414,0.0,47.73,0.3968253968253968,96.82539682539682,,92.06349206349206,84.92063492063492,380247.45,2868838,1481139079.56,True,,,2026-08-28,10.0,STO,140.0,0.0335747081352059,0.24,0.29,762.0,2338.0,BTO,135.0,0.3,0.39,565.0,935.0,5.0,0.24,0.1399999999999999,,,9,2026-08-21,2026-09-04,0.969345,73.5299,1.95013,76.61,73.5299,78.6669,0.0512693,98.4879,92.5615,78.4165,70.43469999999999,84.5524,91.4275,-7.981800000000007,4.886600000000001,19.031599999999997,21.877899999999997,7.942400000000006,5.926400000000001,0.3968253968253968,66.66666666666667,100.02600000000001,145.6141,3.843000819786857,False,False,True,-37.04085343678021,-39.129533220070755,2026-08-19,92.52,41265646.0,5.12693,16008853,Application Software,0000-00-00,XLK,Technology,67,67,96.9345,10,67.06,53.38,66.67,True,True,1.639344262295082,,False,False,False,grab,False,True,10.1984126984127,53.45238095238095,305,268,27.885764139286294,False,,,,103.87,34.78386444594204,0.0335747081352059,0.0335747081352059,103.87,29.97015500144411,0.050487561178062,0.050487561178062,ORATS call model delta,2026-08-20,0.0,55.0,0.0,hiro_unavailable,3.4111748936171615,60.0,100.0
11,2026-08-20,MSTR,sell-first call grab,Pandar-direct call-tail sale/crush core only; conversion is derived,sell unusually overpriced far-OTM front-weekly call tails; expect local wing crush; size for strike touch,RR/wing/kink gates; 2-6 delta and 5-19 DTE selection; nearer-call conversion; order and stop rules,sell far-OTM call,2026-08-11_to_2026-08-27_call_scan,54.08730158730158,112.06,14.370279648907935,0.0,54.85,0.0,99.2063492063492,,96.42857142857144,88.88888888888889,397418.85,3013208,1808857700.25,True,,,2026-08-28,9.0,STO,150.0,0.0430813490575061,0.32,0.38,2474.0,1949.0,BTO,145.0,0.43,0.5,442.0,396.0,5.0,0.32,0.22,,,9,2026-08-21,2026-09-04,0.978587,78.2645,2.33914,82.8479,78.2645,81.6067,0.0398799,109.542,101.441,84.0949,74.4046,89.95570000000001,95.6703,-9.690299999999993,5.830399999999997,23.176500000000004,26.694100000000006,7.107800000000012,8.100999999999999,0.0,81.34920634920636,99.93619999999999,144.83065,12.131539922470559,False,False,True,-32.63195863893231,-32.462050613937585,2026-08-20,104.25,44519383.0,3.98799,17351153,Application Software,0000-00-00,XLK,Technology,90,81,97.8587,10,80.95,78.82,90.48,True,True,3.278688524590164,,False,False,False,grab,False,True,10.03968253968254,54.08730158730158,305,267,28.332065544464413,False,,,,112.06,33.85686239514545,0.0430813490575061,0.0430813490575061,112.06,29.394966981973948,0.0605481878688994,0.0605481878688994,ORATS call model delta,2026-08-21,4.0,55.0,4.0,admitted,3.913020732327528,60.0,100.0
14,2026-08-21,MSTR,sell-first call grab,Pandar-direct call-tail sale/crush core only; conversion is derived,sell unusually overpriced far-OTM front-weekly call tails; expect local wing crush; size for strike touch,RR/wing/kink gates; 2-6 delta and 5-19 DTE selection; nearer-call conversion; order and stop rules,sell far-OTM call,2026-08-11_to_2026-08-27_call_scan,53.69047619047619,119.14,27.61353898886032,0.0,55.29,0.3968253968253968,98.41269841269842,,97.22222222222224,79.36507936507937,426973.9,3170021,2131369017.55,True,,,2026-08-28,8.0,STO,160.0,0.0382844360139652,0.26,0.32,442.0,2691.0,BTO,155.0,0.34,0.39,1237.0,2797.0,5.0,0.26,0.16,,,8,2026-08-24,2026-09-04,0.966967,78.2629,2.13138,81.9959,78.2629,81.6979,0.0379081,110.427,105.52699999999999,83.7787,74.7587,91.4984,94.4945,-9.019999999999996,5.515799999999999,27.264099999999985,28.4311,9.502499999999998,4.90000000000002,1.9841269841269842,80.55555555555556,99.99640000000004,144.09525000000002,19.14428919441096,False,False,True,-27.600875060768104,-27.637307485626216,2026-08-21,112.39,47332137.0,3.79081,18964045,Application Software,0000-00-00,XLK,Technology,95,81,96.6967,9,81.35,99.64,95.24,True,True,7.213114754098362,,False,False,False,grab,False,True,10.119047619047619,53.69047619047619,305,270,33.33335716200053,False,,,,119.14,34.29578646969951,0.0382844360139652,0.0382844360139652,119.14,30.09904314252141,0.0540804112923037,0.0540804112923037,ORATS call model delta,2026-08-24,7.0,37.0,6.0,admitted,4.0521401345778365,59.0,100.0
18,2026-08-24,MSTR,sell-first call grab,Pandar-direct call-tail sale/crush core only; conversion is derived,sell unusually overpriced far-OTM front-weekly call tails; expect local wing crush; size for strike touch,RR/wing/kink gates; 2-6 delta and 5-19 DTE selection; nearer-call conversion; order and stop rules,sell far-OTM call,2026-08-11_to_2026-08-27_call_scan,54.38492063492064,122.28,25.03067484662578,0.0,54.13,1.1904761904761905,99.6031746031746,,94.84126984126983,98.015873015873,437998.85,2595783,2423662877.25,True,,,2026-08-28,5.0,STO,155.0,0.0354467656584631,0.22,0.27,2940.0,888.0,BTO,152.5,0.25,0.3,0.0,210.0,2.5,0.22,0.12,,,7,2026-08-25,2026-09-04,0.966788,77.7847,2.20233,85.918,77.7847,80.51,0.0421252,111.00399999999999,98.3108,83.7063,75.6117,94.78259999999999,89.5644,-8.0946,5.921599999999998,20.5261,25.085999999999984,8.864599999999982,12.69319999999999,1.5873015873015872,88.0952380952381,100.0394,143.46020000000001,22.231840654782008,False,False,True,-23.65134865134865,-22.182256728566564,2026-08-24,119.25,48579601.0,4.21252,20324217,Application Software,0000-00-00,XLK,Technology,90,79,96.6788,9,79.37,94.85,90.48,True,True,13.442622950819672,,False,False,False,grab,False,True,10.13888888888889,54.38492063492064,305,270,30.865946851056492,False,,,,122.28,26.758259731763157,0.0354467656584631,0.0354467656584631,122.28,24.713771671573447,0.0452372844496055,0.0452372844496055,ORATS call model delta,2026-08-25,1.0,12.0,0.0,no_live_quote_gate_at_flow_trigger,2.763101452491009,52.0,96.15384615384616
39,2026-08-24,CCJ,buy-first put-tail inventory,Pandar-direct inventory program; exact scanner geometry is partly mechanized,accumulate cheap far-OTM 1:1 put vertical inventory; usually about $5 wide and under $0.10; recycle and roll,IV/RR/put-skew gates; fixed 25-45% OTM band; complete-at-entry rule; universal 3x/5x exits,buy complete put spread in this implementation,2026-08-24_to_2026-09-02_four_method_scan,26.904761904761905,102.31,3.605063291139232,0.0,30.0,21.428571428571427,71.03174603174604,19.047619047619047,56.34920634920635,72.61904761904762,26037.2,400454,309120647.67,True,,put,2026-09-18,26.0,BTO,75.0,0.99302282201715,0.03,0.06,3268.0,3.0,STO,70.0,0.01,0.05,1218.0,0.0,5.0,0.0499999999999999,,26.693382856025806,,5,2026-08-27,2026-09-04,0.968815,47.8474,2.38184,51.4436,47.8474,48.530699999999996,0.0553258,57.30030000000001,50.698600000000006,48.680299999999995,47.9186,53.711600000000004,48.4948,-0.7616999999999976,0.8328999999999951,2.8512000000000057,5.856700000000004,2.2680000000000007,6.601700000000001,12.698412698412698,31.349206349206348,96.199,104.82779999999998,6.352456886246216,False,False,True,-2.3573200992555776,-0.8882281764734934,2026-08-24,102.51,44559379.0,5.53258,3015517,Uranium,0000-00-00,XLE,Energy,48,19,96.8815,9,19.44,56.68,47.62,True,True,38.062283737024224,,False,False,False,,False,False,13.59126984126984,24.265873015873012,289,256,,False,0.07119999999999749,True,26.904761904761905,102.31,26.693382856025806,0.99302282201715,-0.006977177982850025,102.31,31.580490665624083,0.9986266211697652,-0.001373378830234806,ORATS call delta minus one; put approximation,2026-08-25,0.0,55.0,0.0,hiro_unavailable,,,
45,2026-08-24,CRWV,buy-first put-tail inventory,Pandar-direct inventory program; exact scanner geometry is partly mechanized,accumulate cheap far-OTM 1:1 put vertical inventory; usually about $5 wide and under $0.10; recycle and roll,IV/RR/put-skew gates; fixed 25-45% OTM band; complete-at-entry rule; universal 3x/5x exits,buy complete put spread in this implementation,2026-08-24_to_2026-09-02_four_method_scan,46.745714285714286,86.34,-18.654607122668175,-20.077756178839213,17.54,0.7936507936507936,98.015873015873,2.7777777777777777,81.74603174603175,57.142857142857146,257382.95,2029389,2855173405.35,True,,put,2026-09-18,26.0,BTO,47.5,0.9972031136234032,0.04,0.06,1284.0,13.0,STO,42.5,0.01,0.09,386.0,5.0,5.0,0.0499999999999999,,44.984943247625665,,5,2026-08-27,2026-09-04,0.989427,76.2667,2.94025,81.1204,76.2667,81.8894,0.0250445,90.46610000000001,86.3877,78.60340000000001,76.1809,87.7521,82.6709,-2.4225000000000136,2.3367000000000075,10.120999999999995,9.345700000000008,6.631699999999995,4.078400000000016,5.158730158730159,15.476190476190476,89.8282,91.81735,-3.8831903567031256,False,False,False,-17.958950969213216,-16.489859046431132,2026-08-24,87.85,47619670.0,2.50445,32500551,Infrastructure Software,0000-00-00,XLK,Technology,19,7,98.9427,11,7.14,1.57,19.05,True,True,17.99307958477509,,False,False,False,,False,False,10.178571428571429,26.03174603174603,289,256,,False,-0.0858000000000061,True,46.745714285714286,86.34,44.984943247625665,0.9972031136234032,-0.0027968863765968077,86.34,50.77600185313875,0.9994608057329374,-0.0005391942670626149,ORATS call delta minus one; put approximation,2026-08-25,0.0,55.0,0.0,hiro_unavailable,,,
54,2026-08-24,GOOG,buy-first put-tail inventory,Pandar-direct inventory program; exact scanner geometry is partly mechanized,accumulate cheap far-OTM 1:1 put vertical inventory; usually about $5 wide and under $0.10; recycle and roll,IV/RR/put-skew gates; fixed 25-45% OTM band; complete-at-entry rule; universal 3x/5x exits,buy complete put spread in this implementation,2026-08-24_to_2026-09-02_four_method_scan,30.94904761904762,345.57,1.286710827129367,-8.429169537336367,26.67,26.19047619047619,53.96825396825397,10.714285714285714,82.14285714285714,75.39682539682539,178516.55,1668003,6190338520.5,True,,put,2026-09-18,26.0,BTO,255.0,0.9993424931239288,0.09,0.13,2237.0,2.0,STO,250.0,0.08,0.14,8145.0,80.0,5.0,0.05,,26.20887229794253,,5,2026-08-27,2026-09-04,0.989549,28.5835,3.5428,29.8333,28.5835,33.458,0.0108299,33.6921,30.6098,28.3563,29.124100000000002,34.7588,32.0544,0.7678000000000011,-0.22719999999999985,2.026299999999999,3.8588000000000022,4.9254999999999995,3.0823000000000036,17.063492063492063,28.174603174603174,350.11879999999996,332.30944999999997,-1.2992161517747625,False,True,False,-8.745939950883308,-7.276848028101224,2026-08-24,341.75,4226298580.0,1.08299,18113646,Internet Content & Media,0000-00-00,XLC,Comm,43,21,98.9549,9,21.43,24.52,42.86,True,True,24.567474048442904,,False,False,False,,False,False,14.920634920634921,26.984126984126984,289,256,,False,0.5406000000000013,True,30.94904761904762,345.57,26.20887229794253,0.9993424931239288,-0.0006575068760712455,345.57,27.655757154845617,0.999361570034106,-0.0006384299658940273,ORATS call delta minus one; put approximation,2026-08-25,0.0,0.0,0.0,hiro_unavailable,,,
55,2026-08-24,GOOGL,buy-first put-tail inventory,Pandar-direct inventory program; exact scanner geometry is partly mechanized,accumulate cheap far-OTM 1:1 put vertical inventory; usually about $5 wide and under $0.10; recycle and roll,IV/RR/put-skew gates; fixed 25-45% OTM band; complete-at-entry rule; universal 3x/5x exits,buy complete put spread in this implementation,2026-08-24_to_2026-09-02_four_method_scan,29.094603174603176,349.19,1.6328074975260565,-8.105476459906846,29.08,24.20634920634921,59.92063492063492,9.92063492063492,74.60317460317461,54.36507936507937,471646.7,3130467,9255976019.22,True,,put,2026-10-16,54.0,BTO,235.0,0.9960895069635434,0.16,0.2,495.0,19.0,STO,230.0,0.14,0.19,449.0,5.0,5.0,0.06,,32.701394656204364,,5,2026-08-27,2026-09-04,0.983245,28.7142,3.44137,28.010800000000003,28.7142,33.8359,0.0103884,31.384099999999997,31.285,28.665200000000002,29.2732,32.0598,33.3293,0.607999999999997,-0.04899999999999949,2.5707999999999984,3.3732999999999933,4.0489999999999995,0.09909999999999641,11.11111111111111,19.047619047619047,351.78799999999995,333.3075,-0.7385129680375524,False,True,False,-8.641620009418672,-7.1725280866365875,2026-08-24,344.82,4270570944.0,1.03884,26842921,Internet Content & Media,0000-00-00,XLC,Comm,43,21,98.3245,9,21.43,25.26,42.86,True,True,25.259515570934255,,False,False,False,,False,False,14.424603174603174,25.17857142857143,289,256,,False,0.5589999999999975,True,29.094603174603176,349.19,32.701394656204364,0.9960895069635434,-0.00391049303645663,349.19,34.133279876285116,0.9972535472885752,-0.0027464527114248183,ORATS call delta minus one; put approximation,2026-08-25,0.0,0.0,0.0,hiro_unavailable,,,
68,2026-08-24,NVDA,buy-first put-tail inventory,Pandar-direct inventory program; exact scanner geometry is partly mechanized,accumulate cheap far-OTM 1:1 put vertical inventory; usually about $5 wide and under $0.10; recycle and roll,IV/RR/put-skew gates; fixed 25-45% OTM band; complete-at-entry rule; universal 3x/5x exits,buy complete put spread in this implementation,2026-08-24_to_2026-09-02_four_method_scan,44.36174603174603,208.45,-7.585564816456825,-7.6306110692604285,16.67,9.523809523809524,90.07936507936508,10.317460317460318,86.11111111111111,94.44444444444444,3119183.3,13516184,24886162875.2,True,,put,2026-09-18,26.0,BTO,130.0,0.998789259630804,0.12,0.13,29912.0,377.0,STO,125.0,0.1,0.11,39162.0,9479.0,5.0,0.03,,37.634924442312304,,5,2026-08-27,2026-09-04,0.983244,33.9068,2.82545,54.020900000000005,41.247,39.6124,0.00550423,58.5653,44.4375,33.9899,35.0574,58.3492,51.8027,1.0675000000000026,0.08310000000000173,3.1905,4.544399999999996,4.328299999999999,14.1278,1.1904761904761905,89.28571428571429,207.6122,195.3387,0.40354083237881255,False,True,True,-3.257994152318189,-1.7889022295361046,2026-08-24,214.72,5048867450.0,0.55042,115900535,Semiconductors,0000-00-00,XLK,Technology,52,21,98.3244,0,13.1,29.4,42.86,True,True,35.6401384083045,,False,False,False,other,True,False,11.4484126984127,3.3333333333333357,289,256,,True,1.1506000000000043,True,44.36174603174603,208.45,37.634924442312304,0.998789259630804,-0.001210740369195995,208.45,40.03358119453105,0.9988092776037644,-0.0011907223962356328,ORATS call delta minus one; put approximation,2026-08-25,0.0,55.0,0.0,hiro_unavailable,,,
75,2026-08-24,PLTR,buy-first put-tail inventory,Pandar-direct inventory program; exact scanner geometry is partly mechanized,accumulate cheap far-OTM 1:1 put vertical inventory; usually about $5 wide and under $0.10; recycle and roll,IV/RR/put-skew gates; fixed 25-45% OTM band; complete-at-entry rule; universal 3x/5x exits,buy complete put spread in this implementation,2026-08-24_to_2026-09-02_four_method_scan,35.73079365079364,176.72,2.2626005439499997,-1.7458022906705284,17.92,32.142857142857146,57.53968253968254,24.603174603174605,40.07936507936508,70.63492063492063,613243.7,3425968,8271661500.12,True,,put,2026-09-18,26.0,BTO,105.0,0.9994686015612064,0.13,0.16,8391.0,47.0,STO,100.0,0.12,0.15,14719.0,26.0,5.0,0.04,,40.58397464916251,,4,2026-08-27,2026-09-01,0.989555,46.428399999999996,4.0,49.8687,46.428399999999996,55.173300000000005,0.0110117,52.0347,50.2606,46.0071,47.9987,58.7635,59.3986,1.9915999999999983,-0.4212999999999951,3.8322000000000003,2.166000000000004,8.894800000000004,1.7741000000000042,11.11111111111111,34.523809523809526,139.89600000000002,151.40375,26.322410933836558,True,True,True,29.03037383177569,30.499465754557775,2026-08-24,179.94,423625604.0,1.10117,45968998,Infrastructure Software,0000-00-00,XLK,Technology,29,16,98.9555,10,14.68,16.06,28.57,True,True,88.23529411764706,,False,False,False,,False,False,15.337301587301589,22.539682539682538,289,256,,False,1.5703000000000031,True,35.73079365079364,176.72,40.58397464916251,0.9994686015612064,-0.0005313984387935733,176.72,43.413309189678586,0.9998276779984412,-0.00017232200155881117,ORATS call delta minus one; put approximation,2026-08-25,0.0,55.0,0.0,hiro_unavailable,,,
92,2026-08-24,TGT,buy-first put-tail inventory,Pandar-direct inventory program; exact scanner geometry is partly mechanized,accumulate cheap far-OTM 1:1 put vertical inventory; usually about $5 wide and under $0.10; recycle and roll,IV/RR/put-skew gates; fixed 25-45% OTM band; complete-at-entry rule; universal 3x/5x exits,buy complete put spread in this implementation,2026-08-24_to_2026-09-02_four_method_scan,43.97888888888889,169.44,11.98202366003569,0.0,14.91,17.46031746031746,78.57142857142857,13.095238095238097,47.61904761904762,46.82539682539682,36284.45,426834,723325352.64,True,,put,2026-09-18,26.0,BTO,125.0,0.999233764369018,0.01,0.03,899.0,64.0,STO,120.0,0.01,0.04,5744.0,1.0,5.0,0.0199999999999999,,26.227573182247397,,5,2026-08-27,2026-09-04,0.964676,29.8506,4.0,30.1484,29.8506,35.625800000000005,0.0231778,31.494899999999998,30.683899999999998,29.837999999999997,30.525600000000004,34.7694,33.683800000000005,0.6876000000000069,-0.012600000000002609,0.8332999999999977,1.346499999999999,4.620999999999999,0.8109999999999999,46.42857142857143,18.650793650793652,141.72039999999998,119.19194999999999,19.55935772125963,True,True,True,35.25983874830367,36.728930671085756,2026-08-24,165.44,76958142.0,2.31778,4372131,Discount Retail,0000-00-00,XLP,C. Defensive,33,10,96.4676,12,9.92,16.46,33.33,True,True,91.00346020761245,,False,False,False,,False,False,12.817460317460318,22.103174603174605,289,256,,False,0.6750000000000043,True,43.97888888888889,169.44,26.227573182247397,0.999233764369018,-0.0007662356309819929,169.44,29.17847025495751,0.9996988634184628,-0.0003011365815371869,ORATS call delta minus one; put approximation,2026-08-25,0.0,32.0,0.0,hiro_unavailable,,,
124,2026-08-25,BE,buy-first put-tail inventory,Pandar-direct inventory program; exact scanner geometry is partly mechanized,accumulate cheap far-OTM 1:1 put vertical inventory; usually about $5 wide and under $0.10; recycle and roll,IV/RR/put-skew gates; fixed 25-45% OTM band; complete-at-entry rule; universal 3x/5x exits,buy complete put spread in this implementation,2026-08-24_to_2026-09-02_four_method_scan,46.42523809523809,216.23,2.9715700747654505,-9.303301036030376,11.67,18.650793650793652,78.57142857142857,15.873015873015872,76.98412698412699,73.80952380952381,129056.45,896382,3389927157.2200003,True,,put,2026-09-18,25.0,BTO,130.0,0.9852311403267424,0.3,0.35,1913.0,33.0,STO,125.0,0.25,0.3,672.0,19.0,5.0,0.0999999999999999,,39.87883272441381,,5,2026-08-27,2026-09-04,0.979335,90.35,3.35321,96.12610000000001,90.35,96.45519999999999,0.0385439,106.50200000000001,99.4538,93.0966,89.0305,98.7345,92.0475,-4.066099999999992,2.746600000000001,9.103800000000007,10.375900000000001,2.608399999999989,7.0482000000000085,9.920634920634921,13.492063492063492,240.977,187.34875,-10.269444801786065,False,True,False,-28.902114227468523,-26.06558432206515,2026-08-25,204.02,63685648.0,3.85439,16615661,Electrical Equipment Manufacturing,0000-00-00,XLI,Industrials,19,3,97.9335,9,2.78,8.28,19.05,True,True,10.726643598615917,,False,False,False,,False,False,12.936507936507935,26.38888888888889,289,257,,False,-1.3194999999999908,True,46.42523809523809,216.23,39.87883272441381,0.9852311403267424,-0.014768859673257584,216.23,42.191185311936366,0.9900119364677876,-0.009988063532212377,ORATS call delta minus one; put approximation,2026-08-26,0.0,0.0,0.0,hiro_unavailable,,,
136,2026-08-25,CRWV,buy-first put-tail inventory,Pandar-direct inventory program; exact scanner geometry is partly mechanized,accumulate cheap far-OTM 1:1 put vertical inventory; usually about $5 wide and under $0.10; recycle and roll,IV/RR/put-skew gates; fixed 25-45% OTM band; complete-at-entry rule; universal 3x/5x exits,buy complete put spread in this implementation,2026-08-24_to_2026-09-02_four_method_scan,45.81095238095238,88.01,-6.172707889125794,-18.53188929001203,16.57,5.9523809523809526,93.25396825396824,7.142857142857143,66.66666666666667,41.666666666666664,251704.05,2108922,2779319137.5,True,,put,2026-09-18,25.0,BTO,55.0,0.9880113324421876,0.1,0.13,3789.0,32.0,STO,50.0,0.05,0.07,6685.0,25.0,5.0,0.08,,37.50710146574253,,5,2026-08-27,2026-09-04,0.98945,75.8364,2.92078,79.4049,75.8364,81.618,0.0237997,85.86580000000001,84.5021,77.5852,76.2552,86.0929,83.1036,-1.3299999999999983,1.7488000000000028,8.665700000000001,6.460900000000009,6.688000000000002,1.3637000000000086,5.555555555555555,11.904761904761905,89.5598,91.693,-1.7304638911654457,False,False,False,-16.7360454115421,-13.899515506138727,2026-08-25,86.25,48540736.0,2.37997,32223990,Infrastructure Software,0000-00-00,XLK,Technology,10,6,98.945,11,5.95,0.08,9.52,True,True,18.685121107266436,,False,False,False,,False,False,10.932539682539682,23.75,289,257,,False,0.4188000000000045,True,45.81095238095238,88.01,37.50710146574253,0.9880113324421876,-0.01198866755781236,88.01,43.18827405976594,0.9962847521376264,-0.0037152478623736496,ORATS call delta minus one; put approximation,2026-08-26,0.0,28.0,0.0,hiro_unavailable,,,
147,2026-08-25,GOOG,buy-first put-tail inventory,Pandar-direct inventory program; exact scanner geometry is partly mechanized,accumulate cheap far-OTM 1:1 put vertical inventory; usually about $5 wide and under $0.10; recycle and roll,IV/RR/put-skew gates; fixed 25-45% OTM band; complete-at-entry rule; universal 3x/5x exits,buy complete put spread in this implementation,2026-08-24_to_2026-09-02_four_method_scan,44.24587301587302,343.43,0.3946445275958998,-8.996237214478775,18.77,5.9523809523809526,87.6984126984127,3.968253968253968,78.17460317460318,49.6031746031746,174131.85,1694874,6157495594.91,True,,put,2026-09-18,25.0,BTO,190.0,0.999366434584798,0.01,0.09,1274.0,5.0,STO,185.0,0.01,0.03,440.0,17.0,5.0,0.08,,44.67577089945549,,5,2026-08-27,2026-09-04,0.989548,27.4048,3.49362,27.8303,27.4048,32.9089,0.00989805,31.544299999999996,31.195,27.8522,27.757199999999997,31.4575,32.033899999999996,-0.09500000000000242,0.44739999999999824,3.7901999999999987,3.713999999999995,3.6271999999999984,0.34929999999999595,6.746031746031746,17.063492063492063,349.839,332.601,-1.83198557050529,False,True,False,-10.706949897298568,-7.8704199918951945,2026-08-25,344.59,4200126519.0,0.9898,17869049,Internet Content & Media,0000-00-00,XLC,Comm,14,11,98.9548,9,11.11,10.79,14.29,True,True,23.875432525951556,,False,False,False,,False,False,11.21031746031746,25.297619047619047,289,257,,False,0.3523999999999958,True,44.24587301587302,343.43,44.67577089945549,0.999366434584798,-0.0006335654152019865,343.43,46.1316716652593,0.9993664345848008,-0.000633565415199211,ORATS call delta minus one; put approximation,2026-08-26,0.0,45.0,0.0,hiro_unavailable,,,
148,2026-08-25,GOOGL,buy-first put-tail inventory,Pandar-direct inventory program; exact scanner geometry is partly mechanized,accumulate cheap far-OTM 1:1 put vertical inventory; usually about $5 wide and under $0.10; recycle and roll,IV/RR/put-skew gates; fixed 25-45% OTM band; complete-at-entry rule; universal 3x/5x exits,buy complete put spread in this implementation,2026-08-24_to_2026-09-02_four_method_scan,42.44714285714286,347.02,0.78122731100978,-8.676544119582097,20.41,7.142857142857143,78.17460317460318,3.5714285714285716,80.55555555555556,50.79365079365079,465960.4,3149256,9253345649.4,True,,put,2026-10-16,53.0,BTO,250.0,0.9899253662469938,0.21,0.25,3450.0,18.0,STO,245.0,0.2,0.26,916.0,1.0,5.0,0.0499999999999999,,27.958042764105805,,5,2026-08-27,2026-09-04,0.979291,27.820800000000002,3.35452,27.1485,27.820800000000002,33.1697,0.0127075,30.902,30.9988,28.1094,28.102100000000004,30.7731,32.195800000000006,-0.007299999999997198,0.28859999999999886,3.1779999999999973,3.7535000000000025,3.624600000000001,-0.09679999999999822,7.936507936507937,12.698412698412698,351.54400000000004,333.61949999999996,-1.286894385909032,False,True,False,-10.716031594926301,-7.879501689522928,2026-08-25,348.06,4244031985.0,1.27075,26585490,Internet Content & Media,0000-00-00,XLC,Comm,19,10,97.9291,9,10.71,10.96,23.81,True,True,23.52941176470588,,False,False,False,,False,False,11.805555555555554,25.595238095238095,289,257,,False,0.28130000000000166,True,42.44714285714286,347.02,27.958042764105805,0.9899253662469938,-0.010074633753006212,347.02,29.398881908823693,0.992796164903171,-0.007203835096828981,ORATS call delta minus one; put approximation,2026-08-26,0.0,0.0,0.0,hiro_unavailable,,,
151,2026-08-25,IREN,buy-first put-tail inventory,Pandar-direct inventory program; exact scanner geometry is partly mechanized,accumulate cheap far-OTM 1:1 put vertical inventory; usually about $5 wide and under $0.10; recycle and roll,IV/RR/put-skew gates; fixed 25-45% OTM band; complete-at-entry rule; universal 3x/5x exits,buy complete put spread in this implementation,2026-08-24_to_2026-09-02_four_method_scan,59.126984126984134,42.08,-0.2134218638842888,-6.384872080088999,0.0,15.07936507936508,78.96825396825396,14.285714285714286,66.26984126984127,91.26984126984128,270564.75,2366823,1850839194.96,True,,put,2026-09-18,25.0,BTO,25.0,0.9788928551644808,0.1,0.13,6282.0,243.0,STO,20.0,0.05,0.06,50109.0,127.0,5.0,0.08,,40.5893536121673,,6,2026-08-27,2026-09-04,0.98331,81.854,2.66439,116.131,97.41,97.34,0.0507143,128.90200000000002,111.373,85.24239999999999,80.9718,120.22699999999999,102.248,-4.2705999999999875,3.38839999999999,13.963000000000008,12.771000000000015,4.095999999999989,17.52900000000001,1.5873015873015872,60.317460317460316,42.8538,46.3087,-1.8056741759190587,False,False,False,-29.843281093697893,-27.00675118829452,2026-08-25,39.81,15038495.0,5.07143,46491816,Investment Banking & Brokerage,0000-00-00,XLF,Financials,5,0,98.331,0,0.4,0.0,4.76,True,True,9.342560553633218,,False,False,False,,True,False,12.559523809523808,-3.80952380952381,289,257,,True,-0.8821999999999974,True,59.126984126984134,42.08,40.5893536121673,0.9788928551644808,-0.02110714483551923,42.08,52.47148288973384,0.9973361743176384,-0.0026638256823615647,ORATS call delta minus one; put approximation,2026-08-26,0.0,0.0,0.0,hiro_unavailable,,,
164,2026-08-25,NVDA,buy-first put-tail inventory,Pandar-direct inventory program; exact scanner geometry is partly mechanized,accumulate cheap far-OTM 1:1 put vertical inventory; usually about $5 wide and under $0.10; recycle and roll,IV/RR/put-skew gates; fixed 25-45% OTM band; complete-at-entry rule; universal 3x/5x exits,buy complete put spread in this implementation,2026-08-24_to_2026-09-02_four_method_scan,39.460317460317455,212.38,-3.1863974107672055,-5.889130145788091,23.0,7.142857142857143,89.68253968253968,5.555555555555555,86.5079365079365,96.03174603174604,3093437.85,13982418,24362670712.48,True,,put,2026-09-18,25.0,BTO,120.0,0.9988365789937478,0.07,0.08,38977.0,1078.0,STO,115.0,0.07,0.08,9354.0,123.0,5.0,0.0099999999999999,,43.497504473114226,,5,2026-08-27,2026-09-04,0.982079,35.1148,2.51996,54.0171,41.1059,39.5336,0.00701423,58.7357,43.7239,35.172599999999996,35.6443,57.3974,46.8053,0.47170000000000556,0.05779999999999319,2.618000000000002,4.718600000000002,3.3802999999999983,15.011800000000001,0.7936507936507936,89.28571428571429,207.775,195.40964999999997,2.2163397906389104,False,True,True,-0.8959402706486319,1.9405896347547413,2026-08-25,208.48,5144055980.0,0.70142,116858551,Semiconductors,0000-00-00,XLK,Technology,52,18,98.2079,0,21.03,40.56,57.14,True,True,40.830449826989614,,True,False,False,other,True,False,21.23015873015873,3.452380952380956,289,257,,True,0.5294999999999987,True,39.460317460317455,212.38,43.497504473114226,0.9988365789937478,-0.0011634210062522188,212.38,45.851775120067806,0.998836732759677,-0.001163267240323007,ORATS call delta minus one; put approximation,2026-08-26,0.0,55.0,0.0,hiro_unavailable,,,
181,2026-08-25,SCHW,buy-first put-tail inventory,Pandar-direct inventory program; exact scanner geometry is partly mechanized,accumulate cheap far-OTM 1:1 put vertical inventory; usually about $5 wide and under $0.10; recycle and roll,IV/RR/put-skew gates; fixed 25-45% OTM band; complete-at-entry rule; universal 3x/5x exits,buy complete put spread in this implementation,2026-08-24_to_2026-09-02_four_method_scan,39.44730158730158,113.07,1.2809029021855878,-0.352516083546317,22.14,8.333333333333334,82.14285714285714,8.73015873015873,41.26984126984127,21.428571428571427,18642.7,437328,789927620.85,True,,put,2026-09-18,25.0,BTO,77.5,0.999932141033882,0.01,0.08,1706.0,31.0,STO,75.0,0.01,0.03,3542.0,4.0,2.5,0.07,,31.458388608826382,,5,2026-08-27,2026-09-04,0.850607,22.4182,2.13258,22.6365,22.4182,25.5947,0.0201453,22.3672,24.1948,21.7403,23.6346,25.9266,27.0995,1.8942999999999977,-0.6778999999999975,1.776600000000002,-0.2693000000000012,3.290099999999999,-1.8276000000000003,4.761904761904762,15.873015873015873,102.331,96.89110000000001,10.494376093265956,True,True,True,26.067566060876345,28.90409596627972,2026-08-25,113.65,195535989.0,2.01453,6950529,Investment Banking & Brokerage,0000-00-00,XLF,Financials,48,17,85.0607,7,17.46,39.48,47.62,True,True,85.81314878892734,,True,False,False,,False,False,21.726190476190474,20.1984126984127,289,257,,False,1.2164000000000001,True,39.44730158730158,113.07,31.458388608826382,0.999932141033882,-6.785896611805065e-05,113.07,33.669408331122305,0.9999321846383794,-6.781536162059343e-05,ORATS call delta minus one; put approximation,2026-08-26,0.0,46.0,0.0,hiro_unavailable,,,
185,2026-08-25,SOFI,buy-first put-tail inventory,Pandar-direct inventory program; exact scanner geometry is partly mechanized,accumulate cheap far-OTM 1:1 put vertical inventory; usually about $5 wide and under $0.10; recycle and roll,IV/RR/put-skew gates; fixed 25-45% OTM band; complete-at-entry rule; universal 3x/5x exits,buy complete put spread in this implementation,2026-08-24_to_2026-09-02_four_method_scan,38.66428571428571,18.81,5.733558178752096,-0.370762711864403,17.05,30.555555555555557,44.04761904761905,15.873015873015872,15.476190476190476,50.3968253968254,357360.6,3835337,1107219965.76,True,,put,2026-10-16,53.0,BTO,11.0,0.9929013896499028,0.01,0.05,3970.0,10.0,STO,8.0,0.01,0.04,428.0,12.0,3.0,0.04,,41.5204678362573,,7,2026-08-27,2026-09-04,0.963787,51.0026,3.42635,53.511399999999995,51.0026,57.072,0.0200387,57.468799999999995,56.293899999999994,51.3824,51.5999,59.291799999999995,58.8634,0.21750000000000114,0.3797999999999959,5.291299999999993,3.9574,5.7804,1.174900000000001,1.9841269841269842,21.825396825396826,17.764799999999997,20.402399999999997,5.883544987841138,True,False,True,17.931034482758612,20.767564388161986,2026-08-25,18.24,24294438.0,2.00387,60702849,Credit & Lending Services,0000-00-00,XLF,Financials,76,9,96.3787,9,8.73,47.37,76.19,True,True,78.54671280276817,,False,False,False,,False,False,15.853174603174605,19.067460317460316,289,257,,False,0.597299999999997,True,38.66428571428571,18.81,41.5204678362573,0.9929013896499028,-0.007098610350097179,18.81,57.46943115364167,0.9999345033979136,-6.549660208643449e-05,ORATS call delta minus one; put approximation,2026-08-26,0.0,30.0,0.0,hiro_unavailable,,,
211,2026-08-26,AMZN,buy-first put-tail inventory,Pandar-direct inventory program; exact scanner geometry is partly mechanized,accumulate cheap far-OTM 1:1 put vertical inventory; usually about $5 wide and under $0.10; recycle and roll,IV/RR/put-skew gates; fixed 25-45% OTM band; complete-at-entry rule; universal 3x/5x exits,buy complete put spread in this implementation,2026-08-24_to_2026-09-02_four_method_scan,23.945396825396823,260.29,-1.9327857734910636,-8.71821848150095,32.88,21.03174603174603,76.98412698412699,19.84126984126984,63.492063492063494,69.04761904761905,864776.05,4400043,12065978347.62,True,,put,2026-09-18,24.0,BTO,180.0,0.9998349367626108,0.06,0.08,8577.0,1.0,STO,175.0,0.05,0.07,11815.0,0.0,5.0,0.03,,30.846363671289723,,6,2026-08-27,2026-09-04,0.981305,28.456500000000002,3.74346,29.0455,28.456500000000002,34.4362,0.0116403,31.2603,29.932100000000002,28.458299999999998,29.3344,34.936099999999996,33.8663,0.876100000000001,0.001799999999995805,1.4756,2.2148000000000003,5.890599999999996,1.328199999999999,23.80952380952381,32.53968253968254,250.987,238.58174999999994,3.706566475554518,True,True,True,-4.054701610822365,-1.552886219040273,2026-08-26,261.06,2799224201.0,1.16403,46219177,E-commerce & Internet Retail,0000-00-00,XLY,C. Cyclical,24,25,98.1305,9,24.21,13.27,23.81,True,True,37.58620689655172,,False,False,False,,False,False,13.253968253968255,24.8015873015873,290,257,,False,0.8778999999999968,True,23.945396825396823,260.29,30.846363671289723,0.9998349367626108,-0.00016506323738918471,260.29,32.7672980137539,0.9999432454838836,-5.675451611641957e-05,ORATS call delta minus one; put approximation,2026-08-27,10.0,55.0,10.0,admitted,,,
219,2026-08-26,BE,buy-first put-tail inventory,Pandar-direct inventory program; exact scanner geometry is partly mechanized,accumulate cheap far-OTM 1:1 put vertical inventory; usually about $5 wide and under $0.10; recycle and roll,IV/RR/put-skew gates; fixed 25-45% OTM band; complete-at-entry rule; universal 3x/5x exits,buy complete put spread in this implementation,2026-08-24_to_2026-09-02_four_method_scan,51.62746031746032,219.77,7.367238262738773,-7.818463990604418,8.69,15.476190476190476,77.38095238095238,7.936507936507937,81.74603174603175,79.36507936507937,121345.95,926271,3605226844.15,True,,put,2026-09-18,24.0,BTO,135.0,0.9849700327116784,0.29,0.33,2731.0,44.0,STO,130.0,0.23,0.25,1918.0,69.0,5.0,0.1,,38.57214360467762,,5,2026-08-27,2026-09-04,0.976532,88.6685,2.89459,94.23010000000001,88.6685,93.7138,0.0360722,106.30900000000001,96.1349,91.27250000000001,86.51830000000001,97.80969999999999,88.984,-4.754199999999997,2.6040000000000134,7.466400000000007,12.078900000000004,3.579599999999985,10.17410000000001,15.873015873015873,9.920634920634921,239.84040000000002,187.75480000000005,-8.36823154064119,False,True,False,-25.53451021583708,-23.03269482405499,2026-08-26,217.45,64728275.0,3.60722,16579567,Electrical Equipment Manufacturing,0000-00-00,XLI,Industrials,19,2,97.6532,8,2.38,4.44,19.05,True,True,12.413793103448276,,False,False,False,,False,False,12.678571428571429,27.142857142857142,290,257,,False,-2.150199999999984,True,51.62746031746032,219.77,38.57214360467762,0.9849700327116784,-0.015029967288321622,219.77,40.84724939709696,0.9896677060132096,-0.010332293986790364,ORATS call delta minus one; put approximation,2026-08-27,18.0,0.0,0.0,no_live_quote_gate_at_flow_trigger,,,
220,2026-08-26,BMNR,buy-first put-tail inventory,Pandar-direct inventory program; exact scanner geometry is partly mechanized,accumulate cheap far-OTM 1:1 put vertical inventory; usually about $5 wide and under $0.10; recycle and roll,IV/RR/put-skew gates; fixed 25-45% OTM band; complete-at-entry rule; universal 3x/5x exits,buy complete put spread in this implementation,2026-08-24_to_2026-09-02_four_method_scan,42.123492063492066,25.09,24.45436507936507,0.0,14.94,20.238095238095237,77.38095238095238,19.444444444444443,65.07936507936508,69.04761904761905,139502.95,1530090,905057080.6,True,,put,2026-09-18,24.0,BTO,18.0,0.9556906816351352,0.1,0.11,3170.0,67.0,STO,13.0,0.01,0.06,2499.0,3.0,5.0,0.1,,28.258270227182148,,5,2026-08-27,2026-09-04,0.775082,79.707,1.0,81.46679999999999,79.707,83.5692,0.0378838,101.98,100.298,85.2437,77.6806,85.26129999999999,86.5713,-7.563100000000006,5.53670000000001,20.591000000000008,20.513200000000012,3.7944999999999993,1.6820000000000022,3.5714285714285716,28.96825396825397,17.136599999999998,22.791099999999997,46.411773630708566,True,True,True,33.17409766454353,35.675913056325626,2026-08-26,24.82,15134950.0,3.78838,36464830,Investment Banking & Brokerage,0000-00-00,XLF,Financials,86,21,77.5082,12,20.63,61.05,85.71,True,True,89.3103448275862,,False,False,False,,False,False,13.154761904761907,24.96031746031746,290,257,,False,-2.0263999999999953,True,42.123492063492066,25.09,28.258270227182148,0.9556906816351352,-0.04430931836486485,25.09,48.186528497409334,0.9990803855323682,-0.0009196144676317797,ORATS call delta minus one; put approximation,2026-08-27,18.0,40.0,14.0,admitted,,,
249,2026-08-26,IREN,buy-first put-tail inventory,Pandar-direct inventory program; exact scanner geometry is partly mechanized,accumulate cheap far-OTM 1:1 put vertical inventory; usually about $5 wide and under $0.10; recycle and roll,IV/RR/put-skew gates; fixed 25-45% OTM band; complete-at-entry rule; universal 3x/5x exits,buy complete put spread in this implementation,2026-08-24_to_2026-09-02_four_method_scan,59.76190476190476,39.66,-6.550424128180965,-11.768631813125708,0.0,13.88888888888889,82.14285714285714,12.301587301587302,83.33333333333333,93.65079365079364,265555.75,2428882,1957233632.76,True,,put,2026-09-18,24.0,BTO,24.0,0.9781495917356328,0.08,0.12,383.0,10.0,STO,19.0,0.02,0.05,1407.0,1.0,5.0,0.0999999999999999,,39.485627836611194,,6,2026-08-27,2026-09-04,0.949473,77.6944,2.92973,116.61300000000001,95.7969,95.74709999999999,0.0424735,134.389,112.817,81.4974,76.4725,118.20200000000001,98.0636,-5.024900000000002,3.8029999999999973,17.0201,17.775999999999996,1.5889999999999986,21.572000000000017,1.1904761904761905,61.111111111111114,42.4226,46.1664,-6.512094968248072,False,False,False,-41.36605558840923,-38.86424019662714,2026-08-26,42.21,14173638.0,4.24735,46368956,Investment Banking & Brokerage,0000-00-00,XLF,Financials,5,0,94.9473,0,0.4,0.0,4.76,True,True,4.137931034482759,,False,False,False,,True,False,12.281746031746032,-1.9841269841269877,290,257,,True,-1.221900000000005,True,59.76190476190476,39.66,39.485627836611194,0.9781495917356328,-0.021850408264367238,39.66,52.092788703983864,0.9976254937533616,-0.002374506246638375,ORATS call delta minus one; put approximation,2026-08-27,9.0,2.0,0.0,no_live_quote_gate_at_flow_trigger,,,
256,2026-08-26,MRNA,buy-first put-tail inventory,Pandar-direct inventory program; exact scanner geometry is partly mechanized,accumulate cheap far-OTM 1:1 put vertical inventory; usually about $5 wide and under $0.10; recycle and roll,IV/RR/put-skew gates; fixed 25-45% OTM band; complete-at-entry rule; universal 3x/5x exits,buy complete put spread in this implementation,2026-08-24_to_2026-09-02_four_method_scan,36.07873015873016,148.58,-11.88993654747078,-11.88993654747078,24.08,12.698412698412698,88.0952380952381,11.507936507936508,69.44444444444444,72.22222222222223,146788.15,962795,4164670311.9,True,,put,2026-09-18,24.0,BTO,90.0,0.9901100921568354,0.16,0.19,966.0,87.0,STO,85.0,0.1,0.15,432.0,15.0,5.0,0.09,,39.42657154394939,,6,2026-08-27,2026-09-04,0.942575,79.6119,3.14554,87.3459,79.6119,85.6625,0.0848877,104.595,95.9703,84.25280000000001,78.07939999999999,93.0192,84.93,-6.173400000000015,4.640900000000002,16.35839999999999,17.2491,5.673299999999998,8.624700000000004,32.142857142857146,80.55555555555556,73.2664,50.52915,102.79418669403712,True,True,True,210.7718050617026,213.27362045348468,2026-08-26,158.83,58924876.0,8.48877,26220930,Biotechnology,0000-00-00,XLV,Healthcare,62,83,94.2575,10,82.54,13.88,61.9,True,True,99.6551724137931,,False,False,False,,False,False,11.865079365079364,25.555555555555554,290,257,,False,-1.532500000000013,True,36.07873015873016,148.58,39.42657154394939,0.9901100921568354,-0.00988990784316457,148.58,42.791762013729986,0.9947721837691988,-0.005227816230801152,ORATS call delta minus one; put approximation,2026-08-27,23.0,0.0,0.0,no_live_quote_gate_at_flow_trigger,,,
262,2026-08-26,NVDA,buy-first put-tail inventory,Pandar-direct inventory program; exact scanner geometry is partly mechanized,accumulate cheap far-OTM 1:1 put vertical inventory; usually about $5 wide and under $0.10; recycle and roll,IV/RR/put-skew gates; fixed 25-45% OTM band; complete-at-entry rule; universal 3x/5x exits,buy complete put spread in this implementation,2026-08-24_to_2026-09-02_four_method_scan,35.189682539682536,209.6,-4.068836102338791,-7.121017414809227,27.35,7.142857142857143,88.4920634920635,5.158730158730159,94.04761904761904,98.015873015873,3023762.3,14525230,24562182328.35,True,,put,2026-09-18,24.0,BTO,120.0,0.9988216036865586,0.07,0.08,39829.0,23.0,STO,115.0,0.07,0.08,9383.0,21.0,5.0,0.0099999999999999,,42.74809160305343,,5,2026-08-27,2026-09-04,0.981948,36.0008,2.35985,54.6396,41.3385,39.4928,0.00650065,62.3556,43.9214,36.0255,36.4959,64.59949999999999,47.0738,0.47039999999999793,0.02470000000000283,2.582899999999995,7.716000000000001,9.95989999999999,18.434200000000004,23.80952380952381,90.47619047619048,207.7348,195.51635,0.8978755605704825,True,True,True,-1.6562661286538716,0.8455492631282202,2026-08-26,213.05,5076721600.0,0.65007,115288347,Semiconductors,0000-00-00,XLK,Technology,57,20,98.1948,13,28.17,48.23,66.67,True,True,42.758620689655174,,True,False,False,other,False,False,21.28968253968254,34.30555555555556,290,257,,False,0.49510000000000076,True,35.189682539682536,209.6,42.74809160305343,0.9988216036865586,-0.00117839631344141,209.6,45.13358778625955,0.9988233150158896,-0.0011766849841103877,ORATS call delta minus one; put approximation,2026-08-27,27.0,55.0,27.0,admitted,,,
270,2026-08-26,PLTR,buy-first put-tail inventory,Pandar-direct inventory program; exact scanner geometry is partly mechanized,accumulate cheap far-OTM 1:1 put vertical inventory; usually about $5 wide and under $0.10; recycle and roll,IV/RR/put-skew gates; fixed 25-45% OTM band; complete-at-entry rule; universal 3x/5x exits,buy complete put spread in this implementation,2026-08-24_to_2026-09-02_four_method_scan,31.77873015873016,177.71,1.5137667085570738,-1.1953741799177189,23.38,25.79365079365079,63.492063492063494,23.41269841269841,64.28571428571429,86.9047619047619,614950.0,3519181,7955756733.41,True,,put,2026-09-18,24.0,BTO,105.0,0.999419375576211,0.1,0.13,8585.0,89.0,STO,100.0,0.09,0.1,14720.0,91.0,5.0,0.04,,40.91497383377413,,4,2026-08-27,2026-09-01,0.984207,47.2935,3.84585,50.310900000000004,47.2935,55.6396,0.00941265,55.0781,50.406099999999995,47.0657,48.7573,61.73,55.6369,1.691600000000001,-0.227800000000002,3.1125999999999934,4.767199999999995,11.419099999999993,4.672000000000004,25.396825396825395,38.095238095238095,141.6552,151.34335,25.452507214701605,True,True,True,33.67684669775839,36.17866208954048,2026-08-26,172.73,425998790.0,0.94127,46058917,Infrastructure Software,0000-00-00,XLK,Technology,48,24,98.4207,9,23.41,24.05,47.62,True,True,90.3448275862069,,False,False,False,,False,False,14.404761904761905,25.773809523809526,290,257,,False,1.463799999999999,True,31.77873015873016,177.71,40.91497383377413,0.999419375576211,-0.0005806244237890335,177.71,43.72854650835632,0.9998066353131676,-0.00019336468683239794,ORATS call delta minus one; put approximation,2026-08-27,26.0,55.0,26.0,admitted,,,
310,2026-08-27,AMZN,buy-first put-tail inventory,Pandar-direct inventory program; exact scanner geometry is partly mechanized,accumulate cheap far-OTM 1:1 put vertical inventory; usually about $5 wide and under $0.10; recycle and roll,IV/RR/put-skew gates; fixed 25-45% OTM band; complete-at-entry rule; universal 3x/5x exits,buy complete put spread in this implementation,2026-08-24_to_2026-09-02_four_method_scan,30.099841269841267,256.88,-1.6049335427280045,-9.914080308609496,31.17,9.92063492063492,88.4920634920635,8.73015873015873,72.22222222222223,38.492063492063494,841757.9,4411796,11742211274.759998,True,,put,2026-09-18,23.0,BTO,150.0,0.9999646169988688,0.01,0.02,6260.0,0.0,STO,145.0,0.01,0.07,1582.0,16.0,5.0,0.01,,41.60697601993149,,5,2026-08-28,2026-09-04,0.984443,27.7419,3.64366,27.144099999999998,27.7419,34.3909,0.00985103,29.7953,30.6122,28.0443,28.285,32.7494,35.0817,0.24070000000000036,0.30239999999999867,2.8703000000000003,2.651200000000003,5.605300000000003,-0.8169000000000004,18.650793650793652,19.047619047619047,251.20279999999994,238.6427,2.2600066559767873,True,True,True,-6.217370669197919,-4.02115153654139,2026-08-27,260.28,2762552202.0,0.9851,45113767,E-commerce & Internet Retail,0000-00-00,XLY,C. Cyclical,19,21,98.4443,9,20.63,10.2,14.29,True,True,35.76388888888889,,False,False,False,,False,False,11.567460317460316,24.146825396825395,288,256,,False,0.543099999999999,True,30.099841269841267,256.88,41.60697601993149,0.9999646169988688,-3.538300113115067e-05,256.88,43.553410152600435,0.9999646265810804,-3.537341891957091e-05,ORATS call delta minus one; put approximation,2026-08-28,20.0,55.0,20.0,admitted,,,
332,2026-08-27,CRWV,buy-first put-tail inventory,Pandar-direct inventory program; exact scanner geometry is partly mechanized,accumulate cheap far-OTM 1:1 put vertical inventory; usually about $5 wide and under $0.10; recycle and roll,IV/RR/put-skew gates; fixed 25-45% OTM band; complete-at-entry rule; universal 3x/5x exits,buy complete put spread in this implementation,2026-08-24_to_2026-09-02_four_method_scan,52.38507936507936,86.67,-3.4317548746518045,-19.77228547625659,11.98,1.1904761904761905,95.23809523809524,1.984126984126984,78.96825396825396,25.0,241201.35,2168148,2750526716.34,True,,put,2026-09-18,23.0,BTO,50.0,0.9977888731323408,0.03,0.06,6667.0,104.0,STO,45.0,0.01,0.05,3498.0,0.0,5.0,0.0499999999999999,,42.30991115726318,,4,2026-08-28,2026-09-04,0.94455,73.3596,2.60395,72.8487,73.3596,80.2611,0.0235572,81.6258,83.92190000000001,75.3192,72.9411,76.5289,79.3775,-2.3780999999999892,1.9595999999999947,10.562300000000008,8.777100000000004,3.6801999999999992,-2.29610000000001,2.7777777777777777,2.7777777777777777,88.5556,91.51205,-2.1292837494184425,False,False,False,-18.931811804321384,-16.735592671664854,2026-08-27,88.01,47801677.0,2.35572,31252434,Infrastructure Software,0000-00-00,XLK,Technology,5,4,94.455,10,4.37,0.0,4.76,True,True,18.055555555555554,,False,False,False,,False,False,10.357142857142858,24.146825396825395,288,256,,False,-0.41849999999999454,True,52.385079365079356,86.67,42.30991115726318,0.9977888731323408,-0.00221112686765923,86.67,48.07892004153687,0.9996352232884124,-0.00036477671158763325,ORATS call delta minus one; put approximation,2026-08-28,11.0,11.0,3.0,admitted,,,
344,2026-08-27,GOOG,buy-first put-tail inventory,Pandar-direct inventory program; exact scanner geometry is partly mechanized,accumulate cheap far-OTM 1:1 put vertical inventory; usually about $5 wide and under $0.10; recycle and roll,IV/RR/put-skew gates; fixed 25-45% OTM band; complete-at-entry rule; universal 3x/5x exits,buy complete put spread in this implementation,2026-08-24_to_2026-09-02_four_method_scan,47.84301587301587,337.64,-0.2157401660903835,-10.5304997615136,13.03,11.11111111111111,78.17460317460318,9.523809523809524,72.61904761904762,31.746031746031747,170559.4,1752664,5862044080.6,True,,put,2026-10-16,51.0,BTO,230.0,0.9964686078036274,0.1,0.15,859.0,2.0,STO,225.0,0.09,0.14,895.0,4.0,5.0,0.06,,31.880108991825608,,4,2026-08-28,2026-09-04,0.98693,26.657799999999998,3.10989,26.055,26.657799999999998,32.289,0.0111983,29.533900000000003,30.9464,26.88,27.152199999999997,30.9618,30.219800000000003,0.272199999999998,0.22220000000000084,4.288600000000002,3.478900000000003,4.9068000000000005,-1.4124999999999979,17.063492063492063,7.936507936507937,348.6164,333.15915,-3.1485609971303785,False,True,False,-12.783819388835793,-10.587600256179265,2026-08-27,339.1,4129315196.0,1.11983,17287066,Internet Content & Media,0000-00-00,XLC,Comm,10,9,98.693,8,9.13,0.83,9.52,True,True,24.65277777777778,,False,False,False,,False,False,12.202380952380953,23.84920634920635,288,256,,False,0.49439999999999884,True,47.84301587301587,337.64,31.880108991825608,0.9964686078036274,-0.0035313921963725514,337.64,33.36097618765549,0.9975713033396036,-0.0024286966603963567,ORATS call delta minus one; put approximation,2026-08-28,23.0,0.0,0.0,no_live_quote_gate_at_flow_trigger,,,
345,2026-08-27,GOOGL,buy-first put-tail inventory,Pandar-direct inventory program; exact scanner geometry is partly mechanized,accumulate cheap far-OTM 1:1 put vertical inventory; usually about $5 wide and under $0.10; recycle and roll,IV/RR/put-skew gates; fixed 25-45% OTM band; complete-at-entry rule; universal 3x/5x exits,buy complete put spread in this implementation,2026-08-24_to_2026-09-02_four_method_scan,50.62587301587302,340.69,-0.0938388903551246,-10.342377430985028,12.39,6.349206349206349,83.73015873015873,3.5714285714285716,75.0,32.53968253968254,457051.9,3232489,8816500764.0,True,,put,2026-10-16,51.0,BTO,245.0,0.9907708105785435,0.2,0.23,951.0,7.0,STO,240.0,0.16,0.22,1808.0,44.0,5.0,0.07,,28.08711732073146,,4,2026-08-28,2026-09-04,0.97972,26.7839,3.00827,25.616,26.7839,32.5299,0.0113225,29.1311,30.9402,27.186100000000003,27.043,29.4277,31.0132,-0.143100000000004,0.4022000000000041,4.156300000000002,3.5151000000000003,3.811700000000002,-1.8091000000000008,9.126984126984127,6.746031746031746,350.35820000000007,334.2135,-2.7595186868753396,False,True,False,-12.911554192229035,-10.715335059572507,2026-08-27,342.0,4166616498.0,1.13225,25779242,Internet Content & Media,0000-00-00,XLC,Comm,5,7,97.972,8,6.75,0.0,4.76,True,True,24.305555555555554,,False,False,False,,False,False,11.448412698412698,24.126984126984127,288,256,,False,0.2591000000000001,True,50.62587301587302,340.69,28.08711732073146,0.9907708105785435,-0.009229189421456452,340.69,29.554727171328775,0.9932663745914798,-0.006733625408520183,ORATS call delta minus one; put approximation,2026-08-28,19.0,21.0,2.0,admitted,,,
358,2026-08-27,NBIS,buy-first put-tail inventory,Pandar-direct inventory program; exact scanner geometry is partly mechanized,accumulate cheap far-OTM 1:1 put vertical inventory; usually about $5 wide and under $0.10; recycle and roll,IV/RR/put-skew gates; fixed 25-45% OTM band; complete-at-entry rule; universal 3x/5x exits,buy complete put spread in this implementation,2026-08-24_to_2026-09-02_four_method_scan,33.47904761904762,216.19,-0.2997601918465209,-20.873288924676093,24.14,21.428571428571427,70.63492063492063,15.476190476190476,83.33333333333333,35.317460317460316,243154.55,1332572,5786258197.41,True,,put,2026-09-18,23.0,BTO,120.0,0.9941120305624416,0.19,0.24,4506.0,156.0,STO,115.0,0.18,0.22,1760.0,27.0,5.0,0.06,,44.49326980896433,,4,2026-08-28,2026-09-04,0.952134,85.5745,2.10738,84.0304,85.5745,93.1802,0.0499628,95.89020000000001,97.3859,86.952,85.1814,91.842,93.0594,-1.7706000000000017,1.3774999999999977,11.811400000000006,11.859800000000007,7.8115999999999985,-1.4956999999999994,10.317460317460318,15.476190476190476,220.75599999999997,151.33280000000002,-2.0683469531971865,False,True,False,-4.9296394019349155,-2.733420269278386,2026-08-27,213.93,53943588.0,4.99628,27047437,Internet Content & Media,0000-00-00,XLK,Technology,5,22,95.2134,10,22.22,0.0,4.76,True,True,38.19444444444444,,False,False,False,,False,False,13.61111111111111,25.099206349206348,288,256,,False,-0.393100000000004,True,33.47904761904762,216.19,44.49326980896433,0.9941120305624416,-0.005887969437558427,216.19,46.806050233590824,0.9964496754564304,-0.0035503245435696273,ORATS call delta minus one; put approximation,2026-08-28,13.0,19.0,4.0,admitted,,,
361,2026-08-27,NVDA,buy-first put-tail inventory,Pandar-direct inventory program; exact scanner geometry is partly mechanized,accumulate cheap far-OTM 1:1 put vertical inventory; usually about $5 wide and under $0.10; recycle and roll,IV/RR/put-skew gates; fixed 25-45% OTM band; complete-at-entry rule; universal 3x/5x exits,buy complete put spread in this implementation,2026-08-24_to_2026-09-02_four_method_scan,49.02460317460318,228.35,5.322632719892995,0.0,9.15,11.11111111111111,92.85714285714286,23.015873015873016,67.46031746031746,80.15873015873017,3243404.65,15328583,24496727024.66,True,,put,2026-09-18,23.0,BTO,145.0,0.9989174451959876,0.06,0.08,27160.0,124.0,STO,140.0,0.06,0.07,47220.0,1403.0,5.0,0.02,,36.500985329538,,4,2026-08-28,2026-09-04,0.983319,32.9779,2.58884,35.443400000000004,32.9779,37.3608,0.00578985,37.966699999999996,35.2703,33.5194,34.684799999999996,42.3174,46.2779,1.1653999999999982,0.5414999999999992,2.2924000000000007,2.523299999999992,6.873999999999995,2.696399999999997,5.9523809523809526,28.571428571428573,208.13060000000002,195.72279999999998,9.714765632732526,True,True,True,6.511497737767624,8.707716870424154,2026-08-27,209.66,5530865350.0,0.57899,116840251,Semiconductors,0000-00-00,XLK,Technology,33,6,98.3319,11,4.76,20.41,33.33,True,True,64.93055555555556,,True,False,False,,False,False,21.46825396825397,25.753968253968253,288,256,,False,1.7068999999999974,True,49.02460317460318,228.35,36.500985329538,0.9989174451959876,-0.0010825548040124255,228.35,38.69060652507116,0.9989176376541856,-0.0010823623458143805,ORATS call delta minus one; put approximation,2026-08-28,12.0,55.0,12.0,admitted,,,
367,2026-08-27,PLTR,buy-first put-tail inventory,Pandar-direct inventory program; exact scanner geometry is partly mechanized,accumulate cheap far-OTM 1:1 put vertical inventory; usually about $5 wide and under $0.10; recycle and roll,IV/RR/put-skew gates; fixed 25-45% OTM band; complete-at-entry rule; universal 3x/5x exits,buy complete put spread in this implementation,2026-08-24_to_2026-09-02_four_method_scan,37.68746031746032,186.24,6.684997422237515,0.0,22.63,15.07936507936508,71.42857142857143,8.333333333333334,46.03174603174603,48.41269841269841,633540.2,3561097,8043232870.0,True,,put,2026-09-18,23.0,BTO,125.0,0.9973604812655856,0.14,0.16,10129.0,1059.0,STO,120.0,0.13,0.14,18752.0,2030.0,5.0,0.03,,32.88230240549829,,3,2026-08-28,2026-09-01,0.95469,46.5935,3.70975,47.1345,46.5935,55.847,0.0105734,50.164500000000004,51.3118,46.598099999999995,47.415600000000005,54.2402,57.44050000000001,0.8175000000000097,0.004599999999996385,4.718299999999999,3.030000000000001,7.105699999999999,-1.1472999999999942,3.1746031746031744,21.428571428571427,142.72459999999998,151.3826,30.489067757065037,True,True,True,30.447573019541906,32.643792152198436,2026-08-27,177.5,446446540.0,1.05734,45313988,Infrastructure Software,0000-00-00,XLK,Technology,48,23,95.469,9,22.62,22.95,47.62,True,True,88.88888888888889,,False,False,False,,False,False,12.936507936507935,22.023809523809522,288,256,,False,0.822100000000006,True,37.68746031746032,186.24,32.88230240549829,0.9973604812655856,-0.00263951873441437,186.24,35.56701030927836,0.9988639930353644,-0.0011360069646355608,ORATS call delta minus one; put approximation,2026-08-28,22.0,55.0,22.0,admitted,,,
415,2026-08-28,BMNR,buy-first put-tail inventory,Pandar-direct inventory program; exact scanner geometry is partly mechanized,accumulate cheap far-OTM 1:1 put vertical inventory; usually about $5 wide and under $0.10; recycle and roll,IV/RR/put-skew gates; fixed 25-45% OTM band; complete-at-entry rule; universal 3x/5x exits,buy complete put spread in this implementation,2026-08-24_to_2026-09-02_four_method_scan,45.94984126984127,23.88,4.599211563731931,-7.976878612716765,10.32,24.20634920634921,62.698412698412696,19.444444444444443,58.333333333333336,52.38095238095238,150853.35,1634776,966150017.8,True,,put,2026-09-18,22.0,BTO,15.0,0.9927372900367938,0.02,0.04,6922.0,12631.0,STO,11.0,0.01,0.02,84.0,0.0,4.0,0.03,,37.1859296482412,,3,2026-08-31,2026-09-04,0.874553,76.5251,1.0,72.7344,76.5251,80.93979999999999,0.0549367,91.5531,92.8354,80.08420000000001,74.6262,76.99510000000001,79.38300000000001,-5.458000000000013,3.559100000000015,16.310300000000012,18.818700000000007,4.260700000000014,-1.2823000000000064,4.365079365079365,7.936507936507937,17.4918,22.6297,36.52111274997425,True,True,True,23.73056994818652,26.826101180851946,2026-08-28,25.63,14405046.0,5.49367,37696060,Investment Banking & Brokerage,0000-00-00,XLF,Financials,43,10,87.4553,12,10.32,34.9,42.86,True,True,86.80555555555556,,False,False,False,,False,False,14.285714285714286,23.452380952380956,288,247,,False,-1.8988999999999976,True,45.94984126984127,23.88,37.1859296482412,0.9927372900367938,-0.007262709963206215,23.88,53.936348408710224,0.9999683648963484,-3.1635103651561636e-05,ORATS call delta minus one; put approximation,2026-08-31,23.0,1.0,0.0,no_live_quote_gate_at_flow_trigger,,,
428,2026-08-28,CRWV,buy-first put-tail inventory,Pandar-direct inventory program; exact scanner geometry is partly mechanized,accumulate cheap far-OTM 1:1 put vertical inventory; usually about $5 wide and under $0.10; recycle and roll,IV/RR/put-skew gates; fixed 25-45% OTM band; complete-at-entry rule; universal 3x/5x exits,buy complete put spread in this implementation,2026-08-24_to_2026-09-02_four_method_scan,60.35444444444444,84.09,-4.789402173913038,-22.160510969175228,4.09,0.7936507936507936,96.42857142857144,1.984126984126984,62.698412698412696,10.317460317460318,240980.9,2206768,2643995877.6,True,,put,2026-09-18,22.0,BTO,50.0,0.998158374528584,0.02,0.06,6754.0,177.0,STO,45.0,0.01,0.05,3498.0,1.0,5.0,0.0499999999999999,,40.5398977286241,,3,2026-08-31,2026-09-04,0.984872,68.7422,2.61571,64.8502,68.7422,77.97659999999999,0.0297847,70.8144,77.971,70.81769999999999,68.3034,69.7298,74.207,-2.5142999999999915,2.075499999999991,9.228800000000007,5.964200000000005,4.879599999999996,-7.156599999999997,3.9682539682539684,0.3968253968253968,87.9174,91.40764999999999,-4.35340444553638,False,False,False,-21.79856784153259,-18.703036608867166,2026-08-28,86.8,46378713.0,2.97847,30460782,Infrastructure Software,0000-00-00,XLK,Technology,5,1,98.4872,10,1.19,0.0,4.76,True,True,17.01388888888889,,False,False,False,,False,False,10.257936507936508,21.785714285714285,288,247,,False,-0.4388000000000005,True,60.35444444444444,84.09,40.5398977286241,0.998158374528584,-0.0018416254714159752,84.09,46.48590795576168,0.9997484644049874,-0.00025153559501256417,ORATS call delta minus one; put approximation,2026-08-31,21.0,48.0,19.0,admitted,,,
429,2026-08-28,CVNA,buy-first put-tail inventory,Pandar-direct inventory program; exact scanner geometry is partly mechanized,accumulate cheap far-OTM 1:1 put vertical inventory; usually about $5 wide and under $0.10; recycle and roll,IV/RR/put-skew gates; fixed 25-45% OTM band; complete-at-entry rule; universal 3x/5x exits,buy complete put spread in this implementation,2026-08-24_to_2026-09-02_four_method_scan,40.12460317460318,73.97,6.095811818703378,-2.401372212692976,23.05,4.365079365079365,93.25396825396824,4.761904761904762,90.07936507936508,25.0,55882.4,1066296,759502739.47,True,,put,2026-09-18,22.0,BTO,45.0,0.998926388074103,0.02,0.06,1852.0,0.0,STO,40.0,0.01,0.06,8945.0,1480.0,5.0,0.0499999999999999,,39.164526159253754,,3,2026-08-31,2026-09-04,0.954021,53.7655,2.74671,50.346500000000006,53.7655,63.052299999999995,0.0412627,53.0713,56.1212,52.6648,55.8308,57.2473,63.5366,3.166000000000004,-1.1007000000000033,2.355699999999999,2.724799999999995,6.900799999999997,-3.049900000000001,6.746031746031746,12.698412698412698,67.99640000000001,257.55760000000004,8.785170979640089,True,False,True,0.5163745074058923,3.6119057400713195,2026-08-28,74.09,81331864.0,4.12627,10251083,Auto Dealerships,0000-00-00,XLY,C. Cyclical,24,23,95.4021,8,23.02,26.61,23.81,True,True,51.388888888888886,,False,False,False,,False,False,10.773809523809524,25.257936507936506,288,247,,False,2.0653000000000006,True,40.12460317460318,73.97,39.164526159253754,0.998926388074103,-0.0010736119258969445,73.97,45.92402325267,0.9999249792454138,-7.502075458620805e-05,ORATS call delta minus one; put approximation,2026-08-31,19.0,4.0,2.0,admitted,,,
443,2026-08-28,GOOGL,buy-first put-tail inventory,Pandar-direct inventory program; exact scanner geometry is partly mechanized,accumulate cheap far-OTM 1:1 put vertical inventory; usually about $5 wide and under $0.10; recycle and roll,IV/RR/put-skew gates; fixed 25-45% OTM band; complete-at-entry rule; universal 3x/5x exits,buy complete put spread in this implementation,2026-08-24_to_2026-09-02_four_method_scan,48.49793650793651,347.63,0.5088617110474924,-8.516013579304726,13.01,11.507936507936508,72.61904761904762,5.9523809523809526,62.301587301587304,25.79365079365079,438140.85,3364151,8718245230.5,True,,put,2026-10-16,50.0,BTO,235.0,0.998037363688032,0.12,0.16,494.0,16.0,STO,230.0,0.1,0.15,478.0,75.0,5.0,0.06,,32.39939015620056,,3,2026-08-31,2026-09-04,0.983833,26.6465,3.08037,24.401999999999997,26.6465,32.733000000000004,0.0107293,27.2839,30.345899999999997,26.8533,27.038800000000002,27.6161,31.124499999999998,0.1855000000000011,0.2068000000000012,3.699399999999997,2.8819000000000017,3.214100000000002,-3.0619999999999976,5.555555555555555,3.5714285714285716,350.04240000000004,334.50130000000007,-0.689173654391595,False,True,False,-8.916312948697803,-5.820781716032375,2026-08-28,340.65,4251492245.0,1.07293,25592970,Internet Content & Media,0000-00-00,XLC,Comm,10,7,98.3833,8,7.14,1.01,9.52,True,True,29.86111111111111,,False,False,False,,False,False,12.51984126984127,22.519841269841272,288,247,,False,0.3923000000000023,True,48.49793650793651,347.63,32.39939015620056,0.998037363688032,-0.0019626363119680246,347.63,33.837701003940964,0.998593501147026,-0.0014064988529739475,ORATS call delta minus one; put approximation,2026-08-31,11.0,51.0,11.0,admitted,,,
445,2026-08-28,HOOD,buy-first put-tail inventory,Pandar-direct inventory program; exact scanner geometry is partly mechanized,accumulate cheap far-OTM 1:1 put vertical inventory; usually about $5 wide and under $0.10; recycle and roll,IV/RR/put-skew gates; fixed 25-45% OTM band; complete-at-entry rule; universal 3x/5x exits,buy complete put spread in this implementation,2026-08-24_to_2026-09-02_four_method_scan,31.94555555555556,104.31,-2.431952109250768,-6.599212034383961,28.61,12.698412698412698,75.39682539682539,9.523809523809524,56.34920634920635,19.444444444444443,212786.75,1704223,2111728398.08,True,,put,2026-09-18,22.0,BTO,70.0,0.9928986512609996,0.07,0.1,11447.0,2445.0,STO,65.0,0.03,0.1,8169.0,6.0,5.0,0.07,,32.8923401399674,,3,2026-08-31,2026-09-02,0.986455,57.692,2.16825,55.2791,57.692,63.329100000000004,0.0373832,61.5371,66.0767,58.278600000000004,58.1137,59.3387,62.694700000000005,-0.16490000000000293,0.5866000000000042,8.384700000000002,6.258000000000003,4.059600000000003,-4.5396,4.365079365079365,11.11111111111111,101.397,95.4218,2.872866061126067,True,True,True,11.513790891597164,14.609322124262592,2026-08-28,109.76,93783272.0,3.73832,19239508,Investment Banking & Brokerage,0000-00-00,XLF,Financials,14,17,98.6455,9,18.25,11.82,19.05,True,True,74.65277777777779,,True,False,False,,False,False,22.5,21.607142857142854,288,247,,False,0.4217000000000013,True,31.945555555555558,104.31,32.8923401399674,0.9928986512609996,-0.007101348739000368,104.31,37.68574441568402,0.9980018259122114,-0.0019981740877885734,ORATS call delta minus one; put approximation,2026-08-31,25.0,55.0,25.0,admitted,,,
457,2026-08-28,MRVL,buy-first put-tail inventory,Pandar-direct inventory program; exact scanner geometry is partly mechanized,accumulate cheap far-OTM 1:1 put vertical inventory; usually about $5 wide and under $0.10; recycle and roll,IV/RR/put-skew gates; fixed 25-45% OTM band; complete-at-entry rule; universal 3x/5x exits,buy complete put spread in this implementation,2026-08-24_to_2026-09-02_four_method_scan,36.5884126984127,218.23,-8.167816865847499,-12.578616352201257,26.11,5.555555555555555,93.25396825396824,5.9523809523809526,84.52380952380952,33.333333333333336,192808.55,1749410,5690679033.599999,True,,put,2026-09-18,22.0,BTO,140.0,0.9979361236515972,0.04,0.07,4082.0,41.0,STO,135.0,0.04,0.06,2430.0,19.0,5.0,0.03,,35.8475003436741,,3,2026-08-31,2026-09-04,0.986884,58.385600000000004,1.59697,57.914500000000004,58.385600000000004,63.659,0.0255146,69.63390000000001,70.3918,61.2088,56.9067,60.229200000000006,59.8798,-4.302099999999996,2.823199999999993,12.0062,11.719400000000007,2.314700000000002,-0.7578999999999922,2.7777777777777777,30.555555555555557,228.7078,148.76955,-4.581304179393975,False,True,False,6.210152333674013,9.30568356633944,2026-08-28,241.45,196124308.0,2.55146,23568768,Semiconductors,0000-00-00,XLK,Technology,5,56,98.6884,13,55.95,0.0,4.76,True,True,64.23611111111111,,True,False,False,,False,False,20.892857142857146,25.11904761904762,288,247,,False,-1.478900000000003,True,36.5884126984127,218.23,35.8475003436741,0.9979361236515972,-0.002063876348402771,218.23,38.13866104568574,0.9987385761043576,-0.0012614238956424328,ORATS call delta minus one; put approximation,2026-08-31,4.0,53.0,4.0,admitted,,,
463,2026-08-28,NVDA,buy-first put-tail inventory,Pandar-direct inventory program; exact scanner geometry is partly mechanized,accumulate cheap far-OTM 1:1 put vertical inventory; usually about $5 wide and under $0.10; recycle and roll,IV/RR/put-skew gates; fixed 25-45% OTM band; complete-at-entry rule; universal 3x/5x exits,buy complete put spread in this implementation,2026-08-24_to_2026-09-02_four_method_scan,53.07873015873016,216.99,0.7662301476734523,-4.974819356251359,7.08,12.698412698412698,86.5079365079365,11.507936507936508,90.07936507936508,80.55555555555556,3349496.95,16147517,28281156099.199997,True,,put,2026-09-18,22.0,BTO,135.0,0.9988619712951298,0.05,0.06,17971.0,894.0,STO,130.0,0.05,0.06,31916.0,5187.0,5.0,0.0099999999999999,,37.78515138946496,,3,2026-08-31,2026-09-04,0.978816,32.6538,2.42795,32.414,32.6538,37.0612,0.00513055,38.2148,35.431400000000004,32.596199999999996,33.819300000000005,44.6267,39.438,1.2231000000000094,-0.05760000000000076,2.7776000000000067,5.800799999999995,12.212699999999998,2.783399999999993,46.03174603174603,12.301587301587302,208.389,195.8096,4.127377164821566,True,True,True,-0.02303722816070497,3.072494004504722,2026-08-28,227.98,5255714790.0,0.51306,124051040,Semiconductors,0000-00-00,XLK,Technology,19,2,97.8816,11,3.17,15.79,28.57,True,True,50.34722222222222,,True,False,False,other,False,False,21.944444444444443,33.035714285714285,288,247,,False,1.1655000000000086,True,53.07873015873016,216.99,37.78515138946496,0.9988619712951298,-0.0011380287048702309,216.99,40.089405041706996,0.9988780927095646,-0.0011219072904353755,ORATS call delta minus one; put approximation,2026-08-31,23.0,55.0,23.0,admitted,,,
505,2026-08-31,MSTR,sell-first call grab,Pandar-direct call-tail sale/crush core only; conversion is derived,sell unusually overpriced far-OTM front-weekly call tails; expect local wing crush; size for strike touch,RR/wing/kink gates; 2-6 delta and 5-19 DTE selection; nearer-call conversion; order and stop rules,sell far-OTM call,2026-08-24_to_2026-09-02_four_method_scan,52.301587301587304,132.56,8.406934903500174,-3.2902896330342046,40.34,3.5714285714285716,93.25396825396824,2.7777777777777777,86.11111111111111,73.80952380952381,490066.65,2637214,3152955386.08,True,,call,2026-09-04,5.0,STO,160.0,0.0425624229165183,0.23,0.25,1895.0,1345.0,BTO,157.5,0.29,0.33,349.0,258.0,2.5,0.23,0.13,,,3,2026-09-01,2026-09-04,0.989517,70.1234,1.87043,71.9679,70.1234,75.0278,0.0322437,91.7298,88.52170000000001,74.51520000000001,68.6733,81.1126,83.3104,-5.84190000000001,4.3918000000000035,18.398300000000006,19.761899999999997,9.1447,3.2080999999999875,2.380952380952381,49.6031746031746,100.7928,140.65395,31.517330602979587,False,False,True,-11.873421087621317,-8.251763819408731,2026-08-31,127.31,52663657.0,3.22437,24765968,Application Software,0000-00-00,XLK,Technology,43,53,98.9517,8,50.79,33.55,38.1,True,True,28.373702422145332,,False,False,False,grab,False,True,10.694444444444445,52.301587301587304,289,251,21.81830124936408,False,-1.4501000000000062,False,28.730158730158728,132.56,20.70006035003018,0.0425624229165183,0.0425624229165183,132.56,18.814121907060954,0.0538373470089334,0.0538373470089334,ORATS call model delta,2026-09-01,2.0,0.0,0.0,no_live_quote_gate_at_flow_trigger,1.5674736491151315,51.0,90.19607843137256
514,2026-08-31,AMZN,buy-first put-tail inventory,Pandar-direct inventory program; exact scanner geometry is partly mechanized,accumulate cheap far-OTM 1:1 put vertical inventory; usually about $5 wide and under $0.10; recycle and roll,IV/RR/put-skew gates; fixed 25-45% OTM band; complete-at-entry rule; universal 3x/5x exits,buy complete put spread in this implementation,2026-08-24_to_2026-09-02_four_method_scan,25.205873015873017,259.31,-1.1361470128483764,-6.8704209165349805,32.81,18.253968253968253,78.96825396825396,16.666666666666668,38.492063492063494,25.79365079365079,774605.4,4462977,11282597266.89,True,,put,2026-10-16,47.0,BTO,165.0,0.9993420599750712,0.06,0.09,740.0,6.0,STO,160.0,0.04,0.1,677.0,1.0,5.0,0.0499999999999999,,36.369596236165215,,3,2026-09-01,2026-09-04,0.965436,28.3426,3.85553,25.6643,28.3426,34.7007,0.0131222,26.7467,30.0668,28.4142,29.1039,28.8912,34.8891,0.6896999999999984,0.07160000000000011,1.7241999999999997,1.0823999999999998,3.2269000000000005,-3.3201,1.1904761904761905,8.73015873015873,252.10639999999995,238.78074999999998,2.8573649855775374,True,True,True,-1.1851230851307126,2.436534183081873,2026-08-31,266.43,2788685034.0,1.31222,42347323,E-commerce & Internet Retail,0000-00-00,XLY,C. Cyclical,38,26,96.5436,8,26.59,26.46,47.62,True,True,49.13494809688581,,True,False,False,,False,False,22.876984126984127,20.13888888888889,289,251,,False,0.7612999999999985,True,25.205873015873014,259.31,36.369596236165215,0.9993420599750712,-0.0006579400249288048,259.31,38.29779028961475,0.9996966507987036,-0.00030334920129637677,ORATS call delta minus one; put approximation,2026-09-01,21.0,53.0,21.0,admitted,,,
526,2026-08-31,BE,buy-first put-tail inventory,Pandar-direct inventory program; exact scanner geometry is partly mechanized,accumulate cheap far-OTM 1:1 put vertical inventory; usually about $5 wide and under $0.10; recycle and roll,IV/RR/put-skew gates; fixed 25-45% OTM band; complete-at-entry rule; universal 3x/5x exits,buy complete put spread in this implementation,2026-08-24_to_2026-09-02_four_method_scan,60.476190476190474,204.98,0.6827447320595148,-14.022062832934868,0.0,11.11111111111111,89.28571428571429,11.507936507936508,84.52380952380952,77.77777777777777,105865.5,887351,2764665453.06,True,,put,2026-09-18,19.0,BTO,120.0,0.996701872043792,0.1,0.13,3762.0,648.0,STO,115.0,0.05,0.1,338.0,36.0,5.0,0.08,,41.45770319055517,,2,2026-09-01,2026-09-04,0.987018,78.447,3.2866,85.54429999999999,78.447,85.9985,0.032647,98.6563,89.1705,82.283,76.7903,87.6474,81.3852,-5.492699999999999,3.8359999999999985,10.723500000000001,13.112000000000009,2.103100000000012,9.485799999999998,8.73015873015873,2.7777777777777777,234.6566,188.90675,-12.646820928965985,False,True,False,-25.529518619436875,-21.907861351224287,2026-08-31,210.77,60372215.0,3.2647,13116978,Electrical Equipment Manufacturing,0000-00-00,XLI,Industrials,5,0,98.7018,8,0.4,0.0,4.76,True,True,16.955017301038062,,False,False,False,,False,False,11.646825396825395,27.341269841269842,289,251,,False,-1.6567000000000007,True,60.476190476190474,204.98,41.45770319055517,0.996701872043792,-0.0032981279562079857,204.98,43.896965557615374,0.9982864378443668,-0.0017135621556332303,ORATS call delta minus one; put approximation,2026-09-01,17.0,0.0,0.0,no_live_quote_gate_at_flow_trigger,,,
527,2026-08-31,BMNR,buy-first put-tail inventory,Pandar-direct inventory program; exact scanner geometry is partly mechanized,accumulate cheap far-OTM 1:1 put vertical inventory; usually about $5 wide and under $0.10; recycle and roll,IV/RR/put-skew gates; fixed 25-45% OTM band; complete-at-entry rule; universal 3x/5x exits,buy complete put spread in this implementation,2026-08-24_to_2026-09-02_four_method_scan,44.92428571428571,25.13,4.403822185292894,-3.159922928709058,10.79,24.20634920634921,65.47619047619048,22.22222222222222,28.96825396825397,40.07936507936508,152182.55,1494538,914811595.6,True,,put,2026-09-18,19.0,BTO,17.0,0.9764029875934096,0.03,0.05,1935.0,4.0,STO,14.0,0.01,0.03,7126.0,71.0,3.0,0.04,,32.3517707918822,,2,2026-09-01,2026-09-04,0.817678,76.5055,1.0,76.1886,76.5055,80.5063,0.0625735,89.6651,93.0811,80.36710000000001,75.3552,81.8508,80.9721,-5.011900000000011,3.86160000000001,16.57560000000001,13.476500000000001,5.662200000000013,-3.416000000000011,6.349206349206349,12.698412698412698,17.6758,22.55715,42.171782889600486,True,True,True,32.54219409282699,36.163851361039576,2026-08-31,23.8,15159079.0,6.25735,38437462,Investment Banking & Brokerage,0000-00-00,XLF,Financials,52,12,81.7678,11,11.51,37.56,52.38,True,True,95.8477508650519,,False,False,False,,False,False,14.146825396825397,19.90079365079365,289,251,,False,-1.1503000000000014,True,44.924285714285716,25.13,32.3517707918822,0.9764029875934096,-0.0235970124065904,25.13,44.28969359331476,0.9984607472710127,-0.0015392527289872504,ORATS call delta minus one; put approximation,2026-09-01,13.0,55.0,13.0,admitted,,,
540,2026-08-31,CRWV,buy-first put-tail inventory,Pandar-direct inventory program; exact scanner geometry is partly mechanized,accumulate cheap far-OTM 1:1 put vertical inventory; usually about $5 wide and under $0.10; recycle and roll,IV/RR/put-skew gates; fixed 25-45% OTM band; complete-at-entry rule; universal 3x/5x exits,buy complete put spread in this implementation,2026-08-24_to_2026-09-02_four_method_scan,63.14761904761905,84.69,-1.9110493398193265,-21.60510969175229,0.9,1.5873015873015872,95.63492063492065,3.1746031746031744,84.12698412698413,34.92063492063492,226743.1,2119289,2458744874.35,True,,put,2026-09-18,19.0,BTO,62.5,0.9664856581030684,0.16,0.19,10442.0,16.0,STO,60.0,0.12,0.13,7462.0,28.0,2.5,0.07,,26.201440547880505,,2,2026-09-01,2026-09-04,0.989369,68.0213,2.83631,67.2105,68.0213,76.34349999999999,0.0264282,76.9205,76.8965,70.0433,67.6465,73.3416,74.8309,-2.396799999999999,2.0220000000000056,8.875200000000007,9.710000000000008,6.1311000000000035,0.02400000000000091,5.555555555555555,0.7936507936507936,87.27939999999998,91.38575,-2.9667939972089497,False,False,False,-31.921221864951775,-28.299564596739188,2026-08-31,84.23,46709635.0,2.64282,29190845,Infrastructure Software,0000-00-00,XLK,Technology,5,1,98.9369,10,0.79,0.0,4.76,True,True,12.45674740484429,,False,False,False,,False,False,10.376984126984127,25.158730158730158,289,251,,False,-0.37479999999999336,True,63.14761904761905,84.69,26.201440547880505,0.9664856581030684,-0.03351434189693159,84.69,29.15338292596529,0.9790180763309124,-0.020981923669087577,ORATS call delta minus one; put approximation,2026-09-01,8.0,26.0,1.0,admitted,,,
551,2026-08-31,GOOG,buy-first put-tail inventory,Pandar-direct inventory program; exact scanner geometry is partly mechanized,accumulate cheap far-OTM 1:1 put vertical inventory; usually about $5 wide and under $0.10; recycle and roll,IV/RR/put-skew gates; fixed 25-45% OTM band; complete-at-entry rule; universal 3x/5x exits,buy complete put spread in this implementation,2026-08-24_to_2026-09-02_four_method_scan,42.78809523809524,335.49,-2.916919871516621,-11.1002172876146,17.45,13.88888888888889,75.0,9.92063492063492,63.492063492063494,29.365079365079364,155288.15,1689645,5900388761.6,True,,put,2026-09-18,19.0,BTO,195.0,0.9993491030532756,0.01,0.04,378.0,2.0,STO,190.0,0.01,0.04,1287.0,4.0,5.0,0.03,,41.87606187963874,,2,2026-09-01,2026-09-04,0.985126,27.129199999999997,3.10321,26.528800000000004,27.129199999999997,32.412800000000004,0.0106888,29.6568,31.681199999999997,27.2799,27.619500000000002,29.2005,30.459199999999996,0.3396000000000008,0.15070000000000405,4.552,3.1279999999999966,2.6716999999999977,-2.0243999999999964,1.9841269841269842,9.126984126984127,347.6232,333.6466,-3.490330910019812,False,True,False,-10.186325426995769,-6.564668158783183,2026-08-31,342.88,4103020836.0,1.06888,17208320,Internet Content & Media,0000-00-00,XLC,Comm,24,12,98.5126,8,11.9,8.51,23.81,True,True,30.44982698961938,,False,False,False,,False,False,12.63888888888889,22.817460317460316,289,251,,False,0.49030000000000484,True,42.78809523809524,335.49,41.87606187963874,0.9993491030532756,-0.0006508969467243775,335.49,43.366419267340305,0.9993491030532756,-0.0006508969467243775,ORATS call delta minus one; put approximation,2026-09-01,13.0,0.0,0.0,no_live_quote_gate_at_flow_trigger,,,
552,2026-08-31,GOOGL,buy-first put-tail inventory,Pandar-direct inventory program; exact scanner geometry is partly mechanized,accumulate cheap far-OTM 1:1 put vertical inventory; usually about $5 wide and under $0.10; recycle and roll,IV/RR/put-skew gates; fixed 25-45% OTM band; complete-at-entry rule; universal 3x/5x exits,buy complete put spread in this implementation,2026-08-24_to_2026-09-02_four_method_scan,45.29412698412698,339.09,-2.892408144563141,-10.76344114318799,16.69,8.333333333333334,84.52380952380952,6.746031746031746,80.55555555555556,24.603174603174605,421043.5,3211722,8791981109.46,True,,put,2026-10-16,47.0,BTO,240.0,0.9955326627132866,0.14,0.18,1809.0,8.0,STO,235.0,0.12,0.16,494.0,4.0,5.0,0.06,,29.222330354773064,,2,2026-09-01,2026-09-04,0.977621,27.1376,3.15174,24.5864,27.1376,32.615,0.0117824,28.3192,32.006,27.556599999999996,27.5696,27.3183,30.952,0.01300000000000523,0.41899999999999693,4.868400000000001,3.7327999999999975,2.7318999999999996,-3.6868000000000016,3.5714285714285716,4.761904761904762,349.4474000000001,334.74255000000005,-2.963936775606313,False,True,False,-10.179593134138587,-6.557935865926002,2026-08-31,346.59,4147048602.0,1.17824,25367094,Internet Content & Media,0000-00-00,XLC,Comm,19,10,97.7621,8,9.92,6.94,19.05,True,True,30.79584775086505,,False,False,False,,False,False,11.607142857142858,24.28571428571429,289,251,,False,0.43200000000000216,True,45.29412698412698,339.09,29.222330354773064,0.9955326627132866,-0.004467337286713446,339.09,30.696865139048622,0.9970104882800384,-0.002989511719961646,ORATS call delta minus one; put approximation,2026-09-01,16.0,16.0,8.0,admitted,,,
554,2026-08-31,HOOD,buy-first put-tail inventory,Pandar-direct inventory program; exact scanner geometry is partly mechanized,accumulate cheap far-OTM 1:1 put vertical inventory; usually about $5 wide and under $0.10; recycle and roll,IV/RR/put-skew gates; fixed 25-45% OTM band; complete-at-entry rule; universal 3x/5x exits,buy complete put spread in this implementation,2026-08-24_to_2026-09-02_four_method_scan,31.014603174603177,104.91,1.4309194624383623,-6.061962750716344,32.16,3.5714285714285716,94.04761904761904,5.555555555555555,69.84126984126983,41.26984126984127,211460.0,1576018,1939734050.02,True,,put,2026-09-18,19.0,BTO,65.0,0.9995734466703684,0.03,0.05,8165.0,83.0,STO,60.0,0.02,0.05,5484.0,10.0,5.0,0.03,,38.04213135068153,,2,2026-09-01,2026-09-02,0.976805,58.9171,2.54255,59.5816,58.9171,64.1456,0.0335418,67.74719999999999,67.1492,60.6685,58.526,63.1521,63.040099999999995,-2.1424999999999983,1.7514000000000038,8.232099999999996,8.16559999999999,3.5704999999999956,0.597999999999999,3.9682539682539684,24.206349206349206,101.3608,95.28790000000001,3.5015508954151953,True,True,True,14.995067412035512,18.616724680248097,2026-08-31,104.26,94322721.0,3.35418,18604777,Investment Banking & Brokerage,0000-00-00,XLF,Financials,24,27,97.6805,9,27.38,20.08,23.81,True,True,81.31487889273356,,True,False,False,,False,False,20.654761904761905,24.047619047619047,289,251,,False,-0.39109999999999445,True,31.014603174603177,104.91,38.04213135068153,0.9995734466703684,-0.000426553329631596,104.91,42.80812124678296,0.9999486088178018,-5.1391182198212704e-05,ORATS call delta minus one; put approximation,2026-09-01,13.0,55.0,13.0,admitted,,,
566,2026-08-31,MRVL,buy-first put-tail inventory,Pandar-direct inventory program; exact scanner geometry is partly mechanized,accumulate cheap far-OTM 1:1 put vertical inventory; usually about $5 wide and under $0.10; recycle and roll,IV/RR/put-skew gates; fixed 25-45% OTM band; complete-at-entry rule; universal 3x/5x exits,buy complete put spread in this implementation,2026-08-24_to_2026-09-02_four_method_scan,34.22190476190476,211.92,-7.736514432495978,-15.106357408965277,25.54,15.476190476190476,72.61904761904762,10.714285714285714,66.66666666666667,56.34920634920635,196925.45,1653562,5304816711.28,True,,put,2026-09-18,19.0,BTO,135.0,0.9993693939283468,0.03,0.05,2423.0,23.0,STO,130.0,0.02,0.05,2551.0,7.0,5.0,0.03,,36.29671574178936,,2,2026-09-01,2026-09-04,0.98952,57.4314,2.10957,60.339600000000004,57.4314,62.5812,0.0249615,69.6173,66.1503,58.8625,56.5588,62.3472,58.8793,-2.303699999999999,1.4311000000000007,8.718900000000005,9.277699999999996,2.0075999999999965,3.4669999999999987,2.380952380952381,36.904761904761905,226.3768,149.3834,-6.386166780341451,False,True,False,-3.720866839307635,-0.09920957109504913,2026-08-31,216.62,190453482.0,2.49615,24489044,Semiconductors,0000-00-00,XLK,Technology,5,54,98.952,13,54.37,0.0,4.76,True,True,44.636678200692046,,False,False,False,,False,False,12.916666666666666,24.484126984126984,289,251,,False,-0.8725999999999985,True,34.22190476190476,211.92,36.296715741789356,0.9993693939283468,-0.0006306060716532169,211.92,38.6560966402416,0.9997594302769977,-0.00024056972300234847,ORATS call delta minus one; put approximation,2026-09-01,17.0,55.0,17.0,admitted,,,
572,2026-08-31,NVDA,buy-first put-tail inventory,Pandar-direct inventory program; exact scanner geometry is partly mechanized,accumulate cheap far-OTM 1:1 put vertical inventory; usually about $5 wide and under $0.10; recycle and roll,IV/RR/put-skew gates; fixed 25-45% OTM band; complete-at-entry rule; universal 3x/5x exits,buy complete put spread in this implementation,2026-08-24_to_2026-09-02_four_method_scan,57.39523809523809,219.94,5.512113216598702,-3.6829428508867945,0.7,18.253968253968253,78.96825396825396,16.26984126984127,47.22222222222222,36.904761904761905,3291880.15,15235599,27671919026.15,True,,put,2026-09-18,19.0,BTO,130.0,0.9989032801739264,0.04,0.05,32501.0,83.0,STO,125.0,0.04,0.05,49486.0,705.0,5.0,0.01,,40.892970810220966,,2,2026-09-01,2026-09-04,0.948351,31.1325,2.72677,28.896100000000004,31.1325,36.0905,0.00687418,29.962,32.0835,30.641099999999998,32.5112,34.517900000000004,38.6796,1.8701000000000043,-0.4914000000000023,0.9510000000000005,1.0658999999999956,5.6218,-2.121500000000001,3.5714285714285716,3.1746031746031744,208.585,195.94025000000002,5.443823860776176,True,True,True,-1.6412503913063037,1.9804068769062821,2026-08-31,217.55,5310891180.0,0.68742,127197973,Semiconductors,0000-00-00,XLK,Technology,5,0,94.8351,11,0.79,1.56,9.52,True,True,47.75086505190311,,True,False,False,,False,False,22.876984126984127,21.567460317460316,289,251,,False,1.378700000000002,True,57.39523809523809,219.94,40.892970810220966,0.9989032801739264,-0.0010967198260736222,219.94,43.166318086750934,0.9989643476658776,-0.0010356523341223944,ORATS call delta minus one; put approximation,2026-09-01,18.0,55.0,18.0,admitted,,,
573,2026-08-31,OKLO,buy-first put-tail inventory,Pandar-direct inventory program; exact scanner geometry is partly mechanized,accumulate cheap far-OTM 1:1 put vertical inventory; usually about $5 wide and under $0.10; recycle and roll,IV/RR/put-skew gates; fixed 25-45% OTM band; complete-at-entry rule; universal 3x/5x exits,buy complete put spread in this implementation,2026-08-24_to_2026-09-02_four_method_scan,54.285714285714285,40.53,1.783023606228018,-15.895413986304208,0.0,28.571428571428573,65.47619047619048,25.0,52.38095238095238,30.15873015873016,59808.7,660526,400111506.0,True,,put,2026-09-18,19.0,BTO,30.0,0.9721704934591912,0.06,0.11,2608.0,106.0,STO,25.0,0.01,0.05,11637.0,3.0,5.0,0.1,,25.980754996299037,,2,2026-09-01,2026-09-04,0.930152,71.8123,2.20069,71.8435,71.8123,78.98049999999999,0.0379618,83.5777,85.71809999999999,74.7717,71.22309999999999,75.5765,75.5339,-3.5486000000000075,2.9594000000000023,13.9058,11.734199999999987,3.73299999999999,-2.1403999999999996,5.555555555555555,0.7936507936507936,45.2724,66.075,-10.47525644763696,False,False,False,-40.12409513960703,-36.50243787139444,2026-08-31,40.14,7539295.0,3.79618,9967900,Independent Power Production,0000-00-00,XLU,Utilities,5,0,93.0152,10,0.4,0.0,4.76,True,True,7.26643598615917,,False,False,False,,False,False,14.583333333333334,21.746031746031747,289,251,,False,-0.5892000000000053,True,54.285714285714285,40.53,25.980754996299037,0.9721704934591912,-0.027829506540808846,40.53,38.3172958302492,0.9984340867686584,-0.0015659132313415869,ORATS call delta minus one; put approximation,2026-09-01,16.0,0.0,0.0,no_live_quote_gate_at_flow_trigger,,,
579,2026-08-31,PLTR,buy-first put-tail inventory,Pandar-direct inventory program; exact scanner geometry is partly mechanized,accumulate cheap far-OTM 1:1 put vertical inventory; usually about $5 wide and under $0.10; recycle and roll,IV/RR/put-skew gates; fixed 25-45% OTM band; complete-at-entry rule; universal 3x/5x exits,buy complete put spread in this implementation,2026-08-24_to_2026-09-02_four_method_scan,41.82619047619048,187.12,5.8850158442734335,0.0,13.65,25.396825396825395,64.68253968253968,22.22222222222222,46.03174603174603,58.73015873015873,622491.95,3447277,8539180021.58,True,,put,2026-09-18,19.0,BTO,105.0,0.9995941227672548,0.03,0.06,8565.0,59.0,STO,100.0,0.03,0.05,14650.0,19.0,5.0,0.03,,43.88627618640445,,1,2026-09-01,2026-09-01,0.980301,45.0638,3.8849,45.3756,45.0638,54.0358,0.0161604,48.296,47.8062,44.8942,46.483999999999995,53.3574,55.5771,1.5897999999999968,-0.16960000000000264,2.7423999999999964,2.9204000000000008,7.9818,0.48980000000000246,7.142857142857143,13.492063492063492,145.0218,151.3198,29.028877037797063,True,True,True,16.491315445433607,20.112972713646194,2026-08-31,186.29,448556038.0,1.61604,45838102,Infrastructure Software,0000-00-00,XLK,Technology,24,10,98.0301,9,9.13,13.56,23.81,True,True,83.39100346020761,,False,False,False,,False,False,14.305555555555554,22.539682539682538,289,251,,False,1.4201999999999941,True,41.826190476190476,187.12,43.88627618640445,0.9995941227672548,-0.0004058772327452109,187.12,46.55835827276614,0.9996048666892272,-0.00039513331077278835,ORATS call delta minus one; put approximation,2026-09-01,10.0,55.0,10.0,admitted,,,
593,2026-08-31,SHOP,buy-first put-tail inventory,Pandar-direct inventory program; exact scanner geometry is partly mechanized,accumulate cheap far-OTM 1:1 put vertical inventory; usually about $5 wide and under $0.10; recycle and roll,IV/RR/put-skew gates; fixed 25-45% OTM band; complete-at-entry rule; universal 3x/5x exits,buy complete put spread in this implementation,2026-08-24_to_2026-09-02_four_method_scan,44.31587301587302,147.26,-1.7152773142895428,-7.032828282828296,13.7,17.063492063492063,82.14285714285714,17.857142857142858,77.77777777777777,41.666666666666664,43510.95,766733,1563481396.4,True,,put,2026-09-18,19.0,BTO,95.0,0.9993982940850064,0.01,0.04,695.0,14.0,STO,90.0,0.01,0.06,9044.0,28.0,5.0,0.03,,35.488252071166634,,2,2026-09-01,2026-09-04,0.961996,42.924800000000005,4.0,43.7325,42.924800000000005,52.5803,0.0509328,47.768,47.1766,43.1274,43.7303,47.7851,47.2241,0.6028999999999982,0.20259999999999678,4.251799999999996,4.035499999999999,4.052599999999998,0.5914000000000001,11.904761904761905,13.492063492063492,131.5778,131.38755,11.918575929982111,True,True,True,18.585923659204372,22.20758092741696,2026-08-31,152.9,189471185.0,5.09328,10225516,Application Software,0000-00-00,XLK,Technology,14,11,96.1996,9,11.11,3.94,14.29,True,True,86.85121107266436,,True,False,False,,False,False,22.599206349206348,24.86111111111111,289,251,,False,0.805499999999995,True,44.31587301587302,147.26,35.488252071166634,0.9993982940850064,-0.0006017059149936443,147.26,38.883607225315764,0.999429574537676,-0.0005704254623239979,ORATS call delta minus one; put approximation,2026-09-01,11.0,2.0,0.0,no_live_quote_gate_at_flow_trigger,,,
625,2026-09-01,AMZN,buy-first put-tail inventory,Pandar-direct inventory program; exact scanner geometry is partly mechanized,accumulate cheap far-OTM 1:1 put vertical inventory; usually about $5 wide and under $0.10; recycle and roll,IV/RR/put-skew gates; fixed 25-45% OTM band; complete-at-entry rule; universal 3x/5x exits,buy complete put spread in this implementation,2026-08-24_to_2026-09-02_four_method_scan,26.17301587301587,254.25,-2.5227159452516856,-8.35856401384083,29.7,26.19047619047619,61.904761904761905,19.444444444444443,63.888888888888886,31.349206349206348,759266.45,4499820,9975979261.71,True,,put,2026-10-16,46.0,BTO,165.0,0.9990889591050642,0.07,0.11,741.0,10.0,STO,160.0,0.06,0.1,678.0,11.0,5.0,0.05,,35.103244837758105,,2,2026-09-02,2026-09-04,0.964602,28.5601,3.9643,26.124399999999998,28.5601,34.7974,0.010378,28.4086,30.350899999999996,28.3555,29.3846,31.336799999999997,34.802499999999995,1.0290999999999997,-0.20459999999999923,1.7907999999999973,2.284200000000002,5.212399999999999,-1.942299999999996,13.88888888888889,11.507936507936508,252.52859999999998,238.8275,0.6816653638439529,True,True,True,-1.2813046010483498,3.843220967933591,2026-09-01,259.77,2734268520.0,1.0378,38403123,E-commerce & Internet Retail,0000-00-00,XLY,C. Cyclical,57,28,96.4602,8,28.17,28.38,57.14,True,True,50.69444444444444,,True,False,False,,False,False,24.523809523809526,22.956349206349206,288,252,,False,0.8245000000000005,True,26.173015873015874,254.25,35.103244837758105,0.9990889591050642,-0.0009110408949357662,254.25,37.06981317600787,0.9995766623361068,-0.0004233376638932418,ORATS call delta minus one; put approximation,2026-09-02,11.0,55.0,11.0,admitted,,,
637,2026-09-01,BMNR,buy-first put-tail inventory,Pandar-direct inventory program; exact scanner geometry is partly mechanized,accumulate cheap far-OTM 1:1 put vertical inventory; usually about $5 wide and under $0.10; recycle and roll,IV/RR/put-skew gates; fixed 25-45% OTM band; complete-at-entry rule; universal 3x/5x exits,buy complete put spread in this implementation,2026-08-24_to_2026-09-02_four_method_scan,46.34746031746032,23.46,-4.750304506699143,-9.59537572254334,8.97,23.80952380952381,71.03174603174604,24.603174603174605,57.142857142857146,74.2063492063492,153349.75,1534434,980067316.8,True,,put,2026-09-18,18.0,BTO,17.5,0.9526068364830874,0.07,0.1,25.0,11.0,STO,13.0,0.01,0.02,2549.0,0.0,4.5,0.09,,25.404944586530263,,1,2026-09-04,2026-09-04,0.872197,74.6299,1.0,70.7271,74.6299,79.3454,0.05213,89.3193,86.9432,78.8742,73.7322,78.67779999999999,78.0129,-5.141999999999996,4.2442999999999955,12.313299999999998,18.592200000000005,7.950699999999998,2.376099999999994,13.492063492063492,5.158730158730159,17.8296,22.471999999999998,31.578947368421062,True,True,True,31.723750701852914,36.84827627083486,2026-09-01,25.32,14151691.0,5.213,38707240,Investment Banking & Brokerage,0000-00-00,XLF,Financials,38,7,87.2197,11,6.75,27.28,38.1,True,True,94.79166666666666,,False,False,False,,False,False,13.829365079365077,24.424603174603174,288,252,,False,-0.8977000000000004,True,46.34746031746032,23.46,25.404944586530263,0.9526068364830874,-0.047393163516912584,23.46,44.586530264279624,0.9989568800138952,-0.0010431199861048457,ORATS call delta minus one; put approximation,2026-09-02,0.0,0.0,0.0,hiro_unavailable,,,
649,2026-09-01,CVNA,buy-first put-tail inventory,Pandar-direct inventory program; exact scanner geometry is partly mechanized,accumulate cheap far-OTM 1:1 put vertical inventory; usually about $5 wide and under $0.10; recycle and roll,IV/RR/put-skew gates; fixed 25-45% OTM band; complete-at-entry rule; universal 3x/5x exits,buy complete put spread in this implementation,2026-08-24_to_2026-09-02_four_method_scan,39.00857142857143,71.88,-4.870301746956073,-5.158991951444792,22.42,7.5396825396825395,92.85714285714286,10.317460317460318,72.61904761904762,30.555555555555557,53579.35,1032252,631861415.0999999,True,,put,2026-09-18,18.0,BTO,45.0,0.9984808755404294,0.02,0.06,1853.0,0.0,STO,40.0,0.01,0.06,11299.0,0.0,5.0,0.0499999999999999,,37.395659432387305,,1,2026-09-04,2026-09-04,0.964657,54.496599999999994,3.62295,53.0938,54.496599999999994,62.531400000000005,0.0357037,53.291900000000005,53.7259,53.3935,57.206500000000005,62.8459,64.5005,3.8130000000000024,-1.1030999999999906,-0.7706999999999908,0.19810000000000372,9.752099999999999,-0.4339999999999975,15.476190476190476,21.03174603174603,68.20739999999999,254.99590000000003,5.384459750701542,True,False,True,9.874656068480569,14.99918163746251,2026-09-01,73.46,79033857.0,3.57037,8601435,Auto Dealerships,0000-00-00,XLY,C. Cyclical,29,22,96.4657,8,21.83,27.62,28.57,True,True,73.95833333333334,,False,False,False,,False,False,11.11111111111111,23.78968253968254,288,252,,False,2.7099000000000117,True,39.00857142857143,71.88,37.395659432387305,0.9984808755404294,-0.0015191244595705866,71.88,44.35169727323316,0.9994128450796196,-0.0005871549203804172,ORATS call delta minus one; put approximation,2026-09-02,0.0,0.0,0.0,hiro_unavailable,,,
663,2026-09-01,GOOGL,buy-first put-tail inventory,Pandar-direct inventory program; exact scanner geometry is partly mechanized,accumulate cheap far-OTM 1:1 put vertical inventory; usually about $5 wide and under $0.10; recycle and roll,IV/RR/put-skew gates; fixed 25-45% OTM band; complete-at-entry rule; universal 3x/5x exits,buy complete put spread in this implementation,2026-08-24_to_2026-09-02_four_method_scan,42.505873015873014,334.27,-3.674139819030609,-7.634705719812107,15.51,18.253968253968253,76.98412698412699,16.666666666666668,74.60317460317461,26.19047619047619,410114.1,3263168,8398619301.6,True,,put,2026-10-16,46.0,BTO,250.0,0.989176955055464,0.22,0.25,3475.0,46.0,STO,245.0,0.2,0.23,958.0,28.0,5.0,0.0499999999999999,,25.21015945194004,,1,2026-09-04,2026-09-04,0.979194,27.0673,3.16039,25.076999999999998,27.0673,32.2817,0.00855179,28.4584,31.7081,27.3457,27.7436,30.120200000000004,32.521699999999996,0.3978999999999999,0.2784000000000013,4.640800000000002,3.381400000000003,5.043200000000006,-3.2497000000000007,25.793650793650794,5.9523809523809526,349.1578,334.97955,-4.263917346254342,False,False,False,-7.922210285651321,-2.79768471666938,2026-09-01,339.35,4088100316.0,0.85518,24749136,Internet Content & Media,0000-00-00,XLC,Comm,19,10,97.9194,8,9.52,5.04,19.05,True,True,36.45833333333333,,False,False,False,,False,False,12.976190476190476,23.769841269841272,288,252,,False,0.6763000000000012,True,42.505873015873014,334.27,25.21015945194004,0.989176955055464,-0.010823044944536009,334.27,26.705956262901243,0.9923471726235454,-0.007652827376454563,ORATS call delta minus one; put approximation,2026-09-02,0.0,32.0,0.0,hiro_unavailable,,,
664,2026-09-01,HOOD,buy-first put-tail inventory,Pandar-direct inventory program; exact scanner geometry is partly mechanized,accumulate cheap far-OTM 1:1 put vertical inventory; usually about $5 wide and under $0.10; recycle and roll,IV/RR/put-skew gates; fixed 25-45% OTM band; complete-at-entry rule; universal 3x/5x exits,buy complete put spread in this implementation,2026-08-24_to_2026-09-02_four_method_scan,27.881587301587302,103.7,-7.145415472779371,-7.145415472779371,34.42,7.5396825396825395,88.4920634920635,5.9523809523809526,67.46031746031746,31.746031746031747,210845.6,1621738,1917061787.49,True,,put,2026-09-18,18.0,BTO,65.0,0.9989311005291988,0.03,0.06,8121.0,5.0,STO,60.0,0.03,0.05,5474.0,9.0,5.0,0.03,,37.3191899710704,,1,2026-09-02,2026-09-02,0.985019,59.701499999999996,2.47432,58.9384,59.701499999999996,64.0877,0.0419699,66.6982,68.1395,60.969899999999996,59.445,63.9409,64.4996,-1.5248999999999953,1.2683999999999997,8.438000000000002,7.7597999999999985,5.002499999999998,-1.4412999999999982,7.142857142857143,22.22222222222222,101.31919999999998,95.13959999999999,2.3498014196717154,True,True,True,17.334238515501244,22.458764084483185,2026-09-01,104.81,93234832.0,4.19699,18290829,Investment Banking & Brokerage,0000-00-00,XLF,Financials,38,31,98.5019,9,30.95,25.35,38.1,True,True,82.29166666666666,,True,False,False,,False,False,21.32936507936508,23.333333333333336,288,252,,False,-0.2564999999999955,True,27.881587301587302,103.7,37.3191899710704,0.9989311005291988,-0.0010688994708012434,103.7,42.14079074252653,0.9995601488086822,-0.00043985119131784156,ORATS call delta minus one; put approximation,2026-09-02,19.0,55.0,19.0,admitted,,,
670,2026-09-01,MRVL,buy-first put-tail inventory,Pandar-direct inventory program; exact scanner geometry is partly mechanized,accumulate cheap far-OTM 1:1 put vertical inventory; usually about $5 wide and under $0.10; recycle and roll,IV/RR/put-skew gates; fixed 25-45% OTM band; complete-at-entry rule; universal 3x/5x exits,buy complete put spread in this implementation,2026-08-24_to_2026-09-02_four_method_scan,33.439523809523806,209.72,-12.221664155365808,-15.987661739374271,25.37,15.873015873015872,80.15873015873017,15.07936507936508,33.73015873015873,36.111111111111114,194128.65,1723614,5151336208.08,True,,put,2026-09-18,18.0,BTO,135.0,0.998621397894728,0.03,0.06,2412.0,4.0,STO,130.0,0.03,0.05,2551.0,21.0,5.0,0.03,,35.62845699027274,,1,2026-09-04,2026-09-04,0.989517,57.0872,2.0947,58.816100000000006,57.0872,62.2607,0.0277302,64.5043,64.633,58.790600000000005,56.550999999999995,62.6335,60.3203,-2.23960000000001,1.703400000000002,7.545799999999993,5.688199999999995,3.817399999999992,-0.12869999999999493,7.142857142857143,32.53968253968254,224.44999999999996,149.9839,-6.562708843840481,False,True,False,-27.228564488705366,-22.104038919723425,2026-09-01,211.66,188476331.0,2.77302,24337788,Semiconductors,0000-00-00,XLK,Technology,5,54,98.9517,13,53.97,0.0,4.76,True,True,15.625,,False,False,False,,False,False,12.57936507936508,20.17857142857143,288,252,,False,-0.536200000000008,True,33.439523809523806,209.72,35.62845699027274,0.998621397894728,-0.0013786021052719644,209.72,38.012588212855235,0.999407642105289,-0.0005923578947110153,ORATS call delta minus one; put approximation,2026-09-02,0.0,55.0,0.0,hiro_unavailable,,,
720,2026-09-02,AMZN,buy-first put-tail inventory,Pandar-direct inventory program; exact scanner geometry is partly mechanized,accumulate cheap far-OTM 1:1 put vertical inventory; usually about $5 wide and under $0.10; recycle and roll,IV/RR/put-skew gates; fixed 25-45% OTM band; complete-at-entry rule; universal 3x/5x exits,buy complete put spread in this implementation,2026-08-24_to_2026-09-02_four_method_scan,30.766825396825396,255.15,-1.9747205040531737,-8.03416955017301,29.63,12.698412698412698,80.95238095238095,10.317460317460318,65.07936507936508,35.317460317460316,745176.9,4583050,9078014241.76,True,,put,2026-09-18,17.0,BTO,190.0,0.9998013271557822,0.04,0.06,14795.0,253.0,STO,185.0,0.04,0.05,6248.0,28.0,5.0,0.0199999999999999,,25.53399960807369,,1,2026-09-04,2026-09-04,0.955587,28.4877,3.80203,26.9211,28.4877,34.6232,0.00930079,29.246899999999997,30.5734,28.6211,29.078799999999998,31.5319,35.0882,0.4576999999999991,0.1333999999999982,2.085699999999999,2.3257999999999974,4.610800000000001,-1.326500000000003,8.73015873015873,16.26984126984127,252.9244,238.90915,0.8799467350718349,True,True,True,2.326047724082625,7.21100110169045,2026-09-02,254.92,2743947347.0,0.93008,35611228,E-commerce & Internet Retail,0000-00-00,XLY,C. Cyclical,62,28,95.5587,8,27.78,38.36,57.14,True,True,52.264808362369344,,True,False,False,,False,False,22.22222222222222,23.273809523809522,287,252,,False,0.5910999999999973,True,30.766825396825396,255.15,25.53399960807369,0.9998013271557822,-0.0001986728442178176,255.15,27.4936311973349,0.9999433628814706,-5.663711852943454e-05,ORATS call delta minus one; put approximation,2026-09-03,0.0,55.0,0.0,hiro_unavailable,,,
721,2026-09-02,ANET,buy-first put-tail inventory,Pandar-direct inventory program; exact scanner geometry is partly mechanized,accumulate cheap far-OTM 1:1 put vertical inventory; usually about $5 wide and under $0.10; recycle and roll,IV/RR/put-skew gates; fixed 25-45% OTM band; complete-at-entry rule; universal 3x/5x exits,buy complete put spread in this implementation,2026-08-24_to_2026-09-02_four_method_scan,33.35444444444444,186.03,-8.10156597342292,-11.139240506329106,26.09,17.857142857142858,76.58730158730158,9.92063492063492,29.365079365079364,18.253968253968253,21536.6,311463,1353958280.34,True,,put,2026-09-18,17.0,BTO,130.0,0.9995588689660184,0.01,0.06,4564.0,121.0,STO,125.0,0.02,0.07,1265.0,1.0,5.0,0.0399999999999999,,30.118798043326343,,1,2026-09-04,2026-09-04,0.978628,45.6537,3.20842,45.379799999999996,45.6537,51.7104,0.0277329,44.5212,49.5515,45.3984,46.4315,47.3987,52.5137,1.0330999999999975,-0.2552999999999983,3.8977999999999966,-0.8585999999999956,2.018900000000002,-5.030299999999997,2.380952380952381,16.26984126984127,181.74300000000002,151.30515,2.3588253742922616,True,True,True,5.885366270134895,10.77031964774272,2026-09-02,189.26,234243291.0,2.77329,7153959,Computer Hardware Manufacturing,0000-00-00,XLK,Technology,5,14,97.8628,8,14.29,0.0,4.76,True,True,60.62717770034843,,True,False,False,,False,False,22.956349206349206,18.849206349206348,287,252,,False,0.7777999999999992,True,33.35444444444444,186.03,30.118798043326343,0.9995588689660184,-0.0004411310339815788,186.03,32.80653658012148,0.999873031562089,-0.00012696843791104584,ORATS call delta minus one; put approximation,2026-09-03,0.0,0.0,0.0,hiro_unavailable,,,
731,2026-09-02,BE,buy-first put-tail inventory,Pandar-direct inventory program; exact scanner geometry is partly mechanized,accumulate cheap far-OTM 1:1 put vertical inventory; usually about $5 wide and under $0.10; recycle and roll,IV/RR/put-skew gates; fixed 25-45% OTM band; complete-at-entry rule; universal 3x/5x exits,buy complete put spread in this implementation,2026-08-24_to_2026-09-02_four_method_scan,56.04920634920635,216.34,-1.560722573599671,-9.257162031793964,5.3,11.507936507936508,82.93650793650794,6.746031746031746,75.0,76.19047619047619,104257.4,947243,2604433827.9,True,,put,2026-09-18,17.0,BTO,145.0,0.9825475342062664,0.28,0.34,5021.0,86.0,STO,140.0,0.25,0.28,2331.0,134.0,5.0,0.09,,32.975871313672926,,1,2026-09-04,2026-09-04,0.978676,83.35900000000001,3.11741,90.9198,83.35900000000001,88.4205,0.0299565,100.38199999999999,91.1793,86.4482,81.0377,91.3586,85.7861,-5.410499999999999,3.089199999999991,7.820299999999989,9.462199999999996,0.4388000000000005,9.202699999999993,5.158730158730159,7.142857142857143,229.9232,189.88305,-5.907711792459402,False,True,False,-25.397427497499912,-20.512474119892087,2026-09-02,213.63,63718046.0,2.99565,12191330,Electrical Equipment Manufacturing,0000-00-00,XLI,Industrials,19,2,97.8676,7,1.59,9.34,19.05,True,True,15.6794425087108,,False,False,False,,False,False,12.003968253968255,26.30952380952381,287,252,,False,-2.321300000000008,True,56.04920634920635,216.34,32.975871313672926,0.9825475342062664,-0.017452465793733607,216.34,35.28704816492558,0.9884944242184271,-0.011505575781572852,ORATS call delta minus one; put approximation,2026-09-03,0.0,18.0,0.0,hiro_unavailable,,,
733,2026-09-02,BMNR,buy-first put-tail inventory,Pandar-direct inventory program; exact scanner geometry is partly mechanized,accumulate cheap far-OTM 1:1 put vertical inventory; usually about $5 wide and under $0.10; recycle and roll,IV/RR/put-skew gates; fixed 25-45% OTM band; complete-at-entry rule; universal 3x/5x exits,buy complete put spread in this implementation,2026-08-24_to_2026-09-02_four_method_scan,50.215555555555554,23.13,-7.811877241929055,-10.867052023121392,5.34,25.79365079365079,60.714285714285715,21.428571428571427,60.31746031746032,46.03174603174603,156056.0,1555827,924973218.81,True,,put,2026-09-18,17.0,BTO,16.0,0.9729247431526358,0.02,0.06,17543.0,0.0,STO,11.0,0.01,0.03,84.0,1.0,5.0,0.0499999999999999,,30.82576740164289,,1,2026-09-04,2026-09-04,0.885288,72.5002,1.18521,67.4529,72.5002,77.06060000000001,0.0505588,86.646,89.1901,75.7581,71.2213,74.1151,78.80080000000001,-4.5367999999999995,3.2578999999999922,16.689899999999994,19.1931,6.662199999999999,-2.5441000000000003,9.920634920634921,2.7777777777777777,17.990000000000002,22.402399999999997,28.57142857142856,True,True,True,35.58030480656507,40.465258184172896,2026-09-02,23.37,13952626.0,5.05588,39579513,Investment Banking & Brokerage,0000-00-00,XLF,Financials,14,2,88.5288,11,2.38,6.69,14.29,True,True,95.47038327526133,,False,False,False,,False,False,14.543650793650794,23.333333333333332,287,252,,False,-1.2789000000000073,True,50.215555555555554,23.13,30.82576740164289,0.9729247431526358,-0.027075256847364226,23.13,52.44271508862948,0.9995403025176476,-0.0004596974823524169,ORATS call delta minus one; put approximation,2026-09-03,0.0,0.0,0.0,hiro_unavailable,,,
744,2026-09-02,CRWV,buy-first put-tail inventory,Pandar-direct inventory program; exact scanner geometry is partly mechanized,accumulate cheap far-OTM 1:1 put vertical inventory; usually about $5 wide and under $0.10; recycle and roll,IV/RR/put-skew gates; fixed 25-45% OTM band; complete-at-entry rule; universal 3x/5x exits,buy complete put spread in this implementation,2026-08-24_to_2026-09-02_four_method_scan,59.12698412698413,81.2,-7.957379279075038,-24.83569378876238,0.0,11.904761904761903,92.85714285714286,17.46031746031746,80.55555555555556,23.015873015873016,221835.9,2191259,2226726057.85,True,,put,2026-09-18,17.0,BTO,50.0,0.99876098685316,0.02,0.03,6909.0,71.0,STO,45.0,0.01,0.04,3490.0,1.0,5.0,0.0199999999999999,,38.42364532019704,,1,2026-09-04,2026-09-04,0.979223,67.8366,2.94637,65.28880000000001,67.8366,75.8254,0.017124,74.102,76.6199,69.6283,69.1335,72.4423,74.7966,-0.4947999999999979,1.7916999999999916,8.783299999999997,8.813199999999995,7.153499999999994,-2.5178999999999974,7.5396825396825395,0.3968253968253968,86.22859999999999,91.37899999999999,-5.8317078092419266,False,False,False,-27.25969721401057,-22.374743836402743,2026-09-02,81.85,44784772.0,1.7124,27204961,Infrastructure Software,0000-00-00,XLK,Technology,5,0,97.9223,10,0.4,0.0,4.76,True,True,14.634146341463413,,False,False,False,,False,False,11.547619047619047,24.20634920634921,287,252,,False,1.2968999999999937,True,59.12698412698413,81.2,38.42364532019704,0.99876098685316,-0.0012390131468400511,81.2,44.581280788177345,0.9998802564701434,-0.00011974352985655301,ORATS call delta minus one; put approximation,2026-09-03,0.0,52.0,0.0,hiro_unavailable,,,
755,2026-09-02,GOOG,buy-first put-tail inventory,Pandar-direct inventory program; exact scanner geometry is partly mechanized,accumulate cheap far-OTM 1:1 put vertical inventory; usually about $5 wide and under $0.10; recycle and roll,IV/RR/put-skew gates; fixed 25-45% OTM band; complete-at-entry rule; universal 3x/5x exits,buy complete put spread in this implementation,2026-08-24_to_2026-09-02_four_method_scan,35.693333333333335,333.68,-1.6853270477312776,-6.374859708193037,17.64,33.333333333333336,59.12698412698413,25.0,87.3015873015873,26.984126984126984,146349.25,1768713,5423088157.809999,True,,put,2026-09-18,17.0,BTO,195.0,0.9993473822465888,0.01,0.03,403.0,25.0,STO,190.0,0.01,0.06,1297.0,45.0,5.0,0.0199999999999999,,41.56077679213618,,1,2026-09-04,2026-09-04,0.986278,27.2696,3.23952,25.9796,27.2696,32.4199,0.0107419,30.2118,32.5479,27.1548,28.066000000000003,29.2288,31.537100000000002,0.9112000000000009,-0.1147999999999989,5.278299999999998,4.232199999999999,3.2491999999999983,-2.3360999999999983,4.761904761904762,8.73015873015873,347.0172,334.13295,-3.8433829792874796,False,False,False,-6.082355259084126,-1.197401881476301,2026-09-02,332.03,4080884654.0,1.07419,16333127,Internet Content & Media,0000-00-00,XLC,Comm,33,13,98.6278,8,12.7,9.62,33.33,True,True,34.146341463414636,,False,False,False,,False,False,15.376984126984127,25.07936507936508,287,252,,False,0.796400000000002,True,35.693333333333335,333.68,41.56077679213618,0.9993473822465888,-0.0006526177534111888,333.68,43.05921841285064,0.9993473822465888,-0.0006526177534111888,ORATS call delta minus one; put approximation,2026-09-03,0.0,53.0,0.0,hiro_unavailable,,,
756,2026-09-02,GOOGL,buy-first put-tail inventory,Pandar-direct inventory program; exact scanner geometry is partly mechanized,accumulate cheap far-OTM 1:1 put vertical inventory; usually about $5 wide and under $0.10; recycle and roll,IV/RR/put-skew gates; fixed 25-45% OTM band; complete-at-entry rule; universal 3x/5x exits,buy complete put spread in this implementation,2026-08-24_to_2026-09-02_four_method_scan,43.98571428571429,337.3,-1.4635856387484991,-5.695193893812734,15.3,20.238095238095237,62.698412698412696,8.333333333333334,87.6984126984127,35.714285714285715,390329.0,3373960,8044715322.839999,True,,put,2026-10-16,45.0,BTO,245.0,0.9984997637555808,0.18,0.23,960.0,2.0,STO,240.0,0.15,0.2,1814.0,9.0,5.0,0.08,,27.364364067595616,,1,2026-09-04,2026-09-04,0.950512,27.0957,3.27346,26.0582,27.0957,32.5503,0.0108652,30.420399999999997,31.989600000000003,27.127000000000002,27.5842,29.315,31.261899999999997,0.4571999999999967,0.03130000000000166,4.893900000000002,4.362199999999998,3.256800000000002,-1.5692000000000057,6.746031746031746,9.126984126984127,348.9508,335.2681,-3.3388087948215017,False,True,False,-6.06811662814335,-1.1831632505355243,2026-09-02,335.02,4125157018.0,1.08652,24012642,Internet Content & Media,0000-00-00,XLC,Comm,19,9,95.0512,8,9.13,5.18,19.05,True,True,34.494773519163765,,False,False,False,,False,False,13.888888888888891,25.555555555555554,287,252,,False,0.4884999999999984,True,43.98571428571429,337.3,27.364364067595616,0.9984997637555808,-0.0015002362444191952,337.3,28.846723984583456,0.9989277793169264,-0.0010722206830735548,ORATS call delta minus one; put approximation,2026-09-03,0.0,0.0,0.0,hiro_unavailable,,,
758,2026-09-02,IREN,buy-first put-tail inventory,Pandar-direct inventory program; exact scanner geometry is partly mechanized,accumulate cheap far-OTM 1:1 put vertical inventory; usually about $5 wide and under $0.10; recycle and roll,IV/RR/put-skew gates; fixed 25-45% OTM band; complete-at-entry rule; universal 3x/5x exits,buy complete put spread in this implementation,2026-08-24_to_2026-09-02_four_method_scan,55.98285714285715,39.61,-0.1260716086737168,-11.879866518353731,1.16,23.80952380952381,59.12698412698413,15.476190476190476,44.44444444444444,15.07936507936508,270962.0,2603400,1614484611.88,True,,put,2026-09-18,17.0,BTO,26.0,0.9862502514665716,0.02,0.07,1075.0,7.0,STO,21.0,0.01,0.06,1497.0,2.0,5.0,0.06,,34.36001009845998,,2,2026-09-03,2026-09-04,0.974427,78.70139999999999,2.62185,74.98660000000001,78.70139999999999,86.4896,0.0272296,82.2089,90.6704,80.3508,77.9712,82.0176,84.0069,-2.3796000000000106,1.6494000000000142,11.969000000000008,7.22229999999999,7.030999999999992,-8.461500000000001,5.9523809523809526,0.3968253968253968,40.4362,45.68785,-2.0432187000756774,False,False,False,-39.87553126897389,-34.99057789136606,2026-09-02,36.82,15608663.0,2.72296,43848034,Investment Banking & Brokerage,0000-00-00,XLF,Financials,14,1,97.4427,9,1.19,2.1,14.29,True,True,6.620209059233449,,False,False,False,,False,False,14.424603174603174,20.198412698412696,287,252,,False,-0.7301999999999964,True,55.98285714285715,39.61,34.36001009845998,0.9862502514665716,-0.013749748533428363,39.61,46.98308507952537,0.9994370697818156,-0.000562930218184432,ORATS call delta minus one; put approximation,2026-09-03,33.0,54.0,33.0,admitted,,,
767,2026-09-02,MRVL,buy-first put-tail inventory,Pandar-direct inventory program; exact scanner geometry is partly mechanized,accumulate cheap far-OTM 1:1 put vertical inventory; usually about $5 wide and under $0.10; recycle and roll,IV/RR/put-skew gates; fixed 25-45% OTM band; complete-at-entry rule; universal 3x/5x exits,buy complete put spread in this implementation,2026-08-24_to_2026-09-02_four_method_scan,36.596984126984125,206.56,-15.201773471817404,-17.25353523214357,22.53,13.88888888888889,87.6984126984127,15.476190476190476,58.333333333333336,38.095238095238095,196074.8,1781248,5133302664.54,True,,put,2026-09-18,17.0,BTO,120.0,0.9999116435395788,0.01,0.03,5395.0,12.0,STO,115.0,0.01,0.02,1934.0,6.0,5.0,0.0199999999999999,,41.90549961270334,,1,2026-09-04,2026-09-04,0.986234,55.380700000000004,2.10913,55.345,55.380700000000004,60.3712,0.0156122,63.742399999999996,63.761500000000005,57.6501,54.8753,59.8131,60.9486,-2.774799999999999,2.2693999999999974,8.3808,8.397399999999998,4.4681,-0.019100000000008777,8.333333333333334,22.61904761904762,223.0232,150.5803,-7.381832921418042,False,True,False,-31.486948157484495,-26.60199477987667,2026-09-02,210.39,185636425.0,1.56122,24398986,Semiconductors,0000-00-00,XLK,Technology,5,43,98.6234,12,43.65,0.0,4.76,True,True,12.543554006968641,,False,False,False,,False,False,12.003968253968255,22.73809523809524,287,252,,False,-0.5054000000000016,True,36.596984126984125,206.56,41.90549961270334,0.9999116435395788,-8.83564604211573e-05,206.56,44.32610379550736,0.9999737098616776,-2.6290138322448975e-05,ORATS call delta minus one; put approximation,2026-09-03,0.0,55.0,0.0,hiro_unavailable,,,
773,2026-09-02,NVDA,buy-first put-tail inventory,Pandar-direct inventory program; exact scanner geometry is partly mechanized,accumulate cheap far-OTM 1:1 put vertical inventory; usually about $5 wide and under $0.10; recycle and roll,IV/RR/put-skew gates; fixed 25-45% OTM band; complete-at-entry rule; universal 3x/5x exits,buy complete put spread in this implementation,2026-08-24_to_2026-09-02_four_method_scan,45.04380952380952,224.21,6.970419847328246,-1.813006349901458,9.48,28.174603174603178,68.65079365079364,24.20634920634921,41.26984126984127,50.79365079365079,3259356.25,15397666,27305843834.88,True,,put,2026-09-18,17.0,BTO,135.0,0.9989262919871976,0.04,0.05,18656.0,419.0,STO,130.0,0.04,0.05,32723.0,2880.0,5.0,0.01,,39.78859105303064,,1,2026-09-04,2026-09-04,0.958054,32.7139,2.45618,31.9571,32.7139,36.9684,0.00440789,32.522600000000004,33.2789,31.9239,34.458800000000004,40.4044,41.0474,2.534900000000004,-0.7900000000000027,0.5649999999999977,0.5655000000000037,8.447300000000002,-0.756299999999996,12.698412698412698,9.920634920634921,209.24579999999997,196.24965,7.151493602261083,True,True,True,3.9260220635950693,8.810975441202896,2026-09-02,217.44,5413998870.0,0.44079,125578752,Semiconductors,0000-00-00,XLK,Technology,43,4,95.8054,10,6.35,25.24,52.38,True,True,55.749128919860624,,True,False,False,,False,False,24.384920634920633,21.666666666666664,287,252,,False,1.7449000000000012,True,45.04380952380952,224.21,39.78859105303064,0.9989262919871976,-0.0010737080128023768,224.21,42.01864323625173,0.9989699989722984,-0.0010300010277015659,ORATS call delta minus one; put approximation,2026-09-03,0.0,55.0,0.0,hiro_unavailable,,,
792,2026-09-02,SOFI,buy-first put-tail inventory,Pandar-direct inventory program; exact scanner geometry is partly mechanized,accumulate cheap far-OTM 1:1 put vertical inventory; usually about $5 wide and under $0.10; recycle and roll,IV/RR/put-skew gates; fixed 25-45% OTM band; complete-at-entry rule; universal 3x/5x exits,buy complete put spread in this implementation,2026-08-24_to_2026-09-02_four_method_scan,43.71460317460318,17.93,-4.72901168969182,-6.223849372384949,9.46,34.12698412698413,50.79365079365079,25.0,39.285714285714285,34.12698412698413,305778.9,3952862,768925009.0500001,True,,put,2026-10-16,45.0,BTO,12.0,0.9909604534216688,0.04,0.05,4524.0,13.0,STO,9.0,0.01,0.03,644.0,0.0,3.0,0.04,,33.07306190741773,,2,2026-09-03,2026-09-04,0.943296,47.5372,2.81813,44.504599999999996,47.5372,55.0227,0.0107709,52.2954,54.443200000000004,48.0099,48.3906,55.9387,54.79039999999999,0.3806999999999974,0.47270000000000323,6.906000000000006,7.790800000000004,11.4341,-2.1478000000000037,25.0,3.9682539682539684,17.848399999999998,20.0609,0.4571838372066983,True,False,True,6.980906921241048,11.865860298848872,2026-09-02,17.05,23157856.0,1.07709,45098241,Credit & Lending Services,0000-00-00,XLF,Financials,57,5,94.3296,7,4.76,55.45,57.14,True,True,64.11149825783971,,False,False,False,,False,False,15.873015873015872,20.634920634920633,287,252,,False,0.8534000000000006,True,43.71460317460318,17.93,33.07306190741773,0.9909604534216688,-0.00903954657833117,17.93,49.8047964305633,0.9999670472623858,-3.295273761416695e-05,ORATS call delta minus one; put approximation,2026-09-03,23.0,53.0,23.0,admitted,,,
811,2026-09-03,MSTR,sell-first call grab,Pandar-direct call-tail sale/crush core only; conversion is derived,sell unusually overpriced far-OTM front-weekly call tails; expect local wing crush; size for strike touch,RR/wing/kink gates; 2-6 delta and 5-19 DTE selection; nearer-call conversion; order and stop rules,sell far-OTM call,2026-09-03_pandar_only_gap_scan,52.97619047619048,143.41,4.625373896549201,0.0,50.41,0.0,99.6031746031746,0.0,90.47619047619048,78.57142857142857,516565.55,2734416,3116412083.14,True,,call,2026-09-11,9.0,STO,190.0,0.0344250888257357,0.25,0.31,43.0,220.0,BTO,185.0,0.34,0.41,930.0,409.0,5.0,0.25,0.15,,,1,2026-09-04,2026-09-04,0.95088,76.2506,1.87893,76.5708,76.2506,78.3788,0.0298672,98.4758,94.184,82.391,72.19149999999999,80.1663,86.5884,-10.199500000000015,6.1404,17.933399999999992,21.905,3.5955000000000013,4.291800000000009,0.0,64.28571428571429,102.5224,139.44285,39.88162586907835,False,True,True,10.247539975399732,13.512174894323024,2026-09-03,123.19,56974163.0,2.98672,25297606,Application Software,0000-00-00,XLK,Technology,86,72,95.088,8,72.22,78.29,85.71,True,True,69.44444444444444,,False,False,False,grab,False,True,10.019841269841269,52.97619047619048,288,250,24.034736114318477,False,-4.059100000000015,False,30.0,143.41,32.48727424865769,0.0344250888257357,0.0344250888257357,143.41,29.00076703158776,0.0471173675140862,0.0471173675140862,ORATS call model delta,2026-09-04,3.0,0.0,0.0,no_live_quote_gate_at_flow_trigger,1.3888735881701768,60.0,91.66666666666666
819,2026-09-03,AMZN,buy-first put-tail inventory,Pandar-direct inventory program; exact scanner geometry is partly mechanized,accumulate cheap far-OTM 1:1 put vertical inventory; usually about $5 wide and under $0.10; recycle and roll,IV/RR/put-skew gates; fixed 25-45% OTM band; complete-at-entry rule; universal 3x/5x exits,buy complete put spread in this implementation,2026-09-03_pandar_only_gap_scan,25.805873015873015,259.1,0.8642167549050228,-6.610438292964238,32.21,14.682539682539682,88.4920634920635,20.238095238095237,73.41269841269842,36.507936507936506,752204.4,4594483,8524309049.299999,True,,put,2026-09-18,16.0,BTO,190.0,0.999942202104693,0.04,0.05,14792.0,1.0,STO,185.0,0.03,0.04,6267.0,6.0,5.0,0.02,,26.66923967580086,,1,2026-09-04,2026-09-04,0.965819,28.7129,3.79599,26.6158,28.7129,34.8597,0.00982344,29.337200000000003,30.5434,29.0225,29.5489,31.0978,33.3887,0.5263999999999989,0.30959999999999965,1.8304999999999971,2.7214000000000027,4.481999999999999,-1.2061999999999955,6.746031746031746,13.88888888888889,253.39519999999996,239.02965,2.2513449347107084,True,True,True,2.128498226251496,5.393133145174788,2026-09-03,254.98,2786426641.0,0.98234,33431285,E-commerce & Internet Retail,0000-00-00,XLY,C. Cyclical,86,34,96.5819,8,33.73,64.87,85.71,True,True,52.083333333333336,,True,False,False,,False,False,22.043650793650794,24.166666666666668,288,250,,False,0.8359999999999985,True,25.805873015873015,259.1,26.66923967580086,0.999942202104693,-5.7797895307021285e-05,259.1,28.59899652643767,0.999986528072323,-1.3471927676977913e-05,ORATS call delta minus one; put approximation,2026-09-04,21.0,55.0,21.0,admitted,,,
829,2026-09-03,BE,buy-first put-tail inventory,Pandar-direct inventory program; exact scanner geometry is partly mechanized,accumulate cheap far-OTM 1:1 put vertical inventory; usually about $5 wide and under $0.10; recycle and roll,IV/RR/put-skew gates; fixed 25-45% OTM band; complete-at-entry rule; universal 3x/5x exits,buy complete put spread in this implementation,2026-09-03_pandar_only_gap_scan,50.963968253968254,235.26,8.011569716725585,-1.321253303133263,7.29,15.873015873015872,83.33333333333333,17.857142857142858,75.0,81.74603174603175,112203.45,977739,2549123310.72,True,,put,2026-09-18,16.0,BTO,135.0,0.9977211481573306,0.08,0.14,2683.0,16.0,STO,130.0,0.1,0.12,1877.0,30.0,5.0,0.04,,42.61667941851568,,1,2026-09-04,2026-09-04,0.936728,84.94850000000001,3.18484,94.389,84.94850000000001,90.5387,0.0394443,103.80799999999999,92.15379999999999,88.0614,83.8168,96.32270000000001,87.1025,-4.2446000000000055,3.1128999999999962,7.20529999999998,9.418999999999997,1.933700000000016,11.654200000000003,9.126984126984127,10.317460317460318,228.1268,190.50495000000004,3.1268575195899873,False,True,True,-19.14074583261729,-15.876110913694,2026-09-03,217.28,69290503.0,3.94443,11731974,Electrical Equipment Manufacturing,0000-00-00,XLI,Industrials,24,2,93.6728,7,1.98,14.09,23.81,True,True,19.09722222222222,,False,False,False,,False,False,12.420634920634923,26.58730158730159,288,250,,False,-1.1317000000000093,True,50.963968253968254,235.26,42.61667941851568,0.9977211481573306,-0.002278851842669405,235.26,44.74198758820028,0.9987625727499412,-0.0012374272500588201,ORATS call delta minus one; put approximation,2026-09-04,18.0,7.0,4.0,admitted,,,
830,2026-09-03,BMNR,buy-first put-tail inventory,Pandar-direct inventory program; exact scanner geometry is partly mechanized,accumulate cheap far-OTM 1:1 put vertical inventory; usually about $5 wide and under $0.10; recycle and roll,IV/RR/put-skew gates; fixed 25-45% OTM band; complete-at-entry rule; universal 3x/5x exits,buy complete put spread in this implementation,2026-09-03_pandar_only_gap_scan,41.49920634920635,26.37,1.6184971098266,0.0,14.85,24.20634920634921,61.111111111111114,19.047619047619047,42.857142857142854,18.253968253968253,163290.55,1587956,910719441.26,True,,put,2026-09-18,16.0,BTO,19.0,0.969462430649725,0.05,0.07,2179.0,3644.0,STO,14.0,0.02,0.03,7560.0,2204.0,5.0,0.05,,27.948426241941604,,1,2026-09-04,2026-09-04,0.75472,79.7394,1.0,76.4208,79.7394,81.9705,0.0590741,91.77250000000001,103.834,83.0627,78.1353,82.7872,87.4917,-4.927400000000006,3.3233000000000033,24.0946,15.351700000000008,6.366399999999999,-12.061499999999995,9.523809523809524,15.079365079365079,18.235599999999998,22.362750000000002,44.60725174932551,True,True,True,47.483221476510074,50.74785639543337,2026-09-03,23.06,15907080.0,5.90741,39493471,Investment Banking & Brokerage,0000-00-00,XLF,Financials,81,22,75.472,11,21.83,60.53,80.95,True,True,98.26388888888889,,False,False,False,,False,False,14.365079365079366,20.198412698412696,288,250,,False,-1.6041000000000025,True,41.49920634920635,26.37,27.948426241941604,0.969462430649725,-0.030537569350274962,26.37,46.90936670458855,0.9996283287645492,-0.00037167123545078784,ORATS call delta minus one; put approximation,2026-09-04,19.0,20.0,9.0,admitted,,,
844,2026-09-03,CRWV,buy-first put-tail inventory,Pandar-direct inventory program; exact scanner geometry is partly mechanized,accumulate cheap far-OTM 1:1 put vertical inventory; usually about $5 wide and under $0.10; recycle and roll,IV/RR/put-skew gates; fixed 25-45% OTM band; complete-at-entry rule; universal 3x/5x exits,buy complete put spread in this implementation,2026-09-03_pandar_only_gap_scan,59.729682539682535,84.68,-2.296065535940917,-21.614366379709335,2.81,7.936507936507937,86.9047619047619,4.365079365079365,82.93650793650794,18.650793650793652,225467.55,2227554,2132682332.05,True,,put,2026-09-18,16.0,BTO,47.5,0.9996510876019196,0.01,0.03,1265.0,36.0,STO,42.5,0.01,0.04,412.0,4.0,5.0,0.0199999999999999,,43.90647142182333,,1,2026-09-04,2026-09-04,0.950058,69.2854,3.14145,64.73780000000001,69.2854,77.50399999999999,0.0184539,74.0083,77.4599,70.4547,69.22,70.9945,74.528,-1.2347000000000037,1.169300000000007,8.174500000000009,9.270499999999998,6.256699999999995,-3.451599999999999,5.9523809523809526,0.0,85.9196,91.4135,-1.4427441468535696,False,False,False,-21.48354195642095,-18.218907037497658,2026-09-03,80.93,46704119.0,1.84539,26352185,Infrastructure Software,0000-00-00,XLK,Technology,19,2,95.0058,9,1.98,5.68,19.05,True,True,17.01388888888889,,False,False,False,,False,False,11.4484126984127,24.226190476190478,288,250,,False,-0.0653999999999968,True,59.729682539682535,84.68,43.90647142182333,0.9996510876019196,-0.0003489123980804365,84.68,49.811053377420876,0.9997400004954096,-0.00025999950459043575,ORATS call delta minus one; put approximation,2026-09-04,26.0,14.0,5.0,admitted,,,
859,2026-09-03,GOOG,buy-first put-tail inventory,Pandar-direct inventory program; exact scanner geometry is partly mechanized,accumulate cheap far-OTM 1:1 put vertical inventory; usually about $5 wide and under $0.10; recycle and roll,IV/RR/put-skew gates; fixed 25-45% OTM band; complete-at-entry rule; universal 3x/5x exits,buy complete put spread in this implementation,2026-09-03_pandar_only_gap_scan,44.40904761904762,339.95,0.6841606444734083,-4.0123108199683895,18.21,7.936507936507937,80.15873015873017,3.968253968253968,65.87301587301587,32.142857142857146,147377.0,1795477,5340445286.879999,True,,put,2026-09-18,16.0,BTO,240.0,0.9993591646146228,0.03,0.05,2578.0,102.0,STO,235.0,0.01,0.08,2530.0,2.0,5.0,0.04,,29.40138255625827,,1,2026-09-04,2026-09-04,0.986267,27.4393,3.35639,25.1648,27.4393,32.5935,0.0151394,28.379700000000003,29.870799999999996,27.7113,27.782,30.1549,30.464000000000002,0.07069999999999865,0.272000000000002,2.431499999999996,3.2149000000000036,4.990100000000002,-1.4910999999999923,20.634920634920636,6.746031746031746,346.93879999999996,334.44535,-2.0144186813351395,False,True,False,-7.815169346747297,-4.5505344278240045,2026-09-03,333.78,4157566346.0,1.51394,15999896,Internet Content & Media,0000-00-00,XLC,Comm,38,13,98.6267,7,12.7,16.54,38.1,True,True,32.29166666666667,,False,False,False,,False,False,11.785714285714286,23.194444444444446,288,250,,False,0.34270000000000067,True,44.40904761904762,339.95,29.40138255625827,0.9993591646146228,-0.0006408353853771809,339.95,30.872187086336222,0.9993593192999598,-0.0006406807000401971,ORATS call delta minus one; put approximation,2026-09-04,10.0,2.0,1.0,admitted,,,
874,2026-09-03,MRVL,buy-first put-tail inventory,Pandar-direct inventory program; exact scanner geometry is partly mechanized,accumulate cheap far-OTM 1:1 put vertical inventory; usually about $5 wide and under $0.10; recycle and roll,IV/RR/put-skew gates; fixed 25-45% OTM band; complete-at-entry rule; universal 3x/5x exits,buy complete put spread in this implementation,2026-09-03_pandar_only_gap_scan,36.156349206349205,209.25,-13.303778588001336,-16.175940391779832,23.05,15.476190476190476,80.95238095238095,13.492063492063492,79.36507936507937,44.44444444444444,198596.4,1819795,4857055262.96,True,,put,2026-09-18,16.0,BTO,125.0,0.9999547319950464,0.01,0.06,3271.0,0.0,STO,120.0,0.01,0.03,5383.0,8.0,5.0,0.0499999999999999,,40.262843488649935,,1,2026-09-04,2026-09-04,0.973641,56.1683,2.01806,55.274,56.1683,60.5095,0.0287458,66.1734,65.11630000000001,57.93620000000001,55.5111,59.5723,59.5167,-2.4251000000000076,1.7679000000000045,8.948000000000008,10.8994,4.298299999999998,1.0570999999999913,8.333333333333334,22.22222222222222,221.7892,151.1973,-5.653656715475774,False,True,False,-33.89878695981804,-30.634152040894747,2026-09-03,206.48,188053940.0,2.87458,23523127,Semiconductors,0000-00-00,XLK,Technology,10,45,97.3641,12,45.24,1.24,9.52,True,True,9.375,,False,False,False,,False,False,12.5,25.158730158730158,288,250,,False,-0.6572000000000031,True,36.156349206349205,209.25,40.262843488649935,0.9999547319950464,-4.526800495363581e-05,209.25,42.65232974910395,0.9999884072213804,-1.1592778619617938e-05,ORATS call delta minus one; put approximation,2026-09-04,29.0,50.0,24.0,admitted,,,
875,2026-09-03,MSFT,buy-first put-tail inventory,Pandar-direct inventory program; exact scanner geometry is partly mechanized,accumulate cheap far-OTM 1:1 put vertical inventory; usually about $5 wide and under $0.10; recycle and roll,IV/RR/put-skew gates; fixed 25-45% OTM band; complete-at-entry rule; universal 3x/5x exits,buy complete put spread in this implementation,2026-09-03_pandar_only_gap_scan,24.931111111111115,510.75,1.148628577086841,-0.5336033807863849,31.18,23.015873015873016,75.0,21.428571428571427,59.523809523809526,37.698412698412696,522592.75,3908642,12171332846.32,True,,put,2026-09-18,16.0,BTO,350.0,0.9999660378567612,0.02,0.04,12678.0,262.0,STO,345.0,0.01,0.06,1142.0,0.0,5.0,0.03,,31.473323543808128,,1,2026-09-04,2026-09-04,0.97019,23.8785,3.4906,22.223100000000002,23.8785,29.035,0.00873031,23.8487,25.1489,24.0741,24.4934,25.334200000000003,30.0502,0.4192999999999998,0.19560000000000244,1.2704000000000022,1.6255999999999986,3.1111000000000004,-1.3002000000000002,11.904761904761905,23.41269841269841,441.5942,431.09850000000006,15.660486482838776,True,True,True,19.328536049717314,22.593170968640607,2026-09-03,496.82,3792597360.0,0.87303,24498476,Infrastructure Software,0000-00-00,XLK,Technology,10,37,97.019,7,36.9,3.28,9.52,True,True,82.29166666666666,,False,False,False,,False,False,13.5515873015873,22.83730158730159,288,250,,False,0.6149000000000022,True,24.931111111111115,510.75,31.473323543808128,0.9999660378567612,-3.3962143238808196e-05,510.75,32.452276064610864,0.9999660378567636,-3.3962143236365705e-05,ORATS call delta minus one; put approximation,2026-09-04,16.0,10.0,1.0,admitted,,,
877,2026-09-03,NBIS,buy-first put-tail inventory,Pandar-direct inventory program; exact scanner geometry is partly mechanized,accumulate cheap far-OTM 1:1 put vertical inventory; usually about $5 wide and under $0.10; recycle and roll,IV/RR/put-skew gates; fixed 25-45% OTM band; complete-at-entry rule; universal 3x/5x exits,buy complete put spread in this implementation,2026-09-03_pandar_only_gap_scan,41.82587301587302,210.97,-2.414542763310046,-22.78383720079058,16.19,20.634920634920636,74.2063492063492,14.285714285714286,82.53968253968254,26.984126984126984,223183.7,1366961,4594071614.52,True,,put,2026-09-18,16.0,BTO,125.0,0.9971007379266814,0.11,0.14,1172.0,4.0,STO,120.0,0.08,0.13,4606.0,8.0,5.0,0.06,,40.74986964971323,,1,2026-09-04,2026-09-04,0.958381,79.3713,2.89156,74.13380000000001,79.3713,87.1856,0.0410524,86.1339,89.12060000000001,81.1497,78.74449999999999,83.46719999999999,86.22720000000001,-2.4052000000000078,1.7783999999999907,9.749300000000005,12.000099999999989,9.333399999999983,-2.9867000000000132,15.079365079365079,4.761904761904762,213.75599999999997,154.09300000000002,-1.3033552274555937,False,True,False,-19.375549356059164,-16.11091443713587,2026-09-03,204.09,52641097.0,4.10524,22510028,Internet Content & Media,0000-00-00,XLK,Technology,14,6,95.8381,9,5.95,1.24,14.29,True,True,18.75,,False,False,False,,False,False,13.353174603174603,24.6031746031746,288,250,,False,-0.6268000000000171,True,41.82587301587302,210.97,40.74986964971323,0.9971007379266814,-0.002899262073318587,210.97,43.119874863724704,0.9984804231979298,-0.001519576802070155,ORATS call delta minus one; put approximation,2026-09-04,27.0,55.0,27.0,admitted,,,
880,2026-09-03,NVDA,buy-first put-tail inventory,Pandar-direct inventory program; exact scanner geometry is partly mechanized,accumulate cheap far-OTM 1:1 put vertical inventory; usually about $5 wide and under $0.10; recycle and roll,IV/RR/put-skew gates; fixed 25-45% OTM band; complete-at-entry rule; universal 3x/5x exits,buy complete put spread in this implementation,2026-09-03_pandar_only_gap_scan,49.98952380952381,229.03,0.2977884825925203,0.0,8.82,13.88888888888889,88.0952380952381,17.063492063492063,61.507936507936506,36.111111111111114,3290792.75,15497110,28429337090.05,True,,put,2026-09-18,16.0,BTO,155.0,0.9990255699159152,0.07,0.09,22294.0,4.0,STO,150.0,0.07,0.08,36238.0,844.0,5.0,0.0199999999999999,,32.323276426669004,,1,2026-09-04,2026-09-04,0.973662,32.217600000000004,2.7293,30.287300000000002,32.217600000000004,37.160399999999996,0.00499196,32.3474,34.6319,32.2427,33.6191,41.3738,45.5306,1.3764000000000038,0.025099999999994793,2.4142999999999972,2.0600999999999985,11.086500000000001,-2.2845000000000013,34.92063492063492,5.158730158730159,209.8752,196.44495000000003,9.126757234775717,True,True,True,4.204012921425004,7.4686478403482965,2026-09-03,224.41,5530387410.0,0.4992,126684805,Semiconductors,0000-00-00,XLK,Technology,48,6,97.3662,10,5.56,26.5,47.62,True,True,57.291666666666664,,True,False,False,,False,False,21.984126984126984,22.95634920634921,288,250,,False,1.4014999999999986,True,49.98952380952381,229.03,32.323276426669004,0.9990255699159152,-0.0009744300840848208,229.03,34.50639654193773,0.9991642370846686,-0.0008357629153313839,ORATS call delta minus one; put approximation,2026-09-04,15.0,55.0,15.0,admitted,,,
893,2026-09-03,RTX,buy-first put-tail inventory,Pandar-direct inventory program; exact scanner geometry is partly mechanized,accumulate cheap far-OTM 1:1 put vertical inventory; usually about $5 wide and under $0.10; recycle and roll,IV/RR/put-skew gates; fixed 25-45% OTM band; complete-at-entry rule; universal 3x/5x exits,buy complete put spread in this implementation,2026-09-03_pandar_only_gap_scan,39.1552380952381,201.67,-4.719833695549469,-10.129233511586456,23.94,5.9523809523809526,71.82539682539682,3.5714285714285716,21.825396825396822,18.650793650793652,12921.0,178313,850032247.0,True,,put,2026-09-18,16.0,BTO,120.0,0.999813796396772,0.01,0.04,199.0,9.0,STO,115.0,0.01,0.07,83.0,145.0,5.0,0.03,,40.49685129171419,,1,2026-09-04,2026-09-04,0.758929,23.0201,3.48791,21.8538,23.0201,26.9225,0.0289624,22.5992,24.5196,22.9347,23.7365,25.4364,25.2797,0.8018000000000001,-0.08539999999999992,1.4995000000000012,0.7454000000000001,3.5825999999999993,-1.9204000000000008,8.73015873015873,19.841269841269842,207.41000000000003,192.97269999999997,-2.7674654066824345,True,True,False,12.63334264172018,15.897977560643472,2026-09-03,200.78,271802385.0,2.89624,4233650,Aerospace & Defense Manufacturing,0000-00-00,XLI,Industrials,81,37,75.8929,6,36.9,49.41,76.19,True,True,71.52777777777779,,True,False,False,,False,False,22.003968253968253,18.115079365079367,288,250,,False,0.7164000000000001,True,39.1552380952381,201.67,40.49685129171419,0.999813796396772,-0.00018620360322796348,201.67,42.97614915455943,0.999813796396778,-0.00018620360322196827,ORATS call delta minus one; put approximation,2026-09-04,10.0,26.0,4.0,admitted,,,
