tradeDate,ticker,scenario,buy_surface_tier,sell_archetype,buy_first_put_tail_inventory,ranking_score,stockPrice,return_5d_pct,drawdown_20d_pct,extension_50d_pct,relative_return_63d_pct,rs63_cross_section_pct,ivRank1y,iv30d,rr25,rr25_pct252,callskew,callskew_pct252,putskew,putskew_pct252,call_wing_30,call_wing_10,call_wing_10_pct252,call_kink,call_kink_pct252,put_wing_10_pct252,iv10d_pct252,avgOptVolu20d,oi,dollar_stock_volume,confidence_core,mktWidthVol,nextErn,wksNextErn,earnings_near_front_expiry,sector,sectorName,bestEtf,universe_size,liquid_universe_size,chain_confirmed,failure_reason,option_side,expiry,dte,leg1_action,leg1_strike,leg1_delta,leg1_bid,leg1_ask,leg1_oi,leg1_volume,leg2_action,leg2_strike,leg2_bid,leg2_ask,leg2_oi,leg2_volume,spread_width,entry_cash,target_leg2_price,contract_wing_iv_points,event_inside_expiry,long_otm_pct,selection_distance,lower_otm_pct
2026-09-01,U,buy-first call puke,good,,False,66.6468253968254,41.05,-9.421888790820832,-12.807986406117257,15.076895474856864,38.88144964848664,96.18055555555556,4.63,51.9241,2.2106999999999957,74.2063492063492,-0.5741999999999905,15.476190476190476,1.6365000000000052,62.698412698412696,0.2601000000000084,3.5738999999999947,19.84126984126984,2.803299999999993,55.95238095238095,36.904761904761905,1.984126984126984,28183.4,456831,552480910.2,89.9538,5.02802,0000-00-00,9,False,Application Software,Technology,XLK,288,252,True,,call,2026-10-16,46.0,BTO,55.0,0.07877662669452655,0.23,0.36,121.0,70.0,STO,60.0,0.12,0.15,451.0,2.0,5.0,0.24,,,False,,6.482947624847746,33.982947624847746
2026-08-31,RDW,buy-first call puke,,,False,48.948412698412696,10.66,-6.899563318777291,-22.189781021897804,-2.041866534340453,-44.955284362274625,2.0761245674740483,11.95,78.751,-3.6270000000000095,92.46031746031746,2.608699999999999,5.9523809523809526,-1.0183000000000106,82.93650793650794,10.8579,12.213799999999992,23.015873015873016,-3.5885000000000105,30.952380952380953,85.31746031746032,7.5396825396825395,25869.75,263218,178398961.76,84.6008,11.77334,0000-00-00,9,False,Aerospace & Defense Manufacturing,Industrials,XLI,289,251,True,,call,2026-10-16,47.0,BTO,14.0,0.2283075925018356,0.3,0.4,148.0,126.0,STO,19.0,0.05,0.15,33.0,10.0,5.0,0.35000000000000003,,,False,,3.832082551594741,31.33208255159474
2026-09-01,RDW,buy-first call puke,,,False,48.11507936507937,10.27,-10.383944153577673,-25.036496350364967,-5.114749251635309,-45.1899398398231,2.430555555555556,8.23,76.358,-4.222700000000003,88.4920634920635,3.24029999999999,14.682539682539682,-0.9824000000000126,83.33333333333333,13.5107,1.551400000000001,1.5873015873015872,-15.56410000000001,11.904761904761903,51.19047619047619,6.349206349206349,24692.75,279234,171460748.29999998,76.4358,11.40592,0000-00-00,9,False,Aerospace & Defense Manufacturing,Industrials,XLI,288,252,True,,call,2026-10-16,46.0,BTO,13.0,0.25266527005243455,0.35,0.5,318.0,43.0,STO,18.0,0.05,0.1,27.0,5.0,5.0,0.45,,,False,,0.9177215189873351,26.582278481012665
2026-08-28,RGTI,buy-first call puke,,,False,47.22222222222222,15.5,-13.552704963747908,-17.902542372881346,-8.458440131819856,-36.333933401957474,6.597222222222222,0.0,71.9785,-0.1634000000000099,78.96825396825396,0.7019000000000091,13.492063492063492,0.5384999999999991,50.79365079365079,9.587500000000006,17.34850000000001,33.333333333333336,-0.3021999999999991,35.714285714285715,5.9523809523809526,0.0,56318.5,689035,311564616.36,91.3434,8.55374,0000-00-00,10,False,Computer Hardware Manufacturing,Technology,XLK,288,247,True,,call,2026-10-16,50.0,BTO,20.0,0.23737125574242826,0.5,0.56,2020.0,194.0,STO,25.0,0.18,0.21,1696.0,66.0,5.0,0.38000000000000006,,,False,,1.5322580645161246,29.032258064516125
2026-09-02,LUNR,buy-first call puke,,,False,46.6468253968254,14.93,-6.978193146417455,-26.70594010800197,-7.462501549522749,-50.66729431515789,0.6968641114982579,31.26,80.7167,-0.0431999999999987,76.19047619047619,1.1141999999999967,19.444444444444443,1.070999999999998,62.301587301587304,8.738600000000005,3.6018999999999863,4.365079365079365,-12.169000000000011,22.61904761904762,81.34920634920636,4.365079365079365,24286.5,316560,148138046.72,89.8547,9.5553,0000-00-00,9,False,Aerospace & Defense Manufacturing,Industrials,XLI,287,252,True,,call,2026-10-16,45.0,BTO,20.0,0.18995617572770102,0.37,0.43,324.0,62.0,STO,25.0,0.07,0.15,246.0,13.0,5.0,0.36,,,False,,6.458472873409249,33.95847287340925
2026-09-01,SOUN,buy-first call puke,,,False,46.448412698412696,6.92,-1.0014306151645225,-14.250309789343252,3.037522334723053,-16.77163695923476,19.09722222222222,2.23,65.2622,-4.157799999999995,71.03174603174604,3.118799999999993,13.095238095238097,-1.0390000000000017,33.73015873015873,15.047999999999988,16.712099999999992,13.095238095238097,-0.5819000000000045,45.63492063492063,11.11111111111111,3.1746031746031744,66739.6,564644,213374486.96,53.9627,5.37046,0000-00-00,9,False,Application Software,Technology,XLK,288,252,True,,call,2026-10-16,46.0,BTO,9.0,0.1769844645516251,0.14,0.16,16145.0,435.0,STO,14.0,0.03,0.06,4366.0,23.0,5.0,0.13,,,False,,2.5578034682080997,30.0578034682081
2026-08-28,LUNR,buy-first call puke,,,False,45.97222222222222,15.39,-16.540130151843822,-24.447717231222388,-6.952841596130588,-61.063760802732794,0.6944444444444444,37.98,85.99799999999999,-0.9727000000000032,68.65079365079364,0.960400000000007,17.857142857142858,-0.0122999999999962,48.80952380952381,6.506800000000013,16.5878,49.6031746031746,1.6420999999999992,51.58730158730159,30.15873015873016,6.746031746031746,25601.05,324450,170190414.06,87.567,15.24271,0000-00-00,10,False,Aerospace & Defense Manufacturing,Industrials,XLI,288,247,True,,call,2026-10-02,36.0,BTO,20.0,0.21926319064255703,0.36,0.5,178.0,20.0,STO,25.0,0.11,0.16,171.0,36.0,5.0,0.39,,,False,,2.454515919428193,29.954515919428193
2026-09-02,RGTI,buy-first call puke,,,False,45.81349206349206,14.96,-6.849315068493134,-20.762711864406768,-9.750123671287747,-33.82868857241266,7.665505226480835,0.0,67.6452,-2.015599999999992,66.66666666666667,1.4170999999999907,17.063492063492063,-0.5985000000000014,34.92063492063492,14.772599999999995,12.6744,13.88888888888889,-9.394199999999998,13.492063492063492,6.746031746031746,0.0,51548.7,677651,265839840.21,91.89,5.443,0000-00-00,9,False,Computer Hardware Manufacturing,Technology,XLK,287,252,True,,call,2026-10-16,45.0,BTO,20.0,0.17217110146245232,0.3,0.34,2298.0,400.0,STO,25.0,0.1,0.12,1699.0,88.0,5.0,0.24000000000000002,,,False,,6.189839572192511,33.68983957219251
2026-09-01,LUNR,buy-first call puke,,,False,45.41666666666667,14.79,-10.58041112454655,-27.393225331369663,-8.993576017130621,-57.63982488419027,0.6944444444444444,33.08,82.7332,-1.7604000000000042,64.28571428571429,1.2984000000000009,20.238095238095237,-0.4620000000000033,40.87301587301587,8.276300000000006,12.913299999999992,34.523809523809526,-0.0274,46.82539682539682,53.57142857142857,6.349206349206349,24365.45,315085,157576796.16,94.2052,7.76391,0000-00-00,10,False,Aerospace & Defense Manufacturing,Industrials,XLI,288,252,True,,call,2026-10-16,46.0,BTO,19.0,0.24776153309352744,0.51,0.57,200.0,13.0,STO,24.0,0.1,0.21,30.0,9.0,5.0,0.47,,,False,,0.9651791751183261,28.465179175118326
2026-09-02,SOUN,buy-first call puke,,,False,44.82142857142858,6.84,-2.840909090909094,-15.241635687732346,1.7402945113788482,-11.291517210627468,22.99651567944251,0.68,64.5869,-4.92619999999998,61.111111111111114,4.44789999999999,25.79365079365079,-0.4782999999999902,40.476190476190474,18.09490000000001,15.755500000000003,9.126984126984128,-3.7188000000000017,35.317460317460316,46.42857142857143,3.5714285714285716,65323.0,576032,204771673.75,54.0416,6.09828,0000-00-00,9,False,Application Software,Technology,XLK,287,252,True,,call,2026-10-16,45.0,BTO,9.0,0.16907988886378955,0.14,0.16,16238.0,458.0,STO,14.0,0.02,0.06,4370.0,0.0,5.0,0.14,,,False,,4.078947368421062,31.578947368421062
2026-09-01,NOK,buy-first call puke,,,False,44.801587301587304,9.95,-3.5852713178294637,-8.379373848987115,-7.539911163974966,-35.860053315952825,7.986111111111111,37.43,53.730599999999995,-3.9812999999999974,61.111111111111114,3.3945000000000007,26.19047619047619,-0.5867999999999967,34.523809523809526,10.415599999999998,12.37599999999999,30.952380952380953,2.8023000000000025,65.87301587301587,41.26984126984127,51.58730158730159,137348.75,3544460,690516031.9200001,76.6759,3.76571,0000-00-00,7,False,Communications Equipment Manufacturing,Technology,XLK,288,252,True,,call,2026-10-16,46.0,BTO,13.0,0.14422607041239158,0.12,0.14,16083.0,705.0,STO,18.0,0.02,0.04,4587.0,2.0,5.0,0.12000000000000001,,,False,,3.153266331658301,30.6532663316583
2026-09-02,QBTS,buy-first call puke,,,False,44.68253968253968,16.63,-5.242165242165253,-21.81476257639868,-14.975203231249044,-35.42373291097796,5.923344947735192,0.0,68.4385,-2.4128000000000043,61.507936507936506,1.9887999999999977,29.365079365079364,-0.4240000000000066,49.20634920634921,12.976199999999992,5.793599999999998,3.1746031746031744,-11.115099999999998,11.11111111111111,10.317460317460318,0.0,41244.1,635002,258299672.18,91.891,5.29492,0000-00-00,9,False,Computer Hardware Manufacturing,Technology,XLK,287,252,True,,call,2026-10-16,45.0,BTO,22.0,0.17769275462166495,0.35,0.39,3138.0,122.0,STO,27.0,0.11,0.13,2478.0,13.0,5.0,0.28,,,False,,4.79104028863501,32.29104028863501
2026-08-28,BYND,buy-first call puke,best,,False,109.42460317460316,13.82,-6.177868295994571,-8.839050131926118,295.48992673992683,1652.4626198402605,100.0,1.9,99.0806,7.662400000000005,95.23809523809524,-3.2139999999999844,1.984126984126984,4.448400000000021,92.85714285714286,-4.4365999999999985,9.986099999999992,35.714285714285715,5.237800000000007,73.41269841269842,34.12698412698413,0.7936507936507936,34784.1,27024,433832546.0,54.1708,37.79142,0000-00-00,9,False,Packaged Food Products,C. Defensive,XLP,288,247,False,spread debit outside 0.05-0.50; one leg lacks a bid; combined leg quote widths exceed 0.20; one leg has OI below 25,call,2026-10-02,36.0,BTO,18.5,0.22600902631167347,0.15,0.9,0.0,0.0,STO,23.0,0.0,0.75,0.0,0.0,4.5,0.9,,,False,,6.363965267727927,33.86396526772793
2026-08-28,M,buy-first call puke,better,,False,99.70238095238096,22.14,-2.9373081981586946,-15.496183206106862,-7.51416111083264,4.701772627800816,53.81944444444444,1.26,50.9953,7.187599999999996,97.22222222222224,-3.3766999999999996,0.3968253968253968,3.8108999999999966,77.38095238095238,-3.5412999999999997,3.798400000000001,32.53968253968254,-0.6616,42.06349206349206,2.380952380952381,29.365079365079364,9779.25,165679,112687648.65,72.6869,13.37237,0000-00-00,1,True,Department Store Retail,C. Cyclical,XLY,288,247,False,combined leg quote widths exceed 0.20; one leg has OI below 25; earnings inside expiry,call,2026-10-16,50.0,BTO,29.0,0.051511872672264716,0.05,0.19,1.0,0.0,STO,32.0,0.01,0.21,3.0,0.0,3.0,0.18,,,True,,3.4846431797651256,30.984643179765126
2026-08-28,U,buy-first call puke,better,,False,86.82539682539682,43.3,-7.557643040136652,-8.028887000849616,23.399089183628096,46.14145128552304,97.2222222222222,0.0,48.8924,2.7798000000000016,80.15873015873017,-0.2735000000000056,23.80952380952381,2.506299999999996,76.19047619047619,1.6807000000000016,4.342799999999997,22.22222222222222,0.3294999999999959,43.65079365079365,30.15873015873016,0.3968253968253968,31600.0,466087,569015810.19,91.0676,8.14707,0000-00-00,9,False,Application Software,Technology,XLK,288,247,False,one leg lacks a bid; combined leg quote widths exceed 0.20,call,2026-10-02,36.0,BTO,57.0,0.037942123763754484,0.01,0.46,30.0,0.0,STO,60.0,0.0,0.88,552.0,0.0,3.0,0.46,,,False,,4.139722863741348,31.639722863741348
2026-09-02,U,buy-first call puke,good,,False,74.82142857142857,40.59,-8.208955223880587,-13.78504672897195,12.963375264388311,43.559364036986054,97.21254355400696,5.11,52.0247,1.3004999999999924,60.31746031746032,-0.290300000000002,24.20634920634921,1.0101999999999904,50.3968253968254,1.0518999999999965,0.3833999999999946,6.746031746031746,-3.1447000000000003,28.571428571428573,17.063492063492063,0.7936507936507936,24308.1,467341,529562783.6400001,89.1843,4.797,0000-00-00,9,False,Application Software,Technology,XLK,287,252,False,one leg lacks a bid; combined leg quote widths exceed 0.20; one leg has OI below 25,call,2026-10-02,31.0,BTO,51.0,0.07905397159636973,0.01,0.29,11.0,1.0,STO,56.0,0.0,1.35,1.0,0.0,5.0,0.29,,,False,,1.8532889874353415,25.64671101256466
2026-08-31,U,buy-first call puke,good,,False,66.25,42.14,-8.906182447038468,-10.492778249787593,19.073857439149133,34.40998749788361,95.50173010380622,3.32,51.3969,1.884999999999998,70.63492063492063,-0.4983000000000004,16.26984126984127,1.3866999999999976,60.31746031746032,2.1587999999999923,-1.0945999999999998,2.7777777777777777,-2.026699999999991,32.93650793650794,26.984126984126984,3.968253968253968,30446.85,454203,565629596.13,88.8206,5.19712,0000-00-00,9,False,Application Software,Technology,XLK,289,251,False,combined leg quote widths exceed 0.20,call,2026-10-16,47.0,BTO,55.0,0.0951330391141228,0.26,0.42,124.0,5.0,STO,60.0,0.12,0.21,433.0,18.0,5.0,0.3,,,False,,3.0173232083530976,30.517323208353098
2026-08-28,RDW,buy-first call puke,,,False,48.45238095238095,10.88,-10.305028854080788,-20.583941605839406,-0.6428988895382792,-51.87135618455311,1.3888888888888888,14.8,81.2396,-3.5995999999999952,92.85714285714286,3.4791000000000025,16.666666666666668,-0.1204999999999927,89.68253968253968,14.650200000000012,18.020099999999985,41.26984126984127,-5.215800000000016,28.174603174603178,88.4920634920635,6.746031746031746,26766.3,275447,188891251.99,77.6293,15.06475,0000-00-00,9,False,Aerospace & Defense Manufacturing,Industrials,XLI,288,247,False,one leg lacks a bid; combined leg quote widths exceed 0.20; one leg has OI below 25,call,2026-10-02,36.0,BTO,14.0,0.20549200563978087,0.25,0.35,162.0,12.0,STO,19.0,0.0,0.15,23.0,2.0,5.0,0.35,,,False,,1.1764705882352828,28.676470588235283
2026-09-02,RDW,buy-first call puke,,,False,47.916666666666664,10.36,-7.747105966162071,-24.379562043795623,-3.944220891204775,-39.05444056178612,3.8327526132404177,8.31,76.4002,-4.251899999999992,88.0952380952381,3.5394000000000005,17.857142857142858,-0.7124999999999915,86.11111111111111,9.740300000000005,6.759800000000013,7.142857142857143,-7.8356,23.41269841269841,73.80952380952381,5.158730158730159,23871.9,282340,159080838.29999998,81.5902,12.87223,0000-00-00,9,False,Aerospace & Defense Manufacturing,Industrials,XLI,287,252,False,one leg lacks a bid; combined leg quote widths exceed 0.20; one leg has OI below 25,call,2026-10-02,31.0,BTO,13.5,0.15353606464308603,0.15,0.25,58.0,5.0,STO,18.5,0.0,0.35,2.0,0.0,5.0,0.25,,,False,,2.808880308880326,30.308880308880326
2026-09-02,LI,buy-first call puke,,,False,46.72619047619048,12.0,-1.7199017199017286,-8.186687069625098,-3.619102693846077,-15.48664582610817,19.51219512195122,10.03,41.8099,0.9202999999999976,73.01587301587301,0.6628000000000043,11.507936507936508,1.5831000000000015,36.507936507936506,13.920299999999996,3.856900000000003,15.07936507936508,-12.094099999999996,12.301587301587302,26.19047619047619,8.333333333333334,4905.25,189546,31225350.1,68.7768,5.19451,0000-00-00,12,False,Automobile Manufacturing,C. Cyclical,XLY,287,252,False,one leg lacks a bid; one leg has OI below 25,call,2026-10-16,45.0,BTO,15.0,0.10580273637603144,0.06,0.13,175.0,0.0,STO,18.0,0.0,0.07,0.0,0.0,3.0,0.13,,,False,,2.5,25.0
2026-08-31,JD,buy-first call puke,,,False,45.41666666666667,28.27,-3.052126200274352,-15.384615384615374,-3.5226023984547328,0.6693743983190115,45.674740484429066,13.26,29.7052,-0.3749000000000002,65.87301587301587,1.1773000000000025,23.41269841269841,0.8024000000000022,51.58730158730159,5.0792,4.5824,18.253968253968253,-2.283299999999997,36.904761904761905,14.285714285714286,5.9523809523809526,29354.5,958047,242075065.68,73.7615,2.29254,0000-00-00,10,False,E-commerce & Internet Retail,C. Cyclical,XLY,289,251,False,one leg lacks a bid,call,2026-10-16,47.0,BTO,36.0,0.03642524345869306,0.05,0.07,361.0,2.0,STO,39.0,0.0,0.12,2785.0,0.0,3.0,0.07,,,False,,0.15652635302439677,27.343473646975603
2026-09-01,JD,buy-first call puke,,,False,45.079365079365076,27.84,-4.9829351535836235,-16.67165519305597,-5.036736865802971,-2.690043967441902,37.5,9.15,28.819699999999997,-0.3586999999999953,66.66666666666667,1.3872,31.746031746031747,1.0285000000000046,61.904761904761905,5.5486000000000075,4.5487,17.857142857142858,-3.0298000000000016,32.142857142857146,11.507936507936508,5.158730158730159,29520.9,975986,235520413.92,63.6929,2.60498,0000-00-00,10,False,E-commerce & Internet Retail,C. Cyclical,XLY,288,252,False,one leg lacks a bid,call,2026-10-16,46.0,BTO,34.0,0.047186022730425305,0.07,0.1,1415.0,24.0,STO,37.0,0.0,0.1,292.0,0.0,3.0,0.1,,,False,,5.373563218390807,22.126436781609193
2026-09-02,U,buy-first call standard,good,,False,74.82142857142857,40.59,-8.208955223880587,-13.78504672897195,12.963375264388311,43.559364036986054,97.21254355400696,5.11,52.0247,1.3004999999999924,60.31746031746032,-0.290300000000002,24.20634920634921,1.0101999999999904,50.3968253968254,1.0518999999999965,0.3833999999999946,6.746031746031746,-3.1447000000000003,28.571428571428573,17.063492063492063,0.7936507936507936,24308.1,467341,529562783.6400001,89.1843,4.797,0000-00-00,9,False,Application Software,Technology,XLK,287,252,True,,call,2026-10-16,45.0,BTO,50.0,0.14716291661781064,0.5,0.62,297.0,6.0,STO,55.0,0.15,0.53,150.0,3.0,5.0,0.62,0.72,,False,,,
2026-09-01,CVS,buy-first call standard,good,,False,50.23809523809524,97.14,4.609088951109208,-3.2373742404621986,-3.928887201001652,13.624469721779874,70.48611111111111,15.92,27.1922,2.263899999999996,60.31746031746032,-1.079399999999996,15.873015873015872,1.1845,32.142857142857146,-1.1361999999999988,-1.459500000000002,2.380952380952381,-1.5300000000000011,38.492063492063494,14.285714285714286,11.11111111111111,14406.35,305904,731977550.78,91.8721,3.14646,0000-00-00,8,False,Health Insurance & Managed Care,Healthcare,XLV,288,252,True,,call,2026-10-16,46.0,BTO,110.0,0.11908218780208019,0.47,0.55,570.0,26.0,STO,115.0,0.18,0.27,573.0,54.0,5.0,0.55,0.65,,False,,,
2026-08-28,M,buy-first call standard,better,,False,99.70238095238096,22.14,-2.9373081981586946,-15.496183206106862,-7.51416111083264,4.701772627800816,53.81944444444444,1.26,50.9953,7.187599999999996,97.22222222222224,-3.3766999999999996,0.3968253968253968,3.8108999999999966,77.38095238095238,-3.5412999999999997,3.798400000000001,32.53968253968254,-0.6616,42.06349206349206,2.380952380952381,29.365079365079364,9779.25,165679,112687648.65,72.6869,13.37237,0000-00-00,1,True,Department Store Retail,C. Cyclical,XLY,288,247,False,long-call quote wider than 0.20; one leg has OI below 25; earnings inside expiry,call,2026-10-09,43.0,BTO,25.5,0.1617752020533823,0.19,0.85,0.0,0.0,STO,26.0,0.13,0.8,0.0,0.0,0.5,0.85,0.95,,True,,,
2026-08-28,TEVA,buy-first call standard,best,,False,93.96825396825396,36.56,-2.0889126941617597,-3.6119166886369514,6.809390812522653,7.642285593546195,60.416666666666664,12.73,32.0243,5.491999999999997,91.26984126984128,-2.0807999999999964,3.1746031746031744,3.411200000000001,74.2063492063492,-3.0465999999999944,9.177300000000006,82.53968253968254,9.462700000000002,83.73015873015873,39.68253968253968,6.746031746031746,6750.35,394146,200585626.55999997,68.1845,7.63142,0000-00-00,9,False,Specialty & Generic Pharmaceuticals,Healthcare,XLV,288,247,False,long call lacks a two-sided quote above 0.20; long-call quote wider than 0.20; one leg has OI below 25; upper call has no bid,call,2026-10-09,43.0,BTO,41.0,0.17558566355262592,0.0,0.71,0.0,0.0,STO,42.0,0.0,0.57,0.0,0.0,1.0,0.71,0.8099999999999999,,False,,,
2026-09-01,CRSP,buy-first call standard,better,,False,74.56349206349206,56.81,-6.654617154124209,-6.654617154124209,6.088164661679407,14.08118072816874,71.875,34.18,59.19180000000001,15.934900000000006,97.61904761904762,-4.148100000000014,3.968253968253968,11.786799999999992,98.41269841269842,-5.1821000000000055,8.741399999999999,34.92063492063492,7.336599999999997,67.85714285714286,89.68253968253968,15.476190476190476,4044.2,72153,86118888.24,73.3589,20.74666,0000-00-00,9,False,Biotechnology,Healthcare,XLV,288,252,False,long-call quote wider than 0.20,call,2026-10-16,46.0,BTO,75.0,0.12897748109787033,0.65,1.0,614.0,13.0,STO,80.0,0.4,0.5,217.0,0.0,5.0,1.0,1.1,,False,,,
2026-08-28,CRSP,buy-first call standard,better,,False,73.86904761904762,57.71,-3.154891760362477,-5.175813342096614,7.996736331516874,6.0388062950985315,56.59722222222222,34.96,58.8777,8.402999999999999,93.25396825396824,-1.6775999999999982,9.126984126984128,6.7254000000000005,92.85714285714286,-2.3232,15.500799999999993,69.04761904761905,16.710299999999997,88.0952380952381,2.380952380952381,31.746031746031747,4419.2,76337,88694149.14,72.9481,29.29329,0000-00-00,10,False,Biotechnology,Healthcare,XLV,288,247,False,long call lacks a two-sided quote above 0.20; long-call quote wider than 0.20; one leg has OI below 25; upper call has no bid,call,2026-10-09,43.0,BTO,75.0,0.12141799948812095,0.0,2.8,0.0,0.0,STO,80.0,0.0,2.55,0.0,0.0,5.0,2.8,2.9,,False,,,
2026-08-28,MGM,buy-first call standard,better,,False,73.21428571428572,42.41,-2.88527593313489,-7.0771253286590845,-6.87185162738203,0.5002165794729563,43.40277777777778,32.6,33.2229,8.2789,92.85714285714286,-1.2571000000000012,21.428571428571427,7.021799999999999,95.23809523809524,0.195299999999996,9.935,82.93650793650794,6.5396,78.96825396825396,86.9047619047619,6.746031746031746,5378.45,226102,99259496.84,51.7364,10.17932,0000-00-00,8,False,Resort & Casino Operations,C. Cyclical,XLY,288,247,False,long-call quote wider than 0.20; upper call has no bid,call,2026-10-16,50.0,BTO,49.0,0.14784568157848368,0.05,0.8,59.0,0.0,STO,50.0,0.0,0.75,4571.0,0.0,1.0,0.8,0.9,,False,,,
2026-09-01,WBD,buy-first call standard,better,,False,72.87698412698413,28.32,-1.9730010384215957,-1.9730010384215957,4.7949615529784495,9.242172627805475,62.15277777777778,23.36,24.0502,10.915199999999995,86.9047619047619,-4.185999999999996,16.26984126984127,6.729199999999999,86.5079365079365,-7.787800000000001,-7.787800000000001,3.1746031746031744,0.0,26.19047619047619,94.44444444444444,39.68253968253968,80926.6,2864012,554280212.34,53.0779,3.37498,0000-00-00,9,False,Entertainment,Comm,XLC,288,252,False,long call lacks a two-sided quote above 0.20; upper call has no bid,call,2026-10-09,39.0,BTO,31.0,0.15233013846907323,0.0,0.04,293.0,0.0,STO,32.0,0.0,0.02,211.0,0.0,1.0,0.04,0.14,,False,,,
2026-09-02,MELI,buy-first call standard,good,,False,51.507936507936506,2001.32,2.1055585316701153,0.0,8.535279171988176,27.429254539786186,83.97212543554006,31.38,34.6763,4.524500000000003,76.98412698412699,-2.1088999999999984,23.80952380952381,2.415600000000005,78.17460317460318,-3.335899999999995,-2.536400000000004,13.88888888888889,-0.9808000000000056,33.73015873015873,57.93650793650794,11.11111111111111,7851.45,62114,949516275.14,96.4547,6.49224,0000-00-00,9,False,E-commerce & Internet Retail,C. Cyclical,XLY,287,252,False,long-call quote wider than 0.20,call,2026-10-16,45.0,BTO,2280.0,0.14799133102290232,7.7,22.0,56.0,0.0,STO,2300.0,7.6,17.6,70.0,1.0,20.0,22.0,22.1,,False,,,
2026-09-02,CRSP,buy-first call standard,good,,False,50.97222222222222,56.96,-4.268907563025204,-6.408149852119616,6.250419704080623,14.676780671362632,67.94425087108013,30.91,58.1812,1.949599999999997,66.66666666666667,-1.263300000000001,13.88888888888889,0.6862999999999957,37.301587301587304,-2.6966999999999928,13.890199999999991,60.714285714285715,14.51829999999999,84.52380952380952,86.11111111111111,24.603174603174605,3892.95,72566,84494692.38,69.449,25.43725,0000-00-00,9,False,Biotechnology,Healthcare,XLV,287,252,False,long-call quote wider than 0.20,call,2026-10-16,45.0,BTO,70.0,0.18561715001014584,0.9,1.3,487.0,93.0,STO,75.0,0.6,0.8,619.0,1.0,5.0,1.3,1.4000000000000001,,False,,,
2026-09-02,PFE,buy-first call standard,good,,False,49.52380952380952,29.02,2.255109231853414,0.0,12.550418864412016,19.407447458112948,74.91289198606272,44.83,22.0175,1.2699999999999996,65.07936507936508,0.0755999999999978,39.68253968253968,1.3455999999999977,60.714285714285715,1.7059999999999995,1.7640999999999991,22.61904761904762,-0.8996000000000031,20.634920634920636,60.714285714285715,19.84126984126984,127065.05,2529172,1099610073.45,84.0449,1.47824,0000-00-00,8,False,Major Pharmaceuticals,Healthcare,XLV,287,252,False,long call lacks a two-sided quote above 0.20,call,2026-10-16,45.0,BTO,32.0,0.13602283480541913,0.14,0.17,1352.0,109.0,STO,33.0,0.08,0.09,740.0,209.0,1.0,0.17,0.27,,False,,,
2026-08-31,CRWV,buy-first put-tail inventory,,,True,63.14761904761905,84.69,-1.9110493398193265,-21.60510969175229,-2.9667939972089497,-28.299564596739188,12.45674740484429,0.9,68.0213,-2.396799999999999,1.5873015873015872,2.0220000000000056,95.63492063492065,-0.3747999999999933,3.1746031746031744,8.875200000000007,9.710000000000008,84.12698412698413,0.0240000000000009,34.92063492063492,5.555555555555555,0.7936507936507936,226743.1,2119289,2458744874.35,98.9369,2.64282,0000-00-00,10,False,Infrastructure Software,Technology,XLK,289,251,True,,put,2026-09-18,19.0,BTO,62.5,0.9664856581030683,0.16,0.19,10442.0,16.0,STO,60.0,0.12,0.13,7462.0,28.0,2.5,0.07,,,False,26.201440547880505,6.298559452119495,
2026-08-31,BE,buy-first put-tail inventory,,,True,60.476190476190474,204.98,0.6827447320595148,-14.022062832934868,-12.646820928965983,-21.907861351224287,16.955017301038062,0.0,78.447,-5.492699999999999,11.11111111111111,3.8359999999999985,89.28571428571429,-1.6567000000000007,11.507936507936508,10.7235,13.112000000000007,84.52380952380952,9.485799999999998,77.77777777777777,8.73015873015873,2.7777777777777777,105865.5,887351,2764665453.06,98.7018,3.2647,0000-00-00,8,False,Electrical Equipment Manufacturing,Industrials,XLI,289,251,True,,put,2026-09-18,19.0,BTO,120.0,0.9967018720437919,0.1,0.13,3762.0,648.0,STO,115.0,0.05,0.1,338.0,36.0,5.0,0.08,,,False,41.45770319055517,8.957703190555172,
2026-08-28,CRWV,buy-first put-tail inventory,,,True,60.35444444444444,84.09,-4.789402173913038,-22.160510969175228,-4.35340444553638,-18.70303660886717,17.01388888888889,4.09,68.7422,-2.5142999999999915,0.7936507936507936,2.075499999999991,96.42857142857144,-0.4388000000000005,1.984126984126984,9.228800000000009,5.964200000000005,62.698412698412696,-7.156599999999997,10.317460317460318,3.968253968253968,0.3968253968253968,240980.9,2206768,2643995877.6,98.4872,2.97847,0000-00-00,10,False,Infrastructure Software,Technology,XLK,288,247,True,,put,2026-09-18,22.0,BTO,50.0,0.9981583745285841,0.02,0.06,6754.0,177.0,STO,45.0,0.01,0.05,3498.0,1.0,5.0,0.049999999999999996,,,False,40.5398977286241,8.039897728624098,
2026-08-26,IREN,buy-first put-tail inventory,,,True,59.76190476190476,39.66,-6.550424128180965,-11.768631813125708,-6.512094968248072,-38.86424019662714,4.137931034482759,0.0,95.7969,-5.024900000000002,13.88888888888889,3.8029999999999977,82.14285714285714,-1.221900000000005,12.301587301587302,17.0201,17.775999999999996,83.33333333333333,21.572000000000017,93.65079365079364,1.1904761904761905,61.111111111111114,265555.75,2428882,1957233632.76,94.9473,4.24735,0000-00-00,0,True,Investment Banking & Brokerage,Financials,XLF,290,257,True,,put,2026-09-18,24.0,BTO,24.0,0.9781495917356328,0.08,0.12,383.0,10.0,STO,19.0,0.02,0.05,1407.0,1.0,5.0,0.09999999999999999,,,True,39.485627836611194,6.985627836611194,
2026-08-25,IREN,buy-first put-tail inventory,,,True,59.126984126984134,42.08,-0.2134218638842888,-6.384872080088999,-1.8056741759190589,-27.00675118829452,9.342560553633218,0.0,97.41,-4.2705999999999875,15.07936507936508,3.38839999999999,78.96825396825396,-0.8821999999999974,14.285714285714286,13.963000000000008,12.771000000000017,66.26984126984127,17.52900000000001,91.26984126984128,1.5873015873015872,60.31746031746032,270564.75,2366823,1850839194.96,98.331,5.07143,0000-00-00,0,True,Investment Banking & Brokerage,Financials,XLF,289,257,True,,put,2026-09-18,25.0,BTO,25.0,0.9788928551644807,0.1,0.13,6282.0,243.0,STO,20.0,0.05,0.06,50109.0,127.0,5.0,0.08,,,True,40.5893536121673,8.0893536121673,
2026-09-02,CRWV,buy-first put-tail inventory,,,True,59.12698412698413,81.2,-7.957379279075038,-24.83569378876238,-5.8317078092419266,-22.374743836402743,14.634146341463412,0.0,67.8366,-0.4947999999999979,11.904761904761903,1.7916999999999916,92.85714285714286,1.2968999999999935,17.46031746031746,8.783299999999997,8.813199999999995,80.55555555555556,-2.517899999999998,23.015873015873016,7.5396825396825395,0.3968253968253968,221835.9,2191259,2226726057.85,97.9223,1.7124,0000-00-00,10,False,Infrastructure Software,Technology,XLK,287,252,True,,put,2026-09-18,17.0,BTO,50.0,0.99876098685316,0.02,0.03,6909.0,71.0,STO,45.0,0.01,0.04,3490.0,1.0,5.0,0.019999999999999997,,,False,38.42364532019704,5.923645320197039,
2026-08-31,NVDA,buy-first put-tail inventory,,,True,57.39523809523809,219.94,5.512113216598702,-3.6829428508867945,5.443823860776176,1.980406876906282,47.75086505190311,0.7,31.1325,1.8701000000000043,18.253968253968253,-0.4914000000000023,78.96825396825396,1.378700000000002,16.26984126984127,0.9510000000000004,1.0658999999999956,47.22222222222222,-2.121500000000001,36.904761904761905,3.5714285714285716,3.1746031746031744,3291880.15,15235599,27671919026.15,94.8351,0.68742,0000-00-00,11,False,Semiconductors,Technology,XLK,289,251,True,,put,2026-09-18,19.0,BTO,130.0,0.9989032801739265,0.04,0.05,32501.0,83.0,STO,125.0,0.04,0.05,49486.0,705.0,5.0,0.010000000000000002,,,False,40.892970810220966,8.392970810220966,
2026-09-02,BE,buy-first put-tail inventory,,,True,56.04920634920635,216.34,-1.560722573599671,-9.257162031793964,-5.907711792459402,-20.512474119892087,15.6794425087108,5.3,83.35900000000001,-5.410499999999999,11.507936507936508,3.089199999999991,82.93650793650794,-2.321300000000008,6.746031746031746,7.820299999999989,9.462199999999996,75.0,9.202699999999991,76.19047619047619,5.158730158730159,7.142857142857143,104257.4,947243,2604433827.9,97.8676,2.99565,0000-00-00,7,False,Electrical Equipment Manufacturing,Industrials,XLI,287,252,True,,put,2026-09-18,17.0,BTO,145.0,0.9825475342062665,0.28,0.34,5021.0,86.0,STO,140.0,0.25,0.28,2331.0,134.0,5.0,0.09000000000000002,,,False,32.975871313672926,0.47587131367292557,
2026-09-02,IREN,buy-first put-tail inventory,,,True,55.98285714285715,39.61,-0.1260716086737168,-11.879866518353731,-2.0432187000756774,-34.99057789136606,6.620209059233449,1.16,78.70139999999999,-2.3796000000000106,23.80952380952381,1.6494000000000142,59.12698412698413,-0.7301999999999964,15.476190476190476,11.969000000000008,7.22229999999999,44.44444444444444,-8.461500000000001,15.07936507936508,5.9523809523809526,0.3968253968253968,270962.0,2603400,1614484611.88,97.4427,2.72296,0000-00-00,9,False,Investment Banking & Brokerage,Financials,XLF,287,252,True,,put,2026-09-18,17.0,BTO,26.0,0.9862502514665715,0.02,0.07,1075.0,7.0,STO,21.0,0.01,0.06,1497.0,2.0,5.0,0.060000000000000005,,,False,34.36001009845998,1.8600100984599806,
2026-08-31,OKLO,buy-first put-tail inventory,,,True,54.285714285714285,40.53,1.783023606228018,-15.895413986304208,-10.47525644763696,-36.50243787139444,7.26643598615917,0.0,71.8123,-3.5486000000000075,28.571428571428573,2.9594000000000023,65.47619047619048,-0.5892000000000053,25.0,13.9058,11.734199999999989,52.38095238095238,-2.1403999999999996,30.15873015873016,5.555555555555555,0.7936507936507936,59808.7,660526,400111506.0,93.0152,3.79618,0000-00-00,10,False,Independent Power Production,Utilities,XLU,289,251,True,,put,2026-09-18,19.0,BTO,30.0,0.9721704934591913,0.06,0.11,2608.0,106.0,STO,25.0,0.01,0.05,11637.0,3.0,5.0,0.1,,,False,25.980754996299037,6.519245003700963,
2026-08-28,NVDA,buy-first put-tail inventory,,other,True,53.07873015873016,216.99,0.7662301476734523,-4.974819356251359,4.127377164821566,3.072494004504722,50.34722222222222,7.08,32.6538,1.2231000000000094,12.698412698412698,-0.0576000000000007,86.5079365079365,1.1655000000000086,11.507936507936508,2.7776000000000067,5.800799999999995,90.07936507936508,2.783399999999993,80.55555555555556,46.03174603174603,12.301587301587302,3349496.95,16147517,28281156099.199997,97.8816,0.51306,0000-00-00,11,False,Semiconductors,Technology,XLK,288,247,True,,put,2026-09-18,22.0,BTO,135.0,0.9988619712951298,0.05,0.06,17971.0,894.0,STO,130.0,0.05,0.06,31916.0,5187.0,5.0,0.009999999999999995,,,False,37.78515138946496,5.285151389464957,
2026-08-27,CRWV,buy-first put-tail inventory,,,True,52.38507936507936,86.67,-3.4317548746518045,-19.77228547625659,-2.1292837494184425,-16.735592671664854,18.055555555555554,11.98,73.3596,-2.3780999999999892,1.1904761904761905,1.959599999999995,95.23809523809524,-0.4184999999999945,1.984126984126984,10.562300000000008,8.777100000000004,78.96825396825396,-2.29610000000001,25.0,2.7777777777777777,2.7777777777777777,241201.35,2168148,2750526716.34,94.455,2.35572,0000-00-00,10,False,Infrastructure Software,Technology,XLK,288,256,True,,put,2026-09-18,23.0,BTO,50.0,0.9977888731323409,0.03,0.06,6667.0,104.0,STO,45.0,0.01,0.05,3498.0,0.0,5.0,0.049999999999999996,,,False,42.30991115726318,9.80991115726318,
2026-08-26,BE,buy-first put-tail inventory,,,True,51.62746031746032,219.77,7.367238262738773,-7.818463990604418,-8.36823154064119,-23.03269482405499,12.413793103448276,8.69,88.6685,-4.754199999999997,15.476190476190476,2.6040000000000134,77.38095238095238,-2.150199999999984,7.936507936507937,7.466400000000007,12.078900000000004,81.74603174603175,10.17410000000001,79.36507936507937,15.873015873015872,9.92063492063492,121345.95,926271,3605226844.15,97.6532,3.60722,0000-00-00,8,False,Electrical Equipment Manufacturing,Industrials,XLI,290,257,True,,put,2026-09-18,24.0,BTO,135.0,0.9849700327116783,0.29,0.33,2731.0,44.0,STO,130.0,0.23,0.25,1918.0,69.0,5.0,0.1,,,False,38.57214360467762,6.0721436046776205,
2026-08-27,GOOGL,buy-first put-tail inventory,,,True,50.62587301587302,340.69,-0.0938388903551246,-10.342377430985028,-2.7595186868753396,-10.715335059572508,24.305555555555554,12.39,26.7839,-0.143100000000004,6.349206349206349,0.4022000000000041,83.73015873015873,0.2591000000000001,3.5714285714285716,4.156300000000002,3.5151000000000003,75.0,-1.8091000000000008,32.53968253968254,9.126984126984128,6.746031746031746,457051.9,3232489,8816500764.0,97.972,1.13225,0000-00-00,8,False,Internet Content & Media,Comm,XLC,288,256,True,,put,2026-10-16,51.0,BTO,245.0,0.9907708105785435,0.2,0.23,951.0,7.0,STO,240.0,0.16,0.22,1808.0,44.0,5.0,0.07,,,False,28.08711732073146,4.412882679268542,
2026-09-02,BMNR,buy-first put-tail inventory,,,True,50.215555555555554,23.13,-7.811877241929055,-10.867052023121392,28.57142857142856,40.465258184172896,95.47038327526133,5.34,72.5002,-4.5367999999999995,25.79365079365079,3.257899999999992,60.714285714285715,-1.2789000000000073,21.428571428571427,16.689899999999994,19.1931,60.31746031746032,-2.5441000000000003,46.03174603174603,9.92063492063492,2.7777777777777777,156056.0,1555827,924973218.81,88.5288,5.05588,0000-00-00,11,False,Investment Banking & Brokerage,Financials,XLF,287,252,True,,put,2026-09-18,17.0,BTO,16.0,0.9729247431526358,0.02,0.06,17543.0,0.0,STO,11.0,0.01,0.03,84.0,1.0,5.0,0.049999999999999996,,,False,30.82576740164289,1.6742325983571114,
2026-08-27,NVDA,buy-first put-tail inventory,,,True,49.02460317460318,228.35,5.322632719892995,0.0,9.714765632732526,8.707716870424154,64.93055555555556,9.15,32.9779,1.1653999999999982,11.11111111111111,0.5414999999999992,92.85714285714286,1.7068999999999974,23.015873015873016,2.2924000000000007,2.523299999999992,67.46031746031746,2.696399999999997,80.15873015873017,5.9523809523809526,28.571428571428573,3243404.65,15328583,24496727024.66,98.3319,0.57899,0000-00-00,11,False,Semiconductors,Technology,XLK,288,256,True,,put,2026-09-18,23.0,BTO,145.0,0.9989174451959876,0.06,0.08,27160.0,124.0,STO,140.0,0.06,0.07,47220.0,1403.0,5.0,0.020000000000000004,,,False,36.500985329538,4.000985329537997,
2026-08-28,GOOGL,buy-first put-tail inventory,,,True,48.49793650793651,347.63,0.5088617110474924,-8.516013579304726,-0.689173654391595,-5.820781716032375,29.86111111111111,13.01,26.6465,0.1855000000000011,11.507936507936508,0.2068000000000012,72.61904761904762,0.3923000000000023,5.9523809523809526,3.699399999999997,2.8819000000000017,62.301587301587304,-3.0619999999999976,25.79365079365079,5.555555555555555,3.5714285714285716,438140.85,3364151,8718245230.5,98.3833,1.07293,0000-00-00,8,False,Internet Content & Media,Comm,XLC,288,247,True,,put,2026-10-16,50.0,BTO,235.0,0.9980373636880319,0.12,0.16,494.0,16.0,STO,230.0,0.1,0.15,478.0,75.0,5.0,0.06,,,False,32.39939015620056,0.1006098437994396,
2026-08-27,GOOG,buy-first put-tail inventory,,,True,47.84301587301587,337.64,-0.2157401660903835,-10.5304997615136,-3.1485609971303785,-10.587600256179265,24.65277777777778,13.03,26.6578,0.272199999999998,11.11111111111111,0.2222000000000008,78.17460317460318,0.4943999999999988,9.523809523809524,4.288600000000002,3.478900000000003,72.61904761904762,-1.412499999999998,31.746031746031747,17.063492063492063,7.936507936507937,170559.4,1752664,5862044080.6,98.693,1.11983,0000-00-00,8,False,Internet Content & Media,Comm,XLC,288,256,True,,put,2026-10-16,51.0,BTO,230.0,0.9964686078036274,0.1,0.15,859.0,2.0,STO,225.0,0.09,0.14,895.0,4.0,5.0,0.06,,,False,31.880108991825608,0.6198910081743918,
2026-08-24,CRWV,buy-first put-tail inventory,,,True,46.745714285714286,86.34,-18.654607122668175,-20.077756178839213,-3.8831903567031256,-16.489859046431132,17.99307958477509,17.54,76.2667,-2.4225000000000136,0.7936507936507936,2.3367000000000075,98.015873015873,-0.0858000000000061,2.7777777777777777,10.120999999999997,9.345700000000008,81.74603174603175,4.078400000000016,57.142857142857146,5.158730158730159,15.476190476190476,257382.95,2029389,2855173405.35,98.9427,2.50445,0000-00-00,11,False,Infrastructure Software,Technology,XLK,289,256,True,,put,2026-09-18,26.0,BTO,47.5,0.9972031136234032,0.04,0.06,1284.0,13.0,STO,42.5,0.01,0.09,386.0,5.0,5.0,0.049999999999999996,,,False,44.984943247625665,12.484943247625665,
2026-08-25,BE,buy-first put-tail inventory,,,True,46.42523809523809,216.23,2.9715700747654505,-9.303301036030376,-10.269444801786063,-26.06558432206515,10.726643598615915,11.67,90.35,-4.066099999999992,18.650793650793652,2.746600000000001,78.57142857142857,-1.3194999999999908,15.873015873015872,9.103800000000009,10.3759,76.98412698412699,7.0482000000000085,73.80952380952381,9.92063492063492,13.492063492063492,129056.45,896382,3389927157.2200003,97.9335,3.85439,0000-00-00,9,False,Electrical Equipment Manufacturing,Industrials,XLI,289,257,True,,put,2026-09-18,25.0,BTO,130.0,0.9852311403267424,0.3,0.35,1913.0,33.0,STO,125.0,0.25,0.3,672.0,19.0,5.0,0.09999999999999998,,,False,39.87883272441381,7.378832724413812,
2026-09-01,BMNR,buy-first put-tail inventory,,,True,46.34746031746032,23.46,-4.750304506699143,-9.59537572254334,31.578947368421066,36.84827627083486,94.79166666666666,8.97,74.6299,-5.141999999999996,23.80952380952381,4.2442999999999955,71.03174603174604,-0.8977000000000004,24.603174603174605,12.313299999999998,18.592200000000005,57.142857142857146,2.376099999999994,74.2063492063492,13.492063492063492,5.158730158730159,153349.75,1534434,980067316.8,87.2197,5.213,0000-00-00,11,False,Investment Banking & Brokerage,Financials,XLF,288,252,True,,put,2026-09-18,18.0,BTO,17.5,0.9526068364830874,0.07,0.1,25.0,11.0,STO,13.0,0.01,0.02,2549.0,0.0,4.5,0.09000000000000001,,,False,25.404944586530263,7.095055413469737,
2026-08-28,BMNR,buy-first put-tail inventory,,,True,45.94984126984127,23.88,4.599211563731931,-7.976878612716765,36.52111274997425,26.826101180851943,86.80555555555556,10.32,76.5251,-5.458000000000013,24.20634920634921,3.559100000000015,62.698412698412696,-1.8988999999999976,19.444444444444443,16.310300000000012,18.818700000000007,58.333333333333336,-1.2823000000000064,52.38095238095238,4.365079365079365,7.936507936507937,150853.35,1634776,966150017.8,87.4553,5.49367,0000-00-00,12,False,Investment Banking & Brokerage,Financials,XLF,288,247,True,,put,2026-09-18,22.0,BTO,15.0,0.9927372900367938,0.02,0.04,6922.0,12631.0,STO,11.0,0.01,0.02,84.0,0.0,4.0,0.03,,,False,37.1859296482412,4.685929648241199,
2026-08-25,CRWV,buy-first put-tail inventory,,,True,45.81095238095238,88.01,-6.172707889125794,-18.53188929001203,-1.7304638911654455,-13.899515506138728,18.685121107266436,16.57,75.8364,-1.3299999999999983,5.9523809523809526,1.7488000000000028,93.25396825396824,0.4188000000000045,7.142857142857143,8.665700000000001,6.460900000000009,66.66666666666667,1.3637000000000086,41.666666666666664,5.555555555555555,11.904761904761903,251704.05,2108922,2779319137.5,98.945,2.37997,0000-00-00,11,False,Infrastructure Software,Technology,XLK,289,257,True,,put,2026-09-18,25.0,BTO,55.0,0.9880113324421875,0.1,0.13,3789.0,32.0,STO,50.0,0.05,0.07,6685.0,25.0,5.0,0.08,,,False,37.50710146574253,5.0071014657425295,
2026-08-31,GOOGL,buy-first put-tail inventory,,,True,45.29412698412698,339.09,-2.892408144563141,-10.76344114318799,-2.963936775606313,-6.557935865926002,30.79584775086505,16.69,27.1376,0.0130000000000052,8.333333333333334,0.4189999999999969,84.52380952380952,0.4320000000000021,6.746031746031746,4.868400000000001,3.7327999999999975,80.55555555555556,-3.6868000000000016,24.603174603174605,3.5714285714285716,4.761904761904762,421043.5,3211722,8791981109.46,97.7621,1.17824,0000-00-00,8,False,Internet Content & Media,Comm,XLC,289,251,True,,put,2026-10-16,47.0,BTO,240.0,0.9955326627132866,0.14,0.18,1809.0,8.0,STO,235.0,0.12,0.16,494.0,4.0,5.0,0.06,,,False,29.222330354773064,3.2776696452269363,
2026-09-02,NVDA,buy-first put-tail inventory,,,True,45.04380952380952,224.21,6.970419847328246,-1.813006349901458,7.151493602261083,8.810975441202896,55.749128919860624,9.48,32.7139,2.534900000000004,28.174603174603178,-0.7900000000000027,68.65079365079364,1.7449000000000012,24.20634920634921,0.5649999999999977,0.5655000000000037,41.26984126984127,-0.756299999999996,50.79365079365079,12.698412698412698,9.92063492063492,3259356.25,15397666,27305843834.88,95.8054,0.44079,0000-00-00,10,False,Semiconductors,Technology,XLK,287,252,True,,put,2026-09-18,17.0,BTO,135.0,0.9989262919871977,0.04,0.05,18656.0,419.0,STO,130.0,0.04,0.05,32723.0,2880.0,5.0,0.010000000000000002,,,False,39.78859105303064,7.288591053030643,
2026-08-31,BMNR,buy-first put-tail inventory,,,True,44.92428571428571,25.13,4.403822185292894,-3.159922928709058,42.171782889600486,36.163851361039576,95.8477508650519,10.79,76.5055,-5.011900000000011,24.20634920634921,3.86160000000001,65.47619047619048,-1.1503000000000014,22.22222222222222,16.57560000000001,13.4765,28.96825396825397,-3.416000000000011,40.07936507936508,6.349206349206349,12.698412698412698,152182.55,1494538,914811595.6,81.7678,6.25735,0000-00-00,11,False,Investment Banking & Brokerage,Financials,XLF,289,251,True,,put,2026-09-18,19.0,BTO,17.0,0.9764029875934097,0.03,0.05,1935.0,4.0,STO,14.0,0.01,0.03,7126.0,71.0,3.0,0.04,,,False,32.3517707918822,0.14822920811779738,
2026-08-24,NVDA,buy-first put-tail inventory,,other,True,44.36174603174603,208.45,-7.585564816456825,-7.6306110692604285,0.4035408323788125,-1.7889022295361046,35.6401384083045,16.67,41.247,1.0675000000000026,9.523809523809524,0.0831000000000017,90.07936507936508,1.1506000000000045,10.317460317460318,3.1905,4.544399999999996,86.11111111111111,14.1278,94.44444444444444,1.1904761904761905,89.28571428571429,3119183.3,13516184,24886162875.2,98.3244,0.55042,0000-00-00,0,True,Semiconductors,Technology,XLK,289,256,True,,put,2026-09-18,26.0,BTO,130.0,0.9987892596308039,0.12,0.13,29912.0,377.0,STO,125.0,0.1,0.11,39162.0,9479.0,5.0,0.03,,,True,37.634924442312304,5.134924442312304,
2026-08-31,SHOP,buy-first put-tail inventory,,,True,44.31587301587302,147.26,-1.7152773142895428,-7.032828282828296,11.918575929982111,22.20758092741696,86.85121107266436,13.7,42.924800000000005,0.6028999999999982,17.063492063492063,0.2025999999999967,82.14285714285714,0.805499999999995,17.857142857142858,4.251799999999996,4.035499999999999,77.77777777777777,0.5914000000000001,41.666666666666664,11.904761904761903,13.492063492063492,43510.95,766733,1563481396.4,96.1996,5.09328,0000-00-00,9,False,Application Software,Technology,XLK,289,251,True,,put,2026-09-18,19.0,BTO,95.0,0.9993982940850065,0.01,0.04,695.0,14.0,STO,90.0,0.01,0.06,9044.0,28.0,5.0,0.03,,,False,35.488252071166634,2.9882520711666345,
2026-08-25,GOOG,buy-first put-tail inventory,,,True,44.24587301587302,343.43,0.3946445275958998,-8.996237214478775,-1.83198557050529,-7.870419991895195,23.875432525951556,18.77,27.4048,-0.0950000000000024,5.9523809523809526,0.4473999999999982,87.6984126984127,0.3523999999999958,3.968253968253968,3.7901999999999982,3.713999999999995,78.17460317460318,0.3492999999999959,49.6031746031746,6.746031746031746,17.063492063492063,174131.85,1694874,6157495594.91,98.9548,0.9898,0000-00-00,9,False,Internet Content & Media,Comm,XLC,289,257,True,,put,2026-09-18,25.0,BTO,190.0,0.9993664345847981,0.01,0.09,1274.0,5.0,STO,185.0,0.01,0.03,440.0,17.0,5.0,0.08,,,False,44.67577089945549,12.175770899455493,
2026-09-02,GOOGL,buy-first put-tail inventory,,,True,43.98571428571429,337.3,-1.4635856387484991,-5.695193893812734,-3.3388087948215017,-1.1831632505355243,34.494773519163765,15.3,27.0957,0.4571999999999967,20.238095238095237,0.0313000000000016,62.698412698412696,0.4884999999999984,8.333333333333334,4.893900000000002,4.362199999999998,87.6984126984127,-1.5692000000000057,35.714285714285715,6.746031746031746,9.126984126984128,390329.0,3373960,8044715322.839999,95.0512,1.08652,0000-00-00,8,False,Internet Content & Media,Comm,XLC,287,252,True,,put,2026-10-16,45.0,BTO,245.0,0.9984997637555808,0.18,0.23,960.0,2.0,STO,240.0,0.15,0.2,1814.0,9.0,5.0,0.08000000000000002,,,False,27.364364067595616,5.135635932404384,
2026-08-24,TGT,buy-first put-tail inventory,,,True,43.97888888888889,169.44,11.98202366003569,0.0,19.55935772125963,36.72893067108576,91.00346020761243,14.91,29.8506,0.6876000000000069,17.46031746031746,-0.0126000000000026,78.57142857142857,0.6750000000000043,13.095238095238097,0.8332999999999977,1.346499999999999,47.61904761904762,0.8109999999999999,46.82539682539682,46.42857142857143,18.650793650793652,36284.45,426834,723325352.64,96.4676,2.31778,0000-00-00,12,False,Discount Retail,C. Defensive,XLP,289,256,True,,put,2026-09-18,26.0,BTO,125.0,0.9992337643690181,0.01,0.03,899.0,64.0,STO,120.0,0.01,0.04,5744.0,1.0,5.0,0.019999999999999997,,,False,26.227573182247397,6.272426817752603,
2026-09-02,SOFI,buy-first put-tail inventory,,,True,43.71460317460318,17.93,-4.72901168969182,-6.223849372384949,0.4571838372066983,11.865860298848872,64.11149825783971,9.46,47.5372,0.3806999999999974,34.12698412698413,0.4727000000000032,50.79365079365079,0.8534000000000006,25.0,6.906000000000006,7.790800000000004,39.285714285714285,-2.1478000000000037,34.12698412698413,25.0,3.968253968253968,305778.9,3952862,768925009.0500001,94.3296,1.07709,0000-00-00,7,False,Credit & Lending Services,Financials,XLF,287,252,True,,put,2026-10-16,45.0,BTO,12.0,0.9909604534216689,0.04,0.05,4524.0,13.0,STO,9.0,0.01,0.03,644.0,0.0,3.0,0.04,,,False,33.07306190741773,0.5730619074177312,
2026-08-31,GOOG,buy-first put-tail inventory,,,True,42.78809523809524,335.49,-2.916919871516621,-11.1002172876146,-3.490330910019812,-6.564668158783183,30.44982698961938,17.45,27.129199999999997,0.3396000000000008,13.88888888888889,0.150700000000004,75.0,0.4903000000000048,9.92063492063492,4.552,3.127999999999997,63.492063492063494,-2.0243999999999964,29.365079365079364,1.984126984126984,9.126984126984128,155288.15,1689645,5900388761.6,98.5126,1.06888,0000-00-00,8,False,Internet Content & Media,Comm,XLC,289,251,True,,put,2026-09-18,19.0,BTO,195.0,0.9993491030532756,0.01,0.04,378.0,2.0,STO,190.0,0.01,0.04,1287.0,4.0,5.0,0.03,,,False,41.87606187963874,9.37606187963874,
2026-09-01,GOOGL,buy-first put-tail inventory,,,True,42.505873015873014,334.27,-3.674139819030609,-7.634705719812107,-4.263917346254342,-2.79768471666938,36.45833333333333,15.51,27.0673,0.3978999999999999,18.253968253968253,0.2784000000000013,76.98412698412699,0.6763000000000012,16.666666666666668,4.640800000000002,3.381400000000003,74.60317460317461,-3.2497000000000007,26.19047619047619,25.79365079365079,5.9523809523809526,410114.1,3263168,8398619301.6,97.9194,0.85518,0000-00-00,8,False,Internet Content & Media,Comm,XLC,288,252,True,,put,2026-10-16,46.0,BTO,250.0,0.989176955055464,0.22,0.25,3475.0,46.0,STO,245.0,0.2,0.23,958.0,28.0,5.0,0.04999999999999999,,,False,25.21015945194004,7.28984054805996,
2026-08-25,GOOGL,buy-first put-tail inventory,,,True,42.44714285714286,347.02,0.78122731100978,-8.676544119582097,-1.286894385909032,-7.879501689522928,23.52941176470588,20.41,27.8208,-0.0072999999999971,7.142857142857143,0.2885999999999988,78.17460317460318,0.2813000000000016,3.5714285714285716,3.1779999999999973,3.7535000000000025,80.55555555555556,-0.0967999999999982,50.79365079365079,7.936507936507937,12.698412698412698,465960.4,3149256,9253345649.4,97.9291,1.27075,0000-00-00,9,False,Internet Content & Media,Comm,XLC,289,257,True,,put,2026-10-16,53.0,BTO,250.0,0.9899253662469938,0.21,0.25,3450.0,18.0,STO,245.0,0.2,0.26,916.0,1.0,5.0,0.04999999999999999,,,False,27.958042764105805,4.541957235894195,
2026-08-26,BMNR,buy-first put-tail inventory,,,True,42.123492063492066,25.09,24.45436507936507,0.0,46.411773630708566,35.675913056325626,89.3103448275862,14.94,79.707,-7.563100000000006,20.238095238095237,5.53670000000001,77.38095238095238,-2.0263999999999953,19.444444444444443,20.591000000000008,20.513200000000012,65.07936507936508,1.6820000000000022,69.04761904761905,3.5714285714285716,28.96825396825397,139502.95,1530090,905057080.6,77.5082,3.78838,0000-00-00,12,False,Investment Banking & Brokerage,Financials,XLF,290,257,True,,put,2026-09-18,24.0,BTO,18.0,0.9556906816351352,0.1,0.11,3170.0,67.0,STO,13.0,0.01,0.06,2499.0,3.0,5.0,0.1,,,False,28.258270227182148,4.241729772817852,
2026-08-31,PLTR,buy-first put-tail inventory,,,True,41.82619047619048,187.12,5.8850158442734335,0.0,29.028877037797063,20.112972713646194,83.39100346020761,13.65,45.0638,1.5897999999999968,25.396825396825395,-0.1696000000000026,64.68253968253968,1.420199999999994,22.22222222222222,2.7423999999999964,2.9204000000000008,46.03174603174603,0.4898000000000024,58.73015873015873,7.142857142857143,13.492063492063492,622491.95,3447277,8539180021.58,98.0301,1.61604,0000-00-00,9,False,Infrastructure Software,Technology,XLK,289,251,True,,put,2026-09-18,19.0,BTO,105.0,0.9995941227672548,0.03,0.06,8565.0,59.0,STO,100.0,0.03,0.05,14650.0,19.0,5.0,0.03,,,False,43.88627618640445,11.386276186404451,
2026-08-28,CVNA,buy-first put-tail inventory,,,True,40.12460317460318,73.97,6.095811818703378,-2.401372212692976,8.785170979640089,3.611905740071319,51.388888888888886,23.05,53.7655,3.166000000000004,4.365079365079365,-1.1007000000000031,93.25396825396824,2.0653000000000006,4.761904761904762,2.355699999999999,2.724799999999995,90.07936507936508,-3.049900000000001,25.0,6.746031746031746,12.698412698412698,55882.4,1066296,759502739.47,95.4021,4.12627,0000-00-00,8,False,Auto Dealerships,C. Cyclical,XLY,288,247,True,,put,2026-09-18,22.0,BTO,45.0,0.998926388074103,0.02,0.06,1852.0,0.0,STO,40.0,0.01,0.06,8945.0,1480.0,5.0,0.049999999999999996,,,False,39.164526159253754,6.664526159253754,
2026-08-25,NVDA,buy-first put-tail inventory,,other,True,39.460317460317455,212.38,-3.1863974107672055,-5.889130145788091,2.2163397906389104,1.940589634754741,40.830449826989614,23.0,41.1059,0.4717000000000055,7.142857142857143,0.0577999999999931,89.68253968253968,0.5294999999999987,5.555555555555555,2.618000000000002,4.718600000000002,86.5079365079365,15.0118,96.03174603174604,0.7936507936507936,89.28571428571429,3093437.85,13982418,24362670712.48,98.2079,0.70142,0000-00-00,0,True,Semiconductors,Technology,XLK,289,257,True,,put,2026-09-18,25.0,BTO,120.0,0.9988365789937478,0.07,0.08,38977.0,1078.0,STO,115.0,0.07,0.08,9354.0,123.0,5.0,0.009999999999999995,,,True,43.497504473114226,10.997504473114226,
2026-08-25,SCHW,buy-first put-tail inventory,,,True,39.44730158730158,113.07,1.2809029021855878,-0.352516083546317,10.494376093265956,28.90409596627972,85.81314878892734,22.14,22.4182,1.8942999999999977,8.333333333333334,-0.6778999999999975,82.14285714285714,1.2164,8.73015873015873,1.776600000000002,-0.2693000000000012,41.26984126984127,-1.8276000000000003,21.428571428571427,4.761904761904762,15.873015873015872,18642.7,437328,789927620.85,85.0607,2.01453,0000-00-00,7,False,Investment Banking & Brokerage,Financials,XLF,289,257,True,,put,2026-09-18,25.0,BTO,77.5,0.999932141033882,0.01,0.08,1706.0,31.0,STO,75.0,0.01,0.03,3542.0,4.0,2.5,0.07,,,False,31.458388608826382,1.0416113911736176,
2026-09-01,CVNA,buy-first put-tail inventory,,,True,39.00857142857143,71.88,-4.870301746956073,-5.158991951444792,5.384459750701542,14.99918163746251,73.95833333333334,22.42,54.496599999999994,3.8130000000000024,7.5396825396825395,-1.1030999999999906,92.85714285714286,2.7099000000000117,10.317460317460318,-0.7706999999999908,0.1981000000000037,72.61904761904762,-0.4339999999999975,30.555555555555557,15.476190476190476,21.03174603174603,53579.35,1032252,631861415.0999999,96.4657,3.57037,0000-00-00,8,False,Auto Dealerships,C. Cyclical,XLY,288,252,True,,put,2026-09-18,18.0,BTO,45.0,0.9984808755404294,0.02,0.06,1853.0,0.0,STO,40.0,0.01,0.06,11299.0,0.0,5.0,0.049999999999999996,,,False,37.395659432387305,4.895659432387305,
2026-08-25,SOFI,buy-first put-tail inventory,,,True,38.66428571428571,18.81,5.733558178752096,-0.370762711864403,5.883544987841138,20.767564388161983,78.54671280276817,17.05,51.0026,0.2175000000000011,30.555555555555557,0.3797999999999959,44.04761904761905,0.597299999999997,15.873015873015872,5.291299999999993,3.9574,15.476190476190476,1.174900000000001,50.3968253968254,1.984126984126984,21.825396825396822,357360.6,3835337,1107219965.76,96.3787,2.00387,0000-00-00,9,False,Credit & Lending Services,Financials,XLF,289,257,True,,put,2026-10-16,53.0,BTO,11.0,0.9929013896499028,0.01,0.05,3970.0,10.0,STO,8.0,0.01,0.04,428.0,12.0,3.0,0.04,,,False,41.5204678362573,9.020467836257303,
2026-08-27,PLTR,buy-first put-tail inventory,,,True,37.68746031746032,186.24,6.684997422237515,0.0,30.489067757065037,32.643792152198436,88.88888888888889,22.63,46.5935,0.8175000000000097,15.07936507936508,0.0045999999999963,71.42857142857143,0.822100000000006,8.333333333333334,4.718299999999999,3.030000000000001,46.03174603174603,-1.1472999999999942,48.41269841269841,3.1746031746031744,21.428571428571427,633540.2,3561097,8043232870.0,95.469,1.05734,0000-00-00,9,False,Infrastructure Software,Technology,XLK,288,256,True,,put,2026-09-18,23.0,BTO,125.0,0.9973604812655857,0.14,0.16,10129.0,1059.0,STO,120.0,0.13,0.14,18752.0,2030.0,5.0,0.03,,,False,32.88230240549829,0.38230240549828665,
2026-09-02,MRVL,buy-first put-tail inventory,,,True,36.596984126984125,206.56,-15.201773471817404,-17.25353523214357,-7.381832921418042,-26.60199477987667,12.54355400696864,22.53,55.3807,-2.774799999999999,13.88888888888889,2.2693999999999974,87.6984126984127,-0.5054000000000016,15.476190476190476,8.3808,8.397399999999998,58.333333333333336,-0.0191000000000087,38.095238095238095,8.333333333333334,22.61904761904762,196074.8,1781248,5133302664.54,98.6234,1.56122,0000-00-00,12,False,Semiconductors,Technology,XLK,287,252,True,,put,2026-09-18,17.0,BTO,120.0,0.9999116435395788,0.01,0.03,5395.0,12.0,STO,115.0,0.01,0.02,1934.0,6.0,5.0,0.019999999999999997,,,False,41.90549961270334,9.405499612703338,
2026-08-28,MRVL,buy-first put-tail inventory,,,True,36.5884126984127,218.23,-8.167816865847499,-12.578616352201257,-4.581304179393975,9.30568356633944,64.23611111111111,26.11,58.3856,-4.302099999999996,5.555555555555555,2.823199999999993,93.25396825396824,-1.478900000000003,5.9523809523809526,12.0062,11.719400000000007,84.52380952380952,-0.7578999999999922,33.333333333333336,2.7777777777777777,30.555555555555557,192808.55,1749410,5690679033.599999,98.6884,2.55146,0000-00-00,13,False,Semiconductors,Technology,XLK,288,247,True,,put,2026-09-18,22.0,BTO,140.0,0.9979361236515972,0.04,0.07,4082.0,41.0,STO,135.0,0.04,0.06,2430.0,19.0,5.0,0.030000000000000006,,,False,35.8475003436741,3.347500343674099,
2026-08-26,MRNA,buy-first put-tail inventory,,,True,36.07873015873016,148.58,-11.88993654747078,-11.88993654747078,102.79418669403712,213.27362045348468,99.6551724137931,24.08,79.6119,-6.173400000000015,12.698412698412698,4.640900000000002,88.0952380952381,-1.532500000000013,11.507936507936508,16.35839999999999,17.2491,69.44444444444444,8.624700000000004,72.22222222222223,32.142857142857146,80.55555555555556,146788.15,962795,4164670311.9,94.2575,8.48877,0000-00-00,10,False,Biotechnology,Healthcare,XLV,290,257,True,,put,2026-09-18,24.0,BTO,90.0,0.9901100921568354,0.16,0.19,966.0,87.0,STO,85.0,0.1,0.15,432.0,15.0,5.0,0.09,,,False,39.42657154394939,6.926571543949393,
2026-08-24,PLTR,buy-first put-tail inventory,,,True,35.73079365079364,176.72,2.2626005439499997,-1.7458022906705284,26.32241093383656,30.499465754557775,88.23529411764706,17.92,46.4284,1.9915999999999985,32.142857142857146,-0.4212999999999951,57.53968253968254,1.5703000000000031,24.603174603174605,3.8322,2.166000000000004,40.07936507936508,1.7741000000000042,70.63492063492063,11.11111111111111,34.523809523809526,613243.7,3425968,8271661500.12,98.9555,1.10117,0000-00-00,10,False,Infrastructure Software,Technology,XLK,289,256,True,,put,2026-09-18,26.0,BTO,105.0,0.9994686015612063,0.13,0.16,8391.0,47.0,STO,100.0,0.12,0.15,14719.0,26.0,5.0,0.04000000000000001,,,False,40.58397464916251,8.083974649162514,
2026-09-02,GOOG,buy-first put-tail inventory,,,True,35.693333333333335,333.68,-1.6853270477312776,-6.374859708193037,-3.84338297928748,-1.197401881476301,34.146341463414636,17.64,27.2696,0.9112000000000008,33.333333333333336,-0.1147999999999989,59.12698412698413,0.796400000000002,25.0,5.278299999999998,4.232199999999999,87.3015873015873,-2.3360999999999983,26.984126984126984,4.761904761904762,8.73015873015873,146349.25,1768713,5423088157.809999,98.6278,1.07419,0000-00-00,8,False,Internet Content & Media,Comm,XLC,287,252,True,,put,2026-09-18,17.0,BTO,195.0,0.9993473822465887,0.01,0.03,403.0,25.0,STO,190.0,0.01,0.06,1297.0,45.0,5.0,0.019999999999999997,,,False,41.56077679213618,9.060776792136181,
2026-08-26,NVDA,buy-first put-tail inventory,,other,True,35.189682539682536,209.6,-4.068836102338791,-7.121017414809227,0.8978755605704825,0.8455492631282202,42.758620689655174,27.35,41.3385,0.4703999999999979,7.142857142857143,0.0247000000000028,88.4920634920635,0.4951000000000007,5.158730158730159,2.582899999999995,7.716000000000001,94.04761904761904,18.434200000000004,98.015873015873,23.80952380952381,90.47619047619048,3023762.3,14525230,24562182328.35,98.1948,0.65007,0000-00-00,13,False,Semiconductors,Technology,XLK,290,257,True,,put,2026-09-18,24.0,BTO,120.0,0.9988216036865586,0.07,0.08,39829.0,23.0,STO,115.0,0.07,0.08,9383.0,21.0,5.0,0.009999999999999995,,,False,42.74809160305343,10.248091603053432,
2026-08-31,MRVL,buy-first put-tail inventory,,,True,34.22190476190476,211.92,-7.736514432495978,-15.106357408965277,-6.386166780341451,-0.0992095710950491,44.636678200692046,25.54,57.4314,-2.303699999999999,15.476190476190476,1.4311000000000007,72.61904761904762,-0.8725999999999985,10.714285714285714,8.718900000000005,9.277699999999996,66.66666666666667,3.4669999999999987,56.34920634920635,2.380952380952381,36.904761904761905,196925.45,1653562,5304816711.28,98.952,2.49615,0000-00-00,13,False,Semiconductors,Technology,XLK,289,251,True,,put,2026-09-18,19.0,BTO,135.0,0.9993693939283467,0.03,0.05,2423.0,23.0,STO,130.0,0.02,0.05,2551.0,7.0,5.0,0.030000000000000002,,,False,36.296715741789356,3.796715741789356,
2026-08-27,NBIS,buy-first put-tail inventory,,,True,33.47904761904762,216.19,-0.2997601918465209,-20.873288924676093,-2.0683469531971865,-2.733420269278386,38.19444444444444,24.14,85.5745,-1.7706000000000015,21.428571428571427,1.3774999999999975,70.63492063492063,-0.393100000000004,15.476190476190476,11.811400000000006,11.859800000000009,83.33333333333333,-1.4956999999999994,35.317460317460316,10.317460317460318,15.476190476190476,243154.55,1332572,5786258197.41,95.2134,4.99628,0000-00-00,10,False,Internet Content & Media,Technology,XLK,288,256,True,,put,2026-09-18,23.0,BTO,120.0,0.9941120305624417,0.19,0.24,4506.0,156.0,STO,115.0,0.18,0.22,1760.0,27.0,5.0,0.06,,,False,44.49326980896433,11.993269808964328,
2026-09-01,MRVL,buy-first put-tail inventory,,,True,33.439523809523806,209.72,-12.221664155365808,-15.987661739374271,-6.562708843840481,-22.104038919723425,15.625,25.37,57.0872,-2.23960000000001,15.873015873015872,1.703400000000002,80.15873015873017,-0.536200000000008,15.07936507936508,7.545799999999993,5.688199999999995,33.73015873015873,-0.1286999999999949,36.111111111111114,7.142857142857143,32.53968253968254,194128.65,1723614,5151336208.08,98.9517,2.77302,0000-00-00,13,False,Semiconductors,Technology,XLK,288,252,True,,put,2026-09-18,18.0,BTO,135.0,0.9986213978947279,0.03,0.06,2412.0,4.0,STO,130.0,0.03,0.05,2551.0,21.0,5.0,0.03,,,False,35.62845699027274,3.1284569902727384,
2026-09-02,ANET,buy-first put-tail inventory,,,True,33.35444444444444,186.03,-8.10156597342292,-11.139240506329106,2.3588253742922616,10.77031964774272,60.62717770034843,26.09,45.6537,1.0330999999999977,17.857142857142858,-0.2552999999999983,76.58730158730158,0.7777999999999992,9.92063492063492,3.8977999999999966,-0.8585999999999956,29.365079365079364,-5.030299999999997,18.253968253968253,2.380952380952381,16.26984126984127,21536.6,311463,1353958280.34,97.8628,2.77329,0000-00-00,8,False,Computer Hardware Manufacturing,Technology,XLK,287,252,True,,put,2026-09-18,17.0,BTO,130.0,0.9995588689660183,0.01,0.06,4564.0,121.0,STO,125.0,0.02,0.07,1265.0,1.0,5.0,0.039999999999999994,,,False,30.118798043326343,2.3812019566736566,
2026-08-28,HOOD,buy-first put-tail inventory,,,True,31.94555555555556,104.31,-2.431952109250768,-6.599212034383961,2.872866061126067,14.609322124262592,74.65277777777779,28.61,57.692,-0.1649000000000029,12.698412698412698,0.5866000000000042,75.39682539682539,0.4217000000000013,9.523809523809524,8.384700000000002,6.258000000000003,56.34920634920635,-4.5396,19.444444444444443,4.365079365079365,11.11111111111111,212786.75,1704223,2111728398.08,98.6455,3.73832,0000-00-00,9,False,Investment Banking & Brokerage,Financials,XLF,288,247,True,,put,2026-09-18,22.0,BTO,70.0,0.9928986512609995,0.07,0.1,11447.0,2445.0,STO,65.0,0.03,0.1,8169.0,6.0,5.0,0.07,,,False,32.8923401399674,0.392340139967402,
2026-08-26,PLTR,buy-first put-tail inventory,,,True,31.77873015873016,177.71,1.5137667085570738,-1.1953741799177189,25.452507214701605,36.17866208954048,90.3448275862069,23.38,47.2935,1.691600000000001,25.79365079365079,-0.227800000000002,63.492063492063494,1.463799999999999,23.41269841269841,3.112599999999994,4.767199999999995,64.28571428571429,4.672000000000004,86.9047619047619,25.396825396825395,38.095238095238095,614950.0,3519181,7955756733.41,98.4207,0.94127,0000-00-00,9,False,Infrastructure Software,Technology,XLK,290,257,True,,put,2026-09-18,24.0,BTO,105.0,0.999419375576211,0.1,0.13,8585.0,89.0,STO,100.0,0.09,0.1,14720.0,91.0,5.0,0.04000000000000001,,,False,40.91497383377413,8.414973833774127,
2026-08-31,HOOD,buy-first put-tail inventory,,,True,31.014603174603177,104.91,1.4309194624383623,-6.061962750716344,3.5015508954151953,18.616724680248097,81.31487889273356,32.16,58.9171,-2.1424999999999983,3.5714285714285716,1.7514000000000038,94.04761904761904,-0.3910999999999944,5.555555555555555,8.232099999999996,8.16559999999999,69.84126984126983,0.597999999999999,41.26984126984127,3.968253968253968,24.20634920634921,211460.0,1576018,1939734050.02,97.6805,3.35418,0000-00-00,9,False,Investment Banking & Brokerage,Financials,XLF,289,251,True,,put,2026-09-18,19.0,BTO,65.0,0.9995734466703685,0.03,0.05,8165.0,83.0,STO,60.0,0.02,0.05,5484.0,10.0,5.0,0.030000000000000002,,,False,38.04213135068153,5.5421313506815295,
2026-08-24,GOOG,buy-first put-tail inventory,,,True,30.94904761904762,345.57,1.286710827129367,-8.429169537336367,-1.2992161517747625,-7.276848028101224,24.567474048442904,26.67,28.5835,0.7678000000000011,26.19047619047619,-0.2271999999999998,53.96825396825397,0.5406000000000013,10.714285714285714,2.026299999999999,3.8588000000000022,82.14285714285714,3.0823000000000036,75.39682539682539,17.063492063492063,28.174603174603178,178516.55,1668003,6190338520.5,98.9549,1.08299,0000-00-00,9,False,Internet Content & Media,Comm,XLC,289,256,True,,put,2026-09-18,26.0,BTO,255.0,0.9993424931239288,0.09,0.13,2237.0,2.0,STO,250.0,0.08,0.14,8145.0,80.0,5.0,0.05,,,False,26.20887229794253,6.291127702057469,
2026-09-02,AMZN,buy-first put-tail inventory,,,True,30.766825396825396,255.15,-1.9747205040531737,-8.03416955017301,0.8799467350718349,7.21100110169045,52.264808362369344,29.63,28.4877,0.4576999999999991,12.698412698412698,0.1333999999999982,80.95238095238095,0.5910999999999973,10.317460317460318,2.085699999999999,2.3257999999999974,65.07936507936508,-1.326500000000003,35.317460317460316,8.73015873015873,16.26984126984127,745176.9,4583050,9078014241.76,95.5587,0.93008,0000-00-00,8,False,E-commerce & Internet Retail,C. Cyclical,XLY,287,252,True,,put,2026-09-18,17.0,BTO,190.0,0.9998013271557822,0.04,0.06,14795.0,253.0,STO,185.0,0.04,0.05,6248.0,28.0,5.0,0.019999999999999997,,,False,25.53399960807369,6.966000391926311,
2026-08-27,AMZN,buy-first put-tail inventory,,,True,30.099841269841267,256.88,-1.6049335427280045,-9.914080308609496,2.2600066559767873,-4.02115153654139,35.76388888888889,31.17,27.7419,0.2407000000000003,9.92063492063492,0.3023999999999986,88.4920634920635,0.543099999999999,8.73015873015873,2.8703000000000003,2.651200000000003,72.22222222222223,-0.8169000000000004,38.492063492063494,18.650793650793652,19.047619047619047,841757.9,4411796,11742211274.759998,98.4443,0.9851,0000-00-00,9,False,E-commerce & Internet Retail,C. Cyclical,XLY,288,256,True,,put,2026-09-18,23.0,BTO,150.0,0.9999646169988687,0.01,0.02,6260.0,0.0,STO,145.0,0.01,0.07,1582.0,16.0,5.0,0.01,,,False,41.60697601993149,9.106976019931487,
2026-08-24,GOOGL,buy-first put-tail inventory,,,True,29.094603174603176,349.19,1.6328074975260565,-8.105476459906846,-0.7385129680375524,-7.1725280866365875,25.259515570934255,29.08,28.7142,0.607999999999997,24.20634920634921,-0.0489999999999994,59.92063492063492,0.5589999999999975,9.92063492063492,2.5707999999999984,3.3732999999999933,74.60317460317461,0.0990999999999964,54.36507936507937,11.11111111111111,19.047619047619047,471646.7,3130467,9255976019.22,98.3245,1.03884,0000-00-00,9,False,Internet Content & Media,Comm,XLC,289,256,True,,put,2026-10-16,54.0,BTO,235.0,0.9960895069635434,0.16,0.2,495.0,19.0,STO,230.0,0.14,0.19,449.0,5.0,5.0,0.06,,,False,32.701394656204364,0.20139465620436425,
2026-09-01,HOOD,buy-first put-tail inventory,,,True,27.881587301587302,103.7,-7.145415472779371,-7.145415472779371,2.3498014196717154,22.458764084483185,82.29166666666666,34.42,59.7015,-1.5248999999999953,7.5396825396825395,1.2683999999999995,88.4920634920635,-0.2564999999999955,5.9523809523809526,8.438000000000002,7.7597999999999985,67.46031746031746,-1.4412999999999982,31.746031746031747,7.142857142857143,22.22222222222222,210845.6,1621738,1917061787.49,98.5019,4.19699,0000-00-00,9,False,Investment Banking & Brokerage,Financials,XLF,288,252,True,,put,2026-09-18,18.0,BTO,65.0,0.9989311005291989,0.03,0.06,8121.0,5.0,STO,60.0,0.03,0.05,5474.0,9.0,5.0,0.03,,,False,37.3191899710704,4.819189971070401,
2026-08-24,CCJ,buy-first put-tail inventory,,,True,26.904761904761905,102.31,3.605063291139232,0.0,6.352456886246216,-0.8882281764734934,38.062283737024224,30.0,47.8474,-0.7616999999999976,21.428571428571427,0.8328999999999951,71.03174603174604,0.0711999999999974,19.047619047619047,2.8512000000000057,5.856700000000004,56.34920634920635,6.601700000000001,72.61904761904762,12.698412698412698,31.349206349206348,26037.2,400454,309120647.67,96.8815,5.53258,0000-00-00,9,False,Uranium,Energy,XLE,289,256,True,,put,2026-09-18,26.0,BTO,75.0,0.9930228220171499,0.03,0.06,3268.0,3.0,STO,70.0,0.01,0.05,1218.0,0.0,5.0,0.049999999999999996,,,False,26.693382856025806,5.806617143974194,
2026-09-01,AMZN,buy-first put-tail inventory,,,True,26.17301587301587,254.25,-2.5227159452516856,-8.35856401384083,0.6816653638439529,3.843220967933591,50.69444444444444,29.7,28.5601,1.0290999999999997,26.19047619047619,-0.2045999999999992,61.904761904761905,0.8245000000000005,19.444444444444443,1.7907999999999973,2.284200000000002,63.888888888888886,-1.942299999999996,31.349206349206348,13.88888888888889,11.507936507936508,759266.45,4499820,9975979261.71,96.4602,1.0378,0000-00-00,8,False,E-commerce & Internet Retail,C. Cyclical,XLY,288,252,True,,put,2026-10-16,46.0,BTO,165.0,0.9990889591050642,0.07,0.11,741.0,10.0,STO,160.0,0.06,0.1,678.0,11.0,5.0,0.05,,,False,35.103244837758105,2.603244837758105,
2026-08-31,AMZN,buy-first put-tail inventory,,,True,25.205873015873017,259.31,-1.1361470128483764,-6.8704209165349805,2.857364985577538,2.436534183081873,49.13494809688581,32.81,28.3426,0.6896999999999984,18.253968253968253,0.0716000000000001,78.96825396825396,0.7612999999999985,16.666666666666668,1.7241999999999995,1.0823999999999998,38.492063492063494,-3.3201,25.79365079365079,1.1904761904761905,8.73015873015873,774605.4,4462977,11282597266.89,96.5436,1.31222,0000-00-00,8,False,E-commerce & Internet Retail,C. Cyclical,XLY,289,251,True,,put,2026-10-16,47.0,BTO,165.0,0.9993420599750711,0.06,0.09,740.0,6.0,STO,160.0,0.04,0.1,677.0,1.0,5.0,0.049999999999999996,,,False,36.369596236165215,3.869596236165215,
2026-08-26,AMZN,buy-first put-tail inventory,,,True,23.945396825396823,260.29,-1.9327857734910636,-8.71821848150095,3.706566475554518,-1.552886219040273,37.58620689655172,32.88,28.4565,0.876100000000001,21.03174603174603,0.0017999999999958,76.98412698412699,0.8778999999999968,19.84126984126984,1.4756,2.2148000000000003,63.492063492063494,1.328199999999999,69.04761904761905,23.80952380952381,32.53968253968254,864776.05,4400043,12065978347.62,98.1305,1.16403,0000-00-00,9,False,E-commerce & Internet Retail,C. Cyclical,XLY,290,257,True,,put,2026-09-18,24.0,BTO,180.0,0.9998349367626108,0.06,0.08,8577.0,1.0,STO,175.0,0.05,0.07,11815.0,0.0,5.0,0.03,,,False,30.846363671289723,1.6536363287102773,
2026-08-28,AFRM,buy-first put-tail inventory,,grab,True,63.96825396825397,78.38,2.53793825222397,-0.9478074055351948,1.4338958484315212,10.480104461874918,68.05555555555556,0.0,47.4966,-1.790300000000002,0.0,2.467599999999998,100.0,0.6772999999999954,5.158730158730159,7.221400000000003,5.9424999999999955,94.44444444444444,4.897499999999994,70.63492063492063,2.380952380952381,6.349206349206349,17782.6,254739,240608387.24999997,83.8176,12.33795,0000-00-00,9,False,Credit & Lending Services,Industrials,XLI,288,247,False,one leg lacks a two-sided put quote; combined put quote widths exceed 0.10,put,2026-09-18,22.0,BTO,52.5,0.9994630766742525,0.0,0.03,149.0,14.0,STO,47.5,0.0,2.13,154.0,0.0,5.0,0.03,,,False,33.01862720081653,0.5186272008165318,
2026-08-28,ALB,buy-first put-tail inventory,,,True,63.57142857142857,136.9,-4.285814164860513,-4.285814164860513,5.566411220113299,-18.81422862130754,16.666666666666664,0.0,46.8886,-2.3537999999999997,4.365079365079365,1.2735999999999947,80.15873015873017,-1.080200000000005,2.7777777777777777,2.5910999999999973,5.399600000000007,67.85714285714286,2.0567000000000064,59.92063492063492,5.9523809523809526,3.968253968253968,6111.85,203627,303022890.68,88.5395,9.47462,0000-00-00,9,False,Specialized Chemicals,Materials,XLB,288,247,False,one leg lacks a two-sided put quote; combined put quote widths exceed 0.10,put,2026-09-18,22.0,BTO,95.0,0.9970381181085795,0.0,0.1,536.0,2.0,STO,90.0,0.0,0.05,511.0,2.0,5.0,0.1,,,False,30.606281957633307,1.893718042366693,
2026-08-27,VFC,buy-first put-tail inventory,,,True,62.50714285714285,13.64,-2.2222222222222143,-10.557377049180328,-13.983376846141226,-21.94171190182623,15.27777777777778,0.35,38.7827,-0.7967000000000013,3.5714285714285716,2.0878000000000014,86.5079365079365,1.2911,7.142857142857143,7.565899999999999,6.236699999999999,37.698412698412696,-2.6060000000000016,31.746031746031747,10.714285714285714,0.3968253968253968,7939.95,604031,112051852.32,64.5537,4.47998,0000-00-00,8,False,Apparel & Textile Manufacturing,C. Cyclical,XLY,288,256,False,no roughly $5-wide put spread 25-45% OTM in current/next monthly,,,,,,,,,,,,,,,,,,,,,False,,,
2026-08-26,VST,buy-first put-tail inventory,,,True,62.301587301587304,140.54,-1.1395610579628568,-9.36996195266654,-7.954164396194008,-9.841476568549734,22.06896551724138,0.0,41.7721,-0.4136000000000024,4.761904761904762,1.0360999999999976,94.84126984126983,0.6224999999999952,8.73015873015873,3.380699999999998,2.6006,61.904761904761905,-0.2284000000000006,33.333333333333336,2.380952380952381,3.968253968253968,37298.3,519239,672590018.99,96.827,3.03351,0000-00-00,10,False,Independent Power Production,Utilities,XLU,290,257,False,spread debit outside 0.00-0.10; one leg lacks a two-sided put quote; combined put quote widths exceed 0.10,put,2026-09-18,24.0,BTO,90.0,0.9983175052298837,0.01,0.11,51.0,0.0,STO,85.0,0.0,0.3,73.0,0.0,5.0,0.11,,,False,35.96129215881599,3.4612921588159935,
2026-09-01,VFC,buy-first put-tail inventory,,,True,62.22222222222222,13.04,-5.848375451263543,-14.491803278688533,-16.635767347304096,-16.604165907608703,19.791666666666664,0.0,37.1752,-1.0339000000000027,3.1746031746031744,2.502299999999998,90.07936507936508,1.4683999999999957,10.714285714285714,9.966299999999997,2.101399999999998,10.317460317460318,-7.789200000000001,21.03174603174603,5.555555555555555,0.7936507936507936,7088.3,612717,84317130.24,57.5144,5.03696,0000-00-00,7,False,Apparel & Textile Manufacturing,C. Cyclical,XLY,288,252,False,no roughly $5-wide put spread 25-45% OTM in current/next monthly,,,,,,,,,,,,,,,,,,,,,False,,,
2026-08-26,VFC,buy-first put-tail inventory,,,True,61.90587301587302,13.89,-3.7422037422037313,-8.918032786885243,-12.84323076150794,-17.853689195373878,17.24137931034483,1.11,39.4378,-0.6394999999999982,4.761904761904762,1.6733999999999938,82.14285714285714,1.0338999999999956,5.158730158730159,15.105800000000002,4.475999999999999,23.80952380952381,-8.205000000000005,20.238095238095237,31.349206349206348,4.761904761904762,8059.8,602546,116451132.4,68.423,4.48082,0000-00-00,8,False,Apparel & Textile Manufacturing,C. Cyclical,XLY,290,257,False,no roughly $5-wide put spread 25-45% OTM in current/next monthly,,,,,,,,,,,,,,,,,,,,,False,,,
2026-08-31,VFC,buy-first put-tail inventory,,,True,61.74603174603175,13.45,-6.075418994413417,-11.8032786885246,-14.444557528878954,-16.03186722402158,19.72318339100346,0.0,37.5461,-0.1002000000000009,9.126984126984128,1.234100000000005,70.63492063492063,1.133900000000004,7.142857142857143,4.712400000000002,3.631399999999992,17.46031746031746,-3.553400000000003,28.96825396825397,5.158730158730159,0.0,7396.05,607045,88649936.33,68.9708,4.93046,0000-00-00,8,False,Apparel & Textile Manufacturing,C. Cyclical,XLY,289,251,False,no roughly $5-wide put spread 25-45% OTM in current/next monthly,,,,,,,,,,,,,,,,,,,,,False,,,
2026-08-28,VST,buy-first put-tail inventory,,,True,61.42857142857142,137.1,0.3439947302934953,-11.58831495453666,-9.719597366525267,-11.023737121130605,25.0,0.0,39.8711,0.1684000000000054,10.714285714285714,0.2468999999999965,78.96825396825396,0.415300000000002,7.142857142857143,1.1775999999999982,4.476999999999997,78.57142857142857,-0.2314999999999969,33.73015873015873,1.984126984126984,0.3968253968253968,38291.3,532242,646739669.07,91.7786,3.88395,0000-00-00,9,False,Independent Power Production,Utilities,XLU,288,247,False,spread debit outside 0.00-0.10; one leg lacks a two-sided put quote; combined put quote widths exceed 0.10; one put leg has OI below 25,put,2026-10-16,50.0,BTO,90.0,0.9957351358407869,0.0,0.2,12.0,0.0,STO,85.0,0.0,0.45,9.0,0.0,5.0,0.2,,,False,34.35448577680524,1.854485776805241,
2026-09-01,AAP,buy-first put-tail inventory,,,True,61.34920634920635,42.7,-2.2435897435897356,-28.379738342837967,-21.281616399970492,-21.254784775845636,16.666666666666664,0.0,42.566199999999995,-0.1023999999999958,8.73015873015873,2.007700000000007,78.96825396825396,1.905300000000011,9.523809523809524,8.525200000000005,9.498200000000004,42.46031746031746,-0.3534999999999968,45.63492063492063,24.20634920634921,0.3968253968253968,9151.55,91065,100992122.34,84.7823,6.05956,0000-00-00,9,False,Automotive Parts & Components,C. Cyclical,XLY,288,252,False,spread debit outside 0.00-0.10; one leg lacks a two-sided put quote; combined put quote widths exceed 0.10; one put leg has OI below 25,put,2026-10-16,46.0,BTO,30.0,0.980672772274573,0.0,0.25,5.0,0.0,STO,27.5,0.0,0.2,1.0,1.0,2.5,0.25,,,False,29.7423887587822,2.7576112412177984,
2026-08-27,NEE,buy-first put-tail inventory,,,True,60.90761904761905,83.71,-1.5755437977660214,-4.211008124499383,-3.805270887390922,-1.8610874576013623,39.93055555555556,3.14,19.7947,0.4146000000000001,3.1746031746031744,0.0177999999999975,81.74603174603175,0.4323999999999977,1.5873015873015872,3.225399999999997,2.6050999999999966,68.65079365079364,-1.1624000000000017,29.365079365079364,0.3968253968253968,3.1746031746031744,26906.0,474652,868190376.22,88.8205,2.2371,0000-00-00,8,False,Regulated Electric Utilities,Utilities,XLU,288,256,False,no roughly $5-wide put spread 25-45% OTM in current/next monthly,,,,,,,,,,,,,,,,,,,,,False,,,
2026-08-31,W,buy-first put-tail inventory,,,True,60.86777777777779,98.78,-4.772004241781547,-14.542780517345788,3.3793471549224963,39.49510981291685,96.53979238754326,1.91,52.5763,0.2118999999999928,6.349206349206349,0.2468000000000074,82.53968253968254,0.4587000000000003,4.761904761904762,3.056199999999997,1.283299999999997,33.73015873015873,0.3433000000000064,47.22222222222222,1.1904761904761905,9.126984126984128,9267.15,195941,351843415.6,95.0923,7.25088,0000-00-00,8,False,E-commerce & Internet Retail,C. Cyclical,XLY,289,251,False,one leg lacks a two-sided put quote; combined put quote widths exceed 0.10,put,2026-09-18,19.0,BTO,70.0,0.9979189552133031,0.0,0.1,244.0,8.0,STO,65.0,0.0,0.28,364.0,0.0,5.0,0.1,,,False,29.13545252075319,3.3645474792468093,
2026-08-28,CEG,buy-first put-tail inventory,,,True,60.83730158730159,276.28,1.1310809326842142,-2.6360304482661467,4.225768678247643,-0.4682929845847505,40.27777777777778,0.75,38.7089,-0.1051999999999964,11.11111111111111,0.2494000000000014,81.74603174603175,0.144200000000005,5.9523809523809526,1.5467000000000013,1.7046999999999954,59.12698412698413,-1.5956000000000046,30.555555555555557,13.492063492063492,1.5873015873015872,8921.9,211541,742255661.3100001,94.2497,5.89318,0000-00-00,10,False,Independent Power Production,Utilities,XLU,288,247,False,spread debit outside 0.00-0.10; one leg lacks a two-sided put quote; combined put quote widths exceed 0.10,put,2026-09-18,22.0,BTO,200.0,0.9991588806707975,0.0,1.55,1285.0,1.0,STO,195.0,0.0,4.3,902.0,0.0,5.0,1.55,,,False,27.609671347907916,4.890328652092084,
2026-08-24,VST,buy-first put-tail inventory,,,True,60.8352380952381,136.06,-7.170635191376129,-12.258979815567162,-11.159922586509053,-11.502636361726037,21.10726643598616,2.26,42.6988,-0.0320999999999997,6.746031746031746,0.2623000000000033,80.95238095238095,0.2302000000000035,2.7777777777777777,3.6869000000000014,4.636800000000001,79.36507936507937,1.447600000000001,46.03174603174603,9.523809523809524,4.365079365079365,39397.15,497278,645443616.32,91.6928,4.10014,0000-00-00,10,False,Independent Power Production,Utilities,XLU,289,256,False,spread debit outside 0.00-0.10; one leg lacks a two-sided put quote; combined put quote widths exceed 0.10,put,2026-09-18,26.0,BTO,100.0,0.9925584270124767,0.0,0.17,3673.0,0.0,STO,95.0,0.0,0.56,192.0,0.0,5.0,0.17,,,False,26.503013376451566,5.996986623548434,
2026-08-25,VST,buy-first put-tail inventory,,,True,60.71238095238095,139.59,0.1506672406371034,-9.982588508415546,-8.74991501890504,-12.208202612398344,20.415224913494807,0.24,41.9886,0.0251000000000019,7.142857142857143,0.7507000000000019,92.06349206349206,0.7758000000000038,13.095238095238097,3.374900000000004,3.085899999999995,67.06349206349206,0.2237999999999971,37.301587301587304,5.158730158730159,4.365079365079365,37486.9,510565,659810355.96,95.5589,3.4487,0000-00-00,10,False,Independent Power Production,Utilities,XLU,289,257,False,one leg lacks a two-sided put quote; one put leg has OI below 25,put,2026-09-18,25.0,BTO,85.0,0.9980538487664544,0.0,0.05,73.0,0.0,STO,80.0,0.0,0.05,15.0,0.0,5.0,0.05,,,False,39.10738591589655,6.60738591589655,
2026-09-01,CRDO,buy-first put-tail inventory,,,True,60.61714285714285,209.53,-6.688933422400356,-26.38513157432456,-11.397736335427632,-3.0890717676222312,35.41666666666667,2.24,85.36550000000001,-3.061000000000007,5.158730158730159,2.2867000000000033,94.44444444444444,-0.7743000000000038,5.555555555555555,9.014999999999986,8.024999999999991,77.77777777777777,22.739500000000007,93.25396825396824,1.5873015873015872,75.39682539682539,18849.75,193226,955810178.24,91.759,11.16079,0000-00-00,13,False,Semiconductors,Technology,XLK,288,252,False,spread debit outside 0.00-0.10; combined put quote widths exceed 0.10,put,2026-09-18,18.0,BTO,130.0,0.9947618245719981,0.05,0.3,734.0,922.0,STO,125.0,0.1,0.8,64.0,21.0,5.0,0.19999999999999998,,,False,37.9563785615425,5.4563785615425004,
2026-08-26,NEE,buy-first put-tail inventory,,,True,60.604126984126985,84.53,-1.6978718455634256,-3.8885730528709472,-2.914070970468796,-0.8814284075092438,39.6551724137931,1.38,19.924,0.804000000000002,8.333333333333334,-0.0213,80.55555555555556,0.782700000000002,6.746031746031746,0.593399999999999,0.6645999999999965,27.38095238095238,0.6295999999999999,47.22222222222222,0.3968253968253968,5.158730158730159,16059.7,471323,898552612.64,89.2791,1.58804,0000-00-00,8,False,Regulated Electric Utilities,Utilities,XLU,290,257,False,no roughly $5-wide put spread 25-45% OTM in current/next monthly,,,,,,,,,,,,,,,,,,,,,False,,,
2026-08-28,BE,buy-first put-tail inventory,,other,True,60.39682539682539,212.26,5.66507367582636,-10.968499643471327,-10.47326935795171,-21.045850419169756,15.97222222222222,0.0,80.3404,-5.122799999999984,13.095238095238097,3.2565999999999917,83.33333333333333,-1.866199999999992,9.92063492063492,9.798900000000003,14.402299999999997,86.9047619047619,6.331599999999995,71.03174603174604,13.88888888888889,1.1904761904761905,107980.95,963898,3103265211.9300003,97.7808,3.42684,0000-00-00,8,False,Electrical Equipment Manufacturing,Industrials,XLI,288,247,False,spread debit outside 0.00-0.10; combined put quote widths exceed 0.10,put,2026-09-18,22.0,BTO,125.0,0.9938019486925316,0.1,0.26,1381.0,37.0,STO,120.0,0.11,0.32,3795.0,174.0,5.0,0.15000000000000002,,,False,41.109959483652126,8.609959483652126,
2026-09-01,W,buy-first put-tail inventory,,,True,60.26714285714285,93.38,-10.220171137390643,-13.561047857076748,-2.434641239909652,33.60553822720976,93.75,2.59,51.6913,0.0820999999999969,5.158730158730159,0.4369000000000014,88.0952380952381,0.5189999999999984,5.555555555555555,9.632599999999996,8.541699999999999,90.07936507936508,-1.210799999999999,38.492063492063494,1.1904761904761905,4.365079365079365,7632.1,202436,333365535.9,86.7972,6.18139,0000-00-00,8,False,E-commerce & Internet Retail,C. Cyclical,XLY,288,252,False,spread debit outside 0.00-0.10; one leg lacks a two-sided put quote; combined put quote widths exceed 0.10,put,2026-09-18,18.0,BTO,70.0,0.9955078882788667,0.0,0.15,244.0,0.0,STO,65.0,0.0,1.04,364.0,0.0,5.0,0.15,,,False,25.03748125937031,7.46251874062969,
2026-08-28,RCL,buy-first put-tail inventory,,,True,60.12253968253968,279.9,-4.422059074611595,-14.851545388172315,-7.3800772196683795,0.3877555018440448,43.05555555555556,4.56,35.0486,0.7902000000000058,0.7936507936507936,0.0782999999999987,98.8095238095238,0.8685000000000045,0.7936507936507936,3.5979000000000028,1.6736000000000004,62.698412698412696,-2.3179000000000016,16.26984126984127,3.1746031746031744,5.9523809523809526,2691.5,102041,443092124.8,95.5016,6.61684,0000-00-00,8,False,Travel & Tourism Services,C. Cyclical,XLY,288,247,False,spread debit outside 0.00-0.10; one leg lacks a two-sided put quote; combined put quote widths exceed 0.10,put,2026-09-18,22.0,BTO,200.0,0.9999544418770084,0.0,0.4,371.0,1.0,STO,195.0,0.0,0.35,473.0,0.0,5.0,0.4,,,False,28.545909253304746,3.954090746695254,
2026-08-24,IREN,buy-first put-tail inventory,,,True,60.0,40.04,-10.923248053392664,-10.923248053392664,-7.338838079016552,-27.399268354354177,10.38062283737024,0.0,101.206,-5.178300000000007,13.095238095238097,3.931100000000015,83.73015873015873,-1.2471999999999923,11.904761904761903,16.738000000000014,15.051000000000002,76.58730158730158,23.967,94.04761904761904,0.0,72.61904761904762,269540.95,2301536,1949890333.68,96.6382,6.888,0000-00-00,0,True,Investment Banking & Brokerage,Financials,XLF,289,256,False,spread debit outside 0.00-0.10; combined put quote widths exceed 0.10,put,2026-09-18,26.0,BTO,23.0,0.977194960383822,0.01,0.14,2411.0,9.0,STO,18.0,0.03,0.06,698.0,67.0,5.0,0.11000000000000001,,,True,42.557442557442556,10.057442557442556,
2026-08-26,RUN,buy-first put-tail inventory,,,True,60.0,9.11,-6.372045220966093,-18.001800180018,-18.905446064555186,-37.48500937765138,4.827586206896552,0.0,66.7507,-0.925699999999992,18.253968253968253,1.216700000000003,46.42857142857143,0.291000000000011,6.746031746031746,3.929699999999997,-0.2698000000000036,3.1746031746031744,-4.411599999999993,30.15873015873016,2.7777777777777777,7.142857142857143,23743.5,504331,84294732.78999999,68.1516,7.49891,0000-00-00,10,False,Solar,Industrials,XLI,290,257,False,one leg lacks a two-sided put quote,put,2026-09-18,24.0,BTO,6.0,0.9934742669535191,0.0,0.03,93.0,0.0,STO,3.0,0.0,0.02,198.0,0.0,3.0,0.03,,,False,34.13830954994511,1.638309549945113,
2026-08-31,CEG,buy-first put-tail inventory,,,True,59.93936507936508,274.93,0.22967553773241,-3.1117846067098887,3.720476466056643,5.803326784305652,55.36332179930796,0.14,38.7732,0.3125,15.07936507936508,0.0307999999999992,71.42857142857143,0.3432999999999993,9.523809523809524,1.5439000000000007,1.9804999999999993,61.111111111111114,1.3478999999999957,51.58730158730159,14.682539682539682,3.968253968253968,8848.6,201902,707711465.25,96.505,4.64199,0000-00-00,10,False,Independent Power Production,Utilities,XLU,289,251,False,spread debit outside 0.00-0.10; one leg lacks a two-sided put quote; combined put quote widths exceed 0.10; one put leg has OI below 25,put,2026-10-16,47.0,BTO,180.0,0.9978521089717823,0.0,0.85,0.0,0.0,STO,175.0,0.0,1.2,0.0,0.0,5.0,0.85,,,False,34.52878914632815,2.028789146328151,
2026-08-31,VST,buy-first put-tail inventory,,,True,59.920634920634924,137.53,1.0804057033661607,-7.530424258723856,-9.11878326352975,-7.655034558121189,29.411764705882355,0.0,39.314,0.0816000000000016,9.126984126984128,0.8173999999999992,92.06349206349206,0.8990000000000009,16.26984126984127,4.519399999999997,2.5039000000000016,60.31746031746032,-3.592399999999998,12.301587301587302,12.698412698412698,0.7936507936507936,37830.7,517403,624087830.5500001,93.3282,2.81596,0000-00-00,9,False,Independent Power Production,Utilities,XLU,289,251,False,spread debit outside 0.00-0.10; one leg lacks a two-sided put quote; combined put quote widths exceed 0.10; one put leg has OI below 25,put,2026-09-18,19.0,BTO,85.0,0.9983475948458523,0.0,0.3,74.0,0.0,STO,80.0,0.0,2.13,15.0,0.0,5.0,0.3,,,False,38.195302843016066,5.695302843016066,
2026-09-02,W,buy-first put-tail inventory,,,True,59.86904761904762,94.02,-10.243436754176615,-12.262038073908176,-1.9538321639817724,40.28241881539584,95.1219512195122,2.75,53.3147,0.3160000000000096,7.936507936507937,0.042599999999993,76.98412698412699,0.3586000000000027,3.968253968253968,2.1019000000000005,7.214499999999987,82.53968253968254,2.50269999999999,55.95238095238095,85.71428571428571,3.968253968253968,7051.5,206106,296337477.28,90.3373,5.7802,0000-00-00,7,False,E-commerce & Internet Retail,C. Cyclical,XLY,287,252,False,spread debit outside 0.00-0.10; one leg lacks a two-sided put quote; combined put quote widths exceed 0.10,put,2026-09-18,17.0,BTO,70.0,0.99626104249234,0.0,0.15,244.0,0.0,STO,65.0,0.0,0.65,364.0,0.0,5.0,0.15,,,False,25.547755796639006,6.952244203360994,
2026-08-28,IONQ,buy-first put-tail inventory,,,True,59.44444444444444,38.93,-13.373386737872718,-16.81623931623931,-9.37153712205162,-41.7237458757683,4.166666666666666,0.0,70.5654,-6.763900000000007,17.063492063492063,4.175200000000004,76.98412698412699,-2.588700000000003,10.714285714285714,17.746799999999993,14.8716,52.38095238095238,-5.690499999999986,16.26984126984127,1.984126984126984,0.3968253968253968,64466.0,683016,820076134.02,85.8153,7.49224,0000-00-00,9,False,Computer Hardware Manufacturing,Technology,XLK,288,247,False,one leg lacks a two-sided put quote; combined put quote widths exceed 0.10,put,2026-09-18,22.0,BTO,25.0,0.9977945738477434,0.0,0.1,15675.0,2.0,STO,22.5,0.0,0.19,2263.0,6.0,2.5,0.1,,,False,35.78217313126124,3.2821731312612386,
2026-09-02,AAP,buy-first put-tail inventory,,,True,59.29253968253968,42.69,-3.17532320254027,-26.29488950276244,-20.93712380775998,-19.69101835384094,17.073170731707318,0.39,42.4319,0.1246000000000009,9.92063492063492,2.126899999999999,81.34920634920636,2.2515,16.666666666666668,10.5364,16.574299999999994,77.38095238095238,3.9745999999999952,61.111111111111114,1.984126984126984,0.3968253968253968,9058.85,92749,104500095.0,82.5207,6.50111,0000-00-00,9,False,Automotive Parts & Components,C. Cyclical,XLY,287,252,False,spread debit outside 0.00-0.10; one leg lacks a two-sided put quote; combined put quote widths exceed 0.10; one put leg has OI below 25,put,2026-10-16,45.0,BTO,30.0,0.9818539853410222,0.0,0.2,5.0,0.0,STO,27.5,0.0,0.2,0.0,0.0,2.5,0.2,,,False,29.72593113141251,2.7740688685874915,
2026-08-27,VST,buy-first put-tail inventory,,,True,59.04761904761905,139.6,0.395541172240188,-9.97613980782872,-8.332424975080343,-10.717068453120149,23.958333333333336,0.0,40.6773,0.0245000000000032,7.5396825396825395,1.0871999999999955,94.84126984126983,1.111699999999999,22.22222222222222,4.197899999999997,2.3778000000000006,59.523809523809526,-2.287300000000002,17.857142857142858,5.9523809523809526,1.5873015873015872,37741.45,523728,660945800.9,94.1707,3.95508,0000-00-00,10,False,Independent Power Production,Utilities,XLU,288,256,False,spread debit outside 0.00-0.10; one leg lacks a two-sided put quote; combined put quote widths exceed 0.10; one put leg has OI below 25,put,2026-09-18,23.0,BTO,85.0,0.9983703706102273,0.0,0.3,73.0,0.0,STO,80.0,0.0,2.14,15.0,0.0,5.0,0.3,,,False,39.11174785100287,6.6117478510028675,
2026-08-31,RDDT,buy-first put-tail inventory,,,True,58.65079365079365,147.61,-2.798630317397599,-17.175401189541006,-13.696430805714344,-14.327203209830763,20.761245674740483,0.0,53.681999999999995,-1.1457999999999942,19.444444444444443,0.9588000000000036,71.82539682539682,-0.1869999999999905,12.301587301587302,6.081800000000008,7.470700000000008,66.66666666666667,0.6328999999999994,44.04761904761905,8.73015873015873,2.380952380952381,53100.95,506544,1280528145.0,98.5446,3.55361,0000-00-00,8,False,Internet Content & Media,Comm,XLC,289,251,False,one leg lacks a two-sided put quote; combined put quote widths exceed 0.10,put,2026-09-18,19.0,BTO,95.0,0.9994258870310664,0.01,0.07,115.0,8.0,STO,90.0,0.0,0.12,642.0,0.0,5.0,0.07,,,False,35.64121671973444,3.1412167197344374,
2026-08-27,W,buy-first put-tail inventory,,,True,58.507777777777775,105.25,1.9963174726233213,-8.94541050263864,10.88214781617478,45.56905662073718,94.79166666666666,4.27,52.9352,0.1284000000000063,5.555555555555555,0.4448999999999969,88.4920634920635,0.5733000000000033,5.555555555555555,1.404299999999992,3.7323999999999984,56.74603174603175,4.249500000000005,64.68253968253968,9.523809523809524,10.317460317460318,10107.1,198336,365430520.0,93.9249,8.16801,0000-00-00,8,False,E-commerce & Internet Retail,C. Cyclical,XLY,288,256,False,one leg lacks a two-sided put quote; combined put quote widths exceed 0.10,put,2026-09-18,23.0,BTO,67.5,0.9992068586428309,0.0,0.09,29.0,0.0,STO,62.5,0.0,1.28,95.0,0.0,5.0,0.09,,,False,35.86698337292161,3.3669833729216094,
2026-08-28,SEDG,buy-first put-tail inventory,,,True,58.42015873015873,31.45,1.484349790254913,-35.12788778877888,-28.23272222754676,-55.49019434015522,1.0416666666666663,0.31,75.3537,-2.181599999999989,18.650793650793652,1.3665999999999912,66.66666666666667,-0.8149999999999977,12.698412698412698,6.4957999999999885,9.377800000000008,68.25396825396825,-1.907199999999989,38.095238095238095,16.26984126984127,1.5873015873015872,12437.95,270877,130085954.04,96.081,8.26911,0000-00-00,9,False,Solar,Technology,XLK,288,247,False,one leg lacks a two-sided put quote; combined put quote widths exceed 0.10,put,2026-09-18,22.0,BTO,17.5,0.9994177266653117,0.0,0.08,60.0,0.0,STO,15.0,0.01,0.08,41.0,0.0,2.5,0.07,,,False,44.35612082670906,11.85612082670906,
2026-08-28,TFC,buy-first put-tail inventory,,,True,58.413809523809526,50.49,0.1586986708986382,-4.968944099378881,-1.810926232760024,8.042527699096535,61.80555555555556,6.11,24.7329,2.0959000000000003,0.7936507936507936,-0.5063999999999957,98.015873015873,1.5895000000000046,1.5873015873015872,0.1963000000000008,0.1963000000000008,88.0952380952381,0.0,17.857142857142858,1.984126984126984,32.142857142857146,4105.9,146311,305897739.8,55.6918,3.44572,0000-00-00,7,False,Regional Banking,Financials,XLF,288,247,False,spread debit outside 0.00-0.10; one leg lacks a two-sided put quote; combined put quote widths exceed 0.10; one put leg has OI below 25,put,2026-10-16,50.0,BTO,37.5,0.9984025447702678,0.0,0.15,3.0,0.0,STO,35.0,0.0,0.1,30.0,0.0,2.5,0.15,,,True,25.727866904337493,6.772133095662507,
2026-08-24,RUN,buy-first put-tail inventory,,,True,58.15777777777777,8.96,-9.127789046653136,-19.351935193519346,-21.266761568338,-37.286888938461935,4.1522491349480966,4.62,66.58070000000001,-2.378100000000003,5.555555555555555,2.420199999999994,72.61904761904762,0.0420999999999907,5.555555555555555,6.248999999999995,2.5404000000000053,10.714285714285714,-5.769999999999996,27.38095238095238,14.285714285714286,4.761904761904762,25147.35,494588,88658211.04,69.4953,6.5399,0000-00-00,10,False,Solar,Industrials,XLI,289,256,False,spread debit outside 0.00-0.10; one leg lacks a two-sided put quote; combined put quote widths exceed 0.10; one put leg has OI below 25,put,2026-10-16,54.0,BTO,6.0,0.946661501125895,0.01,0.12,0.0,2.0,STO,3.0,0.0,0.23,0.0,0.0,3.0,0.12,,,False,33.03571428571429,0.5357142857142918,
2026-08-25,VFC,buy-first put-tail inventory,,,True,57.94603174603175,13.85,-3.5515320334261857,-9.180327868852457,-13.545568039950062,-14.030216793276107,18.33910034602076,3.8,39.7862,-0.6649999999999991,4.365079365079365,2.2378,87.6984126984127,1.5728000000000009,11.904761904761903,8.661699999999996,2.4824999999999946,11.904761904761903,-3.8568,27.38095238095238,2.380952380952381,4.761904761904762,11266.65,591289,120625357.95,75.9574,4.48148,0000-00-00,8,False,Apparel & Textile Manufacturing,C. Cyclical,XLY,289,257,False,no roughly $5-wide put spread 25-45% OTM in current/next monthly,,,,,,,,,,,,,,,,,,,,,False,,,
2026-08-28,AAP,buy-first put-tail inventory,,,True,57.93650793650794,43.16,-0.4153207198892672,-27.608185172760823,-21.347946044253614,-24.83901543622755,13.541666666666666,0.0,44.0741,0.8173999999999921,19.444444444444443,1.3993000000000038,63.492063492063494,2.216699999999996,15.873015873015872,7.443400000000004,7.096499999999999,23.015873015873016,-5.221900000000005,27.38095238095238,67.46031746031746,0.0,9047.0,94281,101082424.96,75.5996,11.3381,0000-00-00,9,False,Automotive Parts & Components,C. Cyclical,XLY,288,247,False,spread debit outside 0.00-0.10; one leg lacks a two-sided put quote; combined put quote widths exceed 0.10; one put leg has OI below 25,put,2026-10-16,50.0,BTO,30.0,0.9807449538663001,0.05,0.25,0.0,4.0,STO,27.5,0.0,0.2,1.0,0.0,2.5,0.25,,,False,30.491195551436512,2.008804448563488,
2026-08-31,CRDO,buy-first put-tail inventory,,,True,57.88714285714286,223.64,0.6254218222722097,-21.427818571478763,-6.154587279926538,1.4562082109484842,46.36678200692042,4.97,86.0611,-2.5434999999999945,6.746031746031746,1.5200999999999991,85.71428571428571,-1.0233999999999952,3.968253968253968,6.433700000000002,8.556000000000012,79.76190476190476,26.853200000000015,94.44444444444444,1.5873015873015872,76.98412698412699,17890.4,178739,1007540303.0,96.9866,7.56702,0000-00-00,0,True,Semiconductors,Technology,XLK,289,251,False,spread debit outside 0.00-0.10; one leg lacks a two-sided put quote; combined put quote widths exceed 0.10,put,2026-09-18,19.0,BTO,135.0,0.9936115872351591,0.0,0.2,105.0,500.0,STO,130.0,0.0,0.35,726.0,8.0,5.0,0.2,,,True,39.63512788409944,7.13512788409944,
2026-08-26,LVS,buy-first put-tail inventory,,other,True,57.74746031746032,46.36,-0.1507645918587097,-6.607574536663985,-0.4795699755707261,-6.915925913415254,27.241379310344826,2.57,28.2384,1.7304999999999957,7.142857142857143,0.1716000000000015,86.9047619047619,1.9020999999999972,16.26984126984127,2.4850999999999956,8.288500000000003,87.6984126984127,6.757700000000003,80.15873015873017,30.555555555555557,11.904761904761903,6026.7,148895,222627802.62,86.9926,3.99674,0000-00-00,8,False,Resort & Casino Operations,C. Cyclical,XLY,290,257,False,spread debit outside 0.00-0.10; one leg lacks a two-sided put quote; combined put quote widths exceed 0.10; one put leg has OI below 25,put,2026-10-16,52.0,BTO,30.0,0.9996553045059902,0.0,0.16,5.0,0.0,STO,27.5,0.0,0.15,0.0,0.0,2.5,0.16,,,False,35.28904227782571,2.7890422778257076,
2026-08-26,RDDT,buy-first put-tail inventory,,,True,57.62539682539682,155.85,2.485697376208318,-13.656509695290865,-9.555070139071042,3.6177564804734663,46.89655172413793,4.2,56.5218,-1.8551,10.714285714285714,1.1525000000000034,77.38095238095238,-0.7025999999999968,5.158730158730159,5.116900000000001,8.186300000000003,72.22222222222223,3.187100000000001,59.12698412698413,9.523809523809524,5.158730158730159,68074.2,523201,1432132883.1,98.0009,3.36631,0000-00-00,9,False,Internet Content & Media,Comm,XLC,290,257,False,one leg lacks a two-sided put quote; combined put quote widths exceed 0.10,put,2026-09-18,24.0,BTO,90.0,0.9996835852225646,0.01,0.06,647.0,5.0,STO,85.0,0.0,0.57,72.0,0.0,5.0,0.06,,,False,42.25216554379211,9.75216554379211,
2026-09-02,VFC,buy-first put-tail inventory,,,True,57.53317460317461,13.16,-5.255579553635714,-11.737089201877938,-15.467625899280568,-14.920043575469569,20.209059233449477,2.07,37.3916,0.0411000000000001,12.698412698412698,1.5405999999999975,77.77777777777777,1.581699999999998,14.285714285714286,6.0015,3.9581000000000017,21.03174603174603,-4.113200000000006,27.38095238095238,21.03174603174603,0.7936507936507936,6948.5,625515,80164626.08,62.3967,4.45765,0000-00-00,7,False,Apparel & Textile Manufacturing,C. Cyclical,XLY,287,252,False,no roughly $5-wide put spread 25-45% OTM in current/next monthly,,,,,,,,,,,,,,,,,,,,,False,,,
2026-09-01,VST,buy-first put-tail inventory,,,True,57.35349206349206,137.35,-1.604699477039906,-7.65144893431049,-8.879338597345521,-7.983591088195263,29.166666666666668,4.71,40.7649,-0.0775999999999967,7.142857142857143,0.5142000000000024,84.12698412698413,0.4366000000000056,7.5396825396825395,3.624200000000002,2.4194999999999993,59.12698412698413,-2.311,18.253968253968253,2.380952380952381,1.984126984126984,36943.65,531543,623618176.89,92.8774,2.78413,0000-00-00,9,False,Independent Power Production,Utilities,XLU,288,252,False,spread debit outside 0.00-0.10; one leg lacks a two-sided put quote; combined put quote widths exceed 0.10,put,2026-09-18,18.0,BTO,95.0,0.998306726343087,0.0,0.2,192.0,0.0,STO,90.0,0.0,0.63,51.0,0.0,5.0,0.2,,,False,30.833636694575894,1.666363305424106,
2026-08-28,IREN,buy-first put-tail inventory,,,True,57.22222222222222,35.45,-14.226953786595686,-21.13459399332591,-14.722975963666451,-40.35637497247095,4.513888888888888,0.0,77.6064,-2.9321999999999946,22.61904761904762,2.3792000000000115,66.26984126984127,-0.5529999999999831,16.26984126984127,15.378900000000016,17.13220000000001,82.53968253968254,-1.6756000000000029,40.07936507936508,10.317460317460318,0.0,275121.8,2646713,1814091348.72,95.1686,5.93976,0000-00-00,9,False,Investment Banking & Brokerage,Financials,XLF,288,247,False,one leg lacks a two-sided put quote; combined put quote widths exceed 0.10,put,2026-09-18,22.0,BTO,24.0,0.9775327172513685,0.04,0.1,377.0,15.0,STO,19.0,0.0,0.05,1406.0,1.0,5.0,0.1,,,False,32.299012693935126,0.20098730606487436,
2026-08-28,RUN,buy-first put-tail inventory,,,True,57.142857142857146,8.82,-3.711790393013103,-20.6120612061206,-20.48896581566423,-43.67574215297126,3.125,0.0,61.2059,-0.4453000000000031,25.0,1.450499999999998,51.98412698412698,1.005199999999995,14.285714285714286,7.263400000000004,9.326700000000002,45.23809523809524,-2.3619000000000057,36.507936507936506,5.9523809523809526,0.0,23716.6,511769,79302696.42,55.6539,7.53696,0000-00-00,9,False,Solar,Industrials,XLI,288,247,False,no roughly $5-wide put spread 25-45% OTM in current/next monthly,,,,,,,,,,,,,,,,,,,,,False,,,
2026-08-31,APP,buy-first put-tail inventory,,,True,57.11269841269842,312.36,4.332142022111629,-25.401222774168897,-22.941276891362893,-45.63183159504347,1.7301038062283738,6.3,51.4919,-0.6668000000000021,4.761904761904762,0.6424000000000021,92.85714285714286,-0.0243999999999999,3.1746031746031744,5.9399000000000015,2.567299999999996,52.77777777777778,-4.25950000000001,24.20634920634921,10.317460317460318,4.761904761904762,48158.1,340490,2191432157.76,97.7061,3.66172,0000-00-00,9,False,Advertising & Marketing Services,Technology,XLK,289,251,False,one leg lacks a two-sided put quote; combined put quote widths exceed 0.10,put,2026-09-18,19.0,BTO,200.0,0.9998435847034154,0.0,0.1,56.0,1.0,STO,195.0,0.0,0.3,68.0,1.0,5.0,0.1,,,False,35.971315149186836,3.471315149186836,
2026-08-27,RCL,buy-first put-tail inventory,,,True,56.65571428571429,284.32,-0.8923591745677695,-13.506935994159177,-6.059294453493869,3.626778156594313,51.736111111111114,7.63,36.1208,1.3863999999999947,1.1904761904761905,-0.163899999999991,97.22222222222224,1.2225000000000037,2.380952380952381,0.0043000000000006,3.9581000000000017,86.9047619047619,4.449800000000003,65.47619047619048,5.158730158730159,9.126984126984128,2732.95,100776,469781730.0,90.5982,4.80437,0000-00-00,8,False,Travel & Tourism Services,C. Cyclical,XLY,288,256,False,spread debit outside 0.00-0.10; one leg lacks a two-sided put quote; combined put quote widths exceed 0.10,put,2026-09-18,23.0,BTO,200.0,0.9999420540468943,0.0,0.55,371.0,0.0,STO,195.0,0.0,2.15,473.0,0.0,5.0,0.55,,,False,29.65672481710748,2.843275182892519,
2026-09-02,RCL,buy-first put-tail inventory,,,True,56.501269841269846,267.31,-8.232345772254456,-16.935458811099714,-10.768708995366016,-1.4863250812363065,33.44947735191638,8.34,36.5364,0.4777000000000058,0.3968253968253968,0.1631999999999962,99.2063492063492,0.640900000000002,0.3968253968253968,2.490000000000002,-0.8551999999999964,28.571428571428573,-4.6850999999999985,9.523809523809524,0.3968253968253968,5.9523809523809526,4519.9,106091,410904784.3,92.0516,4.14313,0000-00-00,7,False,Travel & Tourism Services,C. Cyclical,XLY,287,252,False,spread debit outside 0.00-0.10; one leg lacks a two-sided put quote; combined put quote widths exceed 0.10; one put leg has OI below 25,put,2026-10-16,45.0,BTO,200.0,0.9898138655477582,0.1,0.7,6.0,3.0,STO,195.0,0.0,0.95,0.0,0.0,5.0,0.7,,,False,25.18050203883132,7.319497961168679,
2026-08-25,W,buy-first put-tail inventory,,,True,56.44952380952381,104.01,1.9306154449235668,-10.018167661562416,10.57623817532729,46.179969817200515,93.77162629757784,7.36,54.081599999999995,-0.4412999999999982,3.5714285714285716,0.4686999999999983,89.28571428571429,0.0274,2.380952380952381,2.3218000000000103,7.320599999999999,84.12698412698413,7.51959999999999,76.58730158730158,6.349206349206349,17.063492063492063,10004.25,193242,386225723.4,97.7015,6.62787,0000-00-00,9,False,E-commerce & Internet Retail,C. Cyclical,XLY,289,257,False,spread debit outside 0.00-0.10; one leg lacks a two-sided put quote; combined put quote widths exceed 0.10,put,2026-09-18,25.0,BTO,75.0,0.9911943602529432,0.0,0.16,727.0,0.0,STO,70.0,0.0,0.3,245.0,0.0,5.0,0.16,,,False,27.89154888952986,4.6084511104701384,
2026-08-27,BE,buy-first put-tail inventory,,other,True,56.41253968253968,217.81,7.385495242321149,-8.640577156998441,-8.694040987702357,-24.55586588214035,12.84722222222222,3.27,85.0341,-4.600200000000015,15.873015873015872,2.881900000000016,81.74603174603175,-1.7182999999999993,10.714285714285714,9.8018,15.116799999999998,88.4920634920635,8.590100000000007,75.7936507936508,15.07936507936508,5.9523809523809526,113219.45,945924,3443894306.17,95.7431,4.2984,0000-00-00,8,False,Electrical Equipment Manufacturing,Industrials,XLI,288,256,False,combined put quote widths exceed 0.10,put,2026-09-18,23.0,BTO,120.0,0.996799869236255,0.1,0.13,3808.0,43.0,STO,115.0,0.1,0.21,337.0,16.0,5.0,0.03,,,False,44.90611083054038,12.406110830540378,
2026-08-31,RCL,buy-first put-tail inventory,,,True,56.39571428571429,268.17,-8.624097042387902,-18.419931856899495,-10.992554002895549,-3.5538359820470045,37.37024221453287,7.89,36.5284,0.9804999999999992,1.1904761904761905,0.1585999999999998,99.2063492063492,1.1390999999999991,2.380952380952381,3.525500000000001,2.136499999999991,73.41269841269842,-1.0459000000000032,25.0,6.746031746031746,10.714285714285714,4447.2,100296,420984811.72,93.1044,5.61036,0000-00-00,8,False,Travel & Tourism Services,C. Cyclical,XLY,289,251,False,spread debit outside 0.00-0.10; one leg lacks a two-sided put quote; combined put quote widths exceed 0.10; one put leg has OI below 25,put,2026-10-16,47.0,BTO,200.0,0.9833804681075543,0.05,0.55,3.0,1.0,STO,195.0,0.0,1.45,0.0,0.0,5.0,0.55,,,False,25.42044225677742,7.07955774322258,
2026-08-24,W,buy-first put-tail inventory,,,True,56.30222222222222,103.73,0.8458098386155966,-10.260403149061336,10.90511748051972,57.17308471773854,96.88581314878893,5.92,53.5641,0.6054999999999922,8.73015873015873,-0.0296999999999982,75.0,0.5757999999999939,5.158730158730159,2.3695999999999913,0.5917999999999921,28.96825396825397,2.195999999999998,55.95238095238095,3.5714285714285716,19.84126984126984,10150.75,185115,392471142.48,89.4831,8.04382,0000-00-00,9,False,E-commerce & Internet Retail,C. Cyclical,XLY,289,256,False,spread debit outside 0.00-0.10; one leg lacks a two-sided put quote; combined put quote widths exceed 0.10,put,2026-09-18,26.0,BTO,75.0,0.9808622522656975,0.0,0.23,727.0,0.0,STO,70.0,0.0,0.32,245.0,0.0,5.0,0.23,,,False,27.6969054275523,4.803094572447701,
2026-09-01,ALB,buy-first put-tail inventory,,,True,56.228888888888896,136.1,2.423239012642986,-4.8451373837656515,5.689200753569423,-15.8761709715335,20.48611111111111,2.66,47.212700000000005,-1.2906000000000049,14.285714285714286,1.2560999999999964,78.57142857142857,-0.0345000000000084,16.26984126984127,5.995299999999993,2.9619,40.87301587301587,-2.5938000000000017,28.571428571428573,10.317460317460318,4.761904761904762,6123.9,196421,285813281.82,87.2552,7.09297,0000-00-00,9,False,Specialized Chemicals,Materials,XLB,288,252,False,spread debit outside 0.00-0.10; one leg lacks a two-sided put quote; combined put quote widths exceed 0.10,put,2026-10-16,46.0,BTO,100.0,0.9734913896365939,0.2,0.64,134.0,0.0,STO,95.0,0.0,1.0,120.0,0.0,5.0,0.64,,,False,26.524614254224833,5.975385745775167,
2026-08-25,LVS,buy-first put-tail inventory,,,True,56.22142857142857,47.3,3.819139596136955,-4.713940370668823,1.3981366752558344,-2.297846348106458,33.910034602076124,2.35,28.0566,2.140599999999999,16.666666666666668,-0.2504999999999988,75.0,1.8901000000000003,15.476190476190476,1.0437000000000012,3.0032999999999994,45.23809523809524,3.778600000000001,64.68253968253968,21.03174603174603,17.857142857142858,5916.25,145189,230167372.82,84.4965,3.7806,0000-00-00,8,False,Resort & Casino Operations,C. Cyclical,XLY,289,257,False,one leg lacks a two-sided put quote; combined put quote widths exceed 0.10; one put leg has OI below 25,put,2026-10-16,53.0,BTO,35.0,0.9838839518627136,0.01,0.08,9.0,0.0,STO,30.0,0.0,0.14,5.0,0.0,5.0,0.08,,,False,26.00422832980972,6.49577167019028,
2026-08-28,UPS,buy-first put-tail inventory,,,True,56.193015873015874,105.4,3.3637344316955975,-3.329358892048051,-2.4843364308897,1.4806707827447751,45.13888888888889,4.68,23.1055,0.8373999999999988,16.666666666666668,-0.3062000000000004,62.698412698412696,0.5311999999999983,3.968253968253968,0.9277000000000016,0.4985999999999961,32.53968253968254,-1.8843000000000032,32.142857142857146,16.666666666666668,4.761904761904762,23163.9,382117,511365863.52,88.9167,3.59465,0000-00-00,8,False,Freight & Logistics Services,Industrials,XLI,288,247,False,no roughly $5-wide put spread 25-45% OTM in current/next monthly,,,,,,,,,,,,,,,,,,,,,False,,,
2026-08-26,FHN,buy-first put-tail inventory,,,True,55.976190476190474,24.66,-0.7246376811594235,-5.985512771635538,-3.1041257367387165,4.4447670246882565,48.27586206896552,4.5,25.4553,2.5320000000000036,13.095238095238097,-0.3781000000000034,56.74603174603175,2.1539,9.523809523809524,1.4954000000000036,1.4954000000000036,46.82539682539682,0.0,26.58730158730159,9.523809523809524,12.301587301587302,12311.2,299191,118078245.78,57.5512,5.74368,0000-00-00,7,False,Regional Banking,Financials,XLF,290,257,False,no roughly $5-wide put spread 25-45% OTM in current/next monthly,,,,,,,,,,,,,,,,,,,,,False,,,
2026-08-31,RUN,buy-first put-tail inventory,,,True,55.859047619047615,8.52,-4.910714285714302,-23.312331233123302,-22.517279010549306,-41.053667407112094,3.8062283737024223,1.76,63.5221,-0.2366000000000099,26.984126984126984,0.9876000000000076,39.285714285714285,0.7509999999999977,9.92063492063492,4.5952999999999875,2.5619999999999976,10.714285714285714,-6.00119999999999,26.19047619047619,7.936507936507937,2.7777777777777777,23342.9,516929,76226045.96,58.9911,5.74773,0000-00-00,9,False,Solar,Industrials,XLI,289,251,False,no roughly $5-wide put spread 25-45% OTM in current/next monthly,,,,,,,,,,,,,,,,,,,,,False,,,
2026-08-31,SEDG,buy-first put-tail inventory,,,True,55.714285714285715,32.12,6.604712910720201,-33.745874587458744,-25.847261981715764,-54.29790253789248,1.038062283737024,0.0,75.7472,-1.333200000000005,24.20634920634921,1.4687999999999874,67.85714285714286,0.1355999999999824,22.22222222222222,5.617399999999989,6.522099999999995,51.19047619047619,3.1554,54.76190476190476,19.84126984126984,9.523809523809524,12360.3,265892,123988148.1,95.4528,9.25498,0000-00-00,9,False,Solar,Technology,XLK,289,251,False,spread debit outside 0.00-0.10; combined put quote widths exceed 0.10,put,2026-10-16,47.0,BTO,20.0,0.9591545268517626,0.1,0.3,127.0,0.0,STO,15.0,0.01,0.1,358.0,0.0,5.0,0.29,,,False,37.73349937733499,5.2334993773349865,
2026-09-02,ETSY,buy-first put-tail inventory,,,True,55.68015873015873,81.55,-0.5123825789923209,-5.163391091987435,0.3232981330393958,26.329480555567596,83.62369337979094,3.05,42.046,-0.2665999999999968,16.666666666666668,0.7813000000000017,63.492063492063494,0.5147000000000048,14.682539682539682,7.889200000000002,4.0793000000000035,22.22222222222222,-3.1571,30.952380952380953,15.873015873015872,5.158730158730159,9907.8,210644,265517214.75,88.4,4.76568,0000-00-00,9,False,E-commerce & Internet Retail,C. Cyclical,XLY,287,252,False,one leg lacks a two-sided put quote; combined put quote widths exceed 0.10,put,2026-09-18,17.0,BTO,50.0,0.999119098934336,0.0,0.05,640.0,0.0,STO,45.0,0.0,2.13,1028.0,0.0,5.0,0.05,,,False,38.68792152053955,6.187921520539547,
2026-08-26,W,buy-first put-tail inventory,,other,True,55.67412698412698,104.75,-2.248973497573714,-9.37797387317242,10.865331696371872,45.32974012589716,93.79310344827586,6.31,53.5545,0.4725999999999999,8.73015873015873,0.1368999999999971,79.76190476190476,0.609499999999997,6.349206349206349,1.6741000000000028,8.744500000000002,90.87301587301587,8.851899999999993,79.36507936507937,10.317460317460318,12.698412698412698,9863.75,196427,379527210.41,96.4146,6.87398,0000-00-00,8,False,E-commerce & Internet Retail,C. Cyclical,XLY,290,257,False,one leg lacks a two-sided put quote; combined put quote widths exceed 0.10,put,2026-09-18,24.0,BTO,70.0,0.9984538317765579,0.0,0.04,245.0,1.0,STO,65.0,0.0,0.48,364.0,0.0,5.0,0.04,,,False,33.17422434367542,0.6742243436754194,
2026-08-28,UPST,buy-first put-tail inventory,,,True,55.610952380952384,29.13,-4.491803278688533,-7.051691129546911,-4.9864965360679525,-10.873754059714967,25.34722222222222,6.77,59.4368,-2.3471999999999937,11.904761904761903,1.2352999999999952,55.95238095238095,-1.1118999999999986,1.1904761904761905,3.4494999999999933,7.919899999999991,55.95238095238095,3.458200000000005,61.904761904761905,4.761904761904762,2.7777777777777777,19901.4,314230,143670712.46,81.1812,10.0177,0000-00-00,9,False,Credit & Lending Services,Financials,XLF,288,247,False,spread debit outside 0.00-0.10; one leg lacks a two-sided put quote; combined put quote widths exceed 0.10,put,2026-09-18,22.0,BTO,20.0,0.9964680372768305,0.0,0.15,594.0,0.0,STO,15.0,0.0,0.25,1314.0,0.0,5.0,0.15,,,False,31.342258839684167,1.1577411603158332,
2026-08-28,OKLO,buy-first put-tail inventory,,,True,55.55555555555556,39.82,-5.684509711037422,-17.368748703050418,-12.80431993062885,-37.98171055484567,5.555555555555555,0.0,73.2585,-3.9387999999999863,25.396825396825395,3.2112999999999943,70.23809523809524,-0.727499999999992,21.825396825396822,14.584100000000008,11.2684,50.0,-6.09490000000001,16.26984126984127,4.365079365079365,0.3968253968253968,59516.05,696232,421262116.74,89.9623,4.29902,0000-00-00,10,False,Independent Power Production,Utilities,XLU,288,247,False,one leg lacks a two-sided put quote; one put leg has OI below 25,put,2026-09-18,22.0,BTO,25.0,0.9946857216137892,0.02,0.06,11636.0,1.0,STO,20.0,0.0,0.05,8.0,0.0,5.0,0.06,,,False,37.21747865394275,4.717478653942749,
2026-08-28,W,buy-first put-tail inventory,,,True,55.47619047619048,103.25,1.664040961008273,-10.675663984773776,8.271411523643524,44.86403322360323,96.18055555555556,0.0,51.7763,1.9734000000000052,32.53968253968254,-0.8551000000000002,47.61904761904762,1.118300000000005,15.07936507936508,1.9125999999999976,2.676300000000005,45.23809523809524,-1.8717999999999932,36.904761904761905,9.126984126984128,3.968253968253968,9673.25,202141,356143935.24,91.8322,9.45547,0000-00-00,8,False,E-commerce & Internet Retail,C. Cyclical,XLY,288,247,False,one leg lacks a two-sided put quote; combined put quote widths exceed 0.10,put,2026-09-18,22.0,BTO,67.5,0.9997261513798728,0.0,0.08,29.0,0.0,STO,62.5,0.0,2.13,95.0,0.0,5.0,0.08,,,False,34.62469733656174,2.124697336561738,
2026-09-02,ALB,buy-first put-tail inventory,,,True,55.3968253968254,137.62,2.2284950230277767,-3.7824232678459024,7.082109771223055,-13.77934922286498,20.557491289198605,0.0,46.3059,-0.4026999999999958,28.174603174603178,0.5026999999999973,54.76190476190476,0.1000000000000014,19.84126984126984,3.774799999999999,2.190000000000005,34.12698412698413,-1.5837000000000003,31.746031746031747,51.19047619047619,3.5714285714285716,5900.2,197614,283173285.41999996,82.2823,6.20164,0000-00-00,9,False,Specialized Chemicals,Materials,XLB,287,252,False,spread debit outside 0.00-0.10; one leg lacks a two-sided put quote; combined put quote widths exceed 0.10,put,2026-10-16,45.0,BTO,95.0,0.9878185109354738,0.0,0.61,120.0,0.0,STO,90.0,0.05,0.4,128.0,0.0,5.0,0.5599999999999999,,,False,30.969335852347047,1.5306641476529528,
2026-08-25,MMM,buy-first put-tail inventory,,,True,55.22714285714286,179.66,-0.8115717992602023,-2.496472375990444,5.715933296458875,19.264499576843978,74.39446366782006,7.63,22.7913,1.5107,5.158730158730159,-0.2822999999999993,85.71428571428571,1.2284000000000006,5.555555555555555,0.1828000000000003,1.3826999999999998,67.46031746031746,0.9248000000000012,49.20634920634921,13.095238095238097,13.492063492063492,6017.2,108918,542481212.52,77.0328,2.28792,0000-00-00,8,False,Conglomerates,Industrials,XLI,289,257,False,spread debit outside 0.00-0.10; one leg lacks a two-sided put quote; combined put quote widths exceed 0.10,put,2026-10-16,53.0,BTO,125.0,0.9996643053428541,0.0,0.7,252.0,1.0,STO,120.0,0.02,0.12,1808.0,0.0,5.0,0.6799999999999999,,,False,30.42413447623288,2.0758655237671206,
2026-08-31,TGT,buy-first put-tail inventory,,,True,55.10238095238095,160.59,-5.2230878186968805,-5.2230878186968805,10.893514880405707,32.75481905656898,94.80968858131487,5.85,28.1729,0.3803999999999981,13.095238095238097,0.0399999999999991,79.76190476190476,0.4203999999999972,7.142857142857143,2.2898999999999994,0.8853000000000009,42.46031746031746,-1.9807999999999983,28.174603174603178,13.095238095238097,3.5714285714285716,34411.85,441211,788106366.5,97.3985,2.52221,0000-00-00,11,False,Discount Retail,C. Defensive,XLP,289,251,False,spread debit outside 0.00-0.10; one leg lacks a two-sided put quote; combined put quote widths exceed 0.10,put,2026-10-16,47.0,BTO,115.0,0.9983066139204524,0.01,0.13,537.0,0.0,STO,110.0,0.0,0.3,368.0,0.0,5.0,0.13,,,False,28.389065321626504,4.110934678373496,
2026-09-02,GAP,buy-first put-tail inventory,,,True,55.07285714285714,22.2,4.225352112676051,-5.290102389078511,9.965227211935668,10.098223519787918,58.18815331010453,7.07,33.513999999999996,0.5737999999999985,2.7777777777777777,1.1147000000000062,87.3015873015873,1.6885000000000048,11.507936507936508,4.332800000000006,6.908700000000003,71.03174603174604,1.148299999999999,44.44444444444444,38.095238095238095,1.5873015873015872,18224.05,235657,176687280.0,90.3506,4.66401,0000-00-00,11,False,Apparel Retail Stores,C. Cyclical,XLY,287,252,False,no roughly $5-wide put spread 25-45% OTM in current/next monthly,,,,,,,,,,,,,,,,,,,,,False,,,
2026-08-27,CEG,buy-first put-tail inventory,,,True,55.069365079365085,281.49,2.962800395040066,-0.7999718071609707,6.274696058673257,0.7744015875681076,43.75,5.01,39.9051,0.0897999999999967,13.492063492063492,0.3529000000000053,84.12698412698413,0.4427000000000021,11.11111111111111,3.076600000000006,1.7848000000000042,59.92063492063492,-1.0594000000000037,34.92063492063492,16.666666666666668,5.158730158730159,8844.0,209893,749154968.9599999,95.6098,5.08429,0000-00-00,10,False,Independent Power Production,Utilities,XLU,288,256,False,spread debit outside 0.00-0.10; one leg lacks a two-sided put quote; combined put quote widths exceed 0.10,put,2026-09-18,23.0,BTO,200.0,0.9992769940903895,0.0,0.2,1287.0,2.0,STO,195.0,0.0,4.3,902.0,0.0,5.0,0.2,,,False,28.949518632988735,3.5504813670112654,
2026-08-31,IREN,buy-first put-tail inventory,,,True,54.93746031746032,36.56,-8.691308691308686,-18.66518353726363,-11.089061717226256,-39.83643119451552,4.498269896193772,0.38,77.46650000000001,-1.904100000000014,28.174603174603178,1.835099999999997,60.31746031746032,-0.0690000000000168,20.238095238095237,12.584499999999991,11.4075,61.904761904761905,-2.0819000000000045,38.095238095238095,9.92063492063492,0.3968253968253968,269296.55,2471780,1615348625.65,97.2204,4.08975,0000-00-00,9,False,Investment Banking & Brokerage,Financials,XLF,289,251,False,one leg lacks a two-sided put quote,put,2026-09-18,19.0,BTO,22.0,0.9948173983269998,0.01,0.04,10956.0,13.0,STO,18.0,0.0,0.03,1860.0,3.0,4.0,0.04,,,False,39.82494529540481,7.3249452954048095,
2026-09-01,FSLR,buy-first put-tail inventory,,,True,54.81333333333334,199.55,-3.1169587804049104,-20.54232698893047,-10.086934737217746,-30.63505978980503,11.458333333333332,3.52,46.0046,-0.7753000000000014,15.07936507936508,0.9427999999999984,86.9047619047619,0.1674999999999968,18.253968253968253,8.8463,3.702599999999997,56.74603174603175,-6.984900000000003,7.142857142857143,11.904761904761903,3.5714285714285716,27605.05,620023,500504850.6,89.5373,5.9358,0000-00-00,8,False,Solar,Technology,XLK,288,252,False,one leg lacks a two-sided put quote; combined put quote widths exceed 0.10,put,2026-09-18,18.0,BTO,120.0,0.9991079518877777,0.0,0.1,119.0,0.0,STO,115.0,0.0,2.13,180.0,0.0,5.0,0.1,,,False,39.8646955650213,7.3646955650213,
2026-08-31,IONQ,buy-first put-tail inventory,,,True,54.72761904761904,39.26,-4.708737864077683,-16.11111111111111,-7.8745441831433505,-40.38062485987185,4.1522491349480966,4.32,73.0877,-6.915700000000001,16.666666666666668,4.562899999999999,80.15873015873017,-2.352800000000002,13.095238095238097,17.1066,17.975700000000003,63.095238095238095,0.9231000000000052,38.492063492063494,2.7777777777777777,3.968253968253968,62282.7,657052,751004223.2,89.9714,7.8945,0000-00-00,9,False,Computer Hardware Manufacturing,Technology,XLK,289,251,False,one leg lacks a two-sided put quote,put,2026-09-18,19.0,BTO,25.0,0.9966204263849666,0.0,0.07,15676.0,2.0,STO,20.0,0.0,0.02,2672.0,0.0,5.0,0.07,,,False,36.321956189505855,3.8219561895058547,
2026-08-31,ALB,buy-first put-tail inventory,,,True,54.614761904761906,134.4,-5.171805545756003,-6.033699223939026,4.050216616447999,-18.184253832555385,17.99307958477509,2.29,47.5421,-0.5877000000000052,25.0,0.5443000000000069,57.53968253968254,-0.0433999999999983,15.476190476190476,3.0458,5.099399999999996,64.28571428571429,3.035499999999999,68.65079365079364,16.26984126984127,5.555555555555555,6100.8,194216,301773052.00000006,82.1549,8.2218,0000-00-00,9,False,Specialized Chemicals,Materials,XLB,289,251,False,spread debit outside 0.00-0.10; one leg lacks a two-sided put quote; combined put quote widths exceed 0.10,put,2026-10-16,47.0,BTO,100.0,0.9613778434418873,0.22,0.58,133.0,5.0,STO,95.0,0.0,0.78,120.0,0.0,5.0,0.58,,,False,25.595238095238095,6.904761904761905,
2026-08-24,VFC,buy-first put-tail inventory,,,True,54.587936507936504,14.32,-0.7623007623007605,-21.145374449339204,-11.04042939144696,-12.576526324516834,20.415224913494807,6.92,40.746300000000005,-0.1222999999999956,7.5396825396825395,1.6322999999999936,82.14285714285714,1.509999999999998,9.92063492063492,7.059799999999996,4.857599999999998,24.603174603174605,-0.7024000000000044,36.507936507936506,0.3968253968253968,5.158730158730159,12995.1,584711,120981504.21,75.8496,5.9161,0000-00-00,9,False,Apparel & Textile Manufacturing,C. Cyclical,XLY,289,256,False,no roughly $5-wide put spread 25-45% OTM in current/next monthly,,,,,,,,,,,,,,,,,,,,,False,,,
2026-08-27,ETSY,buy-first put-tail inventory,,,True,54.55492063492064,82.77,1.0622710622710585,-4.719696097617144,2.6831350053097003,25.64140928925609,82.98611111111111,6.08,43.041,-0.3663999999999987,14.285714285714286,0.4572999999999965,51.58730158730159,0.0908999999999977,7.5396825396825395,5.146599999999999,9.5871,66.66666666666667,6.137699999999995,66.26984126984127,33.73015873015873,8.73015873015873,11033.9,156870,260095290.42,89.8017,7.8262,0000-00-00,9,False,E-commerce & Internet Retail,C. Cyclical,XLY,288,256,False,spread debit outside 0.00-0.10; one leg lacks a two-sided put quote; combined put quote widths exceed 0.10,put,2026-10-16,51.0,BTO,55.0,0.9937031122607881,0.03,0.27,163.0,1.0,STO,50.0,0.0,2.17,59.0,0.0,5.0,0.27,,,False,33.55080343119488,1.050803431194879,
2026-09-02,OKLO,buy-first put-tail inventory,,,True,54.2063492063492,39.47,-4.315151515151516,-18.095040464826727,-11.34162338945891,-35.13935903691885,6.2717770034843205,0.0,69.5209,-3.110199999999992,33.73015873015873,2.2864000000000004,53.96825396825397,-0.8237999999999914,20.238095238095237,12.4054,8.460400000000007,34.12698412698413,-8.663699999999992,8.333333333333334,16.26984126984127,0.0,59867.75,691013,378111573.49,92.5977,3.36948,0000-00-00,9,False,Independent Power Production,Utilities,XLU,287,252,False,one leg lacks a two-sided put quote; combined put quote widths exceed 0.10; one put leg has OI below 25,put,2026-09-18,17.0,BTO,25.0,0.9975499041712128,0.01,0.03,12088.0,0.0,STO,20.0,0.0,0.1,8.0,0.0,5.0,0.03,,,False,36.66075500380035,4.160755003800347,
2026-09-01,SOFI,buy-first put-tail inventory,,,True,54.1584126984127,17.16,-8.771929824561397,-10.251046025104603,-3.7857719565802417,1.855077992882736,46.52777777777778,8.54,47.253,-1.4176999999999964,7.142857142857143,1.499600000000001,82.14285714285714,0.0819000000000045,4.365079365079365,11.6113,12.516700000000007,80.55555555555556,-1.7249999999999943,36.111111111111114,1.1904761904761905,3.968253968253968,304408.95,3891414,842104587.3599999,89.7687,1.92294,0000-00-00,8,False,Credit & Lending Services,Financials,XLF,288,252,False,one leg lacks a two-sided put quote,put,2026-10-16,46.0,BTO,11.0,0.9903176434360645,0.02,0.04,3962.0,15.0,STO,8.0,0.0,0.04,438.0,0.0,3.0,0.04,,,False,35.897435897435905,3.397435897435905,
2026-08-25,RUN,buy-first put-tail inventory,,,True,54.14666666666666,9.21,-0.967741935483868,-17.101710171017093,-18.5172078209325,-34.51040887010682,4.498269896193772,2.52,66.0969,-0.4158999999999935,25.0,1.6943999999999877,59.92063492063492,1.278499999999994,16.666666666666668,6.5411,3.5741999999999905,15.873015873015872,-4.481500000000011,29.761904761904763,13.095238095238097,5.158730158730159,24376.85,496068,83826056.8,71.1577,6.36661,0000-00-00,10,False,Solar,Industrials,XLI,289,257,False,no roughly $5-wide put spread 25-45% OTM in current/next monthly,,,,,,,,,,,,,,,,,,,,,False,,,
2026-09-02,BILI,buy-first put-tail inventory,,,True,54.10809523809523,15.45,-4.511742892459825,-18.46965699208444,-11.923655766862783,-8.705650649237807,27.177700348432055,1.13,42.9378,-2.331799999999994,32.93650793650794,1.796599999999998,30.952380952380953,-0.5351999999999961,15.873015873015872,7.893100000000004,7.893100000000004,21.428571428571427,0.0,51.98412698412698,13.095238095238097,7.5396825396825395,6848.45,190892,44192199.34,61.6048,3.90061,0000-00-00,10,False,Internet Content & Media,Comm,XLC,287,252,False,no roughly $5-wide put spread 25-45% OTM in current/next monthly,,,,,,,,,,,,,,,,,,,,,False,,,
2026-09-02,MMM,buy-first put-tail inventory,,,True,54.08015873015873,168.99,-6.0122358175750845,-8.287202865516107,-1.4857297424603066,16.150426119245964,70.38327526132404,4.65,22.685,1.5675000000000026,6.746031746031746,0.2044999999999994,96.42857142857144,1.772000000000002,24.603174603174605,1.2617000000000012,0.6173999999999964,53.57142857142857,-2.779700000000002,17.857142857142858,55.55555555555556,3.5714285714285716,4794.1,107688,451283257.6,72.3381,2.00782,0000-00-00,6,False,Conglomerates,Industrials,XLI,287,252,False,combined put quote widths exceed 0.10,put,2026-09-18,17.0,BTO,115.0,0.9999001163857911,0.01,0.09,425.0,10.0,STO,110.0,0.01,0.07,312.0,3.0,5.0,0.08,,,False,31.948636013965327,0.5513639860346728,
2026-08-25,RCL,buy-first put-tail inventory,,,True,53.9731746031746,291.26,-3.1586647160526615,-11.395716719396454,-4.105304399645737,11.930844086240878,65.39792387543253,10.63,37.6525,1.3729999999999976,0.7936507936507936,-0.3646000000000029,95.23809523809524,1.0083999999999946,1.1904761904761905,0.6256999999999948,3.0919999999999987,81.34920634920636,3.0493999999999986,56.74603174603175,13.095238095238097,18.253968253968253,2696.4,96666,547859897.0,92.9652,5.06442,0000-00-00,9,False,Travel & Tourism Services,C. Cyclical,XLY,289,257,False,spread debit outside 0.00-0.10; one leg lacks a two-sided put quote; combined put quote widths exceed 0.10,put,2026-09-18,25.0,BTO,200.0,0.9999306059312454,0.0,0.45,371.0,0.0,STO,195.0,0.0,2.15,473.0,0.0,5.0,0.45,,,False,31.332829774085003,1.1671702259149974,
2026-08-25,ROKU,buy-first put-tail inventory,,,True,53.79619047619048,159.66,0.9356429384245636,0.0,9.859259595655168,28.325801303658498,85.12110726643598,6.68,16.6691,-0.1334000000000017,8.333333333333334,0.7969000000000008,86.11111111111111,0.6634999999999991,14.285714285714286,2.5269999999999975,-0.9972999999999992,12.301587301587302,-2.950899999999997,24.603174603174605,9.126984126984128,4.365079365079365,6224.05,111301,408298170.5,54.3204,6.7185,0000-00-00,10,False,Entertainment,Comm,XLC,289,257,False,no roughly $5-wide put spread 25-45% OTM in current/next monthly,,,,,,,,,,,,,,,,,,,,,False,,,
2026-08-25,ALB,buy-first put-tail inventory,,,True,53.76206349206348,132.88,0.3852836745485977,-7.096413339858776,0.9784759606177752,-21.478558093685308,13.84083044982699,4.73,48.141,-0.7336000000000027,21.03174603174603,0.5226000000000042,56.74603174603175,-0.2109999999999985,11.507936507936508,2.230699999999999,0.5022999999999982,20.634920634920636,-0.1563999999999978,42.857142857142854,5.9523809523809526,8.333333333333334,5770.7,194392,329801507.88,89.551,7.66819,0000-00-00,10,False,Specialized Chemicals,Materials,XLB,289,257,False,spread debit outside 0.00-0.10; combined put quote widths exceed 0.10,put,2026-10-16,53.0,BTO,95.0,0.9670525561960533,0.25,0.48,120.0,0.0,STO,90.0,0.05,0.5,130.0,0.0,5.0,0.43,,,False,28.506923540036123,3.993076459963877,
2026-08-31,FSLR,buy-first put-tail inventory,,,True,53.71634920634921,202.28,-3.4785513193682283,-19.455283905391408,-9.372841063762484,-28.832344802111663,12.110726643598616,5.49,46.7744,-0.9316000000000032,11.904761904761903,1.048300000000005,91.26984126984128,0.1167000000000015,17.063492063492063,4.274899999999995,1.590600000000002,24.20634920634921,-3.8784999999999954,14.682539682539682,11.11111111111111,5.158730158730159,27779.9,588953,513029805.24,90.9718,5.5484,0000-00-00,8,False,Solar,Technology,XLK,289,251,False,spread debit outside 0.00-0.10; one leg lacks a two-sided put quote; combined put quote widths exceed 0.10,put,2026-09-18,19.0,BTO,140.0,0.9998744270556797,0.0,0.17,85.0,0.0,STO,135.0,0.0,0.15,314.0,0.0,5.0,0.17,,,False,30.78900533913388,1.7109946608661204,
2026-09-01,BE,buy-first put-tail inventory,,,True,53.598888888888894,210.0,-2.8811913240530895,-11.916446457782817,-9.494071861706956,-24.8100800629412,15.27777777777778,5.29,83.09100000000001,-4.1972999999999985,17.063492063492063,2.6695999999999884,77.77777777777777,-1.52770000000001,13.492063492063492,6.96159999999999,11.503599999999992,80.55555555555556,11.231399999999994,80.95238095238095,7.142857142857143,6.746031746031746,104847.9,918137,2590033165.9,98.3533,3.93332,0000-00-00,8,False,Electrical Equipment Manufacturing,Industrials,XLI,288,252,False,spread debit outside 0.00-0.10; combined put quote widths exceed 0.10,put,2026-09-18,18.0,BTO,140.0,0.9838790039609225,0.26,0.32,2142.0,291.0,STO,135.0,0.2,0.29,2684.0,36.0,5.0,0.12,,,False,33.333333333333336,0.8333333333333357,
2026-08-31,UPS,buy-first put-tail inventory,,,True,53.56936507936508,104.13,1.471448060806857,-4.494175914885812,-3.6397219404940784,-1.186826139777175,42.21453287197232,6.51,23.5059,0.8323,16.666666666666668,-0.2024000000000008,69.04761904761905,0.6298999999999992,7.936507936507937,1.6265,0.3308999999999997,30.15873015873016,-2.0013000000000005,31.349206349206348,9.126984126984128,8.333333333333334,22560.2,361677,491765441.31,92.0709,2.56528,0000-00-00,8,False,Freight & Logistics Services,Industrials,XLI,289,251,False,no roughly $5-wide put spread 25-45% OTM in current/next monthly,,,,,,,,,,,,,,,,,,,,,False,,,
2026-08-26,APP,buy-first put-tail inventory,,,True,53.522063492063495,309.52,-1.3293378813478365,-26.07948032097823,-25.556963882428494,-42.457729375711466,2.7586206896551726,9.97,53.567600000000006,-0.4450000000000003,5.158730158730159,0.3967999999999918,88.4920634920635,-0.0482000000000084,2.380952380952381,4.523599999999995,6.779200000000003,88.4920634920635,1.7214000000000027,48.80952380952381,0.7936507936507936,9.126984126984128,45106.15,353626,2208415147.28,98.625,3.22687,0000-00-00,10,False,Advertising & Marketing Services,Technology,XLK,290,257,False,one leg lacks a two-sided put quote; combined put quote widths exceed 0.10; one put leg has OI below 25,put,2026-09-18,24.0,BTO,185.0,0.999839161945724,0.0,0.1,125.0,0.0,STO,180.0,0.0,4.3,3.0,0.0,5.0,0.1,,,False,40.23003360041354,7.730033600413542,
2026-09-02,CRDO,buy-first put-tail inventory,,,True,53.481428571428566,164.66,-26.980044345898,-42.14945719003619,-29.74410743954691,-18.10274598163637,18.118466898954704,10.09,71.967,-4.114699999999999,2.380952380952381,3.272900000000007,98.41269841269842,-0.8417999999999921,4.761904761904762,8.77239999999999,13.13770000000001,92.85714285714286,5.345000000000013,66.26984126984127,1.984126984126984,8.333333333333334,25345.0,223214,915842429.66,94.6938,5.37247,0000-00-00,12,False,Semiconductors,Technology,XLK,287,252,False,one leg lacks a two-sided put quote,put,2026-09-18,17.0,BTO,95.0,0.999524942591623,0.0,0.05,70.0,4.0,STO,90.0,0.0,0.05,41.0,30.0,5.0,0.05,,,False,42.30535649216567,9.805356492165672,
2026-09-01,RCL,buy-first put-tail inventory,,,True,53.38126984126984,264.25,-9.273501339009815,-19.61243611584328,-12.035243158888488,-4.3354895067392984,33.33333333333333,11.46,37.6778,0.7466000000000008,0.7936507936507936,-0.1278999999999968,96.82539682539682,0.618700000000004,0.0,1.277700000000003,4.6357,91.26984126984128,1.4756,42.06349206349206,3.1746031746031744,7.936507936507937,4535.3,104858,415344925.98,91.0822,4.87955,0000-00-00,8,False,Travel & Tourism Services,C. Cyclical,XLY,288,252,False,spread debit outside 0.00-0.10; one leg lacks a two-sided put quote; combined put quote widths exceed 0.10,put,2026-09-18,18.0,BTO,195.0,0.9993135781042319,0.0,0.15,473.0,1.0,STO,190.0,0.0,0.3,81.0,2.0,5.0,0.15,,,False,26.206244087038787,6.293755912961213,
2026-09-02,APP,buy-first put-tail inventory,,,True,53.307142857142864,320.43,3.524812613078332,-8.112525808671723,-19.763801137023783,-38.759852194069495,4.529616724738676,9.55,52.7998,-0.4222999999999999,6.746031746031746,0.4954000000000036,89.28571428571429,0.0731000000000037,3.968253968253968,4.866800000000005,2.5153000000000105,52.38095238095238,-4.790099999999995,22.22222222222222,9.523809523809524,4.365079365079365,45768.65,354728,1985522873.62,98.2597,3.29702,0000-00-00,9,False,Advertising & Marketing Services,Technology,XLK,287,252,False,one leg lacks a two-sided put quote; combined put quote widths exceed 0.10; one put leg has OI below 25,put,2026-09-18,17.0,BTO,185.0,0.9992500336219364,0.0,0.1,124.0,0.0,STO,180.0,0.0,0.5,3.0,0.0,5.0,0.1,,,False,42.26508129700714,9.765081297007143,
2026-09-01,QUBT,buy-first put-tail inventory,,,True,53.2915873015873,7.92,-6.60377358490567,-13.062568605927549,-7.797620433537455,-29.79741362575923,12.5,4.01,69.1652,-9.415400000000004,25.396825396825395,6.52300000000001,63.492063492063494,-2.892399999999995,13.095238095238097,24.17020000000001,16.596700000000006,23.41269841269841,-13.264200000000002,10.317460317460318,3.968253968253968,0.3968253968253968,21800.85,416036,65929846.91,54.9602,11.09859,0000-00-00,9,False,Computer Hardware Manufacturing,Technology,XLK,288,252,False,no roughly $5-wide put spread 25-45% OTM in current/next monthly,,,,,,,,,,,,,,,,,,,,,False,,,
2026-08-26,XYZ,buy-first put-tail inventory,,,True,53.14888888888888,83.44,2.885326757090012,-1.568951279933939,5.406504783969734,19.250101385905506,76.89655172413794,10.74,37.43,0.6072999999999951,3.1746031746031744,-0.1511999999999957,75.39682539682539,0.4560999999999993,2.380952380952381,0.6051000000000002,2.1270000000000024,50.79365079365079,2.8297000000000025,59.92063492063492,1.984126984126984,10.317460317460318,26488.95,454235,400831919.84,96.0116,3.42363,0000-00-00,10,False,Infrastructure Software,Industrials,XLI,290,257,False,spread debit outside 0.00-0.10; one leg lacks a two-sided put quote; combined put quote widths exceed 0.10,put,2026-09-18,24.0,BTO,60.0,0.9987042889811577,0.0,0.11,1874.0,17.0,STO,55.0,0.0,0.1,3601.0,0.0,5.0,0.11,,,False,28.09204218600192,4.407957813998081,
2026-08-28,FSLR,buy-first put-tail inventory,,,True,53.07841269841269,204.57,-4.294736842105262,-18.543441904913593,-8.797962766635658,-29.13464169518193,10.76388888888889,4.62,46.0525,-0.6407999999999987,15.873015873015872,0.944899999999997,87.6984126984127,0.3040999999999982,20.634920634920636,4.6038,3.463499999999996,53.17460317460318,-4.683100000000003,13.095238095238097,10.714285714285714,1.984126984126984,27959.25,600360,536649185.6,88.8959,6.39194,0000-00-00,8,False,Solar,Technology,XLK,288,247,False,one leg lacks a two-sided put quote; combined put quote widths exceed 0.10,put,2026-09-18,22.0,BTO,120.0,0.9996539246726706,0.0,0.1,119.0,0.0,STO,115.0,0.0,0.94,180.0,0.0,5.0,0.1,,,False,41.34037248863469,8.840372488634692,
2026-09-02,NEE,buy-first put-tail inventory,,,True,53.05238095238095,82.95,-1.869158878504673,-3.981942354439172,-4.330997448826601,2.795718250129075,43.20557491289199,7.9,20.2274,0.9543999999999996,10.714285714285714,-0.1051999999999999,74.2063492063492,0.8491999999999997,9.523809523809524,2.6759999999999984,3.448400000000003,81.74603174603175,0.1070000000000028,40.476190476190474,34.92063492063492,4.365079365079365,26570.9,466327,880263304.6200001,87.1832,1.825,0000-00-00,7,False,Regulated Electric Utilities,Utilities,XLU,287,252,False,no roughly $5-wide put spread 25-45% OTM in current/next monthly,,,,,,,,,,,,,,,,,,,,,False,,,
2026-08-27,APP,buy-first put-tail inventory,,,True,53.035714285714285,312.55,0.7705700283724415,-25.35584638899503,-24.095459764643714,-45.55798911500741,2.430555555555556,11.25,53.718,-1.0881000000000045,2.380952380952381,0.7912000000000035,94.04761904761904,-0.2969000000000008,1.1904761904761905,4.501500000000007,5.477000000000004,78.17460317460318,-1.069200000000002,34.523809523809526,3.5714285714285716,5.555555555555555,45530.4,358355,2161492401.9700003,95.4639,4.82999,0000-00-00,9,False,Advertising & Marketing Services,Technology,XLK,288,256,False,spread debit outside 0.00-0.10; one leg lacks a two-sided put quote; combined put quote widths exceed 0.10; one put leg has OI below 25,put,2026-09-18,23.0,BTO,185.0,0.999870268579547,0.0,0.3,125.0,1.0,STO,180.0,0.0,0.95,3.0,0.0,5.0,0.3,,,False,40.809470484722446,8.309470484722446,
2026-08-24,OKLO,buy-first put-tail inventory,,,True,52.99095238095238,39.82,-9.045226130653273,-17.368748703050418,-15.301104361291197,-37.457288445316074,3.8062283737024223,4.39,77.0559,-5.272000000000006,13.88888888888889,4.699700000000007,90.47619047619048,-0.5722999999999985,24.20634920634921,19.301600000000008,16.783,76.19047619047619,5.216500000000011,60.31746031746032,3.1746031746031744,13.88888888888889,54599.15,623449,388502527.29,90.5345,4.99574,0000-00-00,11,False,Independent Power Production,Utilities,XLU,289,256,False,one leg lacks a two-sided put quote; combined put quote widths exceed 0.10; one put leg has OI below 25,put,2026-09-18,26.0,BTO,22.5,0.997553682147286,0.0,0.07,24.0,0.0,STO,20.0,0.0,0.49,8.0,0.0,2.5,0.07,,,False,43.49573078854847,10.995730788548471,
2026-08-25,NEE,buy-first put-tail inventory,,,True,52.974603174603175,84.47,-2.222479453640469,-4.294130976659871,-3.0192951074514585,-1.1420991726914351,36.332179930795846,10.2,20.6828,0.4945000000000021,3.1746031746031744,0.2169999999999987,89.68253968253968,0.7115000000000009,5.9523809523809526,1.8805000000000016,-0.0553000000000025,14.285714285714286,-1.6875000000000036,23.80952380952381,2.7777777777777777,7.142857142857143,16077.95,464609,907291825.0,90.7172,2.09603,0000-00-00,9,False,Regulated Electric Utilities,Utilities,XLU,289,257,False,no roughly $5-wide put spread 25-45% OTM in current/next monthly,,,,,,,,,,,,,,,,,,,,,False,,,
2026-08-24,UPST,buy-first put-tail inventory,,,True,52.93301587301587,29.95,1.387948544346651,-4.435226547543081,-2.724999188021704,7.075579934065579,54.67128027681662,7.94,60.7507,-2.272199999999991,11.904761904761903,2.1085999999999956,75.39682539682539,-0.1635999999999953,8.73015873015873,5.774400000000007,9.750800000000012,66.26984126984127,7.329099999999997,79.76190476190476,16.666666666666668,9.92063492063492,20502.2,291316,148452183.6,83.923,8.28466,0000-00-00,10,False,Credit & Lending Services,Financials,XLF,289,256,False,one leg lacks a two-sided put quote; combined put quote widths exceed 0.10,put,2026-09-18,26.0,BTO,20.0,0.9926756646959641,0.0,0.05,605.0,12.0,STO,15.0,0.0,0.25,1314.0,0.0,5.0,0.05,,,False,33.2220367278798,0.7220367278797966,
2026-08-27,RDDT,buy-first put-tail inventory,,,True,52.9315873015873,154.71,3.762575452716299,-13.191560992032317,-9.978005097231437,-4.745134250802107,34.02777777777778,4.37,56.31739999999999,-0.6340000000000003,25.0,0.4778000000000091,66.66666666666667,-0.1561999999999912,13.492063492063492,5.312700000000007,6.599300000000007,62.301587301587304,-1.1622999999999948,33.73015873015873,6.349206349206349,2.7777777777777777,66606.2,535704,1375265518.5600002,96.894,3.97908,0000-00-00,9,False,Internet Content & Media,Comm,XLC,288,256,False,one leg lacks a two-sided put quote; combined put quote widths exceed 0.10,put,2026-09-18,23.0,BTO,90.0,0.9998972025632761,0.01,0.06,642.0,0.0,STO,85.0,0.0,0.51,72.0,0.0,5.0,0.06,,,False,41.82664339732403,9.326643397324027,
2026-08-27,XYZ,buy-first put-tail inventory,,,True,52.841428571428565,85.19,6.116093672147471,0.0,7.340048333891946,16.914775556033845,74.65277777777779,10.73,37.709,0.7381999999999991,4.365079365079365,-0.2536999999999949,71.42857142857143,0.4845000000000041,2.7777777777777777,1.4953000000000003,2.027000000000001,49.20634920634921,1.5005000000000024,49.6031746031746,1.984126984126984,9.92063492063492,27704.05,456878,396268914.9,92.6767,5.75054,0000-00-00,10,False,Infrastructure Software,Industrials,XLI,288,256,False,spread debit outside 0.00-0.10; one leg lacks a two-sided put quote; combined put quote widths exceed 0.10,put,2026-09-18,23.0,BTO,62.5,0.9996556072813796,0.01,0.12,834.0,0.0,STO,60.0,0.0,0.05,1877.0,10.0,2.5,0.12,,,False,26.63458152365301,5.8654184763469885,
2026-09-01,GAP,buy-first put-tail inventory,,,True,52.80936507936508,21.97,9.357889497262306,-6.271331058020491,9.008454729488346,7.596540494355064,58.68055555555556,7.27,33.1113,1.192299999999996,8.333333333333334,0.6779000000000011,78.96825396825396,1.870199999999997,16.26984126984127,3.792499999999997,6.377899999999997,65.47619047619048,2.008500000000005,49.6031746031746,22.61904761904762,2.380952380952381,18164.4,234388,177160006.54,87.8213,3.76982,0000-00-00,11,False,Apparel Retail Stores,C. Cyclical,XLY,288,252,False,no roughly $5-wide put spread 25-45% OTM in current/next monthly,,,,,,,,,,,,,,,,,,,,,False,,,
2026-08-26,ALB,buy-first put-tail inventory,,,True,52.78873015873016,134.62,0.1935099732063072,-5.87988533874012,2.840449863943806,-21.941132354752114,13.79310344827586,2.37,47.5735,-0.4649000000000001,26.19047619047619,0.7838999999999956,67.46031746031746,0.3189999999999955,23.015873015873016,4.452399999999997,2.560200000000002,37.301587301587304,0.6544000000000025,50.3968253968254,16.666666666666668,9.92063492063492,5966.7,197517,309618595.34000003,92.0166,6.13664,0000-00-00,10,False,Specialized Chemicals,Materials,XLB,290,257,False,spread debit outside 0.00-0.10; one leg lacks a two-sided put quote; combined put quote widths exceed 0.10; one put leg has OI below 25,put,2026-10-16,52.0,BTO,75.0,0.9972127092839386,0.0,0.4,41.0,0.0,STO,70.0,0.0,0.57,1.0,0.0,5.0,0.4,,,False,44.28762442430545,11.787624424305449,
2026-08-24,AAP,buy-first put-tail inventory,,,True,52.69682539682539,43.31,-23.250044302675875,-27.35659174773565,-22.945814771061357,-22.321159704879356,13.84083044982699,7.7,47.5931,0.3706999999999993,13.095238095238097,1.5484000000000009,68.25396825396825,1.9191000000000005,9.92063492063492,11.114500000000008,8.880800000000008,37.301587301587304,-0.0012000000000043,46.03174603174603,24.20634920634921,14.285714285714286,8977.85,83246,95781836.48,90.2541,8.65602,0000-00-00,10,False,Automotive Parts & Components,C. Cyclical,XLY,289,256,False,one leg lacks a two-sided put quote; one put leg has OI below 25,put,2026-09-18,26.0,BTO,27.5,0.9972249107712379,0.0,0.05,13.0,0.0,STO,22.5,0.0,0.05,74.0,1.0,5.0,0.05,,,False,36.5042715308243,4.0042715308242975,
2026-08-31,AFRM,buy-first put-tail inventory,,,True,52.62396825396825,74.78,-2.7694708100376997,-5.497282952104121,-3.2452560675497732,6.638601750923689,58.47750865051903,10.63,51.4626,0.486300000000007,4.761904761904762,-0.0296000000000091,90.47619047619048,0.4566999999999979,3.968253968253968,0.2147000000000005,2.6818999999999917,77.77777777777777,4.356799999999993,68.65079365079364,10.714285714285714,5.9523809523809526,18382.0,226010,334098406.08000004,92.8992,6.23562,0000-00-00,9,False,Credit & Lending Services,Industrials,XLI,289,251,False,one leg lacks a two-sided put quote; combined put quote widths exceed 0.10,put,2026-09-18,19.0,BTO,50.0,0.999519532378731,0.0,0.1,842.0,0.0,STO,45.0,0.0,0.26,227.0,0.0,5.0,0.1,,,False,33.13720246055095,0.6372024605509523,
2026-09-02,VST,buy-first put-tail inventory,,,True,52.513174603174605,143.88,2.3765476021061716,-3.260942647750953,-4.3153841549787515,-1.3943587641326758,33.79790940766551,7.09,41.5807,0.6902000000000044,17.857142857142858,-0.0878000000000014,67.46031746031746,0.6024000000000029,9.126984126984128,-0.091000000000001,2.123199999999997,54.76190476190476,0.2793999999999954,39.68253968253968,22.22222222222222,1.984126984126984,36616.55,533856,628620936.8000001,93.8489,2.64209,0000-00-00,9,False,Independent Power Production,Utilities,XLU,287,252,False,spread debit outside 0.00-0.10; one leg lacks a two-sided put quote; combined put quote widths exceed 0.10,put,2026-09-18,17.0,BTO,95.0,0.9984152103603936,0.0,0.12,192.0,0.0,STO,90.0,0.0,2.13,51.0,0.0,5.0,0.12,,,False,33.9727550736725,1.4727550736725021,
2026-09-02,UPST,buy-first put-tail inventory,,,True,52.44746031746031,28.17,-7.1522742254449545,-10.114869176770892,-7.487684729064037,-2.267320847837129,32.40418118466899,7.87,60.30029999999999,-1.726300000000002,16.666666666666668,1.2491000000000057,56.74603174603175,-0.4771999999999963,6.746031746031746,4.9405,7.5105,53.96825396825397,-1.8296999999999952,42.06349206349206,19.444444444444443,2.380952380952381,16082.65,310414,131648994.18,91.738,5.5144,0000-00-00,8,False,Credit & Lending Services,Financials,XLF,287,252,False,spread debit outside 0.00-0.10; one leg lacks a two-sided put quote; combined put quote widths exceed 0.10,put,2026-10-16,45.0,BTO,20.0,0.9487942104471285,0.12,0.17,550.0,3.0,STO,15.0,0.0,0.2,564.0,0.0,5.0,0.17,,,False,29.00248491302805,3.4975150869719513,
2026-09-02,AXP,buy-first put-tail inventory,,,True,52.4420634920635,330.13,-2.056013766095055,-4.137870956501544,-3.519226306785095,14.540835925937056,67.59581881533101,11.05,22.7518,0.894400000000001,2.7777777777777777,-0.1870000000000011,93.25396825396824,0.7073999999999998,4.761904761904762,0.0564,0.1906999999999996,50.79365079365079,-0.2866999999999997,26.984126984126984,6.349206349206349,7.142857142857143,13961.8,252527,742698217.65,95.3601,1.55827,0000-00-00,7,False,Credit & Lending Services,Financials,XLF,287,252,False,spread debit outside 0.00-0.10; one leg lacks a two-sided put quote; combined put quote widths exceed 0.10; one put leg has OI below 25,put,2026-10-16,45.0,BTO,195.0,0.9989512227893499,0.0,0.85,45.0,0.0,STO,190.0,0.0,2.13,7.0,0.0,5.0,0.85,,,False,40.93235997940206,8.432359979402058,
2026-08-25,RGTI,buy-first put-tail inventory,,,True,52.371904761904766,16.84,-5.2335396736072015,-10.805084745762706,-2.3869972988325827,-29.36958925723753,7.612456747404845,2.39,76.7944,-6.017299999999992,29.761904761904763,4.263599999999997,52.77777777777778,-1.753699999999995,21.428571428571427,11.599000000000004,17.2179,31.746031746031747,7.592799999999997,61.111111111111114,7.5396825396825395,7.5396825396825395,57422.7,640809,329401576.27000004,88.5349,6.39602,0000-00-00,11,False,Computer Hardware Manufacturing,Technology,XLK,289,257,False,one leg lacks a two-sided put quote,put,2026-09-18,25.0,BTO,12.0,0.9659390453476271,0.04,0.07,2707.0,29.0,STO,8.0,0.0,0.03,1460.0,0.0,4.0,0.07,,,False,28.74109263657957,3.7589073634204304,
2026-08-27,UPS,buy-first put-tail inventory,,,True,52.366666666666674,105.89,3.3577354807222903,-2.8799413005594743,-2.02645813016632,1.4929183074502306,44.79166666666667,9.3,23.9139,0.6928999999999981,12.698412698412698,-0.1535999999999973,71.03174603174604,0.5393000000000008,3.968253968253968,0.7978000000000023,2.2301,64.68253968253968,1.4512,66.66666666666667,9.92063492063492,13.88888888888889,23284.95,376926,527474317.7000001,88.8237,2.65156,0000-00-00,8,False,Freight & Logistics Services,Industrials,XLI,288,256,False,one leg lacks a two-sided put quote; combined put quote widths exceed 0.10,put,2026-10-16,51.0,BTO,75.0,0.9997664640084494,0.0,0.08,137.0,0.0,STO,70.0,0.0,0.66,113.0,0.0,5.0,0.08,,,False,29.171782037963922,3.328217962036078,
2026-08-24,XYZ,buy-first put-tail inventory,,,True,52.32460317460317,81.5,1.582949021562996,-3.857496755927803,3.5320301424295764,21.62241641047189,80.96885813148789,10.85,37.6716,0.8031999999999968,4.761904761904762,-0.0653999999999968,78.57142857142857,0.7378,4.365079365079365,2.337200000000003,3.954999999999991,71.42857142857143,4.410999999999994,73.01587301587301,3.5714285714285716,16.26984126984127,28302.4,443257,399997356.72,96.2883,3.62818,0000-00-00,11,False,Infrastructure Software,Industrials,XLI,289,256,False,one leg lacks a two-sided put quote; combined put quote widths exceed 0.10,put,2026-09-18,26.0,BTO,60.0,0.9968415372038801,0.02,0.04,1854.0,21.0,STO,55.0,0.0,0.1,3642.0,1.0,5.0,0.04,,,False,26.38036809815951,6.1196319018404886,
2026-08-25,ETSY,buy-first put-tail inventory,,,True,52.320793650793654,85.07,6.125249500997998,-2.072061701392902,6.040586358197042,34.973839628920004,90.3114186851211,6.33,43.1978,-0.2528000000000006,16.26984126984127,0.8327999999999989,65.07936507936508,0.5799999999999983,15.476190476190476,6.842199999999991,8.211499999999994,53.57142857142857,3.713000000000001,59.523809523809526,21.03174603174603,11.904761904761903,9231.3,152352,277696020.24,87.6939,5.45779,0000-00-00,10,False,E-commerce & Internet Retail,C. Cyclical,XLY,289,257,False,spread debit outside 0.00-0.10; combined put quote widths exceed 0.10; one put leg has OI below 25,put,2026-10-16,53.0,BTO,57.5,0.9873331184105429,0.01,0.2,23.0,0.0,STO,55.0,0.03,0.18,153.0,0.0,2.5,0.17,,,False,32.408604678500055,0.09139532149994523,
2026-08-24,TEVA,buy-first put-tail inventory,,,True,52.26539682539682,36.95,1.3161502604880804,-1.1238961734011066,8.999622409968389,9.541627751971916,62.9757785467128,9.56,31.9837,0.6875,12.301587301587302,-0.0940000000000012,46.42857142857143,0.5934999999999988,3.5714285714285716,0.9771999999999964,6.380100000000006,71.42857142857143,6.557200000000009,80.55555555555556,53.57142857142857,21.428571428571427,9764.5,371816,222367840.12000003,81.3694,5.25398,0000-00-00,10,False,Specialty & Generic Pharmaceuticals,Healthcare,XLV,289,256,False,no roughly $5-wide put spread 25-45% OTM in current/next monthly,,,,,,,,,,,,,,,,,,,,,False,,,
2026-09-01,UPS,buy-first put-tail inventory,,,True,52.26079365079365,102.56,-2.786729857819903,-4.993052339045856,-5.01417007798175,-1.076315843127074,40.625,6.39,23.5119,1.1450999999999991,23.41269841269841,-0.5027000000000008,51.98412698412698,0.6423999999999985,8.333333333333334,0.1991999999999976,-0.2900999999999989,21.825396825396822,-0.9173999999999972,42.06349206349206,0.7936507936507936,9.126984126984128,23061.6,365455,483745501.05,93.8547,2.52599,0000-00-00,8,False,Freight & Logistics Services,Industrials,XLI,288,252,False,spread debit outside 0.00-0.10; one leg lacks a two-sided put quote; combined put quote widths exceed 0.10,put,2026-10-16,46.0,BTO,75.0,0.9997112189895853,0.0,0.24,137.0,50.0,STO,70.0,0.0,0.09,113.0,0.0,5.0,0.24,,,False,26.87207488299532,5.627925117004679,
2026-08-31,SOFI,buy-first put-tail inventory,,,True,52.117936507936506,17.87,-2.6688453159041337,-6.537656903765687,0.1984905745012533,-0.1478634641514431,43.59861591695502,9.39,46.9495,-1.305499999999995,7.936507936507937,1.6180999999999983,85.71428571428571,0.3126000000000033,9.523809523809524,10.720600000000005,12.0158,78.57142857142857,0.2553999999999945,45.63492063492063,13.88888888888889,5.9523809523809526,312394.45,3805015,867928563.5999999,95.3106,1.42812,0000-00-00,8,False,Credit & Lending Services,Financials,XLF,289,251,False,one leg lacks a two-sided put quote,put,2026-09-18,19.0,BTO,12.0,0.9982298012538229,0.01,0.02,10734.0,5.0,STO,7.0,0.0,0.02,1760.0,0.0,5.0,0.02,,,False,32.84834918858422,0.3483491885842227,
2026-09-02,FSLR,buy-first put-tail inventory,,,True,52.0647619047619,202.44,-1.875817943870872,-19.391574420641867,-8.393215921226494,-31.506676107718636,9.75609756097561,4.84,47.0444,0.0367999999999995,24.20634920634921,0.0528000000000048,64.28571428571429,0.0896000000000043,16.26984126984127,0.1970999999999989,3.2280999999999977,51.98412698412698,0.503700000000002,35.317460317460316,1.5873015873015872,4.365079365079365,27376.85,632558,462800080.05,95.4643,3.84182,0000-00-00,8,False,Solar,Technology,XLK,287,252,False,spread debit outside 0.00-0.10; one leg lacks a two-sided put quote; combined put quote widths exceed 0.10,put,2026-09-18,17.0,BTO,150.0,0.999166322530205,0.0,0.14,471.0,0.0,STO,145.0,0.0,0.25,82.0,0.0,5.0,0.14,,,False,25.90397154712507,6.596028452874929,
2026-08-28,AXP,buy-first put-tail inventory,,,True,52.03888888888888,333.32,-0.6379300065581517,-4.602175157412702,-2.7377689797328686,8.316820455469898,62.84722222222222,11.85,22.8107,0.911999999999999,2.7777777777777777,-0.2600999999999978,91.66666666666669,0.6519000000000013,2.7777777777777777,0.6747000000000014,1.5212000000000003,80.95238095238095,-0.7219000000000015,24.603174603174605,6.349206349206349,4.761904761904762,12994.05,253548,782353770.8000001,97.2349,2.07921,0000-00-00,8,False,Credit & Lending Services,Financials,XLF,288,247,False,spread debit outside 0.00-0.10; one leg lacks a two-sided put quote; combined put quote widths exceed 0.10; one put leg has OI below 25,put,2026-10-16,50.0,BTO,190.0,0.9979065444901573,0.0,0.39,7.0,0.0,STO,185.0,0.0,1.29,11.0,0.0,5.0,0.39,,,False,42.99771990879635,10.497719908796348,
2026-09-01,SMR,buy-first put-tail inventory,,,True,51.99904761904762,9.16,-6.0512820512820475,-7.287449392712553,0.2232045166090435,-30.5947726766321,11.805555555555555,0.62,75.3634,-3.7676000000000016,38.492063492063494,2.915999999999997,49.20634920634921,-0.8516000000000048,23.41269841269841,16.016400000000004,11.693700000000009,28.174603174603178,-7.392499999999998,21.428571428571427,37.301587301587304,0.3968253968253968,45465.1,496067,311827013.19,86.6462,5.04027,0000-00-00,9,False,Specialized Industrial Equipment,Industrials,XLI,288,252,False,spread debit outside 0.00-0.10; one leg lacks a two-sided put quote; combined put quote widths exceed 0.10; one put leg has OI below 25,put,2026-10-16,46.0,BTO,6.0,0.9545332306860633,0.01,0.14,90.0,1.0,STO,3.0,0.0,0.09,1.0,0.0,3.0,0.14,,,False,34.49781659388647,1.9978165938864691,
2026-08-24,UPS,buy-first put-tail inventory,,,True,51.94825396825397,102.62,0.4601076847772889,-5.8791158396771515,-5.221761866675045,3.1334469851953983,46.02076124567474,7.02,23.5054,0.994699999999998,19.047619047619047,-0.2333999999999996,65.47619047619048,0.7612999999999985,11.11111111111111,0.6037999999999997,-0.3923000000000023,20.238095238095237,-0.3191000000000024,49.20634920634921,17.857142857142858,15.873015873015872,23195.05,340386,551711496.0600001,94.7716,3.01885,0000-00-00,9,False,Freight & Logistics Services,Industrials,XLI,289,256,False,one leg lacks a two-sided put quote; combined put quote widths exceed 0.10,put,2026-10-16,54.0,BTO,75.0,0.9989204111238583,0.0,0.1,137.0,0.0,STO,70.0,0.0,0.09,113.0,0.0,5.0,0.1,,,False,26.914831416877803,5.585168583122197,
2026-08-28,TGT,buy-first put-tail inventory,,,True,51.92428571428571,162.8,-1.494524112059059,-3.9187913125590113,12.887478642909445,31.365307469665115,90.2777777777778,3.79,27.5563,1.1570000000000036,28.174603174603178,-0.4004000000000012,58.333333333333336,0.7566000000000024,18.253968253968253,1.9216999999999975,1.6842999999999968,54.36507936507937,-2.035399999999999,27.38095238095238,19.84126984126984,0.3968253968253968,35714.65,462797,793361440.86,96.6568,2.48051,0000-00-00,11,False,Discount Retail,C. Defensive,XLP,288,247,False,spread debit outside 0.00-0.10; one leg lacks a two-sided put quote; combined put quote widths exceed 0.10,put,2026-10-16,50.0,BTO,110.0,0.9991563592571817,0.0,0.11,368.0,1.0,STO,105.0,0.0,0.26,594.0,0.0,5.0,0.11,,,False,32.432432432432435,0.06756756756756488,
2026-08-24,ALB,buy-first put-tail inventory,,,True,51.91047619047619,141.73,5.508821558847599,-0.9089002307208328,7.092447235831578,-16.02901623252382,18.685121107266436,9.28,49.3495,-1.3612000000000035,12.301587301587302,0.8316000000000017,69.84126984126983,-0.5296000000000021,6.746031746031746,4.420300000000005,3.4768000000000043,47.22222222222222,2.633499999999998,65.47619047619048,18.253968253968253,15.07936507936508,5712.45,190325,330196980.0,95.4792,9.27461,0000-00-00,10,False,Specialized Chemicals,Materials,XLB,289,256,False,combined put quote widths exceed 0.10,put,2026-09-18,26.0,BTO,105.0,0.9878943442593723,0.1,0.13,442.0,32.0,STO,100.0,0.05,0.13,801.0,5.0,5.0,0.08,,,False,25.915473082621876,6.584526917378124,
2026-09-01,ETSY,buy-first put-tail inventory,,,True,51.90968253968254,82.12,-3.4677324556247613,-4.500523316664717,1.1938209170043068,23.6067070723725,85.06944444444444,5.63,42.573899999999995,0.2394999999999996,23.41269841269841,0.2562000000000068,41.26984126984127,0.4957000000000064,13.88888888888889,6.545200000000001,3.110500000000002,15.476190476190476,-2.7346999999999966,32.93650793650794,37.301587301587304,6.746031746031746,11427.4,193878,264738828.27,89.3455,4.61447,0000-00-00,9,False,E-commerce & Internet Retail,C. Cyclical,XLY,288,252,False,one leg lacks a two-sided put quote; combined put quote widths exceed 0.10,put,2026-09-18,18.0,BTO,60.0,0.9997953379972273,0.0,0.01,687.0,53.0,STO,57.5,0.0,2.13,52.0,0.0,2.5,0.01,,,False,26.936190940087677,5.563809059912323,
2026-08-25,XYZ,buy-first put-tail inventory,,,True,51.87079365079365,82.23,2.916145181476848,-2.996343045888872,4.123403263875547,21.769130426086058,80.27681660899654,11.78,37.7614,0.7761999999999958,4.365079365079365,-0.1537000000000006,75.39682539682539,0.6224999999999952,2.380952380952381,0.9614999999999938,1.2653999999999996,40.07936507936508,1.8181000000000012,51.98412698412698,3.1746031746031744,12.301587301587302,26518.25,450466,399584426.28,97.7883,3.65481,0000-00-00,10,False,Infrastructure Software,Industrials,XLI,289,257,False,spread debit outside 0.00-0.10; one leg lacks a two-sided put quote; combined put quote widths exceed 0.10,put,2026-09-18,25.0,BTO,60.0,0.9995617313718113,0.01,0.12,1874.0,1.0,STO,55.0,0.0,0.11,3641.0,40.0,5.0,0.12,,,False,27.033929222911347,5.466070777088653,
2026-08-27,TEVA,buy-first put-tail inventory,,,True,51.86079365079365,37.76,2.748299319727887,-0.4481940416556806,10.587849394344072,11.423873167947242,69.09722222222221,6.79,30.2701,0.8099999999999987,14.285714285714286,0.968700000000002,78.96825396825396,1.7787000000000006,17.46031746031746,3.7753000000000014,7.060799999999997,75.0,3.736699999999999,71.42857142857143,42.46031746031746,9.92063492063492,6730.5,391365,225719937.6,86.0313,4.58554,0000-00-00,9,False,Specialty & Generic Pharmaceuticals,Healthcare,XLV,288,256,False,no roughly $5-wide put spread 25-45% OTM in current/next monthly,,,,,,,,,,,,,,,,,,,,,False,,,
2026-08-27,IREN,buy-first put-tail inventory,,,True,51.797777777777775,40.53,-4.522968197879862,-9.83314794215796,-3.557865280831507,-34.99578458654384,6.25,5.98,95.374,-4.167200000000008,17.063492063492063,3.943100000000001,83.73015873015873,-0.224100000000007,19.047619047619047,14.682999999999993,17.266999999999996,82.93650793650794,27.265,96.03174603174604,0.0,67.46031746031746,259138.65,2495755,1818203993.94,94.658,6.59114,0000-00-00,13,False,Investment Banking & Brokerage,Financials,XLF,288,256,False,spread debit outside 0.00-0.10; combined put quote widths exceed 0.10,put,2026-09-18,23.0,BTO,24.0,0.9818983374666801,0.06,0.14,377.0,0.0,STO,19.0,0.02,0.05,1407.0,2.0,5.0,0.12000000000000001,,,False,40.784603997039234,8.284603997039234,
2026-08-31,NEE,buy-first put-tail inventory,,,True,51.77190476190477,82.26,-2.2227505051705565,-5.6218448829738366,-5.28322916714642,1.8308263226538448,47.05882352941176,7.99,20.6946,1.1312999999999995,13.492063492063492,-0.1412999999999975,71.82539682539682,0.990000000000002,12.698412698412698,0.9413000000000018,0.6609000000000016,26.58730158730159,0.0718999999999994,39.68253968253968,4.365079365079365,8.333333333333334,26858.85,452479,868058138.64,86.86,2.63069,0000-00-00,8,False,Regulated Electric Utilities,Utilities,XLU,289,251,False,no roughly $5-wide put spread 25-45% OTM in current/next monthly,,,,,,,,,,,,,,,,,,,,,False,,,
2026-08-28,SBUX,buy-first put-tail inventory,,,True,51.750476190476185,108.06,1.0851262862488165,-0.8623853211009114,2.8406322329150857,11.950170096370485,70.13888888888889,9.44,25.1837,0.9425999999999988,8.333333333333334,-0.0002999999999993,83.73015873015873,0.9422999999999996,10.714285714285714,8.355300000000003,1.2194000000000005,43.65079365079365,-8.615400000000001,10.714285714285714,3.1746031746031744,2.7777777777777777,18881.45,479597,782817266.9000001,80.6522,3.65795,0000-00-00,8,False,Restaurants,C. Cyclical,XLY,288,247,False,one leg lacks a two-sided put quote; combined put quote widths exceed 0.10,put,2026-10-16,50.0,BTO,70.0,0.9999474341641863,0.0,0.09,348.0,0.0,STO,65.0,0.01,0.08,237.0,1.0,5.0,0.08,,,False,35.22117342217287,2.7211734221728676,
2026-09-01,APP,buy-first put-tail inventory,,,True,51.735238095238095,312.34,0.930653396238612,-25.405999235766153,-22.365667301315884,-43.28143432397785,3.4722222222222223,11.36,53.677699999999994,-0.646099999999997,5.158730158730159,0.8043000000000049,94.04761904761904,0.1582000000000079,4.365079365079365,5.945799999999998,3.810299999999998,63.888888888888886,-3.8459999999999894,25.79365079365079,12.698412698412698,7.5396825396825395,48129.95,350720,1997717934.66,98.0174,3.98984,0000-00-00,9,False,Advertising & Marketing Services,Technology,XLK,288,252,False,one leg lacks a two-sided put quote; combined put quote widths exceed 0.10,put,2026-09-18,18.0,BTO,200.0,0.9998394203866717,0.0,0.1,55.0,3.0,STO,195.0,0.0,0.35,68.0,1.0,5.0,0.1,,,False,35.967215214189665,3.4672152141896646,
2026-08-26,UPS,buy-first put-tail inventory,,,True,51.672380952380955,105.92,3.2459304025733493,-2.852425937815284,-2.0782486502477493,3.5608746418536397,46.55172413793103,9.28,23.8408,0.7860999999999976,15.07936507936508,-0.2010000000000005,68.65079365079364,0.5850999999999971,5.158730158730159,1.452300000000001,2.0661000000000023,62.698412698412696,0.8946000000000005,60.714285714285715,6.349206349206349,15.476190476190476,24498.45,363579,573306550.88,93.667,2.05163,0000-00-00,8,False,Freight & Logistics Services,Industrials,XLI,290,257,False,no roughly $5-wide put spread 25-45% OTM in current/next monthly,,,,,,,,,,,,,,,,,,,,,False,,,
2026-08-24,RDDT,buy-first put-tail inventory,,,True,51.59936507936507,151.86,-8.202865260230908,-15.867036011080328,-12.12476824687002,8.79823179132404,60.207612456747405,8.48,57.7665,-1.4096999999999935,15.873015873015872,0.950799999999994,72.22222222222223,-0.4588999999999998,8.73015873015873,3.2746999999999957,5.922699999999992,57.93650793650794,3.623100000000001,62.698412698412696,11.904761904761903,9.523809523809524,65789.65,499705,1350527054.75,98.9532,4.18737,0000-00-00,9,False,Internet Content & Media,Comm,XLC,289,256,False,one leg lacks a two-sided put quote; combined put quote widths exceed 0.10,put,2026-09-18,26.0,BTO,90.0,0.9984437223592515,0.0,0.06,647.0,1.0,STO,85.0,0.0,0.56,72.0,0.0,5.0,0.06,,,False,40.734887396286055,8.234887396286055,
2026-08-25,APP,buy-first put-tail inventory,,,True,51.57285714285714,309.46,0.0840879689521401,-26.093809705769974,-26.32360853851905,-36.18132371852758,4.1522491349480966,10.57,53.566599999999994,-0.2697000000000074,6.349206349206349,0.7550000000000097,93.65079365079364,0.4853000000000023,7.936507936507937,4.565600000000003,3.360500000000002,58.73015873015873,0.6079000000000008,40.87301587301587,1.5873015873015872,17.857142857142858,45089.8,348190,2139932423.2799995,98.9611,4.05641,0000-00-00,10,False,Advertising & Marketing Services,Technology,XLK,289,257,False,combined put quote widths exceed 0.10,put,2026-09-18,25.0,BTO,200.0,0.9979982746105536,0.05,0.15,62.0,0.0,STO,195.0,0.05,0.15,65.0,2.0,5.0,0.09999999999999999,,,False,35.37129192787436,2.87129192787436,
2026-08-27,UPST,buy-first put-tail inventory,,,True,51.50714285714285,30.32,5.534284719805083,-3.254626675175498,-1.212685959299098,-4.252407834328953,34.72222222222222,6.35,59.1576,-1.4142999999999972,18.253968253968253,1.8574999999999944,71.03174603174604,0.4431999999999974,17.46031746031746,7.296599999999998,7.559899999999992,53.96825396825397,1.941999999999993,57.53968253968254,7.142857142857143,5.555555555555555,19644.8,310846,146958089.73999998,87.8713,8.43571,0000-00-00,9,False,Credit & Lending Services,Financials,XLF,288,256,False,one leg lacks a two-sided put quote; combined put quote widths exceed 0.10,put,2026-09-18,23.0,BTO,22.5,0.9782219051243992,0.01,0.08,2630.0,14.0,STO,17.5,0.0,2.13,820.0,0.0,5.0,0.08,,,False,25.79155672823219,6.708443271767809,
2026-08-26,OKLO,buy-first put-tail inventory,,,True,51.40968253968254,41.25,-3.508771929824561,-14.401328076364385,-11.017826634683423,-36.50454273331032,5.517241379310345,6.13,78.8525,-3.983700000000013,24.603174603174605,2.5493000000000023,59.12698412698413,-1.4344000000000108,12.698412698412698,14.249399999999994,14.808599999999998,70.63492063492063,3.9542,53.96825396825397,0.0,11.11111111111111,58002.05,665733,415785743.61,92.1145,4.31654,0000-00-00,10,False,Independent Power Production,Utilities,XLU,290,257,False,one leg lacks a two-sided put quote; one put leg has OI below 25,put,2026-09-18,24.0,BTO,25.0,0.9932612527739324,0.02,0.06,11309.0,0.0,STO,20.0,0.0,0.05,8.0,0.0,5.0,0.06,,,False,39.39393939393939,6.893939393939391,
2026-09-01,BILI,buy-first put-tail inventory,,,True,51.376666666666665,15.82,-4.468599033816412,-16.51715039577836,-9.8729561898251,-10.095195760064149,26.041666666666668,5.29,42.808600000000006,-2.9583000000000013,26.19047619047619,2.362399999999994,46.42857142857143,-0.5959000000000074,15.476190476190476,10.06989999999999,8.343499999999999,25.396825396825395,-2.8795999999999964,36.507936507936506,15.873015873015872,5.555555555555555,6921.75,181128,44142171.2,56.3654,4.81797,0000-00-00,10,False,Internet Content & Media,Comm,XLC,288,252,False,no roughly $5-wide put spread 25-45% OTM in current/next monthly,,,,,,,,,,,,,,,,,,,,,False,,,
2026-08-25,SEDG,buy-first put-tail inventory,,,True,51.35301587301588,30.06,0.5351170568561825,-37.995049504950494,-33.68454492508075,-54.70584297595256,0.6920415224913495,9.52,79.0825,-3.6648999999999887,9.523809523809524,2.7226,88.0952380952381,-0.9422999999999888,11.11111111111111,9.13770000000001,7.610199999999992,58.73015873015873,-4.714100000000002,28.96825396825397,5.9523809523809526,5.555555555555555,11881.25,260009,113923779.09,94.7187,7.31914,0000-00-00,10,False,Solar,Technology,XLK,289,257,False,one leg lacks a two-sided put quote; combined put quote widths exceed 0.10,put,2026-09-18,25.0,BTO,17.5,0.9946360148598852,0.0,0.09,60.0,0.0,STO,15.0,0.01,0.08,41.0,0.0,2.5,0.08,,,False,41.78310046573519,9.283100465735188,
2026-08-26,RCL,buy-first put-tail inventory,,,True,51.257936507936506,291.29,-3.2098355208506346,-11.386590411292286,-3.950021960687067,7.732840282501363,57.58620689655173,10.25,36.9843,2.9179999999999993,10.317460317460318,-1.1347999999999985,69.04761904761905,1.7832000000000008,7.142857142857143,3.3541000000000025,1.8735,68.25396825396825,-0.250399999999999,30.15873015873016,5.555555555555555,17.857142857142858,2746.65,97365,505771016.46,90.4277,5.26701,0000-00-00,8,False,Travel & Tourism Services,C. Cyclical,XLY,290,257,False,spread debit outside 0.00-0.10; one leg lacks a two-sided put quote; combined put quote widths exceed 0.10; one put leg has OI below 25,put,2026-10-16,52.0,BTO,200.0,0.9942528721124307,0.05,0.5,3.0,0.0,STO,195.0,0.0,1.45,0.0,0.0,5.0,0.5,,,False,31.3399018160596,1.1600981839403985,
2026-08-31,TEVA,buy-first put-tail inventory,,,True,51.25079365079365,36.05,-2.43572395128554,-4.956498813604016,5.040180418529028,7.722148172053178,62.629757785467135,7.4,31.3516,0.2608999999999994,8.333333333333334,1.7026000000000003,90.87301587301587,1.9635,23.41269841269841,7.644799999999993,5.771200000000007,65.07936507936508,-1.0248999999999882,42.857142857142854,32.53968253968254,17.063492063492063,6694.65,388703,184530520.2,86.5525,4.47092,0000-00-00,9,False,Specialty & Generic Pharmaceuticals,Healthcare,XLV,289,251,False,no roughly $5-wide put spread 25-45% OTM in current/next monthly,,,,,,,,,,,,,,,,,,,,,False,,,
2026-08-28,CCJ,buy-first put-tail inventory,,,True,51.22952380952381,100.02,-2.0851688693098502,-7.294466586337944,3.996190341517591,-8.633354126084912,27.083333333333332,12.58,44.473,-2.856900000000003,3.1746031746031744,1.5909000000000049,88.0952380952381,-1.2659999999999982,2.7777777777777777,5.499600000000001,7.214799999999997,68.25396825396825,-0.6018000000000043,20.634920634920636,3.1746031746031744,3.968253968253968,25994.0,428120,314244917.42,95.0011,6.01136,0000-00-00,9,False,Uranium,Energy,XLE,288,247,False,one leg lacks a two-sided put quote,put,2026-09-18,22.0,BTO,75.0,0.9974241261213198,0.0,0.06,3256.0,4.0,STO,70.0,0.01,0.05,1231.0,1.0,5.0,0.049999999999999996,,,False,25.01499700059988,7.48500299940012,
2026-09-01,CART,buy-first put-tail inventory,,,True,51.19634920634921,50.0,-2.8560326403730296,-3.081992634231445,5.118426419203881,27.34403180217676,88.88888888888889,8.01,34.6215,1.152799999999992,14.682539682539682,0.7406000000000077,57.53968253968254,1.8933999999999995,14.285714285714286,4.002500000000005,7.794399999999996,59.12698412698413,2.853799999999993,59.12698412698413,16.666666666666668,8.73015873015873,5473.65,105632,222610469.16000003,80.5883,5.0199,0000-00-00,9,False,E-commerce & Internet Retail,C. Defensive,XLP,288,252,False,spread debit outside 0.00-0.10; one leg lacks a two-sided put quote; combined put quote widths exceed 0.10; one put leg has OI below 25,put,2026-10-16,46.0,BTO,34.0,0.9980085851250982,0.0,0.2,10.0,0.0,STO,29.0,0.0,0.15,2.0,0.0,5.0,0.2,,,False,31.999999999999996,0.5000000000000036,
2026-09-01,AFRM,buy-first put-tail inventory,,,True,51.093968253968264,70.38,-9.12846998063268,-11.05775306457728,-8.902166259371269,4.7705683270167665,52.083333333333336,12.16,52.074200000000005,0.4746999999999985,4.761904761904762,-0.0503000000000071,89.28571428571429,0.4243999999999914,3.968253968253968,2.786199999999994,1.4191000000000005,64.28571428571429,-1.5137999999999965,37.301587301587304,2.380952380952381,4.365079365079365,19314.3,234884,352338421.95,95.5002,5.22226,0000-00-00,9,False,Credit & Lending Services,Industrials,XLI,288,252,False,one leg lacks a two-sided put quote; combined put quote widths exceed 0.10,put,2026-09-18,18.0,BTO,42.5,0.9994353427347274,0.0,0.05,1286.0,0.0,STO,37.5,0.0,0.37,715.0,0.0,5.0,0.05,,,False,39.61352657004831,7.1135265700483075,
2026-08-25,TGT,buy-first put-tail inventory,,,True,51.009206349206345,163.13,6.523442601541074,-3.724032105760155,14.655975844439515,32.82059365042329,88.92733564013841,10.34,29.1472,0.2635000000000005,11.507936507936508,0.1496999999999957,84.92063492063492,0.4131999999999962,6.746031746031746,1.7851,1.866299999999999,56.34920634920635,-0.1250999999999997,37.698412698412696,45.63492063492063,9.92063492063492,37626.5,441705,774526980.9899999,98.2656,2.39202,0000-00-00,12,False,Discount Retail,C. Defensive,XLP,289,257,False,one leg lacks a two-sided put quote; combined put quote widths exceed 0.10,put,2026-09-18,25.0,BTO,120.0,0.9998987942403594,0.0,0.04,5743.0,23.0,STO,115.0,0.0,0.08,1169.0,2.0,5.0,0.04,,,False,26.4390363513762,6.060963648623801,
2026-08-25,SBUX,buy-first put-tail inventory,,,True,50.98968253968254,105.43,-0.9209660746170356,-3.2752293577981595,0.7491925157196766,6.6777590987452395,51.21107266435986,11.55,26.257,0.944399999999998,8.333333333333334,-0.2200999999999986,72.22222222222223,0.7242999999999995,3.968253968253968,3.055299999999999,3.3744999999999976,74.2063492063492,1.0723999999999982,50.79365079365079,5.555555555555555,13.492063492063492,23196.2,458915,819686815.4699999,89.6416,2.56787,0000-00-00,9,False,Restaurants,C. Cyclical,XLY,289,257,False,one leg lacks a two-sided put quote; combined put quote widths exceed 0.10,put,2026-10-16,53.0,BTO,75.0,0.9969931302467986,0.02,0.1,809.0,2.0,STO,70.0,0.0,0.5,348.0,0.0,5.0,0.1,,,False,28.8627525372285,3.6372474627715015,
2026-08-27,RGTI,buy-first put-tail inventory,,,True,50.9315873015873,16.45,3.0701754385964897,-12.870762711864405,-3.3921398200568276,-37.236770558065125,5.555555555555555,1.37,75.5135,-4.517100000000013,43.25396825396825,2.6070000000000135,25.0,-1.9101,20.238095238095237,10.7055,14.540499999999994,23.015873015873016,0.5733000000000033,37.301587301587304,11.11111111111111,0.3968253968253968,56447.55,662804,305858011.14,90.5773,7.66268,0000-00-00,10,False,Computer Hardware Manufacturing,Technology,XLK,288,256,False,one leg lacks a two-sided put quote; combined put quote widths exceed 0.10,put,2026-09-18,23.0,BTO,11.0,0.9905873259070392,0.0,0.05,3569.0,0.0,STO,8.0,0.0,0.15,1460.0,0.0,3.0,0.05,,,False,33.130699088145896,0.6306990881458958,
2026-08-25,OKLO,buy-first put-tail inventory,,,True,50.92380952380952,44.4,6.884930187770832,-7.864702220377673,-5.035675786663941,-32.21320678271834,6.228373702422145,8.6,80.0358,-6.215500000000006,12.301587301587302,5.041300000000007,92.85714285714286,-1.174199999999999,15.07936507936508,13.50160000000001,12.8613,59.92063492063492,5.000500000000002,58.333333333333336,8.333333333333334,14.682539682539682,56531.05,641029,361497869.46,95.4532,4.94107,0000-00-00,11,False,Independent Power Production,Utilities,XLU,289,257,False,one leg lacks a two-sided put quote; one put leg has OI below 25,put,2026-09-18,25.0,BTO,25.0,0.9958866595352625,0.02,0.05,11022.0,322.0,STO,20.0,0.0,0.03,8.0,0.0,5.0,0.05,,,False,43.69369369369369,11.193693693693689,
2026-08-25,WYNN,buy-first put-tail inventory,,,True,50.82920634920636,98.59,-3.105651105651097,-5.817730225448992,-1.135155732937576,3.5619079192979353,43.59861591695502,10.52,30.1684,0.7338999999999984,13.492063492063492,0.1311,72.61904761904762,0.8649999999999984,4.761904761904762,5.713899999999999,3.0360999999999976,36.111111111111114,-1.302900000000001,26.984126984126984,9.92063492063492,10.317460317460318,8095.55,260767,154307184.29999998,84.3175,4.64065,0000-00-00,10,False,Resort & Casino Operations,C. Cyclical,XLY,289,257,False,spread debit outside 0.00-0.10; one leg lacks a two-sided put quote; combined put quote widths exceed 0.10; one put leg has OI below 25,put,2026-10-16,53.0,BTO,65.0,0.9989991737881242,0.0,0.53,51.0,0.0,STO,60.0,0.0,2.13,0.0,0.0,5.0,0.53,,,False,34.07039253473984,1.5703925347398382,
2026-08-26,UPST,buy-first put-tail inventory,,,True,50.78984126984126,30.34,-2.097450790577604,-3.190810465858329,-1.3005940181783693,1.84693654436886,44.13793103448276,5.48,59.86860000000001,-1.2434000000000085,20.238095238095237,1.9365999999999983,72.61904761904762,0.6931999999999903,23.41269841269841,6.595499999999994,5.396900000000002,40.07936507936508,0.9594000000000024,52.77777777777778,1.1904761904761905,7.5396825396825395,19919.1,304751,148388318.54,91.4164,6.2649,0000-00-00,9,False,Credit & Lending Services,Financials,XLF,290,257,False,spread debit outside 0.00-0.10; one leg lacks a two-sided put quote; combined put quote widths exceed 0.10,put,2026-09-18,24.0,BTO,22.5,0.9796223994574912,0.01,0.11,2629.0,4.0,STO,17.5,0.0,0.17,820.0,0.0,5.0,0.11,,,False,25.84047462096243,6.6595253790375715,
2026-09-02,CCJ,buy-first put-tail inventory,,,True,50.7847619047619,96.27,-10.770228936880155,-10.770228936880155,0.7442537997547127,-11.38015926047168,22.64808362369338,11.12,43.7422,-2.012599999999999,9.126984126984128,1.4132000000000031,84.52380952380952,-0.5993999999999957,6.349206349206349,5.536900000000003,2.8556000000000026,30.952380952380953,-3.4052000000000007,7.936507936507937,2.7777777777777777,3.5714285714285716,24525.95,430284,270050499.28000003,93.6211,4.17495,0000-00-00,8,False,Uranium,Energy,XLE,287,252,False,spread debit outside 0.00-0.10; one leg lacks a two-sided put quote; combined put quote widths exceed 0.10; one put leg has OI below 25,put,2026-10-16,45.0,BTO,65.0,0.9954845801053094,0.0,0.13,2.0,0.0,STO,60.0,0.0,0.29,0.0,0.0,5.0,0.13,,,False,32.48156227277449,0.018437727225510514,
2026-08-26,WYNN,buy-first put-tail inventory,,,True,50.71634920634921,97.45,-2.246965593339345,-6.906763469621713,-2.1059526009981178,-1.0989364135398971,38.27586206896552,8.49,29.912,0.903100000000002,15.476190476190476,0.4161999999999999,79.36507936507937,1.319300000000002,13.492063492063492,2.1967,4.746799999999993,49.20634920634921,3.381999999999998,61.111111111111114,9.126984126984128,8.73015873015873,8207.25,262155,152565346.28,87.0009,4.55916,0000-00-00,10,False,Resort & Casino Operations,C. Cyclical,XLY,290,257,False,spread debit outside 0.00-0.10; one leg lacks a two-sided put quote; combined put quote widths exceed 0.10; one put leg has OI below 25,put,2026-10-16,52.0,BTO,65.0,0.9993489157236876,0.0,0.28,51.0,0.0,STO,60.0,0.0,0.26,0.0,0.0,5.0,0.28,,,False,33.29912775782453,0.7991277578245288,
2026-08-31,APLD,buy-first put-tail inventory,,,True,50.70777777777778,25.38,-5.369127516778526,-19.274809160305352,-17.30528620581796,-44.113103852051005,3.1141868512110724,2.07,74.069,-0.933099999999996,36.904761904761905,0.8374999999999915,48.01587301587302,-0.0956000000000045,24.20634920634921,5.827999999999989,7.383099999999999,35.317460317460316,-0.3728999999999871,42.857142857142854,13.88888888888889,0.3968253968253968,59881.55,735838,408871694.84,96.0285,6.271,0000-00-00,5,False,IT Services & Consulting,Technology,XLK,289,251,False,one leg lacks a two-sided put quote; combined put quote widths exceed 0.10; one put leg has OI below 25,put,2026-09-18,19.0,BTO,14.0,0.9985018358815887,0.01,0.03,36.0,10.0,STO,11.0,0.0,0.75,2.0,0.0,3.0,0.03,,,False,44.838455476753346,12.338455476753346,
2026-09-01,RUN,buy-first put-tail inventory,,,True,50.68349206349206,8.38,-9.01194353963084,-20.719016083254495,-23.069861378867152,-39.78014241260911,4.513888888888888,1.38,63.531099999999995,0.5492999999999881,40.476190476190474,1.0897000000000077,42.46031746031746,1.6389999999999958,24.20634920634921,7.883499999999998,5.419400000000003,26.19047619047619,-5.087199999999996,28.96825396825397,2.7777777777777777,3.968253968253968,21848.6,518301,74014393.64,55.5942,6.73863,0000-00-00,9,False,Solar,Industrials,XLI,288,252,False,one leg lacks a two-sided put quote; one put leg has OI below 25,put,2026-09-18,18.0,BTO,5.0,0.9998536672847418,0.0,0.05,723.0,0.0,STO,1.0,0.0,0.05,5.0,0.0,4.0,0.05,,,False,40.334128878281625,7.834128878281625,
2026-08-26,RGTI,buy-first put-tail inventory,,,True,50.591587301587296,16.06,-5.418138987043585,-14.9364406779661,-6.166376479661606,-32.00063159027337,7.586206896551724,1.71,76.7029,-4.627299999999991,42.46031746031746,2.848699999999994,29.365079365079364,-1.7785999999999973,21.03174603174603,13.98360000000001,16.45729999999999,30.555555555555557,1.4750999999999834,39.285714285714285,11.11111111111111,3.1746031746031744,56855.35,651213,327287914.8,96.4954,5.39273,0000-00-00,10,False,Computer Hardware Manufacturing,Technology,XLK,290,257,False,one leg lacks a two-sided put quote; combined put quote widths exceed 0.10,put,2026-09-18,24.0,BTO,11.0,0.9826663418810473,0.0,0.07,3569.0,0.0,STO,8.0,0.0,0.23,1460.0,0.0,3.0,0.07,,,False,31.506849315068486,0.9931506849315141,
2026-08-24,NEE,buy-first put-tail inventory,,,True,50.365873015873014,84.13,-2.151663177483143,-6.220042358711398,-3.4418011036534635,-3.618904467109618,32.17993079584775,12.65,20.6877,0.6193000000000026,4.761904761904762,0.0808999999999997,85.31746031746032,0.7002000000000024,5.158730158730159,0.5971000000000011,0.8140999999999998,29.365079365079364,0.3628999999999998,44.04761904761905,1.5873015873015872,6.746031746031746,16237.7,457436,918293471.9,88.5897,2.60585,0000-00-00,9,False,Regulated Electric Utilities,Utilities,XLU,289,256,False,no roughly $5-wide put spread 25-45% OTM in current/next monthly,,,,,,,,,,,,,,,,,,,,,False,,,
2026-09-01,UPST,buy-first put-tail inventory,,,True,50.35888888888889,27.44,-9.528519617540375,-12.444160816847472,-10.088207924295844,-9.419230270320456,27.083333333333332,8.53,60.554399999999994,-1.2554999999999978,21.428571428571427,1.0716000000000108,51.98412698412698,-0.183899999999987,9.126984126984128,5.714900000000007,7.4255,52.77777777777778,0.4180999999999955,49.20634920634921,5.9523809523809526,4.365079365079365,17882.5,306130,137138209.56,88.6336,6.73889,0000-00-00,9,False,Credit & Lending Services,Financials,XLF,288,252,False,spread debit outside 0.00-0.10; one leg lacks a two-sided put quote; combined put quote widths exceed 0.10,put,2026-10-16,46.0,BTO,17.5,0.9777185189506221,0.04,0.2,1834.0,0.0,STO,15.0,0.0,0.69,564.0,0.0,2.5,0.2,,,False,36.224489795918366,3.724489795918366,
2026-09-02,AFRM,buy-first put-tail inventory,,,True,50.25238095238095,74.2,-2.9811715481171563,-6.230254012384673,-4.016309465906387,17.41149265573946,72.12543554006969,10.7,51.976,1.44939999999999,12.698412698412698,-0.6499999999999915,71.42857142857143,0.7993999999999986,7.5396825396825395,-1.0477999999999952,4.039699999999996,88.88888888888889,3.065499999999993,63.095238095238095,9.92063492063492,3.5714285714285716,19517.95,246489,347178173.42,96.1009,4.37385,0000-00-00,9,False,Credit & Lending Services,Industrials,XLI,287,252,False,one leg lacks a two-sided put quote; combined put quote widths exceed 0.10,put,2026-09-18,17.0,BTO,55.0,0.9967600920140331,0.02,0.06,507.0,13.0,STO,50.0,0.0,0.38,842.0,0.0,5.0,0.06,,,False,25.876010781671166,6.623989218328834,
2026-08-24,RCL,buy-first put-tail inventory,,,True,50.11587301587302,293.48,-2.643887875269524,-10.720369919688489,-3.377698118847927,16.383536497745887,72.66435986159169,12.9,37.471700000000006,2.5822999999999965,6.746031746031746,-1.2118000000000038,65.87301587301587,1.3704999999999927,3.1746031746031744,-1.0513000000000048,-0.822499999999998,28.96825396825397,2.3400999999999996,51.19047619047619,4.761904761904762,26.984126984126984,4176.35,96010,564876628.0,96.975,5.54188,0000-00-00,9,False,Travel & Tourism Services,C. Cyclical,XLY,289,256,False,spread debit outside 0.00-0.10; one leg lacks a two-sided put quote; combined put quote widths exceed 0.10; one put leg has OI below 25,put,2026-10-16,54.0,BTO,195.0,0.9958197360884862,0.0,0.5,0.0,0.0,STO,190.0,0.0,0.4,0.0,0.0,5.0,0.5,,,False,33.55594929807823,1.0559492980782323,
2026-09-01,XYZ,buy-first put-tail inventory,,,True,50.107142857142854,78.35,-4.718472576918408,-8.029111398051414,-1.8448409347728625,10.56120972992932,64.93055555555556,12.75,37.7877,0.7179000000000002,3.968253968253968,0.0767999999999986,82.53968253968254,0.7946999999999989,6.746031746031746,1.835499999999996,1.5681000000000012,43.25396825396825,-0.4529999999999958,35.317460317460316,2.7777777777777777,7.5396825396825395,25511.75,458615,398546416.74,98.5875,3.5458,0000-00-00,9,False,Infrastructure Software,Industrials,XLI,288,252,False,one leg lacks a two-sided put quote; combined put quote widths exceed 0.10,put,2026-09-18,18.0,BTO,47.5,0.9998467638199119,0.0,0.04,1336.0,0.0,STO,45.0,0.0,0.09,4276.0,0.0,2.5,0.04,,,False,39.37460114869177,6.874601148691767,
2026-08-28,BTU,buy-first put-tail inventory,,,True,50.10063492063493,28.99,4.808387563268246,-0.9566108643662474,20.446387023864943,9.754839547602868,65.97222222222221,9.82,51.22560000000001,-2.9564999999999912,11.11111111111111,3.2516999999999854,83.33333333333333,0.2951999999999941,14.285714285714286,31.842299999999987,13.099000000000004,63.492063492063494,-19.33419999999999,6.349206349206349,26.58730158730159,6.349206349206349,5739.0,159289,64683654.400000006,74.4987,11.18673,0000-00-00,8,False,Thermal Coal Mining,Energy,XLE,288,247,False,combined put quote widths exceed 0.10,put,2026-09-18,22.0,BTO,21.0,0.9968813964946353,0.02,0.1,472.0,3.0,STO,18.0,0.01,0.08,75.0,5.0,3.0,0.09000000000000001,,,False,27.5612280096585,4.9387719903415,
2026-08-27,FSLR,buy-first put-tail inventory,,,True,50.08015873015873,209.73,-1.8347765036274333,-16.488811021740858,-6.914008303307728,-29.760436611430684,8.333333333333332,8.65,48.1096,-0.541799999999995,16.666666666666668,0.5604999999999976,82.93650793650794,0.0187000000000026,14.682539682539682,2.6167000000000016,2.3940999999999946,37.698412698412696,-1.2095000000000056,25.396825396825395,5.158730158730159,8.333333333333334,28820.5,593463,527742577.04,96.6762,5.21342,0000-00-00,9,False,Solar,Technology,XLK,288,256,False,one leg lacks a two-sided put quote; combined put quote widths exceed 0.10,put,2026-09-18,23.0,BTO,120.0,0.999233598277364,0.0,0.1,119.0,0.0,STO,115.0,0.0,0.54,180.0,0.0,5.0,0.1,,,False,42.78357888714061,10.283578887140607,
2026-08-26,TFC,buy-first put-tail inventory,,,True,50.04888888888888,50.84,-0.1767131356764095,-4.310182571052135,-0.9831570090836684,7.6082863448522,57.24137931034483,13.84,24.912,2.4949000000000012,2.7777777777777777,-0.7012,94.04761904761904,1.7937000000000012,2.7777777777777777,-0.6607999999999983,-0.6607999999999983,74.60317460317461,0.0,18.650793650793652,10.317460317460318,36.507936507936506,4056.35,144719,319058282.09999996,56.4358,2.40679,0000-00-00,7,False,Regional Banking,Financials,XLF,290,257,False,one leg lacks a two-sided put quote; combined put quote widths exceed 0.10; one put leg has OI below 25,put,2026-10-16,52.0,BTO,35.0,0.9996186444308983,0.0,0.1,30.0,0.0,STO,32.5,0.0,0.1,0.0,0.0,2.5,0.1,,,True,31.156569630212438,1.343430369787562,
2026-08-28,SOFI,buy-first put-tail inventory,,,True,50.03666666666666,18.12,-4.025423728813548,-5.230125523012552,1.603678367163841,3.0403740346510943,49.65277777777778,11.63,48.2845,-1.0164000000000044,11.507936507936508,1.1088000000000022,69.84126984126983,0.0923999999999978,5.158730158730159,10.124899999999997,14.379999999999995,86.11111111111111,1.5341999999999985,53.96825396825397,1.5873015873015872,4.761904761904762,328606.75,4040011,956174632.56,95.3471,1.41672,0000-00-00,8,False,Credit & Lending Services,Financials,XLF,288,247,False,one leg lacks a two-sided put quote,put,2026-09-18,22.0,BTO,13.0,0.990816239581906,0.02,0.03,8131.0,10.0,STO,10.0,0.0,0.01,7032.0,0.0,3.0,0.03,,,False,28.2560706401766,4.243929359823401,
2026-08-28,LVS,buy-first put-tail inventory,,,True,50.032539682539685,45.16,-3.894445626729104,-4.524312896405924,-2.7151855649671375,-7.813918362915562,28.125,14.65,29.7112,0.9898000000000023,1.5873015873015872,-0.4943999999999988,59.92063492063492,0.4954000000000036,0.0,-0.8886999999999965,0.6085000000000029,13.095238095238097,-0.0574000000000012,38.888888888888886,18.650793650793652,8.333333333333334,5507.0,156826,207834609.36,57.802,12.14529,0000-00-00,7,False,Resort & Casino Operations,C. Cyclical,XLY,288,247,False,one leg lacks a two-sided put quote; combined put quote widths exceed 0.10; one put leg has OI below 25,put,2026-10-16,50.0,BTO,32.5,0.9928286475581635,0.0,0.09,397.0,0.0,STO,27.5,0.0,0.15,0.0,0.0,5.0,0.09,,,True,28.03365810451727,4.466341895482731,
2026-08-24,APP,buy-first put-tail inventory,,,True,49.95174603174603,299.39,-3.537713052163549,-28.498758119984725,-29.355228123693365,-36.21770822707431,4.844290657439446,11.08,53.3211,0.0403999999999982,8.73015873015873,0.7573000000000008,94.04761904761904,0.797699999999999,11.11111111111111,6.2708999999999975,5.701500000000003,79.76190476190476,1.2261999999999986,45.23809523809524,4.761904761904762,16.666666666666668,44619.45,336686,2196027297.66,97.9974,3.39819,0000-00-00,10,False,Advertising & Marketing Services,Technology,XLK,289,256,False,spread debit outside 0.00-0.10; one leg lacks a two-sided put quote; combined put quote widths exceed 0.10; one put leg has OI below 25,put,2026-09-18,26.0,BTO,185.0,0.9995062244365939,0.0,0.2,123.0,0.0,STO,180.0,0.0,1.2,3.0,0.0,5.0,0.2,,,False,38.207688967567385,5.707688967567385,
2026-08-27,AXP,buy-first put-tail inventory,,,True,49.88269841269841,333.03,0.3102409638554126,-4.68517458500286,-2.8642263380487365,8.057816767673543,62.5,13.53,23.3559,1.001900000000003,4.365079365079365,-0.3067999999999991,89.68253968253968,0.6951000000000036,3.5714285714285716,-0.0267999999999979,1.584900000000001,83.33333333333333,1.0235999999999983,48.80952380952381,11.904761904761903,9.523809523809524,12845.35,251043,809603156.6999999,96.4851,2.68528,0000-00-00,8,False,Credit & Lending Services,Financials,XLF,288,256,False,spread debit outside 0.00-0.10; one leg lacks a two-sided put quote; combined put quote widths exceed 0.10; one put leg has OI below 25,put,2026-10-16,51.0,BTO,190.0,0.9976924628615832,0.0,0.25,7.0,0.0,STO,185.0,0.0,1.45,11.0,0.0,5.0,0.25,,,False,42.948082755307325,10.448082755307325,
2026-08-31,QUBT,buy-first put-tail inventory,,,True,49.73,8.23,0.0,-10.543478260869554,-4.7916522061035245,-31.26758323811652,10.726643598615915,5.27,69.0986,-9.470400000000012,25.0,7.588400000000007,73.80952380952381,-1.882000000000005,25.0,21.92859999999999,17.980900000000005,27.77777777777778,-8.275199999999984,24.603174603174605,16.26984126984127,0.3968253968253968,24412.15,407786,67580150.45,55.6813,8.85065,0000-00-00,10,False,Computer Hardware Manufacturing,Technology,XLK,289,251,False,no roughly $5-wide put spread 25-45% OTM in current/next monthly,,,,,,,,,,,,,,,,,,,,,False,,,
2026-08-25,FHN,buy-first put-tail inventory,,,True,49.66111111111111,24.52,-4.998062766369626,-6.519252764010675,-3.665579695910126,3.741879699642059,43.944636678200695,6.45,22.8476,3.3323000000000036,26.58730158730159,-0.6778000000000013,43.65079365079365,2.6545000000000023,17.857142857142858,-0.1035000000000003,0.0670000000000001,28.571428571428573,-0.5690999999999988,21.825396825396822,27.38095238095238,2.380952380952381,12249.0,298865,120691622.92,56.7755,6.53324,0000-00-00,7,False,Regional Banking,Financials,XLF,289,257,False,no roughly $5-wide put spread 25-45% OTM in current/next monthly,,,,,,,,,,,,,,,,,,,,,False,,,
2026-09-01,CCJ,buy-first put-tail inventory,,,True,49.64904761904762,96.28,-9.748781402324711,-10.760960237278706,0.506709146444595,-14.92861733560994,21.875,12.97,45.2014,-2.200099999999999,7.936507936507937,1.1802999999999957,80.15873015873017,-1.0198000000000036,3.968253968253968,3.7105000000000032,3.9990000000000023,42.857142857142854,0.0512999999999976,26.58730158730159,1.1904761904761905,9.523809523809524,24637.3,427795,280343691.36,93.1057,4.4986,0000-00-00,8,False,Uranium,Energy,XLE,288,252,False,one leg lacks a two-sided put quote,put,2026-09-18,18.0,BTO,70.0,0.9997079262140661,0.0,0.04,1230.0,48.0,STO,65.0,0.0,0.06,322.0,5.0,5.0,0.04,,,False,27.29538845035314,5.2046115496468595,
2026-08-31,TSM,buy-first put-tail inventory,,,True,49.63428571428572,414.89,1.4227393844574276,-3.637208222041577,-1.8336654522361884,-1.5051406554571272,41.17647058823529,11.08,31.132700000000003,-0.2655000000000029,11.904761904761903,0.5164999999999971,77.38095238095238,0.2509999999999941,9.523809523809524,1.928099999999997,1.687399999999997,41.666666666666664,-0.4425000000000025,37.698412698412696,4.761904761904762,8.73015873015873,110749.8,1837210,4255253197.2,98.946,1.18699,0000-00-00,6,False,Semiconductors,Technology,XLK,289,251,False,no roughly $5-wide put spread 25-45% OTM in current/next monthly,,,,,,,,,,,,,,,,,,,,,False,,,
2026-08-26,TOST,buy-first put-tail inventory,,grab,True,49.608888888888885,37.05,5.1362088535754635,0.0,19.262983731305795,54.09756007263313,96.89655172413794,14.28,39.1509,0.5274000000000001,4.365079365079365,0.1293000000000006,80.55555555555556,0.6567000000000007,1.1904761904761905,0.3648999999999986,5.4313,87.6984126984127,6.101600000000005,78.96825396825396,32.93650793650794,11.904761904761903,14558.4,310116,354428969.59999996,93.3184,3.58247,0000-00-00,9,False,Infrastructure Software,Financials,XLF,290,257,False,one leg lacks a two-sided put quote,put,2026-09-18,24.0,BTO,27.0,0.9980903239550034,0.0,0.03,785.0,0.0,STO,23.0,0.0,0.05,2018.0,0.0,4.0,0.03,,,False,27.125506072874483,5.374493927125517,
2026-08-24,WYNN,buy-first put-tail inventory,,,True,49.56634920634921,99.23,-3.171350507416082,-5.206343141001146,-0.6583399741308948,3.6521832624999417,47.40484429065744,9.64,29.9279,0.8771999999999984,14.682539682539682,0.4874000000000009,82.53968253968254,1.3645999999999994,14.285714285714286,2.585899999999995,5.856999999999999,59.92063492063492,4.638000000000005,67.46031746031746,3.5714285714285716,9.523809523809524,8157.2,256123,155006606.64000002,86.9013,4.7553,0000-00-00,10,False,Resort & Casino Operations,C. Cyclical,XLY,289,256,False,spread debit outside 0.00-0.10; one leg lacks a two-sided put quote; combined put quote widths exceed 0.10; one put leg has OI below 25,put,2026-10-16,54.0,BTO,65.0,0.9990373171888475,0.0,0.33,51.0,0.0,STO,60.0,0.0,2.13,0.0,0.0,5.0,0.33,,,False,34.49561624508717,1.9956162450871702,
2026-08-26,AAP,buy-first put-tail inventory,,,True,49.52603174603175,44.09,-22.212420606916016,-26.04830593760482,-20.5837428130899,-20.713092305884217,14.482758620689657,7.22,47.7135,1.1631,26.58730158730159,0.992600000000003,52.38095238095238,2.155700000000003,14.682539682539682,10.9437,4.658100000000005,9.126984126984128,-4.738299999999995,28.96825396825397,1.984126984126984,12.301587301587302,9193.2,91837,101643276.84,87.1687,7.03913,0000-00-00,10,False,Automotive Parts & Components,C. Cyclical,XLY,290,257,False,spread debit outside 0.00-0.10; combined put quote widths exceed 0.10; one put leg has OI below 25,put,2026-10-16,52.0,BTO,30.0,0.9683878419674355,0.1,0.3,0.0,0.0,STO,27.5,0.05,0.2,1.0,0.0,2.5,0.25,,,False,31.957359945565887,0.5426400544341128,
2026-09-02,CIFR,buy-first put-tail inventory,,,True,49.500952380952384,15.13,-5.200501253132828,-18.03900325027086,-23.455191184952096,-38.80689626883802,4.181184668989547,7.88,92.233,-3.974000000000004,20.634920634920636,2.3743999999999943,65.87301587301587,-1.5996000000000097,17.46031746031746,9.724999999999994,13.214800000000013,59.12698412698413,-1.6359999999999957,26.984126984126984,19.047619047619047,1.5873015873015872,141543.8,1618532,523898266.02,95.7891,6.22366,0000-00-00,8,False,Investment Banking & Brokerage,Financials,XLF,287,252,False,one leg lacks a two-sided put quote,put,2026-09-18,17.0,BTO,11.0,0.954348064780598,0.03,0.07,1640.0,87.0,STO,7.0,0.0,0.02,176.0,0.0,4.0,0.07,,,False,27.296761401189695,5.203238598810305,
2026-08-28,JPM,buy-first put-tail inventory,,,True,49.473015873015875,357.29,1.5576589636451477,-2.294355720848829,2.899408045444063,22.46276362609053,82.63888888888889,11.4,19.3386,2.302900000000001,11.904761904761903,-0.8924999999999983,81.74603174603175,1.4104000000000028,8.73015873015873,-1.3398000000000003,-0.6372,64.28571428571429,0.0624000000000002,30.952380952380953,2.380952380952381,4.761904761904762,41215.8,677986,2040300469.82,98.1761,1.84302,0000-00-00,6,False,Diversified Banking,Financials,XLF,288,247,False,one leg lacks a two-sided put quote; combined put quote widths exceed 0.10,put,2026-09-18,22.0,BTO,245.0,0.9995965396998931,0.0,0.01,946.0,33.0,STO,240.0,0.0,0.1,2469.0,0.0,5.0,0.01,,,False,31.428251560357133,1.0717484396428674,
2026-09-02,TSM,buy-first put-tail inventory,,,True,49.45952380952381,414.8,-0.6871453539875949,-3.6581117175705447,-1.5071682741007009,-0.7522457670302352,34.84320557491289,9.35,30.995800000000003,-0.011099999999999,18.650793650793652,0.3612999999999964,69.04761904761905,0.3501999999999974,12.301587301587302,1.6476999999999933,1.2105999999999997,34.92063492063492,-1.2068999999999974,28.174603174603178,8.333333333333334,5.555555555555555,101600.2,1892532,4023515718.0,98.6178,1.32748,0000-00-00,6,False,Semiconductors,Technology,XLK,287,252,False,no roughly $5-wide put spread 25-45% OTM in current/next monthly,,,,,,,,,,,,,,,,,,,,,False,,,
2026-09-01,DAL,buy-first put-tail inventory,,,True,49.3663492063492,76.23,-8.804880966622797,-18.740006395906615,-12.630773039435928,0.2455637521613809,43.40277777777778,14.84,33.6349,0.9421999999999996,1.984126984126984,-0.1244000000000014,81.34920634920636,0.8177999999999983,1.984126984126984,3.1899000000000015,1.5412999999999926,37.698412698412696,-2.8159000000000063,20.634920634920636,2.380952380952381,4.761904761904762,28125.85,417252,361986456.0,90.7839,4.08836,0000-00-00,5,False,Airlines,Industrials,XLI,288,252,False,spread debit outside 0.00-0.10; one leg lacks a two-sided put quote; combined put quote widths exceed 0.10; one put leg has OI below 25,put,2026-10-16,46.0,BTO,55.0,0.9827188731263005,0.03,0.14,13.0,1.0,STO,50.0,0.0,0.17,21.0,0.0,5.0,0.14,,,True,27.84992784992786,4.650072150072141,
2026-08-28,APP,buy-first put-tail inventory,,,True,49.33349206349206,318.42,4.602345520843598,-23.953954910202523,-22.055681646832586,-44.78478434660586,2.430555555555556,12.73,54.067699999999995,-0.2448999999999941,7.5396825396825395,0.5896000000000043,92.85714285714286,0.3447000000000102,7.142857142857143,6.408500000000011,4.838200000000008,72.22222222222223,-4.7361,22.22222222222222,8.333333333333334,5.158730158730159,47688.8,363429,2169718790.19,97.461,4.53291,0000-00-00,9,False,Advertising & Marketing Services,Technology,XLK,288,247,False,spread debit outside 0.00-0.10; one leg lacks a two-sided put quote; combined put quote widths exceed 0.10,put,2026-09-18,22.0,BTO,200.0,0.9997460385035356,0.0,0.25,57.0,1.0,STO,195.0,0.0,3.4,68.0,0.0,5.0,0.25,,,False,37.18987500785127,4.6898750078512705,
2026-08-27,BILI,buy-first put-tail inventory,,,True,49.29746031746032,16.66,0.1201923076923128,-13.723459347488342,-5.345211581291753,-1.5032028326613878,40.27777777777778,6.02,44.249100000000006,-3.0952999999999946,25.0,3.1972999999999914,64.28571428571429,0.1019999999999967,23.41269841269841,11.328299999999992,16.4105,70.63492063492063,4.965200000000003,70.63492063492063,32.53968253968254,7.142857142857143,6020.1,179924,39840015.099999994,58.69,4.64104,0000-00-00,13,False,Internet Content & Media,Comm,XLC,288,256,False,no roughly $5-wide put spread 25-45% OTM in current/next monthly,,,,,,,,,,,,,,,,,,,,,False,,,
2026-08-24,FSLR,buy-first put-tail inventory,,,True,49.27920634920635,209.57,-4.043040293040301,-16.5525205064904,-8.51875197524764,-17.119207354663345,17.301038062283737,12.07,49.6189,-1.4709999999999963,7.936507936507937,1.255200000000002,94.04761904761904,-0.2157999999999944,10.317460317460318,3.272900000000007,2.4418000000000006,38.095238095238095,-0.6851000000000056,27.77777777777778,3.1746031746031744,18.650793650793652,28022.8,582758,558720743.24,94.2428,5.40849,0000-00-00,9,False,Solar,Technology,XLK,289,256,False,one leg lacks a two-sided put quote; combined put quote widths exceed 0.10,put,2026-09-18,26.0,BTO,145.0,0.9977457915514182,0.0,0.08,82.0,0.0,STO,140.0,0.01,0.15,86.0,0.0,5.0,0.07,,,False,30.810707639452207,1.6892923605477925,
2026-08-24,UAL,buy-first put-tail inventory,,,True,49.19015873015873,113.53,-7.548859934853414,-14.997005091344718,-8.151113383579334,14.965043137417688,71.280276816609,14.54,41.1363,0.8183999999999969,2.7777777777777777,0.0035000000000025,94.44444444444444,0.8218999999999994,3.5714285714285716,0.8932000000000002,2.241100000000003,60.31746031746032,2.4037000000000006,45.63492063492063,8.333333333333334,13.88888888888889,13467.95,299240,367217863.78,96.1464,5.39046,0000-00-00,8,False,Airlines,Industrials,XLI,289,256,False,one leg lacks a two-sided put quote,put,2026-09-18,26.0,BTO,77.5,0.9998742778573704,0.0,0.05,484.0,0.0,STO,75.0,0.0,0.04,926.0,0.0,2.5,0.05,,,False,31.73610499427464,0.7638950057253595,
2026-08-26,FSLR,buy-first put-tail inventory,,,True,49.1768253968254,206.31,-7.055007433436944,-17.850601258262323,-8.898140428718794,-22.004185779178087,13.448275862068964,11.22,49.0232,-0.7763999999999953,14.285714285714286,0.4218999999999937,78.17460317460318,-0.3545000000000016,8.73015873015873,1.205999999999996,2.0934000000000097,32.53968253968254,1.0659000000000065,37.698412698412696,6.349206349206349,17.063492063492063,28800.8,589598,536978554.74,96.5347,4.80522,0000-00-00,9,False,Solar,Technology,XLK,290,257,False,spread debit outside 0.00-0.10; one leg lacks a two-sided put quote; combined put quote widths exceed 0.10,put,2026-09-18,24.0,BTO,135.0,0.999738088940917,0.0,0.18,314.0,0.0,STO,130.0,0.0,0.57,101.0,0.0,5.0,0.18,,,False,34.564490330085796,2.064490330085796,
2026-08-28,NVO,buy-first put-tail inventory,,,True,49.13777777777778,45.48,-2.8205128205128216,-6.400493928791951,-4.978793640181345,2.788648286589146,48.95833333333333,8.64,33.21,-2.133800000000001,21.825396825396822,1.3404999999999987,59.523809523809526,-0.7933000000000021,14.285714285714286,4.272599999999997,4.538300000000003,21.428571428571427,-5.373599999999996,13.492063492063492,16.26984126984127,0.0,63820.4,1401255,675377172.18,80.4681,2.59067,0000-00-00,9,False,Major Pharmaceuticals,Healthcare,XLV,288,247,False,one leg lacks a two-sided put quote; one put leg has OI below 25,put,2026-10-16,50.0,BTO,30.0,0.9987147805353418,0.0,0.05,607.0,0.0,STO,27.5,0.0,0.04,1.0,0.0,2.5,0.05,,,False,34.03693931398416,1.5369393139841634,
2026-08-31,SBUX,buy-first put-tail inventory,,,True,49.10301587301588,106.27,-1.02449473782249,-2.5045871559633115,1.036895057397147,13.348038269761377,72.66435986159169,11.77,26.2171,1.1759999999999984,13.095238095238097,-0.327499999999997,66.26984126984127,0.8485000000000014,7.5396825396825395,1.3028000000000048,-0.1653999999999982,18.650793650793652,-1.596700000000002,31.349206349206348,20.238095238095237,7.936507936507937,18143.45,476041,691671493.05,88.0872,3.1933,0000-00-00,8,False,Restaurants,C. Cyclical,XLY,289,251,False,one leg lacks a two-sided put quote; combined put quote widths exceed 0.10,put,2026-10-16,47.0,BTO,75.0,0.9990388045624282,0.02,0.1,812.0,1.0,STO,70.0,0.0,0.29,348.0,0.0,5.0,0.1,,,False,29.42504940246542,3.074950597534581,
2026-08-25,JPM,buy-first put-tail inventory,,,True,48.98968253968254,356.85,-1.5939111491051428,-2.414679501203232,3.2817460041816737,19.40084688456325,75.08650519031141,13.55,20.2192,2.0426,5.158730158730159,-0.6652000000000022,93.25396825396824,1.377399999999998,7.142857142857143,-0.9173000000000008,-1.3355000000000032,34.92063492063492,0.5208999999999975,36.904761904761905,6.349206349206349,16.26984126984127,45299.45,637654,2180287459.39,98.4554,1.9328,0000-00-00,7,False,Diversified Banking,Financials,XLF,289,257,False,one leg lacks a two-sided put quote; combined put quote widths exceed 0.10,put,2026-09-18,25.0,BTO,205.0,0.9998789425884965,0.0,0.01,308.0,0.0,STO,200.0,0.0,0.28,605.0,0.0,5.0,0.01,,,False,42.55289337256551,10.052893372565507,
2026-08-26,IONQ,buy-first put-tail inventory,,,True,48.97269841269841,40.23,-6.7670915411355725,-14.038461538461544,-7.63360180737831,-36.26530789588915,5.862068965517241,9.44,76.6919,-5.746700000000004,20.238095238095237,3.529399999999995,70.63492063492063,-2.2173000000000087,12.698412698412698,14.031999999999996,12.904899999999984,45.63492063492063,-0.3924000000000092,34.523809523809526,3.968253968253968,7.142857142857143,63243.05,656561,840349150.0999999,91.3055,4.58293,0000-00-00,10,False,Computer Hardware Manufacturing,Technology,XLK,290,257,False,one leg lacks a two-sided put quote; combined put quote widths exceed 0.10,put,2026-09-18,24.0,BTO,22.5,0.9993850397985666,0.0,0.08,2351.0,100.0,STO,20.0,0.01,0.06,2678.0,15.0,2.5,0.07,,,False,44.07158836689038,11.571588366890381,
2026-09-02,DAL,buy-first put-tail inventory,,,True,48.940317460317466,78.16,-6.462422211584496,-15.319609967497296,-10.251081097839643,3.746577460582778,46.34146341463415,13.52,33.286,1.5109999999999957,9.523809523809524,-0.6203000000000003,59.523809523809526,0.8906999999999954,3.1746031746031744,1.2665000000000006,2.0549,46.03174603174603,-2.2087000000000003,23.41269841269841,7.936507936507937,3.1746031746031744,26253.05,430438,358422468.35999995,93.8463,2.86461,0000-00-00,5,False,Airlines,Industrials,XLI,287,252,False,spread debit outside 0.00-0.10; one leg lacks a two-sided put quote; combined put quote widths exceed 0.10; one put leg has OI below 25,put,2026-10-16,45.0,BTO,55.0,0.9897985860340501,0.0,0.23,13.0,0.0,STO,50.0,0.0,0.15,21.0,0.0,5.0,0.23,,,True,29.63152507676561,2.868474923234391,
2026-09-02,UPS,buy-first put-tail inventory,,,True,48.909682539682535,102.91,-2.8417673716012115,-2.8417673716012115,-4.645861902820503,-0.5894656542650534,36.23693379790941,8.63,23.4314,1.1826000000000008,25.0,-0.4591999999999991,54.36507936507937,0.7234000000000016,12.301587301587302,1.4276000000000018,1.4763999999999982,54.76190476190476,-1.522700000000004,35.714285714285715,10.317460317460318,4.761904761904762,22723.2,376443,466407375.84,91.1149,1.99422,0000-00-00,7,False,Freight & Logistics Services,Industrials,XLI,287,252,False,no roughly $5-wide put spread 25-45% OTM in current/next monthly,,,,,,,,,,,,,,,,,,,,,False,,,
2026-08-31,AXP,buy-first put-tail inventory,,,True,48.86349206349206,331.69,-1.7913187659146068,-5.0686891814539115,-3.1715273086711515,9.427265102593276,65.39792387543253,13.2,23.2274,1.2073,7.142857142857143,-0.3222999999999985,87.6984126984127,0.8850000000000016,7.5396825396825395,0.3684000000000011,1.1011999999999986,72.61904761904762,0.209699999999998,34.523809523809526,8.73015873015873,8.73015873015873,12772.6,243172,765600304.0,96.9716,2.17473,0000-00-00,7,False,Credit & Lending Services,Financials,XLF,289,251,False,spread debit outside 0.00-0.10; one leg lacks a two-sided put quote; combined put quote widths exceed 0.10,put,2026-10-16,47.0,BTO,200.0,0.997817063360929,0.0,1.55,30.0,0.0,STO,195.0,0.0,2.14,45.0,0.0,5.0,1.55,,,False,39.70273448099129,7.202734480991289,
2026-08-27,UAL,buy-first put-tail inventory,,,True,48.84460317460318,113.06,1.2447389630160233,-15.348906858340817,-8.370343955652093,0.6119572942164253,42.70833333333333,14.33,40.4807,1.0339000000000027,5.158730158730159,-0.2297000000000011,89.68253968253968,0.8042000000000016,3.968253968253968,1.9485000000000028,3.6182000000000016,75.0,1.113900000000001,36.111111111111114,0.0,9.126984126984128,13023.5,308177,352991668.71,92.142,5.25241,0000-00-00,7,False,Airlines,Industrials,XLI,288,256,False,one leg lacks a two-sided put quote,put,2026-09-18,23.0,BTO,77.5,0.9998908843133342,0.0,0.04,484.0,0.0,STO,75.0,0.0,0.03,926.0,0.0,2.5,0.04,,,False,31.452326198478687,1.047673801521313,
2026-08-27,WYNN,buy-first put-tail inventory,,,True,48.81904761904762,93.98,-6.066966516741623,-10.221627818112344,-5.402848181536335,-5.2946756404510635,32.98611111111111,8.8,29.1485,1.1267000000000031,17.857142857142858,0.4566999999999979,81.74603174603175,1.583400000000001,19.047619047619047,10.6657,8.947699999999998,78.96825396825396,-1.4069000000000005,26.58730158730159,17.857142857142858,5.555555555555555,8212.0,263312,148601983.83,84.265,5.34544,0000-00-00,10,False,Resort & Casino Operations,C. Cyclical,XLY,288,256,False,spread debit outside 0.00-0.10; one leg lacks a two-sided put quote; combined put quote widths exceed 0.10; one put leg has OI below 25,put,2026-10-16,51.0,BTO,65.0,0.9988607298012238,0.0,2.13,51.0,0.0,STO,60.0,0.0,0.38,0.0,1.0,5.0,2.13,,,False,30.8363481591828,1.6636518408171987,
2026-09-01,AXP,buy-first put-tail inventory,,,True,48.77968253968254,324.59,-3.510701545778838,-7.100744132799086,-5.178311748027131,9.47081418569201,62.84722222222222,13.76,23.494200000000003,1.1774000000000022,7.142857142857143,-0.4238000000000035,82.93650793650794,0.7535999999999987,5.158730158730159,0.0853999999999963,0.160899999999998,50.0,-0.1021999999999998,29.365079365079364,1.5873015873015872,10.714285714285714,13497.85,244701,761203633.3000001,96.4795,1.98461,0000-00-00,7,False,Credit & Lending Services,Financials,XLF,288,252,False,spread debit outside 0.00-0.10; one leg lacks a two-sided put quote; combined put quote widths exceed 0.10,put,2026-10-16,46.0,BTO,200.0,0.9980535445343601,0.0,2.14,30.0,0.0,STO,195.0,0.0,2.14,45.0,0.0,5.0,2.14,,,False,38.38380726454912,5.8838072645491195,
2026-08-28,DAL,buy-first put-tail inventory,,,True,48.74301587301587,80.23,-2.5270319523751694,-14.47606864939772,-8.37223963234689,0.1088323209362918,41.66666666666667,12.13,33.2413,1.744099999999996,12.301587301587302,-0.4881000000000028,66.26984126984127,1.2559999999999931,8.333333333333334,3.0999999999999943,1.637399999999996,38.095238095238095,-4.275399999999998,16.26984126984127,7.142857142857143,3.5714285714285716,26156.15,428654,378799087.82,88.607,5.0064,0000-00-00,5,False,Airlines,Industrials,XLI,288,247,False,one leg lacks a two-sided put quote,put,2026-09-18,22.0,BTO,60.0,0.9992711651021418,0.01,0.02,5085.0,11.0,STO,55.0,0.0,0.07,4607.0,4.0,5.0,0.02,,,False,25.215006855291044,7.284993144708956,
2026-08-25,UPST,buy-first put-tail inventory,,,True,48.72603174603175,30.33,4.875518672199153,-3.2227185705169137,-1.4875925685331914,0.99186971122861,39.792387543252595,8.02,60.496,-0.8701000000000008,26.58730158730159,1.219799999999999,55.55555555555556,0.3496999999999985,14.682539682539682,4.396499999999996,4.503400000000006,32.142857142857146,2.9466000000000037,61.111111111111114,10.317460317460318,8.73015873015873,20364.15,300112,145692528.1,91.9597,6.87699,0000-00-00,10,False,Credit & Lending Services,Financials,XLF,289,257,False,spread debit outside 0.00-0.10; one leg lacks a two-sided put quote; combined put quote widths exceed 0.10,put,2026-09-18,25.0,BTO,20.0,0.994980782527814,0.0,0.19,594.0,0.0,STO,17.5,0.0,0.17,820.0,0.0,2.5,0.19,,,False,34.058687767886575,1.5586877678865747,
2026-09-01,RIVN,buy-first put-tail inventory,,,True,48.70460317460318,15.54,-7.555026769779893,-8.96309314586995,-5.3777582931462735,-4.526637221715735,32.98611111111111,14.47,54.3647,-4.433299999999996,8.73015873015873,2.987099999999998,53.57142857142857,-1.4461999999999977,0.3968253968253968,13.492099999999994,11.352399999999996,21.825396825396822,-5.163399999999996,24.603174603174605,5.555555555555555,6.349206349206349,87433.0,2322109,342882846.9,88.6306,3.43691,0000-00-00,9,False,Automobile Manufacturing,C. Cyclical,XLY,288,252,False,one leg lacks a two-sided put quote,put,2026-09-18,18.0,BTO,11.0,0.9982856336678004,0.01,0.03,9440.0,2.0,STO,8.0,0.0,0.05,13428.0,0.0,3.0,0.03,,,False,29.214929214929207,3.2850707850707934,
2026-08-24,TOST,buy-first put-tail inventory,,,True,48.65888888888889,36.68,6.658912474556544,0.0,19.902195373893484,59.64071762351515,97.57785467128028,15.23,39.0312,0.8581000000000003,4.761904761904762,-0.2066999999999978,71.82539682539682,0.6514000000000024,0.7936507936507936,0.5466000000000051,1.2224000000000004,35.714285714285715,3.0304,62.301587301587304,11.11111111111111,16.666666666666668,14725.9,303419,357353840.48,87.7036,5.17767,0000-00-00,10,False,Infrastructure Software,Financials,XLF,289,256,False,one leg lacks a two-sided put quote; combined put quote widths exceed 0.10,put,2026-09-18,26.0,BTO,27.0,0.9979805230704457,0.0,0.03,785.0,5.0,STO,22.0,0.0,2.13,624.0,0.0,5.0,0.03,,,False,26.390403489640136,6.109596510359864,
2026-08-26,TGT,buy-first put-tail inventory,,,True,48.61015873015873,164.13,2.6389844287411757,-3.133852691218131,14.871173235499558,30.408610903004043,87.58620689655172,10.12,28.8592,0.6876999999999995,18.253968253968253,-0.0823,74.2063492063492,0.6053999999999995,13.095238095238097,0.5734999999999992,1.4227999999999952,48.80952380952381,1.0299999999999976,51.19047619047619,33.73015873015873,10.317460317460318,35561.5,455237,770118612.9,96.9599,2.0549,0000-00-00,12,False,Discount Retail,C. Defensive,XLP,290,257,False,combined put quote widths exceed 0.10,put,2026-10-16,52.0,BTO,115.0,0.9988269974354139,0.05,0.09,518.0,40.0,STO,110.0,0.02,0.5,367.0,1.0,5.0,0.06999999999999999,,,False,29.933589228050938,2.5664107719490623,
2026-08-24,LVS,buy-first put-tail inventory,,,True,48.56666666666666,46.88,3.100945678469325,-5.560032232070911,0.3622288635604764,-3.2463552316894573,32.8719723183391,13.1,28.8968,2.0672999999999995,13.88888888888889,-0.7973999999999961,42.06349206349206,1.2699000000000034,2.7777777777777777,-1.0189999999999948,2.8536,43.25396825396825,6.132699999999996,79.36507936507937,19.84126984126984,22.61904761904762,5933.05,136462,235327114.98,83.9605,4.66451,0000-00-00,8,False,Resort & Casino Operations,C. Cyclical,XLY,289,256,False,spread debit outside 0.00-0.10; one leg lacks a two-sided put quote; combined put quote widths exceed 0.10; one put leg has OI below 25,put,2026-10-16,54.0,BTO,30.0,0.9995315592677452,0.0,0.14,5.0,0.0,STO,27.5,0.0,0.13,0.0,0.0,2.5,0.14,,,False,36.00682593856656,3.506825938566557,
2026-09-02,XYZ,buy-first put-tail inventory,,,True,48.49714285714286,82.82,-0.7430488974113136,-2.7820166686230885,3.4859340598923927,23.351553291783187,80.48780487804879,14.36,38.2217,0.8912000000000049,7.5396825396825395,-0.3066999999999993,67.85714285714286,0.5845000000000056,3.1746031746031744,1.044700000000006,1.737400000000001,46.42857142857143,0.0634999999999976,37.698412698412696,17.857142857142858,7.142857142857143,22458.55,465350,381683961.12,98.0907,3.63803,0000-00-00,9,False,Infrastructure Software,Industrials,XLI,287,252,False,spread debit outside 0.00-0.10; one leg lacks a two-sided put quote; combined put quote widths exceed 0.10; one put leg has OI below 25,put,2026-10-16,45.0,BTO,60.0,0.9873651552635518,0.01,0.21,4.0,0.0,STO,55.0,0.0,1.8,0.0,0.0,5.0,0.21,,,False,27.553730982854375,4.9462690171456245,
2026-08-28,UAL,buy-first put-tail inventory,,,True,48.4584126984127,110.96,-1.770538243626063,-16.921233902365984,-10.001687062823647,-0.5097159222298919,39.93055555555556,14.24,40.632000000000005,1.1644000000000003,5.555555555555555,-0.268500000000003,89.28571428571429,0.8958999999999975,5.9523809523809526,1.897099999999995,2.0593000000000004,57.142857142857146,-2.368299999999998,18.253968253968253,1.984126984126984,5.158730158730159,12856.1,309709,335493927.93,92.7746,5.01936,0000-00-00,7,False,Airlines,Industrials,XLI,288,247,False,one leg lacks a two-sided put quote,put,2026-09-18,22.0,BTO,77.5,0.9998645844178327,0.0,0.04,484.0,0.0,STO,75.0,0.0,0.03,926.0,0.0,2.5,0.04,,,False,30.155010814707992,2.3449891852920075,
2026-09-01,TSM,buy-first put-tail inventory,,,True,48.43761904761905,414.9,-0.163626738534095,-3.634885611427252,-1.5946925172120374,-1.762971906275579,38.88888888888889,10.61,31.3227,-0.0539999999999984,17.857142857142858,0.3763000000000005,70.23809523809524,0.322300000000002,11.904761904761903,1.9639000000000024,1.635900000000003,40.87301587301587,-0.7439999999999998,32.53968253968254,11.904761904761903,8.333333333333334,104380.9,1865431,4129383474.6,98.9459,1.4302,0000-00-00,6,False,Semiconductors,Technology,XLK,288,252,False,no roughly $5-wide put spread 25-45% OTM in current/next monthly,,,,,,,,,,,,,,,,,,,,,False,,,
2026-08-26,CEG,buy-first put-tail inventory,,,True,48.412063492063496,279.93,2.628684557853056,-1.3497321680293162,5.788293412200596,-0.9106475162297678,39.310344827586206,10.08,41.1268,0.4887000000000085,19.444444444444443,0.0714999999999932,74.60317460317461,0.5602000000000018,13.095238095238097,2.871199999999994,4.638300000000001,86.5079365079365,2.220399999999998,55.95238095238095,47.22222222222222,9.126984126984128,8854.65,207307,759822657.84,92.5983,4.32086,0000-00-00,10,False,Independent Power Production,Utilities,XLU,290,257,False,spread debit outside 0.00-0.10; one leg lacks a two-sided put quote; combined put quote widths exceed 0.10,put,2026-09-18,24.0,BTO,180.0,0.999747639101172,0.0,0.2,178.0,0.0,STO,175.0,0.0,4.3,123.0,0.0,5.0,0.2,,,False,35.69821026685243,3.1982102668524277,
2026-08-24,BE,buy-first put-tail inventory,,,True,48.3968253968254,203.59,-13.207144988702725,-14.60509206828572,-15.828145374744384,-31.355008120112295,7.612456747404845,12.0,90.3418,-5.328299999999999,13.492063492063492,3.442999999999998,84.52380952380952,-1.8853000000000009,9.523809523809524,10.616199999999992,11.227800000000002,79.36507936507937,6.837000000000003,73.41269841269842,6.349206349206349,14.682539682539682,136428.6,842368,3354753900.75,98.6176,5.06238,0000-00-00,9,False,Electrical Equipment Manufacturing,Industrials,XLI,289,256,False,spread debit outside 0.00-0.10; combined put quote widths exceed 0.10,put,2026-09-18,26.0,BTO,130.0,0.9749212134733268,0.4,0.54,1927.0,143.0,STO,125.0,0.34,0.53,666.0,30.0,5.0,0.2,,,False,36.14617613831721,3.646176138317209,
2026-09-01,CIFR,buy-first put-tail inventory,,,True,48.362380952380946,14.7,-9.871244635193133,-22.712933753943226,-26.549212027941284,-39.08799815018314,5.555555555555555,7.59,91.1472,-3.7002999999999986,21.03174603174603,3.0438000000000045,73.41269841269842,-0.6564999999999941,24.20634920634921,13.951800000000006,10.5154,47.61904761904762,-5.754800000000003,17.063492063492063,5.158730158730159,2.7777777777777777,142966.35,1593413,567344082.0,92.0174,6.72232,0000-00-00,8,False,Investment Banking & Brokerage,Financials,XLF,288,252,False,one leg lacks a two-sided put quote,put,2026-09-18,18.0,BTO,11.0,0.935199316339089,0.07,0.09,1640.0,11.0,STO,6.0,0.0,0.02,2294.0,0.0,5.0,0.09,,,False,25.170068027210878,7.329931972789122,
2026-08-27,APA,buy-first put-tail inventory,,,True,48.31793650793651,42.34,-4.725472547254716,-4.725472547254716,15.56433827543291,18.291640026541938,76.38888888888889,13.19,40.1006,0.1974000000000018,11.11111111111111,0.4309999999999974,59.92063492063492,0.6283999999999992,6.349206349206349,4.357100000000003,4.625599999999999,33.73015873015873,1.262099999999997,40.476190476190474,9.523809523809524,16.666666666666668,8200.6,217098,244987451.79,91.2765,6.87615,0000-00-00,9,False,Oil & Gas Exploration,Energy,XLE,288,256,False,spread debit outside 0.00-0.10; one leg lacks a two-sided put quote; combined put quote widths exceed 0.10,put,2026-10-16,51.0,BTO,25.0,0.9979144167769847,0.01,0.12,1361.0,0.0,STO,20.0,0.0,0.1,112.0,0.0,5.0,0.12,,,False,40.954180444024566,8.454180444024566,
2026-08-25,TOST,buy-first put-tail inventory,,,True,48.236507936507934,36.61,4.124004550625715,-0.1908396946564861,18.757988023641303,59.89358696246043,97.92387543252596,14.7,38.9395,0.459699999999998,3.5714285714285716,0.9228999999999984,94.84126984126983,1.3825999999999965,6.746031746031746,4.704899999999995,7.0244,94.44444444444444,3.050600000000003,62.698412698412696,10.317460317460318,9.92063492063492,14324.9,308590,361505175.74,92.9968,3.42807,0000-00-00,10,False,Infrastructure Software,Financials,XLF,289,257,False,one leg lacks a two-sided put quote; combined put quote widths exceed 0.10,put,2026-09-18,25.0,BTO,27.0,0.9956747617104145,0.0,0.03,785.0,5.0,STO,22.0,0.0,0.25,624.0,0.0,5.0,0.03,,,False,26.249658563234092,6.250341436765908,
2026-08-31,CCJ,buy-first put-tail inventory,,,True,48.221428571428575,98.46,-3.763073013390683,-8.740383724163504,2.5509630166606234,-9.537630084054127,26.643598615916954,15.35,45.7519,-2.539200000000001,3.968253968253968,1.4273000000000025,84.92063492063492,-1.1118999999999986,3.1746031746031744,5.113599999999998,3.960899999999995,42.857142857142854,-0.0630000000000023,25.396825396825395,1.5873015873015872,13.095238095238097,24897.45,425327,295649862.03000003,96.9303,5.10843,0000-00-00,8,False,Uranium,Energy,XLE,289,251,False,one leg lacks a two-sided put quote; combined put quote widths exceed 0.10; one put leg has OI below 25,put,2026-10-16,47.0,BTO,65.0,0.994994432677319,0.0,0.07,1.0,2.0,STO,60.0,0.0,0.27,0.0,0.0,5.0,0.07,,,False,33.983343489742026,1.4833434897420261,
2026-09-01,DASH,buy-first put-tail inventory,,,True,48.209365079365085,225.75,-3.3356170249207784,-5.051312247644679,12.30840410130889,49.98463850532691,98.26388888888889,11.87,37.3977,1.0989999999999966,11.11111111111111,0.0018000000000029,86.9047619047619,1.1007999999999996,13.492063492063492,1.4322000000000017,3.4283,84.92063492063492,2.027699999999996,59.12698412698413,16.26984126984127,12.698412698412698,12824.7,205502,1048235567.24,94.9796,4.02313,0000-00-00,9,False,E-commerce & Internet Retail,C. Cyclical,XLY,288,252,False,one leg lacks a two-sided put quote; combined put quote widths exceed 0.10,put,2026-09-18,18.0,BTO,160.0,0.9997966021089325,0.0,0.1,2845.0,4.0,STO,155.0,0.0,0.31,793.0,12.0,5.0,0.1,,,False,29.125138427464,3.3748615725359983,
2026-08-26,DASH,buy-first put-tail inventory,,,True,48.19095238095238,237.76,7.060518731988452,0.0,21.228560910519455,52.47973755162565,96.20689655172414,9.19,36.8749,2.0009999999999977,21.825396825396822,-0.7485999999999962,64.68253968253968,1.2524000000000015,16.26984126984127,-1.184199999999997,-0.3866000000000014,45.23809523809524,3.360500000000002,69.84126984126983,27.38095238095238,20.634920634920636,13415.6,202185,1048685393.0,97.3469,3.69547,0000-00-00,10,False,E-commerce & Internet Retail,C. Cyclical,XLY,290,257,False,one leg lacks a two-sided put quote; combined put quote widths exceed 0.10,put,2026-09-18,24.0,BTO,160.0,0.9988912888005375,0.01,0.1,2826.0,366.0,STO,155.0,0.0,0.13,793.0,0.0,5.0,0.1,,,False,32.70524899057873,0.20524899057873114,
2026-08-25,DAL,buy-first put-tail inventory,,,True,48.16777777777778,83.59,-2.757096323871555,-10.89436094233024,-4.6512052343169135,8.193222620301288,55.017301038062286,14.61,34.536899999999996,1.2047000000000097,4.365079365079365,0.0080999999999988,84.52380952380952,1.2128000000000083,6.746031746031746,0.9924000000000036,-0.0046999999999997,13.88888888888889,-0.938299999999998,32.93650793650794,5.555555555555555,7.936507936507937,24555.25,396935,401183297.36,92.6536,3.65108,0000-00-00,6,False,Airlines,Industrials,XLI,289,257,False,one leg lacks a two-sided put quote; combined put quote widths exceed 0.10,put,2026-09-18,25.0,BTO,60.0,0.9998593603957115,0.01,0.06,5089.0,5.0,STO,57.5,0.0,0.06,886.0,0.0,2.5,0.06,,,False,28.221079076444553,4.278920923555447,
2026-08-31,JPM,buy-first put-tail inventory,,,True,48.16555555555556,356.14,-0.0336832650311591,-2.6088383285933103,2.3895691093654303,23.47358390459152,88.58131487889274,12.39,19.8666,2.392400000000002,13.492063492063492,-0.9834000000000032,75.7936507936508,1.408999999999999,8.73015873015873,-0.9385000000000012,-0.7381999999999991,60.714285714285715,-0.1882999999999981,27.38095238095238,2.7777777777777777,6.746031746031746,40652.8,641660,1996972252.44,98.4195,1.75412,0000-00-00,6,False,Diversified Banking,Financials,XLF,289,251,False,spread debit outside 0.00-0.10; combined put quote widths exceed 0.10,put,2026-10-16,47.0,BTO,255.0,0.9929437172864602,0.06,0.32,180.0,0.0,STO,250.0,0.1,0.24,129.0,60.0,5.0,0.22,,,True,28.398944235413037,4.101055764586963,
2026-08-24,DAL,buy-first put-tail inventory,,,True,48.135238095238094,82.27,-6.543223900942863,-12.301460398678188,-6.141689883107815,9.43497118787393,62.28373702422145,14.96,34.883399999999995,1.2709999999999937,4.365079365079365,-0.1488999999999904,80.55555555555556,1.1221000000000032,5.158730158730159,2.3530000000000015,1.1554000000000002,31.746031746031747,-0.7822999999999993,34.12698412698413,2.7777777777777777,11.11111111111111,24300.95,392338,406254022.29,95.314,3.19766,0000-00-00,6,False,Airlines,Industrials,XLI,289,256,False,one leg lacks a two-sided put quote,put,2026-09-18,26.0,BTO,60.0,0.9990129940767436,0.01,0.03,5089.0,5.0,STO,55.0,0.0,0.07,4612.0,5.0,5.0,0.03,,,False,27.06940561565576,5.430594384344239,
2026-08-25,AXP,buy-first put-tail inventory,,,True,48.12952380952381,336.4,-0.6438655561462614,-3.7206639954207255,-1.9254563498311117,10.92379655707576,62.629757785467135,15.68,23.7695,0.9495000000000005,3.5714285714285716,-0.3091000000000008,89.68253968253968,0.6403999999999996,2.380952380952381,0.4853000000000023,0.7714999999999996,63.095238095238095,0.4637999999999955,41.666666666666664,3.1746031746031744,17.063492063492063,13053.15,244523,872834965.7299999,97.6451,2.18732,0000-00-00,8,False,Credit & Lending Services,Financials,XLF,289,257,False,spread debit outside 0.00-0.10; one leg lacks a two-sided put quote; combined put quote widths exceed 0.10; one put leg has OI below 25,put,2026-10-16,53.0,BTO,190.0,0.9974388220819878,0.0,2.14,7.0,0.0,STO,185.0,0.0,2.14,11.0,0.0,5.0,2.14,,,False,43.51961950059453,11.01961950059453,
2026-08-27,SHOP,buy-first put-tail inventory,,,True,48.11047619047619,153.98,3.942216821925215,-2.7904040404040487,18.527299458860313,36.37189009814972,89.93055555555556,13.08,43.0235,-0.0006999999999948,11.507936507936508,0.1636000000000024,81.74603174603175,0.1629000000000076,7.5396825396825395,1.7524999999999975,3.660299999999999,73.80952380952381,1.1027000000000058,44.84126984126984,26.19047619047619,9.92063492063492,44191.4,791903,1583441012.1599998,95.7628,4.7175,0000-00-00,9,False,Application Software,Technology,XLK,288,256,False,combined put quote widths exceed 0.10,put,2026-09-18,23.0,BTO,100.0,0.9999075673830408,0.03,0.11,7258.0,0.0,STO,95.0,0.01,0.17,695.0,0.0,5.0,0.1,,,False,35.05650084426548,2.5565008442654786,
2026-08-25,CART,buy-first put-tail inventory,,,True,48.0615873015873,51.47,5.0837076357697075,-0.2326032176778514,9.78533522174634,28.649289621854138,85.46712802768167,9.24,35.0601,1.134599999999999,14.285714285714286,1.1460000000000008,69.04761904761905,2.2805999999999997,24.20634920634921,4.649999999999999,5.605100000000007,46.03174603174603,2.014100000000006,54.76190476190476,28.571428571428573,17.46031746031746,4858.85,95118,230010436.38,80.2343,5.05035,0000-00-00,10,False,E-commerce & Internet Retail,C. Defensive,XLP,289,257,False,spread debit outside 0.00-0.10; one leg lacks a two-sided put quote; combined put quote widths exceed 0.10; one put leg has OI below 25,put,2026-09-18,25.0,BTO,35.0,0.9993742496765377,0.0,0.15,2557.0,0.0,STO,31.0,0.0,0.1,0.0,0.0,4.0,0.15,,,False,31.999222848261123,0.5007771517388768,
2026-08-26,DAL,buy-first put-tail inventory,,,True,48.04714285714285,83.56,0.5051719990377679,-10.926340475429065,-4.667374017409975,4.966560946656418,49.6551724137931,14.81,34.6601,1.534299999999995,8.73015873015873,-0.6758999999999986,57.142857142857146,0.858399999999996,1.984126984126984,0.0555999999999983,0.6186999999999969,21.825396825396822,1.2205000000000013,47.22222222222222,2.380952380952381,11.507936507936508,24473.7,419878,399218520.38,93.5178,2.91606,0000-00-00,6,False,Airlines,Industrials,XLI,290,257,False,one leg lacks a two-sided put quote; combined put quote widths exceed 0.10,put,2026-09-18,24.0,BTO,60.0,0.9997134641458755,0.01,0.06,5085.0,4.0,STO,57.5,0.0,0.06,886.0,0.0,2.5,0.06,,,False,28.19530876017233,4.304691239827669,
2026-08-31,VRT,buy-first put-tail inventory,,,True,48.04206349206349,257.68,1.3371086990718872,-12.171512321483346,-10.444005608023607,-16.28634012090251,19.377162629757784,15.45,50.9706,-0.2825000000000059,4.365079365079365,0.3874000000000066,93.25396825396824,0.1049000000000006,3.1746031746031744,2.3558999999999983,0.3603000000000023,64.28571428571429,0.4712000000000103,39.285714285714285,11.507936507936508,11.11111111111111,26215.45,429915,1246682980.76,98.1042,4.75241,0000-00-00,7,False,Electrical Equipment Manufacturing,Industrials,XLI,289,251,False,one leg lacks a two-sided put quote; combined put quote widths exceed 0.10,put,2026-09-18,19.0,BTO,170.0,0.9984619943459346,0.03,0.07,1413.0,22.0,STO,165.0,0.0,0.13,1354.0,0.0,5.0,0.07,,,False,34.02669978267618,1.5266997826761823,
2026-09-01,UAL,buy-first put-tail inventory,,,True,47.98761904761904,104.37,-10.07237635705669,-21.855345911949687,-15.007589625991036,0.7978228464592503,44.79166666666667,16.06,40.574,0.4812999999999974,2.7777777777777777,-0.0145999999999943,93.65079365079364,0.466700000000003,1.984126984126984,3.318800000000003,3.4575999999999993,73.01587301587301,-2.0254000000000048,19.047619047619047,1.1904761904761905,5.555555555555555,12900.3,314753,321897455.91999996,92.6457,4.40629,0000-00-00,7,False,Airlines,Industrials,XLI,288,252,False,one leg lacks a two-sided put quote; combined put quote widths exceed 0.10,put,2026-09-18,18.0,BTO,75.0,0.9999272015935943,0.0,0.03,926.0,0.0,STO,72.5,0.0,0.16,189.0,0.0,2.5,0.03,,,False,28.140270192584083,4.359729807415917,
2026-09-01,WULF,buy-first put-tail inventory,,,True,47.97349206349206,14.68,-9.605911330049254,-19.956379498364228,-23.19203038833022,-38.99424108499599,5.902777777777778,9.09,81.671,-1.2436000000000007,23.80952380952381,1.0868999999999858,63.095238095238095,-0.1567000000000149,15.873015873015872,7.326199999999986,13.738199999999992,66.26984126984127,2.4746999999999986,29.761904761904763,9.92063492063492,2.380952380952381,151213.7,2629279,471916561.92,98.74,5.40713,0000-00-00,9,False,Investment Banking & Brokerage,Financials,XLF,288,252,False,one leg lacks a two-sided put quote; one put leg has OI below 25,put,2026-09-18,18.0,BTO,10.0,0.9852709112632922,0.01,0.06,10034.0,0.0,STO,7.0,0.0,0.04,0.0,0.0,3.0,0.06,,,False,31.880108991825608,0.6198910081743918,
2026-08-24,TFC,buy-first put-tail inventory,,,True,47.952063492063495,50.82,-3.365658870507704,-4.34782608695653,-0.9858551221603062,6.490790620860198,53.28719723183391,15.54,25.2288,2.7255000000000003,3.968253968253968,-0.7520999999999987,93.65079365079364,1.9734000000000016,3.5714285714285716,-0.389800000000001,-0.389800000000001,80.15873015873017,0.0,18.650793650793652,11.11111111111111,39.68253968253968,3440.55,150552,322274203.06,58.0581,2.20868,0000-00-00,7,False,Regional Banking,Financials,XLF,289,256,False,spread debit outside 0.00-0.10; one leg lacks a two-sided put quote; combined put quote widths exceed 0.10; one put leg has OI below 25,put,2026-10-16,54.0,BTO,35.0,0.9995071975819554,0.0,0.15,30.0,0.0,STO,32.5,0.0,0.1,0.0,0.0,2.5,0.15,,,True,31.129476584022044,1.3705234159779565,
2026-08-25,UPS,buy-first put-tail inventory,,,True,47.92809523809523,105.5,3.4922503433392205,-3.2376410162340608,-2.5198840956801916,5.994836349130761,50.17301038062284,12.31,24.0998,0.8861999999999988,16.666666666666668,-0.2311999999999976,66.26984126984127,0.6550000000000011,7.142857142857143,-0.1496999999999992,1.390900000000002,51.98412698412698,2.5511000000000053,78.57142857142857,9.92063492063492,21.03174603174603,23880.95,347237,557385221.76,93.2336,2.26248,0000-00-00,9,False,Freight & Logistics Services,Industrials,XLI,289,257,False,one leg lacks a two-sided put quote; combined put quote widths exceed 0.10,put,2026-10-16,53.0,BTO,75.0,0.999726357713573,0.0,0.09,137.0,0.0,STO,70.0,0.0,0.64,113.0,0.0,5.0,0.09,,,False,28.90995260663507,3.59004739336493,
2026-08-27,DAL,buy-first put-tail inventory,,,True,47.889047619047616,81.31,0.2836704489393327,-13.324805457840316,-7.184391544659052,0.7537948902322844,43.40277777777778,14.73,34.2561,1.4268999999999965,7.5396825396825395,-0.3579000000000008,70.63492063492063,1.0689999999999955,4.365079365079365,3.333500000000001,3.7188000000000088,59.92063492063492,-0.5114999999999981,35.714285714285715,3.968253968253968,5.9523809523809526,24650.8,424314,390805661.44,89.6632,5.21306,0000-00-00,6,False,Airlines,Industrials,XLI,288,256,False,one leg lacks a two-sided put quote; combined put quote widths exceed 0.10,put,2026-09-18,23.0,BTO,60.0,0.9991924752748399,0.01,0.05,5085.0,3.0,STO,55.0,0.0,0.07,4607.0,0.0,5.0,0.05,,,False,26.208338457754277,6.291661542245723,
2026-08-26,QUBT,buy-first put-tail inventory,,,True,47.86333333333334,8.36,0.0,-9.1304347826087,-4.478976234003673,-24.675884956649973,11.724137931034482,10.47,73.925,-9.735399999999998,23.015873015873016,6.5952000000000055,65.47619047619048,-3.140199999999993,10.317460317460318,30.703999999999994,19.0265,33.333333333333336,-12.89009999999999,11.11111111111111,13.88888888888889,5.9523809523809526,24852.65,424546,72381086.64,66.548,7.7431,0000-00-00,10,False,Computer Hardware Manufacturing,Technology,XLK,290,257,False,no roughly $5-wide put spread 25-45% OTM in current/next monthly,,,,,,,,,,,,,,,,,,,,,False,,,
2026-08-28,GOOG,buy-first put-tail inventory,,,True,47.74301587301587,343.94,0.3091460569295323,-8.861094917589696,-1.2411331226109823,-5.943927140337857,29.51388888888889,13.13,26.6438,0.2576999999999962,11.11111111111111,0.2309999999999981,78.96825396825396,0.4886999999999943,9.523809523809524,2.4079000000000015,3.275400000000001,68.65079365079364,-0.6450000000000031,37.698412698412696,12.698412698412698,5.9523809523809526,161348.15,1773365,5801752434.48,98.5939,1.14618,0000-00-00,8,False,Internet Content & Media,Comm,XLC,288,247,False,one leg lacks a two-sided put quote; combined put quote widths exceed 0.10,put,2026-09-18,22.0,BTO,200.0,0.9993671781817646,0.0,0.04,1953.0,26.0,STO,195.0,0.01,0.31,375.0,42.0,5.0,0.03,,,False,41.85032273070885,9.350322730708847,
2026-08-27,BTU,buy-first put-tail inventory,,,True,47.6184126984127,29.27,8.527994067482393,0.0,21.934962465527462,2.8842136287005493,49.65277777777778,10.08,51.8296,-1.1011999999999986,28.571428571428573,1.0474999999999994,33.333333333333336,-0.0536999999999991,7.936507936507937,2.642400000000002,6.859899999999996,32.53968253968254,4.380099999999992,60.31746031746032,15.873015873015872,10.714285714285714,5466.55,158647,65419843.64,81.0123,6.69935,0000-00-00,9,False,Thermal Coal Mining,Energy,XLE,288,256,False,one leg lacks a two-sided put quote; combined put quote widths exceed 0.10; one put leg has OI below 25,put,2026-09-18,23.0,BTO,18.0,0.9995203863898171,0.0,0.04,75.0,3.0,STO,14.0,0.0,0.45,0.0,0.0,4.0,0.04,,,False,38.50358729074137,6.003587290741372,
2026-08-24,MMM,buy-first put-tail inventory,,,True,47.60126984126984,178.72,-0.6835232008891357,-3.006621078910232,5.424476269464784,18.27191526766152,76.12456747404845,7.24,22.7812,2.530599999999996,28.96825396825397,-0.8062999999999967,49.6031746031746,1.7242999999999995,21.825396825396822,-0.759999999999998,0.561399999999999,53.57142857142857,2.0077999999999996,63.492063492063494,8.333333333333334,16.666666666666668,6792.25,106125,559486943.0400001,87.2094,2.91778,0000-00-00,8,False,Conglomerates,Industrials,XLI,289,256,False,spread debit outside 0.00-0.10; one leg lacks a two-sided put quote; combined put quote widths exceed 0.10,put,2026-10-16,54.0,BTO,125.0,0.9994846379700163,0.0,0.35,252.0,18.0,STO,120.0,0.02,0.33,1808.0,0.0,5.0,0.32999999999999996,,,False,30.058191584601612,2.4418084153983877,
2026-09-02,BTU,buy-first put-tail inventory,,,True,47.56730158730159,29.46,7.833089311859443,-0.2708192281651977,20.896257386736707,2.986851479505925,44.25087108013937,9.02,50.2908,-1.5111999999999952,25.396825396825395,1.8355999999999923,54.76190476190476,0.3243999999999971,16.666666666666668,7.377299999999998,13.566300000000004,63.888888888888886,4.932000000000002,61.507936507936506,35.714285714285715,3.968253968253968,6071.05,168993,63216403.5,84.674,6.78966,0000-00-00,8,False,Thermal Coal Mining,Energy,XLE,287,252,False,combined put quote widths exceed 0.10; one put leg has OI below 25,put,2026-10-16,45.0,BTO,19.0,0.9941648391926503,0.04,0.06,22.0,133.0,STO,14.0,0.01,0.1,5.0,4.0,5.0,0.049999999999999996,,,False,35.50577053632043,3.0057705363204335,
2026-09-02,SBUX,buy-first put-tail inventory,,,True,47.54587301587302,106.87,-1.092086996760755,-1.9541284403669643,1.3831442340530575,16.30071651355446,70.73170731707317,10.47,26.1262,1.520500000000002,25.396825396825395,-0.5962999999999994,51.58730158730159,0.9242000000000026,9.523809523809524,1.9900999999999984,-0.0682000000000009,20.238095238095237,-2.9459000000000017,23.41269841269841,2.380952380952381,4.365079365079365,17151.2,484157,633326672.5500001,85.9896,2.31278,0000-00-00,8,False,Restaurants,C. Cyclical,XLY,287,252,False,one leg lacks a two-sided put quote; combined put quote widths exceed 0.10,put,2026-10-16,45.0,BTO,75.0,0.9997506128594058,0.02,0.1,813.0,5.0,STO,70.0,0.0,0.09,348.0,0.0,5.0,0.1,,,False,29.82127818845326,2.6787218115467404,
2026-08-31,UAL,buy-first put-tail inventory,,,True,47.46412698412699,108.44,-4.483396459085709,-18.808026355196173,-11.904293812665834,0.3739770398043074,45.32871972318339,14.52,40.0986,1.3656000000000006,6.349206349206349,-0.2351999999999989,89.28571428571429,1.1304000000000016,8.73015873015873,2.4810000000000016,2.772299999999994,65.47619047619048,-1.2593000000000032,20.634920634920636,3.5714285714285716,5.9523809523809526,12735.8,308332,325786456.8,96.1233,4.25176,0000-00-00,7,False,Airlines,Industrials,XLI,289,251,False,one leg lacks a two-sided put quote,put,2026-09-18,19.0,BTO,60.0,0.9991249637433745,0.0,0.02,318.0,0.0,STO,55.0,0.0,0.05,277.0,0.0,5.0,0.02,,,False,44.66986351899668,12.169863518996678,
2026-08-25,FSLR,buy-first put-tail inventory,,,True,47.45888888888889,205.97,-6.262230919765166,-17.985983913355096,-9.585666450694164,-20.7736024982609,14.53287197231834,11.43,49.432500000000005,-0.5137,16.26984126984127,0.5225999999999971,81.34920634920636,0.008899999999997,14.285714285714286,3.279299999999992,2.958600000000004,47.22222222222222,-0.777799999999992,26.984126984126984,12.301587301587302,15.07936507936508,28134.8,585507,543871996.18,94.419,5.22753,0000-00-00,9,False,Solar,Technology,XLK,289,257,False,one leg lacks a two-sided put quote; one put leg has OI below 25,put,2026-10-16,53.0,BTO,115.0,0.999099643664665,0.0,0.06,1.0,0.0,STO,110.0,0.0,0.04,30.0,0.0,5.0,0.06,,,False,44.166626207700155,11.666626207700155,
2026-08-28,XYZ,buy-first put-tail inventory,,,True,47.44396825396825,83.49,1.8170731707316976,-1.9955393825566436,4.925161176810633,13.371584594176456,71.52777777777779,10.81,36.5967,1.8633999999999984,23.015873015873016,-0.6927999999999983,48.80952380952381,1.1706000000000003,10.714285714285714,1.897199999999998,2.0370999999999952,49.6031746031746,-0.3186999999999997,36.111111111111114,7.142857142857143,4.365079365079365,26590.2,466592,407726650.4,98.2888,3.64838,0000-00-00,10,False,Infrastructure Software,Industrials,XLI,288,247,False,spread debit outside 0.00-0.10; one leg lacks a two-sided put quote; combined put quote widths exceed 0.10,put,2026-09-18,22.0,BTO,62.5,0.9992244410804382,0.01,0.11,834.0,0.0,STO,60.0,0.0,0.11,1867.0,3.0,2.5,0.11,,,False,25.14073541741525,7.35926458258475,
2026-09-01,BTU,buy-first put-tail inventory,,,True,47.37460317460318,29.19,6.068313953488369,-1.1848341232227444,20.30465639605332,4.006639390120158,51.041666666666664,10.8,50.8666,-1.875700000000002,19.444444444444443,2.113199999999999,60.31746031746032,0.2374999999999971,14.682539682539682,24.120200000000004,6.487200000000001,30.952380952380953,-17.8108,7.936507936507937,26.19047619047619,5.9523809523809526,5979.45,165521,64468509.720000006,85.9097,6.15176,0000-00-00,8,False,Thermal Coal Mining,Energy,XLE,288,252,False,combined put quote widths exceed 0.10; one put leg has OI below 25,put,2026-10-16,46.0,BTO,19.0,0.9884639708164421,0.01,0.09,20.0,4.0,STO,14.0,0.01,0.12,4.0,3.0,5.0,0.08,,,False,34.90921548475505,2.4092154847550518,
2026-08-28,BAC,buy-first put-tail inventory,,,True,47.36126984126984,62.36,0.9715025906735786,-3.8692770155696055,2.02445576595236,24.0420013645506,84.02777777777779,17.48,19.5809,1.785299999999996,0.7936507936507936,-0.5329999999999977,94.84126984126983,1.2522999999999982,0.0,-0.4192999999999998,-0.298099999999998,43.25396825396825,0.3551000000000002,39.68253968253968,0.3968253968253968,9.92063492063492,112795.3,2359349,1673520117.87,89.6665,1.14786,0000-00-00,6,False,Diversified Banking,Financials,XLF,288,247,False,no roughly $5-wide put spread 25-45% OTM in current/next monthly,,,,,,,,,,,,,,,,,,,,,False,,,
2026-08-25,AVGO,buy-first put-tail inventory,,other,True,47.3163492063492,355.93,-6.129176886357046,-16.367865786320156,-8.26532205977636,-13.03119571271226,19.72318339100346,16.89,50.6618,-2.495600000000003,1.984126984126984,1.572600000000001,98.015873015873,-0.9230000000000018,1.984126984126984,4.8352,6.399900000000002,93.25396825396824,12.0163,88.4920634920635,1.5873015873015872,88.0952380952381,229364.95,2097002,7102022287.76,98.4363,1.52122,0000-00-00,1,True,Semiconductors,Technology,XLK,289,257,False,spread debit outside 0.00-0.10; combined put quote widths exceed 0.10,put,2026-10-16,53.0,BTO,200.0,0.997004724273043,0.05,0.18,641.0,10.0,STO,195.0,0.01,0.26,232.0,6.0,5.0,0.16999999999999998,,,True,43.80917596156547,11.309175961565472,
2026-08-26,AXP,buy-first put-tail inventory,,,True,47.28031746031746,337.06,-0.7537836405394294,-3.5317687464224368,-1.736591327305281,10.285135934120282,63.793103448275865,15.18,23.6857,1.2841999999999985,7.936507936507937,-0.4811000000000014,82.14285714285714,0.803099999999997,4.761904761904762,-0.2523999999999979,0.1512000000000029,49.6031746031746,0.843399999999999,47.22222222222222,12.698412698412698,18.650793650793652,12835.8,249412,839691907.25,96.3751,1.86854,0000-00-00,8,False,Credit & Lending Services,Financials,XLF,290,257,False,spread debit outside 0.00-0.10; one leg lacks a two-sided put quote; combined put quote widths exceed 0.10; one put leg has OI below 25,put,2026-10-16,52.0,BTO,190.0,0.9975824246187971,0.0,0.73,7.0,0.0,STO,185.0,0.0,1.07,11.0,0.0,5.0,0.73,,,False,43.63021420518602,11.130214205186022,
2026-08-25,QUBT,buy-first put-tail inventory,,,True,47.226349206349205,8.48,-1.0501750291715295,-7.826086956521728,-3.747928537377132,-24.74673226368288,11.76470588235294,11.98,74.5474,-11.175699999999992,15.07936507936508,8.4195,79.76190476190476,-2.7561999999999927,13.88888888888889,34.5316,21.293400000000005,45.63492063492063,-13.603899999999996,9.92063492063492,2.7777777777777777,7.936507936507937,25713.0,414132,72382623.76,70.1686,8.62939,0000-00-00,10,False,Computer Hardware Manufacturing,Technology,XLK,289,257,False,no roughly $5-wide put spread 25-45% OTM in current/next monthly,,,,,,,,,,,,,,,,,,,,,False,,,
2026-08-26,UAL,buy-first put-tail inventory,,,True,47.22079365079365,115.58,-0.5506797453106227,-13.46211440551064,-6.425381568763355,5.039075860199405,50.3448275862069,16.43,41.7126,0.8515000000000015,3.5714285714285716,-0.0712000000000045,92.85714285714286,0.7802999999999969,3.1746031746031744,5.329099999999997,5.250899999999994,86.9047619047619,0.3211000000000013,30.15873015873016,4.761904761904762,13.492063492063492,13139.15,305691,369062836.88,91.5375,3.89085,0000-00-00,8,False,Airlines,Industrials,XLI,290,257,False,one leg lacks a two-sided put quote,put,2026-09-18,24.0,BTO,77.5,0.9999334644125809,0.0,0.04,484.0,0.0,STO,75.0,0.0,0.03,926.0,0.0,2.5,0.04,,,False,32.94687662225299,0.4468766222529865,
2026-08-28,WULF,buy-first put-tail inventory,,,True,47.070317460317455,15.3,-1.0349288486416586,-18.789808917197448,-22.1841337008819,-36.78659057480018,6.25,10.39,81.0225,-1.9061999999999983,22.61904761904762,1.5675000000000097,66.26984126984127,-0.3386999999999887,15.07936507936508,10.869200000000006,14.482799999999983,68.25396825396825,-2.3157000000000068,16.26984126984127,13.492063492063492,1.1904761904761905,158331.95,2652700,532682868.11999995,97.3356,6.60202,0000-00-00,10,False,Investment Banking & Brokerage,Financials,XLF,288,247,False,one leg lacks a two-sided put quote; one put leg has OI below 25,put,2026-09-18,22.0,BTO,9.0,0.9953238309658399,0.0,0.06,1.0,0.0,STO,5.0,0.0,0.04,0.0,0.0,4.0,0.06,,,False,41.17647058823529,8.67647058823529,
2026-09-02,RIVN,buy-first put-tail inventory,,,True,47.02650793650794,15.59,-3.765432098765431,-8.670181605155246,-5.1576244996288985,-8.934836561585103,25.435540069686414,10.91,52.9386,-3.654999999999994,20.634920634920636,3.5101999999999975,65.87301587301587,-0.1447999999999965,14.682539682539682,12.710900000000002,14.311100000000003,37.301587301587304,-4.124100000000006,25.79365079365079,11.904761904761903,1.1904761904761905,86071.75,2332627,327095158.44,90.2861,3.23863,0000-00-00,8,False,Automobile Manufacturing,C. Cyclical,XLY,287,252,False,one leg lacks a two-sided put quote,put,2026-09-18,17.0,BTO,10.0,0.9995443699477758,0.0,0.02,26527.0,5.0,STO,5.0,0.0,0.03,1188.0,1.0,5.0,0.02,,,False,35.856318152661956,3.356318152661956,
2026-08-31,DASH,buy-first put-tail inventory,,,True,47.016031746031736,232.75,1.6064958309687016,-2.1071668909825036,16.40002600559123,44.77636646828537,97.57785467128028,9.73,36.7819,1.8400999999999996,20.238095238095237,-0.3635000000000019,79.36507936507937,1.4765999999999977,21.03174603174603,0.2987999999999999,2.220100000000002,74.60317460317461,2.1739000000000033,60.31746031746032,30.15873015873016,10.317460317460318,12650.65,203274,1067912123.18,97.016,4.47782,0000-00-00,9,False,E-commerce & Internet Retail,C. Cyclical,XLY,289,251,False,combined put quote widths exceed 0.10,put,2026-09-18,19.0,BTO,150.0,0.9992878262504638,0.02,0.1,1331.0,0.0,STO,145.0,0.01,0.13,1168.0,1.0,5.0,0.09000000000000001,,,False,35.5531686358754,3.0531686358754015,
2026-08-24,SBUX,buy-first put-tail inventory,,,True,46.97761904761904,107.37,0.0932227090519433,-1.495412844036692,2.6562311768226765,5.620804019008685,52.24913494809689,12.07,26.2793,1.333999999999996,17.46031746031746,-0.305499999999995,67.85714285714286,1.028500000000001,12.301587301587302,1.6494,0.5808999999999926,30.555555555555557,0.7376999999999967,44.84126984126984,13.88888888888889,23.80952380952381,23331.5,454188,814602854.84,87.0241,2.59254,0000-00-00,9,False,Restaurants,C. Cyclical,XLY,289,256,False,one leg lacks a two-sided put quote; combined put quote widths exceed 0.10,put,2026-09-18,26.0,BTO,80.0,0.9993654296408228,0.01,0.05,5424.0,0.0,STO,75.0,0.0,0.15,2879.0,0.0,5.0,0.05,,,False,25.49129179472851,7.008708205271489,
2026-08-25,APA,buy-first put-tail inventory,,,True,46.82777777777777,41.47,-1.9621749408983424,-6.683168316831678,14.099721010086563,13.393714656136524,68.16608996539793,15.95,40.9318,-0.3768999999999991,5.555555555555555,0.9790999999999954,84.12698412698413,0.6021999999999963,5.555555555555555,4.6952,8.714400000000005,80.15873015873017,5.816299999999998,74.60317460317461,28.96825396825397,26.19047619047619,7996.95,214047,261196284.48,92.1073,4.78272,0000-00-00,10,False,Oil & Gas Exploration,Energy,XLE,289,257,False,one leg lacks a two-sided put quote; combined put quote widths exceed 0.10,put,2026-10-16,53.0,BTO,27.5,0.9900521765533319,0.03,0.05,113.0,0.0,STO,22.5,0.0,0.48,184.0,0.0,5.0,0.05,,,False,33.687002652519894,1.1870026525198938,
2026-08-28,NEE,buy-first put-tail inventory,,,True,46.801587301587304,81.63,-2.601121584536459,-6.34465351078477,-6.105716474461165,-2.6978905792214847,36.11111111111111,5.5,20.5001,2.0786000000000016,43.25396825396825,-0.8652000000000015,24.20634920634921,1.2134,20.238095238095237,-1.257200000000001,0.9711999999999996,32.53968253968254,0.0184000000000033,38.888888888888886,11.904761904761903,1.5873015873015872,27139.8,466505,876335670.6999999,77.0512,2.51348,0000-00-00,8,False,Regulated Electric Utilities,Utilities,XLU,288,247,False,one leg lacks a two-sided put quote; combined put quote widths exceed 0.10,put,2026-09-18,22.0,BTO,55.0,0.9999706283151916,0.0,0.1,364.0,0.0,STO,50.0,0.0,0.1,68.0,0.0,5.0,0.1,,,False,32.62281024133284,0.1228102413328429,
2026-08-28,NCLH,buy-first put-tail inventory,,,True,46.75571428571429,16.71,-3.242617255356106,-18.328445747800583,-13.180372841199572,-5.792145975622464,30.208333333333332,17.53,42.2402,1.478500000000004,3.5714285714285716,-0.6323000000000008,57.142857142857146,0.8462000000000032,0.0,-0.9707000000000008,5.404200000000003,71.42857142857143,5.276400000000002,68.25396825396825,0.3968253968253968,12.301587301587302,18994.25,589416,249833649.59999996,60.4983,7.22837,0000-00-00,9,False,Travel & Tourism Services,C. Cyclical,XLY,288,247,False,no roughly $5-wide put spread 25-45% OTM in current/next monthly,,,,,,,,,,,,,,,,,,,,,False,,,
2026-08-31,DAL,buy-first put-tail inventory,,,True,46.751111111111115,78.42,-4.679713139662079,-16.405500479692993,-10.321183275506773,-0.1220520726490814,43.944636678200695,14.36,34.0312,1.801099999999998,13.492063492063492,-0.6878999999999991,57.142857142857146,1.113199999999999,5.9523809523809526,1.2710000000000008,0.3624000000000009,18.253968253968253,-2.115400000000001,23.80952380952381,7.5396825396825395,5.9523809523809526,26488.05,411629,366505451.91,90.3379,3.69082,0000-00-00,5,False,Airlines,Industrials,XLI,289,251,False,one leg lacks a two-sided put quote,put,2026-09-18,19.0,BTO,57.5,0.9986539825732562,0.0,0.03,885.0,0.0,STO,52.5,0.0,0.05,467.0,0.0,5.0,0.03,,,False,26.67686814588115,5.823131854118849,
2026-09-02,UAL,buy-first put-tail inventory,,,True,46.724603174603175,109.16,-5.554594220453368,-16.075959098946726,-10.941558865377845,8.413026215240592,54.70383275261324,16.45,40.036,1.1529000000000025,5.9523809523809526,-0.4988000000000028,78.17460317460318,0.6540999999999997,3.1746031746031744,-0.6510000000000034,2.0951999999999984,57.142857142857146,-0.9110999999999976,23.41269841269841,6.349206349206349,3.5714285714285716,12554.85,321759,316969679.41999996,90.5255,3.87855,0000-00-00,7,False,Airlines,Industrials,XLI,287,252,False,one leg lacks a two-sided put quote,put,2026-09-18,17.0,BTO,80.0,0.9998566736260838,0.0,0.04,3059.0,5.0,STO,77.5,0.0,0.04,484.0,0.0,2.5,0.04,,,False,26.71308171491389,5.786918285086109,
2026-08-27,DIS,buy-first put-tail inventory,,,True,46.71285714285714,107.28,-0.3344481605351168,-3.56853932584269,6.664545572049296,5.509008038665764,56.25,15.43,21.5374,0.3850000000000015,6.349206349206349,0.3058999999999976,93.65079365079364,0.6908999999999992,7.936507936507937,2.6599999999999966,1.506499999999999,46.82539682539682,-0.6942999999999984,32.93650793650794,11.11111111111111,11.904761904761903,45658.5,674243,1129863334.13,85.2538,3.20664,0000-00-00,11,False,Entertainment,Comm,XLC,288,256,False,one leg lacks a two-sided put quote; combined put quote widths exceed 0.10,put,2026-10-16,51.0,BTO,80.0,0.9987904916403839,0.01,0.09,2794.0,20.0,STO,75.0,0.0,0.26,476.0,0.0,5.0,0.09,,,False,25.428784489187173,7.071215510812827,
2026-08-28,CRDO,buy-first put-tail inventory,,,True,46.66444444444444,232.56,0.8980866848887104,-18.293925447071636,-2.783885601347025,2.816812481325426,49.30555555555556,17.78,88.51400000000001,-4.734700000000004,1.5873015873015872,2.88130000000001,96.82539682539682,-1.8533999999999935,1.1904761904761905,5.92519999999999,6.889999999999986,70.23809523809524,21.501800000000003,92.85714285714286,0.3968253968253968,75.0,17599.6,195161,1078806368.64,95.1304,10.91235,0000-00-00,0,True,Semiconductors,Technology,XLK,288,247,False,spread debit outside 0.00-0.10; combined put quote widths exceed 0.10,put,2026-09-18,22.0,BTO,150.0,0.9844116689357509,0.4,0.65,457.0,12.0,STO,145.0,0.3,0.7,407.0,5.0,5.0,0.35000000000000003,,,True,35.50051599587203,3.0005159958720284,
2026-08-28,WYNN,buy-first put-tail inventory,,,True,46.62031746031745,95.41,-5.365998809759964,-8.855559801299206,-3.819594955594297,-2.79320421811382,35.76388888888889,10.84,29.9981,1.9521000000000015,26.19047619047619,-0.719100000000001,49.6031746031746,1.2330000000000003,11.507936507936508,-1.1544000000000023,6.997300000000003,69.84126984126983,8.203000000000003,84.52380952380952,17.857142857142858,8.333333333333334,8315.65,265409,145595751.84,82.8088,7.79921,0000-00-00,9,False,Resort & Casino Operations,C. Cyclical,XLY,288,247,False,spread debit outside 0.00-0.10; one leg lacks a two-sided put quote; combined put quote widths exceed 0.10; one put leg has OI below 25,put,2026-10-16,50.0,BTO,65.0,0.998372415627205,0.0,0.13,51.0,0.0,STO,60.0,0.0,0.11,1.0,0.0,5.0,0.13,,,False,31.872969290430774,0.627030709569226,
2026-08-24,RGTI,buy-first put-tail inventory,,,True,46.5647619047619,16.43,-12.185996793158749,-12.97669491525424,-5.2425168694849695,-34.898065319665626,5.190311418685121,5.34,78.7676,-4.338300000000018,43.65079365079365,2.642300000000006,25.396825396825395,-1.6960000000000122,21.825396825396822,13.386499999999998,14.9272,24.20634920634921,4.085700000000003,50.79365079365079,0.3968253968253968,10.714285714285714,57707.45,622871,355512031.38,95.9205,6.93919,0000-00-00,11,False,Computer Hardware Manufacturing,Technology,XLK,289,256,False,one leg lacks a two-sided put quote,put,2026-09-18,26.0,BTO,11.0,0.9856058479532952,0.01,0.05,3577.0,132.0,STO,8.0,0.0,0.01,1460.0,0.0,3.0,0.05,,,False,33.049300060864276,0.549300060864276,
2026-08-26,APA,buy-first put-tail inventory,,,True,46.50809523809524,41.32,-5.05514705882354,-7.020702070207019,13.28244944510244,15.305528195494889,73.10344827586206,13.73,40.4757,0.2611000000000061,12.698412698412698,0.5985000000000014,67.06349206349206,0.8596000000000075,11.11111111111111,2.6536000000000044,7.6984,71.82539682539682,6.525399999999998,78.57142857142857,36.111111111111114,21.03174603174603,7812.5,216393,249376846.65,95.1896,5.19763,0000-00-00,10,False,Oil & Gas Exploration,Energy,XLE,290,257,False,one leg lacks a two-sided put quote; combined put quote widths exceed 0.10,put,2026-10-16,52.0,BTO,27.5,0.9906018306825749,0.01,0.05,113.0,0.0,STO,22.5,0.0,0.49,184.0,0.0,5.0,0.05,,,False,33.446272991287515,0.9462729912875147,
2026-09-02,WYNN,buy-first put-tail inventory,,,True,46.47222222222222,91.85,-5.746536685479741,-12.256400458540329,-6.6733863183286,-7.863217991253203,28.222996515679444,15.75,30.8907,0.4782999999999973,9.523809523809524,0.3365000000000009,76.98412698412699,0.8147999999999982,4.365079365079365,1.5945,5.565100000000005,57.142857142857146,2.503000000000007,54.36507936507937,25.0,5.555555555555555,6717.2,266374,147840174.0,89.689,4.75525,0000-00-00,9,False,Resort & Casino Operations,C. Cyclical,XLY,287,252,False,spread debit outside 0.00-0.10; one leg lacks a two-sided put quote; combined put quote widths exceed 0.10; one put leg has OI below 25,put,2026-10-16,45.0,BTO,65.0,0.9982972812080136,0.0,0.11,51.0,0.0,STO,60.0,0.0,0.08,2.0,0.0,5.0,0.11,,,False,29.232444202504084,3.267555797495916,
2026-09-01,GOOG,buy-first put-tail inventory,,,True,46.46174603174603,331.15,-3.5756922808141467,-7.921810699588483,-4.6470284368678065,-2.848462425682353,36.11111111111111,14.57,26.8887,0.3219999999999992,13.492063492063492,0.0930999999999997,69.84126984126983,0.4150999999999989,6.349206349206349,4.215299999999999,4.3692999999999955,88.4920634920635,-1.2254000000000005,32.53968253968254,23.41269841269841,7.142857142857143,155136.55,1733958,5655603592.42,98.2366,1.12008,0000-00-00,8,False,Internet Content & Media,Comm,XLC,288,252,False,combined put quote widths exceed 0.10,put,2026-09-18,18.0,BTO,200.0,0.999342464945615,0.01,0.05,1988.0,13.0,STO,195.0,0.01,0.13,383.0,29.0,5.0,0.04,,,False,39.60440887815189,7.104408878151887,
2026-08-25,RDDT,buy-first put-tail inventory,,,True,46.45063492063492,162.11,2.31633425902551,-10.188365650969525,-6.197307953584142,15.632243793519171,70.24221453287197,8.47,57.362100000000005,0.1259000000000014,31.349206349206348,0.1486999999999909,61.111111111111114,0.2745999999999924,19.047619047619047,3.963099999999997,5.505600000000001,55.15873015873016,2.275199999999998,52.77777777777778,14.285714285714286,8.73015873015873,67344.8,516342,1345258292.4,98.678,3.94181,0000-00-00,9,False,Internet Content & Media,Comm,XLC,289,257,False,one leg lacks a two-sided put quote; combined put quote widths exceed 0.10,put,2026-09-18,25.0,BTO,90.0,0.9988365065467582,0.0,0.06,647.0,0.0,STO,85.0,0.0,0.52,72.0,0.0,5.0,0.06,,,False,44.48214175559806,11.982141755598057,
2026-08-26,CRWV,buy-first put-tail inventory,,,True,46.448888888888895,88.22,-3.868366568595394,-18.337498842914,-1.0627178481870223,-12.277937313009248,21.03448275862069,17.44,76.54809999999999,-2.2086999999999932,1.5873015873015872,2.2849000000000075,97.61904761904762,0.0762000000000142,3.968253968253968,9.694500000000003,9.744499999999988,83.33333333333333,4.274500000000003,57.53968253968254,6.349206349206349,13.88888888888889,246086.55,2135511,2820737154.7200003,98.6037,2.80144,0000-00-00,11,False,Infrastructure Software,Technology,XLK,290,257,False,one leg lacks a two-sided put quote; combined put quote widths exceed 0.10,put,2026-09-18,24.0,BTO,50.0,0.9967007727759418,0.03,0.09,6676.0,20.0,STO,45.0,0.0,0.08,3498.0,5.0,5.0,0.09,,,False,43.32350940829743,10.823509408297433,
2026-08-27,IONQ,buy-first put-tail inventory,,,True,46.362698412698414,42.34,1.7788461538461586,-9.529914529914516,-2.146581370410072,-37.47320235494678,5.208333333333334,12.05,77.4504,-5.532200000000003,21.428571428571427,3.1092000000000013,65.87301587301587,-2.423000000000002,11.507936507936508,10.092799999999997,9.7487,28.571428571428573,-1.6457999999999942,28.174603174603178,3.968253968253968,6.746031746031746,63159.7,670635,786732967.52,88.0272,7.70511,0000-00-00,9,False,Computer Hardware Manufacturing,Technology,XLK,288,256,False,spread debit outside 0.00-0.10; one leg lacks a two-sided put quote; combined put quote widths exceed 0.10,put,2026-09-18,23.0,BTO,25.0,0.9984138309098454,0.0,0.12,15675.0,4.0,STO,20.0,0.0,0.08,2678.0,50.0,5.0,0.12,,,False,40.954180444024566,8.454180444024566,
2026-08-25,UAL,buy-first put-tail inventory,,,True,46.19761904761904,116.06,-2.568838146406982,-13.10272536687631,-6.111869737702158,12.606699204561613,66.78200692041523,17.85,41.928,0.7378,2.7777777777777777,-0.1843999999999965,91.66666666666669,0.5534000000000034,1.984126984126984,2.5494000000000057,1.503,53.17460317460318,0.1169999999999973,29.761904761904763,9.126984126984128,17.46031746031746,13384.55,302310,356979924.63,98.4107,4.80389,0000-00-00,8,False,Airlines,Industrials,XLI,289,257,False,one leg lacks a two-sided put quote,put,2026-09-18,25.0,BTO,67.5,0.9993893715123373,0.0,0.02,617.0,0.0,STO,65.0,0.0,0.02,1024.0,0.0,2.5,0.02,,,False,41.84042736515595,9.340427365155954,
2026-09-02,WULF,buy-first put-tail inventory,,,True,46.07809523809525,14.86,-7.183010618363539,-16.610549943883278,-21.11689138974414,-39.08186411862144,3.484320557491289,9.16,82.84859999999999,-0.1666000000000025,30.952380952380953,0.1548000000000087,56.34920634920635,-0.0117999999999938,17.857142857142858,2.201100000000011,6.4273000000000025,33.333333333333336,1.6353000000000009,28.174603174603178,14.682539682539682,3.5714285714285716,148446.65,2675730,447056806.95,95.1771,7.32408,0000-00-00,9,False,Investment Banking & Brokerage,Financials,XLF,287,252,False,one leg lacks a two-sided put quote; combined put quote widths exceed 0.10; one put leg has OI below 25,put,2026-09-18,17.0,BTO,11.0,0.9664744840112763,0.0,0.1,2685.0,10.0,STO,8.0,0.0,0.44,10.0,0.0,3.0,0.1,,,False,25.97577388963661,6.52422611036339,
2026-08-26,DIS,buy-first put-tail inventory,,,True,46.070317460317455,109.75,2.800674409891335,-1.348314606741574,9.251159207060567,8.162737698511657,58.620689655172406,16.39,21.9367,0.4886000000000017,7.142857142857143,0.0143999999999984,81.74603174603175,0.5030000000000001,5.555555555555555,2.0208999999999975,0.4297000000000004,23.41269841269841,-0.7004999999999981,32.53968253968254,2.7777777777777777,17.46031746031746,46465.0,662781,1168022761.25,90.8562,1.55686,0000-00-00,11,False,Entertainment,Comm,XLC,290,257,False,one leg lacks a two-sided put quote; combined put quote widths exceed 0.10,put,2026-10-16,52.0,BTO,80.0,0.998637722006108,0.01,0.08,2794.0,2.0,STO,75.0,0.0,0.26,476.0,0.0,5.0,0.08,,,False,27.10706150341685,5.392938496583149,
2026-08-28,WFC,buy-first put-tail inventory,,,True,45.97523809523809,86.55,3.244661815579142,-3.046936260781896,0.3953174371180479,14.72973734642783,75.0,17.12,22.0382,2.0107999999999997,5.9523809523809526,-0.793099999999999,85.31746031746032,1.217700000000001,3.5714285714285716,-1.0365000000000002,-0.7417999999999978,38.888888888888886,-0.4274999999999984,28.96825396825397,3.1746031746031744,6.349206349206349,40383.3,1075883,984946324.15,97.4327,1.9216,0000-00-00,6,False,Diversified Banking,Financials,XLF,288,247,False,one leg lacks a two-sided put quote,put,2026-09-18,22.0,BTO,55.0,0.9992757662044502,0.0,0.01,1693.0,0.0,STO,50.0,0.0,0.06,979.0,0.0,5.0,0.01,,,False,36.452917388792606,3.9529173887926063,
2026-08-24,JPM,buy-first put-tail inventory,,,True,45.92984126984127,356.26,-1.416791189329791,-2.5760227521330115,3.3309182373008728,17.82928397295027,75.4325259515571,15.34,20.4813,2.4415999999999976,12.698412698412698,-1.1095000000000006,67.46031746031746,1.332099999999997,5.9523809523809526,-1.4856999999999978,-0.3174000000000028,72.61904761904762,2.459499999999995,75.0,9.126984126984128,23.80952380952381,45716.05,624393,2203101535.04,98.1046,1.88386,0000-00-00,7,False,Diversified Banking,Financials,XLF,289,256,False,spread debit outside 0.00-0.10; one leg lacks a two-sided put quote; combined put quote widths exceed 0.10,put,2026-10-16,54.0,BTO,265.0,0.9932531618523476,0.1,0.45,1356.0,2.0,STO,260.0,0.0,0.61,483.0,0.0,5.0,0.45,,,True,25.616123056194915,6.883876943805085,
2026-08-26,NCLH,buy-first put-tail inventory,,,True,45.903174603174605,17.1,-1.5544041450777146,-16.42228739002932,-11.789284719428018,-3.438778667623843,33.44827586206897,18.7,42.2524,0.4917000000000016,0.7936507936507936,1.0553999999999988,95.23809523809524,1.5471000000000004,1.1904761904761905,7.0234999999999985,5.1762000000000015,71.03174603174604,-0.6456999999999979,34.523809523809526,0.3968253968253968,23.015873015873016,19868.45,573027,272830321.62,71.8462,4.82172,0000-00-00,10,False,Travel & Tourism Services,C. Cyclical,XLY,290,257,False,no roughly $5-wide put spread 25-45% OTM in current/next monthly,,,,,,,,,,,,,,,,,,,,,False,,,
2026-08-31,ETSY,buy-first put-tail inventory,,,True,45.85650793650794,81.75,-4.764678471575023,-5.8938643950731,0.95484138666877,23.384329404163363,88.23529411764706,12.08,43.4179,-0.4343999999999965,13.88888888888889,1.2011000000000038,78.17460317460318,0.7667000000000073,21.428571428571427,6.699300000000001,7.190100000000001,43.25396825396825,1.8361000000000016,51.98412698412698,23.41269841269841,9.523809523809524,10866.2,193815,270661828.71000004,94.1092,8.73132,0000-00-00,9,False,E-commerce & Internet Retail,C. Cyclical,XLY,289,251,False,one leg lacks a two-sided put quote; combined put quote widths exceed 0.10,put,2026-09-18,19.0,BTO,50.0,0.9990367190647497,0.0,0.05,640.0,0.0,STO,45.0,0.0,1.17,1028.0,0.0,5.0,0.05,,,False,38.83792048929664,6.337920489296643,
2026-08-24,AVGO,buy-first put-tail inventory,,,True,45.64698412698412,359.53,-8.57469802924349,-15.521981249559436,-7.453455160242751,-11.183661897581864,21.45328719723183,18.48,50.3472,-1.9558000000000035,2.380952380952381,1.2760999999999996,97.61904761904762,-0.679700000000004,1.984126984126984,4.4439999999999955,3.708599999999997,82.53968253968254,1.5082000000000022,62.301587301587304,2.7777777777777777,75.39682539682539,225702.35,2066713,7231562623.25,98.6473,1.6465,0000-00-00,1,True,Semiconductors,Technology,XLK,289,256,False,combined put quote widths exceed 0.10,put,2026-10-16,54.0,BTO,200.0,0.9970543208532588,0.05,0.12,609.0,32.0,STO,195.0,0.04,0.2,232.0,1.0,5.0,0.07999999999999999,,,True,44.37181876338553,11.871818763385527,
2026-08-31,XYZ,buy-first put-tail inventory,,,True,45.64333333333334,81.98,0.5889570552147338,-3.76804789294517,2.8398242766213277,11.447515482075532,70.24221453287197,12.69,37.9761,1.893900000000002,24.20634920634921,-0.7685000000000031,46.03174603174603,1.125399999999999,9.126984126984128,0.930099999999996,0.5823999999999998,30.952380952380953,1.0629000000000062,46.42857142857143,11.11111111111111,12.301587301587302,26409.35,454710,400465100.04,97.1664,3.89164,0000-00-00,10,False,Infrastructure Software,Industrials,XLI,289,251,False,one leg lacks a two-sided put quote; combined put quote widths exceed 0.10,put,2026-09-18,19.0,BTO,47.5,0.9994608052142315,0.0,0.04,1336.0,0.0,STO,45.0,0.0,0.09,4276.0,0.0,2.5,0.04,,,False,42.059038789948765,9.559038789948765,
2026-08-31,CIFR,buy-first put-tail inventory,,,True,45.62984126984127,15.41,0.4563233376792652,-24.902534113060423,-24.017553375080112,-32.77949832402843,10.38062283737024,10.64,94.1881,-3.208700000000007,23.015873015873016,2.1655000000000086,61.111111111111114,-1.0431999999999988,20.634920634920636,9.943900000000014,10.2556,46.03174603174603,-1.926000000000002,26.19047619047619,12.301587301587302,4.365079365079365,146949.8,1557249,561449633.91,93.773,6.99058,0000-00-00,9,False,Investment Banking & Brokerage,Financials,XLF,289,251,False,one leg lacks a two-sided put quote; combined put quote widths exceed 0.10,put,2026-09-18,19.0,BTO,11.0,0.9581320191389655,0.06,0.09,1640.0,2.0,STO,8.0,0.0,0.75,631.0,0.0,3.0,0.09,,,False,28.617780661907855,3.8822193380921455,
2026-08-27,TSM,buy-first put-tail inventory,,,True,45.609206349206346,425.74,2.407812763091433,-1.1171757054929787,0.4367183091414706,2.644501503362462,48.95833333333333,15.74,31.883,-0.397199999999998,10.714285714285714,0.6224999999999987,81.74603174603175,0.2253000000000007,7.5396825396825395,2.446100000000005,2.5296999999999983,55.95238095238095,-0.1343000000000032,40.476190476190474,3.1746031746031744,8.333333333333334,114618.75,1889628,4600461050.64,97.4142,1.45708,0000-00-00,7,False,Semiconductors,Technology,XLK,288,256,False,no roughly $5-wide put spread 25-45% OTM in current/next monthly,,,,,,,,,,,,,,,,,,,,,False,,,
2026-08-28,APA,buy-first put-tail inventory,,,True,45.572698412698415,42.38,-3.0871255431054068,-4.635463546354623,15.133634343401404,20.03813608917756,79.86111111111111,17.84,41.481,-0.3299999999999983,6.349206349206349,0.5794999999999959,66.26984126984127,0.2494999999999976,1.5873015873015872,1.327600000000004,4.679400000000001,34.12698412698413,2.1174999999999997,47.61904761904762,17.46031746031746,12.301587301587302,8084.1,224461,249984278.44000003,92.4555,8.26012,0000-00-00,9,False,Oil & Gas Exploration,Energy,XLE,288,247,False,one leg lacks a two-sided put quote; combined put quote widths exceed 0.10,put,2026-09-18,22.0,BTO,30.0,0.9996289008388702,0.01,0.1,1265.0,0.0,STO,27.5,0.0,0.12,2095.0,0.0,2.5,0.1,,,False,29.211892402076455,3.2881075979235455,
2026-08-28,TSM,buy-first put-tail inventory,,,True,45.50158730158731,418.33,-0.0358440068820575,-2.838230170711886,-1.2417668028046225,3.0525215076887213,50.0,11.8,30.9865,0.3410999999999973,24.20634920634921,0.0568000000000026,53.57142857142857,0.3978999999999999,14.285714285714286,1.5979000000000028,2.2134000000000036,50.0,-1.7513000000000003,24.603174603174605,5.555555555555555,4.365079365079365,113597.05,1914504,4527335796.8,98.699,0.95721,0000-00-00,6,False,Semiconductors,Technology,XLK,288,247,False,no roughly $5-wide put spread 25-45% OTM in current/next monthly,,,,,,,,,,,,,,,,,,,,,False,,,
2026-09-01,PYPL,buy-first put-tail inventory,,,True,45.493333333333325,52.33,-15.651192778852351,-16.49912238710708,-3.481882333846076,22.14152020225565,81.59722222222221,17.84,31.2464,-1.6435000000000066,3.968253968253968,1.5476000000000028,94.84126984126983,-0.0959000000000038,4.365079365079365,6.1469999999999985,8.204499999999996,75.7936507936508,1.128699999999995,44.44444444444444,2.380952380952381,18.253968253968253,59284.0,1829641,607363683.64,86.4442,3.01065,0000-00-00,8,False,Credit & Lending Services,Financials,XLF,288,252,False,one leg lacks a two-sided put quote; combined put quote widths exceed 0.10,put,2026-10-16,46.0,BTO,37.5,0.9956669133158537,0.01,0.03,1173.0,0.0,STO,32.5,0.0,0.12,194.0,0.0,5.0,0.03,,,False,28.339384674183066,4.160615325816934,
2026-08-31,WULF,buy-first put-tail inventory,,,True,45.32507936507936,15.09,-2.770618556701032,-19.605753862546617,-22.148274260950316,-37.45604675365387,6.5743944636678195,9.04,81.0465,-0.321700000000007,28.571428571428573,1.0386000000000024,62.698412698412696,0.7168999999999954,24.603174603174605,8.27900000000001,12.005199999999988,62.698412698412696,0.568099999999987,26.984126984126984,9.92063492063492,2.7777777777777777,152247.75,2610167,485211381.7,97.576,4.81282,0000-00-00,10,False,Investment Banking & Brokerage,Financials,XLF,289,251,False,one leg lacks a two-sided put quote; one put leg has OI below 25,put,2026-09-18,19.0,BTO,9.0,0.995249539160737,0.0,0.05,1.0,0.0,STO,5.0,0.0,0.04,0.0,0.0,4.0,0.05,,,False,40.35785288270378,7.8578528827037815,
2026-08-27,MRNA,buy-first put-tail inventory,,,True,45.32095238095238,142.0,9.298029556650269,-15.791970586491132,89.35201606558513,203.42659673129884,99.6527777777778,17.06,74.583,-6.593599999999995,8.73015873015873,3.873499999999993,77.77777777777777,-2.720100000000002,4.365079365079365,17.5946,17.9032,70.63492063492063,3.9054,59.523809523809526,8.73015873015873,66.26984126984127,154202.7,988833,4040597455.58,90.2009,9.3346,0000-00-00,10,False,Biotechnology,Healthcare,XLV,288,256,False,spread debit outside 0.00-0.10; combined put quote widths exceed 0.10,put,2026-09-18,23.0,BTO,90.0,0.9857445207376847,0.13,0.18,932.0,116.0,STO,85.0,0.05,0.31,437.0,36.0,5.0,0.13,,,False,36.61971830985915,4.119718309859152,
2026-08-28,TOST,buy-first put-tail inventory,,,True,45.32015873015873,35.25,-3.4511092851273517,-4.858299595141691,11.959497659173056,39.14338920256123,95.13888888888889,18.41,39.3298,-0.1117000000000061,2.380952380952381,1.1518000000000015,95.63492063492065,1.0400999999999954,3.968253968253968,5.112300000000005,4.747199999999999,81.74603174603175,-1.4584000000000046,34.12698412698413,21.428571428571427,7.142857142857143,15400.45,340432,344088649.28000003,86.7183,5.52322,0000-00-00,9,False,Infrastructure Software,Financials,XLF,288,247,False,one leg lacks a two-sided put quote; combined put quote widths exceed 0.10; one put leg has OI below 25,put,2026-10-16,50.0,BTO,22.0,0.9980235328425415,0.0,0.07,120.0,0.0,STO,18.0,0.0,0.07,4.0,0.0,4.0,0.07,,,False,37.5886524822695,5.088652482269502,
2026-08-24,AXP,buy-first put-tail inventory,,,True,45.30412698412698,337.74,0.2582598628551036,-3.337149398969652,-1.4705032898594703,9.639351026647812,63.32179930795848,16.68,23.9797,1.269099999999998,7.142857142857143,-0.3183000000000007,89.68253968253968,0.9507999999999974,7.936507936507937,0.2134,1.5278000000000027,81.34920634920636,2.5473999999999997,69.84126984126983,14.285714285714286,26.19047619047619,12943.15,232537,932715168.0,97.8511,1.71976,0000-00-00,8,False,Credit & Lending Services,Financials,XLF,289,256,False,spread debit outside 0.00-0.10; one leg lacks a two-sided put quote; combined put quote widths exceed 0.10; one put leg has OI below 25,put,2026-10-16,54.0,BTO,190.0,0.9973952532238229,0.0,0.9,7.0,0.0,STO,185.0,0.0,1.9,11.0,0.0,5.0,0.9,,,False,43.743708177888315,11.243708177888315,
2026-08-28,CCL,buy-first put-tail inventory,,,True,45.291428571428575,24.82,-4.058755315036722,-16.87876758204956,-9.478828549545938,-8.198250039671962,27.430555555555557,18.28,38.0169,1.5277999999999992,3.1746031746031744,-0.1165999999999982,86.9047619047619,1.411200000000001,3.968253968253968,1.8222000000000025,2.226000000000006,57.142857142857146,-3.347299999999997,19.444444444444443,3.5714285714285716,5.158730158730159,33101.4,1010892,425550243.9,82.255,3.56638,0000-00-00,4,False,Travel & Tourism Services,C. Cyclical,XLY,288,247,False,spread debit outside 0.00-0.10; one leg lacks a two-sided put quote; combined put quote widths exceed 0.10,put,2026-10-16,50.0,BTO,18.0,0.9690560677380408,0.04,0.11,3771.0,3.0,STO,15.0,0.0,0.07,259.0,0.0,3.0,0.11,,,True,27.47784045124899,5.022159548751009,
2026-08-24,QUBT,buy-first put-tail inventory,,,True,45.19825396825397,8.23,-8.758314855875826,-10.543478260869554,-6.91098292048411,-30.96112154191414,7.958477508650519,13.77,74.51060000000001,-11.5201,13.095238095238097,8.99939999999998,86.11111111111111,-2.5207000000000193,17.063492063492063,28.995400000000004,23.74639999999998,53.17460317460318,-3.513500000000022,38.095238095238095,0.7936507936507936,13.492063492063492,25439.95,405249,77884516.16,57.4822,7.94443,0000-00-00,11,False,Computer Hardware Manufacturing,Technology,XLK,289,256,False,no roughly $5-wide put spread 25-45% OTM in current/next monthly,,,,,,,,,,,,,,,,,,,,,False,,,
2026-09-02,DIS,buy-first put-tail inventory,,,True,45.19603174603175,108.55,-1.0933940774487505,-2.4269662921348356,7.492914677065721,14.00236391238868,66.55052264808361,16.55,22.2503,0.588000000000001,9.126984126984128,-0.0428999999999994,79.36507936507937,0.5451000000000015,7.142857142857143,1.4701000000000022,1.8627,52.38095238095238,-1.1095000000000006,29.761904761904763,28.571428571428573,5.9523809523809526,39169.2,670956,968427390.7,90.5304,1.67295,0000-00-00,10,False,Entertainment,Comm,XLC,287,252,False,one leg lacks a two-sided put quote; combined put quote widths exceed 0.10,put,2026-10-16,45.0,BTO,80.0,0.9991555363040932,0.01,0.03,2790.0,7.0,STO,75.0,0.0,0.22,476.0,0.0,5.0,0.03,,,False,26.30124366651313,6.19875633348687,
2026-08-26,JPM,buy-first put-tail inventory,,,True,45.15349206349206,358.07,0.3475044138665506,-2.0810544738569248,3.408820491968046,22.361894390242277,79.3103448275862,16.91,20.5649,2.179500000000001,8.333333333333334,-0.839100000000002,86.9047619047619,1.340399999999999,6.349206349206349,-1.3214000000000006,-0.9435000000000002,51.19047619047619,0.8353999999999999,40.476190476190474,5.158730158730159,15.07936507936508,44263.05,646399,2118835976.37,95.6596,1.42548,0000-00-00,6,False,Diversified Banking,Financials,XLF,290,257,False,spread debit outside 0.00-0.10; combined put quote widths exceed 0.10,put,2026-10-16,52.0,BTO,255.0,0.9931808152164372,0.06,0.61,180.0,0.0,STO,250.0,0.05,0.59,129.0,0.0,5.0,0.5599999999999999,,,True,28.784874465886556,3.7151255341134437,
2026-08-28,LYFT,buy-first put-tail inventory,,,True,45.146031746031746,17.71,1.2578616352201475,0.0,11.375242120091556,28.520460411135684,88.54166666666666,11.6,43.1105,-0.2746999999999957,26.58730158730159,0.5556999999999945,44.84126984126984,0.2809999999999988,14.682539682539682,4.678699999999999,1.6822000000000017,8.333333333333334,-5.735799999999998,26.984126984126984,19.047619047619047,1.984126984126984,23507.95,557385,192741132.65,71.007,9.34659,0000-00-00,9,False,Application Software,Industrials,XLI,288,247,False,one leg lacks a two-sided put quote; combined put quote widths exceed 0.10; one put leg has OI below 25,put,2026-10-16,50.0,BTO,12.0,0.9920085734772462,0.0,0.1,3324.0,0.0,STO,9.0,0.0,0.08,19.0,0.0,3.0,0.1,,,False,32.24167137210616,0.2583286278938388,
2026-09-01,TFC,buy-first put-tail inventory,,,True,45.032539682539685,49.4,-2.1588433353139314,-7.020515716167896,-4.009451377095196,7.699276399546739,59.375,19.65,24.852,2.009800000000002,0.7936507936507936,-0.5283000000000015,97.61904761904762,1.4815000000000005,0.7936507936507936,0.0943000000000005,0.664200000000001,92.85714285714286,-0.1891999999999996,9.523809523809524,2.380952380952381,24.20634920634921,4341.05,146534,295293125.36,55.3076,2.20389,0000-00-00,6,False,Regional Banking,Financials,XLF,288,252,False,one leg lacks a two-sided put quote; combined put quote widths exceed 0.10; one put leg has OI below 25,put,2026-10-16,46.0,BTO,32.5,0.9997478623628121,0.0,0.1,0.0,0.0,STO,30.0,0.0,0.1,0.0,0.0,2.5,0.1,,,True,34.210526315789465,1.7105263157894655,
2026-08-27,NCLH,buy-first put-tail inventory,,,True,45.02190476190477,16.66,0.421940928270037,-18.572825024437932,-13.727033577065685,-6.315587566959068,29.86111111111111,19.74,41.6941,0.2997999999999976,0.0,1.2112000000000052,95.63492063492065,1.5110000000000028,1.1904761904761905,5.728200000000001,6.558800000000005,78.96825396825396,1.380900000000004,46.82539682539682,1.1904761904761905,17.857142857142858,19549.15,581558,259702989.64,71.3985,4.45248,0000-00-00,9,False,Travel & Tourism Services,C. Cyclical,XLY,288,256,False,no roughly $5-wide put spread 25-45% OTM in current/next monthly,,,,,,,,,,,,,,,,,,,,,False,,,
2026-09-02,SHOP,buy-first put-tail inventory,,,True,44.956984126984125,140.77,-6.651193633952257,-11.130050505050503,5.939761012783196,29.262051804891797,86.06271777003485,14.17,42.992999999999995,0.5017999999999958,15.873015873015872,0.0592000000000041,77.77777777777777,0.5609999999999999,13.492063492063492,3.630500000000005,4.3530000000000015,80.15873015873017,0.0022999999999981,38.888888888888886,16.666666666666668,9.523809523809524,33082.45,792210,1392431306.4399998,95.8515,3.2752,0000-00-00,8,False,Application Software,Technology,XLK,287,252,False,one leg lacks a two-sided put quote; combined put quote widths exceed 0.10,put,2026-09-18,17.0,BTO,90.0,0.9994754306901963,0.0,0.01,9006.0,0.0,STO,85.0,0.0,0.48,849.0,0.0,5.0,0.01,,,False,36.065923137032044,3.565923137032044,
2026-09-01,ENPH,buy-first put-tail inventory,,,True,44.87857142857143,35.53,-4.617449664429529,-15.685809207403889,-13.390471733068113,-45.541955963925574,2.083333333333333,11.55,60.4209,-3.3519999999999968,25.0,2.1528999999999954,69.44444444444444,-1.1991000000000014,17.857142857142858,6.9809999999999945,4.749100000000006,25.0,-3.893699999999995,31.349206349206348,11.904761904761903,12.301587301587302,16776.4,397571,144360503.4,89.4069,7.99098,0000-00-00,8,False,Solar,Technology,XLK,288,252,False,spread debit outside 0.00-0.10; one leg lacks a two-sided put quote; combined put quote widths exceed 0.10,put,2026-09-18,18.0,BTO,25.0,0.9966482308686151,0.0,0.13,2080.0,2.0,STO,22.5,0.0,0.14,1232.0,0.0,2.5,0.13,,,False,29.636926540951315,2.8630734590486853,
2026-08-25,TFC,buy-first put-tail inventory,,,True,44.77761904761905,50.49,-3.993154592127779,-4.968944099378881,-1.587004572725037,6.8538352206073405,51.55709342560554,19.27,23.3282,2.440999999999999,1.984126984126984,-0.5407000000000011,98.015873015873,1.900299999999998,2.7777777777777777,0.2695000000000007,0.3770999999999986,90.47619047619048,-0.3471000000000011,9.523809523809524,14.285714285714286,17.46031746031746,4042.25,152240,322597821.81,53.1055,1.98275,0000-00-00,7,False,Regional Banking,Financials,XLF,289,257,False,one leg lacks a two-sided put quote; combined put quote widths exceed 0.10; one put leg has OI below 25,put,2026-10-16,53.0,BTO,35.0,0.999241420772837,0.0,0.1,30.0,0.0,STO,30.0,0.0,0.15,0.0,0.0,5.0,0.1,,,True,30.67934244404833,1.8206575559516693,
2026-08-25,DASH,buy-first put-tail inventory,,,True,44.75968253968254,233.54,7.825846068608877,0.0,19.929297483610743,54.33831388204948,96.88581314878893,12.78,37.973,1.9272999999999951,20.238095238095237,-0.646099999999997,72.22222222222223,1.2811999999999983,17.063492063492063,-0.7976000000000028,0.5842999999999989,56.74603174603175,2.2734000000000023,61.111111111111114,35.317460317460316,17.857142857142858,13476.15,194206,1023699375.92,97.2494,4.25779,0000-00-00,10,False,E-commerce & Internet Retail,C. Cyclical,XLY,289,257,False,combined put quote widths exceed 0.10,put,2026-09-18,25.0,BTO,160.0,0.9982494496050272,0.02,0.05,2822.0,138.0,STO,155.0,0.01,0.14,793.0,1.0,5.0,0.04,,,False,31.48925237646656,1.0107476235334403,
2026-08-27,JPM,buy-first put-tail inventory,,,True,44.70746031746032,353.97,0.451217435722806,-3.2022533362502714,2.086136854315357,21.77663871307611,80.20833333333334,15.61,20.4975,2.383399999999998,12.301587301587302,-0.8913999999999973,82.53968253968254,1.4920000000000009,11.11111111111111,-0.690999999999999,-0.5073000000000008,67.06349206349206,0.0305999999999997,30.15873015873016,4.365079365079365,10.714285714285714,42230.85,668464,2105284012.5,97.5662,2.04388,0000-00-00,6,False,Diversified Banking,Financials,XLF,288,256,False,one leg lacks a two-sided put quote,put,2026-09-18,23.0,BTO,195.0,0.9992829034211055,0.0,0.04,161.0,0.0,STO,190.0,0.0,0.06,166.0,0.0,5.0,0.04,,,False,44.910585642851096,12.410585642851096,
2026-08-24,SOFI,buy-first put-tail inventory,,,True,44.695079365079366,18.36,0.4926108374384119,-2.754237288135586,3.6187552204438367,19.236891794494724,78.20069204152249,14.67,49.3874,-0.6051000000000002,17.063492063492063,0.9709000000000004,65.87301587301587,0.3658000000000001,11.11111111111111,6.623600000000003,9.825899999999995,61.111111111111114,5.781399999999998,77.38095238095238,1.1904761904761905,17.46031746031746,366080.9,3747904,1201469390.72,97.8948,1.88645,0000-00-00,9,False,Credit & Lending Services,Financials,XLF,289,256,False,combined put quote widths exceed 0.10,put,2026-10-16,54.0,BTO,12.0,0.9871146968152574,0.04,0.05,4444.0,40.0,STO,8.0,0.01,0.18,428.0,0.0,4.0,0.04,,,False,34.64052287581699,2.140522875816991,
2026-08-31,C,buy-first put-tail inventory,,,True,44.49317460317461,131.62,-0.1138347119981841,-5.316164304726268,-3.2237192326130426,5.874609412401533,55.70934256055363,20.11,25.6811,1.7607999999999997,1.5873015873015872,-0.6990000000000016,90.07936507936508,1.061799999999998,0.3968253968253968,0.0568000000000026,0.066399999999998,67.46031746031746,-0.2197000000000031,28.571428571428573,5.9523809523809526,10.317460317460318,31756.95,1013844,1172246576.4,96.1393,2.2671,0000-00-00,6,False,Diversified Banking,Financials,XLF,289,251,False,one leg lacks a two-sided put quote; combined put quote widths exceed 0.10,put,2026-10-16,47.0,BTO,85.0,0.9998436219002053,0.0,0.09,195.0,0.0,STO,80.0,0.0,0.07,503.0,0.0,5.0,0.09,,,True,35.42014891353897,2.9201489135389735,
2026-08-31,BTU,buy-first put-tail inventory,,,True,44.47920634920635,29.54,5.575411007862763,0.0,22.266187645899915,4.3376477216732106,52.94117647058824,11.87,51.8015,-1.0901999999999958,29.365079365079364,1.291400000000003,40.07936507936508,0.2012000000000071,13.88888888888889,11.537200000000006,13.690399999999997,64.28571428571429,3.881599999999992,57.53968253968254,28.571428571428573,15.476190476190476,5887.45,161816,61738849.8,79.7624,6.40253,0000-00-00,8,False,Thermal Coal Mining,Energy,XLE,289,251,False,combined put quote widths exceed 0.10; one put leg has OI below 25,put,2026-10-16,47.0,BTO,19.0,0.991075469184002,0.01,0.06,17.0,14.0,STO,14.0,0.01,0.1,1.0,4.0,5.0,0.049999999999999996,,,False,35.68043331076506,3.1804333107650606,
2026-08-24,AFRM,buy-first put-tail inventory,,,True,44.42380952380952,76.91,2.6287696824125906,-2.805509920384175,0.1377528833058638,19.792168845858992,79.58477508650519,15.1,69.5686,1.7934999999999943,13.88888888888889,-0.4264999999999972,80.55555555555556,1.366999999999997,13.492063492063492,0.6174000000000035,1.8900000000000148,71.82539682539682,31.873000000000005,92.46031746031746,14.285714285714286,86.9047619047619,11135.7,202860,221666072.77,90.2469,9.77366,0000-00-00,0,True,Credit & Lending Services,Industrials,XLI,289,256,False,one leg lacks a two-sided put quote; combined put quote widths exceed 0.10,put,2026-09-18,26.0,BTO,45.0,0.995875797384452,0.03,0.08,216.0,13.0,STO,40.0,0.0,0.37,298.0,0.0,5.0,0.08,,,True,41.49005330906254,8.990053309062539,
2026-09-01,ALAB,buy-first put-tail inventory,,other,True,44.30777777777779,280.6,-0.1956251111506102,-16.56259292298543,-16.81726121870125,-15.39214440240858,20.833333333333336,18.47,76.4494,-2.5845000000000056,6.349206349206349,1.8769000000000065,88.4920634920635,-0.7075999999999993,4.761904761904762,4.946200000000005,9.778899999999991,89.68253968253968,6.223699999999994,73.41269841269842,0.7936507936507936,17.46031746031746,20323.8,230271,1187565702.86,98.9563,7.4066,0000-00-00,9,False,Semiconductors,Technology,XLK,288,252,False,spread debit outside 0.00-0.10; one leg lacks a two-sided put quote; combined put quote widths exceed 0.10,put,2026-09-18,18.0,BTO,160.0,0.9993804712337978,0.0,0.2,127.0,0.0,STO,155.0,0.0,0.37,709.0,0.0,5.0,0.2,,,False,42.979330007127594,10.479330007127594,
2026-08-28,DIS,buy-first put-tail inventory,,,True,44.226349206349205,108.06,0.2132987109338735,-2.867415730337075,7.28561244934065,8.860432867196122,63.888888888888886,19.98,22.1144,0.0550999999999994,2.380952380952381,0.2388000000000012,92.06349206349206,0.2939000000000007,1.5873015873015872,1.1457000000000015,0.9526000000000004,38.095238095238095,-2.7272,23.41269841269841,38.888888888888886,5.555555555555555,45334.1,683821,1088914641.22,83.6201,2.48039,0000-00-00,10,False,Entertainment,Comm,XLC,288,247,False,one leg lacks a two-sided put quote; combined put quote widths exceed 0.10,put,2026-09-18,22.0,BTO,75.0,0.9998007571920734,0.01,0.03,7438.0,1.0,STO,70.0,0.0,2.13,361.0,0.0,5.0,0.03,,,False,30.594114380899505,1.905885619100495,
2026-08-28,FHN,buy-first put-tail inventory,,,True,44.196666666666665,24.62,0.1627339300244168,-6.138009912314146,-3.2308780756230004,4.915216923318855,54.166666666666664,17.47,25.0525,2.4325000000000045,12.301587301587302,-0.6707000000000001,44.44444444444444,1.7618000000000045,4.365079365079365,0.199500000000004,0.199500000000004,31.349206349206348,0.0,26.58730158730159,6.746031746031746,9.92063492063492,12266.15,299318,116217099.9,57.8601,6.28569,0000-00-00,6,False,Regional Banking,Financials,XLF,288,247,False,no roughly $5-wide put spread 25-45% OTM in current/next monthly,,,,,,,,,,,,,,,,,,,,,False,,,
2026-08-31,APA,buy-first put-tail inventory,,,True,44.18174603174603,43.07,0.4196782466775461,-3.0828082808280755,16.372695242418356,17.23284165228013,79.93079584775087,16.85,41.1273,0.0763999999999995,10.317460317460318,0.6751000000000005,70.63492063492063,0.7515000000000001,9.523809523809524,5.631399999999999,6.085999999999991,51.19047619047619,-0.5442000000000036,26.19047619047619,17.857142857142858,10.714285714285714,8010.9,220810,246626926.2,93.9091,4.39075,0000-00-00,9,False,Oil & Gas Exploration,Energy,XLE,289,251,False,one leg lacks a two-sided put quote; combined put quote widths exceed 0.10,put,2026-10-16,47.0,BTO,27.5,0.9939306135988669,0.02,0.1,113.0,0.0,STO,22.5,0.0,0.47,184.0,0.0,5.0,0.1,,,False,36.15045275133504,3.650452751335038,
2026-09-01,AG,buy-first put-tail inventory,,,True,44.13206349206349,19.88,-6.27062706270628,-8.429295255642566,11.954587434955965,0.4265389918007285,44.09722222222222,14.36,63.5977,-8.408599999999993,20.238095238095237,6.471999999999994,68.25396825396825,-1.9365999999999983,12.301587301587302,18.59339999999999,9.809799999999996,10.317460317460318,-10.258899999999995,20.238095238095237,0.3968253968253968,5.9523809523809526,43539.0,948664,207301108.32,84.7587,6.19892,0000-00-00,8,False,Silver,Materials,XLB,288,252,False,one leg lacks a two-sided put quote; combined put quote widths exceed 0.10,put,2026-10-16,46.0,BTO,12.0,0.9929131426254427,0.0,0.09,200.0,0.0,STO,9.0,0.0,0.07,121.0,0.0,3.0,0.09,,,False,39.637826961770614,7.137826961770614,
2026-08-27,M,buy-first put-tail inventory,,,True,44.12190476190476,22.48,-0.7943512797881747,-14.198473282442748,-6.236444325803337,2.374472252086113,47.56944444444444,20.64,51.4526,-1.134299999999996,0.7936507936507936,0.8820999999999941,84.12698412698413,-0.252200000000002,0.3968253968253968,3.845899999999993,5.152699999999996,44.44444444444444,-7.916899999999998,15.07936507936508,9.126984126984128,25.0,9581.45,169158,113565076.38,83.1368,6.63044,0000-00-00,2,True,Department Store Retail,C. Cyclical,XLY,288,256,False,no roughly $5-wide put spread 25-45% OTM in current/next monthly,,,,,,,,,,,,,,,,,,,,,False,,,
2026-09-02,AAL,buy-first put-tail inventory,,,True,44.04952380952381,13.11,-6.0215053763440824,-18.16479400749064,-15.089573699141178,0.9993228790740932,39.37282229965157,19.76,41.7013,-0.4908999999999963,0.7936507936507936,1.6102999999999952,98.015873015873,1.1193999999999988,5.158730158730159,4.680900000000001,7.981700000000004,83.73015873015873,-2.7607,25.396825396825395,17.063492063492063,3.1746031746031744,54739.15,1956701,740559192.0999999,80.1497,3.29438,0000-00-00,7,False,Airlines,Industrials,XLI,287,252,False,no roughly $5-wide put spread 25-45% OTM in current/next monthly,,,,,,,,,,,,,,,,,,,,,False,,,
2026-08-27,BAC,buy-first put-tail inventory,,,True,44.030793650793655,61.29,-1.2248186946011264,-5.518729767226771,0.4658573447114733,22.964692039060463,81.94444444444444,19.62,20.0309,2.1036,3.5714285714285716,-0.730599999999999,85.31746031746032,1.373000000000001,3.1746031746031744,-0.0192000000000014,0.2015999999999955,59.12698412698413,1.4328000000000003,57.93650793650794,0.3968253968253968,19.444444444444443,111424.9,2336330,1668435835.08,90.0783,1.06213,0000-00-00,6,False,Diversified Banking,Financials,XLF,288,256,False,no roughly $5-wide put spread 25-45% OTM in current/next monthly,,,,,,,,,,,,,,,,,,,,,False,,,
2026-08-26,CVS,buy-first put-tail inventory,,,True,43.930476190476185,94.37,0.6935552710200632,-10.24348487730644,-7.066015921973667,5.211871987341521,51.03448275862069,17.26,25.8924,0.5995000000000026,11.904761904761903,0.0330000000000012,78.96825396825396,0.6325000000000038,7.142857142857143,1.7809999999999988,-0.5877999999999979,11.11111111111111,-1.6086999999999954,38.095238095238095,1.1904761904761905,17.46031746031746,14369.65,297599,742067827.7,94.3133,2.53363,0000-00-00,9,False,Health Insurance & Managed Care,Healthcare,XLV,290,257,False,spread debit outside 0.00-0.10; one leg lacks a two-sided put quote; combined put quote widths exceed 0.10; one put leg has OI below 25,put,2026-10-16,52.0,BTO,70.0,0.9958095236286161,0.0,0.14,0.0,0.0,STO,65.0,0.0,0.39,0.0,0.0,5.0,0.14,,,False,25.823884709123668,6.676115290876332,
2026-08-26,AVGO,buy-first put-tail inventory,,other,True,43.85698412698413,354.52,-2.3656743135688996,-16.699170563218125,-8.440886624445977,-13.883005004925389,20.344827586206897,20.27,51.3629,-3.2333,1.984126984126984,2.3652000000000015,98.015873015873,-0.8680999999999983,2.380952380952381,5.3548000000000044,9.969099999999996,96.82539682539682,24.86829999999999,98.8095238095238,1.984126984126984,94.84126984126983,237427.1,2165962,7053222123.76,98.443,2.16985,0000-00-00,1,True,Semiconductors,Technology,XLK,290,257,False,combined put quote widths exceed 0.10,put,2026-09-18,24.0,BTO,195.0,0.9998296875738194,0.01,0.07,1672.0,2.0,STO,190.0,0.01,0.2,1040.0,14.0,5.0,0.060000000000000005,,,True,44.99605099853322,12.49605099853322,
2026-08-31,LVS,buy-first put-tail inventory,,,True,43.81301587301587,43.91,-6.335324232081929,-7.1670190274841445,-5.2287158501789115,-13.90276046281672,21.45328719723183,12.06,29.628500000000003,2.399000000000001,24.20634920634921,-0.3837000000000046,65.47619047619048,2.0152999999999963,21.428571428571427,0.6641999999999975,2.782099999999996,41.26984126984127,3.356999999999996,60.714285714285715,47.22222222222222,21.825396825396822,5443.5,152228,210711487.76,86.9042,5.46696,0000-00-00,7,False,Resort & Casino Operations,C. Cyclical,XLY,289,251,False,spread debit outside 0.00-0.10; one leg lacks a two-sided put quote; combined put quote widths exceed 0.10; one put leg has OI below 25,put,2026-10-16,47.0,BTO,27.5,0.9997677569049536,0.0,0.15,0.0,0.0,STO,25.0,0.0,0.35,1.0,0.0,2.5,0.15,,,False,37.37189706217262,4.871897062172621,
2026-08-31,CCL,buy-first put-tail inventory,,,True,43.783968253968254,23.95,-7.385924207269912,-19.79236436704621,-12.20352652223321,-9.287433640878328,26.989619377162633,19.47,40.7289,1.387599999999999,2.380952380952381,0.1900000000000048,94.84126984126983,1.577600000000004,6.349206349206349,3.5302000000000007,3.835599999999999,77.77777777777777,-4.371900000000004,15.07936507936508,0.7936507936507936,7.5396825396825395,33569.0,988639,416965753.72,84.8493,2.65141,0000-00-00,4,False,Travel & Tourism Services,C. Cyclical,XLY,289,251,False,no roughly $5-wide put spread 25-45% OTM in current/next monthly,,,,,,,,,,,,,,,,,,,,,False,,,
2026-08-27,TFC,buy-first put-tail inventory,,,True,43.71,50.36,-0.099186669311635,-5.213626952757389,-1.963837971687099,7.485786349884216,61.111111111111114,16.29,24.7713,3.3856,11.904761904761903,-1.0520999999999994,84.92063492063492,2.333500000000001,13.095238095238097,0.0814999999999983,0.0814999999999983,87.6984126984127,0.0,18.253968253968253,18.253968253968253,32.93650793650794,4077.4,145752,314153037.27,56.4718,2.29101,0000-00-00,7,False,Regional Banking,Financials,XLF,288,256,False,one leg lacks a two-sided put quote; combined put quote widths exceed 0.10; one put leg has OI below 25,put,2026-10-16,51.0,BTO,35.0,0.9993194485229264,0.0,0.1,30.0,0.0,STO,32.5,0.0,0.1,0.0,0.0,2.5,0.1,,,True,30.500397140587765,1.999602859412235,
2026-08-31,BAC,buy-first put-tail inventory,,,True,43.63444444444445,62.02,-0.6408202499198934,-4.393402188993378,1.2763233526676077,23.83875360471192,88.92733564013841,20.81,20.188,1.9796000000000016,2.7777777777777777,-0.7420000000000009,82.93650793650794,1.2376000000000005,0.0,0.1687000000000011,-0.1206999999999958,49.20634920634921,-0.4232999999999975,26.58730158730159,0.0,11.507936507936508,111614.9,2297299,1730691150.48,90.0722,1.21025,0000-00-00,6,False,Diversified Banking,Financials,XLF,289,251,False,no roughly $5-wide put spread 25-45% OTM in current/next monthly,,,,,,,,,,,,,,,,,,,,,False,,,
2026-08-26,GOOGL,buy-first put-tail inventory,,,True,43.62492063492063,342.31,-0.7279160141523078,-9.91605042237954,-2.4776727972221746,-9.717386577650666,22.41379310344828,17.01,27.6063,0.2989000000000033,12.301587301587302,0.2443999999999988,76.58730158730158,0.5433000000000021,9.523809523809524,3.5277999999999956,3.906400000000005,82.53968253968254,0.5262000000000064,60.714285714285715,18.650793650793652,18.253968253968253,455549.5,3217564,9095288893.84,97.1087,1.49526,0000-00-00,9,False,Internet Content & Media,Comm,XLC,290,257,False,one leg lacks a two-sided put quote; combined put quote widths exceed 0.10,put,2026-09-18,24.0,BTO,200.0,0.9993642947283491,0.0,0.06,2283.0,0.0,STO,195.0,0.0,0.13,1955.0,0.0,5.0,0.06,,,False,41.57342759487015,9.073427594870147,
2026-08-28,C,buy-first put-tail inventory,,,True,43.61539682539683,132.69,0.9971076267316192,-4.546435508236812,-2.61441650116474,8.446861125480043,63.19444444444444,18.21,25.1699,2.3988999999999976,9.92063492063492,-0.9303000000000026,74.60317460317461,1.468599999999995,5.9523809523809526,-0.4501000000000026,-0.5183000000000035,54.36507936507937,-1.502600000000001,17.46031746031746,7.936507936507937,6.746031746031746,32123.6,1019487,1160054675.36,96.6022,2.12059,0000-00-00,6,False,Diversified Banking,Financials,XLF,288,247,False,one leg lacks a two-sided put quote; combined put quote widths exceed 0.10,put,2026-09-18,22.0,BTO,80.0,0.9997188491151177,0.0,0.01,1267.0,0.0,STO,75.0,0.0,0.12,599.0,0.0,5.0,0.01,,,False,39.709096390082145,7.209096390082145,
2026-09-02,APA,buy-first put-tail inventory,,,True,43.58492063492064,44.98,8.857696030977724,0.0,20.160712950001592,22.111953638228098,78.74564459930313,17.05,41.1896,-0.0909000000000048,9.126984126984128,0.975200000000001,83.33333333333333,0.8842999999999961,12.698412698412698,2.6435999999999993,4.5504999999999995,31.746031746031747,-0.7996999999999943,24.603174603174605,19.047619047619047,6.349206349206349,8633.8,220500,248699624.1,91.2307,3.69254,0000-00-00,9,False,Oil & Gas Exploration,Energy,XLE,287,252,False,one leg lacks a two-sided put quote; combined put quote widths exceed 0.10,put,2026-10-16,45.0,BTO,30.0,0.9940776203258265,0.0,0.1,1833.0,0.0,STO,25.0,0.0,0.13,1361.0,0.0,5.0,0.1,,,False,33.303690529124054,0.8036905291240544,
2026-08-26,WFC,buy-first put-tail inventory,,,True,43.55396825396826,85.56,-0.3145753233135262,-4.155931443934124,-0.6862353629432882,15.036341236843253,72.75862068965517,19.7,22.7663,1.9755000000000005,5.555555555555555,-0.8072000000000017,85.31746031746032,1.1682999999999986,3.1746031746031744,-0.9918000000000012,-0.8476999999999997,36.111111111111114,0.4141000000000012,37.698412698412696,10.714285714285714,9.92063492063492,40600.6,1058141,1039039977.25,97.802,1.33393,0000-00-00,6,False,Diversified Banking,Financials,XLF,290,257,False,one leg lacks a two-sided put quote,put,2026-09-18,24.0,BTO,55.0,0.9996150684417789,0.0,0.01,1693.0,0.0,STO,50.0,0.0,0.06,979.0,0.0,5.0,0.01,,,False,35.71762505843853,3.2176250584385286,
2026-09-01,SBUX,buy-first put-tail inventory,,,True,43.54857142857143,105.82,0.369913686806389,-2.917431192660558,0.498217396011591,15.641496848355306,75.34722222222221,12.88,26.378200000000003,1.6849999999999987,29.365079365079364,-0.6570000000000036,46.42857142857143,1.0279999999999951,13.492063492063492,1.4359000000000002,-0.9689999999999976,9.92063492063492,-2.490500000000001,27.77777777777778,1.5873015873015872,8.73015873015873,17471.75,480031,655192962.5,87.6765,2.89548,0000-00-00,8,False,Restaurants,C. Cyclical,XLY,288,252,False,one leg lacks a two-sided put quote; combined put quote widths exceed 0.10,put,2026-09-18,18.0,BTO,70.0,0.9996148169674928,0.0,0.05,2405.0,0.0,STO,65.0,0.0,2.13,2756.0,0.0,5.0,0.05,,,False,33.84993384993385,1.3499338499338478,
2026-08-28,RIVN,buy-first put-tail inventory,,,True,43.46190476190476,16.0,-6.268306971294669,-6.268306971294669,-2.588705160363347,2.2895795897640125,46.52777777777778,21.3,54.0544,-6.123099999999994,1.1904761904761905,4.1584,79.76190476190476,-1.9646999999999937,0.0,8.972700000000003,11.605700000000006,23.80952380952381,-2.309100000000001,31.746031746031747,7.936507936507937,3.1746031746031744,92839.85,2338128,371817784.8,77.61,5.98326,0000-00-00,9,False,Automobile Manufacturing,C. Cyclical,XLY,288,247,False,one leg lacks a two-sided put quote; combined put quote widths exceed 0.10,put,2026-10-16,50.0,BTO,10.0,0.9900407822015309,0.0,0.06,1261.0,2.0,STO,5.0,0.0,0.06,79.0,0.0,5.0,0.06,,,False,37.5,5.0,
2026-08-28,UNH,buy-first put-tail inventory,,,True,43.43936507936508,394.0,1.007511472299849,-5.363533735258086,-4.573820384678906,6.561917787287264,58.68055555555556,11.64,26.3947,1.1021,31.746031746031747,-0.3166999999999973,48.80952380952381,0.7854000000000028,17.857142857142858,1.6317999999999984,1.942700000000002,41.26984126984127,-3.038699999999998,25.79365079365079,19.444444444444443,0.0,43609.95,901981,1614756603.7,97.6657,1.54165,0000-00-00,8,False,Health Insurance & Managed Care,Healthcare,XLV,288,247,False,no roughly $5-wide put spread 25-45% OTM in current/next monthly,,,,,,,,,,,,,,,,,,,,,False,,,
2026-08-28,INOD,buy-first put-tail inventory,,,True,43.376666666666665,56.67,-12.207591014717266,-19.901060070671377,-14.525402561673827,-43.21936077188175,3.4722222222222223,13.29,68.63329999999999,-1.1163999999999843,31.349206349206348,0.5585999999999984,38.095238095238095,-0.5577999999999861,10.317460317460318,1.0062000000000069,14.171100000000004,73.80952380952381,3.739699999999999,59.92063492063492,38.888888888888886,3.1746031746031744,4804.3,42915,94682234.96,59.7944,24.95197,0000-00-00,9,False,IT Services & Consulting,Industrials,XLI,288,247,False,spread debit outside 0.00-0.10; one leg lacks a two-sided put quote; combined put quote widths exceed 0.10; one put leg has OI below 25,put,2026-10-16,50.0,BTO,40.0,0.9274089126031625,0.35,0.7,61.0,90.0,STO,35.0,0.0,1.6,0.0,0.0,5.0,0.7,,,False,29.41591671078172,3.084083289218281,
2026-08-27,FHN,buy-first put-tail inventory,,,True,43.32523809523809,24.41,-1.214083367057872,-6.938619900876864,-4.051005086358039,3.063987727697848,50.34722222222222,19.77,24.7394,2.1448999999999963,8.333333333333334,-0.734499999999997,40.07936507936508,1.4103999999999992,1.1904761904761905,-0.8722999999999992,-0.918599999999998,16.26984126984127,-0.3473000000000006,23.015873015873016,2.380952380952381,6.349206349206349,12300.15,299119,118002314.43,56.6885,8.01375,0000-00-00,6,False,Regional Banking,Financials,XLF,288,256,False,no roughly $5-wide put spread 25-45% OTM in current/next monthly,,,,,,,,,,,,,,,,,,,,,False,,,
2026-08-31,RTX,buy-first put-tail inventory,,,True,43.23412698412698,208.91,-0.0574080275558608,-6.902852049910879,1.247381700351169,23.012444786786137,87.88927335640139,18.75,22.4989,1.0165000000000006,7.936507936507937,-0.0488999999999997,74.60317460317461,0.9676000000000008,7.142857142857143,1.023299999999999,1.1231000000000009,31.746031746031747,-0.1371999999999964,36.904761904761905,12.301587301587302,23.80952380952381,13588.35,173497,915378360.27,85.7087,2.45546,0000-00-00,7,False,Aerospace & Defense Manufacturing,Industrials,XLI,289,251,False,spread debit outside 0.00-0.10; one leg lacks a two-sided put quote; combined put quote widths exceed 0.10; one put leg has OI below 25,put,2026-10-16,47.0,BTO,155.0,0.9987183272770271,0.0,0.11,0.0,0.0,STO,150.0,0.0,0.29,0.0,0.0,5.0,0.11,,,False,25.805370733808818,6.694629266191182,
2026-09-02,TFC,buy-first put-tail inventory,,,True,43.23063492063492,50.89,0.0983477576711244,-4.216073781291174,-1.1656587078706204,12.17991437275857,64.80836236933798,16.69,24.5396,3.309799999999999,11.507936507936508,-0.9494000000000008,86.9047619047619,2.3603999999999985,13.88888888888889,0.5128000000000021,0.5128000000000021,92.06349206349206,0.0,17.063492063492063,12.301587301587302,28.571428571428573,4372.85,148419,290888298.71999997,55.9475,1.68799,0000-00-00,6,False,Regional Banking,Financials,XLF,287,252,False,one leg lacks a two-sided put quote; combined put quote widths exceed 0.10; one put leg has OI below 25,put,2026-10-16,45.0,BTO,37.5,0.9985799478501644,0.0,0.1,3.0,0.0,STO,35.0,0.0,0.1,30.0,0.0,2.5,0.1,,,True,26.31165258400472,6.188347415995281,
2026-08-28,ETSY,buy-first put-tail inventory,,,True,43.17111111111112,83.73,3.4086698777324953,-3.614596523540925,3.608029281982627,28.233776636939833,88.19444444444444,7.94,42.6949,1.2109000000000023,48.80952380952381,-0.466700000000003,15.873015873015872,0.7441999999999993,20.634920634920636,0.9211999999999988,5.5963000000000065,32.142857142857146,4.240400000000001,61.111111111111114,18.650793650793652,4.761904761904762,10973.95,203119,272272612.04,90.2768,7.95036,0000-00-00,9,False,E-commerce & Internet Retail,C. Cyclical,XLY,288,247,False,spread debit outside 0.00-0.10; one leg lacks a two-sided put quote; combined put quote widths exceed 0.10,put,2026-10-16,50.0,BTO,55.0,0.9951156394074016,0.03,0.19,164.0,8.0,STO,50.0,0.0,1.51,59.0,0.0,5.0,0.19,,,False,34.31267168278992,1.8126716827899187,
2026-08-27,TOST,buy-first put-tail inventory,,,True,43.086190476190474,35.36,0.0,-4.561403508771922,13.099883573649262,43.297575876471385,93.4027777777778,17.39,38.6942,0.7995999999999981,5.158730158730159,1.2560000000000002,96.03174603174604,2.0555999999999983,17.46031746031746,6.261499999999998,2.628100000000003,58.73015873015873,-1.7001999999999953,31.746031746031747,37.301587301587304,14.285714285714286,15222.65,327302,348973434.96,85.7475,2.57512,0000-00-00,9,False,Infrastructure Software,Financials,XLF,288,256,False,one leg lacks a two-sided put quote; combined put quote widths exceed 0.10; one put leg has OI below 25,put,2026-10-16,51.0,BTO,22.0,0.9988824107670867,0.0,0.09,120.0,0.0,STO,19.0,0.0,0.27,0.0,0.0,3.0,0.09,,,False,37.782805429864254,5.282805429864254,
2026-08-31,NCLH,buy-first put-tail inventory,,,True,43.04571428571428,16.13,-6.763005780346831,-21.163245356793748,-15.815953737917807,-7.213058044114673,29.757785467128027,21.24,42.2205,0.4557000000000002,0.7936507936507936,1.1231000000000009,94.84126984126983,1.578800000000001,2.7777777777777777,6.529699999999998,6.125299999999996,76.98412698412699,-0.828000000000003,33.73015873015873,2.380952380952381,16.26984126984127,19137.85,587979,232049285.1,68.0394,3.79635,0000-00-00,9,False,Travel & Tourism Services,C. Cyclical,XLY,289,251,False,no roughly $5-wide put spread 25-45% OTM in current/next monthly,,,,,,,,,,,,,,,,,,,,,False,,,
2026-09-01,JPM,buy-first put-tail inventory,,,True,42.99031746031746,354.49,-0.6613423006865626,-3.0600525049223393,1.781820708490378,22.657100748849977,82.98611111111111,19.47,21.0956,2.106200000000001,7.5396825396825395,-0.8526000000000025,86.11111111111111,1.2535999999999987,5.158730158730159,-1.4141000000000012,-0.4678999999999966,69.04761904761905,0.4124000000000016,34.523809523809526,0.0,12.698412698412698,38544.1,653692,2011247409.08,98.7566,1.86174,0000-00-00,6,False,Diversified Banking,Financials,XLF,288,252,False,spread debit outside 0.00-0.10; combined put quote widths exceed 0.10,put,2026-10-16,46.0,BTO,255.0,0.9990394306237071,0.16,0.57,180.0,0.0,STO,250.0,0.15,0.3,179.0,72.0,5.0,0.41999999999999993,,,True,28.065671810206215,4.434328189793785,
2026-09-01,ONON,buy-first put-tail inventory,,,True,42.92285714285715,27.88,-3.9283252929014463,-28.125805620005163,-20.000918210407935,-21.68041010967389,16.319444444444446,19.22,40.4351,0.296599999999998,6.746031746031746,0.8959000000000046,85.71428571428571,1.1925000000000026,7.5396825396825395,3.6983000000000033,4.797499999999999,55.15873015873016,-3.7967000000000017,28.571428571428573,0.7936507936507936,3.1746031746031744,21367.1,362507,267807118.5,81.0855,3.89172,0000-00-00,10,False,Footwear & Accessories Manufacturing,C. Cyclical,XLY,288,252,False,spread debit outside 0.00-0.10; one leg lacks a two-sided put quote; combined put quote widths exceed 0.10; one put leg has OI below 25,put,2026-10-16,46.0,BTO,20.0,0.9908764424735016,0.0,0.12,10.0,0.0,STO,17.5,0.0,0.09,61.0,0.0,2.5,0.12,,,False,28.263988522238158,4.236011477761842,
2026-08-31,WYNN,buy-first put-tail inventory,,,True,42.8915873015873,91.32,-7.971379623097863,-12.762705387848694,-7.681482919254668,-10.840688179520663,24.91349480968858,14.41,30.431599999999996,0.953400000000002,15.873015873015872,0.7713000000000036,86.5079365079365,1.7247000000000057,22.61904761904762,8.4527,7.645899999999997,73.80952380952381,0.9100000000000036,42.857142857142854,30.952380952380953,13.88888888888889,9161.95,265140,148034421.04000002,82.4187,3.95196,0000-00-00,9,False,Resort & Casino Operations,C. Cyclical,XLY,289,251,False,spread debit outside 0.00-0.10; one leg lacks a two-sided put quote; combined put quote widths exceed 0.10,put,2026-09-18,19.0,BTO,60.0,0.9996227264406793,0.0,0.15,283.0,0.0,STO,55.0,0.0,0.25,195.0,0.0,5.0,0.15,,,False,34.2969776609724,1.7969776609724022,
2026-08-25,CEG,buy-first put-tail inventory,,,True,42.891111111111115,278.83,4.724882629107974,-1.7373837045390528,5.5018517593605765,-5.179832711295739,28.719723183391004,13.22,41.2584,0.6355000000000004,21.428571428571427,0.1894999999999953,79.36507936507937,0.8249999999999957,23.015873015873016,1.1418999999999997,0.8718000000000004,53.17460317460318,1.2401999999999944,51.19047619047619,18.650793650793652,11.507936507936508,8775.2,200587,753616828.8000001,95.4124,4.80499,0000-00-00,10,False,Independent Power Production,Utilities,XLU,289,257,False,one leg lacks a two-sided put quote; combined put quote widths exceed 0.10,put,2026-09-18,25.0,BTO,200.0,0.9980247833457304,0.0,0.1,1287.0,2.0,STO,195.0,0.0,5.0,902.0,0.0,5.0,0.1,,,False,28.271706774737293,4.228293225262707,
2026-08-31,UNH,buy-first put-tail inventory,,,True,42.855714285714285,390.64,-2.036312568963794,-5.694903797407247,-5.329550780672532,6.812696997713841,59.515570934256054,16.43,27.8439,0.4305999999999983,17.857142857142858,0.0570000000000021,66.66666666666667,0.4876000000000005,10.714285714285714,1.1859000000000035,1.0843999999999951,23.015873015873016,-0.9755000000000038,38.888888888888886,5.158730158730159,15.873015873015872,42727.7,880202,1583873388.75,98.9609,1.53116,0000-00-00,8,False,Health Insurance & Managed Care,Healthcare,XLV,289,251,False,no roughly $5-wide put spread 25-45% OTM in current/next monthly,,,,,,,,,,,,,,,,,,,,,False,,,
2026-09-02,HIMS,buy-first put-tail inventory,,,True,42.7968253968254,28.66,-3.7932192010741823,-15.00593119810202,-9.801601289088069,9.521682110722097,57.14285714285714,12.6,66.5636,-6.69080000000001,24.20634920634921,4.772600000000011,74.60317460317461,-1.9181999999999988,23.80952380952381,11.417000000000002,14.766900000000009,45.63492063492063,0.5097000000000094,55.95238095238095,15.07936507936508,7.5396825396825395,89768.85,881413,354485260.8,94.0217,5.27535,0000-00-00,9,False,Specialty & Generic Pharmaceuticals,Healthcare,XLV,287,252,False,one leg lacks a two-sided put quote,put,2026-09-18,17.0,BTO,16.0,0.999818542518453,0.0,0.03,1179.0,2.0,STO,11.0,0.0,0.01,336.0,0.0,5.0,0.03,,,False,44.17306350314026,11.673063503140263,
2026-08-28,SHOP,buy-first put-tail inventory,,,True,42.765714285714296,152.56,2.3892617449664533,-3.686868686868694,16.635550601449832,31.59957435935007,90.9722222222222,11.52,42.0821,1.773699999999998,29.761904761904763,-0.6518999999999977,65.07936507936508,1.1218000000000004,23.80952380952381,2.6910000000000025,2.455999999999996,64.28571428571429,-1.671199999999999,29.365079365079364,8.73015873015873,7.142857142857143,44098.1,793442,1620145536.9,97.036,5.58264,0000-00-00,9,False,Application Software,Technology,XLK,288,247,False,one leg lacks a two-sided put quote,put,2026-09-18,22.0,BTO,100.0,0.9998753744047668,0.0,0.07,7258.0,8.0,STO,95.0,0.01,0.04,695.0,5.0,5.0,0.060000000000000005,,,False,34.45201887781857,1.952018877818567,
2026-08-26,CRDO,buy-first put-tail inventory,,,True,42.57825396825397,225.5,-3.372327205724812,-20.774338615044087,-5.929173636807339,4.713763537915705,48.96551724137931,21.39,92.2688,-3.5116999999999905,3.1746031746031744,2.195999999999998,94.04761904761904,-1.3156999999999923,1.984126984126984,6.429500000000004,8.596000000000018,81.34920634920636,29.54170000000001,96.03174603174604,6.746031746031746,84.92063492063492,17909.95,186109,1094279549.93,95.6655,8.73943,0000-00-00,0,True,Semiconductors,Technology,XLK,290,257,False,spread debit outside 0.00-0.10; combined put quote widths exceed 0.10,put,2026-09-18,24.0,BTO,140.0,0.9776508309420984,0.4,0.7,85.0,1.0,STO,135.0,0.25,0.6,106.0,0.0,5.0,0.44999999999999996,,,True,37.91574279379157,5.415742793791573,
2026-08-27,WFC,buy-first put-tail inventory,,,True,42.57476190476191,84.89,1.2765449773323834,-4.9064635375826064,-1.466682761950766,13.250640901364008,71.52777777777779,19.33,22.548,2.323800000000002,9.523809523809524,-1.0031000000000034,73.80952380952381,1.3206999999999989,5.9523809523809526,-0.4032000000000018,-0.230599999999999,48.01587301587302,0.0754000000000019,33.333333333333336,13.88888888888889,7.936507936507937,40109.2,1065682,1017329911.47,97.6113,2.12587,0000-00-00,6,False,Diversified Banking,Financials,XLF,288,256,False,one leg lacks a two-sided put quote,put,2026-09-18,23.0,BTO,55.0,0.9997971493109412,0.0,0.01,1693.0,0.0,STO,50.0,0.0,0.06,979.0,0.0,5.0,0.01,,,False,35.21027211685711,2.7102721168571122,
2026-09-01,C,buy-first put-tail inventory,,,True,42.563809523809525,132.13,-1.0188029065847704,-4.949284224156536,-2.662221036982926,5.695388714057292,53.81944444444444,21.96,26.3272,1.6264999999999965,1.5873015873015872,-0.5609999999999999,94.84126984126983,1.0654999999999966,0.7936507936507936,-0.0072000000000009,1.271799999999999,87.3015873015873,1.2759,47.22222222222222,2.380952380952381,12.698412698412698,30712.9,1023787,1148098358.12,96.7923,2.27627,0000-00-00,6,False,Diversified Banking,Financials,XLF,288,252,False,one leg lacks a two-sided put quote; combined put quote widths exceed 0.10,put,2026-10-16,46.0,BTO,90.0,0.9996987819095744,0.0,0.09,300.0,0.0,STO,85.0,0.0,0.05,195.0,0.0,5.0,0.09,,,True,31.88526451222281,0.6147354877771889,
2026-09-01,TGT,buy-first put-tail inventory,,,True,42.558888888888895,162.7,-0.2635934530742401,-3.977809254013221,11.848672252454872,37.19693404369578,95.13888888888889,11.33,28.8317,1.2369999999999983,31.746031746031747,-0.3878999999999948,58.333333333333336,0.8491000000000035,23.80952380952381,0.8373999999999988,0.7349999999999959,40.07936507936508,-0.5825999999999993,35.317460317460316,23.41269841269841,6.349206349206349,34074.05,445539,781588985.68,98.1524,2.05003,0000-00-00,11,False,Discount Retail,C. Defensive,XLP,288,252,False,one leg lacks a two-sided put quote; combined put quote widths exceed 0.10,put,2026-10-16,46.0,BTO,110.0,0.9992490719339018,0.0,0.08,368.0,0.0,STO,105.0,0.0,0.8,594.0,0.0,5.0,0.08,,,False,32.39090350338045,0.10909649661955001,
2026-08-27,CVS,buy-first put-tail inventory,,,True,42.51460317460318,93.25,-0.7028005537216497,-11.308731215522162,-8.040377423986623,2.562164671349887,48.61111111111111,15.66,25.535200000000003,0.9593999999999988,19.84126984126984,-0.1424000000000056,70.23809523809524,0.8169999999999931,14.285714285714286,0.3321999999999967,2.5597999999999956,66.66666666666667,1.866999999999997,69.44444444444444,30.555555555555557,8.333333333333334,14430.35,309346,751069877.04,89.0112,3.70789,0000-00-00,8,False,Health Insurance & Managed Care,Healthcare,XLV,288,256,False,no roughly $5-wide put spread 25-45% OTM in current/next monthly,,,,,,,,,,,,,,,,,,,,,False,,,
2026-08-31,PYPL,buy-first put-tail inventory,,,True,42.446507936507935,52.97,-14.065541855937704,-15.477900111696188,-1.9415462764815208,20.889755563541343,84.77508650519032,20.49,31.8314,-0.8581000000000003,7.5396825396825395,0.6117000000000026,75.0,-0.2463999999999977,2.7777777777777777,4.244499999999999,7.596200000000003,69.04761904761905,4.022900000000007,64.68253968253968,8.73015873015873,32.142857142857146,58752.8,1815956,592975464.3,87.7499,4.07185,0000-00-00,8,False,Credit & Lending Services,Financials,XLF,289,251,False,one leg lacks a two-sided put quote; combined put quote widths exceed 0.10,put,2026-10-16,47.0,BTO,37.5,0.9962768431441573,0.01,0.02,1151.0,24.0,STO,32.5,0.0,0.12,194.0,0.0,5.0,0.02,,,False,29.205210496507462,3.294789503492538,
2026-08-28,MRNA,buy-first put-tail inventory,,,True,42.35460317460317,138.04,-5.374280230326301,-18.14030718140307,80.39209536578926,193.1564684043401,99.6527777777778,15.82,73.0832,-4.649199999999993,21.825396825396822,3.1370999999999896,68.65079365079364,-1.5121000000000038,12.301587301587302,13.740899999999996,12.468000000000004,40.476190476190474,-0.6303000000000054,44.04761904761905,19.84126984126984,50.3968253968254,157541.3,1030379,3994464460.86,95.326,9.55471,0000-00-00,9,False,Biotechnology,Healthcare,XLV,288,247,False,combined put quote widths exceed 0.10,put,2026-09-18,22.0,BTO,80.0,0.9984062512678458,0.06,0.1,2486.0,147.0,STO,75.0,0.02,0.11,1932.0,683.0,5.0,0.08,,,False,42.045783830773686,9.545783830773686,
2026-08-26,SMR,buy-first put-tail inventory,,,True,42.350158730158725,9.29,0.0,-5.97165991902836,0.3499827169028524,-20.210331030846863,15.172413793103448,11.38,82.05449999999999,-4.696299999999994,31.349206349206348,3.963000000000008,60.714285714285715,-0.7332999999999856,25.0,15.699300000000008,16.03009999999999,47.61904761904762,2.8862000000000023,57.93650793650794,2.7777777777777777,8.73015873015873,47340.3,488627,321470354.79,86.1137,6.02052,0000-00-00,10,False,Specialized Industrial Equipment,Industrials,XLI,290,257,False,one leg lacks a two-sided put quote; one put leg has OI below 25,put,2026-09-18,24.0,BTO,6.0,0.9895164549298938,0.0,0.04,1032.0,7.0,STO,1.0,0.0,0.01,0.0,0.0,5.0,0.04,,,False,35.41442411194833,2.9144241119483283,
2026-09-01,SHOP,buy-first put-tail inventory,,,True,42.26857142857143,140.01,-8.936585365853666,-11.609848484848497,5.893938156306411,24.637969871158617,86.11111111111111,14.16,42.8451,0.7494000000000014,20.238095238095237,0.2965000000000017,84.12698412698413,1.0459000000000032,22.61904761904762,4.320599999999999,4.732900000000001,82.14285714285714,0.3359999999999985,40.476190476190474,8.333333333333334,11.904761904761903,41002.0,779209,1467759957.41,94.7617,4.63985,0000-00-00,9,False,Application Software,Technology,XLK,288,252,False,one leg lacks a two-sided put quote; combined put quote widths exceed 0.10,put,2026-09-18,18.0,BTO,95.0,0.9998818172197089,0.01,0.04,695.0,22.0,STO,90.0,0.0,0.13,9005.0,3.0,5.0,0.04,,,False,32.147703735447465,0.3522962645525354,
2026-08-26,GOOG,buy-first put-tail inventory,,,True,42.23285714285714,339.4,-0.6585687106688165,-10.064126344798352,-2.829844579285312,-9.561610870006698,23.448275862068964,19.91,27.658300000000004,0.1219999999999998,9.126984126984128,0.2476999999999947,79.76190476190476,0.3696999999999946,5.158730158730159,3.6502999999999943,3.757200000000001,79.76190476190476,0.4603999999999999,51.98412698412698,11.11111111111111,18.253968253968253,172731.4,1716525,6014364374.839999,98.6186,1.12988,0000-00-00,9,False,Internet Content & Media,Comm,XLC,290,257,False,one leg lacks a two-sided put quote,put,2026-09-18,24.0,BTO,200.0,0.9991198547248811,0.0,0.05,1948.0,5.0,STO,195.0,0.01,0.06,368.0,7.0,5.0,0.04,,,False,41.07248084855627,8.572480848556268,
2026-08-28,PYPL,buy-first put-tail inventory,,,True,42.1963492063492,53.73,-12.7051177904143,-14.265198659645772,-0.1505268439538576,23.404532576149528,83.33333333333334,22.01,32.5677,-1.6144999999999996,3.968253968253968,1.053599999999996,88.4920634920635,-0.5609000000000037,0.0,5.204999999999998,9.40939999999999,82.93650793650794,5.7553999999999945,77.38095238095238,6.349206349206349,40.476190476190474,55854.95,1833468,608092405.29,72.7131,4.29442,0000-00-00,8,False,Credit & Lending Services,Financials,XLF,288,247,False,one leg lacks a two-sided put quote; combined put quote widths exceed 0.10,put,2026-10-16,50.0,BTO,37.5,0.9961313318746154,0.01,0.03,1135.0,15.0,STO,32.5,0.0,0.12,194.0,0.0,5.0,0.03,,,False,30.206588498045782,2.2934115019542176,
2026-09-02,JPM,buy-first put-tail inventory,,,True,42.14619047619048,355.9,-0.606026754545208,-2.674469481513897,2.0600120900536645,23.242119988848252,80.13937282229965,18.33,20.6822,2.2951000000000015,11.904761904761903,-0.8625000000000007,84.52380952380952,1.4326000000000008,10.714285714285714,-0.3724000000000025,-0.0177999999999975,80.55555555555556,-0.4624999999999986,23.41269841269841,3.1746031746031744,7.142857142857143,38744.45,663579,1982236732.4,97.1991,1.26032,0000-00-00,5,False,Diversified Banking,Financials,XLF,287,252,False,spread debit outside 0.00-0.10; combined put quote widths exceed 0.10,put,2026-10-16,45.0,BTO,265.0,0.9865748163211321,0.16,0.32,1360.0,3.0,STO,260.0,0.13,0.3,483.0,20.0,5.0,0.19,,,True,25.540882270300646,6.959117729699354,
2026-08-31,NBIS,buy-first put-tail inventory,,,True,42.14015873015872,205.47,-2.049864136911861,-24.79686699363152,-5.5957068491010675,-18.595938128516675,17.647058823529413,16.59,78.60000000000001,-2.9163000000000068,16.666666666666668,2.4809999999999945,82.93650793650794,-0.4353000000000122,14.682539682539682,12.947799999999988,11.824100000000016,82.53968253968254,-1.3060999999999865,35.714285714285715,13.095238095238097,9.523809523809524,232588.3,1268534,5139675597.84,98.4479,4.53966,0000-00-00,10,False,Internet Content & Media,Technology,XLK,289,251,False,combined put quote widths exceed 0.10,put,2026-09-18,19.0,BTO,115.0,0.9949252838602821,0.06,0.14,1743.0,27.0,STO,110.0,0.08,0.15,1538.0,30.0,5.0,0.06000000000000001,,,False,44.030758748235755,11.530758748235755,
2026-08-25,CCL,buy-first put-tail inventory,,,True,42.13015873015873,25.84,-5.555555555555558,-13.462826523777627,-6.842598601196892,-0.2392390368321839,38.062283737024224,21.6,39.2559,1.8013000000000048,3.968253968253968,-0.4603999999999999,73.41269841269842,1.3409000000000049,2.380952380952381,0.4568000000000012,1.0061000000000035,40.87301587301587,0.5296000000000021,42.857142857142854,5.158730158730159,19.444444444444443,35052.35,988935,460069368.99,90.4106,3.74892,0000-00-00,4,False,Travel & Tourism Services,C. Cyclical,XLY,289,257,False,one leg lacks a two-sided put quote; combined put quote widths exceed 0.10,put,2026-10-16,53.0,BTO,18.0,0.9744141940967781,0.03,0.08,3778.0,5.0,STO,15.0,0.0,0.12,259.0,0.0,3.0,0.08,,,True,30.34055727554179,2.1594427244582093,
2026-08-31,M,buy-first put-tail inventory,,,True,42.12698412698413,22.02,-5.249569707401025,-15.954198473282444,-7.84991504783269,4.123711124899032,51.903114186851205,17.0,49.201899999999995,1.950099999999999,17.063492063492063,-0.2205000000000012,49.6031746031746,1.7295999999999978,12.301587301587302,3.1282000000000068,-0.4344000000000036,4.365079365079365,5.073899999999995,75.7936507936508,1.5873015873015872,85.31746031746032,9677.55,157803,109209658.2,88.3865,5.81147,0000-00-00,1,True,Department Store Retail,C. Cyclical,XLY,289,251,False,no roughly $5-wide put spread 25-45% OTM in current/next monthly,,,,,,,,,,,,,,,,,,,,,False,,,
2026-08-25,CVS,buy-first put-tail inventory,,,True,42.059841269841264,92.86,-1.9636824324324345,-12.462292609351431,-8.668164275344925,4.712558429813685,47.05882352941176,19.21,26.5262,0.5674000000000028,10.714285714285714,0.0731999999999999,81.74603174603175,0.6406000000000027,7.936507936507937,1.0798000000000023,2.430799999999998,65.47619047619048,0.8448999999999991,57.93650793650794,30.555555555555557,11.904761904761903,13118.45,295650,768565878.36,95.9274,2.71402,0000-00-00,9,False,Health Insurance & Managed Care,Healthcare,XLV,289,257,False,no roughly $5-wide put spread 25-45% OTM in current/next monthly,,,,,,,,,,,,,,,,,,,,,False,,,
2026-08-27,SMR,buy-first put-tail inventory,,,True,41.91777777777778,9.71,7.649667405764982,-1.720647773279349,4.941206985993429,-18.40885036856996,16.666666666666664,10.86,82.135,-4.017800000000008,36.111111111111114,3.248599999999996,51.58730158730159,-0.7692000000000121,25.0,11.491199999999992,20.818799999999996,64.28571428571429,8.709800000000001,69.04761904761905,17.063492063492063,5.9523809523809526,47606.05,509856,314546636.52,89.3811,5.94618,0000-00-00,10,False,Specialized Industrial Equipment,Industrials,XLI,288,256,False,one leg lacks a two-sided put quote; combined put quote widths exceed 0.10; one put leg has OI below 25,put,2026-09-18,23.0,BTO,7.0,0.9565526327505117,0.03,0.05,603.0,26.0,STO,4.5,0.0,0.09,0.0,0.0,2.5,0.05,,,False,27.90937178166839,4.590628218331609,
2026-08-31,CVS,buy-first put-tail inventory,,,True,41.90222222222222,94.15,0.5983545250560995,-9.636241481908048,-6.970447925189016,7.140073980691975,60.207612456747405,15.32,26.8087,1.1852999999999945,26.58730158730159,-0.4850999999999992,48.41269841269841,0.7001999999999953,12.301587301587302,-0.5522000000000027,0.7471999999999959,33.73015873015873,0.0022999999999981,52.38095238095238,7.5396825396825395,9.523809523809524,14681.75,302103,709419551.94,85.1474,3.06146,0000-00-00,8,False,Health Insurance & Managed Care,Healthcare,XLV,289,251,False,spread debit outside 0.00-0.10; one leg lacks a two-sided put quote; combined put quote widths exceed 0.10; one put leg has OI below 25,put,2026-10-16,47.0,BTO,70.0,0.9975227649993559,0.0,0.13,0.0,0.0,STO,65.0,0.0,0.1,0.0,0.0,5.0,0.13,,,False,25.65055762081785,6.84944237918215,
2026-09-02,AVGO,buy-first put-tail inventory,,grab,True,41.858888888888885,367.9,3.7741171161006504,-13.555299701590728,-4.430735532647356,-19.298457235478217,17.770034843205575,22.03,49.473,-2.337299999999999,3.5714285714285716,1.2832000000000008,96.03174603174604,-1.0540999999999985,1.984126984126984,4.514700000000005,6.398899999999998,91.66666666666669,22.771299999999997,98.015873015873,0.7936507936507936,93.65079365079364,252449.8,2217112,7220908054.48,97.8983,1.71409,0000-00-00,13,False,Semiconductors,Technology,XLK,287,252,False,no roughly $5-wide put spread 25-45% OTM in current/next monthly,,,,,,,,,,,,,,,,,,,,,False,,,
2026-08-27,CCL,buy-first put-tail inventory,,,True,41.846984126984125,24.98,-1.4984227129337446,-16.342933690555927,-9.244820996490413,-8.716762322407657,26.73611111111111,22.28,38.8407,1.0708999999999946,1.1904761904761905,0.2950000000000017,96.82539682539682,1.3658999999999963,3.1746031746031744,2.3700000000000045,7.376899999999999,97.22222222222224,3.4480999999999966,59.523809523809526,0.7936507936507936,12.301587301587302,33099.15,1002679,442075873.83,91.0823,2.86311,0000-00-00,4,False,Travel & Tourism Services,C. Cyclical,XLY,288,256,False,one leg lacks a two-sided put quote,put,2026-10-16,51.0,BTO,18.0,0.9662211619267123,0.06,0.08,3771.0,18.0,STO,15.0,0.0,0.05,259.0,6.0,3.0,0.08,,,True,27.942353883106485,4.557646116893515,
2026-08-24,IONQ,buy-first put-tail inventory,,,True,41.81349206349206,41.2,-11.701671667381042,-11.965811965811955,-7.023767613579935,-32.515846388385995,5.88235294117647,15.25,78.3072,-4.939099999999996,24.603174603174605,3.028500000000008,65.47619047619048,-1.910599999999988,15.07936507936508,12.966100000000012,13.44380000000001,48.01587301587302,4.205299999999994,54.76190476190476,0.0,13.492063492063492,66297.25,627041,925407743.7,83.6061,7.34122,0000-00-00,10,False,Computer Hardware Manufacturing,Technology,XLK,289,256,False,spread debit outside 0.00-0.10; one leg lacks a two-sided put quote; combined put quote widths exceed 0.10,put,2026-09-18,26.0,BTO,25.0,0.9962496756220404,0.0,0.15,15722.0,78.0,STO,20.0,0.0,0.05,2677.0,1.0,5.0,0.15,,,False,39.320388349514566,6.820388349514566,
2026-09-02,VRT,buy-first put-tail inventory,,,True,41.7063492063492,256.88,-3.111681062120464,-12.444186918436206,-9.71359160513544,-17.802098930825327,18.81533101045296,17.5,52.336400000000005,0.936,17.46031746031746,-0.3299000000000021,78.57142857142857,0.6060999999999979,11.507936507936508,-0.2483000000000004,0.9089999999999988,71.42857142857143,0.1092999999999975,35.714285714285715,13.095238095238097,6.746031746031746,24630.05,449161,1095395714.27,98.2259,3.95792,0000-00-00,7,False,Electrical Equipment Manufacturing,Industrials,XLI,287,252,False,one leg lacks a two-sided put quote; combined put quote widths exceed 0.10,put,2026-09-18,17.0,BTO,145.0,0.9997576468228083,0.0,0.06,62.0,90.0,STO,140.0,0.0,0.05,711.0,10.0,5.0,0.06,,,False,43.553410152600435,11.053410152600435,
2026-08-31,CVNA,buy-first put-tail inventory,,,True,41.68714285714285,73.14,2.0938023450586263,-3.4965034965035,7.399934802336539,6.7228695602904125,58.82352941176471,21.17,53.599,3.30660000000001,5.555555555555555,-1.2054000000000045,91.66666666666669,2.1012000000000057,5.158730158730159,0.753700000000002,1.3582999999999998,82.14285714285714,0.1524999999999963,32.53968253968254,13.095238095238097,21.428571428571427,55092.65,1017060,657257818.5600001,96.1931,3.52049,0000-00-00,8,False,Auto Dealerships,C. Cyclical,XLY,289,251,False,one leg lacks a two-sided put quote,put,2026-09-18,19.0,BTO,45.0,0.9986664263991532,0.02,0.06,1852.0,1.0,STO,40.0,0.0,0.06,10375.0,859.0,5.0,0.06,,,False,38.47415914684167,5.9741591468416715,
2026-08-24,SCHW,buy-first put-tail inventory,,,True,41.53650793650794,113.47,2.5300442757748343,0.0,11.359951636393628,27.141923908605527,85.81314878892734,21.4,22.1057,1.4054999999999964,4.365079365079365,-0.3746999999999971,93.25396825396824,1.0307999999999993,5.9523809523809526,0.0456000000000003,2.004200000000001,88.88888888888889,2.200000000000003,58.333333333333336,11.11111111111111,13.095238095238097,18595.55,433513,763969039.0,93.2613,2.13543,0000-00-00,7,False,Investment Banking & Brokerage,Financials,XLF,289,256,False,combined put quote widths exceed 0.10,put,2026-10-16,54.0,BTO,80.0,0.9964573031578948,0.01,0.12,655.0,4.0,STO,75.0,0.04,0.15,952.0,1.0,5.0,0.07999999999999999,,,True,29.49678329073764,3.003216709262361,
2026-08-28,ONON,buy-first put-tail inventory,,,True,41.48047619047619,28.9,-3.9548022598870136,-25.49626192317608,-17.94528171173524,-25.984223368561565,12.84722222222222,19.71,40.6953,1.2590000000000003,13.095238095238097,-0.1382000000000047,48.80952380952381,1.1207999999999956,5.9523809523809526,7.598899999999993,4.713999999999999,53.57142857142857,-9.7902,11.507936507936508,4.365079365079365,1.984126984126984,20425.65,371338,266175361.35,67.4418,4.0626,0000-00-00,10,False,Footwear & Accessories Manufacturing,C. Cyclical,XLY,288,247,False,one leg lacks a two-sided put quote; combined put quote widths exceed 0.10; one put leg has OI below 25,put,2026-10-16,50.0,BTO,20.0,0.9914074000562456,0.0,0.1,10.0,0.0,STO,17.5,0.0,0.08,11.0,0.0,2.5,0.1,,,False,30.795847750865047,1.7041522491349532,
2026-08-27,C,buy-first put-tail inventory,,,True,41.47587301587302,132.65,1.9208605455244057,-4.575210416516784,-2.8038506234768334,8.511839874822114,63.541666666666664,21.54,26.0634,2.075400000000002,3.968253968253968,-0.6013999999999982,94.04761904761904,1.4740000000000038,5.9523809523809526,-0.4372999999999969,-0.2611000000000025,58.333333333333336,-0.5198000000000036,24.20634920634921,12.301587301587302,9.92063492063492,33932.45,1012884,1176146589.24,94.6507,2.34035,0000-00-00,6,False,Diversified Banking,Financials,XLF,288,256,False,one leg lacks a two-sided put quote; combined put quote widths exceed 0.10,put,2026-09-18,23.0,BTO,80.0,0.9994226648164553,0.0,0.01,1267.0,0.0,STO,75.0,0.0,0.12,599.0,0.0,5.0,0.01,,,False,39.6909159442141,7.1909159442140975,
2026-08-26,CCL,buy-first put-tail inventory,,,True,41.422698412698416,25.63,-4.151084517576664,-14.16610850636303,-7.284816125134741,-5.6672996207582145,28.965517241379313,21.99,39.2594,1.9814000000000007,6.349206349206349,-0.7768000000000015,58.73015873015873,1.2045999999999992,1.5873015873015872,1.6488000000000014,1.945299999999996,51.19047619047619,-0.1837000000000017,35.317460317460316,0.7936507936507936,16.26984126984127,34915.35,999597,465267297.7,88.3641,3.06002,0000-00-00,4,False,Travel & Tourism Services,C. Cyclical,XLY,290,257,False,one leg lacks a two-sided put quote,put,2026-10-16,52.0,BTO,18.0,0.9739445369553957,0.05,0.08,3774.0,39.0,STO,15.0,0.0,0.06,259.0,0.0,3.0,0.08,,,True,29.769801014436204,2.7301989855637956,
2026-08-27,CCJ,buy-first put-tail inventory,,,True,41.36888888888889,106.53,11.631562401760442,-1.2605431457966445,10.626958791899188,-2.0894951530577517,39.58333333333333,22.52,46.555600000000005,-2.7697999999999965,3.1746031746031744,1.3924999999999912,84.92063492063492,-1.3773000000000053,2.380952380952381,2.559999999999995,4.286500000000004,46.03174603174603,1.710400000000007,36.904761904761905,2.380952380952381,11.507936507936508,26360.1,422855,321536114.24,89.6441,5.40688,0000-00-00,9,False,Uranium,Energy,XLE,288,256,False,one leg lacks a two-sided put quote; combined put quote widths exceed 0.10,put,2026-09-18,23.0,BTO,75.0,0.9985092399842708,0.0,0.07,3259.0,4.0,STO,70.0,0.01,0.09,1231.0,2.0,5.0,0.060000000000000005,,,False,29.597296536186988,2.902703463813012,
2026-08-25,IONQ,buy-first put-tail inventory,,,True,41.33888888888889,42.03,-5.038409399005872,-10.19230769230769,-4.4664166382543335,-30.70236952533667,7.26643598615917,17.55,79.55069999999999,-5.971500000000006,19.047619047619047,3.573100000000011,71.82539682539682,-2.398399999999995,11.507936507936508,12.398300000000006,12.3583,43.65079365079365,1.6783000000000072,41.26984126984127,3.1746031746031744,12.301587301587302,63288.8,645428,851750980.4200001,95.4351,7.64091,0000-00-00,10,False,Computer Hardware Manufacturing,Technology,XLK,289,257,False,one leg lacks a two-sided put quote; combined put quote widths exceed 0.10,put,2026-09-18,25.0,BTO,25.0,0.9970761542186246,0.0,0.08,15674.0,27.0,STO,20.0,0.0,0.06,2678.0,0.0,5.0,0.08,,,False,40.51867713537949,8.018677135379491,
2026-08-26,SBUX,buy-first put-tail inventory,,,True,41.28507936507936,108.05,2.855782960495002,-0.8715596330275299,3.1227929527190668,8.683026083605982,59.6551724137931,13.08,26.4701,1.7073,30.555555555555557,-0.4787000000000034,57.142857142857146,1.2285999999999966,22.61904761904762,1.5584999999999951,1.7833000000000006,52.38095238095238,0.7908000000000044,45.63492063492063,7.5396825396825395,13.492063492063492,21710.1,463588,807826608.0,88.3522,2.41897,0000-00-00,9,False,Restaurants,C. Cyclical,XLY,290,257,False,one leg lacks a two-sided put quote; combined put quote widths exceed 0.10,put,2026-10-16,52.0,BTO,80.0,0.9963236244523962,0.0,0.08,422.0,1.0,STO,75.0,0.02,0.1,809.0,3.0,5.0,0.06,,,False,25.960203609440068,6.539796390559932,
2026-08-28,GE,buy-first put-tail inventory,,,True,41.27507936507936,343.43,-1.9107734491031647,-9.837227618797574,-4.567467740841891,9.694531760337156,65.625,23.09,28.4334,1.322600000000001,2.380952380952381,-0.571200000000001,85.71428571428571,0.7514000000000003,0.7936507936507936,-0.5292999999999992,-0.852999999999998,33.73015873015873,-1.2835999999999963,24.20634920634921,4.761904761904762,12.698412698412698,12960.55,221468,1223163270.5900002,98.0,3.4965,0000-00-00,7,False,Aerospace & Defense Manufacturing,Industrials,XLI,288,247,False,spread debit outside 0.00-0.10; one leg lacks a two-sided put quote; combined put quote widths exceed 0.10,put,2026-09-18,22.0,BTO,200.0,0.9995419984322341,0.0,0.22,235.0,0.0,STO,195.0,0.0,0.72,160.0,0.0,5.0,0.22,,,False,41.763969367847885,9.263969367847885,
2026-08-24,CCL,buy-first put-tail inventory,,,True,41.25888888888889,25.86,-6.844380403458217,-13.395847287340922,-6.986447213190228,1.0071981583478995,41.17647058823529,22.63,39.1217,1.8785999999999987,4.365079365079365,-0.6973999999999947,62.698412698412696,1.181200000000004,1.1904761904761905,0.721500000000006,0.3652999999999977,32.93650793650794,1.1791999999999945,47.61904761904762,52.38095238095238,25.79365079365079,36963.95,949773,463784021.9,90.8666,3.71002,0000-00-00,5,False,Travel & Tourism Services,C. Cyclical,XLY,289,256,False,one leg lacks a two-sided put quote; combined put quote widths exceed 0.10,put,2026-09-18,26.0,BTO,18.0,0.9986156062510506,0.0,0.03,1647.0,2.0,STO,13.0,0.0,0.21,2201.0,0.0,5.0,0.03,,,False,30.39443155452436,2.1055684454756403,
2026-08-27,SPOT,buy-first put-tail inventory,,,True,41.18730158730159,527.87,-1.329021645669004,-4.317642154108292,7.371965028800265,3.6414002607433993,52.083333333333336,15.4,36.6674,1.0090000000000003,19.444444444444443,-0.1910000000000025,84.12698412698413,0.8179999999999978,22.61904761904762,-0.1439000000000021,1.7851,70.23809523809524,1.6253000000000029,54.76190476190476,27.77777777777778,13.492063492063492,10419.8,118402,1136647995.6,95.1865,4.89381,0000-00-00,9,False,Internet Content & Media,Comm,XLC,288,256,False,no roughly $5-wide put spread 25-45% OTM in current/next monthly,,,,,,,,,,,,,,,,,,,,,False,,,
2026-08-28,VRT,buy-first put-tail inventory,,,True,41.16063492063492,257.57,-1.788301685350413,-12.209005078564362,-10.958435285584988,-14.674158771484878,21.52777777777778,18.76,51.4713,0.7415999999999983,13.492063492063492,-0.1001999999999938,85.71428571428571,0.6414000000000044,11.904761904761903,3.943199999999998,4.430900000000008,90.47619047619048,-1.468999999999994,26.58730158730159,10.317460317460318,2.7777777777777777,27493.25,453099,1442207400.4799998,98.1738,4.231,0000-00-00,7,False,Electrical Equipment Manufacturing,Industrials,XLI,288,247,False,one leg lacks a two-sided put quote; combined put quote widths exceed 0.10,put,2026-09-18,22.0,BTO,150.0,0.9992057623846303,0.0,0.1,1272.0,1.0,STO,145.0,0.0,0.1,62.0,0.0,5.0,0.1,,,False,41.763404123150984,9.263404123150984,
2026-09-01,NBIS,buy-first put-tail inventory,,,True,41.13476190476191,200.95,-9.092965392445162,-26.45121147792988,-6.976292031948872,-18.65700297264521,17.36111111111111,15.77,78.3588,-2.6961999999999904,19.84126984126984,2.6563999999999908,84.52380952380952,-0.0397999999999996,20.634920634920636,13.441600000000008,12.224599999999995,82.93650793650794,-3.976600000000019,22.22222222222222,18.650793650793652,6.746031746031746,230054.65,1304584,4921330328.0,98.6741,4.23703,0000-00-00,10,False,Internet Content & Media,Technology,XLK,288,252,False,combined put quote widths exceed 0.10,put,2026-09-18,18.0,BTO,120.0,0.995010496583438,0.16,0.19,4509.0,30.0,STO,115.0,0.1,0.18,1744.0,16.0,5.0,0.09,,,False,40.283652649912916,7.783652649912916,
2026-08-25,DIS,buy-first put-tail inventory,,,True,41.016666666666666,111.25,6.663470757430501,0.0,10.9181329462249,10.64736428858004,61.93771626297578,20.65,22.6062,0.6666999999999987,8.73015873015873,0.0792000000000001,84.92063492063492,0.7458999999999989,7.936507936507937,1.221,1.3580000000000003,43.65079365079365,0.2403999999999975,43.25396825396825,23.41269841269841,17.063492063492063,46258.7,654537,1181554270.65,94.4134,2.08378,0000-00-00,11,False,Entertainment,Comm,XLC,289,257,False,one leg lacks a two-sided put quote; combined put quote widths exceed 0.10,put,2026-09-18,25.0,BTO,80.0,0.9999773031636648,0.0,0.03,3545.0,1.0,STO,75.0,0.0,0.23,7439.0,1.0,5.0,0.03,,,False,28.08988764044944,4.41011235955056,
2026-09-02,NBIS,buy-first put-tail inventory,,,True,40.97666666666667,204.69,-4.657878801993576,-25.08235121879805,-4.632825429010201,-13.56199670008451,20.905923344947738,15.69,79.3581,-1.4483000000000033,24.20634920634921,1.197100000000006,67.06349206349206,-0.2511999999999972,17.46031746031746,10.232,9.625199999999992,74.60317460317461,-4.682299999999998,20.634920634920636,15.07936507936508,6.349206349206349,228814.8,1344732,4591252974.44,98.5841,4.1475,0000-00-00,9,False,Internet Content & Media,Technology,XLK,287,252,False,combined put quote widths exceed 0.10,put,2026-09-18,17.0,BTO,120.0,0.997194044039768,0.14,0.18,4523.0,88.0,STO,115.0,0.1,0.18,1746.0,22.0,5.0,0.07999999999999999,,,False,41.37476183496995,8.874761834969952,
2026-08-31,DIS,buy-first put-tail inventory,,,True,40.97238095238095,107.93,-1.997639153727404,-2.984269662921346,7.071500707328626,8.806337123977148,64.3598615916955,19.98,22.142999999999997,0.8289999999999971,12.698412698412698,-0.1985999999999954,71.42857142857143,0.6304000000000016,7.5396825396825395,2.1164000000000023,1.3047999999999966,44.44444444444444,-1.3809000000000005,28.174603174603178,29.365079365079364,10.317460317460318,44467.3,655562,1021489112.3,89.0345,2.05653,0000-00-00,10,False,Entertainment,Comm,XLC,289,251,False,one leg lacks a two-sided put quote; combined put quote widths exceed 0.10,put,2026-09-18,19.0,BTO,75.0,0.9995556026061584,0.0,0.03,7438.0,4.0,STO,70.0,0.0,0.19,361.0,0.0,5.0,0.03,,,False,30.51051607523395,1.9894839247660485,
2026-08-24,DASH,buy-first put-tail inventory,,,True,40.95603174603175,229.07,7.605223600150324,0.0,18.650019993411515,44.27190970222228,93.77162629757784,15.79,38.9912,2.287799999999997,24.20634920634921,-0.9891999999999967,57.53968253968254,1.2986000000000004,17.063492063492063,-0.7423000000000002,2.6403999999999996,77.77777777777777,4.855899999999998,75.39682539682539,37.698412698412696,25.396825396825395,13129.85,187199,996750202.68,94.3708,4.93229,0000-00-00,10,False,E-commerce & Internet Retail,C. Cyclical,XLY,289,256,False,one leg lacks a two-sided put quote; combined put quote widths exceed 0.10,put,2026-09-18,26.0,BTO,165.0,0.9983177905809121,0.04,0.07,1189.0,36.0,STO,160.0,0.0,0.1,2822.0,0.0,5.0,0.07,,,False,27.96961627450124,4.5303837254987585,
2026-08-27,ON,buy-first put-tail inventory,,,True,40.81698412698413,74.28,-0.6951871657753905,-11.30746268656716,-16.693956835177836,-37.94400167482191,4.166666666666666,23.31,52.5363,-1.4956999999999994,1.5873015873015872,1.334699999999998,94.84126984126983,-0.1610000000000013,2.7777777777777777,2.6484999999999985,2.662699999999994,41.666666666666664,-3.500400000000006,24.20634920634921,2.380952380952381,24.20634920634921,19607.25,301735,680122714.3199999,87.8052,5.84401,0000-00-00,9,False,Semiconductors,Technology,XLK,288,256,False,spread debit outside 0.00-0.10; one leg lacks a two-sided put quote; combined put quote widths exceed 0.10,put,2026-09-18,23.0,BTO,45.0,0.999675193567391,0.0,0.12,423.0,0.0,STO,40.0,0.0,0.12,1615.0,0.0,5.0,0.12,,,False,39.41841680129241,6.918416801292409,
2026-09-02,ONON,buy-first put-tail inventory,,,True,40.787142857142854,27.7,-5.331510594668498,-28.58984274297499,-20.166468764050126,-21.28775451151799,14.982578397212542,22.07,40.1306,0.0311999999999983,5.158730158730159,1.0272000000000006,87.6984126984127,1.058399999999999,5.555555555555555,4.456599999999995,7.151599999999995,71.82539682539682,-3.330599999999997,30.15873015873016,8.333333333333334,2.380952380952381,22354.15,368794,261501858.51,76.6585,2.56492,0000-00-00,10,False,Footwear & Accessories Manufacturing,C. Cyclical,XLY,287,252,False,one leg lacks a two-sided put quote; combined put quote widths exceed 0.10; one put leg has OI below 25,put,2026-10-16,45.0,BTO,20.0,0.9912594001729033,0.0,0.05,10.0,1.0,STO,17.5,0.0,0.09,61.0,0.0,2.5,0.05,,,False,27.797833935018048,4.702166064981952,
2026-09-01,AAL,buy-first put-tail inventory,,,True,40.65587301587301,12.98,-5.942028985507253,-22.275449101796397,-16.25698396108337,-1.5613119579770744,39.93055555555556,22.36,42.8767,0.2090000000000031,5.158730158730159,0.8686000000000007,87.3015873015873,1.077600000000004,4.761904761904762,4.1066,5.128600000000006,59.92063492063492,-3.2912999999999997,23.015873015873016,5.555555555555555,5.9523809523809526,55569.7,1931691,761840682.26,78.3942,3.08382,0000-00-00,7,False,Airlines,Industrials,XLI,288,252,False,no roughly $5-wide put spread 25-45% OTM in current/next monthly,,,,,,,,,,,,,,,,,,,,,False,,,
2026-09-01,DIS,buy-first put-tail inventory,,,True,40.59936507936508,106.3,-4.449438202247191,-4.449438202247191,5.367706532599548,10.184814163565836,64.23611111111111,19.48,22.8357,0.757399999999997,11.11111111111111,0.0818000000000012,85.71428571428571,0.8391999999999982,13.492063492063492,2.9766000000000012,2.796800000000001,70.23809523809524,-0.2331000000000003,36.904761904761905,28.571428571428573,17.063492063492063,42094.55,665314,1003741564.5,88.1599,2.09442,0000-00-00,10,False,Entertainment,Comm,XLC,288,252,False,no roughly $5-wide put spread 25-45% OTM in current/next monthly,,,,,,,,,,,,,,,,,,,,,False,,,
2026-09-01,CLF,buy-first put-tail inventory,,,True,40.518571428571434,11.65,0.9532062391681252,-7.832278481012656,6.819973959766035,-16.739994887087807,19.444444444444446,15.91,58.15,0.3009000000000057,24.20634920634921,1.5479999999999947,65.87301587301587,1.8489000000000004,18.650793650793652,8.264800000000001,4.494799999999998,24.20634920634921,-6.501000000000005,21.825396825396822,17.46031746031746,8.333333333333334,39371.95,723451,179443364.10000002,78.2278,6.3219,0000-00-00,6,False,Steel,Materials,XLB,288,252,False,one leg lacks a two-sided put quote,put,2026-10-16,46.0,BTO,8.0,0.967834210334063,0.03,0.06,1150.0,4.0,STO,5.0,0.0,0.05,130.0,0.0,3.0,0.06,,,True,31.330472103004293,1.1695278969957066,
2026-08-28,ENPH,buy-first put-tail inventory,,,True,40.48730158730159,37.16,-3.680663556246766,-11.817750355956347,-10.7918781238447,-43.0572002555247,3.8194444444444446,16.1,61.160599999999995,-3.361300000000007,24.603174603174605,2.143800000000013,69.44444444444444,-1.217499999999994,17.46031746031746,5.555100000000003,10.586299999999994,76.58730158730158,-1.8038999999999987,37.698412698412696,15.873015873015872,7.142857142857143,18569.3,403516,162906693.25,80.1631,10.46581,0000-00-00,8,False,Solar,Technology,XLK,288,247,False,one leg lacks a two-sided put quote; combined put quote widths exceed 0.10,put,2026-09-18,22.0,BTO,25.0,0.99763884123122,0.0,0.1,2080.0,1.0,STO,22.5,0.0,0.15,1225.0,11.0,2.5,0.1,,,False,32.72335844994617,0.2233584499461685,
2026-08-24,WFC,buy-first put-tail inventory,,,True,40.45095238095239,84.79,-3.2740132329454608,-5.01848325305253,-1.5070730443711766,12.334677696840668,67.1280276816609,21.93,23.068,2.226800000000001,8.333333333333334,-0.9129999999999968,79.36507936507937,1.313800000000004,4.761904761904762,0.0475000000000029,-0.4116999999999997,44.44444444444444,0.7576999999999998,42.46031746031746,13.88888888888889,18.253968253968253,42074.35,1032067,1048673402.88,98.1448,1.62668,0000-00-00,7,False,Diversified Banking,Financials,XLF,289,256,False,spread debit outside 0.00-0.10; one leg lacks a two-sided put quote; combined put quote widths exceed 0.10,put,2026-10-16,54.0,BTO,60.0,0.9956614625348679,0.01,0.16,785.0,0.0,STO,55.0,0.0,0.17,165.0,10.0,5.0,0.16,,,True,29.236938318197904,3.263061681802096,
2026-08-31,WFC,buy-first put-tail inventory,,,True,40.40412698412698,86.67,2.217242599363134,-2.912512602217987,0.4438675582648654,15.71425944100101,77.16262975778547,21.58,22.9604,2.3598,10.714285714285714,-1.0869,67.85714285714286,1.2729,4.365079365079365,-1.3125999999999998,-0.0584000000000024,52.38095238095238,1.4700999999999986,57.53968253968254,8.333333333333334,12.301587301587302,40101.35,1064462,992006500.12,97.8492,2.04877,0000-00-00,6,False,Diversified Banking,Financials,XLF,289,251,False,spread debit outside 0.00-0.10; one leg lacks a two-sided put quote; combined put quote widths exceed 0.10,put,2026-10-16,47.0,BTO,65.0,0.9932365342957102,0.0,0.18,1216.0,0.0,STO,60.0,0.0,0.19,796.0,0.0,5.0,0.18,,,True,25.002884504442136,7.497115495557864,
2026-08-28,GILD,buy-first put-tail inventory,,,True,40.39714285714285,145.5,-0.6758140487405306,-2.257154373236603,8.552764104025655,11.921260477242855,69.79166666666666,22.46,25.4857,1.309199999999997,7.936507936507937,-0.4832000000000001,80.15873015873017,0.825999999999997,2.7777777777777777,0.5960999999999999,1.7350999999999956,70.63492063492063,-0.635900000000003,35.317460317460316,76.19047619047619,5.555555555555555,7931.05,150242,957597474.78,74.1973,6.14857,0000-00-00,8,False,Major Pharmaceuticals,Healthcare,XLV,288,247,False,no roughly $5-wide put spread 25-45% OTM in current/next monthly,,,,,,,,,,,,,,,,,,,,,False,,,
2026-08-26,SHOP,buy-first put-tail inventory,,,True,40.36682539682539,150.8,3.0829174926515934,-4.7979797979797905,16.807046842104455,43.47592028100338,92.06896551724138,15.03,43.5467,1.2739000000000047,24.603174603174605,-0.1264000000000038,74.60317460317461,1.1475000000000009,23.41269841269841,4.638100000000001,3.2993000000000023,69.44444444444444,-0.2728999999999999,36.507936507936506,11.11111111111111,15.07936507936508,44580.8,782490,1654389270.2,97.9205,3.38031,0000-00-00,9,False,Application Software,Technology,XLK,290,257,False,one leg lacks a two-sided put quote; combined put quote widths exceed 0.10,put,2026-09-18,24.0,BTO,105.0,0.9987508282840741,0.0,0.09,1600.0,13.0,STO,100.0,0.04,0.09,7259.0,4.0,5.0,0.049999999999999996,,,False,30.371352785145888,2.1286472148541122,
2026-08-31,ONON,buy-first put-tail inventory,,,True,40.31666666666667,28.66,-2.550153009180556,-26.114978087135853,-18.156376720543744,-24.186906963525455,15.570934256055365,21.35,41.1749,0.7546999999999997,9.92063492063492,0.4027999999999991,73.01587301587301,1.1574999999999989,6.746031746031746,4.248799999999996,6.138600000000004,65.07936507936508,-3.1894999999999953,29.761904761904763,4.365079365079365,3.968253968253968,20698.15,361269,266181841.95,83.4163,3.53908,0000-00-00,10,False,Footwear & Accessories Manufacturing,C. Cyclical,XLY,289,251,False,one leg lacks a two-sided put quote; combined put quote widths exceed 0.10; one put leg has OI below 25,put,2026-10-16,47.0,BTO,20.0,0.9910933894174647,0.0,0.1,10.0,0.0,STO,17.5,0.0,0.05,11.0,50.0,2.5,0.1,,,False,30.216329378925334,2.2836706210746662,
2026-08-26,C,buy-first put-tail inventory,,,True,40.30396825396825,133.74,0.7457627118644172,-3.791094165887332,-2.1461413064155943,9.3314343709338,62.06896551724138,22.95,26.5749,2.097799999999999,3.968253968253968,-0.6782000000000004,92.06349206349206,1.419599999999999,4.761904761904762,-0.906299999999998,-0.2865999999999964,57.53968253968254,0.8552999999999997,40.87301587301587,9.523809523809524,13.88888888888889,34938.15,999971,1204375861.0,96.9608,1.48364,0000-00-00,6,False,Diversified Banking,Financials,XLF,290,257,False,one leg lacks a two-sided put quote; combined put quote widths exceed 0.10,put,2026-09-18,24.0,BTO,80.0,0.9995853385840985,0.0,0.01,1267.0,0.0,STO,75.0,0.0,0.11,599.0,0.0,5.0,0.01,,,False,40.1824435471811,7.6824435471811015,
2026-09-01,RTX,buy-first put-tail inventory,,,True,40.202222222222225,204.64,-2.7145234133586937,-8.805704099821753,-1.0374049980366062,22.396731872706862,81.94444444444444,22.02,22.7808,0.8582000000000001,6.349206349206349,0.1271000000000022,82.93650793650794,0.9853000000000024,7.5396825396825395,1.9095000000000013,1.1917000000000009,35.317460317460316,-1.0839999999999996,27.38095238095238,4.761904761904762,25.79365079365079,13392.7,175984,903504601.14,80.41,2.25803,0000-00-00,7,False,Aerospace & Defense Manufacturing,Industrials,XLI,288,252,False,one leg lacks a two-sided put quote,put,2026-09-18,18.0,BTO,135.0,0.9999634219257733,0.0,0.01,237.0,5.0,STO,130.0,0.0,0.05,215.0,0.0,5.0,0.01,,,False,34.030492572322125,1.5304925723221245,
2026-08-27,WULF,buy-first put-tail inventory,,,True,40.04396825396825,16.43,0.2440512507626557,-12.791932059447984,-17.485284959521085,-35.68657859891247,5.902777777777778,18.21,84.286,-2.3285999999999945,19.84126984126984,1.8513999999999984,70.63492063492063,-0.4771999999999963,13.88888888888889,12.178200000000004,12.674499999999997,63.492063492063494,-1.622700000000009,18.253968253968253,14.285714285714286,5.555555555555555,154993.15,2543168,530517043.94,95.2312,6.6231,0000-00-00,10,False,Investment Banking & Brokerage,Financials,XLF,288,256,False,one leg lacks a two-sided put quote; combined put quote widths exceed 0.10; one put leg has OI below 25,put,2026-09-18,23.0,BTO,10.0,0.9884560242512331,0.01,0.07,10034.0,0.0,STO,7.0,0.0,0.05,0.0,0.0,3.0,0.07,,,False,39.13572732805844,6.635727328058437,
2026-08-28,RTX,buy-first put-tail inventory,,,True,40.02333333333334,212.01,0.5644625747082799,-5.521390374331558,2.9818643889966134,21.92189598997963,81.59722222222221,23.31,22.22,0.7749999999999986,5.158730158730159,-0.0722000000000022,74.2063492063492,0.7027999999999963,3.1746031746031744,0.1232999999999968,0.9329999999999998,25.79365079365079,-0.3400999999999996,35.317460317460316,3.1746031746031744,15.476190476190476,13717.2,181468,946557152.64,80.8859,2.86142,0000-00-00,7,False,Aerospace & Defense Manufacturing,Industrials,XLI,288,247,False,spread debit outside 0.00-0.10; one leg lacks a two-sided put quote; combined put quote widths exceed 0.10; one put leg has OI below 25,put,2026-10-16,50.0,BTO,155.0,0.9988917025998706,0.0,0.11,0.0,0.0,STO,150.0,0.0,2.14,0.0,0.0,5.0,0.11,,,True,26.89024102636668,5.609758973633319,
2026-08-25,WFC,buy-first put-tail inventory,,,True,39.91984126984127,84.9,-2.9048490393412507,-4.895261566035614,-1.404492424752679,12.639944287193352,67.1280276816609,21.35,23.0052,2.441600000000001,11.904761904761903,-1.0672000000000033,70.23809523809524,1.3743999999999978,6.746031746031746,-1.2506000000000022,-0.454500000000003,43.65079365079365,0.7547999999999995,42.46031746031746,26.58730158730159,9.92063492063492,42236.65,1043496,1043854182.0,97.7152,2.05788,0000-00-00,7,False,Diversified Banking,Financials,XLF,289,257,False,one leg lacks a two-sided put quote,put,2026-09-18,25.0,BTO,55.0,0.9997470812520894,0.0,0.01,1693.0,0.0,STO,50.0,0.0,0.06,979.0,0.0,5.0,0.01,,,False,35.21790341578328,2.717903415783283,
2026-08-25,NCLH,buy-first put-tail inventory,,,True,39.91634920634921,17.25,-2.7621195039458812,-16.827386692381864,-11.304669744865937,4.366841853608205,46.02076124567474,24.29,43.0185,0.8669999999999973,1.5873015873015872,0.9043000000000064,93.25396825396824,1.7713000000000036,2.380952380952381,5.751500000000007,5.094299999999997,70.23809523809524,1.5615999999999983,48.80952380952381,9.126984126984128,30.952380952380953,20268.4,566120,277254846.12,79.8022,4.25032,0000-00-00,10,False,Travel & Tourism Services,C. Cyclical,XLY,289,257,False,no roughly $5-wide put spread 25-45% OTM in current/next monthly,,,,,,,,,,,,,,,,,,,,,False,,,
2026-09-01,APA,buy-first put-tail inventory,,,True,39.88984126984127,44.3,6.82421027248612,-0.3150315031503203,19.03866203768394,21.336487793535973,80.20833333333334,16.38,41.0273,0.7239000000000004,23.41269841269841,0.5062000000000069,62.698412698412696,1.2301000000000073,20.238095238095237,3.1437000000000026,3.642899999999998,21.03174603174603,0.0360999999999975,29.761904761904763,18.253968253968253,13.492063492063492,8339.35,222979,242576527.6,94.1916,4.74461,0000-00-00,9,False,Oil & Gas Exploration,Energy,XLE,288,252,False,spread debit outside 0.00-0.10; one leg lacks a two-sided put quote; combined put quote widths exceed 0.10,put,2026-10-16,46.0,BTO,25.0,0.9985692477724214,0.01,0.13,1361.0,0.0,STO,20.0,0.0,0.1,112.0,0.0,5.0,0.13,,,False,43.56659142212189,11.066591422121888,
2026-09-02,CCL,buy-first put-tail inventory,,,True,39.875079365079365,23.63,-7.80335544284042,-18.65748709122204,-12.617409954885003,-8.015894392388489,27.874564459930312,24.49,44.1691,1.0966999999999985,1.5873015873015872,0.0930999999999997,92.85714285714286,1.1897999999999982,1.5873015873015872,1.9204000000000008,2.1188,53.96825396825397,-7.7256,7.142857142857143,1.5873015873015872,7.142857142857143,35083.55,1047525,416125215.64,86.7559,2.68707,0000-00-00,3,False,Travel & Tourism Services,C. Cyclical,XLY,287,252,False,one leg lacks a two-sided put quote; combined put quote widths exceed 0.10; one put leg has OI below 25,put,2026-09-18,17.0,BTO,16.0,0.9999436076341759,0.0,0.07,4.0,0.0,STO,13.0,0.0,0.06,2201.0,0.0,3.0,0.07,,,False,32.28946254760897,0.21053745239102994,
2026-09-02,C,buy-first put-tail inventory,,,True,39.7831746031746,134.28,0.4037685060565232,-3.4026329041076164,-0.9218663994675524,8.376282857376605,54.00696864111498,24.82,26.6984,1.6435999999999993,1.984126984126984,-0.698599999999999,89.68253968253968,0.9450000000000004,0.0,-0.7718999999999987,-0.7415999999999983,46.42857142857143,-0.9375999999999998,19.444444444444443,21.428571428571427,10.317460317460318,30093.7,1031113,1148957317.86,96.5158,2.15719,0000-00-00,5,False,Diversified Banking,Financials,XLF,287,252,False,one leg lacks a two-sided put quote; combined put quote widths exceed 0.10,put,2026-10-16,45.0,BTO,85.0,0.9998426692147135,0.0,0.07,195.0,0.0,STO,80.0,0.0,0.07,503.0,10.0,5.0,0.07,,,True,36.69943401846887,4.199434018468871,
2026-08-26,CVNA,buy-first put-tail inventory,,,True,39.766507936507935,73.54,4.3860894251241955,-2.9687293838237205,8.645871190967958,3.5460583156622816,46.206896551724135,23.17,54.964400000000005,3.665700000000008,5.555555555555555,-1.460000000000008,88.88888888888889,2.2057,4.761904761904762,1.278899999999993,2.9065999999999974,91.26984126984128,2.0938000000000017,43.65079365079365,10.317460317460318,25.0,62675.95,1029777,847225285.8,95.3862,3.2069,0000-00-00,9,False,Auto Dealerships,C. Cyclical,XLY,290,257,False,combined put quote widths exceed 0.10,put,2026-09-18,24.0,BTO,48.0,0.9911981126289067,0.06,0.1,1464.0,0.0,STO,44.0,0.01,0.11,11762.0,0.0,4.0,0.09000000000000001,,,False,34.72939896654882,2.229398966548821,
2026-08-26,WULF,buy-first put-tail inventory,,,True,39.69444444444444,16.01,3.157216494845372,-15.0212314225053,-20.54353975800768,-37.128652179861945,5.172413793103448,19.75,86.19059999999999,-2.674699999999987,16.666666666666668,1.9125000000000083,71.42857142857143,-0.7621999999999787,11.11111111111111,9.68340000000002,5.5911000000000115,28.96825396825397,-1.931200000000004,17.857142857142858,15.476190476190476,14.285714285714286,159475.55,2531069,559279431.36,97.586,6.04442,0000-00-00,10,False,Investment Banking & Brokerage,Financials,XLF,290,257,False,one leg lacks a two-sided put quote; one put leg has OI below 25,put,2026-09-18,24.0,BTO,10.0,0.9825617704970393,0.01,0.05,10034.0,1.0,STO,5.0,0.0,0.05,0.0,0.0,5.0,0.05,,,False,37.53903810118676,5.039038101186762,
2026-08-24,AAL,buy-first put-tail inventory,,,True,39.581428571428575,13.66,-5.79310344827586,-18.203592814371248,-13.25001270131585,-0.6799052118884097,38.4083044982699,23.99,44.243300000000005,-0.014800000000001,3.1746031746031744,1.0864999999999938,92.06349206349206,1.0716999999999928,3.968253968253968,5.097199999999994,4.927799999999998,56.34920634920635,-1.6567000000000007,31.349206349206348,2.7777777777777777,15.476190476190476,61194.6,1854864,798637678.08,86.7406,3.18147,0000-00-00,8,False,Airlines,Industrials,XLI,289,256,False,one leg lacks a two-sided put quote; one put leg has OI below 25,put,2026-10-16,54.0,BTO,10.0,0.9596414294236476,0.05,0.07,129.0,17.0,STO,7.0,0.0,0.05,0.0,0.0,3.0,0.07,,,False,26.79355783308931,5.706442166910691,
2026-09-01,WFC,buy-first put-tail inventory,,,True,39.580793650793645,86.66,2.0730270906949233,-2.9237145737649795,0.3703952504163554,14.43330458008184,73.26388888888889,24.07,23.5791,1.8933999999999995,4.761904761904762,-0.8326999999999991,82.93650793650794,1.0607000000000006,1.984126984126984,-0.7952999999999975,-0.6052,40.476190476190474,0.1056999999999952,34.92063492063492,4.761904761904762,13.095238095238097,38747.3,1073541,1006463801.65,97.5959,2.06363,0000-00-00,6,False,Diversified Banking,Financials,XLF,288,252,False,spread debit outside 0.00-0.10; one leg lacks a two-sided put quote; combined put quote widths exceed 0.10,put,2026-10-16,46.0,BTO,60.0,0.9991516021894887,0.0,0.36,796.0,0.0,STO,55.0,0.0,0.09,176.0,0.0,5.0,0.36,,,True,30.76390491576275,1.736095084237249,
2026-09-02,CVNA,buy-first put-tail inventory,,,True,39.54904761904762,74.83,1.7541474027739978,-1.2666578704314646,9.390029617025265,22.7831730089297,79.79094076655052,23.07,54.9586,3.4784000000000006,5.9523809523809526,-1.2816000000000043,90.47619047619048,2.196799999999996,5.9523809523809526,-0.2952999999999974,0.2226999999999961,73.01587301587301,-2.390900000000009,27.77777777777778,10.714285714285714,17.46031746031746,53836.25,1034013,605662380.0,95.4246,3.06748,0000-00-00,8,False,Auto Dealerships,C. Cyclical,XLY,287,252,False,combined put quote widths exceed 0.10,put,2026-09-18,17.0,BTO,48.0,0.9998449918142823,0.01,0.09,1464.0,0.0,STO,45.0,0.01,0.06,1853.0,5.0,3.0,0.08,,,False,35.85460376854203,3.3546037685420274,
2026-08-27,SCHW,buy-first put-tail inventory,,,True,39.52,107.95,-1.5234446268929005,-4.8647219529390995,4.799923887781099,28.82378511506123,85.06944444444444,25.48,21.581,-3.7977999999999983,0.0,3.0355999999999987,100.0,-0.7622,0.0,8.5063,1.0661999999999985,74.60317460317461,-5.843399999999999,6.746031746031746,5.158730158730159,18.650793650793652,20071.0,462312,780674752.41,75.8133,4.01408,0000-00-00,7,False,Investment Banking & Brokerage,Financials,XLF,288,256,False,combined put quote widths exceed 0.10,put,2026-09-18,23.0,BTO,77.5,0.9990989051791157,0.02,0.08,1726.0,40.0,STO,75.0,0.02,0.26,3540.0,37.0,2.5,0.06,,,False,28.207503473830474,4.292496526169526,
2026-09-02,NCLH,buy-first put-tail inventory,,,True,39.50222222222222,15.67,-8.362573099415215,-19.47584789311409,-17.425487964251076,-8.82650036688557,26.480836236933797,22.72,42.7593,1.3175999999999917,3.5714285714285716,0.9429000000000016,92.46031746031746,2.2604999999999933,10.317460317460318,8.089500000000001,5.511700000000005,71.42857142857143,-4.776600000000002,13.492063492063492,2.380952380952381,8.73015873015873,21383.0,631701,213299505.84,63.1415,4.53715,0000-00-00,9,False,Travel & Tourism Services,C. Cyclical,XLY,287,252,False,no roughly $5-wide put spread 25-45% OTM in current/next monthly,,,,,,,,,,,,,,,,,,,,,False,,,
2026-08-24,LUV,buy-first put-tail inventory,,,True,39.490634920634925,40.66,-6.248558911690106,-17.10499490316004,-13.581663839898662,0.8579943916161126,40.830449826989614,20.43,36.3445,1.2198999999999955,2.380952380952381,0.8316999999999979,98.41269841269842,2.0515999999999934,23.015873015873016,5.254599999999996,-0.1229999999999975,29.761904761904763,-3.0878999999999976,23.015873015873016,3.968253968253968,27.77777777777778,9876.85,232082,190542963.48,83.367,4.54385,0000-00-00,8,False,Airlines,Industrials,XLI,289,256,False,spread debit outside 0.00-0.10; one leg lacks a two-sided put quote; combined put quote widths exceed 0.10; one put leg has OI below 25,put,2026-10-16,54.0,BTO,30.0,0.9818465521111269,0.05,0.15,0.0,0.0,STO,27.5,0.0,0.09,0.0,0.0,2.5,0.15,,,False,26.217412690605013,6.282587309394987,
2026-08-26,AAL,buy-first put-tail inventory,,,True,39.36761904761905,13.95,0.7947976878612595,-16.467065868263475,-11.10573001631322,-4.062149779014968,31.724137931034484,24.68,44.081900000000005,0.0258999999999929,3.968253968253968,0.7113999999999976,82.14285714285714,0.7372999999999905,0.7936507936507936,7.349599999999995,3.811,43.65079365079365,-5.604900000000001,12.698412698412698,3.5714285714285716,13.492063492063492,60148.55,1932397,775817838.9,84.2555,2.74201,0000-00-00,8,False,Airlines,Industrials,XLI,290,257,False,one leg lacks a two-sided put quote,put,2026-09-18,24.0,BTO,9.0,0.9995434801723324,0.0,0.01,20544.0,100.0,STO,4.0,0.0,0.02,216.0,0.0,5.0,0.01,,,False,35.483870967741936,2.983870967741936,
2026-08-26,AFRM,buy-first put-tail inventory,,other,True,39.30682539682539,76.48,-1.0608020698576914,-3.3489194995576788,-0.8363047001620716,12.229218548166587,67.24137931034483,21.09,68.8651,1.4410000000000025,11.11111111111111,-0.1417000000000001,86.11111111111111,1.2993000000000023,11.904761904761903,3.349499999999992,6.8463999999999885,96.03174603174604,30.912400000000005,91.26984126984128,8.333333333333334,87.3015873015873,11270.2,212131,222175272.6,89.1866,8.15502,0000-00-00,0,True,Credit & Lending Services,Industrials,XLI,290,257,False,spread debit outside 0.00-0.10; one leg lacks a two-sided put quote; combined put quote widths exceed 0.10,put,2026-09-18,24.0,BTO,45.0,0.9978416285562959,0.0,0.11,227.0,1.0,STO,40.0,0.0,0.36,295.0,0.0,5.0,0.11,,,True,41.161087866108794,8.661087866108794,
2026-08-26,FDX,buy-first put-tail inventory,,,True,39.29761904761905,337.42,3.0604764813683794,-0.3926199261992558,5.634486269269945,-15.352892953723796,18.275862068965516,24.75,24.6469,0.8014000000000046,3.1746031746031744,-0.1778000000000013,84.52380952380952,0.6236000000000033,1.5873015873015872,0.4147999999999996,-0.2347999999999999,27.38095238095238,0.6987000000000023,47.22222222222222,11.11111111111111,11.904761904761903,4906.55,57244,503888084.17999995,93.3744,2.56612,0000-00-00,9,False,Freight & Logistics Services,Industrials,XLI,290,257,False,no roughly $5-wide put spread 25-45% OTM in current/next monthly,,,,,,,,,,,,,,,,,,,,,False,,,
2026-08-31,SPOT,buy-first put-tail inventory,,,True,39.21428571428571,543.45,1.4429179422086102,-1.4935924160307423,9.803007202204416,10.507425500452394,67.82006920415225,21.5,37.5081,0.3547999999999973,10.714285714285714,0.0060000000000002,88.4920634920635,0.3607999999999975,10.714285714285714,3.1762999999999977,2.0283000000000015,73.80952380952381,-1.0993999999999955,34.92063492063492,53.17460317460318,19.84126984126984,9232.1,112164,1095134977.1,97.8037,4.81835,0000-00-00,9,False,Internet Content & Media,Comm,XLC,289,251,False,no roughly $5-wide put spread 25-45% OTM in current/next monthly,,,,,,,,,,,,,,,,,,,,,False,,,
2026-08-25,SHOP,buy-first put-tail inventory,,,True,39.158571428571435,153.75,4.542054803834916,-2.9356060606060663,19.80251869698495,49.88128889545693,95.8477508650519,17.27,44.0938,1.1625999999999976,23.41269841269841,-0.1878000000000028,73.01587301587301,0.9747999999999948,19.444444444444443,3.316899999999997,2.9014000000000024,66.66666666666667,1.0367000000000033,44.04761904761905,20.238095238095237,19.047619047619047,45122.95,773117,1648747185.4,98.3721,3.98607,0000-00-00,10,False,Application Software,Technology,XLK,289,257,False,one leg lacks a two-sided put quote; combined put quote widths exceed 0.10,put,2026-09-18,25.0,BTO,100.0,0.999214182349824,0.0,0.06,8108.0,855.0,STO,95.0,0.01,0.13,727.0,67.0,5.0,0.049999999999999996,,,False,34.959349593495936,2.4593495934959364,
2026-08-24,APA,buy-first put-tail inventory,,,True,38.976190476190474,42.89,3.4241620448516974,-3.487848784878478,18.29635595370749,11.953378373065448,66.43598615916954,21.5,42.235299999999995,0.4748000000000019,15.873015873015872,0.248500000000007,52.77777777777778,0.7233000000000089,6.746031746031746,1.8479000000000028,2.488800000000005,10.317460317460318,3.9491000000000014,61.904761904761905,11.904761904761903,44.84126984126984,8005.1,210962,257945826.58,96.2302,6.2727,0000-00-00,10,False,Oil & Gas Exploration,Energy,XLE,289,256,False,spread debit outside 0.00-0.10; one leg lacks a two-sided put quote; combined put quote widths exceed 0.10,put,2026-10-16,54.0,BTO,27.5,0.993301567084442,0.0,0.12,113.0,0.0,STO,22.5,0.0,0.48,184.0,0.0,5.0,0.12,,,False,35.88249009093028,3.3824900909302826,
2026-08-28,AVGO,buy-first put-tail inventory,,grab,True,38.95952380952381,368.72,0.0352695406820702,-13.36262600155078,-4.614819471283815,-13.216686475407824,22.22222222222222,24.85,49.1103,-2.1432,3.5714285714285716,1.2719999999999985,96.03174603174604,-0.8712000000000018,2.380952380952381,4.304400000000001,4.508099999999999,86.5079365079365,18.6342,96.03174603174604,0.7936507936507936,92.46031746031746,246515.05,2234622,7321016246.18,98.7021,2.35849,0000-00-00,0,True,Semiconductors,Technology,XLK,288,247,False,no roughly $5-wide put spread 25-45% OTM in current/next monthly,,,,,,,,,,,,,,,,,,,,,False,,,
2026-08-24,NCLH,buy-first put-tail inventory,,,True,38.9552380952381,17.3,-4.8927982407916515,-17.85375118708451,-11.254745049758874,7.473993883566399,55.70934256055363,24.14,43.086200000000005,2.1358000000000033,4.761904761904762,-0.0567000000000064,76.98412698412699,2.079099999999997,4.761904761904762,4.643999999999998,4.763000000000005,66.66666666666667,0.5807000000000002,42.06349206349206,7.5396825396825395,24.603174603174605,21161.4,550217,276330909.0,67.5941,6.57473,0000-00-00,10,False,Travel & Tourism Services,C. Cyclical,XLY,289,256,False,no roughly $5-wide put spread 25-45% OTM in current/next monthly,,,,,,,,,,,,,,,,,,,,,False,,,
2026-08-31,RIVN,buy-first put-tail inventory,,,True,38.95269841269841,15.91,-4.673457159976035,-6.795547744581132,-3.0776353623470865,-2.0129809287031892,40.13840830449827,24.46,54.8038,-4.916400000000003,4.761904761904762,3.9868000000000023,76.19047619047619,-0.9296000000000006,3.1746031746031744,12.7365,11.509300000000003,23.41269841269841,-2.383899999999997,30.15873015873016,1.1904761904761905,9.523809523809524,89596.8,2298519,366905820.75,91.6608,3.22859,0000-00-00,9,False,Automobile Manufacturing,C. Cyclical,XLY,289,251,False,one leg lacks a two-sided put quote; combined put quote widths exceed 0.10; one put leg has OI below 25,put,2026-10-16,47.0,BTO,10.0,0.9902260082907751,0.01,0.08,1261.0,0.0,STO,7.0,0.0,0.25,0.0,0.0,3.0,0.08,,,False,37.146448774355754,4.646448774355754,
2026-09-01,NCLH,buy-first put-tail inventory,,,True,38.91333333333333,15.39,-10.782608695652174,-24.78005865102639,-19.292247021312292,-10.12877839577576,25.694444444444443,24.42,43.608999999999995,1.4730999999999952,3.968253968253968,0.3179000000000087,82.93650793650794,1.791000000000004,4.365079365079365,4.009600000000006,5.893700000000003,74.2063492063492,0.2075999999999993,39.68253968253968,0.3968253968253968,16.666666666666668,20779.75,599694,220779043.86,62.7968,4.18548,0000-00-00,9,False,Travel & Tourism Services,C. Cyclical,XLY,288,252,False,one leg lacks a two-sided put quote; one put leg has OI below 25,put,2026-09-18,18.0,BTO,11.0,0.9990004684342685,0.0,0.07,0.0,0.0,STO,8.0,0.0,0.01,845.0,1.0,3.0,0.07,,,False,28.525016244314493,3.974983755685507,
2026-08-27,AFRM,buy-first put-tail inventory,,,True,38.897619047619045,75.56,0.1856271546009091,-4.511563250347517,-2.0426366035915855,5.944674439535569,57.291666666666664,25.15,69.0167,0.2020999999999944,3.1746031746031744,-0.0212000000000003,91.26984126984128,0.180899999999994,1.5873015873015872,1.0067000000000093,3.4440000000000026,82.93650793650794,33.4726,94.04761904761904,3.1746031746031744,87.6984126984127,12687.1,218239,216440521.27999997,89.4894,8.28375,0000-00-00,13,False,Credit & Lending Services,Industrials,XLI,288,256,False,spread debit outside 0.00-0.10; one leg lacks a two-sided put quote; combined put quote widths exceed 0.10,put,2026-09-18,23.0,BTO,45.0,0.9983203741350632,0.0,0.16,227.0,0.0,STO,40.0,0.01,0.05,295.0,317.0,5.0,0.15,,,False,40.44467972472208,7.944679724722079,
2026-08-27,CVNA,buy-first put-tail inventory,,,True,38.85888888888889,74.42,5.157552635297447,-1.8076263359282252,9.80514824137655,3.420375824713129,51.388888888888886,25.03,55.39039999999999,2.654199999999996,2.380952380952381,-0.8588999999999913,96.82539682539682,1.7953000000000046,3.1746031746031744,0.9816000000000074,2.815000000000005,90.47619047619048,1.048099999999998,37.698412698412696,5.9523809523809526,24.20634920634921,57421.25,1054389,806138563.5,91.2564,5.61284,0000-00-00,8,False,Auto Dealerships,C. Cyclical,XLY,288,256,False,combined put quote widths exceed 0.10,put,2026-09-18,23.0,BTO,48.0,0.9944455981700716,0.02,0.1,1464.0,0.0,STO,44.0,0.01,0.1,11762.0,0.0,4.0,0.09000000000000001,,,False,35.50120935232465,3.0012093523246506,
2026-09-02,ABNB,buy-first put-tail inventory,,,True,38.771746031746034,183.01,-2.8712450907546927,-3.881302521008412,13.401601911487138,42.1664776443545,96.86411149825784,22.26,29.3362,1.6401000000000003,10.714285714285714,-0.4861000000000004,81.74603174603175,1.154,9.126984126984128,-0.7108000000000025,-0.2508999999999979,36.904761904761905,-0.7805,37.698412698412696,2.380952380952381,9.126984126984128,22419.75,242295,1044683266.2,97.8659,2.53934,0000-00-00,9,False,Travel & Tourism Services,C. Cyclical,XLY,287,252,False,spread debit outside 0.00-0.10; one leg lacks a two-sided put quote; combined put quote widths exceed 0.10,put,2026-10-16,45.0,BTO,120.0,0.9994873414658436,0.0,0.16,648.0,0.0,STO,115.0,0.0,0.19,84.0,0.0,5.0,0.16,,,False,34.42981257854761,1.9298125785476117,
2026-08-26,ON,buy-first put-tail inventory,,,True,38.76952380952381,72.98,-5.196154845414391,-13.056945437217047,-18.976829904632897,-38.567306055246334,4.482758620689655,25.04,53.8945,-1.0869,3.5714285714285716,0.8509999999999991,84.92063492063492,-0.2359000000000009,2.380952380952381,1.7545000000000002,5.17410000000001,67.85714285714286,1.3895000000000053,54.36507936507937,4.365079365079365,36.507936507936506,19790.2,291896,696765702.36,95.0665,5.52916,0000-00-00,9,False,Semiconductors,Technology,XLK,290,257,False,one leg lacks a two-sided put quote; combined put quote widths exceed 0.10,put,2026-09-18,24.0,BTO,47.0,0.9990100606177382,0.0,0.06,2643.0,0.0,STO,42.0,0.0,0.12,213.0,0.0,5.0,0.06,,,False,35.598794190189096,3.0987941901890963,
2026-08-24,CEG,buy-first put-tail inventory,,,True,38.64793650793651,274.3,-1.2314561428777293,-3.333803213983644,3.988171961483067,-5.145826539751541,29.06574394463668,17.86,42.8379,0.6651000000000025,22.61904761904762,0.0494000000000056,74.60317460317461,0.7145000000000081,19.84126984126984,5.772800000000004,2.403800000000004,67.06349206349206,-1.4742000000000033,31.349206349206348,21.03174603174603,16.666666666666668,8557.95,194654,752707007.28,90.4149,5.09536,0000-00-00,11,False,Independent Power Production,Utilities,XLU,289,256,False,spread debit outside 0.00-0.10; one leg lacks a two-sided put quote; combined put quote widths exceed 0.10,put,2026-09-18,26.0,BTO,180.0,0.9997490968481765,0.0,0.2,178.0,0.0,STO,175.0,0.0,2.6,123.0,0.0,5.0,0.2,,,False,34.378417790740066,1.878417790740066,
2026-08-26,TSM,buy-first put-tail inventory,,,True,38.62412698412699,417.67,1.0622338366240935,-2.9915224712576904,-1.480191307744505,0.869691039450482,43.103448275862064,18.36,33.251599999999996,0.2890000000000015,23.015873015873016,0.2188999999999978,61.507936507936506,0.5078999999999994,17.063492063492063,1.703800000000001,2.3962999999999965,52.77777777777778,2.1163000000000025,67.85714285714286,11.11111111111111,19.84126984126984,116020.6,1865624,4813881838.22,98.6089,0.95701,0000-00-00,7,False,Semiconductors,Technology,XLK,290,257,False,no roughly $5-wide put spread 25-45% OTM in current/next monthly,,,,,,,,,,,,,,,,,,,,,False,,,
2026-08-27,RTX,buy-first put-tail inventory,,,True,38.56587301587302,211.66,-0.7083548341699109,-5.677361853832441,3.01441014199888,20.132364449422568,78.47222222222221,24.45,22.7872,0.809899999999999,5.555555555555555,0.0088000000000008,76.58730158730158,0.8186999999999998,4.365079365079365,0.6828000000000003,0.5609999999999999,19.444444444444443,-0.1266999999999996,36.904761904761905,2.380952380952381,30.15873015873016,14211.3,179830,990461797.9,83.7255,2.75395,0000-00-00,7,False,Aerospace & Defense Manufacturing,Industrials,XLI,288,256,False,spread debit outside 0.00-0.10; one leg lacks a two-sided put quote; combined put quote widths exceed 0.10; one put leg has OI below 25,put,2026-10-16,51.0,BTO,155.0,0.9988765837448955,0.0,0.16,0.0,0.0,STO,150.0,0.0,2.15,0.0,0.0,5.0,0.16,,,True,26.76934706604932,5.7306529339506795,
2026-08-27,UNH,buy-first put-tail inventory,,,True,38.520317460317465,394.94,2.782042940793761,-5.196956239948147,-4.380753158335637,5.662201160897862,56.59722222222222,13.94,27.3812,1.314300000000003,39.285714285714285,-0.4211000000000027,41.26984126984127,0.8932000000000002,23.41269841269841,0.8388999999999989,1.4128000000000045,29.761904761904763,-1.2090999999999958,36.507936507936506,2.7777777777777777,6.349206349206349,44468.9,893947,1669464781.5,98.0825,2.16959,0000-00-00,8,False,Health Insurance & Managed Care,Healthcare,XLV,288,256,False,no roughly $5-wide put spread 25-45% OTM in current/next monthly,,,,,,,,,,,,,,,,,,,,,False,,,
2026-08-24,CVS,buy-first put-tail inventory,,,True,38.49142857142858,93.59,-0.3725782414306988,-14.318410693033046,-8.114656885460935,1.501156907818424,42.56055363321799,20.08,26.8,1.1350000000000016,23.015873015873016,-0.4817,49.20634920634921,0.6533000000000015,9.126984126984128,-0.4955000000000034,0.9766999999999976,40.87301587301587,1.5230000000000032,64.28571428571429,15.476190476190476,18.650793650793652,13790.1,291935,742563497.74,93.4274,4.3046,0000-00-00,9,False,Health Insurance & Managed Care,Healthcare,XLV,289,256,False,one leg lacks a two-sided put quote; combined put quote widths exceed 0.10,put,2026-09-18,26.0,BTO,65.0,0.9990032818723007,0.0,0.07,889.0,0.0,STO,60.0,0.0,0.27,331.0,0.0,5.0,0.07,,,False,30.548135484560323,1.9518645154396772,
2026-09-02,CVS,buy-first put-tail inventory,,,True,38.4531746031746,96.92,2.702129914167628,-0.2264772493308586,-4.060691610358913,10.993996513145376,61.672473867595826,16.15,27.3831,1.2267999999999972,27.77777777777778,-0.1893999999999991,69.04761904761905,1.037399999999998,24.20634920634921,2.366299999999999,2.075899999999997,57.93650793650794,-2.183699999999998,33.73015873015873,3.1746031746031744,8.73015873015873,13119.75,309016,775737585.5999999,89.039,2.97807,0000-00-00,8,False,Health Insurance & Managed Care,Healthcare,XLV,287,252,False,spread debit outside 0.00-0.10; one leg lacks a two-sided put quote; combined put quote widths exceed 0.10; one put leg has OI below 25,put,2026-10-16,45.0,BTO,70.0,0.9986585934621415,0.0,0.12,0.0,0.0,STO,65.0,0.0,0.68,0.0,0.0,5.0,0.12,,,False,27.775484936029716,4.7245150639702835,
2026-08-28,PG,buy-first put-tail inventory,,,True,38.434603174603176,143.39,-1.02843732744341,-3.1933567377801952,-2.4472879271120296,2.6788356288040327,48.26388888888889,19.74,16.9283,1.297699999999999,17.46031746031746,-0.3876999999999988,73.01587301587301,0.91,16.666666666666668,-0.5208000000000013,0.8365000000000009,47.61904761904762,0.8209000000000017,44.84126984126984,4.761904761904762,6.349206349206349,20201.4,381568,1303275242.86,86.5154,2.30078,0000-00-00,7,False,Consumer Products,C. Defensive,XLP,288,247,False,no roughly $5-wide put spread 25-45% OTM in current/next monthly,,,,,,,,,,,,,,,,,,,,,False,,,
2026-09-02,CELH,buy-first put-tail inventory,,,True,38.369841269841274,31.14,-11.206159110350722,-11.959287531806606,3.676969995605228,8.892969409671958,56.09756097560976,22.9,53.4439,-0.8692000000000064,15.07936507936508,0.4695000000000036,57.53968253968254,-0.3997000000000028,3.5714285714285716,1.446400000000004,3.719900000000002,26.19047619047619,4.039200000000001,63.888888888888886,9.523809523809524,41.666666666666664,42864.55,650757,396175134.72,82.7091,4.88633,0000-00-00,9,False,Non-Alcoholic Beverages,C. Defensive,XLP,287,252,False,one leg lacks a two-sided put quote,put,2026-10-16,45.0,BTO,20.0,0.9914962047966731,0.03,0.05,829.0,1.0,STO,15.0,0.0,0.05,494.0,0.0,5.0,0.05,,,False,35.773924213230565,3.273924213230565,
2026-09-01,LUV,buy-first put-tail inventory,,,True,38.340158730158734,37.67,-7.535591556210108,-23.200815494393467,-18.366373967389883,-5.7578969529011985,31.59722222222222,25.39,37.6234,1.0120000000000005,1.5873015873015872,0.390599999999992,94.44444444444444,1.4025999999999923,4.761904761904762,8.116899999999994,4.103699999999996,79.36507936507937,-4.313600000000001,16.26984126984127,72.61904761904762,23.015873015873016,11637.15,248831,172634165.89000002,85.5937,4.70609,0000-00-00,7,False,Airlines,Industrials,XLI,288,252,False,no roughly $5-wide put spread 25-45% OTM in current/next monthly,,,,,,,,,,,,,,,,,,,,,False,,,
2026-08-28,ON,buy-first put-tail inventory,,,True,38.33206349206349,72.63,-2.3133826496301246,-13.277611940298517,-17.790263868011678,-36.820087562834246,5.902777777777778,25.16,53.115199999999994,-0.9450999999999964,4.761904761904762,0.7345000000000041,78.96825396825396,-0.2105999999999923,2.7777777777777777,3.985500000000009,3.198599999999999,45.23809523809524,-6.791400000000003,13.88888888888889,0.7936507936507936,15.476190476190476,19823.0,305876,674226031.6,92.5439,6.76905,0000-00-00,9,False,Semiconductors,Technology,XLK,288,247,False,one leg lacks a two-sided put quote; combined put quote widths exceed 0.10,put,2026-09-18,22.0,BTO,50.0,0.9974947618071751,0.0,0.04,2077.0,2.0,STO,45.0,0.0,0.12,423.0,0.0,5.0,0.04,,,False,31.157923722979486,1.3420762770205137,
2026-08-24,BAC,buy-first put-tail inventory,,,True,38.30063492063492,62.42,-2.4687499999999973,-3.7767843379065913,2.9160085340156794,22.134083223767973,81.66089965397923,21.62,20.5659,2.6885000000000012,16.26984126984127,-1.0729000000000006,59.12698412698413,1.6156000000000006,9.126984126984128,-1.1374999999999993,-1.3480999999999987,16.666666666666668,1.2763000000000029,55.95238095238095,9.92063492063492,25.0,108655.3,2251718,1718943053.21,91.7237,1.29409,0000-00-00,7,False,Diversified Banking,Financials,XLF,289,256,False,no roughly $5-wide put spread 25-45% OTM in current/next monthly,,,,,,,,,,,,,,,,,,,,,False,,,
2026-08-26,ABNB,buy-first put-tail inventory,,,True,38.25603174603175,188.42,0.7162711139619304,-1.039915966386562,20.029252432181742,44.7700123111418,92.75862068965516,18.49,28.6929,2.0905999999999985,23.41269841269841,-0.7442999999999955,66.66666666666667,1.346300000000003,17.857142857142858,0.8856000000000037,1.6923999999999992,73.80952380952381,0.8768999999999956,52.77777777777778,52.77777777777778,13.492063492063492,21375.9,232947,1044030106.5,93.2813,2.36421,0000-00-00,10,False,Travel & Tourism Services,C. Cyclical,XLY,290,257,False,one leg lacks a two-sided put quote; combined put quote widths exceed 0.10,put,2026-09-18,24.0,BTO,115.0,0.9997547000614411,0.0,0.1,1034.0,0.0,STO,110.0,0.0,0.55,682.0,0.0,5.0,0.1,,,False,38.96613947563953,6.46613947563953,
2026-08-31,ALAB,buy-first put-tail inventory,,,True,38.227936507936505,296.25,6.668346955676374,-18.529824271924756,-12.968143255758214,-4.982649512807958,33.910034602076124,18.28,75.57000000000001,-0.7580999999999989,22.22222222222222,1.18719999999999,76.19047619047619,0.4290999999999911,20.238095238095237,6.0785999999999945,4.6644000000000005,57.93650793650794,0.9120999999999952,48.80952380952381,2.380952380952381,17.857142857142858,22085.05,226670,1198392484.38,98.6173,7.53378,0000-00-00,9,False,Semiconductors,Technology,XLK,289,251,False,spread debit outside 0.00-0.10; one leg lacks a two-sided put quote; combined put quote widths exceed 0.10,put,2026-09-18,19.0,BTO,180.0,0.9985112782063554,0.0,0.25,145.0,0.0,STO,175.0,0.0,0.55,57.0,0.0,5.0,0.25,,,False,39.24050632911392,6.74050632911392,
2026-09-01,WYNN,buy-first put-tail inventory,,,True,38.20412698412698,90.69,-8.012983061162393,-13.364539549102028,-8.083652086133164,-8.140585372104525,28.819444444444443,18.78,31.167299999999997,1.1532000000000018,18.253968253968253,0.5644000000000027,84.52380952380952,1.7176000000000045,21.825396825396822,3.071700000000007,7.286400000000004,72.22222222222223,3.6702999999999975,62.698412698412696,84.12698412698413,9.523809523809524,9172.85,261024,147364896.56,85.8106,4.17051,0000-00-00,9,False,Resort & Casino Operations,C. Cyclical,XLY,288,252,False,spread debit outside 0.00-0.10; one leg lacks a two-sided put quote; combined put quote widths exceed 0.10; one put leg has OI below 25,put,2026-10-16,46.0,BTO,60.0,0.9997690432770266,0.0,1.71,2.0,0.0,STO,55.0,0.0,2.13,0.0,0.0,5.0,1.71,,,False,33.84055573933179,1.3405557393317906,
2026-08-27,GILD,buy-first put-tail inventory,,,True,38.20285714285714,148.69,3.2712876788442813,-0.1142012629316235,11.279251123344936,11.47085718659935,69.44444444444444,23.94,25.790800000000004,1.356099999999998,8.333333333333334,-0.2765000000000022,87.3015873015873,1.0795999999999957,5.9523809523809526,4.8729999999999976,2.582699999999999,76.58730158730158,-2.1014000000000017,26.58730158730159,13.88888888888889,17.46031746031746,7868.5,149261,972253499.92,81.0458,4.78042,0000-00-00,9,False,Major Pharmaceuticals,Healthcare,XLV,288,256,False,no roughly $5-wide put spread 25-45% OTM in current/next monthly,,,,,,,,,,,,,,,,,,,,,False,,,
2026-08-27,APO,buy-first put-tail inventory,,,True,38.161904761904765,133.63,2.6344086021505397,-7.091705485642786,5.490927922295263,6.6681134333366865,58.68055555555556,26.6,33.5403,1.1870000000000047,0.7936507936507936,-0.2741000000000042,94.44444444444444,0.9129000000000004,0.3968253968253968,-0.1150000000000019,4.184199999999997,72.61904761904762,4.689099999999996,66.26984126984127,11.507936507936508,22.22222222222222,7312.25,285136,492500030.4899999,85.2222,5.88303,0000-00-00,9,False,Investment Management,Financials,XLF,288,256,False,one leg lacks a two-sided put quote,put,2026-09-18,23.0,BTO,90.0,0.9998438651028841,0.0,0.05,9312.0,0.0,STO,85.0,0.0,0.05,458.0,0.0,5.0,0.05,,,False,32.64985407468382,0.14985407468382306,
2026-08-27,BMNR,buy-first put-tail inventory,,other,True,38.0131746031746,25.95,20.97902097902098,0.0,49.74724742053871,37.07147900791641,90.2777777777778,16.59,81.6328,-3.821799999999996,30.15873015873016,2.4642999999999944,46.03174603174603,-1.3575000000000017,21.825396825396822,16.9229,39.0363,91.26984126984128,21.9323,99.6031746031746,12.698412698412698,28.96825396825397,146544.45,1572721,910694404.9,76.1871,6.63885,0000-00-00,12,False,Investment Banking & Brokerage,Financials,XLF,288,256,False,one leg lacks a two-sided put quote,put,2026-09-18,23.0,BTO,16.0,0.9899579164764492,0.04,0.05,7944.0,12528.0,STO,11.0,0.0,0.02,232.0,200.0,5.0,0.05,,,False,38.34296724470134,5.842967244701342,
2026-08-26,CCJ,buy-first put-tail inventory,,,True,38.00888888888889,107.89,10.080604019997953,0.0,12.002043006957418,2.762014258058465,45.17241379310345,25.88,47.0619,-2.4861000000000004,3.1746031746031744,1.4412999999999982,86.11111111111111,-1.0448000000000022,2.380952380952381,3.272500000000001,3.9133,43.25396825396825,3.1228999999999942,48.01587301587302,4.761904761904762,21.03174603174603,26416.35,418099,317445407.44,93.6986,4.08531,0000-00-00,9,False,Uranium,Energy,XLE,290,257,False,combined put quote widths exceed 0.10,put,2026-09-18,24.0,BTO,80.0,0.9908821363923431,0.05,0.07,16567.0,24.0,STO,75.0,0.02,0.52,3259.0,30.0,5.0,0.05,,,False,25.850403188432658,6.649596811567342,
2026-08-24,CVNA,buy-first put-tail inventory,,,True,37.995873015873016,71.64,1.386923294650444,-5.475656419052655,6.336554303780573,8.044515903740134,57.78546712802768,25.02,55.85059999999999,3.0497000000000014,3.5714285714285716,-0.6092999999999904,98.41269841269842,2.440400000000011,6.349206349206349,0.5041000000000082,1.7920999999999978,84.92063492063492,4.9696,63.888888888888886,28.174603174603178,31.746031746031747,62855.7,987231,770040053.9399999,96.7366,3.42552,0000-00-00,9,False,Auto Dealerships,C. Cyclical,XLY,289,256,False,combined put quote widths exceed 0.10,put,2026-09-18,26.0,BTO,40.0,0.9985320741059412,0.01,0.06,7257.0,1323.0,STO,35.0,0.01,0.09,713.0,0.0,5.0,0.049999999999999996,,,False,44.16527079843663,11.66527079843663,
2026-09-01,ON,buy-first put-tail inventory,,,True,37.968095238095245,72.66,0.7487520798668879,-13.241791044776118,-15.75847516579325,-38.163017359522584,6.597222222222222,22.27,52.2118,-0.0789999999999935,13.88888888888889,0.5510000000000019,74.60317460317461,0.4720000000000084,9.92063492063492,2.634300000000003,3.2424999999999926,46.03174603174603,-3.6274000000000015,24.603174603174605,0.7936507936507936,19.047619047619047,15717.65,297237,650214729.08,94.8435,4.89392,0000-00-00,8,False,Semiconductors,Technology,XLK,288,252,False,spread debit outside 0.00-0.10; one leg lacks a two-sided put quote; combined put quote widths exceed 0.10,put,2026-09-18,18.0,BTO,50.0,0.9987304362962359,0.0,0.11,2076.0,0.0,STO,45.0,0.0,0.12,423.0,0.0,5.0,0.11,,,False,31.18634737131847,1.313652628681531,
2026-08-27,LUV,buy-first put-tail inventory,,,True,37.953809523809525,39.94,0.1253446979192718,-18.572884811416923,-14.477572310775756,-5.499644051997977,32.63888888888889,26.57,37.5727,0.8077000000000041,1.1904761904761905,0.3078000000000003,93.65079365079364,1.1155000000000044,1.1904761904761905,2.006600000000006,0.6242000000000019,40.07936507936508,-2.552199999999999,25.396825396825395,29.365079365079364,19.444444444444443,10002.65,239584,185379147.1,84.0074,5.46501,0000-00-00,7,False,Airlines,Industrials,XLI,288,256,False,one leg lacks a two-sided put quote; combined put quote widths exceed 0.10; one put leg has OI below 25,put,2026-10-16,51.0,BTO,27.5,0.9912590853840182,0.0,0.08,1.0,0.0,STO,25.0,0.0,0.26,0.0,0.0,2.5,0.08,,,True,31.146720080120172,1.353279919879828,
2026-08-31,ABNB,buy-first put-tail inventory,,,True,37.89619047619048,182.75,-3.957326045827203,-4.017857142857151,14.48693564675252,36.55008322107848,96.19377162629758,22.58,29.5028,1.6696999999999953,11.11111111111111,-0.4628999999999976,82.53968253968254,1.2067999999999977,11.507936507936508,0.5364000000000004,0.6318000000000055,55.95238095238095,-0.6681999999999988,39.285714285714285,4.761904761904762,13.095238095238097,22552.35,233297,1031311854.7,95.7794,2.9775,0000-00-00,9,False,Travel & Tourism Services,C. Cyclical,XLY,289,251,False,one leg lacks a two-sided put quote,put,2026-09-18,19.0,BTO,135.0,0.999607608125772,0.0,0.01,462.0,2.0,STO,130.0,0.0,0.06,998.0,2.0,5.0,0.01,,,False,26.128590971272224,6.371409028727776,
2026-08-27,CRDO,buy-first put-tail inventory,,grab,True,37.85730158730159,236.38,2.4665135029693586,-16.951832203211183,-1.3382239878590665,7.314732051231698,60.06944444444444,23.73,92.4701,-2.1488999999999976,7.936507936507937,1.8350999999999829,90.47619047619048,-0.3138000000000147,9.126984126984128,6.2654,9.306999999999988,85.31746031746032,27.764499999999984,95.63492063492065,0.3968253968253968,82.53968253968254,17972.1,189591,1046402372.18,91.1408,9.30881,0000-00-00,0,True,Semiconductors,Technology,XLK,288,256,False,spread debit outside 0.00-0.10; combined put quote widths exceed 0.10,put,2026-09-18,23.0,BTO,140.0,0.9857249960065314,0.3,0.55,86.0,2.0,STO,135.0,0.25,0.4,106.0,1.0,5.0,0.30000000000000004,,,True,40.77333107707928,8.273331077079277,
2026-08-31,TOST,buy-first put-tail inventory,,,True,37.815873015873024,34.05,-7.170119956379506,-8.097165991902832,7.509566930625522,25.272246764461237,90.3114186851211,25.2,41.2586,0.5670999999999964,5.158730158730159,0.5232000000000028,87.6984126984127,1.0902999999999992,4.761904761904762,3.5974999999999966,5.5276,88.0952380952381,2.9359000000000037,60.714285714285715,22.22222222222222,20.634920634920636,15134.8,333635,345052435.5,93.3189,3.62238,0000-00-00,9,False,Infrastructure Software,Financials,XLF,289,251,False,one leg lacks a two-sided put quote; combined put quote widths exceed 0.10; one put leg has OI below 25,put,2026-10-16,47.0,BTO,22.0,0.9977566908637692,0.0,0.07,120.0,0.0,STO,18.0,0.0,0.05,4.0,0.0,4.0,0.07,,,False,35.389133627019085,2.889133627019085,
2026-09-01,CELH,buy-first put-tail inventory,,,True,37.742222222222225,30.81,-12.892281594571664,-12.892281594571664,2.762342487775893,5.942588396207082,54.861111111111114,19.48,50.79280000000001,-0.1404999999999958,25.396825396825395,0.5537999999999883,59.523809523809526,0.4132999999999924,13.492063492063492,4.919099999999993,11.035700000000006,84.12698412698413,8.747100000000003,79.76190476190476,61.507936507936506,32.93650793650794,44074.35,643545,414487349.6,89.4564,4.67388,0000-00-00,9,False,Non-Alcoholic Beverages,C. Defensive,XLP,288,252,False,combined put quote widths exceed 0.10,put,2026-09-18,18.0,BTO,22.5,0.9973180013725939,0.01,0.04,2701.0,17.0,STO,20.0,0.01,0.1,1164.0,3.0,2.5,0.03,,,False,26.97176241480038,5.528237585199619,
2026-08-26,BAC,buy-first put-tail inventory,,,True,37.71650793650794,62.47,-0.9827230939927212,-3.699707106520744,2.553747553944552,24.68057541525166,82.41379310344827,20.22,20.3371,2.767800000000001,19.047619047619047,-0.9953000000000004,65.87301587301587,1.7725000000000009,16.26984126984127,-0.758899999999997,-1.5260999999999996,13.492063492063492,0.7117999999999967,46.82539682539682,1.1904761904761905,22.61904761904762,108625.1,2303770,1694426676.75,90.0238,1.04835,0000-00-00,7,False,Diversified Banking,Financials,XLF,290,257,False,no roughly $5-wide put spread 25-45% OTM in current/next monthly,,,,,,,,,,,,,,,,,,,,,False,,,
2026-09-02,RTX,buy-first put-tail inventory,,,True,37.70666666666666,200.86,-5.468749999999989,-10.490196078431367,-3.007698154316562,20.76126582712899,77.00348432055749,23.96,23.333599999999997,1.081500000000002,9.523809523809524,-0.1187999999999966,69.04761904761905,0.9627000000000052,7.142857142857143,0.5615000000000023,1.4848000000000037,45.23809523809524,-0.1255999999999986,37.698412698412696,1.5873015873015872,23.41269841269841,13050.15,178306,885169179.96,81.0985,1.9221,0000-00-00,6,False,Aerospace & Defense Manufacturing,Industrials,XLI,287,252,False,spread debit outside 0.00-0.10; one leg lacks a two-sided put quote; combined put quote widths exceed 0.10; one put leg has OI below 25,put,2026-10-16,45.0,BTO,150.0,0.9981483021483539,0.0,0.13,0.0,0.0,STO,145.0,0.0,0.32,0.0,0.0,5.0,0.13,,,True,25.321119187493778,7.178880812506222,
2026-09-01,BAC,buy-first put-tail inventory,,,True,37.67142857142857,61.95,-0.9750639386189252,-4.50131031293356,1.0069718452237364,23.01225154424361,83.68055555555556,25.9,21.1904,2.141599999999997,5.9523809523809526,-0.8583999999999996,74.60317460317461,1.2831999999999972,1.1904761904761905,0.1068999999999995,0.0815999999999981,55.95238095238095,-1.0775000000000006,19.84126984126984,1.1904761904761905,12.698412698412698,110631.65,2317316,1767843848.14,91.097,1.3577,0000-00-00,6,False,Diversified Banking,Financials,XLF,288,252,False,no roughly $5-wide put spread 25-45% OTM in current/next monthly,,,,,,,,,,,,,,,,,,,,,False,,,
2026-08-25,BMNR,buy-first put-tail inventory,,,True,37.614285714285714,24.63,33.93148450244696,0.0,45.06325535373526,31.18462787309486,87.5432525951557,18.1,81.6049,-5.728200000000001,24.20634920634921,4.412999999999997,70.23809523809524,-1.3152000000000044,22.22222222222222,25.977099999999993,20.66539999999999,66.26984126984127,-1.3109999999999928,51.58730158730159,12.698412698412698,38.888888888888886,138153.2,1477945,881172015.66,80.4217,4.70503,0000-00-00,12,False,Investment Banking & Brokerage,Financials,XLF,289,257,False,one leg lacks a two-sided put quote; combined put quote widths exceed 0.10,put,2026-09-18,25.0,BTO,16.0,0.9647253891682294,0.06,0.08,7990.0,40.0,STO,11.0,0.0,0.12,232.0,0.0,5.0,0.08,,,False,35.03857084855867,2.5385708485586704,
2026-09-01,SPOT,buy-first put-tail inventory,,,True,37.55412698412698,544.85,-1.0712664548343076,-1.239826714277947,9.701401181960367,13.88570410619051,71.18055555555556,19.43,37.5266,1.0426999999999964,21.03174603174603,-0.3380999999999972,77.38095238095238,0.7045999999999992,19.047619047619047,1.484499999999997,-0.8305999999999969,24.603174603174605,-1.8789999999999976,29.761904761904763,11.904761904761903,23.015873015873016,7982.75,114461,1072684030.88,97.8735,3.86749,0000-00-00,9,False,Internet Content & Media,Comm,XLC,288,252,False,no roughly $5-wide put spread 25-45% OTM in current/next monthly,,,,,,,,,,,,,,,,,,,,,False,,,
2026-08-26,CIFR,buy-first put-tail inventory,,,True,37.511111111111106,15.96,0.5037783375314797,-34.963325183374074,-23.913768938129888,-34.24015844888379,6.551724137931035,18.6,101.996,-3.497000000000014,23.41269841269841,2.3740000000000094,64.28571428571429,-1.1230000000000049,21.03174603174603,11.828000000000005,15.442999999999998,63.095238095238095,6.951000000000008,64.28571428571429,12.698412698412698,19.84126984126984,141020.6,1551734,610390202.52,94.0222,7.20035,0000-00-00,9,False,Investment Banking & Brokerage,Financials,XLF,290,257,False,one leg lacks a two-sided put quote,put,2026-09-18,24.0,BTO,9.0,0.9900992014654056,0.0,0.05,82.0,24.0,STO,6.0,0.0,0.02,2294.0,0.0,3.0,0.05,,,False,43.609022556390975,11.109022556390975,
2026-08-28,BX,buy-first put-tail inventory,,,True,37.49968253968254,142.96,-0.3415824329034422,-4.597931264597921,9.518687736910024,25.25224318686522,86.45833333333334,25.04,32.966,1.911100000000005,6.349206349206349,-0.6936999999999998,85.31746031746032,1.217400000000005,5.9523809523809526,2.028100000000002,0.0519000000000033,63.095238095238095,-1.8656000000000008,15.873015873015872,1.984126984126984,25.79365079365079,17157.1,489860,585369197.28,98.0208,3.8011,0000-00-00,7,False,Investment Management,Financials,XLF,288,247,False,one leg lacks a two-sided put quote; combined put quote widths exceed 0.10,put,2026-09-18,22.0,BTO,100.0,0.9998694602802645,0.01,0.06,13458.0,0.0,STO,95.0,0.0,0.1,1154.0,11.0,5.0,0.06,,,False,30.050363738108565,2.4496362618914347,
2026-08-31,ON,buy-first put-tail inventory,,,True,37.43222222222222,74.23,2.997086166227292,-11.367164179104472,-15.077394776281604,-34.939839172774,9.342560553633218,24.79,53.105,-0.5071999999999974,7.5396825396825395,0.6755999999999958,78.17460317460318,0.1683999999999983,6.349206349206349,4.939499999999995,4.237400000000008,59.523809523809526,-4.994699999999995,19.444444444444443,15.873015873015872,22.22222222222222,17834.75,295462,642986818.28,91.3614,4.95868,0000-00-00,9,False,Semiconductors,Technology,XLK,289,251,False,spread debit outside 0.00-0.10; one leg lacks a two-sided put quote; combined put quote widths exceed 0.10,put,2026-09-18,19.0,BTO,45.0,0.9999002790538359,0.0,0.12,423.0,0.0,STO,42.0,0.0,0.12,213.0,0.0,3.0,0.12,,,False,39.37761013067493,6.877610130674931,
2026-08-28,AAL,buy-first put-tail inventory,,,True,37.407777777777774,13.71,-0.6521739130434745,-17.90419161676646,-12.19418470603305,-4.2067000046570815,34.02777777777778,25.37,42.7148,0.1660000000000039,4.761904761904762,1.110199999999992,92.46031746031746,1.2761999999999958,6.349206349206349,5.229099999999995,6.527099999999997,73.01587301587301,-4.093800000000002,18.253968253968253,7.142857142857143,3.968253968253968,56988.45,1959213,754301644.88,73.8217,3.79579,0000-00-00,7,False,Airlines,Industrials,XLI,288,247,False,one leg lacks a two-sided put quote; one put leg has OI below 25,put,2026-10-16,50.0,BTO,10.0,0.968031056349602,0.03,0.05,149.0,6.0,STO,7.0,0.0,0.05,0.0,0.0,3.0,0.05,,,True,27.06053975200584,5.439460247994159,
2026-08-28,NBIS,buy-first put-tail inventory,,,True,37.32682539682539,209.54,-4.29341372065406,-23.307224946929228,-4.424549489966278,-4.294197398113319,33.68055555555556,18.07,79.20519999999999,-1.1886999999999972,25.396825396825395,1.5146000000000015,72.22222222222223,0.3259000000000043,22.61904761904762,11.665700000000015,13.3746,86.11111111111111,-2.6215000000000117,29.761904761904763,19.444444444444443,6.746031746031746,239790.7,1355068,5668986859.599999,97.5795,5.20149,0000-00-00,10,False,Internet Content & Media,Technology,XLK,288,247,False,spread debit outside 0.00-0.10; combined put quote widths exceed 0.10,put,2026-09-18,22.0,BTO,120.0,0.9918582976465702,0.18,0.24,4506.0,179.0,STO,115.0,0.01,0.25,1750.0,39.0,5.0,0.22999999999999998,,,False,42.731698005154136,10.231698005154136,
2026-08-24,BILI,buy-first put-tail inventory,,,True,37.27428571428572,16.53,-4.17391304347825,-14.39668565510097,-6.480192810346552,-2.258339643903995,34.2560553633218,23.44,56.7211,-5.146000000000001,12.301587301587302,3.649399999999993,73.80952380952381,-1.496600000000008,9.126984126984128,13.476000000000006,13.6815,60.31746031746032,21.31309999999999,94.04761904761904,21.428571428571427,93.65079365079364,5358.65,171613,37595616.739999995,75.1705,4.41141,0000-00-00,0,True,Internet Content & Media,Comm,XLC,289,256,False,no roughly $5-wide put spread 25-45% OTM in current/next monthly,,,,,,,,,,,,,,,,,,,,,False,,,
2026-09-02,M,buy-first put-tail inventory,,,True,37.162063492063496,22.38,-1.8421052631579005,-12.54396248534584,-6.001932042504954,7.971088799072589,52.961672473867594,26.33,49.317499999999995,0.7543999999999969,5.158730158730159,0.4876000000000005,73.80952380952381,1.241999999999997,2.380952380952381,3.2598000000000127,4.200599999999994,36.507936507936506,20.644299999999987,94.44444444444444,6.349206349206349,90.47619047619048,10112.95,162589,110063314.71,87.9265,6.39739,0000-00-00,1,True,Department Store Retail,C. Cyclical,XLY,287,252,False,no roughly $5-wide put spread 25-45% OTM in current/next monthly,,,,,,,,,,,,,,,,,,,,,False,,,
2026-08-31,MU,buy-first put-tail inventory,,,True,37.13269841269841,948.32,4.2510855823668425,-6.599824687540012,-0.2530697593207565,-4.393280410627321,35.6401384083045,21.28,57.5771,-1.331399999999995,22.22222222222222,0.9170000000000016,55.55555555555556,-0.4143999999999934,10.714285714285714,7.296899999999994,5.272800000000004,48.41269841269841,-12.107099999999988,2.7777777777777777,5.9523809523809526,5.555555555555555,881585.4,3131170,29130521834.6,95.4304,2.84841,0000-00-00,4,False,Semiconductors,Technology,XLK,289,251,False,no roughly $5-wide put spread 25-45% OTM in current/next monthly,,,,,,,,,,,,,,,,,,,,,False,,,
2026-08-27,GE,buy-first put-tail inventory,,,True,37.05031746031746,342.31,-0.6212803019306046,-10.13126804935678,-4.949849529150385,8.669002958473015,64.23611111111111,25.41,29.225,1.8870000000000005,8.333333333333334,-0.8400999999999996,69.04761904761905,1.0469000000000008,4.365079365079365,0.532,0.4867999999999988,58.333333333333336,-0.3666000000000018,32.142857142857146,3.968253968253968,22.22222222222222,13014.65,218004,1241698569.57,97.3928,3.45365,0000-00-00,7,False,Aerospace & Defense Manufacturing,Industrials,XLI,288,256,False,spread debit outside 0.00-0.10; one leg lacks a two-sided put quote; combined put quote widths exceed 0.10,put,2026-09-18,23.0,BTO,200.0,0.9992553363493379,0.0,0.81,235.0,0.0,STO,195.0,0.0,0.98,160.0,0.0,5.0,0.81,,,False,41.57342759487015,9.073427594870147,
2026-08-28,FDX,buy-first put-tail inventory,,,True,37.02603174603175,331.02,1.8899285890174864,-2.2819188191882,3.615946751507648,-16.49540325369502,19.444444444444446,24.72,24.6343,1.1034000000000006,6.746031746031746,-0.1100999999999992,88.88888888888889,0.9933000000000014,9.523809523809524,0.0373999999999981,4.5519,87.3015873015873,3.3770000000000024,66.26984126984127,28.96825396825397,4.365079365079365,4797.65,59049,479741162.16,94.4826,3.70563,0000-00-00,8,False,Freight & Logistics Services,Industrials,XLI,288,247,False,no roughly $5-wide put spread 25-45% OTM in current/next monthly,,,,,,,,,,,,,,,,,,,,,False,,,
2026-08-26,SOFI,buy-first put-tail inventory,,,True,36.94587301587301,18.82,1.6198704103671746,-0.3177966101694851,5.751725067991265,18.174833215998444,75.86206896551724,16.07,50.0726,0.4786000000000072,36.507936507936506,0.3542999999999949,43.25396825396825,0.8329000000000022,23.41269841269841,5.729900000000001,7.704199999999993,38.492063492063494,2.531099999999995,59.92063492063492,10.317460317460318,14.285714285714286,333061.35,3934310,1129468680.0,96.5036,1.55569,0000-00-00,8,False,Credit & Lending Services,Financials,XLF,290,257,False,one leg lacks a two-sided put quote,put,2026-09-18,24.0,BTO,13.0,0.9918044515363704,0.02,0.03,8148.0,36.0,STO,10.0,0.0,0.01,7071.0,21.0,3.0,0.03,,,False,30.92454835281615,1.5754516471838507,
2026-08-27,BX,buy-first put-tail inventory,,,True,36.92015873015873,143.46,1.658163265306123,-4.26426426426425,10.205323287384992,25.69828524835902,83.33333333333334,26.81,33.509699999999995,1.229299999999995,2.380952380952381,-0.2034999999999911,94.04761904761904,1.0258000000000038,3.968253968253968,2.5198000000000036,0.3144999999999953,69.84126984126983,-0.9098000000000042,22.61904761904762,0.7936507936507936,32.53968253968254,17756.55,487902,608248014.4,95.6646,4.01412,0000-00-00,8,False,Investment Management,Financials,XLF,288,256,False,one leg lacks a two-sided put quote; combined put quote widths exceed 0.10,put,2026-09-18,23.0,BTO,100.0,0.999763460457637,0.01,0.06,13371.0,132.0,STO,95.0,0.0,0.11,1066.0,123.0,5.0,0.06,,,False,30.294158650494918,2.205841349505082,
2026-08-31,AVGO,buy-first put-tail inventory,,grab,True,36.87634920634921,369.74,2.839818652129189,-13.122958716135235,-4.145585470488755,-15.710730644954207,20.069204152249135,27.33,50.5072,-2.8227000000000046,2.380952380952381,1.5481000000000051,96.82539682539682,-1.2745999999999995,1.5873015873015872,5.784399999999998,6.5428,92.85714285714286,19.0439,96.03174603174604,0.0,93.65079365079364,246282.65,2141477,7142561714.820001,98.3102,1.6393,0000-00-00,0,True,Semiconductors,Technology,XLK,289,251,False,no roughly $5-wide put spread 25-45% OTM in current/next monthly,,,,,,,,,,,,,,,,,,,,,False,,,
2026-08-25,M,buy-first put-tail inventory,,,True,36.83063492063492,22.63,-3.29059829059829,-13.62595419847329,-5.97239419297474,7.75076263604777,53.63321799307958,23.09,54.419700000000006,2.208500000000001,23.41269841269841,-0.9237000000000036,26.58730158730159,1.284799999999997,1.984126984126984,-1.0853000000000037,14.8707,95.23809523809524,1.7868999999999955,55.55555555555556,58.333333333333336,12.698412698412698,8349.2,159082,114594826.92,90.0475,4.68851,0000-00-00,2,True,Department Store Retail,C. Cyclical,XLY,289,257,False,no roughly $5-wide put spread 25-45% OTM in current/next monthly,,,,,,,,,,,,,,,,,,,,,False,,,
2026-08-27,AAL,buy-first put-tail inventory,,,True,36.83047619047619,13.79,1.846381093057614,-17.42514970059881,-11.899620510330555,-3.866451167070994,36.45833333333333,24.36,43.6784,0.9025000000000034,10.714285714285714,0.5045999999999964,75.39682539682539,1.4070999999999998,8.333333333333334,2.8644999999999925,7.228400000000001,77.77777777777777,0.8236000000000061,48.80952380952381,6.349206349206349,7.936507936507937,58333.2,1951522,760344258.96,82.419,3.64694,0000-00-00,8,False,Airlines,Industrials,XLI,288,256,False,one leg lacks a two-sided put quote,put,2026-09-18,23.0,BTO,9.0,0.9991245944246193,0.0,0.01,20544.0,0.0,STO,4.0,0.0,0.02,216.0,4.0,5.0,0.01,,,False,34.735315445975345,2.2353154459753455,
2026-08-24,ENPH,buy-first put-tail inventory,,,True,36.75476190476191,37.2,-4.123711340206171,-11.72282866635026,-12.961281808907865,-40.19626796431216,1.7301038062283738,20.15,65.1986,-3.550200000000004,22.61904761904762,2.397900000000007,76.58730158730158,-1.1522999999999968,17.857142857142858,7.4345,9.346199999999996,67.46031746031746,2.0220999999999947,49.6031746031746,20.238095238095237,28.96825396825397,19776.45,370000,176652603.27,85.3859,9.59602,0000-00-00,9,False,Solar,Technology,XLK,289,256,False,combined put quote widths exceed 0.10,put,2026-09-18,26.0,BTO,25.0,0.9910107135008441,0.01,0.1,2069.0,13.0,STO,20.0,0.01,0.09,508.0,2.0,5.0,0.09000000000000001,,,False,32.795698924731184,0.29569892473118387,
2026-08-24,ONON,buy-first put-tail inventory,,,True,36.74507936507936,29.41,-5.706957358127607,-24.181490074761538,-18.20694948910632,-24.636435715408865,12.110726643598616,27.62,40.7245,-1.4508999999999972,1.984126984126984,1.1940999999999988,89.68253968253968,-0.2567999999999983,1.1904761904761905,6.768700000000003,5.548899999999996,60.31746031746032,-0.7497000000000043,39.68253968253968,51.58730158730159,19.84126984126984,18731.95,343023,259799714.42,76.4316,5.23156,0000-00-00,11,False,Footwear & Accessories Manufacturing,C. Cyclical,XLY,289,256,False,one leg lacks a two-sided put quote; combined put quote widths exceed 0.10; one put leg has OI below 25,put,2026-09-18,26.0,BTO,22.0,0.9969227494822744,0.0,0.06,0.0,0.0,STO,17.5,0.0,0.05,14.0,0.0,4.5,0.06,,,False,25.195511730703846,7.304488269296154,
2026-09-01,TOST,buy-first put-tail inventory,,,True,36.621428571428574,33.6,-8.22179732313575,-9.311740890688249,5.467352204456,32.88117956137738,93.05555555555556,26.95,41.7414,0.3502999999999971,3.5714285714285716,0.4921000000000006,87.3015873015873,0.8423999999999978,3.5714285714285716,7.218700000000005,4.4146,77.77777777777777,-1.8847000000000025,30.952380952380953,11.904761904761903,21.428571428571427,13495.1,339590,340010148.73,93.532,3.15895,0000-00-00,9,False,Infrastructure Software,Financials,XLF,288,252,False,one leg lacks a two-sided put quote; combined put quote widths exceed 0.10; one put leg has OI below 25,put,2026-10-16,46.0,BTO,20.0,0.9992847625224108,0.0,0.08,4.0,0.0,STO,17.0,0.0,0.05,1.0,0.0,3.0,0.08,,,False,40.476190476190474,7.9761904761904745,
2026-08-26,APO,buy-first put-tail inventory,,,True,36.59825396825397,134.16,0.5621767483696916,-6.723214906486841,5.8286201102775825,5.733579011357337,53.79310344827586,27.37,33.8191,1.8018999999999965,2.380952380952381,-0.5529999999999973,91.26984126984128,1.248899999999999,2.7777777777777777,-0.3620999999999981,6.2017999999999915,83.73015873015873,8.296299999999995,80.95238095238095,38.095238095238095,31.349206349206348,6778.05,281498,501207081.58,95.2991,4.44421,0000-00-00,9,False,Investment Management,Financials,XLF,290,257,False,one leg lacks a two-sided put quote,put,2026-09-18,24.0,BTO,95.0,0.9996630312018969,0.0,0.05,498.0,0.0,STO,90.0,0.0,0.05,9312.0,0.0,5.0,0.05,,,False,29.18902802623733,3.310971973762669,
2026-08-28,APO,buy-first put-tail inventory,,,True,36.5815873015873,135.45,2.110817941952492,-5.826322742126133,6.986633976964507,7.908655120307618,61.458333333333336,25.72,33.1609,2.470399999999998,7.936507936507937,-0.9964999999999976,79.36507936507937,1.4739000000000004,5.555555555555555,-1.730599999999999,2.833600000000001,57.93650793650794,2.9914000000000023,50.79365079365079,82.53968253968254,13.095238095238097,7592.45,299380,485171160.0,92.1511,7.83251,0000-00-00,9,False,Investment Management,Financials,XLF,288,247,False,one leg lacks a two-sided put quote; combined put quote widths exceed 0.10; one put leg has OI below 25,put,2026-10-16,50.0,BTO,85.0,0.9998161597336274,0.0,0.1,144.0,0.0,STO,80.0,0.0,0.1,16.0,0.0,5.0,0.1,,,False,37.24621631598375,4.746216315983752,
2026-08-26,RTX,buy-first put-tail inventory,,,True,36.574603174603176,212.48,-3.6983321247280654,-5.311942959001792,3.671942316868826,22.289841099302677,78.96551724137932,26.6,22.9554,0.7852000000000032,5.158730158730159,-0.0094000000000029,76.58730158730158,0.7758000000000003,3.968253968253968,1.6294000000000004,0.8438999999999979,23.015873015873016,-0.4603000000000037,33.333333333333336,17.46031746031746,32.53968253968254,14641.25,175818,1022461897.24,83.4341,1.76845,0000-00-00,7,False,Aerospace & Defense Manufacturing,Industrials,XLI,290,257,False,spread debit outside 0.00-0.10; one leg lacks a two-sided put quote; combined put quote widths exceed 0.10; one put leg has OI below 25,put,2026-10-16,52.0,BTO,155.0,0.9991480930921895,0.0,0.33,0.0,0.0,STO,150.0,0.0,2.15,0.0,0.0,5.0,0.33,,,True,27.051957831325304,5.4480421686746965,
2026-08-25,AAL,buy-first put-tail inventory,,,True,36.55920634920635,13.8,-2.1970233876683065,-17.365269461077837,-12.242769567318678,-4.296713701595267,29.411764705882355,24.79,43.8123,0.4924999999999997,4.761904761904762,1.1987000000000023,94.84126984126983,1.691200000000002,13.492063492063492,6.9399000000000015,2.374900000000004,26.19047619047619,-6.394500000000001,10.714285714285714,3.1746031746031744,13.095238095238097,60536.0,1879578,775706702.71,83.6412,3.54697,0000-00-00,8,False,Airlines,Industrials,XLI,289,257,False,one leg lacks a two-sided put quote; combined put quote widths exceed 0.10; one put leg has OI below 25,put,2026-10-16,53.0,BTO,10.0,0.9668870313954336,0.01,0.08,139.0,1.0,STO,7.0,0.0,0.05,0.0,0.0,3.0,0.08,,,False,27.536231884057973,4.9637681159420275,
2026-08-28,T,buy-first put-tail inventory,,,True,36.52650793650794,25.95,2.407261247040249,-0.1154734411085489,12.010842822241584,8.198811913102844,62.5,21.41,20.6067,1.8093000000000004,16.26984126984127,-0.1334000000000017,75.39682539682539,1.6758999999999986,19.047619047619047,1.5177000000000014,1.8347000000000016,48.41269841269841,-1.4192,28.96825396825397,64.68253968253968,3.5714285714285716,65271.9,1106635,968541169.94,69.0254,2.21458,0000-00-00,7,False,Telecommunications Services,Comm,XLC,288,247,False,one leg lacks a two-sided put quote; combined put quote widths exceed 0.10,put,2026-09-18,22.0,BTO,17.0,0.9993905135113689,0.0,0.1,429.0,0.0,STO,12.0,0.0,0.9,40.0,0.0,5.0,0.1,,,False,34.48940269749519,1.989402697495187,
2026-08-28,AMD,buy-first put-tail inventory,,,True,36.522063492063495,469.49,-0.3629032258064435,-11.012339126973602,-7.1643737722993155,-4.6431839598198845,32.63888888888889,21.97,47.639399999999995,-0.6467000000000027,23.41269841269841,0.5561000000000078,57.93650793650794,-0.0905999999999949,9.126984126984128,5.8230000000000075,4.294800000000009,51.98412698412698,-5.112299999999998,15.476190476190476,9.92063492063492,9.523809523809524,482612.95,3156470,11178252319.05,98.4874,2.26723,0000-00-00,9,False,Semiconductors,Technology,XLK,288,247,False,no roughly $5-wide put spread 25-45% OTM in current/next monthly,,,,,,,,,,,,,,,,,,,,,False,,,
2026-09-02,GE,buy-first put-tail inventory,,,True,36.3584126984127,330.2,-6.943974749182724,-11.687617009895687,-7.863624771124,9.362093070694366,56.79442508710801,26.34,29.0771,1.805500000000002,7.5396825396825395,-0.7745000000000033,71.82539682539682,1.0309999999999988,3.968253968253968,0.2628000000000021,-0.3963000000000001,39.68253968253968,-1.9024000000000072,19.444444444444443,2.380952380952381,15.476190476190476,12631.35,220413,1186810977.13,97.4154,2.20774,0000-00-00,6,False,Aerospace & Defense Manufacturing,Industrials,XLI,287,252,False,no roughly $5-wide put spread 25-45% OTM in current/next monthly,,,,,,,,,,,,,,,,,,,,,False,,,
2026-08-28,MU,buy-first put-tail inventory,,,True,36.35285714285715,929.89,-3.3890556981226228,-8.41499807944216,-2.597354985395206,0.3155462878678294,42.70833333333333,20.79,54.3705,-1.0505999999999889,26.58730158730159,0.8382999999999896,51.98412698412698,-0.212299999999999,12.698412698412698,6.643200000000007,4.902200000000001,45.23809523809524,-7.1625000000000085,15.07936507936508,7.142857142857143,7.142857142857143,900717.85,3330880,30937217008.43,98.4876,2.43162,0000-00-00,4,False,Semiconductors,Technology,XLK,288,247,False,no roughly $5-wide put spread 25-45% OTM in current/next monthly,,,,,,,,,,,,,,,,,,,,,False,,,
2026-08-25,CVNA,buy-first put-tail inventory,,,True,36.28476190476191,75.56,15.747549019607842,-0.3034701147908714,11.782754447787893,10.303462062991198,60.207612456747405,25.62,56.1795,3.974900000000005,7.142857142857143,-1.2933000000000092,92.06349206349206,2.681599999999996,8.333333333333334,-1.3689000000000036,-0.4595999999999947,69.04761904761905,2.997700000000002,50.79365079365079,9.126984126984128,29.761904761904763,64562.9,1006875,807394185.18,93.9815,3.56437,0000-00-00,9,False,Auto Dealerships,C. Cyclical,XLY,289,257,False,combined put quote widths exceed 0.10,put,2026-09-18,25.0,BTO,48.0,0.9976920167115415,0.03,0.1,1464.0,0.0,STO,44.0,0.01,0.12,11762.0,0.0,4.0,0.09000000000000001,,,False,36.47432503970355,3.974325039703551,
2026-08-31,CELH,buy-first put-tail inventory,,,True,36.25142857142857,31.44,-9.473078030521156,-11.111111111111104,4.977061310076336,5.799102832073489,55.017301038062286,22.32,51.6203,-0.779200000000003,15.476190476190476,1.4276000000000053,77.38095238095238,0.6484000000000023,16.666666666666668,6.830500000000001,7.036199999999987,60.714285714285715,3.4239999999999924,61.507936507936506,5.9523809523809526,40.476190476190474,44354.5,639612,430621212.17999995,85.9668,4.66862,0000-00-00,10,False,Non-Alcoholic Beverages,C. Defensive,XLP,289,251,False,one leg lacks a two-sided put quote; combined put quote widths exceed 0.10,put,2026-09-18,19.0,BTO,22.5,0.996813089447529,0.01,0.05,2684.0,68.0,STO,20.0,0.0,0.16,1162.0,8.0,2.5,0.05,,,False,28.435114503816795,4.064885496183205,
2026-08-31,BMY,buy-first put-tail inventory,,,True,36.24190476190476,66.94,-0.3424147684978451,-1.341193809874719,8.070234351287997,25.397171184894408,91.00346020761243,28.52,25.082300000000004,-0.8831000000000024,0.3968253968253968,0.9138999999999982,99.2063492063492,0.0307999999999957,0.7936507936507936,2.943799999999996,0.1413999999999973,20.238095238095237,-2.4663000000000004,16.26984126984127,33.333333333333336,22.22222222222222,22564.6,695297,714553138.42,80.6616,5.39127,0000-00-00,8,False,Major Pharmaceuticals,Healthcare,XLV,289,251,False,one leg lacks a two-sided put quote; combined put quote widths exceed 0.10,put,2026-09-18,19.0,BTO,47.0,0.9998324601833121,0.0,0.04,4686.0,5.0,STO,43.0,0.0,0.29,7586.0,0.0,4.0,0.04,,,False,29.787869734090233,2.7121302659097672,
2026-09-01,M,buy-first put-tail inventory,,,True,36.22047619047619,21.96,-2.9606716747680006,-14.55252918287937,-7.887451552826286,5.99728624881658,55.208333333333336,19.97,48.9205,2.1058999999999983,21.825396825396822,0.0126000000000061,57.142857142857146,2.1185000000000045,22.22222222222222,3.7857999999999943,4.176500000000004,35.714285714285715,17.463000000000015,91.66666666666669,6.349206349206349,89.68253968253968,9914.9,160363,107808381.72,84.6081,5.27823,0000-00-00,1,True,Department Store Retail,C. Cyclical,XLY,288,252,False,no roughly $5-wide put spread 25-45% OTM in current/next monthly,,,,,,,,,,,,,,,,,,,,,False,,,
2026-09-01,CCL,buy-first put-tail inventory,,,True,36.14571428571429,23.19,-10.255417956656345,-22.337575351640982,-14.565496102211938,-10.792805830582951,24.65277777777778,28.14,44.304100000000005,1.1058999999999983,1.984126984126984,0.0911000000000044,92.85714285714286,1.1970000000000027,1.5873015873015872,2.0715999999999894,6.496500000000005,94.44444444444444,-0.3333999999999903,32.93650793650794,1.1904761904761905,21.03174603174603,34638.85,1015391,418193757.19,85.2437,3.99283,0000-00-00,3,False,Travel & Tourism Services,C. Cyclical,XLY,288,252,False,one leg lacks a two-sided put quote; combined put quote widths exceed 0.10; one put leg has OI below 25,put,2026-09-18,18.0,BTO,17.0,0.9993046658594035,0.0,0.09,4.0,100.0,STO,13.0,0.0,0.12,2201.0,0.0,4.0,0.09,,,False,26.692539887882717,5.807460112117283,
2026-08-26,INOD,buy-first put-tail inventory,,,True,36.14079365079365,55.97,-11.551833122629583,-20.890459363957604,-17.962383180309804,-34.46890532893863,6.206896551724138,17.51,71.2159,-0.6970000000000027,34.523809523809526,0.897199999999998,46.03174603174603,0.2001999999999952,22.22222222222222,3.7209999999999894,11.7984,63.888888888888886,8.105900000000005,67.85714285714286,16.666666666666668,13.095238095238097,4845.95,41621,92071598.96,78.0999,10.4675,0000-00-00,10,False,IT Services & Consulting,Industrials,XLI,290,257,False,spread debit outside 0.00-0.10; one leg lacks a two-sided put quote; combined put quote widths exceed 0.10; one put leg has OI below 25,put,2026-09-18,24.0,BTO,35.0,0.9953014776559655,0.0,0.45,4.0,0.0,STO,30.0,0.0,0.15,1.0,0.0,5.0,0.45,,,False,37.46649991066643,4.966499910666428,
2026-09-02,WFC,buy-first put-tail inventory,,,True,36.12444444444444,89.47,4.5698924731182755,0.0,3.4938276174788507,18.671040112950564,73.17073170731707,23.32,23.0893,2.541599999999999,15.476190476190476,-1.037399999999998,71.82539682539682,1.5042000000000009,12.301587301587302,-1.260399999999997,-0.4090000000000025,46.42857142857143,-0.0238000000000013,32.142857142857146,14.285714285714286,7.142857142857143,40156.15,1080641,1047760972.8,95.7996,1.58611,0000-00-00,5,False,Diversified Banking,Financials,XLF,287,252,False,spread debit outside 0.00-0.10; one leg lacks a two-sided put quote; combined put quote widths exceed 0.10,put,2026-10-16,45.0,BTO,60.0,0.9993296369898756,0.0,0.17,796.0,0.0,STO,55.0,0.0,0.1,176.0,0.0,5.0,0.17,,,True,32.93841511121046,0.4384151112104604,
2026-08-28,PINS,buy-first put-tail inventory,,,True,36.07095238095238,23.16,-1.1945392491467643,-9.883268482490273,1.8272629746223013,16.347364973496724,76.38888888888889,21.31,38.8047,0.743300000000005,17.063492063492063,0.4001999999999981,77.77777777777777,1.143500000000003,21.03174603174603,3.4665000000000035,5.636399999999995,69.44444444444444,-0.8368000000000038,42.857142857142854,20.238095238095237,10.714285714285714,15117.95,302025,248957737.6,88.3221,6.73214,0000-00-00,10,False,Internet Content & Media,Comm,XLC,288,247,False,no roughly $5-wide put spread 25-45% OTM in current/next monthly,,,,,,,,,,,,,,,,,,,,,False,,,
2026-08-31,APO,buy-first put-tail inventory,,,True,36.0415873015873,137.38,3.690844592044673,-4.484460821803527,8.519808143172213,9.763973578187093,66.43598615916954,26.26,33.6544,2.3798999999999992,7.5396825396825395,-0.9054000000000002,80.95238095238095,1.474499999999999,5.9523809523809526,-0.4039000000000001,2.833500000000001,57.53968253968254,4.737000000000002,66.26984126984127,7.5396825396825395,27.77777777777778,7312.75,304132,473938004.48,89.0713,5.46852,0000-00-00,9,False,Investment Management,Financials,XLF,289,251,False,one leg lacks a two-sided put quote,put,2026-09-18,19.0,BTO,100.0,0.9994981757253169,0.0,0.05,1439.0,0.0,STO,95.0,0.0,0.05,498.0,0.0,5.0,0.05,,,False,27.20920075702431,5.290799242975691,
2026-08-25,BAC,buy-first put-tail inventory,,,True,35.8947619047619,62.56,-2.5848645281843607,-3.5609680900262064,2.9208055987865356,22.89026239436902,81.31487889273356,21.01,20.3452,2.9216999999999977,23.015873015873016,-1.1415999999999968,53.17460317460318,1.780100000000001,17.46031746031746,-1.090799999999998,-1.6281999999999996,11.904761904761903,1.036200000000001,51.98412698412698,11.11111111111111,24.603174603174605,109714.5,2277965,1731835621.85,90.6425,1.04066,0000-00-00,7,False,Diversified Banking,Financials,XLF,289,257,False,no roughly $5-wide put spread 25-45% OTM in current/next monthly,,,,,,,,,,,,,,,,,,,,,False,,,
2026-09-02,WMT,buy-first put-tail inventory,,,True,35.866031746031744,106.09,1.2502385951517423,-8.282182069680989,-4.612651298954685,-4.408822272186963,31.3588850174216,25.88,21.7402,0.4724000000000004,9.92063492063492,-0.0717000000000034,78.17460317460318,0.4006999999999969,6.349206349206349,2.980999999999998,2.613200000000002,66.26984126984127,-1.7155999999999985,25.0,11.11111111111111,13.492063492063492,171362.8,1229322,2922539873.6,93.6226,1.35183,0000-00-00,11,False,Discount Retail,C. Defensive,XLP,287,252,False,no roughly $5-wide put spread 25-45% OTM in current/next monthly,,,,,,,,,,,,,,,,,,,,,False,,,
2026-08-28,SCHW,buy-first put-tail inventory,,,True,35.85079365079365,110.56,-1.3385686239514527,-2.5645545077994103,6.9961715190437035,29.94270883707112,89.23611111111111,27.8,23.1069,1.3201,3.968253968253968,-0.6193999999999988,84.12698412698413,0.7007000000000012,2.7777777777777777,-0.9612000000000016,0.209500000000002,54.36507936507937,-0.5110999999999954,30.555555555555557,11.11111111111111,9.126984126984128,20721.4,474116,786314101.85,94.4885,3.55615,0000-00-00,6,False,Investment Banking & Brokerage,Financials,XLF,288,247,False,spread debit outside 0.00-0.10; combined put quote widths exceed 0.10,put,2026-10-16,50.0,BTO,77.5,0.9999002213549111,0.01,0.3,294.0,10.0,STO,75.0,0.05,0.15,952.0,0.0,2.5,0.25,,,True,29.90231548480463,2.5976845151953682,
2026-08-26,M,buy-first put-tail inventory,,,True,35.71666666666667,22.8,-2.937420178799477,-12.97709923664122,-5.123339658444026,10.507499901493134,64.13793103448275,25.95,54.9759,1.670500000000004,9.523809523809524,-0.159399999999998,51.58730158730159,1.511100000000006,7.142857142857143,7.562800000000003,4.331700000000005,38.888888888888886,-16.792,5.158730158730159,23.41269841269841,19.444444444444443,8947.0,162605,112159395.18,87.8911,6.12398,0000-00-00,2,True,Department Store Retail,C. Cyclical,XLY,290,257,False,no roughly $5-wide put spread 25-45% OTM in current/next monthly,,,,,,,,,,,,,,,,,,,,,False,,,
2026-08-27,PG,buy-first put-tail inventory,,,True,35.69365079365079,143.38,0.0069749598939683,-3.2001080205239063,-2.5441297417806874,0.3344805974067055,42.36111111111111,25.1,17.700499999999998,0.8716000000000008,9.126984126984128,-0.0780999999999991,87.3015873015873,0.7935000000000016,11.904761904761903,0.1357999999999997,0.3922000000000025,35.714285714285715,0.691900000000004,43.65079365079365,5.555555555555555,18.253968253968253,19687.95,375743,1367142795.0,84.8382,2.09821,0000-00-00,8,False,Consumer Products,C. Defensive,XLP,288,256,False,no roughly $5-wide put spread 25-45% OTM in current/next monthly,,,,,,,,,,,,,,,,,,,,,False,,,
2026-08-24,CRDO,buy-first put-tail inventory,,,True,35.67793650793651,222.25,-21.91617187225521,-21.91617187225521,-7.749230655563643,4.395966372835347,49.48096885813148,25.83,95.7613,-1.558099999999996,10.317460317460318,1.1012999999999948,81.74603174603175,-0.4568000000000012,7.142857142857143,3.130899999999997,4.577999999999989,59.92063492063492,16.450799999999987,91.26984126984128,24.603174603174605,76.98412698412699,18602.45,174468,1157838151.38,98.3777,9.71479,0000-00-00,1,True,Semiconductors,Technology,XLK,289,256,False,spread debit outside 0.00-0.10; combined put quote widths exceed 0.10,put,2026-09-18,26.0,BTO,130.0,0.9810643221165449,0.4,0.65,727.0,4.0,STO,125.0,0.3,0.4,65.0,2.0,5.0,0.35000000000000003,,,True,41.50731158605174,9.007311586051742,
2026-08-31,AG,buy-first put-tail inventory,,,True,35.63904761904761,20.56,-1.343570057581578,-5.297098111469378,16.074251388826166,2.1834981119326247,48.44290657439446,16.98,63.7283,-6.131399999999992,40.87301587301587,4.708299999999994,47.61904761904762,-1.423099999999998,21.03174603174603,15.580399999999996,10.477199999999996,13.492063492063492,-7.044300000000007,28.174603174603178,2.380952380952381,5.555555555555555,44460.7,945519,214865335.68,85.9589,6.35601,0000-00-00,8,False,Silver,Materials,XLB,289,251,False,one leg lacks a two-sided put quote,put,2026-09-18,19.0,BTO,14.0,0.9957820923693067,0.0,0.04,245.0,0.0,STO,10.0,0.0,0.06,332.0,0.0,4.0,0.04,,,False,31.906614785992215,0.5933852140077853,
2026-09-02,BAC,buy-first put-tail inventory,,,True,35.61666666666666,62.64,0.2721306226989073,-3.437644519808858,1.9710495985622467,24.472582243587205,81.8815331010453,26.05,21.0138,2.4385999999999974,11.11111111111111,-0.9839999999999982,66.26984126984127,1.4545999999999992,5.555555555555555,-0.3689999999999998,-0.3818999999999981,39.68253968253968,-1.328800000000001,17.063492063492063,0.7936507936507936,9.126984126984128,112252.35,2334239,1770595078.0800002,90.2895,1.30318,0000-00-00,6,False,Diversified Banking,Financials,XLF,287,252,False,no roughly $5-wide put spread 25-45% OTM in current/next monthly,,,,,,,,,,,,,,,,,,,,,False,,,
2026-08-31,GILD,buy-first put-tail inventory,,,True,35.5415873015873,146.18,-0.1707300416581292,-1.800349321510153,8.687893694347459,14.844361369254964,75.08650519031141,26.76,26.5313,1.432700000000004,9.126984126984128,-0.4970000000000034,79.76190476190476,0.9357000000000006,4.365079365079365,-0.3416000000000032,-0.4428999999999981,31.349206349206348,-0.1411999999999977,40.87301587301587,1.1904761904761905,21.03174603174603,7829.95,147142,917874175.92,83.0904,4.64863,0000-00-00,8,False,Major Pharmaceuticals,Healthcare,XLV,289,251,False,no roughly $5-wide put spread 25-45% OTM in current/next monthly,,,,,,,,,,,,,,,,,,,,,False,,,
2026-09-02,RUN,buy-first put-tail inventory,,,True,35.4484126984127,8.98,-1.427003293084517,-12.04701273261508,-16.970246130517598,-34.76558425680078,6.968641114982578,17.25,67.8203,0.3106999999999971,37.698412698412696,1.297699999999992,49.20634920634921,1.608399999999989,23.80952380952381,7.761799999999994,6.660599999999988,32.142857142857146,-4.902100000000004,29.761904761904763,11.507936507936508,5.9523809523809526,28428.7,523024,71745229.44,60.3874,6.08839,0000-00-00,9,False,Solar,Industrials,XLI,287,252,False,no roughly $5-wide put spread 25-45% OTM in current/next monthly,,,,,,,,,,,,,,,,,,,,,False,,,
2026-08-24,ON,buy-first put-tail inventory,,,True,35.432698412698414,72.07,-13.915432393693273,-15.281532855295644,-21.666279001519516,-36.652312730776785,4.498269896193772,27.98,54.487399999999994,-0.5540999999999983,5.555555555555555,0.4382000000000019,73.41269841269842,-0.1158999999999963,2.380952380952381,2.8566000000000003,6.49989999999999,76.98412698412699,1.603500000000004,56.74603174603175,3.1746031746031744,38.888888888888886,20041.8,282258,718269833.2199999,94.9032,5.95712,0000-00-00,10,False,Semiconductors,Technology,XLK,289,256,False,one leg lacks a two-sided put quote; combined put quote widths exceed 0.10,put,2026-10-16,54.0,BTO,40.0,0.9964926515469358,0.0,0.05,290.0,29.0,STO,35.0,0.0,0.4,31.0,0.0,5.0,0.05,,,False,44.498404329124455,11.998404329124455,
2026-09-02,TXN,buy-first put-tail inventory,,,True,35.392380952380954,254.8,-2.907441984529202,-10.63098453228578,-9.812333198830526,-12.54861758804351,21.602787456445995,25.56,35.4335,0.8398000000000039,11.507936507936508,-0.0977000000000032,62.698412698412696,0.7421000000000006,8.73015873015873,0.2109999999999985,1.619799999999998,41.666666666666664,-0.0304000000000002,39.285714285714285,0.7936507936507936,32.93650793650794,16744.75,245144,1471980895.32,97.2314,2.88771,0000-00-00,7,False,Semiconductors,Technology,XLK,287,252,False,spread debit outside 0.00-0.10; one leg lacks a two-sided put quote; combined put quote widths exceed 0.10,put,2026-10-16,45.0,BTO,150.0,0.9997948253606441,0.0,0.29,32.0,0.0,STO,145.0,0.0,0.29,44.0,0.0,5.0,0.29,,,False,41.13029827315542,8.630298273155418,
2026-08-25,GILD,buy-first put-tail inventory,,,True,35.34301587301587,148.71,3.942126231914456,0.0,12.076632048595926,13.221031093051838,67.47404844290658,25.53,27.0974,1.7540999999999976,13.492063492063492,-0.6023999999999994,74.2063492063492,1.1516999999999982,7.142857142857143,1.4163999999999994,-0.3840000000000003,32.142857142857146,-1.3317999999999977,31.349206349206348,3.968253968253968,31.746031746031747,8571.45,143488,977872718.68,86.7874,3.46332,0000-00-00,9,False,Major Pharmaceuticals,Healthcare,XLV,289,257,False,no roughly $5-wide put spread 25-45% OTM in current/next monthly,,,,,,,,,,,,,,,,,,,,,False,,,
2026-08-24,CIFR,buy-first put-tail inventory,,,True,35.21873015873016,15.34,-16.901408450704224,-37.48981255093724,-28.160650394320296,-28.67662756719971,9.688581314878892,19.94,103.77,-3.1639999999999873,25.0,2.431999999999988,64.28571428571429,-0.7319999999999993,24.20634920634921,11.051999999999992,17.52300000000001,67.46031746031746,14.717000000000011,78.96825396825396,17.063492063492063,42.857142857142854,142302.05,1470167,577385275.3,92.1974,8.59142,0000-00-00,10,False,Investment Banking & Brokerage,Financials,XLF,289,256,False,one leg lacks a two-sided put quote,put,2026-09-18,26.0,BTO,9.0,0.9700745917617962,0.02,0.06,83.0,1.0,STO,5.0,0.0,0.02,57.0,0.0,4.0,0.06,,,False,41.329856584093875,8.829856584093875,
2026-08-26,AG,buy-first put-tail inventory,,,True,35.01571428571429,21.05,1.6908212560386549,-0.7543611504007508,19.75877567275419,9.300394793101209,61.72413793103448,24.27,66.0643,-8.091700000000003,22.61904761904762,5.815100000000001,61.111111111111114,-2.276600000000002,5.9523809523809526,13.690799999999996,10.03449999999998,11.11111111111111,-2.337600000000009,43.65079365079365,0.0,21.825396825396822,45854.4,948529,236307998.88,86.0294,6.02066,0000-00-00,9,False,Silver,Materials,XLB,290,257,False,one leg lacks a two-sided put quote,put,2026-09-18,24.0,BTO,14.0,0.9899742821005073,0.01,0.03,246.0,3.0,STO,10.0,0.0,0.03,332.0,0.0,4.0,0.03,,,False,33.4916864608076,0.9916864608075997,
2026-08-27,AA,buy-first put-tail inventory,,,True,35.013333333333335,51.52,2.937062937062951,-3.970177073625336,4.2902312927373565,-29.844408752846697,7.986111111111111,28.32,49.6191,-1.4589,6.349206349206349,1.0106000000000035,78.96825396825396,-0.4482999999999961,1.984126984126984,3.1236000000000033,5.557900000000004,61.111111111111114,0.5921999999999983,38.888888888888886,32.142857142857146,11.11111111111111,15610.05,264781,255977503.32,87.1,6.13511,0000-00-00,7,False,Aluminum,Materials,XLB,288,256,False,one leg lacks a two-sided put quote; combined put quote widths exceed 0.10,put,2026-09-18,23.0,BTO,35.0,0.9992082130611029,0.0,0.05,2019.0,0.0,STO,30.0,0.0,0.12,1527.0,0.0,5.0,0.05,,,False,32.06521739130436,0.43478260869564167,
2026-08-26,PINS,buy-first put-tail inventory,,,True,35.0068253968254,23.38,0.3864319450407993,-9.027237354085605,3.1819586036453407,18.64687252044579,76.55172413793103,25.39,40.9878,0.3633000000000024,12.698412698412698,0.2631999999999976,72.61904761904762,0.6265000000000001,10.317460317460318,2.3733999999999966,7.907899999999998,84.52380952380952,5.509100000000004,77.77777777777777,14.682539682539682,31.349206349206348,15500.95,300270,268967566.14,95.703,4.29519,0000-00-00,10,False,Internet Content & Media,Comm,XLC,290,257,False,one leg lacks a two-sided put quote; combined put quote widths exceed 0.10; one put leg has OI below 25,put,2026-09-18,24.0,BTO,17.5,0.9967112866428925,0.0,0.07,0.0,0.0,STO,15.0,0.0,0.07,501.0,0.0,2.5,0.07,,,False,25.149700598802394,7.350299401197606,
2026-08-26,SPOT,buy-first put-tail inventory,,,True,34.974444444444444,551.69,2.7126154304438543,0.0,12.492776637944502,9.224065556211226,61.37931034482759,19.47,37.7062,1.4994000000000014,28.174603174603178,-0.6210000000000022,66.66666666666667,0.8783999999999992,24.603174603174605,-0.423800000000007,2.1616,76.19047619047619,2.379000000000005,63.095238095238095,47.61904761904762,19.444444444444443,10872.7,116802,1164188182.7700002,97.5965,5.19295,0000-00-00,9,False,Internet Content & Media,Comm,XLC,290,257,False,no roughly $5-wide put spread 25-45% OTM in current/next monthly,,,,,,,,,,,,,,,,,,,,,False,,,
2026-09-02,TOST,buy-first put-tail inventory,,,True,34.92095238095238,34.25,-7.557354925775972,-7.557354925775972,6.8656083071239715,41.06785596210088,95.81881533101046,27.46,42.0712,0.8761999999999972,7.936507936507937,0.2120000000000033,80.15873015873017,1.0882000000000005,5.158730158730159,0.7942999999999998,4.0027999999999935,71.82539682539682,3.494,64.68253968253968,11.904761904761903,20.634920634920636,12337.2,347602,333175179.20000005,95.1779,2.79346,0000-00-00,8,False,Infrastructure Software,Financials,XLF,287,252,False,one leg lacks a two-sided put quote; combined put quote widths exceed 0.10; one put leg has OI below 25,put,2026-10-16,45.0,BTO,21.0,0.9984834925399105,0.0,0.09,1.0,0.0,STO,17.0,0.0,0.05,1.0,0.0,4.0,0.09,,,False,38.68613138686131,6.186131386861312,
2026-08-31,AAL,buy-first put-tail inventory,,,True,34.90412698412698,13.48,-1.3177159590043952,-19.281437125748504,-13.397664049751368,-2.8321942238068387,38.75432525951557,22.08,42.0971,1.329500000000003,16.666666666666668,0.6631,81.74603174603175,1.992600000000003,23.41269841269841,7.861100000000008,2.0275999999999996,23.015873015873016,-8.691500000000005,5.555555555555555,8.333333333333334,6.349206349206349,55377.7,1895661,760294854.88,80.7415,3.03964,0000-00-00,7,False,Airlines,Industrials,XLI,289,251,False,one leg lacks a two-sided put quote,put,2026-09-18,19.0,BTO,9.0,0.9998476214442208,0.0,0.01,20544.0,0.0,STO,4.0,0.0,0.02,218.0,0.0,5.0,0.01,,,False,33.23442136498517,0.7344213649851667,
2026-08-28,EBAY,buy-first put-tail inventory,,,True,34.863015873015875,105.48,0.9957870547683044,-5.980925216151167,-3.776507528749362,-0.0093741503953803,40.97222222222222,26.01,29.4911,0.8726999999999983,11.507936507936508,-0.1034999999999968,75.0,0.7692000000000014,9.126984126984128,2.4513,0.1477000000000004,26.58730158730159,-2.8719,28.96825396825397,12.301587301587302,21.428571428571427,5467.15,97163,459788431.83,72.1546,7.84503,0000-00-00,9,False,E-commerce & Internet Retail,C. Cyclical,XLY,288,247,False,spread debit outside 0.00-0.10; one leg lacks a two-sided put quote; combined put quote widths exceed 0.10; one put leg has OI below 25,put,2026-10-16,50.0,BTO,70.0,0.9998149419722405,0.0,0.14,7.0,0.0,STO,65.0,0.0,0.12,6.0,0.0,5.0,0.14,,,False,33.63670838073569,1.1367083807356906,
2026-08-26,ONON,buy-first put-tail inventory,,,True,34.85174603174603,29.26,-7.17005076142131,-24.5681876772364,-17.75770283716249,-23.980596668519404,12.06896551724138,26.18,42.0596,1.011499999999998,11.11111111111111,0.3200000000000003,68.65079365079364,1.3314999999999984,8.73015873015873,7.306599999999996,7.776399999999995,75.0,-3.4705000000000013,28.174603174603178,10.714285714285714,7.936507936507937,19838.45,367067,256095794.46,86.8906,3.9767,0000-00-00,11,False,Footwear & Accessories Manufacturing,C. Cyclical,XLY,290,257,False,spread debit outside 0.00-0.10; one leg lacks a two-sided put quote; combined put quote widths exceed 0.10; one put leg has OI below 25,put,2026-10-16,52.0,BTO,20.0,0.9868953436915375,0.0,0.11,10.0,0.0,STO,17.5,0.0,0.08,11.0,0.0,2.5,0.11,,,False,31.647300068352703,0.8526999316472974,
2026-08-25,ON,buy-first put-tail inventory,,,True,34.80873015873016,72.12,-8.801213960546272,-14.08148677626876,-20.849539496211467,-40.990870982516235,2.768166089965398,25.35,53.577,-0.121699999999997,11.11111111111111,0.8753999999999991,86.5079365079365,0.753700000000002,13.095238095238097,5.222999999999999,5.1569,67.85714285714286,-2.609999999999999,29.761904761904763,1.5873015873015872,31.349206349206348,20000.15,286622,700098214.57,94.7194,4.96862,0000-00-00,9,False,Semiconductors,Technology,XLK,289,257,False,one leg lacks a two-sided put quote; combined put quote widths exceed 0.10,put,2026-09-18,25.0,BTO,50.0,0.9951652039099584,0.0,0.05,2078.0,1.0,STO,45.0,0.0,0.12,423.0,0.0,5.0,0.05,,,False,30.671103716028846,1.8288962839711544,
2026-08-27,VRT,buy-first put-tail inventory,,,True,34.75301587301587,268.28,2.198011504323638,-8.558573911857936,-7.656573875773532,-12.689567669373936,21.52777777777778,26.12,53.7887,0.570699999999988,10.317460317460318,-0.0125999999999919,88.0952380952381,0.558099999999996,10.317460317460318,1.3260999999999967,2.366800000000005,82.14285714285714,2.2395000000000067,47.61904761904762,18.253968253968253,13.88888888888889,29195.15,448136,1620981072.62,96.6535,4.56525,0000-00-00,7,False,Electrical Equipment Manufacturing,Industrials,XLI,288,256,False,spread debit outside 0.00-0.10; one leg lacks a two-sided put quote; combined put quote widths exceed 0.10,put,2026-09-18,23.0,BTO,170.0,0.9982489835519635,0.02,0.15,1413.0,1.0,STO,165.0,0.0,0.17,1354.0,0.0,5.0,0.15,,,False,36.633368122856716,4.133368122856716,
2026-09-01,GE,buy-first put-tail inventory,,,True,34.60095238095238,330.99,-5.4152140366920065,-13.103176686794429,-7.770834529190706,9.337239274469798,62.5,27.78,29.526200000000003,1.804199999999998,7.142857142857143,-0.7097000000000016,75.0,1.0944999999999965,5.9523809523809526,-0.3476999999999997,-0.781600000000001,35.317460317460316,-0.7286000000000037,28.571428571428573,2.7777777777777777,25.0,12665.65,217576,1208906145.53,96.7578,3.03687,0000-00-00,7,False,Aerospace & Defense Manufacturing,Industrials,XLI,288,252,False,spread debit outside 0.00-0.10; one leg lacks a two-sided put quote; combined put quote widths exceed 0.10,put,2026-09-18,18.0,BTO,200.0,0.9995821115037933,0.0,0.42,235.0,0.0,STO,195.0,0.0,2.13,160.0,0.0,5.0,0.42,,,False,39.57521375268135,7.07521375268135,
2026-09-01,ABNB,buy-first put-tail inventory,,,True,34.59952380952381,182.47,-4.1649159663865625,-4.1649159663865625,13.684223642729876,40.78995307827563,96.875,24.21,30.2157,1.9368000000000016,18.650793650793652,-0.7130000000000045,70.23809523809524,1.2237999999999971,12.301587301587302,-0.8815000000000026,-0.2689999999999983,36.507936507936506,0.3082000000000029,46.42857142857143,10.714285714285714,18.650793650793652,22663.25,239670,1042326853.92,94.1506,2.76949,0000-00-00,9,False,Travel & Tourism Services,C. Cyclical,XLY,288,252,False,one leg lacks a two-sided put quote; combined put quote widths exceed 0.10,put,2026-10-16,46.0,BTO,120.0,0.9994070965563947,0.0,0.09,648.0,1.0,STO,115.0,0.0,0.2,84.0,0.0,5.0,0.09,,,False,34.235764783252044,1.7357647832520442,
2026-08-31,AMD,buy-first put-tail inventory,,,True,34.59476190476191,469.31,2.9369187576767875,-11.04645652874392,-6.960469450061457,-4.427089768367276,35.294117647058826,22.31,47.979699999999994,-0.5594000000000037,26.984126984126984,0.5990000000000109,58.73015873015873,0.0396000000000071,13.492063492063492,3.3751000000000033,3.0287000000000006,40.87301587301587,-4.483599999999996,16.26984126984127,0.7936507936507936,8.73015873015873,473389.4,3052398,10444067480.4,98.533,2.1663,0000-00-00,9,False,Semiconductors,Technology,XLK,289,251,False,no roughly $5-wide put spread 25-45% OTM in current/next monthly,,,,,,,,,,,,,,,,,,,,,False,,,
2026-09-02,RIOT,buy-first put-tail inventory,,,True,34.59,18.68,-9.714838086031907,-12.751050910789353,-12.40246098439376,-28.44837995572551,11.149825783972126,20.41,78.2627,-2.711500000000001,28.571428571428573,2.491799999999998,59.92063492063492,-0.2197000000000031,21.428571428571427,5.558899999999994,9.225099999999998,36.507936507936506,-3.1862999999999886,33.333333333333336,1.5873015873015872,4.365079365079365,110182.75,943278,383193718.02,97.1868,5.195,0000-00-00,8,False,Investment Banking & Brokerage,Technology,XLK,287,252,False,one leg lacks a two-sided put quote,put,2026-09-18,17.0,BTO,13.0,0.9848988753098722,0.02,0.04,7512.0,0.0,STO,10.0,0.0,0.02,1120.0,30.0,3.0,0.04,,,False,30.406852248394,2.0931477516060006,
2026-08-31,XPEV,buy-first put-tail inventory,,,True,34.53444444444444,11.38,1.971326164874565,-6.797706797706793,-9.083646241112064,-30.597995910978156,11.418685121107266,19.91,49.1924,-3.479599999999998,31.746031746031747,2.984400000000001,52.38095238095238,-0.495199999999997,21.03174603174603,13.5589,8.549500000000002,20.634920634920636,-5.979199999999999,27.38095238095238,22.22222222222222,5.9523809523809526,34732.05,559441,93035316.34,69.7525,6.83425,0000-00-00,11,False,Automobile Manufacturing,C. Cyclical,XLY,289,251,False,no roughly $5-wide put spread 25-45% OTM in current/next monthly,,,,,,,,,,,,,,,,,,,,,False,,,
2026-08-26,BX,buy-first put-tail inventory,,,True,34.50015873015873,143.86,-0.779364094075452,-3.9973306639973223,10.775552068205574,24.07707103278607,81.72413793103448,29.23,34.8197,1.4210000000000065,3.1746031746031744,-0.4868999999999985,90.87301587301587,0.934100000000008,3.1746031746031744,1.470000000000006,0.6683000000000021,74.60317460317461,1.1569999999999965,41.666666666666664,7.5396825396825395,40.476190476190474,18519.85,458770,626497484.16,97.7499,2.6407,0000-00-00,8,False,Investment Management,Financials,XLF,290,257,False,combined put quote widths exceed 0.10,put,2026-09-18,24.0,BTO,100.0,0.999290821233298,0.02,0.06,13371.0,1.0,STO,95.0,0.01,0.13,1066.0,0.0,5.0,0.049999999999999996,,,False,30.48797441957459,2.0120255804254086,
2026-08-25,CRDO,buy-first put-tail inventory,,,True,34.481587301587304,224.55,-8.767724373298657,-21.10810525945964,-6.590846693345087,4.608647381835573,46.36678200692042,22.82,95.0431,-0.252600000000001,19.84126984126984,0.8621000000000123,76.98412698412699,0.6095000000000113,18.650793650793652,5.122899999999987,7.095000000000013,73.01587301587301,26.289000000000016,95.23809523809524,12.301587301587302,84.52380952380952,18455.35,180780,1100297563.54,97.6915,7.835,0000-00-00,1,True,Semiconductors,Technology,XLK,289,257,False,spread debit outside 0.00-0.10; one leg lacks a two-sided put quote; combined put quote widths exceed 0.10; one put leg has OI below 25,put,2026-09-18,25.0,BTO,125.0,0.989441955884918,0.0,0.45,66.0,0.0,STO,120.0,0.1,0.35,20.0,1.0,5.0,0.35,,,True,44.333110665776,11.833110665775997,
2026-08-24,DIS,buy-first put-tail inventory,,,True,34.417619047619056,110.13,5.985949379270528,0.0,10.05274297443195,8.163530984979328,58.13148788927336,24.63,23.2181,1.0214,14.682539682539682,-0.080099999999998,79.36507936507937,0.9413000000000018,15.07936507936508,0.9669000000000024,2.0711999999999975,55.15873015873016,2.8646999999999956,75.39682539682539,11.904761904761903,39.68253968253968,45447.25,628463,1148513595.76,88.4219,2.10076,0000-00-00,11,False,Entertainment,Comm,XLC,289,256,False,spread debit outside 0.00-0.10; one leg lacks a two-sided put quote; combined put quote widths exceed 0.10,put,2026-10-16,54.0,BTO,80.0,0.9991639788678253,0.01,0.17,2796.0,3.0,STO,75.0,0.0,0.64,476.0,0.0,5.0,0.17,,,False,27.358576228094066,5.141423771905934,
2026-08-24,C,buy-first put-tail inventory,,,True,34.407936507936505,131.77,-4.452178957290975,-5.208258398676335,-3.7937826996733537,6.834516518975908,54.325259515570934,27.1,27.386899999999997,2.335699999999999,8.333333333333334,-0.7528999999999968,86.5079365079365,1.5828000000000024,9.126984126984128,-0.2482999999999968,-0.7157000000000018,48.01587301587302,1.3445,50.3968253968254,9.92063492063492,34.523809523809526,36246.95,981005,1235364894.9,93.9449,2.80053,0000-00-00,7,False,Diversified Banking,Financials,XLF,289,256,False,one leg lacks a two-sided put quote; combined put quote widths exceed 0.10,put,2026-10-16,54.0,BTO,80.0,0.999656529057716,0.0,0.07,503.0,0.0,STO,75.0,0.0,0.05,150.0,0.0,5.0,0.07,,,True,39.2881536009714,6.788153600971398,
2026-08-28,WMT,buy-first put-tail inventory,,,True,34.407936507936505,102.91,-0.3292978208232489,-11.031382380911214,-8.091124733856326,-8.143040442338888,27.77777777777778,27.1,21.1192,0.3729999999999975,8.73015873015873,0.1351000000000013,86.9047619047619,0.5080999999999989,8.73015873015873,4.100399999999997,4.036300000000001,86.11111111111111,-1.9044999999999952,23.015873015873016,15.476190476190476,9.523809523809524,165783.45,1303888,2831635080.45,94.5575,1.20256,0000-00-00,11,False,Discount Retail,C. Defensive,XLP,288,247,False,no roughly $5-wide put spread 25-45% OTM in current/next monthly,,,,,,,,,,,,,,,,,,,,,False,,,
2026-09-01,AA,buy-first put-tail inventory,,,True,34.39920634920635,51.17,-0.0195388823759246,-4.622553588070821,4.756523483722486,-34.02400576649197,9.027777777777777,21.95,48.7805,-0.1756000000000028,21.03174603174603,0.7132000000000076,70.63492063492063,0.5376000000000047,22.22222222222222,2.7194000000000003,1.7306000000000026,23.80952380952381,-0.9469999999999956,28.571428571428573,3.968253968253968,12.301587301587302,14998.2,264402,245467436.85,88.2349,3.529,0000-00-00,6,False,Aluminum,Materials,XLB,288,252,False,one leg lacks a two-sided put quote,put,2026-09-18,18.0,BTO,38.0,0.997457989547448,0.01,0.04,487.0,1.0,STO,33.0,0.0,0.07,578.0,0.0,5.0,0.04,,,False,25.737736955247215,6.762263044752785,
2026-08-27,WMT,buy-first put-tail inventory,,,True,34.38761904761905,102.63,-0.6004842615012107,-11.27345033284344,-8.586606241014982,-11.422163158396415,23.26388888888889,29.66,21.7954,-0.2513999999999967,2.380952380952381,0.3397999999999967,94.04761904761904,0.0884,2.380952380952381,4.346299999999999,4.144399999999997,87.6984126984127,-0.9271000000000028,26.984126984126984,5.158730158730159,17.063492063492063,162124.9,1256891,2847779687.46,91.6551,1.73864,0000-00-00,12,False,Discount Retail,C. Defensive,XLP,288,256,False,no roughly $5-wide put spread 25-45% OTM in current/next monthly,,,,,,,,,,,,,,,,,,,,,False,,,
2026-08-28,PEP,buy-first put-tail inventory,,,True,34.27809523809524,140.55,-1.85055865921786,-2.868002764339994,0.5861261996264355,0.2342415789229557,42.36111111111111,25.96,19.2919,0.3413000000000004,14.285714285714286,0.0557999999999978,73.01587301587301,0.3970999999999982,9.523809523809524,2.2505999999999986,0.1082999999999998,16.26984126984127,-1.3320000000000007,24.603174603174605,3.5714285714285716,14.285714285714286,16389.5,384748,950612544.84,88.0981,2.33084,0000-00-00,5,False,Non-Alcoholic Beverages,C. Defensive,XLP,288,247,False,no roughly $5-wide put spread 25-45% OTM in current/next monthly,,,,,,,,,,,,,,,,,,,,,False,,,
2026-08-27,ANF,buy-first put-tail inventory,,grab,True,34.24936507936508,146.0,39.459356194478936,-3.2600053008216223,44.89272975918035,80.28843674670873,98.61111111111111,25.83,51.293,0.3581999999999965,9.92063492063492,0.6673000000000044,81.34920634920636,1.025500000000001,14.682539682539682,9.764300000000006,18.021500000000003,95.63492063492065,14.85609999999999,84.92063492063492,11.11111111111111,78.17460317460318,9131.95,78276,269518605.75,87.5335,10.50803,0000-00-00,12,False,Apparel Retail Stores,C. Cyclical,XLY,288,256,False,one leg lacks a two-sided put quote; combined put quote widths exceed 0.10,put,2026-09-18,23.0,BTO,95.0,0.9996091346259923,0.0,0.05,182.0,508.0,STO,90.0,0.0,2.15,302.0,0.0,5.0,0.05,,,False,34.93150684931506,2.4315068493150633,
2026-08-24,BMNR,buy-first put-tail inventory,,,True,34.21174603174603,24.07,28.236547682472036,0.0,43.193689245303226,28.89100828064339,87.19723183391004,21.82,84.0444,-6.249600000000001,23.015873015873016,4.793700000000001,72.22222222222223,-1.4558999999999995,21.825396825396822,23.2996,23.85129999999998,73.41269841269842,6.72699999999999,89.28571428571429,8.333333333333334,52.38095238095238,135777.45,1412110,795708532.7099999,76.3247,5.91801,0000-00-00,12,False,Investment Banking & Brokerage,Financials,XLF,289,256,False,one leg lacks a two-sided put quote; combined put quote widths exceed 0.10,put,2026-09-18,26.0,BTO,15.0,0.9722061738960225,0.05,0.1,4818.0,24.0,STO,10.0,0.0,0.11,292.0,0.0,5.0,0.1,,,False,37.68176152887411,5.181761528874112,
2026-08-28,IBM,buy-first put-tail inventory,,,True,34.17507936507936,235.38,-0.2373484784267243,-1.4321608040201106,-3.4370946290216975,-18.543725708542382,17.708333333333336,25.19,30.0806,-0.4766000000000048,15.873015873015872,0.5363000000000007,78.96825396825396,0.0596999999999958,12.301587301587302,3.3812000000000033,3.3492999999999995,59.12698412698413,-1.515100000000004,27.38095238095238,24.603174603174605,20.634920634920636,48936.4,641020,1359318283.54,98.3935,1.99898,0000-00-00,7,False,IT Services & Consulting,Technology,XLK,288,247,False,spread debit outside 0.00-0.10; combined put quote widths exceed 0.10,put,2026-10-16,50.0,BTO,165.0,0.991531615337318,0.07,0.21,192.0,5.0,STO,160.0,0.04,0.24,478.0,9.0,5.0,0.16999999999999998,,,True,29.900586286005606,2.5994137139943945,
2026-08-28,LUV,buy-first put-tail inventory,,,True,34.11079365079365,39.8,-1.2161826756018956,-18.85830784913354,-14.513024950168408,-4.689454865573683,31.944444444444443,24.54,38.6681,2.543200000000006,22.61904761904762,-0.958600000000004,43.25396825396825,1.5846000000000018,9.126984126984128,1.7304999999999993,1.992100000000008,58.73015873015873,-3.2042999999999964,22.61904761904762,9.523809523809524,14.682539682539682,10081.45,242522,180363844.64,76.5767,7.30142,0000-00-00,7,False,Airlines,Industrials,XLI,288,247,False,one leg lacks a two-sided put quote; combined put quote widths exceed 0.10; one put leg has OI below 25,put,2026-10-16,50.0,BTO,27.5,0.9911183632813916,0.0,0.08,1.0,0.0,STO,25.0,0.0,0.31,0.0,0.0,2.5,0.08,,,True,30.90452261306532,1.5954773869346788,
2026-08-26,PEP,buy-first put-tail inventory,,,True,33.98714285714286,142.51,-0.1331464611072141,-1.513476157567384,1.8937319374752404,-1.038187315676975,38.62068965517241,28.87,19.7837,-0.2676000000000016,5.158730158730159,0.4842000000000013,90.47619047619048,0.2165999999999996,5.555555555555555,2.6404999999999994,1.3874999999999993,43.25396825396825,2.5425000000000004,73.41269841269842,0.3968253968253968,53.17460317460318,16522.1,373639,996519260.21,92.4792,1.88443,0000-00-00,6,False,Non-Alcoholic Beverages,C. Defensive,XLP,290,257,False,no roughly $5-wide put spread 25-45% OTM in current/next monthly,,,,,,,,,,,,,,,,,,,,,False,,,
2026-08-25,WMT,buy-first put-tail inventory,,,True,33.974603174603175,105.38,-8.627416977369295,-8.895997233509123,-6.700593723494508,-8.212680865255873,23.18339100346021,29.2,21.7533,0.1088000000000022,3.968253968253968,0.2957999999999998,93.25396825396824,0.404600000000002,5.158730158730159,2.9644000000000013,3.749800000000001,82.53968253968254,1.5348000000000006,60.714285714285715,11.11111111111111,28.571428571428573,151638.35,1199025,2850963591.25,93.4117,1.23873,0000-00-00,12,False,Discount Retail,C. Defensive,XLP,289,257,False,no roughly $5-wide put spread 25-45% OTM in current/next monthly,,,,,,,,,,,,,,,,,,,,,False,,,
2026-08-25,C,buy-first put-tail inventory,,,True,33.90365079365079,133.49,-3.226040307380007,-3.970937342637204,-2.440985164072207,8.571183370749914,56.40138408304498,26.89,27.272999999999996,2.5151000000000003,12.301587301587302,-0.9578999999999952,72.22222222222223,1.5572000000000052,8.73015873015873,-1.5910999999999935,-0.7069999999999936,48.41269841269841,1.4324000000000012,52.38095238095238,26.984126984126984,21.825396825396822,36195.75,991356,1226628405.96,96.572,2.21803,0000-00-00,7,False,Diversified Banking,Financials,XLF,289,257,False,one leg lacks a two-sided put quote; combined put quote widths exceed 0.10,put,2026-09-18,25.0,BTO,100.0,0.9999463771569045,0.02,0.06,7492.0,831.0,STO,97.5,0.0,0.1,1516.0,0.0,2.5,0.06,,,False,25.088021574649787,7.411978425350213,
2026-08-27,MU,buy-first put-tail inventory,,,True,33.854126984126985,919.3,-4.938680123260186,-9.458008726226952,-3.96963798444252,1.6004210768396645,45.13888888888889,28.13,58.5583,-2.472999999999999,11.11111111111111,1.5280000000000058,71.03174603174604,-0.9449999999999932,3.968253968253968,7.994300000000003,9.869599999999998,83.33333333333333,0.6158999999999963,48.80952380952381,3.968253968253968,15.07936507936508,914543.8,3192030,32803437660.0,94.5578,2.19054,0000-00-00,4,False,Semiconductors,Technology,XLK,288,256,False,no roughly $5-wide put spread 25-45% OTM in current/next monthly,,,,,,,,,,,,,,,,,,,,,False,,,
2026-08-25,LUV,buy-first put-tail inventory,,,True,33.8031746031746,40.74,-4.3212775951150695,-16.94189602446482,-13.24605412219656,-1.123866134200591,36.67820069204152,25.8,37.4921,1.698999999999998,9.523809523809524,0.1259999999999976,90.87301587301587,1.8249999999999955,17.46031746031746,3.613099999999996,1.3658999999999963,48.80952380952381,-1.412399999999998,31.349206349206348,9.523809523809524,25.79365079365079,9702.5,235777,191015553.84,81.7444,5.04147,0000-00-00,8,False,Airlines,Industrials,XLI,289,257,False,spread debit outside 0.00-0.10; combined put quote widths exceed 0.10; one put leg has OI below 25,put,2026-10-16,53.0,BTO,30.0,0.9635572332783929,0.06,0.14,0.0,0.0,STO,27.5,0.01,0.08,0.0,1.0,2.5,0.13,,,False,26.36229749631812,6.137702503681879,
2026-08-28,ANET,buy-first put-tail inventory,,,True,33.761428571428574,195.72,3.4515566361858374,-6.510628134702645,8.475282688626272,24.80438018484502,85.06944444444444,29.81,45.7067,0.0251999999999981,4.761904761904762,0.3022000000000062,90.47619047619048,0.3274000000000043,2.380952380952381,3.042499999999997,3.669800000000002,76.98412698412699,-2.6887999999999934,29.365079365079364,5.158730158730159,7.936507936507937,28035.1,317026,1549947827.88,97.7256,3.69137,0000-00-00,9,False,Computer Hardware Manufacturing,Technology,XLK,288,247,False,one leg lacks a two-sided put quote; combined put quote widths exceed 0.10,put,2026-09-18,22.0,BTO,125.0,0.9996518005771207,0.0,0.08,1265.0,2.0,STO,120.0,0.0,0.26,1063.0,2.0,5.0,0.08,,,False,36.133251583895365,3.6332515838953654,
2026-08-31,PINS,buy-first put-tail inventory,,,True,33.7484126984127,21.66,-7.356715141146275,-15.719844357976651,-4.875670832930757,4.459646095028235,53.63321799307958,28.95,42.5043,-0.3379000000000047,7.5396825396825395,0.540300000000002,81.34920634920636,0.2023999999999972,3.968253968253968,1.5315999999999974,3.902700000000003,44.44444444444444,3.691100000000006,66.66666666666667,1.5873015873015872,40.476190476190474,15439.45,290301,248797810.92,93.5489,5.3226,0000-00-00,10,False,Internet Content & Media,Comm,XLC,289,251,False,no roughly $5-wide put spread 25-45% OTM in current/next monthly,,,,,,,,,,,,,,,,,,,,,False,,,
2026-08-27,COST,buy-first put-tail inventory,,,True,33.69269841269841,935.71,0.3625325796660084,-3.901612406285304,-1.0580134116401574,-4.020831401550773,36.11111111111111,24.72,23.5938,0.3169000000000004,20.238095238095237,-0.0923000000000016,58.333333333333336,0.2245999999999988,12.698412698412698,2.109599999999997,3.628999999999998,73.41269841269842,-2.4742999999999995,14.682539682539682,8.73015873015873,12.301587301587302,42497.95,352794,1690849457.88,94.7701,1.83989,0000-00-00,4,False,Discount Retail,C. Defensive,XLP,288,256,False,no roughly $5-wide put spread 25-45% OTM in current/next monthly,,,,,,,,,,,,,,,,,,,,,False,,,
2026-09-02,PDD,buy-first put-tail inventory,,,True,33.67317460317461,82.54,-4.973520607874738,-11.19956966110812,-3.2152154030158475,1.4229650735142705,40.069686411149824,20.93,29.0355,-0.0247000000000028,28.174603174603178,0.4019000000000048,50.79365079365079,0.377200000000002,23.80952380952381,4.4863,5.171500000000002,55.95238095238095,-1.453399999999995,33.73015873015873,43.65079365079365,5.555555555555555,38608.15,1082101,544267474.12,87.7382,2.27265,0000-00-00,11,False,E-commerce & Internet Retail,C. Cyclical,XLY,287,252,False,one leg lacks a two-sided put quote; combined put quote widths exceed 0.10,put,2026-10-16,45.0,BTO,60.0,0.9959507550750804,0.02,0.1,1372.0,2.0,STO,55.0,0.0,0.18,1403.0,0.0,5.0,0.1,,,False,27.307971892415807,5.192028107584193,
2026-09-02,AA,buy-first put-tail inventory,,,True,33.6631746031746,51.18,2.9985912658482716,-4.603914259086672,4.941132084756683,-32.37908192516245,8.710801393728223,25.94,49.262,-0.4606000000000065,17.857142857142858,0.554000000000002,63.888888888888886,0.0933999999999954,9.126984126984128,3.935600000000001,4.1340999999999966,49.20634920634921,-2.0476000000000028,21.03174603174603,9.92063492063492,8.73015873015873,14719.85,266769,252740692.4,90.1652,3.63202,0000-00-00,6,False,Aluminum,Materials,XLB,287,252,False,one leg lacks a two-sided put quote; combined put quote widths exceed 0.10,put,2026-09-18,17.0,BTO,38.0,0.9987637703035827,0.01,0.07,486.0,32.0,STO,35.0,0.0,0.07,2019.0,0.0,3.0,0.07,,,False,25.752246971473237,6.747753028526763,
2026-09-02,BMY,buy-first put-tail inventory,,,True,33.65904761904762,67.5,-0.427791709691705,-0.5158437730287346,8.137724205548192,27.947852192557676,84.66898954703834,28.96,25.031599999999997,0.3134999999999976,9.523809523809524,-0.1186999999999969,71.42857142857143,0.1948000000000007,2.380952380952381,0.4052000000000006,1.9342999999999968,48.80952380952381,0.3711999999999982,35.714285714285715,5.158730158730159,11.507936507936508,20420.5,704354,629204458.96,81.8792,3.37894,0000-00-00,8,False,Major Pharmaceuticals,Healthcare,XLV,287,252,False,no roughly $5-wide put spread 25-45% OTM in current/next monthly,,,,,,,,,,,,,,,,,,,,,False,,,
2026-08-26,RIVN,buy-first put-tail inventory,,,True,33.555396825396826,16.2,3.514376996805102,-5.0966608084358604,-1.3350224127850363,12.332323866358363,67.93103448275862,28.27,55.7845,-4.007100000000001,15.07936507936508,2.7006000000000014,47.61904761904762,-1.3064999999999998,0.7936507936507936,11.719399999999986,14.284199999999991,35.714285714285715,1.5888000000000062,49.6031746031746,0.3968253968253968,13.095238095238097,99010.6,2292983,369726570.3599999,93.5096,3.48472,0000-00-00,9,False,Automobile Manufacturing,C. Cyclical,XLY,290,257,False,one leg lacks a two-sided put quote; combined put quote widths exceed 0.10; one put leg has OI below 25,put,2026-10-16,52.0,BTO,10.0,0.9895090521015436,0.0,0.08,1269.0,0.0,STO,7.0,0.0,0.06,0.0,0.0,3.0,0.08,,,False,38.271604938271594,5.771604938271594,
2026-08-24,BX,buy-first put-tail inventory,,,True,33.52952380952381,143.57,1.9890601690701004,-4.190857524190861,11.227664598660024,23.00468829965503,82.69896193771626,30.28,35.3046,1.396799999999999,2.380952380952381,-0.3689999999999998,92.46031746031746,1.0277999999999992,3.5714285714285716,2.083599999999997,0.4821999999999988,71.82539682539682,2.310600000000001,56.74603174603175,10.317460317460318,51.19047619047619,17944.35,442740,685775212.98,98.8128,3.45085,0000-00-00,8,False,Investment Management,Financials,XLF,289,256,False,combined put quote widths exceed 0.10,put,2026-09-18,26.0,BTO,95.0,0.9998169612067341,0.01,0.11,1066.0,0.0,STO,90.0,0.02,0.17,1532.0,4.0,5.0,0.09,,,False,33.8301873650484,1.3301873650484026,
2026-08-28,RBLX,buy-first put-tail inventory,,,True,33.41968253968254,38.3,-0.1564129301355632,-2.171136653895278,-16.69023122267418,-15.50170574926869,20.833333333333336,29.12,55.8018,-1.506600000000006,9.126984126984128,1.0161000000000016,84.92063492063492,-0.4905000000000044,3.1746031746031744,4.3078999999999965,9.714599999999995,92.85714285714286,1.5964000000000027,51.98412698412698,14.285714285714286,21.428571428571427,25135.25,421954,629042646.05,87.4322,9.11877,0000-00-00,8,False,Gaming & Interactive Media,Comm,XLC,288,247,False,one leg lacks a two-sided put quote; combined put quote widths exceed 0.10,put,2026-09-18,22.0,BTO,25.0,0.9984947240733306,0.01,0.06,672.0,9.0,STO,22.5,0.0,0.06,711.0,0.0,2.5,0.06,,,False,34.72584856396866,2.225848563968661,
2026-08-24,SHOP,buy-first put-tail inventory,,,True,33.38793650793651,149.83,0.5368046702006302,-5.410353535353529,17.58418377757338,45.77227982608558,95.15570934256056,23.12,45.7735,1.2768000000000015,24.20634920634921,-0.4043999999999954,69.84126984126983,0.8724000000000061,18.253968253968253,2.673000000000002,3.6293000000000006,73.01587301587301,3.6051,65.87301587301587,11.507936507936508,31.349206349206348,50681.6,765381,1656045911.25,96.7227,4.34114,0000-00-00,10,False,Application Software,Technology,XLK,289,256,False,combined put quote widths exceed 0.10,put,2026-09-18,26.0,BTO,105.0,0.9919266329409591,0.05,0.14,1617.0,17.0,STO,100.0,0.05,0.11,8117.0,42.0,5.0,0.09000000000000001,,,False,29.920576653540685,2.579423346459315,
2026-08-25,ABNB,buy-first put-tail inventory,,,True,33.37587301587302,190.4,3.528900005437441,0.0,22.06427094165149,46.36133014662154,94.11764705882352,24.64,29.9771,1.993299999999998,20.634920634920636,-0.7299000000000007,67.46031746031746,1.2633999999999972,14.285714285714286,-0.6271000000000022,0.050699999999999,42.06349206349206,0.7811000000000021,51.98412698412698,33.73015873015873,20.238095238095237,21201.1,229721,1027927556.12,95.5608,2.53376,0000-00-00,10,False,Travel & Tourism Services,C. Cyclical,XLY,289,257,False,spread debit outside 0.00-0.10; one leg lacks a two-sided put quote; combined put quote widths exceed 0.10,put,2026-09-18,25.0,BTO,135.0,0.9999035071467931,0.0,0.11,462.0,0.0,STO,130.0,0.0,0.38,998.0,0.0,5.0,0.11,,,False,29.096638655462193,3.4033613445378066,
2026-09-01,ANET,buy-first put-tail inventory,,,True,33.32984126984127,189.44,-0.2632410234810978,-9.51038930021495,4.507434790427944,13.413081645350989,70.13888888888889,27.94,46.1637,0.1844999999999927,7.5396825396825395,0.6515000000000057,94.04761904761904,0.8359999999999985,11.11111111111111,2.5131000000000014,0.8305999999999969,49.20634920634921,-1.4341000000000008,36.904761904761905,3.5714285714285716,18.253968253968253,24728.55,306664,1436885526.78,98.0828,3.5214,0000-00-00,9,False,Computer Hardware Manufacturing,Technology,XLK,288,252,False,one leg lacks a two-sided put quote; combined put quote widths exceed 0.10,put,2026-09-18,18.0,BTO,130.0,0.9996979854298953,0.01,0.06,4578.0,81.0,STO,125.0,0.0,0.08,1265.0,0.0,5.0,0.06,,,False,31.37668918918919,1.1233108108108105,
2026-08-26,KTOS,buy-first put-tail inventory,,,True,33.29825396825397,52.8,-13.115023860457477,-18.02515137401025,0.3836633192770611,-5.238880047672745,29.655172413793103,20.67,59.9139,-0.894200000000005,32.142857142857146,0.9858000000000048,57.53968253968254,0.0915999999999996,23.015873015873016,2.9576000000000064,4.026299999999992,34.92063492063492,2.4849999999999923,61.904761904761905,30.952380952380953,10.714285714285714,10862.95,106365,205858458.4,93.2894,6.43409,0000-00-00,9,False,Aerospace & Defense Manufacturing,Industrials,XLI,290,257,False,one leg lacks a two-sided put quote; combined put quote widths exceed 0.10; one put leg has OI below 25,put,2026-09-18,24.0,BTO,35.0,0.996845398099669,0.0,0.1,1321.0,0.0,STO,30.0,0.0,0.05,13.0,0.0,5.0,0.1,,,False,33.712121212121204,1.212121212121204,
2026-08-27,ONON,buy-first put-tail inventory,,,True,33.255873015873014,29.0,-3.4941763727121433,-25.238463521526167,-18.075393238112447,-24.939459259303263,12.152777777777777,29.76,42.412499999999994,0.3545000000000016,6.746031746031746,0.3524000000000029,70.63492063492063,0.7069000000000045,3.1746031746031744,10.543599999999998,9.735500000000002,84.52380952380952,-6.892399999999988,16.666666666666668,17.46031746031746,3.968253968253968,20309.15,369951,265030426.87,82.9936,3.71726,0000-00-00,10,False,Footwear & Accessories Manufacturing,C. Cyclical,XLY,288,256,False,spread debit outside 0.00-0.10; one leg lacks a two-sided put quote; combined put quote widths exceed 0.10; one put leg has OI below 25,put,2026-10-16,51.0,BTO,20.0,0.9847695566661147,0.0,0.13,10.0,0.0,STO,17.5,0.0,0.15,11.0,0.0,2.5,0.13,,,False,31.034482758620683,1.4655172413793167,
2026-08-26,PG,buy-first put-tail inventory,,,True,33.11698412698412,145.2,0.3802281368821214,-1.971374561166628,-1.4233865547473743,0.9224755964862164,43.44827586206896,26.01,18.135299999999997,1.3506999999999998,19.047619047619047,-0.5917999999999957,53.96825396825397,0.7589000000000041,10.317460317460318,-0.6919999999999966,-0.8613999999999997,5.555555555555555,0.5335000000000001,40.07936507936508,3.968253968253968,28.174603174603178,19927.35,369816,1410452118.4,90.8132,1.74372,0000-00-00,8,False,Consumer Products,C. Defensive,XLP,290,257,False,spread debit outside 0.00-0.10; one leg lacks a two-sided put quote; combined put quote widths exceed 0.10,put,2026-09-18,24.0,BTO,105.0,0.9994299481476835,0.0,0.11,59.0,0.0,STO,100.0,0.0,0.15,357.0,0.0,5.0,0.11,,,False,27.685950413223136,4.814049586776864,
2026-09-02,SE,buy-first put-tail inventory,,,True,33.105714285714285,112.58,-5.315391084945342,-13.876988984088124,2.406339769280996,31.57862882212729,88.85017421602788,26.18,40.1939,0.3079999999999998,11.11111111111111,0.3451999999999984,85.31746031746032,0.6531999999999982,17.46031746031746,6.1083,3.507800000000003,71.42857142857143,-3.7271,30.15873015873016,2.7777777777777777,15.476190476190476,12982.65,244973,517070934.9,84.8866,5.75574,0000-00-00,9,False,E-commerce & Internet Retail,Comm,XLC,287,252,False,spread debit outside 0.00-0.10; one leg lacks a two-sided put quote; combined put quote widths exceed 0.10,put,2026-09-18,17.0,BTO,82.5,0.9989819556191588,0.0,0.27,632.0,120.0,STO,77.5,0.0,0.46,375.0,0.0,5.0,0.27,,,False,26.718777758038726,5.781222241961274,
2026-09-01,AMAT,buy-first put-tail inventory,,,True,33.01952380952381,442.25,-7.720396452790823,-19.323944689700458,-18.79462393785756,-4.097938407371771,33.68055555555556,30.79,48.1194,-2.1693,1.984126984126984,1.915199999999999,98.015873015873,-0.2541000000000011,3.968253968253968,6.595399999999998,4.183900000000001,76.58730158730158,-3.8807999999999936,8.73015873015873,3.1746031746031744,28.96825396825397,51862.8,531679,3296987952.21,98.0661,4.93219,0000-00-00,10,False,Semiconductor Equipment & Materials Manufacturing,Technology,XLK,288,252,False,no roughly $5-wide put spread 25-45% OTM in current/next monthly,,,,,,,,,,,,,,,,,,,,,False,,,
2026-08-28,GS,buy-first put-tail inventory,,,True,33.001269841269846,1034.05,-0.4380897361833225,-3.053571093735341,-1.5526134898767865,4.1105166770512565,53.125,31.84,28.4277,0.767799999999994,0.3968253968253968,-0.2004999999999981,98.015873015873,0.5672999999999959,0.3968253968253968,0.9709999999999964,1.4773999999999958,83.33333333333333,-1.5867000000000004,13.88888888888889,0.7936507936507936,11.507936507936508,34189.1,472893,1954428067.69,98.7032,3.32953,0000-00-00,6,False,Investment Banking & Brokerage,Financials,XLF,288,247,False,spread debit outside 0.00-0.10; combined put quote widths exceed 0.10; one put leg has OI below 25,put,2026-10-16,50.0,BTO,775.0,0.9833759395181091,1.17,1.59,30.0,0.0,STO,770.0,0.93,1.47,7.0,11.0,5.0,0.66,,,True,25.051980078332768,7.448019921667232,
2026-08-25,RBLX,buy-first put-tail inventory,,,True,32.98603174603175,39.15,3.846153846153833,-21.35395741261551,-15.90483391473203,-11.813568197932137,20.761245674740483,28.76,57.143,-1.5815000000000057,7.142857142857143,1.9128000000000045,93.25396825396824,0.3312999999999988,9.126984126984128,7.672499999999999,7.201700000000002,80.55555555555556,2.0174999999999983,55.55555555555556,9.126984126984128,38.888888888888886,33884.25,403302,622008852.0,88.4339,6.88923,0000-00-00,9,False,Gaming & Interactive Media,Comm,XLC,289,257,False,spread debit outside 0.00-0.10; one leg lacks a two-sided put quote; combined put quote widths exceed 0.10; one put leg has OI below 25,put,2026-10-16,53.0,BTO,22.5,0.990008109442216,0.0,0.11,123.0,0.0,STO,17.5,0.0,0.2,0.0,0.0,5.0,0.11,,,False,42.5287356321839,10.028735632183903,
2026-08-28,LLY,buy-first put-tail inventory,,,True,32.974920634920636,1165.41,-7.133465611627743,-9.261422031206193,-1.7945969121600958,8.634132092977865,63.541666666666664,27.66,30.5927,-0.0033000000000029,13.492063492063492,0.1815999999999995,80.15873015873017,0.1782999999999965,8.333333333333334,2.5219000000000023,1.2199999999999989,27.77777777777778,-2.6876000000000033,20.238095238095237,6.349206349206349,11.11111111111111,47978.9,372331,3387150358.4999995,94.3877,4.56647,0000-00-00,8,False,Major Pharmaceuticals,Healthcare,XLV,288,247,False,no roughly $5-wide put spread 25-45% OTM in current/next monthly,,,,,,,,,,,,,,,,,,,,,False,,,
2026-08-25,PINS,buy-first put-tail inventory,,,True,32.934285714285714,23.61,1.767241379310347,-8.132295719844363,4.404351286813468,24.78900924424634,83.73702422145328,27.78,41.7349,0.5877999999999943,15.476190476190476,-0.167900000000003,46.42857142857143,0.4198999999999913,5.9523809523809526,1.4610999999999947,5.172800000000002,63.095238095238095,3.768800000000006,67.46031746031746,19.84126984126984,34.12698412698413,15642.3,293710,267727711.57,95.159,3.94323,0000-00-00,10,False,Internet Content & Media,Comm,XLC,289,257,False,one leg lacks a two-sided put quote; combined put quote widths exceed 0.10; one put leg has OI below 25,put,2026-09-18,25.0,BTO,16.0,0.9986408762049492,0.0,0.05,5107.0,0.0,STO,11.0,0.0,0.07,11.0,0.0,5.0,0.05,,,False,32.232105040237194,0.2678949597628062,
2026-08-24,TSM,buy-first put-tail inventory,,,True,32.9268253968254,409.07,-4.940394580903029,-4.988967599581939,-3.6408571999291377,2.736575522237472,43.944636678200695,22.47,34.0713,0.5118999999999971,28.571428571428573,0.1084999999999993,57.93650793650794,0.6203999999999965,19.444444444444443,1.8611999999999969,2.482999999999997,54.36507936507937,1.6385000000000003,60.714285714285715,12.301587301587302,21.428571428571427,131102.9,1807808,5065860028.95,98.9449,1.37234,0000-00-00,7,False,Semiconductors,Technology,XLK,289,256,False,no roughly $5-wide put spread 25-45% OTM in current/next monthly,,,,,,,,,,,,,,,,,,,,,False,,,
2026-08-24,HIMS,buy-first put-tail inventory,,,True,32.903333333333336,30.74,8.087201125175802,-8.837485172004744,-4.134025248241125,32.1663708343467,88.58131487889274,20.43,72.35549999999999,-5.5811999999999955,34.523809523809526,3.671200000000013,61.904761904761905,-1.9099999999999824,23.80952380952381,16.26910000000001,13.758399999999996,38.888888888888886,0.5593999999999966,56.74603174603175,8.73015873015873,28.571428571428573,91782.55,793755,511295667.66,91.7913,5.659,0000-00-00,11,False,Specialty & Generic Pharmaceuticals,Healthcare,XLV,289,256,False,one leg lacks a two-sided put quote,put,2026-09-18,26.0,BTO,20.0,0.9896150418586367,0.03,0.05,16600.0,28.0,STO,15.0,0.0,0.05,10685.0,6.0,5.0,0.05,,,False,34.93819128171762,2.4381912817176215,
2026-09-02,MU,buy-first put-tail inventory,,,True,32.88333333333334,955.02,1.9427424692043171,-5.939940708932079,1.213691011140683,-7.270459299342425,29.61672473867596,20.45,59.5166,-0.4832000000000107,33.73015873015873,0.965900000000012,56.74603174603175,0.4827000000000012,24.603174603174605,5.859800000000007,6.165900000000001,59.523809523809526,-8.992900000000006,7.936507936507937,9.126984126984128,7.142857142857143,891572.95,3291392,27091098438.4,94.772,1.67741,0000-00-00,4,False,Semiconductors,Technology,XLK,287,252,False,no roughly $5-wide put spread 25-45% OTM in current/next monthly,,,,,,,,,,,,,,,,,,,,,False,,,
2026-09-01,WMT,buy-first put-tail inventory,,,True,32.852222222222224,105.72,0.3226418675270404,-8.602057577591427,-5.179264287239016,-1.2931074309295418,40.27777777777778,29.37,22.2407,0.3902999999999998,9.126984126984128,-0.0406000000000013,79.36507936507937,0.3496999999999985,4.761904761904762,2.2774,3.8199999999999967,84.92063492063492,1.1736999999999966,56.74603174603175,6.349206349206349,22.22222222222222,171108.4,1217981,2903361396.06,93.9539,1.54867,0000-00-00,11,False,Discount Retail,C. Defensive,XLP,288,252,False,no roughly $5-wide put spread 25-45% OTM in current/next monthly,,,,,,,,,,,,,,,,,,,,,False,,,
2026-08-27,BA,buy-first put-tail inventory,,,True,32.831428571428575,209.8,-2.2913561847987984,-12.877372202151072,-5.021200463214049,-6.27599097117385,30.208333333333332,30.74,28.2076,-0.0885999999999995,3.1746031746031744,0.7134999999999998,91.66666666666669,0.6249000000000002,3.968253968253968,3.0547000000000004,2.0559999999999974,52.77777777777778,-2.6327,17.063492063492063,1.1904761904761905,8.73015873015873,63471.25,739263,1208661885.44,94.5212,1.68298,0000-00-00,8,False,Aerospace & Defense Manufacturing,Industrials,XLI,288,256,False,spread debit outside 0.00-0.10; one leg lacks a two-sided put quote; combined put quote widths exceed 0.10; one put leg has OI below 25,put,2026-10-16,51.0,BTO,135.0,0.9998902273348621,0.0,0.16,23.0,4.0,STO,130.0,0.0,0.21,32.0,1.0,5.0,0.16,,,False,35.65300285986655,3.1530028598665467,
2026-08-27,RBLX,buy-first put-tail inventory,,,True,32.812063492063494,38.27,-1.1111111111111072,-2.2477650063856824,-17.108882583551722,-16.43018954265709,18.40277777777778,30.68,57.32620000000001,-2.184899999999999,5.158730158730159,1.5890999999999948,90.07936507936508,-0.5958000000000041,2.380952380952381,4.839299999999987,7.112299999999998,79.36507936507937,1.9664000000000073,55.55555555555556,6.746031746031746,32.53968253968254,32498.55,415144,611226875.76,87.7061,10.04041,0000-00-00,9,False,Gaming & Interactive Media,Comm,XLC,288,256,False,one leg lacks a two-sided put quote; combined put quote widths exceed 0.10; one put leg has OI below 25,put,2026-09-18,23.0,BTO,25.0,0.9963771634924568,0.01,0.05,672.0,0.0,STO,20.0,0.0,0.08,5.0,0.0,5.0,0.05,,,False,34.67467990593155,2.174679905931548,
2026-08-25,RTX,buy-first put-tail inventory,,,True,32.786031746031746,210.35,-6.26114081996435,-6.26114081996435,2.910556123068009,20.46220792363296,77.50865051903114,28.96,23.0233,1.3094000000000037,11.11111111111111,-0.4082000000000008,52.38095238095238,0.9012000000000028,5.158730158730159,2.279,0.2573000000000007,15.476190476190476,-1.483699999999999,23.015873015873016,1.1904761904761905,34.523809523809526,14889.15,173341,1050719577.6,87.7192,2.17709,0000-00-00,8,False,Aerospace & Defense Manufacturing,Industrials,XLI,289,257,False,spread debit outside 0.00-0.10; one leg lacks a two-sided put quote; combined put quote widths exceed 0.10; one put leg has OI below 25,put,2026-10-16,53.0,BTO,155.0,0.9989340312003776,0.0,0.15,0.0,0.0,STO,150.0,0.0,0.32,0.0,0.0,5.0,0.15,,,False,26.31328737817922,6.1867126218207815,
2026-08-27,CELH,buy-first put-tail inventory,,,True,32.76698412698413,33.07,-0.2112251056125558,-6.50268589199886,10.693819622964874,2.1357779117438525,47.22222222222222,26.36,51.89470000000001,-0.6465999999999923,16.666666666666668,1.0475999999999883,71.03174603174604,0.4009999999999962,12.698412698412698,2.254099999999987,4.188999999999993,31.746031746031747,2.9204000000000008,59.12698412698413,10.317460317460318,30.15873015873016,44111.7,641884,456550185.12999994,86.3322,4.68859,0000-00-00,10,False,Non-Alcoholic Beverages,C. Defensive,XLP,288,256,False,spread debit outside 0.00-0.10; one leg lacks a two-sided put quote; combined put quote widths exceed 0.10,put,2026-10-16,51.0,BTO,22.5,0.9770036454305254,0.05,0.14,2116.0,11.0,STO,17.5,0.0,0.02,1700.0,8.0,5.0,0.14,,,False,31.962503779860906,0.5374962201390936,
2026-08-26,ALAB,buy-first put-tail inventory,,,True,32.71031746031746,289.26,0.3121098626716501,-20.45210791188846,-16.346524242329597,-8.099000531076117,24.82758620689655,24.75,78.9911,-0.4792999999999949,25.79365079365079,0.4359999999999928,56.34920634920635,-0.0433000000000021,11.904761904761903,3.305899999999994,4.452700000000007,57.142857142857146,5.471500000000006,68.65079365079364,4.365079365079365,32.142857142857146,23412.95,230672,1293134208.05,98.6181,8.98217,0000-00-00,9,False,Semiconductors,Technology,XLK,290,257,False,spread debit outside 0.00-0.10; one leg lacks a two-sided put quote; combined put quote widths exceed 0.10,put,2026-09-18,24.0,BTO,165.0,0.9968648525649869,0.0,0.36,145.0,0.0,STO,160.0,0.0,0.37,127.0,1.0,5.0,0.36,,,False,42.95789255341216,10.457892553412158,
2026-08-28,AA,buy-first put-tail inventory,,,True,32.70142857142857,50.41,-3.150816522574451,-6.039142590866731,2.5197779178784296,-31.60654130619468,9.027777777777777,25.87,48.6796,-0.2370999999999981,20.634920634920636,0.4061999999999983,59.12698412698413,0.1691000000000002,11.507936507936508,0.8489999999999966,2.220800000000004,27.77777777777778,-1.1836999999999946,25.79365079365079,4.761904761904762,8.73015873015873,15416.75,268115,259365703.94,87.6933,7.36036,0000-00-00,6,False,Aluminum,Materials,XLB,288,247,False,one leg lacks a two-sided put quote; combined put quote widths exceed 0.10,put,2026-09-18,22.0,BTO,35.0,0.9975465502799264,0.0,0.1,2019.0,0.0,STO,30.0,0.0,0.06,1527.0,0.0,5.0,0.1,,,False,30.569331481848838,1.9306685181511618,
2026-09-01,EBAY,buy-first put-tail inventory,,,True,32.572539682539684,104.95,-0.9251392428962556,-6.4533380871735435,-4.178003396453822,1.9865467964854109,46.875,22.11,28.4588,1.6352999999999938,32.53968253968254,-0.6336999999999975,49.20634920634921,1.0015999999999965,19.047619047619047,0.0045000000000037,0.6306000000000047,35.317460317460316,0.3238999999999983,51.98412698412698,24.603174603174605,17.857142857142858,5101.65,96386,492313055.52,85.3221,4.12257,0000-00-00,9,False,E-commerce & Internet Retail,C. Cyclical,XLY,288,252,False,spread debit outside 0.00-0.10; one leg lacks a two-sided put quote; combined put quote widths exceed 0.10; one put leg has OI below 25,put,2026-10-16,46.0,BTO,70.0,0.9994546569878242,0.0,0.13,7.0,0.0,STO,65.0,0.0,0.37,6.0,0.0,5.0,0.13,,,False,33.30157217722726,0.801572177227257,
2026-08-25,HIMS,buy-first put-tail inventory,,,True,32.51063492063492,31.33,13.391241404270726,-7.087781731909848,-2.5578183899180207,35.47835886391311,91.00346020761243,22.41,72.9056,-6.0611999999999995,30.15873015873016,3.992799999999989,65.47619047619048,-2.068400000000011,20.238095238095237,12.85499999999999,12.3455,30.15873015873016,-0.1193999999999988,54.36507936507937,11.904761904761903,22.61904761904762,91995.3,820844,448876256.64,90.584,6.69351,0000-00-00,10,False,Specialty & Generic Pharmaceuticals,Healthcare,XLV,289,257,False,one leg lacks a two-sided put quote,put,2026-09-18,25.0,BTO,19.0,0.9936968637510196,0.02,0.06,431.0,4.0,STO,14.0,0.0,0.06,729.0,0.0,5.0,0.06,,,False,39.355250558570056,6.855250558570056,
2026-08-25,ONON,buy-first put-tail inventory,,,True,32.51063492063492,29.02,-6.598004505954302,-25.186903841196184,-18.85286699364134,-25.314002404574342,11.418685121107266,27.41,40.8902,0.6490999999999971,8.333333333333334,1.0852000000000004,88.88888888888889,1.7342999999999975,17.063492063492063,8.470399999999998,8.311400000000006,79.36507936507937,-2.779199999999996,29.365079365079364,26.58730158730159,9.523809523809524,19883.15,355492,255615383.92,81.4041,4.37895,0000-00-00,11,False,Footwear & Accessories Manufacturing,C. Cyclical,XLY,289,257,False,spread debit outside 0.00-0.10; one leg lacks a two-sided put quote; combined put quote widths exceed 0.10; one put leg has OI below 25,put,2026-10-16,53.0,BTO,20.0,0.9879089830792582,0.0,0.25,10.0,0.0,STO,17.5,0.0,0.28,11.0,0.0,2.5,0.25,,,False,31.08201240523777,1.4179875947622307,
2026-09-01,LMT,buy-first put-tail inventory,,,True,32.34571428571429,543.48,-2.607386699639791,-10.667674808507831,-1.7085793572824692,11.190099339473758,67.01388888888889,31.94,24.2549,-1.6331000000000024,0.7936507936507936,1.5133000000000043,98.41269841269842,-0.1197999999999979,2.7777777777777777,8.126200000000004,3.928199999999997,53.57142857142857,-6.178500000000007,6.746031746031746,17.857142857142858,19.84126984126984,6779.3,93835,556961845.85,89.0624,4.31926,0000-00-00,7,False,Aerospace & Defense Manufacturing,Industrials,XLI,288,252,False,no roughly $5-wide put spread 25-45% OTM in current/next monthly,,,,,,,,,,,,,,,,,,,,,False,,,
2026-08-31,BA,buy-first put-tail inventory,,,True,32.2384126984127,207.43,-1.402224546059505,-13.861550600058138,-5.81886238012258,-3.948969235664068,37.0242214532872,30.46,28.2696,0.2062000000000026,7.5396825396825395,0.3902000000000001,86.9047619047619,0.5964000000000027,3.968253968253968,2.548200000000002,1.055600000000002,32.142857142857146,-2.0002999999999993,21.825396825396822,0.0,12.698412698412698,58890.6,752825,1139123061.18,94.865,1.99202,0000-00-00,8,False,Aerospace & Defense Manufacturing,Industrials,XLI,289,251,False,one leg lacks a two-sided put quote; combined put quote widths exceed 0.10; one put leg has OI below 25,put,2026-10-16,47.0,BTO,140.0,0.9997251663068805,0.0,0.1,13.0,0.0,STO,135.0,0.0,0.1,27.0,0.0,5.0,0.1,,,False,32.50735187774188,0.0073518777418826176,
2026-08-25,CCJ,buy-first put-tail inventory,,,True,32.16920634920635,106.68,11.356993736952004,0.0,10.76064363271656,1.5229313855143922,40.484429065743946,29.18,47.589,-1.3778000000000006,12.301587301587302,0.8791000000000011,71.82539682539682,-0.4986999999999995,5.9523809523809526,3.6477,2.5826999999999956,25.79365079365079,1.5139999999999958,35.714285714285715,4.365079365079365,25.396825396825395,26109.05,411507,300472634.90999997,95.486,5.17535,0000-00-00,9,False,Uranium,Energy,XLE,289,257,False,one leg lacks a two-sided put quote,put,2026-09-18,25.0,BTO,75.0,0.9980240753533771,0.0,0.02,3266.0,30.0,STO,70.0,0.01,0.06,1218.0,7.0,5.0,0.01,,,False,29.696287964004508,2.803712035995492,
2026-09-01,PINS,buy-first put-tail inventory,,,True,32.16111111111111,21.21,-10.16518424396442,-12.137531068765528,-6.987554487488701,6.365575688313696,55.55555555555556,28.95,41.863299999999995,0.0305000000000035,9.126984126984128,0.5789000000000044,82.93650793650794,0.6094000000000079,10.317460317460318,3.825100000000006,5.037500000000001,61.904761904761905,2.037399999999998,58.333333333333336,3.5714285714285716,36.507936507936506,12891.2,302569,246770905.03,91.9165,5.24499,0000-00-00,9,False,Internet Content & Media,Comm,XLC,288,252,False,no roughly $5-wide put spread 25-45% OTM in current/next monthly,,,,,,,,,,,,,,,,,,,,,False,,,
2026-08-28,CMG,buy-first put-tail inventory,,,True,32.09507936507937,38.02,3.8514067194755697,0.0,10.926331145149536,21.72267631846888,81.25,27.27,33.015899999999995,0.3545000000000016,18.253968253968253,0.384600000000006,73.41269841269842,0.7391000000000076,9.92063492063492,2.6962000000000046,2.197499999999998,43.65079365079365,-2.1210999999999984,28.96825396825397,27.77777777777778,12.301587301587302,57774.95,762744,708158662.68,85.138,3.25761,0000-00-00,9,False,Restaurants,C. Cyclical,XLY,288,247,False,one leg lacks a two-sided put quote; combined put quote widths exceed 0.10; one put leg has OI below 25,put,2026-10-16,50.0,BTO,25.0,0.9987501655039402,0.0,0.07,3.0,0.0,STO,22.5,0.0,0.3,13.0,0.0,2.5,0.07,,,False,34.24513413992636,1.745134139926357,
2026-08-28,QCOM,buy-first put-tail inventory,,,True,32.06936507936508,164.11,1.1463790446841315,-1.6304022058382772,-5.416137870776694,-31.527207991300788,9.375,23.01,38.8878,-1.0309999999999988,24.603174603174605,1.3627000000000038,78.96825396825396,0.331700000000005,25.0,6.584699999999998,5.890599999999999,70.23809523809524,-2.7608999999999995,26.19047619047619,5.158730158730159,48.41269841269841,59473.45,922574,1756557930.82,97.4938,2.64152,0000-00-00,8,False,Semiconductors,Technology,XLK,288,247,False,combined put quote widths exceed 0.10,put,2026-10-16,50.0,BTO,110.0,0.994608364837351,0.08,0.13,1062.0,7.0,STO,105.0,0.03,0.1,414.0,14.0,5.0,0.1,,,False,32.97178721589179,0.47178721589178707,
2026-08-27,RIVN,buy-first put-tail inventory,,,True,32.04174603174604,16.84,5.978602894902441,-1.3473930872876403,2.4580189827208665,13.131660502880504,71.18055555555556,28.99,55.787699999999994,-3.823699999999995,16.26984126984127,3.0027000000000044,54.76190476190476,-0.8209999999999908,3.5714285714285716,7.842000000000006,7.844000000000001,7.5396825396825395,-1.366999999999997,34.12698412698413,9.126984126984128,11.507936507936508,97134.1,2320378,363057214.9,88.6242,6.30693,0000-00-00,9,False,Automobile Manufacturing,C. Cyclical,XLY,288,256,False,one leg lacks a two-sided put quote,put,2026-09-18,23.0,BTO,11.0,0.9964674128099408,0.0,0.01,9446.0,1.0,STO,8.0,0.0,0.05,13428.0,0.0,3.0,0.01,,,False,34.67933491686461,2.1793349168646117,
2026-08-28,RIOT,buy-first put-tail inventory,,,True,32.02714285714286,18.93,-3.8598273235144864,-12.885411872986662,-13.632630714481264,-27.53840061050057,12.152777777777777,25.83,77.38340000000001,-5.154500000000013,23.015873015873016,3.767799999999994,69.44444444444444,-1.386700000000019,12.698412698412698,9.850799999999992,9.98299999999999,39.285714285714285,-6.471500000000006,20.634920634920636,1.984126984126984,5.158730158730159,114686.2,971374,469526033.52,95.9046,5.89181,0000-00-00,8,False,Investment Banking & Brokerage,Technology,XLK,288,247,False,one leg lacks a two-sided put quote,put,2026-09-18,22.0,BTO,11.0,0.9973941662479532,0.0,0.04,2645.0,5.0,STO,6.0,0.0,0.02,37.0,0.0,5.0,0.04,,,False,41.891178024300046,9.391178024300046,
2026-08-25,ALAB,buy-first put-tail inventory,,other,True,32.00936507936508,281.15,-6.445494476241187,-22.682396941946493,-19.170144904369803,-9.367198664686882,22.145328719723185,28.07,80.7718,-1.3074000000000012,15.07936507936508,1.063600000000008,75.0,-0.2437999999999931,9.523809523809524,6.335700000000003,8.762900000000002,85.71428571428571,6.466999999999999,74.2063492063492,4.761904761904762,34.92063492063492,23764.75,225142,1300265239.02,96.5578,6.81016,0000-00-00,10,False,Semiconductors,Technology,XLK,289,257,False,spread debit outside 0.00-0.10; one leg lacks a two-sided put quote; combined put quote widths exceed 0.10,put,2026-09-18,25.0,BTO,155.0,0.9983986105182366,0.0,0.42,708.0,2.0,STO,150.0,0.11,0.21,1859.0,38.0,5.0,0.31,,,False,44.86928685754935,12.369286857549348,
2026-08-27,FDX,buy-first put-tail inventory,,,True,31.94650793650794,332.74,1.7304634951693876,-1.7741697416974178,4.187671824802908,-16.963158904272532,17.708333333333336,25.99,24.8621,1.5134000000000007,14.682539682539682,-0.2995000000000019,75.7936507936508,1.2138999999999989,20.634920634920636,0.6864999999999988,1.1714999999999982,48.01587301587302,0.4789999999999992,45.23809523809524,22.61904761904762,7.936507936507937,4854.05,58837,502659183.46,92.6859,3.26136,0000-00-00,8,False,Freight & Logistics Services,Industrials,XLI,288,256,False,no roughly $5-wide put spread 25-45% OTM in current/next monthly,,,,,,,,,,,,,,,,,,,,,False,,,
2026-09-02,APO,buy-first put-tail inventory,,,True,31.940476190476193,132.88,-0.95408467501491,-7.613154418410639,4.999320443892352,11.942639487823737,64.45993031358886,29.25,34.5349,2.719000000000001,11.507936507936508,-1.1163000000000023,73.80952380952381,1.602699999999999,7.5396825396825395,-0.8939000000000021,0.1706999999999965,32.53968253968254,0.7959999999999994,32.142857142857146,6.746031746031746,23.015873015873016,7284.8,312206,441296613.94,90.4835,5.19948,0000-00-00,8,False,Investment Management,Financials,XLF,287,252,False,one leg lacks a two-sided put quote,put,2026-09-18,17.0,BTO,90.0,0.9999726558814456,0.0,0.05,9312.0,0.0,STO,85.0,0.0,0.05,458.0,0.0,5.0,0.05,,,False,32.269717037928956,0.23028296207104404,
2026-08-26,RBLX,buy-first put-tail inventory,,,True,31.8784126984127,37.57,-2.995094242189511,-22.166977418686564,-19.020748104305262,-16.12499855666929,17.93103448275862,30.82,57.5682,-1.7678999999999974,6.349206349206349,1.4891999999999967,89.68253968253968,-0.2787000000000006,5.158730158730159,8.610600000000005,8.307900000000004,83.73015873015873,1.7232999999999947,52.77777777777778,0.3968253968253968,38.492063492063494,33931.85,410754,627324760.0799999,92.5359,4.19982,0000-00-00,9,False,Gaming & Interactive Media,Comm,XLC,290,257,False,one leg lacks a two-sided put quote,put,2026-09-18,24.0,BTO,25.0,0.9983142111184166,0.01,0.03,673.0,5.0,STO,22.5,0.0,0.07,711.0,0.0,2.5,0.03,,,False,33.45754591429332,0.9575459142933198,
2026-08-31,LUV,buy-first put-tail inventory,,,True,31.827777777777783,38.66,-4.918839153959665,-21.18246687054026,-16.62641040681826,-5.733559613381789,31.833910034602077,25.95,37.3194,2.042500000000004,13.88888888888889,-0.0691000000000059,85.71428571428571,1.973399999999998,22.22222222222222,3.6648,-0.1471000000000017,29.365079365079364,-4.238100000000003,17.063492063492063,3.5714285714285716,21.428571428571427,11472.95,241735,176909712.76,84.6522,4.77545,0000-00-00,7,False,Airlines,Industrials,XLI,289,251,False,one leg lacks a two-sided put quote; combined put quote widths exceed 0.10; one put leg has OI below 25,put,2026-10-16,47.0,BTO,27.5,0.9872616835131033,0.0,0.1,1.0,0.0,STO,25.0,0.0,0.07,0.0,0.0,2.5,0.1,,,False,28.867046042421094,3.6329539575789056,
2026-09-02,AMAT,buy-first put-tail inventory,,,True,31.807301587301588,437.65,-8.67070116861436,-20.163085118026924,-19.20888393991128,-8.214208689029723,27.526132404181187,29.78,47.3278,-0.5894000000000048,9.92063492063492,0.7804000000000073,88.0952380952381,0.1910000000000025,7.142857142857143,8.32780000000001,2.8126999999999924,63.095238095238095,-7.556400000000011,1.1904761904761905,7.5396825396825395,25.396825396825395,52053.6,541429,3202335711.55,97.5135,3.85347,0000-00-00,10,False,Semiconductor Equipment & Materials Manufacturing,Technology,XLK,287,252,False,no roughly $5-wide put spread 25-45% OTM in current/next monthly,,,,,,,,,,,,,,,,,,,,,False,,,
2026-09-02,AMD,buy-first put-tail inventory,,,True,31.780952380952375,456.19,-4.902962206332995,-10.287118977384468,-9.025970244737858,-11.083584789206204,23.693379790940767,20.6,47.0662,0.0557999999999978,40.07936507936508,0.2393,42.06349206349206,0.2950999999999979,23.015873015873016,3.380899999999997,4.1817999999999955,51.58730158730159,-0.6118000000000023,40.87301587301587,3.1746031746031744,11.11111111111111,427387.75,3153512,9827901758.13,98.1728,1.47853,0000-00-00,8,False,Semiconductors,Technology,XLK,287,252,False,no roughly $5-wide put spread 25-45% OTM in current/next monthly,,,,,,,,,,,,,,,,,,,,,False,,,
2026-08-27,AG,buy-first put-tail inventory,,,True,31.69968253968254,21.71,2.647754137115843,0.0,23.206664850631075,6.772327032463843,59.02777777777778,25.84,65.0506,-7.532300000000006,26.984126984126984,5.551900000000003,57.93650793650794,-1.980400000000003,10.317460317460318,13.879199999999996,10.783900000000004,14.285714285714286,-3.139399999999995,38.492063492063494,11.904761904761903,15.476190476190476,45218.25,957461,228730611.77,83.5793,9.70184,0000-00-00,9,False,Silver,Materials,XLB,288,256,False,one leg lacks a two-sided put quote; combined put quote widths exceed 0.10; one put leg has OI below 25,put,2026-09-18,23.0,BTO,12.0,0.9991327068260782,0.01,0.03,68.0,0.0,STO,9.0,0.0,0.22,1.0,0.0,3.0,0.03,,,False,44.72593274988485,12.225932749884848,
2026-08-25,VRT,buy-first put-tail inventory,,,True,31.68904761904762,256.03,-6.040588645454892,-12.733903677698631,-12.37418955622729,-18.53017771130425,15.570934256055365,30.93,56.1242,0.0690000000000026,7.5396825396825395,0.1051999999999964,90.07936507936508,0.174199999999999,4.365079365079365,1.369100000000003,1.748899999999999,78.17460317460318,3.861999999999995,57.93650793650794,6.746031746031746,23.80952380952381,35184.25,423822,1630636157.88,98.3843,3.98442,0000-00-00,8,False,Electrical Equipment Manufacturing,Industrials,XLI,289,257,False,spread debit outside 0.00-0.10; one leg lacks a two-sided put quote; combined put quote widths exceed 0.10,put,2026-09-18,25.0,BTO,145.0,0.9996863418037106,0.0,0.17,62.0,0.0,STO,140.0,0.0,0.14,711.0,0.0,5.0,0.17,,,False,43.36601179549271,10.86601179549271,
2026-08-28,BA,buy-first put-tail inventory,,,True,31.635555555555555,209.53,-1.98802507250444,-12.989493791786057,-5.002198918222911,-6.128106233758624,29.166666666666668,28.92,27.632800000000003,0.5351999999999961,11.11111111111111,0.2746999999999993,84.12698412698413,0.8098999999999954,11.11111111111111,3.1400999999999932,0.944499999999998,29.761904761904763,-4.446899999999996,7.936507936507937,4.365079365079365,5.555555555555555,63800.95,753082,1150484329.52,92.904,2.0411,0000-00-00,8,False,Aerospace & Defense Manufacturing,Industrials,XLI,288,247,False,one leg lacks a two-sided put quote; combined put quote widths exceed 0.10,put,2026-09-18,22.0,BTO,140.0,0.9996033384483203,0.0,0.01,74.0,0.0,STO,135.0,0.0,0.39,682.0,1.0,5.0,0.01,,,False,33.18379229704577,0.6837922970457697,
2026-08-28,MA,buy-first put-tail inventory,,,True,31.6284126984127,594.96,2.5527880720503493,-0.6645072962233267,8.537455236691404,23.25791282941779,82.98611111111111,31.07,19.6216,1.224499999999999,6.349206349206349,-0.3955000000000019,91.26984126984128,0.8289999999999971,5.158730158730159,0.956699999999998,0.0101999999999975,49.6031746031746,-2.1342999999999996,13.095238095238097,5.9523809523809526,8.73015873015873,6147.75,145313,1840121124.63,94.8473,3.04377,0000-00-00,8,False,Credit & Lending Services,Financials,XLF,288,247,False,spread debit outside 0.00-0.10; one leg lacks a two-sided put quote; combined put quote widths exceed 0.10; one put leg has OI below 25,put,2026-10-16,50.0,BTO,415.0,0.9983341323106281,0.0,0.45,10.0,0.0,STO,410.0,0.0,1.55,18.0,0.0,5.0,0.45,,,False,30.247411590695172,2.2525884093048276,
2026-08-31,AMAT,buy-first put-tail inventory,,,True,31.600793650793655,458.58,-5.116798742008244,-16.47146682209796,-16.373920071426284,4.24702755324976,52.24913494809689,32.05,48.4003,-1.6473999999999975,3.968253968253968,1.3033999999999963,95.63492063492065,-0.3440000000000012,2.7777777777777777,8.7149,5.687400000000004,87.6984126984127,-3.8961999999999937,8.333333333333334,11.904761904761903,30.952380952380953,51946.05,520988,3347842016.9700003,98.9519,5.15702,0000-00-00,10,False,Semiconductor Equipment & Materials Manufacturing,Technology,XLK,289,251,False,no roughly $5-wide put spread 25-45% OTM in current/next monthly,,,,,,,,,,,,,,,,,,,,,False,,,
2026-08-28,CELH,buy-first put-tail inventory,,,True,31.506031746031745,32.98,-1.1983223487118222,-6.75713881820752,10.194862473604015,2.373074881069992,47.56944444444444,30.24,53.72670000000001,-1.0568999999999915,12.698412698412698,0.6603999999999886,60.714285714285715,-0.3965000000000032,3.5714285714285716,1.5914999999999893,0.1006000000000071,5.9523809523809526,-1.1618999999999955,37.301587301587304,24.20634920634921,35.714285714285715,44876.25,649903,428398210.0100001,76.9426,10.74201,0000-00-00,10,False,Non-Alcoholic Beverages,C. Defensive,XLP,288,247,False,one leg lacks a two-sided put quote; combined put quote widths exceed 0.10,put,2026-09-18,22.0,BTO,22.5,0.9988268496754295,0.01,0.05,2684.0,0.0,STO,20.0,0.0,0.23,1162.0,0.0,2.5,0.05,,,False,31.77683444511825,0.7231655548817493,
2026-08-25,OXY,buy-first put-tail inventory,,,True,31.43444444444444,58.81,-1.803306061112031,-4.265017092625745,7.084199754549414,4.830980130862983,47.75086505190311,28.01,30.9332,-0.7157000000000018,13.492063492063492,0.9852000000000024,71.03174603174604,0.2695000000000007,14.285714285714286,3.189700000000002,2.570700000000002,8.333333333333334,-0.7057000000000002,16.666666666666668,0.3968253968253968,26.19047619047619,36672.75,769244,494758737.79,92.2596,2.79246,0000-00-00,10,False,Oil & Gas Exploration,Energy,XLE,289,257,False,spread debit outside 0.00-0.10; one leg lacks a two-sided put quote; combined put quote widths exceed 0.10; one put leg has OI below 25,put,2026-10-16,53.0,BTO,42.5,0.9908535184372163,0.0,0.18,402.0,0.0,STO,40.0,0.0,0.16,1.0,0.0,2.5,0.18,,,False,27.733378677095732,4.7666213229042675,
2026-08-24,M,buy-first put-tail inventory,,,True,31.33825396825397,23.24,0.3454231433505983,-11.297709923664122,-3.6651992604936017,13.956991245144136,68.85813148788927,27.63,54.3811,2.3829999999999956,28.571428571428573,-1.1410999999999945,19.84126984126984,1.2419000000000011,1.5873015873015872,-1.0921000000000092,-0.3376000000000019,5.158730158730159,-12.320499999999996,9.126984126984128,19.047619047619047,18.650793650793652,8212.8,158610,111752118.66,84.766,7.39399,0000-00-00,2,True,Department Store Retail,C. Cyclical,XLY,289,256,False,no roughly $5-wide put spread 25-45% OTM in current/next monthly,,,,,,,,,,,,,,,,,,,,,False,,,
2026-08-25,BX,buy-first put-tail inventory,,,True,31.314126984126982,143.09,1.611986933674192,-4.511177844511172,10.50222950546218,24.6774699598993,83.39100346020761,30.67,35.169200000000004,2.1518999999999977,6.349206349206349,-0.7032000000000025,85.71428571428571,1.4486999999999952,8.73015873015873,0.9512,0.1403999999999925,65.87301587301587,0.7426999999999921,38.095238095238095,10.317460317460318,40.476190476190474,17816.1,450848,659300848.92,98.271,3.34068,0000-00-00,8,False,Investment Management,Financials,XLF,289,257,False,spread debit outside 0.00-0.10; combined put quote widths exceed 0.10,put,2026-10-16,53.0,BTO,95.0,0.9981983724747145,0.1,0.21,1665.0,0.0,STO,90.0,0.03,0.28,103.0,0.0,5.0,0.18,,,False,33.60821860367601,1.1082186036760078,
2026-08-24,RTX,buy-first put-tail inventory,,,True,31.31015873015873,209.03,-5.846583487230306,-6.849376114081995,2.5306223353221524,19.692043113325596,79.23875432525952,32.42,23.3024,0.4989000000000025,3.968253968253968,0.1698999999999948,84.92063492063492,0.6687999999999974,2.380952380952381,3.0746999999999964,1.3160000000000025,39.68253968253968,-1.0864999999999974,26.58730158730159,5.555555555555555,37.698412698412696,15300.05,169553,1074563085.51,89.2636,2.88806,0000-00-00,8,False,Aerospace & Defense Manufacturing,Industrials,XLI,289,256,False,spread debit outside 0.00-0.10; one leg lacks a two-sided put quote; combined put quote widths exceed 0.10; one put leg has OI below 25,put,2026-10-16,54.0,BTO,155.0,0.9978681955487838,0.0,0.15,0.0,0.0,STO,150.0,0.0,2.15,0.0,0.0,5.0,0.15,,,False,25.847964407022918,6.652035592977082,
2026-08-24,NBIS,buy-first put-tail inventory,,,True,31.29746031746032,209.77,-22.09099350046425,-23.223043701046777,-5.91788479616514,0.3006584716631288,40.484429065743946,29.02,91.0959,-3.5390000000000015,13.095238095238097,2.5567999999999955,84.12698412698413,-0.982200000000006,10.317460317460318,10.890100000000004,12.268100000000004,83.73015873015873,6.6499999999999915,77.77777777777777,12.698412698412698,43.65079365079365,266033.4,1249289,6245249483.39,97.8698,5.36397,0000-00-00,11,False,Internet Content & Media,Technology,XLK,289,256,False,spread debit outside 0.00-0.10; combined put quote widths exceed 0.10,put,2026-09-18,26.0,BTO,125.0,0.9741339994882174,0.49,0.63,811.0,2.0,STO,120.0,0.36,0.55,4507.0,145.0,5.0,0.27,,,False,40.41092625256233,7.9109262525623265,
2026-08-27,PEP,buy-first put-tail inventory,,,True,31.290158730158726,140.09,-1.6981264472668456,-3.185901865929497,0.2464478309155859,-2.1334947237936497,39.23611111111111,27.44,19.5224,0.4553000000000011,17.063492063492063,0.1585,77.77777777777777,0.6138000000000012,14.285714285714286,3.3778000000000006,0.575800000000001,25.0,-0.1092000000000013,36.507936507936506,1.1904761904761905,35.317460317460316,16465.4,380342,981967268.18,88.0879,2.67102,0000-00-00,6,False,Non-Alcoholic Beverages,C. Defensive,XLP,288,256,False,no roughly $5-wide put spread 25-45% OTM in current/next monthly,,,,,,,,,,,,,,,,,,,,,False,,,
2026-09-01,MU,buy-first put-tail inventory,,,True,31.26952380952381,932.83,0.7647853092087598,-8.125437050023143,-1.3430994319161391,-7.741517753733984,29.51388888888889,22.54,59.7892,-0.4483000000000032,34.92063492063492,0.7640999999999991,48.80952380952381,0.3157999999999958,21.03174603174603,6.750499999999995,4.044699999999985,34.12698412698413,-11.904900000000003,2.7777777777777777,5.158730158730159,8.333333333333334,889465.3,3178193,28488015765.98,94.901,2.52549,0000-00-00,4,False,Semiconductors,Technology,XLK,288,252,False,no roughly $5-wide put spread 25-45% OTM in current/next monthly,,,,,,,,,,,,,,,,,,,,,False,,,
2026-09-01,QCOM,buy-first put-tail inventory,,,True,31.23936507936508,166.59,4.340473506200682,-2.178508514386379,-2.7250304805415015,-25.871249428946975,14.23611111111111,23.84,40.5055,-1.1036999999999964,25.0,1.3483000000000018,78.17460317460318,0.2446000000000054,24.603174603174605,5.265599999999999,4.555399999999999,57.93650793650794,-1.3465999999999951,33.73015873015873,7.936507936507937,53.57142857142857,55529.85,908931,1674298570.8,97.6136,3.07631,0000-00-00,8,False,Semiconductors,Technology,XLK,288,252,False,spread debit outside 0.00-0.10; combined put quote widths exceed 0.10,put,2026-10-16,46.0,BTO,120.0,0.9834757170103171,0.18,0.28,1121.0,14.0,STO,115.0,0.09,0.28,1466.0,3.0,5.0,0.19000000000000003,,,False,27.966864757788578,4.533135242211422,
2026-09-01,AVGO,buy-first put-tail inventory,,,True,31.20714285714286,369.59,3.837833281825076,-13.158203905166944,-4.0569734244124795,-17.56186050749702,18.75,31.65,51.261599999999994,-0.775500000000001,5.9523809523809526,0.4701999999999984,87.6984126984127,-0.3053000000000025,4.761904761904762,3.3541000000000096,1.7325999999999908,60.31746031746032,19.620599999999996,96.42857142857144,2.7777777777777777,94.84126984126983,241182.25,2155173,7200049177.179999,98.0501,2.19097,0000-00-00,0,True,Semiconductors,Technology,XLK,288,252,False,no roughly $5-wide put spread 25-45% OTM in current/next monthly,,,,,,,,,,,,,,,,,,,,,False,,,
2026-08-25,APO,buy-first put-tail inventory,,,True,31.183492063492068,133.14,-0.9522392501115862,-7.432385455051116,4.975991295366189,5.433432117008508,49.13494809688581,30.88,34.8931,2.6236000000000033,8.73015873015873,-1.019199999999998,78.96825396825396,1.6044000000000054,5.9523809523809526,-1.447899999999997,-0.1171000000000006,30.952380952380953,3.206800000000001,53.96825396825397,9.126984126984128,37.698412698412696,6717.7,278103,513693865.72,95.2016,4.95872,0000-00-00,10,False,Investment Management,Financials,XLF,289,257,False,one leg lacks a two-sided put quote; combined put quote widths exceed 0.10; one put leg has OI below 25,put,2026-10-16,53.0,BTO,80.0,0.9989689223870197,0.0,0.1,16.0,0.0,STO,75.0,0.0,1.15,3.0,0.0,5.0,0.1,,,False,39.912873666816886,7.4128736668168855,
2026-08-28,F,buy-first put-tail inventory,,,True,31.181269841269845,13.89,-4.206896551724137,-4.338842975206603,-1.496347776753415,-17.714046874518143,18.40277777777778,28.66,29.6202,0.2378999999999997,13.095238095238097,0.8252999999999986,78.57142857142857,1.0631999999999984,12.698412698412698,5.659600000000001,4.105800000000006,48.41269841269841,-3.960799999999999,17.46031746031746,19.84126984126984,21.428571428571427,76659.8,1840458,587853460.35,60.9202,2.85736,0000-00-00,7,False,Automobile Manufacturing,C. Cyclical,XLY,288,247,False,one leg lacks a two-sided put quote; one put leg has OI below 25,put,2026-10-16,50.0,BTO,10.0,0.9817513251493649,0.0,0.04,212.0,10.0,STO,7.0,0.0,0.04,0.0,0.0,3.0,0.04,,,True,28.005759539236863,4.494240460763137,
2026-09-02,FDX,buy-first put-tail inventory,,,True,31.125714285714288,317.1,-6.022168217651592,-6.391143911439112,-0.7186703377694115,2.26541586570782,42.1602787456446,33.16,26.479999999999997,0.5097999999999985,1.984126984126984,0.0894000000000012,94.84126984126983,0.5991999999999997,1.5873015873015872,2.4711000000000034,5.723499999999998,92.46031746031746,1.7804999999999964,52.38095238095238,38.888888888888886,8.73015873015873,5432.1,52267,483932801.12,89.4167,2.62032,0000-00-00,8,False,Freight & Logistics Services,Industrials,XLI,287,252,False,no roughly $5-wide put spread 25-45% OTM in current/next monthly,,,,,,,,,,,,,,,,,,,,,False,,,
2026-09-02,SCHW,buy-first put-tail inventory,,,True,31.06333333333333,108.81,-1.2703021504400611,-4.106812373314527,4.286869879582733,30.31434819028794,87.8048780487805,32.27,23.5202,1.1611000000000011,3.968253968253968,-0.3808000000000007,91.26984126984128,0.7803000000000004,4.365079365079365,-0.2279000000000017,0.6993000000000009,65.47619047619048,-0.6420999999999957,28.96825396825397,9.92063492063492,9.523809523809524,20502.3,475038,812027993.8,94.1157,2.39574,0000-00-00,6,False,Investment Banking & Brokerage,Financials,XLF,287,252,False,combined put quote widths exceed 0.10,put,2026-10-16,45.0,BTO,77.5,0.9993487785649453,0.01,0.11,305.0,5.0,STO,75.0,0.03,0.15,952.0,0.0,2.5,0.08,,,True,28.774928774928775,3.7250712250712255,
2026-08-26,MA,buy-first put-tail inventory,,,True,31.062539682539686,598.94,4.167101464398759,0.0,10.036519616939032,23.436274059956407,80.6896551724138,33.62,20.6921,0.7083000000000013,0.3968253968253968,-0.0625999999999997,97.22222222222224,0.6457000000000015,1.1904761904761905,0.6350999999999978,0.2606000000000001,56.34920634920635,-0.5357999999999983,29.761904761904763,31.349206349206348,21.428571428571427,7165.8,142878,1873833207.06,93.382,2.47446,0000-00-00,9,False,Credit & Lending Services,Financials,XLF,290,257,False,spread debit outside 0.00-0.10; one leg lacks a two-sided put quote; combined put quote widths exceed 0.10,put,2026-09-18,24.0,BTO,440.0,0.9997032362010092,0.0,0.3,740.0,0.0,STO,435.0,0.0,1.5,32.0,0.0,5.0,0.3,,,False,26.536881824556723,5.963118175443277,
2026-08-26,NBIS,buy-first put-tail inventory,,,True,31.04015873015873,214.69,-0.9504036908881242,-21.422297049996352,-3.194766592477438,5.564558419001142,53.103448275862064,27.69,90.0918,-2.814000000000007,17.46031746031746,2.185299999999998,79.76190476190476,-0.6287000000000091,13.88888888888889,10.068200000000004,11.000699999999997,80.95238095238095,2.7979999999999876,61.904761904761905,8.333333333333334,32.53968253968254,250802.55,1319175,6202082415.48,97.89,3.70941,0000-00-00,10,False,Internet Content & Media,Technology,XLK,290,257,False,spread debit outside 0.00-0.10; combined put quote widths exceed 0.10,put,2026-09-18,24.0,BTO,125.0,0.9854039005211794,0.29,0.43,811.0,415.0,STO,120.0,0.19,0.52,4506.0,15.0,5.0,0.24,,,False,41.776514975080346,9.276514975080346,
2026-09-02,PG,buy-first put-tail inventory,,,True,31.000793650793653,147.81,1.7975206611570371,0.0,0.707219360640976,10.13274602927402,58.536585365853654,27.65,18.2548,1.4124000000000017,21.428571428571427,-0.6629000000000005,47.22222222222222,0.7495000000000012,10.317460317460318,-1.0082999999999984,0.9756,51.98412698412698,1.6555999999999995,61.507936507936506,29.365079365079364,15.07936507936508,17984.85,387597,1323642931.46,87.7303,1.60139,0000-00-00,7,False,Consumer Products,C. Defensive,XLP,287,252,False,no roughly $5-wide put spread 25-45% OTM in current/next monthly,,,,,,,,,,,,,,,,,,,,,False,,,
2026-09-01,GM,buy-first put-tail inventory,,,True,30.955079365079367,85.36,-0.732643330619831,-4.2297767306181955,3.0201212682964496,8.39091801998605,60.416666666666664,33.41,30.4666,0.3701000000000007,1.984126984126984,0.2134999999999998,86.9047619047619,0.5836000000000006,1.1904761904761905,0.6634000000000029,2.0582000000000065,53.96825396825397,0.9108000000000018,56.34920634920635,0.3968253968253968,29.365079365079364,13872.2,325645,444290593.76,95.1406,2.972,0000-00-00,7,False,Automobile Manufacturing,C. Cyclical,XLY,288,252,False,no roughly $5-wide put spread 25-45% OTM in current/next monthly,,,,,,,,,,,,,,,,,,,,,False,,,
2026-09-02,PEP,buy-first put-tail inventory,,,True,30.953968253968256,140.48,-1.4244614413023604,-2.916378714581891,0.586564017963509,3.605965324199522,45.29616724738676,32.3,19.6232,-0.1775999999999982,6.746031746031746,0.1473999999999975,78.17460317460318,-0.0302000000000006,1.984126984126984,0.4101999999999997,2.3446999999999996,66.26984126984127,0.7961999999999989,50.0,2.7777777777777777,9.126984126984128,16748.7,388306,904241819.67,92.1428,2.08424,0000-00-00,5,False,Non-Alcoholic Beverages,C. Defensive,XLP,287,252,False,no roughly $5-wide put spread 25-45% OTM in current/next monthly,,,,,,,,,,,,,,,,,,,,,False,,,
2026-08-31,QCOM,buy-first put-tail inventory,,,True,30.951746031746033,170.3,7.187814702920448,0.0,-1.2073242325728928,-22.06993885710375,16.608996539792386,25.08,41.1042,-1.3111000000000033,20.634920634920636,1.536999999999999,80.95238095238095,0.2258999999999957,24.20634920634921,4.941900000000004,6.684699999999999,73.01587301587301,1.9716999999999985,64.68253968253968,10.317460317460318,56.34920634920635,58179.4,887315,1620743625.93,98.2214,2.34538,0000-00-00,8,False,Semiconductors,Technology,XLK,289,251,False,spread debit outside 0.00-0.10; combined put quote widths exceed 0.10,put,2026-10-16,47.0,BTO,120.0,0.9841121894649296,0.16,0.26,1116.0,13.0,STO,115.0,0.09,0.24,1470.0,4.0,5.0,0.17,,,False,29.536112742219622,2.963887257780378,
2026-08-27,EXPE,buy-first put-tail inventory,,,True,30.950000000000003,317.47,-2.929215716251332,-6.196076113934512,10.549701574655112,41.89698920966425,92.70833333333334,34.05,37.8955,0.1557999999999992,0.0,0.1253000000000028,99.6031746031746,0.2811000000000021,0.0,2.6998999999999995,1.5545000000000044,70.63492063492063,-1.4862999999999928,28.571428571428573,5.9523809523809526,30.952380952380953,4158.15,64703,536358913.28,90.977,6.89352,0000-00-00,10,False,Travel & Tourism Services,C. Cyclical,XLY,288,256,False,spread debit outside 0.00-0.10; one leg lacks a two-sided put quote; combined put quote widths exceed 0.10,put,2026-10-16,51.0,BTO,190.0,0.9997961533766071,0.0,0.7,43.0,0.0,STO,185.0,0.0,0.85,115.0,0.0,5.0,0.7,,,False,40.15182536932625,7.651825369326247,
2026-09-01,PEP,buy-first put-tail inventory,,,True,30.896507936507938,139.66,-1.7724011816007912,-3.483068417415336,-0.0216192689250771,3.407424935625147,49.65277777777778,32.04,19.7661,-0.1892999999999993,6.746031746031746,0.2412999999999989,84.52380952380952,0.0519999999999996,3.5714285714285716,1.1036999999999964,0.8825000000000003,34.92063492063492,-0.5524999999999984,30.555555555555557,3.1746031746031744,11.507936507936508,16718.55,382036,915218468.58,90.3288,1.66614,0000-00-00,5,False,Non-Alcoholic Beverages,C. Defensive,XLP,288,252,False,no roughly $5-wide put spread 25-45% OTM in current/next monthly,,,,,,,,,,,,,,,,,,,,,False,,,
2026-08-26,WMT,buy-first put-tail inventory,,,True,30.875238095238096,104.78,-8.361028511457057,-9.414714273363876,-6.969723874633749,-9.217790303727211,23.79310344827586,32.22,22.1425,0.1204,4.761904761904762,0.258899999999997,92.06349206349206,0.3792999999999971,4.761904761904762,2.7758999999999965,3.415499999999998,80.95238095238095,0.6001000000000012,45.23809523809524,9.523809523809524,25.0,156106.9,1230433,2859123792.7999997,92.8719,1.38474,0000-00-00,12,False,Discount Retail,C. Defensive,XLP,290,257,False,no roughly $5-wide put spread 25-45% OTM in current/next monthly,,,,,,,,,,,,,,,,,,,,,False,,,
2026-08-26,EXPE,buy-first put-tail inventory,,,True,30.86698412698413,334.57,2.165017711005235,-1.1434818579364123,17.102895983983558,49.24304346195754,95.17241379310344,33.26,37.3739,1.7141999999999982,2.380952380952381,-0.435299999999998,96.03174603174604,1.2789,1.984126984126984,0.2697000000000003,-1.3622999999999976,33.73015873015873,-0.1411999999999977,37.698412698412696,1.1904761904761905,34.92063492063492,4112.45,64185,544534560.24,92.6516,5.13116,0000-00-00,10,False,Travel & Tourism Services,C. Cyclical,XLY,290,257,False,spread debit outside 0.00-0.10; one leg lacks a two-sided put quote; combined put quote widths exceed 0.10,put,2026-10-16,52.0,BTO,190.0,0.9983749618780542,0.0,0.45,43.0,0.0,STO,185.0,0.0,0.65,115.0,0.0,5.0,0.45,,,False,43.21068834623547,10.710688346235472,
2026-09-02,PINS,buy-first put-tail inventory,,,True,30.85206349206349,21.17,-9.452523524379796,-12.303231151615568,-7.279257182901199,7.204914711585586,51.91637630662021,27.64,41.6478,0.8409000000000049,19.444444444444443,-0.0934000000000025,49.6031746031746,0.7475000000000023,13.095238095238097,1.2324999999999946,5.736600000000003,70.63492063492063,4.1799000000000035,71.03174603174604,6.746031746031746,31.349206349206348,11090.5,306295,238242101.25,91.9467,4.9928,0000-00-00,9,False,Internet Content & Media,Comm,XLC,287,252,False,no roughly $5-wide put spread 25-45% OTM in current/next monthly,,,,,,,,,,,,,,,,,,,,,False,,,
2026-09-01,ASML,buy-first put-tail inventory,,,True,30.834285714285716,1659.95,-4.421502354986928,-12.065878414171593,-5.5627599306877995,2.894594068990785,48.61111111111111,29.88,38.7682,0.1196999999999945,15.07936507936508,0.1519000000000048,73.41269841269842,0.2715999999999994,6.349206349206349,4.407499999999999,1.5755999999999943,36.904761904761905,-1.8064000000000036,23.41269841269841,1.984126984126984,26.984126984126984,16311.25,174735,1996364890.95,97.9026,4.86669,0000-00-00,6,False,Semiconductor Equipment & Materials Manufacturing,Technology,XLK,288,252,False,no roughly $5-wide put spread 25-45% OTM in current/next monthly,,,,,,,,,,,,,,,,,,,,,False,,,
2026-08-31,SCHW,buy-first put-tail inventory,,,True,30.814603174603175,109.94,-3.1109544372961984,-3.1109544372961984,6.014904187366921,27.274789649272098,92.73356401384083,32.36,23.4921,1.2550000000000026,3.968253968253968,-0.3454000000000015,93.25396825396824,0.9096000000000012,5.158730158730159,-0.0333000000000005,0.8576000000000015,68.65079365079364,0.3213000000000008,37.698412698412696,7.142857142857143,16.26984126984127,20453.8,464183,829584335.52,94.9288,2.49731,0000-00-00,6,False,Investment Banking & Brokerage,Financials,XLF,289,251,False,spread debit outside 0.00-0.10; one leg lacks a two-sided put quote; combined put quote widths exceed 0.10,put,2026-10-16,47.0,BTO,75.0,0.9986227199567915,0.03,0.15,952.0,0.0,STO,70.0,0.0,0.29,433.0,0.0,5.0,0.15,,,True,31.78097143896671,0.7190285610332907,
2026-08-31,WMT,buy-first put-tail inventory,,,True,30.799841269841274,104.79,-1.6425755584756896,-9.4060689893663,-6.2070372916308685,-4.994371335607061,33.56401384083045,30.47,21.6153,0.5345000000000013,11.11111111111111,-0.1077000000000012,76.19047619047619,0.4268,7.5396825396825395,2.5410000000000004,2.441900000000004,63.095238095238095,-0.2957999999999998,31.349206349206348,5.555555555555555,20.634920634920636,168959.55,1195500,2798309701.33,93.8632,1.47612,0000-00-00,11,False,Discount Retail,C. Defensive,XLP,289,251,False,no roughly $5-wide put spread 25-45% OTM in current/next monthly,,,,,,,,,,,,,,,,,,,,,False,,,
2026-09-01,SE,buy-first put-tail inventory,,,True,30.77174603174603,112.96,-8.304245474470328,-13.58629130966953,3.145876173813944,26.24826565047452,87.15277777777779,30.26,41.6211,0.0737999999999985,8.333333333333334,0.3997000000000028,86.5079365079365,0.4735000000000013,11.507936507936508,8.888100000000001,2.810600000000001,66.66666666666667,-7.053899999999999,20.634920634920636,9.92063492063492,19.444444444444443,13043.4,244494,531648352.96,89.3219,6.10872,0000-00-00,10,False,E-commerce & Internet Retail,Comm,XLC,288,252,False,spread debit outside 0.00-0.10; one leg lacks a two-sided put quote; combined put quote widths exceed 0.10,put,2026-09-18,18.0,BTO,82.5,0.9998499691833872,0.0,0.2,632.0,0.0,STO,80.0,0.0,0.01,2506.0,1.0,2.5,0.2,,,False,26.96529745042493,5.534702549575069,
2026-08-31,PEP,buy-first put-tail inventory,,,True,30.766507936507935,140.44,-2.944022114720102,-2.944022114720102,0.5222231129536459,2.7954444301361625,49.48096885813148,32.17,19.6531,-0.215099999999996,6.746031746031746,0.2789999999999963,86.9047619047619,0.0639000000000002,3.5714285714285716,1.4639999999999986,0.8039999999999985,32.53968253968254,0.8100999999999985,50.3968253968254,5.555555555555555,21.428571428571427,16714.8,373866,941075007.53,94.0938,2.06694,0000-00-00,5,False,Non-Alcoholic Beverages,C. Defensive,XLP,289,251,False,no roughly $5-wide put spread 25-45% OTM in current/next monthly,,,,,,,,,,,,,,,,,,,,,False,,,
2026-08-24,QCOM,buy-first put-tail inventory,,,True,30.6584126984127,158.88,-2.3718815288189865,-4.7653299766229225,-10.611206006062757,-31.71003075880097,6.920415224913495,27.04,42.1834,-1.2804000000000002,21.428571428571427,1.0566999999999993,74.60317460317461,-0.2237000000000009,15.07936507936508,6.066200000000002,3.7490999999999985,52.38095238095238,0.8022999999999954,52.77777777777778,4.365079365079365,62.698412698412696,73068.15,874448,1788755752.25,98.3791,2.35389,0000-00-00,9,False,Semiconductors,Technology,XLK,289,256,False,spread debit outside 0.00-0.10; combined put quote widths exceed 0.10,put,2026-10-16,54.0,BTO,110.0,0.9795612155865896,0.18,0.35,1061.0,2.0,STO,105.0,0.11,0.27,411.0,1.0,5.0,0.24,,,False,30.76535750251762,1.7346424974823798,
2026-09-02,BA,buy-first put-tail inventory,,,True,30.65396825396825,209.3,-1.357338109152606,-11.1328125,-4.765631540822013,4.447316616119867,46.68989547038328,32.6,28.7873,0.1087000000000024,6.349206349206349,0.3829000000000029,86.11111111111111,0.4916000000000053,2.380952380952381,0.9539000000000007,1.4689000000000014,43.25396825396825,-1.634800000000002,23.80952380952381,1.984126984126984,8.333333333333334,54505.7,777365,1037546267.94,94.7802,1.54405,0000-00-00,8,False,Aerospace & Defense Manufacturing,Industrials,XLI,287,252,False,spread debit outside 0.00-0.10; one leg lacks a two-sided put quote; combined put quote widths exceed 0.10; one put leg has OI below 25,put,2026-10-16,45.0,BTO,150.0,0.9989904315930439,0.0,0.21,47.0,10.0,STO,145.0,0.0,0.28,8.0,0.0,5.0,0.21,,,False,28.332537028189208,4.167462971810792,
2026-08-26,OXY,buy-first put-tail inventory,,,True,30.64634920634921,58.66,-2.249625062489591,-4.509197460524184,6.6557089713706,5.414096093536469,52.41379310344828,28.56,31.2507,-0.4448000000000007,18.253968253968253,0.5788000000000011,48.80952380952381,0.1340000000000003,10.714285714285714,2.8050000000000033,3.3583,12.301587301587302,0.1409999999999982,28.96825396825397,4.365079365079365,25.79365079365079,34260.05,773395,476188342.7399999,89.4593,2.08333,0000-00-00,10,False,Oil & Gas Exploration,Energy,XLE,290,257,False,no roughly $5-wide put spread 25-45% OTM in current/next monthly,,,,,,,,,,,,,,,,,,,,,False,,,
2026-08-25,MRVL,buy-first put-tail inventory,,,True,30.62396825396825,238.92,11.457361448031332,-4.29034971758202,2.75987599310461,17.316644903007596,72.66435986159169,32.63,79.696,-4.4021000000000114,4.365079365079365,2.6902000000000115,92.06349206349206,-1.7119,4.365079365079365,8.504199999999997,9.614900000000006,71.42857142857143,19.768800000000013,90.07936507936508,1.984126984126984,80.95238095238095,161440.65,1521443,5416371841.559999,97.488,4.30446,0000-00-00,0,True,Semiconductors,Technology,XLK,289,257,False,spread debit outside 0.00-0.10; combined put quote widths exceed 0.10,put,2026-09-18,25.0,BTO,135.0,0.9957055711153471,0.1,0.17,2445.0,3.0,STO,130.0,0.06,0.13,2483.0,37.0,5.0,0.11000000000000001,,,True,43.49573078854847,10.995730788548471,
2026-09-02,NEM,buy-first put-tail inventory,,,True,30.614444444444445,124.72,-5.457853244390531,-7.464015432556758,17.997895868181434,20.16362978023284,76.65505226480836,33.83,41.274899999999995,-3.0444999999999993,1.1904761904761905,1.756000000000007,94.84126984126983,-1.288499999999992,1.5873015873015872,7.8125,2.2579999999999956,35.714285714285715,-6.6813999999999965,8.333333333333334,5.158730158730159,15.476190476190476,28681.95,585186,1019743376.93,89.9801,4.78736,0000-00-00,7,False,Gold,Materials,XLB,287,252,False,one leg lacks a two-sided put quote; combined put quote widths exceed 0.10,put,2026-10-16,45.0,BTO,75.0,0.9974740957677232,0.02,0.04,1493.0,353.0,STO,70.0,0.0,2.13,77.0,0.0,5.0,0.04,,,False,39.86529826812058,7.365298268120583,
2026-08-26,CELH,buy-first put-tail inventory,,,True,30.612539682539683,35.07,8.374536464771332,-0.8481764206955011,17.64824282436297,13.764505747112032,70.6896551724138,29.07,53.3833,-0.5729000000000042,17.46031746031746,0.7722000000000051,65.07936507936508,0.1993000000000009,9.126984126984128,3.171500000000009,3.4047999999999945,23.015873015873016,1.5101999999999904,52.38095238095238,5.158730158730159,39.68253968253968,43821.2,639163,457470892.98,85.087,5.69084,0000-00-00,10,False,Non-Alcoholic Beverages,C. Defensive,XLP,290,257,False,one leg lacks a two-sided put quote,put,2026-09-18,24.0,BTO,25.0,0.9914649490657187,0.03,0.05,6852.0,87.0,STO,20.0,0.0,0.02,1168.0,0.0,5.0,0.05,,,False,28.714000570288,3.7859994297119997,
2026-09-01,BA,buy-first put-tail inventory,,,True,30.58666666666667,206.16,-2.5662838508436203,-14.388937336489349,-6.26074209336458,0.129133863912811,43.05555555555556,31.08,28.4493,0.3210999999999941,9.523809523809524,0.4028000000000027,86.9047619047619,0.7238999999999969,7.142857142857143,1.8488999999999969,1.224999999999998,37.698412698412696,-1.505700000000001,25.396825396825395,8.333333333333334,11.507936507936508,55861.95,770655,1107228660.78,95.7878,1.70491,0000-00-00,8,False,Aerospace & Defense Manufacturing,Industrials,XLI,288,252,False,spread debit outside 0.00-0.10; one leg lacks a two-sided put quote; combined put quote widths exceed 0.10,put,2026-10-16,46.0,BTO,135.0,0.9999467195647681,0.0,0.14,27.0,0.0,STO,130.0,0.0,0.21,33.0,0.0,5.0,0.14,,,False,34.516880093131554,2.0168800931315545,
2026-08-31,PG,buy-first put-tail inventory,,,True,30.561746031746036,145.36,-0.6832467887400884,-1.8633540372670732,-1.0304112249052475,7.4428128999532,60.89965397923876,30.47,18.6764,1.140699999999999,12.698412698412698,-0.5043000000000006,63.888888888888886,0.6363999999999983,7.142857142857143,-0.3514000000000017,0.0099000000000017,25.396825396825395,1.0390000000000017,49.20634920634921,7.5396825396825395,34.92063492063492,19500.9,366563,1283755114.46,91.7024,2.19843,0000-00-00,7,False,Consumer Products,C. Defensive,XLP,289,251,False,no roughly $5-wide put spread 25-45% OTM in current/next monthly,,,,,,,,,,,,,,,,,,,,,False,,,
2026-08-31,GS,buy-first put-tail inventory,,,True,30.528888888888893,1026.62,-0.841277660262918,-3.750164069678053,-2.1281050078431507,1.4620811779411549,46.71280276816609,33.36,29.034,1.006700000000002,2.380952380952381,-0.2766999999999981,95.23809523809524,0.730000000000004,3.1746031746031744,1.8255000000000017,1.3075999999999972,79.76190476190476,-2.0946000000000033,11.904761904761903,1.1904761904761905,19.047619047619047,36077.7,452183,1878601629.53,98.1789,2.80647,0000-00-00,6,False,Investment Banking & Brokerage,Financials,XLF,289,251,False,spread debit outside 0.00-0.10; combined put quote widths exceed 0.10; one put leg has OI below 25,put,2026-10-16,47.0,BTO,730.0,0.9922569810731009,0.55,0.79,41.0,7.0,STO,725.0,0.5,0.94,8.0,0.0,5.0,0.29000000000000004,,,True,28.89287175391089,3.607128246089111,
2026-08-24,RBLX,buy-first put-tail inventory,,grab,True,30.496349206349205,38.64,2.602230483271395,-22.37846524708719,-17.151237585550362,-18.24834003233946,15.91695501730104,33.71,58.39339999999999,-2.4587999999999894,2.7777777777777777,1.5818000000000012,90.47619047619048,-0.8769999999999882,1.1904761904761905,5.510300000000001,9.40270000000001,91.26984126984128,6.392300000000013,76.98412698412699,4.365079365079365,40.87301587301587,33665.55,393115,609144201.2099999,90.9532,6.82984,0000-00-00,9,False,Gaming & Interactive Media,Comm,XLC,289,256,False,one leg lacks a two-sided put quote; combined put quote widths exceed 0.10,put,2026-09-18,26.0,BTO,25.0,0.9976066904210712,0.01,0.05,676.0,14.0,STO,22.5,0.0,0.07,711.0,0.0,2.5,0.05,,,False,35.30020703933747,2.8002070393374723,
2026-08-27,AMD,buy-first put-tail inventory,,,True,30.45873015873016,473.65,1.4131249330906703,-10.22384806383746,-6.502705726617986,-6.678689482526811,29.51388888888889,29.7,51.5655,-0.988599999999998,15.07936507936508,0.9316999999999992,74.60317460317461,-0.0568999999999988,9.126984126984128,4.227400000000003,4.797000000000004,56.34920634920635,0.7231999999999985,48.80952380952381,26.19047619047619,25.79365079365079,488689.8,3095618,11636234086.68,94.8959,2.4756,0000-00-00,9,False,Semiconductors,Technology,XLK,288,256,False,no roughly $5-wide put spread 25-45% OTM in current/next monthly,,,,,,,,,,,,,,,,,,,,,False,,,
2026-08-26,PYPL,buy-first put-tail inventory,,,True,30.44968253968254,61.91,1.0280678851174896,-1.2127014520504351,16.31839412602445,44.17229594098116,92.41379310344828,22.09,32.9824,1.0015,40.07936507936508,-0.3845999999999989,32.142857142857146,0.6169000000000011,22.22222222222222,-0.4873999999999938,9.198300000000003,82.53968253968254,14.735299999999995,91.26984126984128,0.7936507936507936,60.714285714285715,47601.75,1808310,678966113.4100001,75.925,5.85975,0000-00-00,8,False,Credit & Lending Services,Financials,XLF,290,257,False,spread debit outside 0.00-0.10; one leg lacks a two-sided put quote; combined put quote widths exceed 0.10,put,2026-10-16,52.0,BTO,35.0,0.9977114390314433,0.0,0.12,1424.0,0.0,STO,30.0,0.0,0.08,79.0,3.0,5.0,0.12,,,False,43.46632208043935,10.966322080439348,
2026-08-31,TXN,buy-first put-tail inventory,,,True,30.41761904761905,260.99,0.6867019019328069,-8.459892673003399,-8.424304348924494,-7.135737158185085,30.103806228373703,28.63,35.1748,0.952600000000004,14.285714285714286,0.1614000000000004,78.96825396825396,1.1140000000000043,15.476190476190476,2.4692000000000007,2.162400000000005,52.38095238095238,-0.6907999999999959,32.93650793650794,1.984126984126984,37.301587301587304,16692.1,235282,1550537488.9599998,96.8448,3.34981,0000-00-00,8,False,Semiconductors,Technology,XLK,289,251,False,spread debit outside 0.00-0.10; combined put quote widths exceed 0.10,put,2026-09-18,19.0,BTO,185.0,0.9998956948722825,0.01,0.14,387.0,0.0,STO,180.0,0.01,0.04,2530.0,237.0,5.0,0.13,,,False,29.116058086516727,3.383941913483273,
2026-09-01,APO,buy-first put-tail inventory,,,True,30.415079365079364,131.5,-1.2317860898302446,-8.572620454703472,3.9302221182480945,7.189101787547602,57.986111111111114,28.95,34.5511,3.1635999999999953,15.873015873015872,-1.2845999999999975,64.68253968253968,1.8789999999999976,12.301587301587302,-0.6756999999999991,6.1114999999999995,82.93650793650794,7.1631,76.58730158730158,26.984126984126984,26.19047619047619,7332.45,309239,465989653.52,88.7789,5.50468,0000-00-00,9,False,Investment Management,Financials,XLF,288,252,False,one leg lacks a two-sided put quote,put,2026-09-18,18.0,BTO,90.0,0.9998243059042532,0.0,0.05,9312.0,0.0,STO,85.0,0.0,0.05,458.0,0.0,5.0,0.05,,,False,31.558935361216733,0.9410646387832671,
2026-08-28,UBER,buy-first put-tail inventory,,,True,30.401587301587305,78.85,0.0888550393500775,-1.499063085571517,7.05635087871741,14.402702322445194,73.95833333333334,31.9,32.8083,-0.0971000000000046,7.5396825396825395,0.2301000000000002,83.33333333333333,0.1329999999999955,5.9523809523809526,1.4355999999999938,1.838699999999996,30.555555555555557,-0.9170000000000016,32.142857142857146,14.285714285714286,10.317460317460318,122855.8,1304412,1462337331.3,89.7961,2.39342,0000-00-00,9,False,Application Software,Industrials,XLI,288,247,False,spread debit outside 0.00-0.10; one leg lacks a two-sided put quote; combined put quote widths exceed 0.10,put,2026-10-16,50.0,BTO,55.0,0.9940931802304896,0.02,0.16,385.0,0.0,STO,50.0,0.0,0.16,136.0,0.0,5.0,0.16,,,False,30.247305009511727,2.2526949904882727,
2026-08-24,APO,buy-first put-tail inventory,,,True,30.238730158730156,132.49,-2.3079191859607717,-7.884307863449913,4.442738198656415,4.904176628848145,50.86505190311419,29.92,34.5149,2.7487000000000066,9.92063492063492,-0.6965000000000003,88.4920634920635,2.0522000000000062,14.285714285714286,-0.0969999999999942,5.935199999999995,81.74603174603175,8.367399999999996,81.34920634920636,13.88888888888889,37.698412698412696,6634.75,275492,526036103.31,95.1921,5.61463,0000-00-00,10,False,Investment Management,Financials,XLF,289,256,False,one leg lacks a two-sided put quote,put,2026-09-18,26.0,BTO,90.0,0.9998548855362376,0.0,0.05,9312.0,0.0,STO,85.0,0.0,0.05,458.0,0.0,5.0,0.05,,,False,32.070344931692965,0.42965506830703504,
2026-08-25,NBIS,buy-first put-tail inventory,,,True,30.23142857142857,221.05,-11.512749689764211,-19.094502598638464,-0.7493747726956435,8.688179572596777,56.747404844290664,28.34,90.33,-2.7642999999999915,17.857142857142858,2.3588999999999913,82.93650793650794,-0.4054000000000002,14.285714285714286,10.060000000000002,9.386899999999995,75.7936507936508,1.3130000000000024,54.36507936507937,9.523809523809524,33.73015873015873,261488.15,1294889,5939373447.91,97.8312,4.39857,0000-00-00,11,False,Internet Content & Media,Technology,XLK,289,257,False,spread debit outside 0.00-0.10; combined put quote widths exceed 0.10,put,2026-09-18,25.0,BTO,140.0,0.9696207801714287,0.75,0.85,2116.0,117.0,STO,135.0,0.6,0.66,2245.0,6.0,5.0,0.25,,,False,36.66591268943679,4.165912689436787,
2026-08-24,AG,buy-first put-tail inventory,,,True,30.159999999999997,20.84,5.840528186896887,-1.4657210401891163,19.35853379152348,8.67073801331706,59.515570934256054,29.84,68.6332,-8.115399999999994,22.22222222222222,5.487099999999998,56.74603174603175,-2.628299999999996,2.7777777777777777,14.5856,13.189400000000006,23.41269841269841,1.7879999999999967,60.31746031746032,3.1746031746031744,35.714285714285715,45916.85,916403,234167521.41,83.3938,7.29617,0000-00-00,9,False,Silver,Materials,XLB,289,256,False,one leg lacks a two-sided put quote,put,2026-09-18,26.0,BTO,13.0,0.9943913899446698,0.0,0.05,215.0,4.0,STO,10.0,0.0,0.02,332.0,0.0,3.0,0.05,,,False,37.61996161228407,5.119961612284072,
2026-09-02,MRNA,buy-first put-tail inventory,,,True,30.11952380952381,153.45,3.2776955175662703,-9.001956947162427,87.72892652574865,216.01634023892169,99.65156794425089,23.69,79.8634,-3.1114000000000033,31.349206349206348,2.349800000000002,55.15873015873016,-0.7616000000000014,24.603174603174605,11.582800000000006,4.440799999999996,6.746031746031746,-5.865400000000008,29.761904761904763,18.650793650793652,73.41269841269842,169490.3,942161,4703009500.9800005,96.7257,9.84931,0000-00-00,9,False,Biotechnology,Healthcare,XLV,287,252,False,spread debit outside 0.00-0.10; combined put quote widths exceed 0.10,put,2026-09-18,17.0,BTO,105.0,0.9881728769303033,0.16,0.34,630.0,7.0,STO,100.0,0.12,0.16,6901.0,308.0,5.0,0.22000000000000003,,,False,31.57380254154447,0.9261974584555297,
2026-08-31,ASML,buy-first put-tail inventory,,,True,29.975396825396825,1692.8,-3.185033943574178,-10.32568389379781,-3.96342622277287,7.701094078443448,61.93771626297578,31.85,39.0211,-0.1810000000000045,11.11111111111111,0.3397000000000076,78.96825396825396,0.1587000000000031,4.761904761904762,4.176700000000004,2.4557,42.857142857142854,-2.070999999999998,21.428571428571427,3.1746031746031744,22.22222222222222,16404.3,169769,2027852568.8,98.8797,4.79432,0000-00-00,6,False,Semiconductor Equipment & Materials Manufacturing,Technology,XLK,289,251,False,no roughly $5-wide put spread 25-45% OTM in current/next monthly,,,,,,,,,,,,,,,,,,,,,False,,,
2026-08-31,GE,buy-first put-tail inventory,,,True,29.96142857142857,336.35,-1.4618855100486217,-11.695983197689674,-6.416747771224474,7.568131092305553,61.5916955017301,28.61,29.606,2.2239999999999966,19.444444444444443,-0.8681999999999945,67.06349206349206,1.355800000000002,12.698412698412698,0.5701000000000036,-1.0683000000000007,28.571428571428573,-1.7231000000000023,22.22222222222222,4.365079365079365,28.571428571428573,12913.75,216327,1211996653.0,96.6628,3.25329,0000-00-00,7,False,Aerospace & Defense Manufacturing,Industrials,XLI,289,251,False,spread debit outside 0.00-0.10; one leg lacks a two-sided put quote; combined put quote widths exceed 0.10,put,2026-09-18,19.0,BTO,200.0,0.9994818399198927,0.0,0.22,235.0,0.0,STO,195.0,0.0,2.13,160.0,0.0,5.0,0.22,,,False,40.538129924186116,8.038129924186116,
2026-08-24,AA,buy-first put-tail inventory,,,True,29.887301587301582,48.97,-5.408537763183318,-8.72320596458528,-2.5565717105629826,-30.10838467355715,8.304498269896193,26.7,50.4919,0.0457000000000036,24.20634920634921,0.4368999999999943,60.714285714285715,0.4825999999999979,17.857142857142858,3.2382999999999953,5.079000000000001,59.12698412698413,4.4131,67.85714285714286,40.87301587301587,28.174603174603178,15247.85,244762,266709503.95,91.2266,5.57212,0000-00-00,7,False,Aluminum,Materials,XLB,289,256,False,one leg lacks a two-sided put quote; combined put quote widths exceed 0.10,put,2026-09-18,26.0,BTO,33.0,0.9977627258370031,0.0,0.05,583.0,0.0,STO,28.0,0.0,0.56,1127.0,0.0,5.0,0.05,,,False,32.61180314478251,0.11180314478251319,
2026-08-28,TXN,buy-first put-tail inventory,,,True,29.818095238095236,258.67,-2.1301551267498997,-9.273613692960614,-9.634050568878926,-13.043227075001928,22.569444444444446,30.42,35.101,0.9338000000000052,13.88888888888889,-0.1135000000000019,61.507936507936506,0.8203000000000031,9.92063492063492,3.0302000000000007,1.6483999999999952,41.666666666666664,-3.0336,23.41269841269841,9.92063492063492,30.952380952380953,17169.25,243078,1641052929.42,98.2217,4.37041,0000-00-00,8,False,Semiconductors,Technology,XLK,288,247,False,one leg lacks a two-sided put quote; combined put quote widths exceed 0.10,put,2026-09-18,22.0,BTO,180.0,0.9998821942637873,0.0,0.1,2532.0,4.0,STO,175.0,0.0,0.28,834.0,0.0,5.0,0.1,,,False,30.413267870259407,2.086732129740593,
2026-09-01,BMY,buy-first put-tail inventory,,,True,29.738888888888887,66.78,-1.5770081061164287,-1.5770081061164287,7.3875148747306385,27.7691536681555,89.93055555555556,29.15,25.3756,0.7970000000000006,18.253968253968253,-0.1623999999999981,68.65079365079364,0.6346000000000025,12.301587301587302,0.415300000000002,1.7139999999999986,46.82539682539682,-0.0877000000000016,32.93650793650794,13.492063492063492,11.904761904761903,21411.7,701375,711006116.91,80.4507,4.11959,0000-00-00,8,False,Major Pharmaceuticals,Healthcare,XLV,288,252,False,no roughly $5-wide put spread 25-45% OTM in current/next monthly,,,,,,,,,,,,,,,,,,,,,False,,,
2026-08-31,LEN,buy-first put-tail inventory,,,True,29.732063492063496,84.44,-4.888488398287905,-4.888488398287905,-2.095826434590653,-3.0332178146969873,38.062283737024224,33.76,41.4566,0.0071000000000012,4.365079365079365,0.4714000000000027,85.31746031746032,0.4785000000000039,3.1746031746031744,3.397199999999998,5.052600000000005,69.44444444444444,-3.756599999999999,20.238095238095237,36.507936507936506,16.666666666666668,6257.4,82291,191151713.34,78.5821,7.52473,0000-00-00,2,True,Residential Homebuilding,C. Cyclical,XLY,289,251,False,spread debit outside 0.00-0.10; one leg lacks a two-sided put quote; combined put quote widths exceed 0.10; one put leg has OI below 25,put,2026-10-16,47.0,BTO,60.0,0.9852389540968816,0.0,0.25,0.0,0.0,STO,55.0,0.0,0.2,0.0,0.0,5.0,0.25,,,True,28.943628612032214,3.5563713879677863,
2026-08-25,WULF,buy-first put-tail inventory,,,True,29.690634920634917,16.24,4.504504504504503,-13.800424628450116,-20.3788866771913,-33.049770923653085,5.536332179930796,25.23,88.2126,-0.4418000000000006,27.38095238095238,0.8538000000000068,60.31746031746032,0.4120000000000061,23.015873015873016,9.45580000000001,6.698499999999996,34.523809523809526,0.3002999999999929,25.79365079365079,17.46031746031746,21.428571428571427,167352.35,2473759,524247537.6,98.8043,5.50143,0000-00-00,10,False,Investment Banking & Brokerage,Financials,XLF,289,257,False,one leg lacks a two-sided put quote; combined put quote widths exceed 0.10; one put leg has OI below 25,put,2026-09-18,25.0,BTO,10.0,0.9781313429334733,0.01,0.09,10034.0,2.0,STO,7.0,0.0,0.06,0.0,0.0,3.0,0.09,,,False,38.42364532019704,5.923645320197039,
2026-08-26,QCOM,buy-first put-tail inventory,,,True,29.685555555555553,163.07,0.5301769311386373,-2.2537912845411623,-7.105910768810109,-26.96007577527388,9.655172413793103,25.87,41.5586,-1.1293999999999969,24.20634920634921,1.339100000000002,78.96825396825396,0.2097000000000051,23.015873015873016,5.514200000000002,4.089199999999998,55.95238095238095,0.5623999999999967,50.0,6.349206349206349,59.523809523809526,66805.35,900995,1782619326.72,98.378,2.03033,0000-00-00,9,False,Semiconductors,Technology,XLK,290,257,False,spread debit outside 0.00-0.10; combined put quote widths exceed 0.10,put,2026-10-16,52.0,BTO,110.0,0.9899825864196137,0.08,0.19,1059.0,1.0,STO,105.0,0.05,0.13,410.0,3.0,5.0,0.14,,,False,32.54430612620347,0.044306126203473184,
2026-09-01,TXN,buy-first put-tail inventory,,,True,29.667301587301584,253.06,-2.462902293312774,-11.241275297253694,-10.725562066301409,-11.656690518360612,23.958333333333336,26.92,35.5954,1.474899999999998,23.80952380952381,-0.2886999999999986,51.58730158730159,1.1861999999999997,18.253968253968253,0.8693000000000026,1.3862000000000023,37.698412698412696,-0.8992999999999967,32.142857142857146,25.396825396825395,34.523809523809526,16923.05,239290,1525927699.5300002,95.9331,3.58537,0000-00-00,8,False,Semiconductors,Technology,XLK,288,252,False,combined put quote widths exceed 0.10,put,2026-09-18,18.0,BTO,180.0,0.9989401147390771,0.01,0.1,2763.0,30.0,STO,175.0,0.01,0.13,834.0,150.0,5.0,0.09000000000000001,,,False,28.870623567533393,3.629376432466607,
2026-08-25,QCOM,buy-first put-tail inventory,,,True,29.653015873015875,159.66,-0.5233644859813147,-4.297788167595762,-9.6439748501706,-32.91397311270527,5.88235294117647,26.22,41.6535,-0.7588000000000008,25.79365079365079,0.761099999999999,69.04761904761905,0.0022999999999981,19.84126984126984,5.4176,2.7220000000000013,39.68253968253968,-0.313600000000001,40.476190476190474,3.968253968253968,60.714285714285715,71126.05,887714,1768021043.88,97.7945,2.83951,0000-00-00,9,False,Semiconductors,Technology,XLK,289,257,False,spread debit outside 0.00-0.10; combined put quote widths exceed 0.10,put,2026-10-16,53.0,BTO,115.0,0.966480470212474,0.22,0.41,1480.0,2.0,STO,110.0,0.15,0.32,1059.0,1.0,5.0,0.26,,,False,27.971940373293247,4.528059626706753,
2026-09-02,LRCX,buy-first put-tail inventory,,,True,29.595714285714287,288.1,-7.919969317310138,-15.922488764372844,-11.402206918438972,-11.718994981102297,21.951219512195124,34.69,53.2994,-0.5627999999999957,3.1746031746031744,0.4466999999999999,89.28571428571429,-0.1160999999999958,0.3968253968253968,5.180199999999999,3.5390999999999977,77.38095238095238,-5.027000000000001,10.317460317460318,1.984126984126984,20.238095238095237,39404.2,562824,2322646461.2,98.6263,2.87357,0000-00-00,7,False,Semiconductor Equipment & Materials Manufacturing,Technology,XLK,287,252,False,one leg lacks a two-sided put quote; combined put quote widths exceed 0.10,put,2026-09-18,17.0,BTO,195.0,0.9994012173073632,0.0,0.09,1215.0,69.0,STO,190.0,0.0,0.29,944.0,0.0,5.0,0.09,,,False,32.315168344324896,0.1848316556751044,
2026-08-31,T,buy-first put-tail inventory,,,True,29.586349206349205,25.98,1.247077162899446,0.0,11.775588349180378,9.48962792835929,66.08996539792388,29.62,21.4279,1.5944000000000005,9.92063492063492,0.073599999999999,86.9047619047619,1.6679999999999993,19.047619047619047,1.2028999999999996,-0.465600000000002,11.507936507936508,-1.714100000000002,24.603174603174605,4.761904761904762,19.84126984126984,65230.55,1079298,957499679.52,80.6752,2.59224,0000-00-00,7,False,Telecommunications Services,Comm,XLC,289,251,False,no roughly $5-wide put spread 25-45% OTM in current/next monthly,,,,,,,,,,,,,,,,,,,,,False,,,
2026-08-31,ANET,buy-first put-tail inventory,,,True,29.55190476190476,196.9,5.01893434316496,-5.946978743730591,8.801962745412272,18.58633292652986,80.96885813148789,30.21,46.5931,1.0116000000000014,17.063492063492063,-0.2645000000000053,76.19047619047619,0.7470999999999961,9.126984126984128,2.2058999999999997,-0.5078999999999994,31.746031746031747,-2.6999999999999957,29.365079365079364,3.5714285714285716,19.047619047619047,27439.25,302404,1466671550.32,97.6534,4.11975,0000-00-00,9,False,Computer Hardware Manufacturing,Technology,XLK,289,251,False,one leg lacks a two-sided put quote; combined put quote widths exceed 0.10,put,2026-09-18,19.0,BTO,115.0,0.9990944587787494,0.0,0.04,826.0,2.0,STO,110.0,0.0,0.17,1292.0,0.0,5.0,0.04,,,False,41.59471813103098,9.09471813103098,
2026-08-24,WULF,buy-first put-tail inventory,,,True,29.544126984126983,15.52,-12.316384180790962,-17.622080679405528,-24.642635177128668,-30.100572980216157,8.650519031141869,27.44,88.5332,-1.9812000000000152,23.015873015873016,1.894200000000012,70.63492063492063,-0.0870000000000033,17.063492063492063,9.958500000000017,13.794200000000018,65.07936507936508,7.054299999999998,51.58730158730159,40.476190476190474,22.61904761904762,174999.35,2435195,526553850.6400001,94.4894,7.39854,0000-00-00,11,False,Investment Banking & Brokerage,Financials,XLF,289,256,False,one leg lacks a two-sided put quote; combined put quote widths exceed 0.10; one put leg has OI below 25,put,2026-09-18,26.0,BTO,10.0,0.9771745528126307,0.04,0.1,10030.0,18.0,STO,7.0,0.0,0.06,0.0,0.0,3.0,0.1,,,False,35.567010309278345,3.067010309278345,
2026-08-31,EXPE,buy-first put-tail inventory,,other,True,29.514444444444447,318.84,-5.791277626758074,-5.791277626758074,9.769499199898648,42.4832051102055,97.2318339100346,34.93,37.633,1.4889999999999972,1.5873015873015872,-0.5951000000000022,93.25396825396824,0.893899999999995,1.1904761904761905,1.5519999999999925,5.566600000000001,92.85714285714286,5.313300000000005,71.42857142857143,49.6031746031746,34.92063492063492,3961.95,63645,505128375.36,94.6125,5.40947,0000-00-00,9,False,Travel & Tourism Services,C. Cyclical,XLY,289,251,False,spread debit outside 0.00-0.10; one leg lacks a two-sided put quote; combined put quote widths exceed 0.10; one put leg has OI below 25,put,2026-10-16,47.0,BTO,180.0,0.9999485753472857,0.0,0.45,6.0,0.0,STO,175.0,0.0,0.85,41.0,0.0,5.0,0.45,,,False,43.545351900639815,11.045351900639815,
2026-08-24,GE,buy-first put-tail inventory,,,True,29.50444444444444,341.34,-7.4482796019630815,-10.385928065108953,-5.13315931537125,14.637979927556287,69.8961937716263,29.94,30.063,1.837500000000002,7.5396825396825395,-0.2825000000000024,95.63492063492065,1.5549999999999995,20.238095238095237,0.7894000000000005,0.8465999999999951,65.87301587301587,2.4499999999999957,65.07936507936508,30.952380952380953,48.80952380952381,13316.0,207157,1246928405.14,97.5914,3.34063,0000-00-00,8,False,Aerospace & Defense Manufacturing,Industrials,XLI,289,256,False,no roughly $5-wide put spread 25-45% OTM in current/next monthly,,,,,,,,,,,,,,,,,,,,,False,,,
2026-09-02,OXY,buy-first put-tail inventory,,,True,29.490634920634925,61.02,4.023184452778739,-0.66742633892235,9.445454838952694,6.7377325463609745,50.522648083623686,30.43,31.3272,-0.7944999999999958,12.698412698412698,0.9823999999999984,70.63492063492063,0.1879000000000026,12.698412698412698,2.561800000000005,1.7449000000000012,4.365079365079365,-1.112000000000002,12.301587301587302,8.73015873015873,26.58730158730159,34354.75,807545,478692340.35,92.1859,2.57339,0000-00-00,9,False,Oil & Gas Exploration,Energy,XLE,287,252,False,no roughly $5-wide put spread 25-45% OTM in current/next monthly,,,,,,,,,,,,,,,,,,,,,False,,,
2026-08-25,AFRM,buy-first put-tail inventory,,,True,29.4784126984127,77.45,4.8605469807744495,-2.123088588398825,0.5389771895299544,14.227296480982265,68.5121107266436,33.22,69.49600000000001,1.0253999999999976,6.746031746031746,-0.3427000000000078,83.33333333333333,0.6826999999999899,4.761904761904762,0.4375,0.6440000000000055,57.142857142857146,24.757199999999997,87.6984126984127,9.523809523809524,85.71428571428571,11182.7,208983,221472751.92,92.8155,8.41933,0000-00-00,0,True,Credit & Lending Services,Industrials,XLI,289,257,False,spread debit outside 0.00-0.10; one leg lacks a two-sided put quote; combined put quote widths exceed 0.10,put,2026-09-18,25.0,BTO,47.5,0.9929641288678666,0.02,0.12,150.0,20.0,STO,42.5,0.0,0.07,1286.0,2.0,5.0,0.12,,,True,38.67010974822467,6.170109748224668,
2026-08-24,WMT,buy-first put-tail inventory,,,True,29.473015873015875,106.54,-6.927579278413553,-7.893144289789911,-5.929596417307392,-9.791944225810278,22.837370242214533,31.4,22.3613,0.5625,10.317460317460318,0.0246999999999992,83.73015873015873,0.5871999999999993,10.317460317460318,2.701500000000003,3.4567000000000014,80.95238095238095,2.2220999999999975,71.42857142857143,15.07936507936508,38.888888888888886,147870.4,1147578,2691585350.0,93.5619,1.32698,0000-00-00,12,False,Discount Retail,C. Defensive,XLP,289,256,False,no roughly $5-wide put spread 25-45% OTM in current/next monthly,,,,,,,,,,,,,,,,,,,,,False,,,
2026-09-02,MA,buy-first put-tail inventory,,,True,29.45333333333333,590.27,-1.447557351320683,-1.447557351320683,6.519128761698667,29.627657154103527,86.7595818815331,33.88,20.3212,1.1178999999999988,4.761904761904762,-0.3548000000000009,92.46031746031746,0.7630999999999979,3.5714285714285716,0.1387999999999998,-0.7154999999999987,32.53968253968254,-1.5624000000000002,17.857142857142858,12.698412698412698,15.873015873015872,5810.75,146224,1667607657.3,98.6012,2.26263,0000-00-00,8,False,Credit & Lending Services,Financials,XLF,287,252,False,spread debit outside 0.00-0.10; one leg lacks a two-sided put quote; combined put quote widths exceed 0.10; one put leg has OI below 25,put,2026-09-18,17.0,BTO,390.0,0.9999043766175397,0.0,0.4,999.0,2.0,STO,385.0,0.0,1.0,0.0,0.0,5.0,0.4,,,False,33.92854117607197,1.4285411760719668,
2026-09-01,SCHW,buy-first put-tail inventory,,,True,29.403492063492067,108.13,-4.368974971256745,-4.706089715343264,3.949364460142002,28.7299210879577,90.9722222222222,32.66,23.6371,1.4414000000000016,6.349206349206349,-0.3242000000000011,93.25396825396824,1.1172000000000004,8.333333333333334,0.4801999999999999,0.6965000000000003,65.07936507936508,-0.5658999999999992,29.761904761904763,5.158730158730159,15.873015873015872,20809.6,467551,814544055.06,93.6453,2.46448,0000-00-00,6,False,Investment Banking & Brokerage,Financials,XLF,288,252,False,spread debit outside 0.00-0.10; combined put quote widths exceed 0.10,put,2026-10-16,46.0,BTO,77.5,0.9979920682466716,0.01,0.24,305.0,0.0,STO,75.0,0.03,0.15,952.0,5.0,2.5,0.21,,,True,28.32701377970961,4.17298622029039,
2026-08-31,V,buy-first put-tail inventory,,,True,29.39174603174603,380.39,-0.4657613104116054,-0.8109517601043059,5.816323181115912,21.626931038958663,85.81314878892734,31.64,18.9398,1.8238999999999983,11.904761904761903,-0.6163000000000025,76.19047619047619,1.2075999999999958,7.936507936507937,0.1427999999999976,-0.8917000000000002,21.428571428571427,-1.1662999999999997,20.634920634920636,4.365079365079365,10.714285714285714,25248.65,447725,2593670709.6000004,98.436,1.60453,0000-00-00,8,False,Credit & Lending Services,Financials,XLF,289,251,False,one leg lacks a two-sided put quote; combined put quote widths exceed 0.10,put,2026-09-18,19.0,BTO,285.0,0.9993983016018764,0.0,0.07,1521.0,10.0,STO,280.0,0.0,0.21,2252.0,16.0,5.0,0.07,,,False,25.07689476589815,7.42310523410185,
2026-08-28,ASML,buy-first put-tail inventory,,,True,29.34460317460318,1702.36,-3.4275405892964517,-9.819252855296345,-3.682641330260894,8.14511377664794,62.15277777777778,33.83,39.1702,-0.4431999999999974,7.5396825396825395,0.4026999999999958,81.34920634920636,-0.0405000000000015,1.5873015873015872,2.4236999999999966,3.421199999999999,54.36507936507937,-0.6811999999999969,30.555555555555557,1.984126984126984,17.857142857142858,16794.85,178315,2150088587.37,98.5088,5.29369,0000-00-00,6,False,Semiconductor Equipment & Materials Manufacturing,Technology,XLK,288,247,False,no roughly $5-wide put spread 25-45% OTM in current/next monthly,,,,,,,,,,,,,,,,,,,,,False,,,
2026-08-31,MA,buy-first put-tail inventory,,,True,29.203333333333333,590.0,-1.3905602353255886,-1.4926369920192473,7.243518038177976,22.659668728143192,87.5432525951557,34.13,20.1797,1.1747999999999976,5.9523809523809526,-0.4434000000000004,88.88888888888889,0.7313999999999972,2.380952380952381,0.4041999999999994,-0.0051000000000023,49.20634920634921,-1.130300000000002,22.22222222222222,4.365079365079365,15.873015873015872,5901.45,141760,1754353862.4,94.7231,3.50858,0000-00-00,8,False,Credit & Lending Services,Financials,XLF,289,251,False,spread debit outside 0.00-0.10; one leg lacks a two-sided put quote; combined put quote widths exceed 0.10,put,2026-09-18,19.0,BTO,440.0,0.9995773598411642,0.0,0.25,740.0,3.0,STO,435.0,0.0,8.5,32.0,0.0,5.0,0.25,,,False,25.423728813559322,7.076271186440678,
2026-09-02,ARM,buy-first put-tail inventory,,,True,29.16920634920635,235.64,-6.257707761467168,-18.197597722696667,-15.226005225163398,-37.838850127411504,4.878048780487805,27.18,59.4109,-2.118399999999994,23.80952380952381,1.4540000000000006,65.87301587301587,-0.6643999999999934,19.444444444444443,8.397600000000011,9.459800000000008,68.25396825396825,-1.8811000000000035,28.571428571428573,10.714285714285714,30.555555555555557,53530.1,788563,944349059.34,98.4472,2.80692,0000-00-00,9,False,Semiconductors,Technology,XLK,287,252,False,one leg lacks a two-sided put quote; combined put quote widths exceed 0.10,put,2026-09-18,17.0,BTO,135.0,0.9999632765608868,0.0,0.09,1201.0,7.0,STO,130.0,0.01,0.1,1069.0,14.0,5.0,0.08,,,False,42.70921745034798,10.209217450347978,
2026-08-27,ANET,buy-first put-tail inventory,,,True,29.135873015873017,199.9,8.493894165535965,-4.513971817530448,11.169442473289305,31.53947374281505,87.5,33.88,47.4787,0.1757999999999953,6.746031746031746,0.1892999999999958,88.88888888888889,0.3650999999999911,3.1746031746031744,3.017399999999995,3.4307000000000016,75.39682539682539,1.4731999999999985,56.34920634920635,3.968253968253968,23.80952380952381,28472.9,312128,1592425689.75,98.0638,4.26497,0000-00-00,9,False,Computer Hardware Manufacturing,Technology,XLK,288,256,False,one leg lacks a two-sided put quote; combined put quote widths exceed 0.10,put,2026-09-18,23.0,BTO,125.0,0.9997725455013509,0.01,0.08,1267.0,3.0,STO,120.0,0.0,0.33,1073.0,10.0,5.0,0.08,,,False,37.4687343671836,4.9687343671836,
2026-08-25,RIVN,buy-first put-tail inventory,,,True,28.93888888888889,16.81,13.966101694915256,-1.5231400117164728,2.3153333008715915,19.73500000276081,76.47058823529412,29.95,56.8523,-3.1206000000000103,25.396825396825395,2.5008000000000052,43.25396825396825,-0.619800000000005,5.158730158730159,9.162300000000002,9.60459999999999,13.095238095238097,0.8350999999999971,46.82539682539682,1.1904761904761905,25.0,96584.8,2271363,384198285.00000006,94.1371,4.01289,0000-00-00,10,False,Automobile Manufacturing,C. Cyclical,XLY,289,257,False,one leg lacks a two-sided put quote; one put leg has OI below 25,put,2026-09-18,25.0,BTO,12.0,0.9831713122791994,0.02,0.04,20771.0,73.0,STO,9.0,0.0,0.02,0.0,0.0,3.0,0.04,,,False,28.613920285544314,3.8860797144556862,
2026-09-01,T,buy-first put-tail inventory,,,True,28.74968253968254,26.06,1.0077519379844802,0.0,11.74669605413239,11.102565422580955,66.66666666666666,28.79,21.8616,1.9088999999999992,19.047619047619047,-0.2521999999999984,66.66666666666667,1.6567000000000007,18.253968253968253,1.0964000000000027,0.4098999999999968,21.825396825396822,-1.1702000000000048,30.15873015873016,15.873015873015872,19.047619047619047,64256.8,1095939,927504072.0,76.6607,2.6205,0000-00-00,7,False,Telecommunications Services,Comm,XLC,288,252,False,no roughly $5-wide put spread 25-45% OTM in current/next monthly,,,,,,,,,,,,,,,,,,,,,False,,,
2026-09-01,F,buy-first put-tail inventory,,,True,28.60952380952381,13.75,-1.5042979942693435,-5.1724137931034475,-2.4476764810216434,-10.36410381024363,25.34722222222222,30.2,30.842999999999996,0.0671999999999997,12.301587301587302,1.1618000000000066,85.71428571428571,1.2290000000000063,18.650793650793652,5.929400000000001,4.205499999999997,48.80952380952381,-2.8663999999999987,23.015873015873016,12.698412698412698,40.476190476190474,74308.15,1812574,564314647.0799999,59.07,2.41499,0000-00-00,7,False,Automobile Manufacturing,C. Cyclical,XLY,288,252,False,no roughly $5-wide put spread 25-45% OTM in current/next monthly,,,,,,,,,,,,,,,,,,,,,False,,,
2026-08-25,CLF,buy-first put-tail inventory,,,True,28.591587301587303,11.54,-3.833333333333344,-8.702531645569634,4.754815635155496,-0.59443243769286,37.0242214532872,28.71,62.2681,0.957099999999997,32.53968253968254,-0.1051000000000002,25.396825396825395,0.8519999999999968,5.9523809523809526,6.584799999999987,6.852100000000007,41.26984126984127,2.396000000000015,59.92063492063492,5.555555555555555,42.857142857142854,43235.15,714777,228776523.0,91.8702,7.27753,0000-00-00,7,False,Steel,Materials,XLB,289,257,False,one leg lacks a two-sided put quote; one put leg has OI below 25,put,2026-09-18,25.0,BTO,8.5,0.9656889959402927,0.01,0.05,0.0,0.0,STO,6.0,0.0,0.03,2060.0,0.0,2.5,0.05,,,False,26.343154246100518,6.156845753899482,
2026-08-27,IBM,buy-first put-tail inventory,,,True,28.561587301587306,237.73,1.6157298568070022,-0.4480737018425551,-2.6893960790863147,-7.774999529768679,28.125,28.74,31.891399999999997,-0.0680000000000049,23.80952380952381,0.2513000000000076,71.42857142857143,0.1833000000000026,14.682539682539682,3.806400000000003,3.2774,58.333333333333336,0.164200000000001,38.095238095238095,9.92063492063492,38.492063492063494,50047.3,627130,1344756280.51,98.5521,2.88322,0000-00-00,7,False,IT Services & Consulting,Technology,XLK,288,256,False,one leg lacks a two-sided put quote; combined put quote widths exceed 0.10,put,2026-09-18,23.0,BTO,170.0,0.9998528864400399,0.0,0.08,1019.0,109.0,STO,165.0,0.01,0.08,681.0,13.0,5.0,0.07,,,False,28.4903041265301,4.0096958734699015,
2026-09-02,RBLX,buy-first put-tail inventory,,,True,28.549841269841274,41.2,9.661964333244622,0.0,-9.489936247523046,-0.684608850217062,35.19163763066202,32.72,58.135000000000005,-1.0405999999999906,11.11111111111111,1.042599999999993,84.92063492063492,0.0020000000000024,7.5396825396825395,2.8393999999999906,4.822599999999994,62.698412698412696,-1.4135999999999953,31.746031746031747,51.19047619047619,28.174603174603178,23291.25,423091,520906687.77,83.3073,4.64632,0000-00-00,8,False,Gaming & Interactive Media,Comm,XLC,287,252,False,one leg lacks a two-sided put quote; one put leg has OI below 25,put,2026-09-18,17.0,BTO,25.0,0.999249446374068,0.0,0.04,678.0,54.0,STO,20.0,0.0,0.03,3.0,0.0,5.0,0.04,,,False,39.320388349514566,6.820388349514566,
2026-08-26,BA,buy-first put-tail inventory,,,True,28.48603174603175,212.18,-4.207674943566586,-11.889041152776048,-4.098568122649693,-3.380015694094407,34.13793103448276,33.26,28.822,0.5832999999999977,11.904761904761903,0.0665000000000013,76.98412698412699,0.649799999999999,4.365079365079365,2.404799999999998,1.698800000000002,47.61904761904762,-1.230399999999996,27.77777777777778,3.5714285714285716,15.07936507936508,62409.15,727344,1264357801.68,97.5565,1.56356,0000-00-00,9,False,Aerospace & Defense Manufacturing,Industrials,XLI,290,257,False,spread debit outside 0.00-0.10; one leg lacks a two-sided put quote; combined put quote widths exceed 0.10; one put leg has OI below 25,put,2026-10-16,52.0,BTO,135.0,0.9998630598282189,0.0,0.16,3.0,21.0,STO,130.0,0.0,0.21,4.0,28.0,5.0,0.16,,,False,36.374776133471585,3.8747761334715847,
2026-08-28,BMY,buy-first put-tail inventory,,,True,28.448730158730157,66.63,-0.833457359726153,-1.7980840088430372,8.021438924033175,20.236881443635877,80.20833333333334,26.71,23.7914,1.0501000000000005,27.77777777777778,-0.2135999999999995,67.46031746031746,0.8365000000000009,21.428571428571427,0.4099000000000004,1.6831000000000031,45.23809523809524,0.4414000000000015,36.904761904761905,20.238095238095237,7.936507936507937,25349.9,704939,758297793.5,76.3605,3.61776,0000-00-00,8,False,Major Pharmaceuticals,Healthcare,XLV,288,247,False,no roughly $5-wide put spread 25-45% OTM in current/next monthly,,,,,,,,,,,,,,,,,,,,,False,,,
2026-08-28,MS,buy-first put-tail inventory,,,True,28.414920634920637,214.62,0.317846125081811,-1.9731433269388865,-0.9234587324185584,6.496957326325104,57.986111111111114,32.22,26.2388,2.830500000000004,9.92063492063492,-0.7279000000000053,90.87301587301587,2.102599999999999,11.904761904761903,0.1793999999999975,-1.1915000000000011,48.80952380952381,-2.4833,14.285714285714286,4.365079365079365,17.063492063492063,12050.25,379902,944152207.62,92.7096,3.74447,0000-00-00,6,False,Investment Banking & Brokerage,Financials,XLF,288,247,False,one leg lacks a two-sided put quote; combined put quote widths exceed 0.10,put,2026-09-18,22.0,BTO,130.0,0.9999118149165614,0.0,0.01,2505.0,17.0,STO,125.0,0.0,0.74,888.0,0.0,5.0,0.01,,,False,39.427825924890506,6.927825924890506,
2026-09-01,V,buy-first put-tail inventory,,,True,28.345555555555553,373.22,-2.479684356301104,-2.680573663624508,3.551124934451644,22.666727634993546,83.33333333333334,32.21,19.32,1.8857999999999997,13.492063492063492,-0.6633999999999993,72.61904761904762,1.2224000000000004,8.73015873015873,0.1902000000000008,0.8752999999999993,65.07936507936508,0.0234999999999985,36.904761904761905,13.492063492063492,9.92063492063492,25255.05,451669,2558937146.36,98.3397,1.5324,0000-00-00,8,False,Credit & Lending Services,Financials,XLF,288,252,False,spread debit outside 0.00-0.10; one leg lacks a two-sided put quote; combined put quote widths exceed 0.10; one put leg has OI below 25,put,2026-10-16,46.0,BTO,265.0,0.9998976541337423,0.0,0.19,25.0,4.0,STO,260.0,0.0,0.55,3.0,0.0,5.0,0.19,,,False,28.99630244895772,3.503697551042279,
2026-09-01,FDX,buy-first put-tail inventory,,,True,28.312857142857148,323.05,-3.3189680972047553,-4.63468634686347,1.1341551376964798,3.3309399176671635,49.30555555555556,28.83,26.155,1.7380999999999958,23.015873015873016,-0.6010999999999989,60.714285714285715,1.136999999999997,16.26984126984127,0.5644999999999989,1.761900000000001,60.31746031746032,3.3002,65.47619047619048,17.46031746031746,27.77777777777778,5364.7,56681,474137405.99999994,90.9918,3.38559,0000-00-00,8,False,Freight & Logistics Services,Industrials,XLI,288,252,False,no roughly $5-wide put spread 25-45% OTM in current/next monthly,,,,,,,,,,,,,,,,,,,,,False,,,
2026-08-31,ARM,buy-first put-tail inventory,,,True,28.264920634920635,241.88,0.9895202705523688,-16.031382350899126,-14.832125485644898,-37.3601893060603,6.920415224913495,27.37,59.428,-2.1936999999999927,22.61904761904762,1.8780999999999892,74.2063492063492,-0.3156000000000034,24.20634920634921,11.032599999999997,10.908699999999996,73.41269841269842,0.0426999999999964,36.111111111111114,22.61904761904762,40.07936507936508,58257.05,754586,1053839255.35,98.9541,3.52398,0000-00-00,9,False,Semiconductors,Technology,XLK,289,251,False,combined put quote widths exceed 0.10,put,2026-09-18,19.0,BTO,160.0,0.9968569939040638,0.08,0.13,1522.0,30.0,STO,155.0,0.07,0.22,491.0,0.0,5.0,0.06,,,False,33.851496609889196,1.351496609889196,
2026-08-26,AA,buy-first put-tail inventory,,,True,28.232857142857146,49.69,-1.817822564710536,-7.381174277725999,0.1180704151001243,-29.457653319706345,9.310344827586208,28.91,50.0429,0.0257999999999967,23.80952380952381,0.3334999999999937,56.34920634920635,0.3592999999999904,15.476190476190476,1.5589999999999975,5.856400000000001,65.07936507936508,3.323500000000003,58.73015873015873,15.476190476190476,14.285714285714286,15562.15,258044,269867871.52,92.2162,3.60898,0000-00-00,7,False,Aluminum,Materials,XLB,290,257,False,one leg lacks a two-sided put quote,put,2026-09-18,24.0,BTO,35.0,0.9969671750407118,0.0,0.04,2019.0,0.0,STO,30.0,0.01,0.03,1527.0,1.0,5.0,0.03,,,False,29.56329241296035,2.936707587039649,
2026-08-31,BX,buy-first put-tail inventory,,,True,28.2315873015873,143.78,0.1462701121404341,-4.050717384050717,9.791428357618573,25.758932157781057,92.04152249134948,29.07,34.3166,2.869799999999998,18.650793650793652,-0.9863,75.0,1.883499999999998,19.84126984126984,-0.3241000000000014,0.1608000000000018,67.46031746031746,2.6066000000000003,59.92063492063492,13.095238095238097,38.888888888888886,16674.15,478018,557886867.8,98.44,3.92473,0000-00-00,7,False,Investment Management,Financials,XLF,289,251,False,spread debit outside 0.00-0.10; combined put quote widths exceed 0.10,put,2026-10-16,47.0,BTO,95.0,0.9993324088194,0.1,0.2,1672.0,15.0,STO,90.0,0.04,0.28,104.0,0.0,5.0,0.16,,,False,33.926832661009875,1.4268326610098754,
2026-09-02,GM,buy-first put-tail inventory,,,True,28.203492063492064,85.22,-1.3429034498726566,-4.376122082585288,2.7036538011921296,8.596770342436832,55.052264808362374,33.86,30.1498,1.1467999999999954,9.92063492063492,-0.2695999999999969,65.47619047619048,0.8771999999999984,4.761904761904762,-0.0973999999999968,1.0193999999999974,35.714285714285715,0.0074999999999967,50.3968253968254,10.317460317460318,24.20634920634921,14267.9,326381,442879986.97,94.399,2.26975,0000-00-00,6,False,Automobile Manufacturing,C. Cyclical,XLY,287,252,False,no roughly $5-wide put spread 25-45% OTM in current/next monthly,,,,,,,,,,,,,,,,,,,,,False,,,
2026-08-31,MS,buy-first put-tail inventory,,,True,28.15904761904762,213.65,-0.2521126102992599,-2.4161870832191457,-1.2784589736101748,4.404713072731658,53.28719723183391,34.46,27.015299999999996,2.089700000000001,6.349206349206349,-0.5771999999999977,94.44444444444444,1.5125000000000028,5.555555555555555,-0.8021999999999956,-0.3426000000000044,70.23809523809524,0.1473999999999975,32.53968253968254,4.365079365079365,28.571428571428573,11656.45,373653,912002979.09,92.3177,2.49422,0000-00-00,6,False,Investment Banking & Brokerage,Financials,XLF,289,251,False,one leg lacks a two-sided put quote; combined put quote widths exceed 0.10,put,2026-09-18,19.0,BTO,155.0,0.9999759867223502,0.0,0.07,1488.0,602.0,STO,150.0,0.0,0.58,1152.0,0.0,5.0,0.07,,,False,27.451439269833845,5.048560730166155,
2026-08-24,SLB,buy-first put-tail inventory,,,True,28.14666666666666,53.95,0.3720930232558261,0.0,8.733332258428582,-4.932712379785576,29.411764705882355,33.52,32.4991,0.3065000000000069,14.285714285714286,0.197899999999997,44.04761904761905,0.504400000000004,2.380952380952381,1.550400000000003,5.3048,75.7936507936508,6.0541999999999945,88.0952380952381,36.904761904761905,42.46031746031746,14319.8,694729,595401137.85,90.0192,3.74159,0000-00-00,8,False,Oilfield Equipment & Services,Energy,XLE,289,256,False,spread debit outside 0.00-0.10; one leg lacks a two-sided put quote; combined put quote widths exceed 0.10; one put leg has OI below 25,put,2026-10-16,54.0,BTO,40.0,0.9702304270435026,0.03,0.15,0.0,0.0,STO,35.0,0.0,0.23,0.0,0.0,5.0,0.15,,,False,25.85727525486562,6.64272474513438,
2026-09-01,BX,buy-first put-tail inventory,,,True,28.092222222222222,136.59,-4.542595569222163,-8.848848848848846,4.080783573844093,23.322864094423267,84.375,34.13,36.1813,1.8101000000000056,6.349206349206349,-0.4489000000000018,90.87301587301587,1.3612000000000035,7.5396825396825395,0.5940000000000012,1.3699000000000012,83.33333333333333,1.8487999999999971,50.0,4.761904761904762,43.65079365079365,17407.1,486220,550557407.24,96.6278,4.07558,0000-00-00,7,False,Investment Management,Financials,XLF,288,252,False,combined put quote widths exceed 0.10,put,2026-09-18,18.0,BTO,100.0,0.9991565110350162,0.03,0.06,13458.0,10.0,STO,95.0,0.01,0.1,1141.0,0.0,5.0,0.049999999999999996,,,False,26.788198257559117,5.711801742440883,
2026-08-26,COST,buy-first put-tail inventory,,,True,28.09190476190476,958.25,0.0083492490894121,-1.5867310259833678,1.223898072367402,-2.2172388087329686,36.896551724137936,31.67,22.8805,0.1369999999999969,17.063492063492063,0.0151000000000038,70.23809523809524,0.1521000000000008,9.126984126984128,1.2821999999999996,1.983500000000003,30.15873015873016,-1.614799999999999,21.03174603174603,17.857142857142858,27.38095238095238,43423.9,347443,1764555020.59,96.2848,1.72175,0000-00-00,4,False,Discount Retail,C. Defensive,XLP,290,257,False,no roughly $5-wide put spread 25-45% OTM in current/next monthly,,,,,,,,,,,,,,,,,,,,,False,,,
2026-09-01,LEN,buy-first put-tail inventory,,,True,28.023015873015872,82.96,-5.2643599406189345,-6.555530524893005,-3.7126793780786422,-3.4494219734469755,35.06944444444444,32.85,41.7861,0.7602000000000046,11.904761904761903,0.0137,65.07936507936508,0.7739000000000047,8.73015873015873,0.4087000000000031,1.428599999999996,24.20634920634921,-4.865500000000004,14.285714285714286,21.428571428571427,15.873015873015872,6215.2,85614,185244873.32,81.7615,7.10589,0000-00-00,2,True,Residential Homebuilding,C. Cyclical,XLY,288,252,False,spread debit outside 0.00-0.10; one leg lacks a two-sided put quote; combined put quote widths exceed 0.10; one put leg has OI below 25,put,2026-10-16,46.0,BTO,60.0,0.9872881455091095,0.0,0.25,0.0,0.0,STO,55.0,0.0,0.2,0.0,0.0,5.0,0.25,,,True,27.67598842815814,4.8240115718418615,
2026-08-27,TXN,buy-first put-tail inventory,,,True,28.000476190476192,264.93,-0.0716656608328314,-7.0779699063519335,-7.720505254006349,-14.398038517513466,19.791666666666664,33.19,35.945899999999995,0.7811999999999983,11.11111111111111,-0.0706999999999951,65.07936507936508,0.7105000000000032,7.936507936507937,4.4835000000000065,4.036099999999998,83.33333333333333,-0.5763999999999996,34.92063492063492,14.682539682539682,44.04761904761905,16641.5,239199,1669205461.4699998,97.9865,3.87609,0000-00-00,8,False,Semiconductors,Technology,XLK,288,256,False,one leg lacks a two-sided put quote; combined put quote widths exceed 0.10,put,2026-09-18,23.0,BTO,180.0,0.9997791255020408,0.01,0.05,2523.0,14.0,STO,175.0,0.0,0.28,834.0,0.0,5.0,0.05,,,False,32.05752462914732,0.4424753708526765,
2026-08-26,CLF,buy-first put-tail inventory,,,True,27.974920634920633,11.63,5.727272727272736,-7.990506329113922,5.958454810495639,-7.412979340983206,25.86206896551724,27.66,61.004000000000005,0.6576000000000022,28.96825396825397,1.164999999999992,53.57142857142857,1.8225999999999944,17.857142857142858,7.721499999999992,7.406799999999997,48.01587301587302,-0.3125,48.80952380952381,46.03174603174603,27.38095238095238,41988.9,722364,217588769.28,88.5987,6.17712,0000-00-00,7,False,Steel,Materials,XLB,290,257,False,one leg lacks a two-sided put quote; combined put quote widths exceed 0.10; one put leg has OI below 25,put,2026-09-18,24.0,BTO,8.5,0.9743305695180993,0.01,0.04,0.0,0.0,STO,6.0,0.0,0.11,2060.0,0.0,2.5,0.04,,,False,26.913155631986253,5.586844368013747,
2026-09-02,BX,buy-first put-tail inventory,,,True,27.94111111111111,137.87,-4.163770332267491,-7.994661327994656,4.768895940860696,30.770636357885405,88.50174216027874,33.17,35.9056,2.0670999999999964,7.936507936507937,-0.5843999999999951,88.4920634920635,1.4827000000000012,11.507936507936508,-0.6334000000000017,0.3999999999999986,70.63492063492063,2.314700000000002,56.74603174603175,12.698412698412698,43.25396825396825,17058.45,501349,522925253.54,97.3288,3.11701,0000-00-00,7,False,Investment Management,Financials,XLF,287,252,False,spread debit outside 0.00-0.10; combined put quote widths exceed 0.10,put,2026-10-16,45.0,BTO,100.0,0.9931621187318069,0.1,0.25,1453.0,0.0,STO,95.0,0.1,0.21,1672.0,0.0,5.0,0.15,,,False,27.46790454776239,5.032095452237609,
2026-08-31,IBM,buy-first put-tail inventory,,,True,27.93,235.43,1.4172482122857044,-1.411222780569521,-3.2892261330642825,-22.522584661705533,16.26297577854671,27.07,31.1426,0.0823000000000035,26.19047619047619,0.299199999999999,72.61904761904762,0.3815000000000026,23.80952380952381,3.071900000000003,2.080400000000001,44.84126984126984,-0.7982999999999976,31.349206349206348,15.07936507936508,34.523809523809526,47135.35,609646,1276785423.57,98.525,2.71623,0000-00-00,7,False,IT Services & Consulting,Technology,XLK,289,251,False,one leg lacks a two-sided put quote; combined put quote widths exceed 0.10,put,2026-09-18,19.0,BTO,140.0,0.999711649552781,0.0,0.04,340.0,5.0,STO,135.0,0.0,1.27,187.0,0.0,5.0,0.04,,,False,40.5343414178312,8.0343414178312,
2026-09-02,BB,buy-first put-tail inventory,,,True,27.597936507936502,7.62,-2.3076923076922995,-15.707964601769897,-18.127900979886537,-19.96711762830934,16.376306620209057,23.91,75.5689,-6.543299999999995,43.65079365079365,5.292899999999996,39.68253968253968,-1.250399999999999,23.80952380952381,25.642100000000013,13.441400000000009,34.12698412698413,-31.469800000000006,1.1904761904761905,23.015873015873016,29.365079365079364,22585.85,629683,75893715.72,63.3435,7.30827,0000-00-00,3,False,Infrastructure Software,Technology,XLK,287,252,False,no roughly $5-wide put spread 25-45% OTM in current/next monthly,,,,,,,,,,,,,,,,,,,,,False,,,
2026-09-02,T,buy-first put-tail inventory,,,True,27.595873015873018,26.02,0.1539645881447171,-0.1534919416730562,11.282182875716362,15.373276095229905,68.98954703832753,30.42,21.787799999999997,1.706400000000002,14.285714285714286,-0.0220999999999982,81.34920634920636,1.684300000000004,20.634920634920636,1.5663000000000018,0.7576999999999998,28.571428571428573,-1.4182999999999986,28.96825396825397,3.968253968253968,17.46031746031746,62502.5,1113447,905434790.0,78.0471,2.49995,0000-00-00,7,False,Telecommunications Services,Comm,XLC,287,252,False,no roughly $5-wide put spread 25-45% OTM in current/next monthly,,,,,,,,,,,,,,,,,,,,,False,,,
2026-08-24,VRT,buy-first put-tail inventory,,,True,27.5915873015873,254.28,-13.140905209222886,-13.330379358533008,-13.240186294078503,-20.475838549637103,14.878892733564014,29.71,55.6771,1.588799999999999,20.634920634920636,-0.5857000000000028,75.7936507936508,1.0030999999999963,17.857142857142858,1.8804999999999976,1.901299999999992,78.57142857142857,4.697199999999995,64.68253968253968,10.317460317460318,27.38095238095238,36172.55,408495,1668035517.85,98.2063,4.30074,0000-00-00,8,False,Electrical Equipment Manufacturing,Industrials,XLI,289,256,False,spread debit outside 0.00-0.10; one leg lacks a two-sided put quote; combined put quote widths exceed 0.10,put,2026-09-18,26.0,BTO,140.0,0.999705048197386,0.0,0.18,711.0,0.0,STO,135.0,0.0,0.15,1023.0,0.0,5.0,0.18,,,False,44.942582979392796,12.442582979392796,
2026-08-27,UBER,buy-first put-tail inventory,,,True,27.47920634920635,76.78,-2.091303238969655,-4.084946908182385,4.4631535409716205,10.474318131387328,68.05555555555556,33.87,33.1727,0.1787999999999954,10.714285714285714,0.0463000000000022,75.7936507936508,0.2250999999999976,7.5396825396825395,2.7387000000000015,4.808199999999992,76.19047619047619,1.7919999999999945,55.95238095238095,9.92063492063492,18.253968253968253,121616.2,1287882,1482947204.4599998,93.5777,2.33059,0000-00-00,9,False,Application Software,Industrials,XLI,288,256,False,spread debit outside 0.00-0.10; one leg lacks a two-sided put quote; combined put quote widths exceed 0.10,put,2026-10-16,51.0,BTO,55.0,0.9934204521698129,0.01,0.14,385.0,0.0,STO,50.0,0.0,0.15,136.0,0.0,5.0,0.14,,,False,28.36676217765043,4.133237822349571,
2026-08-28,SE,buy-first put-tail inventory,,,True,27.39063492063492,119.48,1.322930800542732,-8.598531211750304,10.000791770011098,35.03016020793045,92.70833333333334,27.53,39.8426,1.192300000000003,30.15873015873016,-0.3945999999999969,51.58730158730159,0.7977000000000061,20.238095238095237,1.9721000000000048,1.382799999999996,41.26984126984127,-2.4384000000000015,32.53968253968254,10.317460317460318,13.492063492063492,12791.1,250080,537812911.1999999,84.9274,11.02258,0000-00-00,10,False,E-commerce & Internet Retail,Comm,XLC,288,247,False,spread debit outside 0.00-0.10; one leg lacks a two-sided put quote; combined put quote widths exceed 0.10,put,2026-09-18,22.0,BTO,80.0,0.9989394593443292,0.0,0.24,2508.0,0.0,STO,75.0,0.0,2.13,962.0,0.0,5.0,0.24,,,False,33.04318714429193,0.5431871442919274,
2026-08-24,PG,buy-first put-tail inventory,,,True,27.11047619047619,146.36,2.321029082774073,-2.198463080521207,-0.7556565749716304,2.7773220051521275,44.29065743944637,29.08,18.4775,1.3975000000000009,19.444444444444443,-0.2943999999999995,77.77777777777777,1.1031000000000013,24.603174603174605,-0.1872999999999969,-0.2336000000000027,19.444444444444443,0.9431999999999974,47.22222222222222,8.73015873015873,36.111111111111114,21469.8,351638,1389838037.2,90.0977,2.32217,0000-00-00,8,False,Consumer Products,C. Defensive,XLP,289,256,False,spread debit outside 0.00-0.10; one leg lacks a two-sided put quote; combined put quote widths exceed 0.10; one put leg has OI below 25,put,2026-09-18,26.0,BTO,100.0,0.9996006070588783,0.0,0.14,357.0,0.0,STO,95.0,0.0,0.14,17.0,0.0,5.0,0.14,,,False,31.67532112599072,0.8246788740092796,
2026-08-25,KTOS,buy-first put-tail inventory,,,True,27.098253968253967,52.74,-15.045103092783496,-18.11830461108522,0.0831179477837062,-3.950320571797038,31.14186851211073,26.87,61.9529,-0.6016999999999939,34.523809523809526,0.4820999999999955,46.42857142857143,-0.1195999999999983,20.634920634920636,7.623000000000005,2.348899999999986,22.22222222222222,-2.252900000000011,36.507936507936506,10.317460317460318,18.650793650793652,11126.6,101739,208616790.18,92.9202,7.21428,0000-00-00,10,False,Aerospace & Defense Manufacturing,Industrials,XLI,289,257,False,one leg lacks a two-sided put quote; combined put quote widths exceed 0.10; one put leg has OI below 25,put,2026-09-18,25.0,BTO,32.5,0.999316567419069,0.0,0.1,31.0,0.0,STO,30.0,0.0,0.05,13.0,0.0,2.5,0.1,,,False,38.376943496397416,5.876943496397416,
2026-08-31,RIOT,buy-first put-tail inventory,,,True,26.999206349206347,18.76,-5.633802816901401,-13.667740450989408,-13.67648006184372,-30.507556214933473,11.76470588235294,29.35,78.9705,-3.4696,25.0,2.869799999999998,63.888888888888886,-0.5998000000000019,18.253968253968253,10.1254,12.445300000000003,48.80952380952381,-1.1577000000000055,45.23809523809524,26.984126984126984,6.746031746031746,115510.45,882997,419466653.82,97.4076,5.71946,0000-00-00,8,False,Investment Banking & Brokerage,Technology,XLK,289,251,False,spread debit outside 0.00-0.10; one leg lacks a two-sided put quote; combined put quote widths exceed 0.10; one put leg has OI below 25,put,2026-10-16,47.0,BTO,12.0,0.9490403963320407,0.12,0.15,111.0,24.0,STO,7.0,0.0,0.13,0.0,0.0,5.0,0.15,,,False,36.03411513859276,3.5341151385927603,
2026-08-26,VRT,buy-first put-tail inventory,,,True,26.99587301587302,265.13,1.268095183530038,-9.63223013735982,-8.95511112332078,-14.970014278889645,19.310344827586206,31.02,56.1491,1.2297000000000011,17.46031746031746,-0.2572999999999936,81.74603174603175,0.9724000000000076,17.46031746031746,0.0804000000000044,1.0530000000000044,72.61904761904762,5.6225999999999985,68.65079365079364,21.428571428571427,29.365079365079364,31009.95,431508,1622456517.0,98.5472,4.75497,0000-00-00,8,False,Electrical Equipment Manufacturing,Industrials,XLI,290,257,False,spread debit outside 0.00-0.10; one leg lacks a two-sided put quote; combined put quote widths exceed 0.10,put,2026-09-18,24.0,BTO,150.0,0.9996140090979655,0.0,0.13,1272.0,0.0,STO,145.0,0.0,0.46,62.0,0.0,5.0,0.13,,,False,43.42398068871874,10.923980688718743,
2026-08-24,OXY,buy-first put-tail inventory,,,True,26.95301587301587,60.24,2.0498051838048426,-1.937164251994139,9.7747649245572,3.86582828178259,48.44290657439446,28.92,30.9722,-0.273100000000003,21.428571428571427,0.9395999999999988,69.04761904761905,0.6664999999999957,24.20634920634921,4.7789,3.423000000000002,13.492063492063492,-0.5878000000000014,18.253968253968253,18.253968253968253,35.714285714285715,37179.7,763690,508087072.9,85.6657,3.14237,0000-00-00,11,False,Oil & Gas Exploration,Energy,XLE,289,256,False,one leg lacks a two-sided put quote; combined put quote widths exceed 0.10; one put leg has OI below 25,put,2026-10-16,54.0,BTO,45.0,0.9848250131160307,0.01,0.08,88.0,2.0,STO,40.0,0.0,0.16,1.0,0.0,5.0,0.08,,,False,25.298804780876495,7.201195219123505,
2026-08-27,LEN,buy-first put-tail inventory,,,True,26.72365079365079,85.47,-0.5121638924455829,-3.728317188555985,-1.0324032903512803,-2.5088761956966854,38.88888888888889,34.07,41.5229,0.7665000000000006,11.11111111111111,0.1358000000000032,73.41269841269842,0.902300000000004,9.92063492063492,2.2756000000000043,7.197399999999995,86.5079365079365,-1.955200000000005,33.333333333333336,9.126984126984128,11.11111111111111,6085.75,83648,200804058.0,81.5772,6.98313,0000-00-00,3,False,Residential Homebuilding,C. Cyclical,XLY,288,256,False,one leg lacks a two-sided put quote; combined put quote widths exceed 0.10; one put leg has OI below 25,put,2026-09-18,23.0,BTO,50.0,0.9993530551582347,0.0,0.1,287.0,0.0,STO,45.0,0.0,0.05,3.0,0.0,5.0,0.1,,,True,41.49994149994149,8.999941499941492,
2026-08-26,F,buy-first put-tail inventory,,,True,26.64777777777778,13.86,-3.616133518776088,-7.166778298727394,-1.781538330711352,-10.108525087410849,21.72413793103448,31.13,30.8237,0.6166999999999945,18.650793650793652,0.5839000000000034,71.42857142857143,1.200599999999998,17.46031746031746,2.6936,6.574099999999998,72.22222222222223,3.3714000000000013,71.03174603174604,21.428571428571427,44.84126984126984,79299.55,1817956,659633645.6999999,69.2118,1.95608,0000-00-00,8,False,Automobile Manufacturing,C. Cyclical,XLY,290,257,False,no roughly $5-wide put spread 25-45% OTM in current/next monthly,,,,,,,,,,,,,,,,,,,,,False,,,
2026-08-24,PINS,buy-first put-tail inventory,,,True,26.54301587301587,23.38,1.3437364542696173,-9.027237354085605,3.6715147215324206,22.86057686566889,82.35294117647058,29.33,41.2282,1.4487999999999983,32.142857142857146,-0.5137,30.952380952380953,0.9350999999999984,13.492063492063492,1.184199999999997,4.084699999999998,48.01587301587302,3.796199999999999,69.44444444444444,6.746031746031746,35.317460317460316,15877.4,288412,263868672.6,95.5272,4.06621,0000-00-00,11,False,Internet Content & Media,Comm,XLC,289,256,False,one leg lacks a two-sided put quote; combined put quote widths exceed 0.10; one put leg has OI below 25,put,2026-09-18,26.0,BTO,17.5,0.9965817057773898,0.0,0.08,0.0,0.0,STO,15.0,0.0,0.06,501.0,1.0,2.5,0.08,,,False,25.149700598802394,7.350299401197606,
2026-08-28,OXY,buy-first put-tail inventory,,,True,26.539523809523807,58.98,-3.988279342340883,-3.988279342340883,6.787081261746031,7.595885591276341,60.06944444444444,32.27,31.249,-0.2879000000000005,21.03174603174603,0.3641000000000005,35.317460317460316,0.0762,9.92063492063492,2.4272000000000027,0.1858000000000039,1.984126984126984,-3.8489,2.7777777777777777,6.746031746031746,17.063492063492063,34143.55,791641,468010440.3,79.4211,3.9779,0000-00-00,10,False,Oil & Gas Exploration,Energy,XLE,288,247,False,no roughly $5-wide put spread 25-45% OTM in current/next monthly,,,,,,,,,,,,,,,,,,,,,False,,,
2026-08-28,ARM,buy-first put-tail inventory,,,True,26.52730158730159,240.63,-1.133982497226671,-16.46531972505728,-16.423598255325665,-28.870314564501587,11.11111111111111,30.06,60.0628,-2.671999999999997,21.03174603174603,2.1107999999999905,78.17460317460318,-0.5612000000000066,21.03174603174603,14.323599999999992,9.912499999999994,70.23809523809524,-6.583600000000004,11.11111111111111,11.904761904761903,34.523809523809526,58638.6,777359,1232838353.22,98.1231,4.00292,0000-00-00,9,False,Semiconductors,Technology,XLK,288,247,False,spread debit outside 0.00-0.10; combined put quote widths exceed 0.10,put,2026-10-16,50.0,BTO,140.0,0.992515718593098,0.21,0.33,240.0,22.0,STO,135.0,0.14,0.45,276.0,3.0,5.0,0.19,,,False,41.819390765906164,9.319390765906164,
2026-09-02,PYPL,buy-first put-tail inventory,,,True,26.471746031746033,54.45,-12.049749636569208,-13.11632359980852,-0.0378185663458707,33.062919479302764,90.2439024390244,29.56,35.4738,0.391299999999994,28.174603174603178,0.0654000000000039,54.76190476190476,0.4566999999999979,16.666666666666668,2.4742000000000033,7.803300000000007,71.03174603174604,3.3552000000000035,60.714285714285715,4.365079365079365,37.301587301587304,61539.05,1838954,605805255.6,57.7672,8.74773,0000-00-00,7,False,Credit & Lending Services,Financials,XLF,287,252,False,one leg lacks a two-sided put quote; combined put quote widths exceed 0.10,put,2026-10-16,45.0,BTO,37.5,0.9963165068040036,0.01,0.03,1173.0,0.0,STO,32.5,0.0,0.12,194.0,0.0,5.0,0.03,,,False,31.129476584022044,1.3705234159779565,
2026-09-02,MDB,buy-first put-tail inventory,,,True,26.45301587301587,372.69,-8.134289728610511,-20.894445269883043,0.6346607276132454,6.63498067912579,50.17421602787456,34.42,54.683499999999995,-0.6538000000000039,11.507936507936508,0.705600000000004,84.92063492063492,0.0518,9.126984126984128,4.808900000000008,6.100899999999996,79.36507936507937,3.621299999999991,64.28571428571429,3.968253968253968,39.68253968253968,19261.5,243431,693673488.13,97.8218,5.92547,0000-00-00,12,False,Infrastructure Software,Technology,XLK,287,252,False,no roughly $5-wide put spread 25-45% OTM in current/next monthly,,,,,,,,,,,,,,,,,,,,,False,,,
2026-09-01,RBLX,buy-first put-tail inventory,,,True,26.40492063492064,40.7,3.9591315453384457,-0.3428011753183191,-10.84571708958364,-3.59940356311046,34.72222222222222,34.23,57.7183,-1.0743999999999971,10.714285714285714,1.4080000000000013,88.4920634920635,0.3336000000000041,11.11111111111111,3.491100000000003,8.775400000000005,86.11111111111111,3.383899999999997,64.28571428571429,12.301587301587302,29.761904761904763,23637.75,418972,559940626.72,86.4478,5.08428,0000-00-00,8,False,Gaming & Interactive Media,Comm,XLC,288,252,False,one leg lacks a two-sided put quote; combined put quote widths exceed 0.10; one put leg has OI below 25,put,2026-10-16,46.0,BTO,25.0,0.9914919709408593,0.05,0.07,648.0,12.0,STO,20.0,0.0,0.1,16.0,0.0,5.0,0.07,,,False,38.57493857493858,6.074938574938578,
2026-09-02,LMT,buy-first put-tail inventory,,,True,25.979999999999997,532.54,-6.024564127902876,-12.4658930273842,-3.793381409544227,8.296802611543763,53.65853658536586,34.02,24.2569,0.0830000000000019,16.26984126984127,0.1233999999999966,61.111111111111114,0.2063999999999985,8.73015873015873,3.1402,1.3549000000000009,15.476190476190476,-2.7437000000000005,19.047619047619047,2.380952380952381,25.0,7166.95,95308,535412295.0,89.2258,4.4895,0000-00-00,6,False,Aerospace & Defense Manufacturing,Industrials,XLI,287,252,False,no roughly $5-wide put spread 25-45% OTM in current/next monthly,,,,,,,,,,,,,,,,,,,,,False,,,
2026-08-31,CMG,buy-first put-tail inventory,,,True,25.975238095238097,37.97,-0.0526454330086911,-0.1315097317201585,10.420919776889836,27.585091809511976,93.07958477508652,32.12,33.7972,0.3818999999999946,19.047619047619047,0.5636000000000081,78.96825396825396,0.9455000000000028,15.476190476190476,6.198300000000003,1.810700000000004,38.095238095238095,-4.313699999999997,25.0,14.285714285714286,23.80952380952381,56972.45,742395,682188719.19,80.8328,2.84893,0000-00-00,9,False,Restaurants,C. Cyclical,XLY,289,251,False,one leg lacks a two-sided put quote; combined put quote widths exceed 0.10; one put leg has OI below 25,put,2026-10-16,47.0,BTO,25.0,0.999502918738574,0.01,0.05,3.0,14.0,STO,22.5,0.0,0.1,13.0,0.0,2.5,0.05,,,False,34.15854622070055,1.6585462207005506,
2026-08-26,MRVL,buy-first put-tail inventory,,,True,25.77126984126984,243.59,3.259855871131845,-2.4195809798501777,5.381513177988717,23.58243970831455,81.37931034482759,34.07,80.2404,-2.1854999999999976,15.07936507936508,1.3725999999999914,71.42857142857143,-0.8129000000000062,10.714285714285714,6.941400000000002,8.546000000000006,60.714285714285715,24.787200000000013,94.04761904761904,5.555555555555555,88.88888888888889,158162.55,1546846,5661608843.099999,97.085,3.62351,0000-00-00,0,True,Semiconductors,Technology,XLK,290,257,False,spread debit outside 0.00-0.10; combined put quote widths exceed 0.10,put,2026-09-18,24.0,BTO,145.0,0.9907361043539635,0.19,0.26,2873.0,9.0,STO,140.0,0.15,0.4,5202.0,1002.0,5.0,0.11000000000000001,,,True,40.47374686974013,7.973746869740133,
2026-08-26,AMD,buy-first put-tail inventory,,,True,25.769365079365077,479.71,2.776647027316548,-9.075228870903551,-5.453841663220871,-1.027525395733497,38.96551724137931,34.31,54.0574,-0.9822999999999952,15.07936507936508,0.942299999999996,75.39682539682539,-0.0399999999999991,9.523809523809524,4.109099999999998,4.154600000000009,50.3968253968254,3.8889000000000062,74.2063492063492,18.253968253968253,47.22222222222222,497294.85,3113977,12094114105.84,98.1916,2.72288,0000-00-00,9,False,Semiconductors,Technology,XLK,290,257,False,no roughly $5-wide put spread 25-45% OTM in current/next monthly,,,,,,,,,,,,,,,,,,,,,False,,,
2026-08-26,BMY,buy-first put-tail inventory,,,True,25.640952380952385,67.79,0.2217622708456712,-0.0884303610906189,10.718042190123423,19.98881712488434,78.27586206896552,31.74,25.5115,0.6755999999999993,13.095238095238097,0.2507000000000019,88.4920634920635,0.9263000000000012,25.0,1.1910999999999987,4.475800000000003,83.33333333333333,5.607600000000005,82.14285714285714,38.888888888888886,42.06349206349206,30917.45,694781,813181912.5600001,86.4876,2.53159,0000-00-00,9,False,Major Pharmaceuticals,Healthcare,XLV,290,257,False,one leg lacks a two-sided put quote,put,2026-09-18,24.0,BTO,40.0,0.9999672524775334,0.0,0.04,8347.0,0.0,STO,35.0,0.0,0.02,6687.0,0.0,5.0,0.04,,,False,40.99424693907656,8.494246939076561,
2026-08-27,MELI,buy-first put-tail inventory,,,True,25.568095238095236,1915.97,-0.3723097242516182,-3.717681348777613,5.525572947842439,15.502191444406588,73.95833333333334,29.67,33.146,2.0548999999999964,25.0,-0.9943000000000026,69.84126984126983,1.0605999999999938,23.80952380952381,-0.856100000000005,2.8963000000000036,89.68253968253968,3.304600000000008,69.84126984126983,7.5396825396825395,11.11111111111111,8141.05,66666,953219036.8,90.8276,7.46165,0000-00-00,9,False,E-commerce & Internet Retail,C. Cyclical,XLY,288,256,False,no roughly $5-wide put spread 25-45% OTM in current/next monthly,,,,,,,,,,,,,,,,,,,,,False,,,
2026-08-25,CELH,buy-first put-tail inventory,,,True,25.414761904761903,35.37,17.939313104368114,0.0,19.14787541518166,21.368701487172803,79.93079584775087,31.49,53.991,0.1388999999999995,27.38095238095238,0.3353000000000037,53.96825396825397,0.4742000000000033,13.095238095238097,7.8596,3.705999999999996,25.396825396825395,-2.242200000000004,34.12698412698413,12.301587301587302,44.84126984126984,43761.25,636006,451391045.26,89.692,5.41927,0000-00-00,10,False,Non-Alcoholic Beverages,C. Defensive,XLP,289,257,False,one leg lacks a two-sided put quote,put,2026-10-16,53.0,BTO,20.0,0.9962469275202404,0.01,0.03,504.0,5.0,STO,15.0,0.0,0.05,494.0,0.0,5.0,0.03,,,False,43.45490528696635,10.954905286966351,
2026-08-27,COP,buy-first put-tail inventory,,,True,25.382063492063494,129.78,-3.616784255477168,-4.200191924411312,10.873610235433429,15.126953556603628,73.26388888888889,33.11,28.558,0.3532999999999937,19.84126984126984,-0.0224999999999973,66.66666666666667,0.3307999999999964,12.698412698412698,1.231300000000001,2.461999999999996,57.93650793650794,0.1058999999999983,25.396825396825395,38.095238095238095,13.492063492063492,15193.1,292445,900002294.21,92.2783,4.5454,0000-00-00,10,False,Oil & Gas Exploration,Energy,XLE,288,256,False,spread debit outside 0.00-0.10; one leg lacks a two-sided put quote; combined put quote widths exceed 0.10; one put leg has OI below 25,put,2026-10-16,51.0,BTO,85.0,0.9998118394700396,0.01,0.56,53.0,0.0,STO,80.0,0.0,1.93,0.0,0.0,5.0,0.56,,,False,34.50454615503159,2.0045461550315906,
2026-08-24,MELI,buy-first put-tail inventory,,other,True,25.35142857142857,1953.51,9.340490196627172,0.0,8.751055494987071,18.713223744483077,77.85467128027682,33.22,33.6568,1.2297999999999971,14.285714285714286,-0.3380999999999972,89.28571428571429,0.8917000000000002,17.857142857142858,0.1422000000000025,3.7737999999999943,94.04761904761904,4.2956999999999965,75.39682539682539,92.06349206349206,20.238095238095237,8184.35,60464,923544900.9,96.0734,6.63408,0000-00-00,10,False,E-commerce & Internet Retail,C. Cyclical,XLY,289,256,False,no roughly $5-wide put spread 25-45% OTM in current/next monthly,,,,,,,,,,,,,,,,,,,,,False,,,
2026-08-27,LMT,buy-first put-tail inventory,,,True,25.215238095238092,565.25,-0.8854988602489788,-7.089319175515307,2.7218892758892776,7.41382086006801,60.763888888888886,32.88,23.8445,0.3479999999999954,24.603174603174605,-0.0756999999999976,46.42857142857143,0.2722999999999977,9.92063492063492,2.444399999999998,1.9187000000000012,25.79365079365079,-0.7164999999999964,36.507936507936506,14.285714285714286,28.571428571428573,6337.85,99273,618694952.7,92.5181,4.61958,0000-00-00,7,False,Aerospace & Defense Manufacturing,Industrials,XLI,288,256,False,no roughly $5-wide put spread 25-45% OTM in current/next monthly,,,,,,,,,,,,,,,,,,,,,False,,,
2026-08-24,ABNB,buy-first put-tail inventory,,,True,25.207619047619048,190.28,5.8404716876182095,0.0,22.90274742025662,45.555113428158435,94.80968858131487,28.84,30.7995,2.334199999999999,30.15873015873016,-0.8095999999999997,63.888888888888886,1.5245999999999995,24.603174603174605,-0.2472000000000029,0.095099999999995,42.46031746031746,1.4025,55.95238095238095,21.825396825396822,30.555555555555557,21230.35,224443,983813665.7,96.7976,2.6712,0000-00-00,10,False,Travel & Tourism Services,C. Cyclical,XLY,289,256,False,spread debit outside 0.00-0.10; combined put quote widths exceed 0.10,put,2026-10-16,54.0,BTO,135.0,0.9907229663383648,0.08,0.15,229.0,14.0,STO,130.0,0.04,0.24,228.0,0.0,5.0,0.10999999999999999,,,False,29.051923481185625,3.448076518814375,
2026-08-31,SE,buy-first put-tail inventory,,,True,25.207301587301583,112.48,-2.8082606065842897,-13.953488372093014,3.14667038366383,20.751720790028685,84.08304498269896,31.38,41.550799999999995,0.6084999999999923,17.857142857142858,0.272900000000007,83.73015873015873,0.8813999999999993,24.20634920634921,6.9384000000000015,5.081899999999997,78.57142857142857,-1.784399999999998,35.714285714285715,5.9523809523809526,23.015873015873016,12989.75,244260,550636087.68,88.1223,6.99031,0000-00-00,10,False,E-commerce & Internet Retail,Comm,XLC,289,251,False,spread debit outside 0.00-0.10; one leg lacks a two-sided put quote; combined put quote widths exceed 0.10,put,2026-09-18,19.0,BTO,82.5,0.9992578089409611,0.0,0.14,632.0,0.0,STO,77.5,0.0,2.13,375.0,0.0,5.0,0.14,,,False,26.653627311522055,5.8463726884779454,
2026-08-26,TXN,buy-first put-tail inventory,,,True,25.17063492063492,262.43,-2.4605091990336336,-7.954824453719622,-8.866067881461648,-15.084467307712302,18.620689655172416,34.75,37.0735,0.8530000000000015,11.507936507936508,0.2266000000000048,81.74603174603175,1.0796000000000063,13.88888888888889,1.6704000000000008,1.811399999999999,44.44444444444444,1.6692999999999998,56.74603174603175,7.142857142857143,55.15873015873016,16705.8,232339,1749533184.0,97.9847,2.57714,0000-00-00,8,False,Semiconductors,Technology,XLK,290,257,False,one leg lacks a two-sided put quote; combined put quote widths exceed 0.10,put,2026-09-18,24.0,BTO,180.0,0.9996989209108149,0.01,0.1,2388.0,156.0,STO,175.0,0.0,0.29,834.0,0.0,5.0,0.1,,,False,31.41028083679458,1.0897191632054195,
2026-08-27,MA,buy-first put-tail inventory,,,True,25.00285714285714,591.65,2.850934376358105,-1.217150298861336,8.332472752547515,22.21122988359976,81.25,32.14,20.2681,1.7029999999999994,16.666666666666668,-0.4969999999999999,86.9047619047619,1.2059999999999995,22.61904761904762,5.378300000000003,-0.105400000000003,46.82539682539682,-5.464300000000005,1.1904761904761905,9.523809523809524,19.84126984126984,6570.8,144627,1870475493.63,88.3098,3.91526,0000-00-00,9,False,Credit & Lending Services,Financials,XLF,288,256,False,spread debit outside 0.00-0.10; one leg lacks a two-sided put quote; combined put quote widths exceed 0.10; one put leg has OI below 25,put,2026-10-16,51.0,BTO,415.0,0.9985282200702295,0.0,0.6,10.0,0.0,STO,410.0,0.0,1.15,18.0,0.0,5.0,0.6,,,False,29.85717907546691,2.6428209245330905,
2026-08-31,COST,buy-first put-tail inventory,,,True,25.00253968253968,943.23,-3.129300605936125,-3.129300605936125,-0.2051907308890821,3.31303812748438,50.51903114186851,34.68,24.0133,0.1042999999999985,16.666666666666668,0.0645999999999986,73.41269841269842,0.1688999999999971,9.92063492063492,2.138300000000001,2.494799999999998,45.23809523809524,-3.7669000000000032,7.5396825396825395,16.666666666666668,16.26984126984127,40702.8,312837,1641843637.39,98.9443,1.58095,0000-00-00,3,False,Discount Retail,C. Defensive,XLP,289,251,False,no roughly $5-wide put spread 25-45% OTM in current/next monthly,,,,,,,,,,,,,,,,,,,,,False,,,
2026-08-28,EXPE,buy-first put-tail inventory,,other,True,24.986507936507937,327.56,1.195588371590106,-3.214750029547331,13.377319136593457,48.567841043030946,97.56944444444444,32.95,36.9146,3.707400000000007,24.20634920634921,-1.7874000000000052,55.15873015873016,1.9200000000000017,11.11111111111111,-2.7997000000000014,3.4253,86.11111111111111,5.4144000000000005,72.61904761904762,15.476190476190476,28.96825396825397,4069.05,65995,500658794.44,93.4085,6.73979,0000-00-00,9,False,Travel & Tourism Services,C. Cyclical,XLY,288,247,False,spread debit outside 0.00-0.10; one leg lacks a two-sided put quote; combined put quote widths exceed 0.10; one put leg has OI below 25,put,2026-10-16,50.0,BTO,185.0,0.9994961764008878,0.0,0.65,115.0,0.0,STO,180.0,0.0,0.65,6.0,0.0,5.0,0.65,,,False,43.52179753327635,11.021797533276349,
2026-08-24,T,buy-first put-tail inventory,,,True,24.98190476190476,25.66,3.634894991922444,0.0,11.81412535731714,2.7319174949999248,43.59861591695502,34.78,23.1411,1.8571999999999953,16.666666666666668,-0.4545999999999992,55.95238095238095,1.402599999999996,9.523809523809524,-0.3550000000000004,0.1049000000000006,15.873015873015872,0.8465999999999987,50.79365079365079,63.095238095238095,46.03174603174603,75392.35,1052417,1182722635.35,75.6926,2.67303,0000-00-00,8,False,Telecommunications Services,Comm,XLC,289,256,False,no roughly $5-wide put spread 25-45% OTM in current/next monthly,,,,,,,,,,,,,,,,,,,,,False,,,
2026-08-25,V,buy-first put-tail inventory,,,True,24.822063492063492,382.71,4.751608047078126,0.0,7.713819150211698,19.851756469336593,76.8166089965398,33.67,19.4363,2.1103999999999985,17.063492063492063,-0.7267999999999972,66.66666666666667,1.3836000000000013,15.476190476190476,-0.6676000000000002,-1.011499999999998,19.047619047619047,0.1230000000000011,40.07936507936508,7.5396825396825395,20.238095238095237,27427.15,453497,2840370160.32,98.9557,1.47144,0000-00-00,9,False,Credit & Lending Services,Financials,XLF,289,257,False,spread debit outside 0.00-0.10; one leg lacks a two-sided put quote; combined put quote widths exceed 0.10; one put leg has OI below 25,put,2026-10-16,53.0,BTO,265.0,0.9998493781555493,0.0,0.18,24.0,0.0,STO,260.0,0.0,2.18,3.0,0.0,5.0,0.18,,,False,30.756970029526265,1.743029970473735,
2026-08-26,CMG,buy-first put-tail inventory,,,True,24.807460317460315,37.58,8.424697057126384,-2.7180947450168413,10.330168460486068,17.56611422827934,74.82758620689656,30.51,34.1804,0.8068000000000026,25.396825396825395,0.306200000000004,70.63492063492063,1.1130000000000069,23.015873015873016,2.109999999999999,4.298899999999996,64.28571428571429,3.0702,65.47619047619048,9.126984126984128,37.698412698412696,63950.75,752032,730009155.31,92.6825,2.72783,0000-00-00,10,False,Restaurants,C. Cyclical,XLY,290,257,False,one leg lacks a two-sided put quote; combined put quote widths exceed 0.10; one put leg has OI below 25,put,2026-10-16,52.0,BTO,25.0,0.9980302845942632,0.0,0.06,0.0,3.0,STO,22.5,0.0,0.06,8.0,5.0,2.5,0.06,,,False,33.47525279403938,0.9752527940393776,
2026-08-26,GME,buy-first put-tail inventory,,,True,24.685396825396825,17.96,-0.6637168141592764,-17.61467889908257,-12.900096993210475,-14.885489116037586,19.655172413793103,32.14,48.8807,-9.792699999999996,31.349206349206348,6.722899999999996,41.666666666666664,-3.0698000000000008,9.523809523809524,25.83300000000001,17.785200000000003,16.26984126984127,-23.2661,15.07936507936508,7.936507936507937,24.20634920634921,109914.95,1559026,128936149.38,71.8678,4.17314,0000-00-00,1,True,Specialized Retail,C. Cyclical,XLY,290,257,False,one leg lacks a two-sided put quote; combined put quote widths exceed 0.10; one put leg has OI below 25,put,2026-10-16,52.0,BTO,13.0,0.9670235495653793,0.02,0.1,2021.0,0.0,STO,9.0,0.0,0.27,1.0,0.0,4.0,0.1,,,True,27.616926503340757,4.883073496659243,
2026-08-25,ANET,buy-first put-tail inventory,,,True,24.55444444444445,189.94,-1.6619207869531527,-9.271554812514928,6.411467384666758,22.521470044029712,80.96885813148789,34.89,48.2423,1.1190000000000069,17.063492063492063,-0.2672000000000025,76.98412698412699,0.8518000000000043,10.714285714285714,2.902200000000001,1.7321000000000026,57.93650793650794,1.6548000000000016,57.93650793650794,10.714285714285714,32.53968253968254,27755.5,293970,1504384181.6,97.8413,4.08237,0000-00-00,10,False,Computer Hardware Manufacturing,Technology,XLK,289,257,False,one leg lacks a two-sided put quote; combined put quote widths exceed 0.10,put,2026-09-18,25.0,BTO,115.0,0.9984886932032048,0.0,0.04,818.0,9.0,STO,110.0,0.0,0.17,1293.0,0.0,5.0,0.04,,,False,39.454564599347165,6.954564599347165,
2026-08-25,NVAX,buy-first put-tail inventory,,,True,24.536349206349204,9.46,19.143576826196472,0.0,11.749001819169802,-5.674108392468956,26.989619377162633,34.67,77.8879,-10.835300000000004,24.20634920634921,4.551699999999997,41.666666666666664,-6.283600000000007,4.761904761904762,8.60159999999999,25.051799999999982,65.07936507936508,18.03749999999999,82.93650793650794,47.61904761904762,61.507936507936506,8905.2,208666,36390270.44,53.5349,19.05968,0000-00-00,10,False,Biotechnology,Healthcare,XLV,289,257,False,no roughly $5-wide put spread 25-45% OTM in current/next monthly,,,,,,,,,,,,,,,,,,,,,False,,,
2026-08-26,LMT,buy-first put-tail inventory,,,True,24.510317460317456,566.68,-4.160465430929516,-6.854268713632939,3.0936087347582575,9.026619422084536,60.3448275862069,32.95,24.1968,0.3758000000000017,24.603174603174605,0.0304999999999999,53.96825396825397,0.4063000000000016,13.095238095238097,3.811399999999999,2.8282999999999987,38.492063492063494,0.6910000000000025,54.76190476190476,1.5873015873015872,38.492063492063494,6435.55,96813,620226513.96,96.4536,3.66559,0000-00-00,7,False,Aerospace & Defense Manufacturing,Industrials,XLI,290,257,False,no roughly $5-wide put spread 25-45% OTM in current/next monthly,,,,,,,,,,,,,,,,,,,,,False,,,
2026-08-26,NET,buy-first put-tail inventory,,,True,24.47222222222222,284.89,-2.3847867054994087,-14.106970574047285,5.006582953320748,37.501578458644616,90.6896551724138,32.75,51.0423,1.9199000000000128,15.476190476190476,-0.1718000000000046,86.11111111111111,1.748100000000008,23.41269841269841,2.6129000000000033,2.9664999999999893,65.87301587301587,3.4691999999999936,61.111111111111114,14.682539682539682,36.111111111111114,16443.3,196289,1110565935.88,98.5881,6.19442,0000-00-00,9,False,Infrastructure Software,Technology,XLK,290,257,False,spread debit outside 0.00-0.10; one leg lacks a two-sided put quote; combined put quote widths exceed 0.10,put,2026-09-18,24.0,BTO,185.0,0.9976971660181355,0.0,0.2,407.0,5.0,STO,180.0,0.0,0.58,1004.0,0.0,5.0,0.2,,,False,35.062655761872996,2.562655761872996,
2026-09-02,CMCSA,buy-first put-tail inventory,,,True,24.343650793650795,26.92,-1.0294117647058787,-1.247248716067495,8.948156542150642,18.56738581004026,72.82229965156795,31.45,27.7667,0.6755000000000031,23.80952380952381,0.4773999999999994,67.85714285714286,1.1529000000000025,22.22222222222222,2.5197000000000003,2.409899999999997,29.761904761904763,-0.5783000000000023,36.904761904761905,35.317460317460316,20.634920634920636,17612.15,750922,568216023.6,73.6327,3.28792,0000-00-00,8,False,Telecommunications Services,Comm,XLC,287,252,False,no roughly $5-wide put spread 25-45% OTM in current/next monthly,,,,,,,,,,,,,,,,,,,,,False,,,
2026-08-26,V,buy-first put-tail inventory,,,True,23.916031746031745,383.5,4.555740341884995,0.0,7.577193298403695,19.319263379841424,77.58620689655173,32.83,19.3003,2.2456999999999994,23.41269841269841,-0.799199999999999,59.523809523809526,1.4465000000000003,17.857142857142858,-0.990199999999998,-0.3774000000000015,28.174603174603178,1.058099999999996,52.38095238095238,19.444444444444443,18.253968253968253,26120.0,459494,2855850031.86,98.6201,1.4308,0000-00-00,8,False,Credit & Lending Services,Financials,XLF,290,257,False,spread debit outside 0.00-0.10; combined put quote widths exceed 0.10,put,2026-10-16,52.0,BTO,285.0,0.9985267092075827,0.06,0.23,72.0,38.0,STO,280.0,0.06,0.2,2079.0,36.0,5.0,0.17,,,False,25.68448500651891,6.8155149934810915,
2026-08-28,COST,buy-first put-tail inventory,,,True,23.782698412698412,945.34,-0.2300742992232263,-2.912601417274318,0.003892930860716,2.1026739401914463,46.18055555555556,29.63,23.5508,0.726700000000001,37.301587301587304,-0.2897000000000034,41.666666666666664,0.4369999999999976,20.634920634920636,1.3767999999999994,1.7769999999999977,25.79365079365079,-4.2972,7.142857142857143,9.92063492063492,7.936507936507937,41815.5,364212,1664613570.78,98.1821,2.17699,0000-00-00,3,False,Discount Retail,C. Defensive,XLP,288,247,False,no roughly $5-wide put spread 25-45% OTM in current/next monthly,,,,,,,,,,,,,,,,,,,,,False,,,
2026-09-02,V,buy-first put-tail inventory,,,True,23.741904761904763,379.73,-0.9830508474576228,-0.9830508474576228,5.062639721994722,25.837334329988792,83.27526132404182,31.02,19.0158,2.335000000000001,29.365079365079364,-0.8219999999999992,54.76190476190476,1.5130000000000017,21.825396825396822,-0.7185999999999986,-0.8617999999999988,21.825396825396822,-1.0250999999999983,20.634920634920636,7.5396825396825395,8.333333333333334,25354.8,459406,2519709074.78,97.7958,1.82976,0000-00-00,7,False,Credit & Lending Services,Financials,XLF,287,252,False,spread debit outside 0.00-0.10; one leg lacks a two-sided put quote; combined put quote widths exceed 0.10; one put leg has OI below 25,put,2026-10-16,45.0,BTO,270.0,0.9998995853165705,0.0,0.27,7.0,0.0,STO,265.0,0.0,0.2,25.0,0.0,5.0,0.27,,,False,28.89684776025071,3.6031522397492886,
2026-08-24,ALAB,buy-first put-tail inventory,,,True,23.572380952380954,277.73,-14.3495960032073,-23.622913400984512,-20.560961517559377,-7.77540190115098,23.875432525951556,32.38,83.6371,-0.1864999999999952,28.174603174603178,0.4689999999999941,59.12698412698413,0.2824999999999988,17.063492063492063,4.120199999999997,4.952499999999986,60.714285714285715,7.103799999999993,75.7936507936508,3.968253968253968,50.79365079365079,23982.3,218973,1342940502.96,98.9549,6.71606,0000-00-00,10,False,Semiconductors,Technology,XLK,289,256,False,spread debit outside 0.00-0.10; combined put quote widths exceed 0.10,put,2026-09-18,26.0,BTO,160.0,0.9940560138731726,0.03,0.45,127.0,0.0,STO,155.0,0.02,0.55,708.0,0.0,5.0,0.43,,,False,42.39009109566846,9.89009109566846,
2026-08-25,SE,buy-first put-tail inventory,,,True,23.457936507936513,123.19,5.760645604395598,-5.760403916768664,15.363724902607178,41.06588358583425,91.6955017301038,33.05,42.3241,0.8412000000000006,21.03174603174603,-0.005900000000004,74.2063492063492,0.8352999999999966,21.428571428571427,4.567999999999998,5.472799999999999,81.34920634920636,2.2952000000000012,63.095238095238095,78.96825396825396,30.555555555555557,12341.5,240863,547218687.36,88.3737,6.21093,0000-00-00,11,False,E-commerce & Internet Retail,Comm,XLC,289,257,False,spread debit outside 0.00-0.10; combined put quote widths exceed 0.10,put,2026-09-18,25.0,BTO,77.5,0.9999053269863901,0.02,0.19,370.0,0.0,STO,75.0,0.02,0.19,961.0,11.0,2.5,0.17,,,False,37.08904943583084,4.589049435830837,
2026-08-28,COP,buy-first put-tail inventory,,,True,23.435555555555556,130.19,-3.8975418911936233,-3.8975418911936233,10.856230053712368,17.047391188901738,76.73611111111111,32.12,27.9443,0.6895000000000024,27.77777777777778,-0.2536999999999985,54.36507936507937,0.4358000000000039,19.444444444444443,0.8927000000000049,2.5174000000000056,58.73015873015873,-0.2211999999999996,20.634920634920636,38.492063492063494,7.936507936507937,14819.25,296445,896673306.48,93.8814,3.90879,0000-00-00,9,False,Oil & Gas Exploration,Energy,XLE,288,247,False,spread debit outside 0.00-0.10; one leg lacks a two-sided put quote; combined put quote widths exceed 0.10,put,2026-09-18,22.0,BTO,97.5,0.9999448896743439,0.0,0.18,590.0,0.0,STO,95.0,0.0,0.1,4018.0,0.0,2.5,0.18,,,False,25.109455411321914,7.390544588678086,
2026-08-25,GME,buy-first put-tail inventory,,,True,23.12507936507937,17.96,-0.1112347052280249,-17.87837219935985,-13.213236431111795,-15.489982145528856,17.99307958477509,31.24,48.7459,-8.891099999999994,36.904761904761905,6.736199999999997,42.06349206349206,-2.154899999999998,16.26984126984127,31.27650000000001,17.944899999999997,17.46031746031746,-28.11990000000001,8.333333333333334,51.19047619047619,24.603174603174605,109610.75,1530701,127156419.28,70.3087,4.39768,0000-00-00,2,True,Specialized Retail,C. Cyclical,XLY,289,257,False,one leg lacks a two-sided put quote,put,2026-09-18,25.0,BTO,13.0,0.9932119064767103,0.0,0.04,297.0,1.0,STO,10.0,0.0,0.01,43.0,10.0,3.0,0.04,,,True,27.616926503340757,4.883073496659243,
2026-08-24,V,buy-first put-tail inventory,,,True,23.022857142857145,382.17,6.332600651067022,0.0,7.932442881971635,17.482084455111636,74.0484429065744,34.12,19.7054,2.2154999999999987,21.825396825396822,-0.7688999999999986,63.095238095238095,1.4466,17.46031746031746,-1.0115000000000016,-0.6168999999999976,24.20634920634921,1.3785000000000025,59.523809523809526,19.84126984126984,26.58730158730159,28876.75,442956,2685347457.1200004,98.9524,1.96908,0000-00-00,9,False,Credit & Lending Services,Financials,XLF,289,256,False,spread debit outside 0.00-0.10; one leg lacks a two-sided put quote; combined put quote widths exceed 0.10; one put leg has OI below 25,put,2026-10-16,54.0,BTO,265.0,0.9998093668637353,0.0,0.16,11.0,30.0,STO,260.0,0.0,2.17,3.0,0.0,5.0,0.16,,,False,30.659130753329677,1.840869246670323,
2026-08-25,MA,buy-first put-tail inventory,,,True,22.898412698412702,597.25,3.482630165468259,-0.178834068725775,10.169050696024918,23.52966924055544,82.00692041522491,34.8,20.8731,1.829900000000002,21.428571428571427,-0.7801000000000009,66.66666666666667,1.0498000000000012,15.07936507936508,-1.0768000000000022,-0.0478000000000022,49.20634920634921,1.141200000000001,57.53968253968254,25.0,25.79365079365079,7392.75,140151,1846643216.02,92.6698,3.30269,0000-00-00,9,False,Credit & Lending Services,Financials,XLF,289,257,False,spread debit outside 0.00-0.10; one leg lacks a two-sided put quote; combined put quote widths exceed 0.10,put,2026-10-16,53.0,BTO,440.0,0.9975541008057923,0.0,0.3,281.0,0.0,STO,435.0,0.0,4.0,124.0,0.0,5.0,0.3,,,False,26.329007953118456,6.170992046881544,
2026-08-31,LLY,buy-first put-tail inventory,,,True,22.893650793650792,1160.68,-7.080928326114977,-9.629698838331924,-2.2918170364859325,10.848780922884847,69.8961937716263,32.9,31.2961,0.3668999999999975,21.825396825396822,0.1480000000000032,79.76190476190476,0.5149000000000008,24.20634920634921,1.8574999999999984,1.8958999999999977,41.666666666666664,-0.2214999999999989,39.68253968253968,10.317460317460318,18.650793650793652,48440.0,344939,3350418801.87,97.7874,4.58782,0000-00-00,8,False,Major Pharmaceuticals,Healthcare,XLV,289,251,False,no roughly $5-wide put spread 25-45% OTM in current/next monthly,,,,,,,,,,,,,,,,,,,,,False,,,
2026-08-27,OXY,buy-first put-tail inventory,,,True,22.882539682539683,59.25,-3.4859097572894626,-3.5487546801237224,7.5071762174167,5.45519438535782,55.90277777777778,31.8,31.6609,0.0979000000000027,31.746031746031747,0.3385000000000033,34.523809523809526,0.4364000000000061,19.84126984126984,1.581700000000005,2.265000000000001,6.349206349206349,0.4418999999999968,32.142857142857146,4.365079365079365,33.333333333333336,36601.2,775513,473308197.12,84.9262,5.13484,0000-00-00,10,False,Oil & Gas Exploration,Energy,XLE,288,256,False,no roughly $5-wide put spread 25-45% OTM in current/next monthly,,,,,,,,,,,,,,,,,,,,,False,,,
2026-08-31,MARA,buy-first put-tail inventory,,,True,22.82603174603174,10.71,-4.0322580645161255,-9.696458684654283,-8.549081221394905,-24.450874632391837,14.878892733564014,33.92,80.7038,-4.012800000000013,23.41269841269841,3.4226000000000028,62.301587301587304,-0.59020000000001,17.857142857142858,16.635099999999994,19.68640000000001,51.19047619047619,2.7931000000000097,60.31746031746032,10.714285714285714,21.428571428571427,205600.7,1793393,511779016.98,92.2563,4.28192,0000-00-00,9,False,Investment Banking & Brokerage,Technology,XLK,289,251,False,one leg lacks a two-sided put quote; one put leg has OI below 25,put,2026-10-16,47.0,BTO,6.0,0.974871368865829,0.03,0.05,526.0,1.0,STO,2.0,0.0,0.02,0.0,0.0,4.0,0.05,,,False,43.977591036414566,11.477591036414566,
2026-08-25,BA,buy-first put-tail inventory,,,True,22.61365079365079,211.59,-5.065506101938255,-12.13404758938582,-4.516113892930229,-0.5337947966105983,37.71626297577855,33.18,28.783199999999997,1.092400000000005,23.41269841269841,-0.0856999999999992,67.06349206349206,1.0067000000000057,22.61904761904762,1.806200000000004,0.3171999999999997,17.857142857142858,-0.8505000000000003,28.96825396825397,2.380952380952381,21.03174603174603,63614.3,715809,1278501776.62,97.8999,1.99398,0000-00-00,9,False,Aerospace & Defense Manufacturing,Industrials,XLI,289,257,False,spread debit outside 0.00-0.10; one leg lacks a two-sided put quote; combined put quote widths exceed 0.10; one put leg has OI below 25,put,2026-10-16,53.0,BTO,155.0,0.9940074043941971,0.0,0.12,45.0,0.0,STO,150.0,0.0,0.73,19.0,0.0,5.0,0.12,,,False,26.745120279786384,5.754879720213616,
2026-09-01,RH,buy-first put-tail inventory,,,True,22.35174603174603,142.87,1.4413518886679857,-27.17773586829094,-15.462839033245658,-3.6605092263956927,34.375,33.68,79.2092,2.179400000000001,21.825396825396822,-0.2107000000000027,71.42857142857143,1.9686999999999983,23.015873015873016,2.7537999999999982,-2.847999999999999,3.5714285714285716,21.701000000000008,84.12698412698413,9.523809523809524,86.9047619047619,2246.4,65601,103246104.5,94.8414,11.40372,0000-00-00,1,True,Specialized Retail,C. Cyclical,XLY,288,252,False,spread debit outside 0.00-0.10; one leg lacks a two-sided put quote; combined put quote widths exceed 0.10; one put leg has OI below 25,put,2026-09-18,18.0,BTO,85.0,0.9947147848972164,0.0,0.3,20.0,0.0,STO,80.0,0.0,0.3,18.0,0.0,5.0,0.3,,,True,40.50535451809337,8.00535451809337,
2026-08-24,CMCSA,buy-first put-tail inventory,,,True,21.803015873015873,26.95,5.191256830601088,0.0,11.379284692890735,8.583559331367141,59.16955017301038,34.07,27.8604,1.032599999999995,28.571428571428573,0.0425000000000004,47.61904761904762,1.0750999999999955,17.063492063492063,2.2501,1.6217999999999968,16.666666666666668,-0.4864000000000033,35.714285714285715,4.761904761904762,29.365079365079364,24121.8,734905,736673810.85,76.9767,4.46535,0000-00-00,9,False,Telecommunications Services,Comm,XLC,289,256,False,no roughly $5-wide put spread 25-45% OTM in current/next monthly,,,,,,,,,,,,,,,,,,,,,False,,,
2026-08-25,COST,buy-first put-tail inventory,,,True,21.44238095238095,960.99,-0.0530421216848653,-1.305330183834863,1.4672678603255165,-1.471162402288928,35.294117647058826,34.51,22.3695,0.5021999999999984,26.984126984126984,-0.1035000000000003,57.53968253968254,0.398699999999998,18.253968253968253,2.1224999999999987,3.1835999999999984,62.698412698412696,-1.2294000000000018,23.41269841269841,12.698412698412698,18.650793650793652,45424.3,340807,1821680991.0,98.121,1.67542,0000-00-00,4,False,Discount Retail,C. Defensive,XLP,289,257,False,no roughly $5-wide put spread 25-45% OTM in current/next monthly,,,,,,,,,,,,,,,,,,,,,False,,,
2026-08-24,AMD,buy-first put-tail inventory,,,True,21.202539682539683,455.92,-10.051887071635724,-13.584412138213386,-10.50361542466025,-0.9870484280951052,37.71626297577855,33.48,53.107800000000005,-0.122400000000006,33.333333333333336,0.3691000000000031,50.0,0.246699999999997,18.253968253968253,3.3877999999999986,3.668099999999995,45.63492063492063,-0.4746000000000023,40.87301587301587,32.142857142857146,30.555555555555557,515261.35,3008699,12470313549.0,98.3204,1.93593,0000-00-00,10,False,Semiconductors,Technology,XLK,289,256,False,no roughly $5-wide put spread 25-45% OTM in current/next monthly,,,,,,,,,,,,,,,,,,,,,False,,,
2026-08-25,AMD,buy-first put-tail inventory,,,True,21.03873015873016,478.33,-1.1939435252318775,-9.33679561780929,-5.976145424924595,-2.1587032716841037,34.2560553633218,34.12,53.261,-0.3641000000000005,28.96825396825397,0.6471000000000018,61.904761904761905,0.2830000000000012,20.238095238095237,3.803000000000005,3.0596999999999994,41.26984126984127,-0.0829000000000093,42.857142857142854,5.555555555555555,34.92063492063492,508513.2,3038029,11805196180.56,96.7992,2.96899,0000-00-00,10,False,Semiconductors,Technology,XLK,289,257,False,no roughly $5-wide put spread 25-45% OTM in current/next monthly,,,,,,,,,,,,,,,,,,,,,False,,,
2026-08-31,MSTR,sell-first call grab,,grab,False,52.301587301587304,132.56,8.406934903500174,-3.2902896330342046,31.517330602979587,-8.251763819408731,28.373702422145332,40.34,70.1234,-5.84190000000001,3.5714285714285716,4.3918000000000035,93.25396825396824,-1.4501000000000062,2.7777777777777777,18.39830000000001,19.761899999999997,86.11111111111111,3.2080999999999875,73.80952380952381,2.380952380952381,49.6031746031746,490066.65,2637214,3152955386.08,98.9517,3.22437,0000-00-00,8,False,Application Software,Technology,XLK,289,251,True,,call,2026-09-04,5.0,STO,160.0,0.042562422916518385,0.23,0.25,1895.0,1345.0,BTO,157.5,0.29,0.33,349.0,258.0,2.5,0.23,0.13,21.81830124936408,False,,,
2026-08-28,CPNG,sell-first call grab,,grab,False,54.82142857142857,16.55,0.4247572815534006,-1.954976303317524,-1.8933690587691232,2.674351930619701,47.91666666666667,45.93,42.0118,-1.2993000000000023,0.7936507936507936,0.7043999999999997,83.73015873015873,-0.5949000000000026,0.7936507936507936,1.4887999999999977,23.592999999999996,100.0,17.930300000000003,96.42857142857144,39.285714285714285,35.317460317460316,24195.5,638139,273380619.42,63.8519,10.2041,0000-00-00,9,False,E-commerce & Internet Retail,C. Cyclical,XLY,288,247,False,far-call bid below 0.20; far-call quote wider than 0.10; far-call OI below 25,call,2026-09-11,15.0,STO,18.5,0.0510899145630622,0.0,0.18,10.0,0.0,BTO,18.0,0.02,0.26,131.0,0.0,0.5,0.0,0.1,16.473038373194594,False,,,
