path,bytes,sha256,checkpoint_disposition
data/pandar_hypothesis_2026-09-07/actual_entry_chains.parquet,636,8b6e33d47f4e1df33f587d9b1d420f756a6c705b8496e0912c223c5d83371df9,tracked_with_checkpoint
data/pandar_hypothesis_2026-09-07/denied_endpoints.json,148,83ef834d333c1ab47c08f98db9290e24b29d56a09a8e99fc8c7d5b60066ae1c8,tracked_with_checkpoint
data/pandar_hypothesis_2026-09-07/earnings.parquet,162260,dad6abc29b4c1c68e6fa86709aaf0c42a99ec1273ea1777892de4ae0f8d66079,tracked_with_checkpoint
data/pandar_hypothesis_2026-09-07/earnings_invalid_dates.parquet,2823,4f5d792a688648f490ced1c24c05e63c3875997dbdff53b4e7d33f75f3b356b3,tracked_with_checkpoint
data/pandar_hypothesis_2026-09-07/earnings_probe.parquet,11411,38f16ccb2385532e883ed4a19d677678bea1ea49e76647579d80602f631361a8,tracked_with_checkpoint
data/pandar_hypothesis_2026-09-07/metadata_coverage.csv,23401,6662b53acbeb7a1bcc9f15dec4e68d8f91152b7be6b46561ce1ec418500c2543,tracked_with_checkpoint
data/pandar_hypothesis_2026-09-07/metadata_coverage_probe.csv,750,a4940c100492b2ca6140931f3117f534b8d4469ef818923a7fbb776488617ba5,tracked_with_checkpoint
data/pandar_hypothesis_2026-09-07/raw/hist_earnings/01b9fa6228ef9951447106061c29843dffa2a45cd8caa24bff372a3835283c33.json.gz,5041,b3e486509aa4c6e42db7f0f0d4ee9ed102d6b46b7a59c4697d2745d90823be6d,local_cache_or_large_generated
data/pandar_hypothesis_2026-09-07/raw/hist_earnings/0d4bcfe6f079c28d8295ed037e00e193f30be636df23abcdae139114620db78d.json.gz,5987,5b147263a0a2a44ef87d4eb1ba912ba6d199f8337236ef922448cf67aeba32f3,local_cache_or_large_generated
data/pandar_hypothesis_2026-09-07/raw/hist_earnings/149606100622399da21ae29005638346b2e5686d99a417fbefd67dd320293fd3.json.gz,6590,b945cab79c662841531e46ac90ba34e140234bc53648e93777c8536e1955c97e,local_cache_or_large_generated
data/pandar_hypothesis_2026-09-07/raw/hist_earnings/2e2bbc722fcc20771f41d382f9972d864b9caf54fe61023da4c6e7088ba40574.json.gz,6995,26c28e9336ce41d672482db70b8aee23edeb6f83422b7b7742e8c94ca963827c,local_cache_or_large_generated
data/pandar_hypothesis_2026-09-07/raw/hist_earnings/312e1af9ecf81c92f4df1d34669675474a68197ba30b37b9d1d50da26df2e2ac.json.gz,6328,17fd9bcd6c30fb397dc403be612f055dae92a2d4ae57030cf740ab416481a2e0,local_cache_or_large_generated
data/pandar_hypothesis_2026-09-07/raw/hist_earnings/37412a3d90bae4920c96f1117c8b34f4e661fb5ee60c082e79830726f7c7a400.json.gz,6044,53958b2ea3180fdaa5290c8ee49215b90ec6814d9b89fdadcbf0f4b2354f3cd3,local_cache_or_large_generated
data/pandar_hypothesis_2026-09-07/raw/hist_earnings/423bedf5ee2a3e898cce79b234210adf9905a60b5e19f3fba86c7f0ce73ed8f9.json.gz,5404,e805c99fcf03533165bc7913f4764c7a9546ae718f809694dacf804870665be7,local_cache_or_large_generated
data/pandar_hypothesis_2026-09-07/raw/hist_earnings/4a818e6317a6ffca2c23b99e2494eb10430a97c8938b7105dab54f2916e7d590.json.gz,5614,e902fa132297c783d26c48e2949af4ccb8e619777d1c3e7c3b6b9f5d84880c09,local_cache_or_large_generated
data/pandar_hypothesis_2026-09-07/raw/hist_earnings/4e8f998a40453220ddce205ac6603a695b71a5f50dbd60e8f89a6d99e243ff59.json.gz,5785,2bfe80b2949a4e33bfaffadd1c00459e354ba4b3409348039c3d90f148c8d3dc,local_cache_or_large_generated
data/pandar_hypothesis_2026-09-07/raw/hist_earnings/5a066265e949de3135d613938d9137169a49aadf9fa374ea4d25ee9431b39ed3.json.gz,5567,da810dc264eaac38e49db6e5c5fafb250111de60087ada81c9b31adea511f8f3,local_cache_or_large_generated
data/pandar_hypothesis_2026-09-07/raw/hist_earnings/5bdf74e89ed820b6695dbc671b7d746d37487e409de88450650827a96b74a0c0.json.gz,6494,940f0d54920784639df6e080a7fcc153c56570713411f76cd228dd7dbc6e26dd,local_cache_or_large_generated
data/pandar_hypothesis_2026-09-07/raw/hist_earnings/5cd2e849289b54d8e4ac287a80abe272132b56bc8e3c56578f11c9d18e221244.json.gz,5827,53711845002cb899cca51f361511fc77f6adeb6698d15b894ff0d2f7e42d00fe,local_cache_or_large_generated
data/pandar_hypothesis_2026-09-07/raw/hist_earnings/6936107e2497e983ddf69cf56cd4dc0969b0aefce6ba8e47291761b3cf3b03ed.json.gz,6090,9127afcc0997a98b558b0b2ff7ef2fd9f25e55fd5b532f4fd5b31992d37895bc,local_cache_or_large_generated
data/pandar_hypothesis_2026-09-07/raw/hist_earnings/6a57927389d28d55780495f3d051717038df0c32825c974df768e973e5058db8.json.gz,3740,7dd02605ecec295a66a4669fc2b1e492ba8a5ff01899acc3e1c86cf4276941cf,local_cache_or_large_generated
data/pandar_hypothesis_2026-09-07/raw/hist_earnings/75eab1b85ce113adffb156f9f7a085b2f08e13d43895d91dd0f2f098b9f1344a.json.gz,1841,63d09de2e28ef4f66d8f24de1bd9a2f7895b0e587eb80d6c2dc82fcb34f9e6ab,local_cache_or_large_generated
data/pandar_hypothesis_2026-09-07/raw/hist_earnings/7d2a601224e18b11243fc45b5543a212a5ae07e5e916974127870bf5d995b2e2.json.gz,5756,fb4a55846c198d12d2c644a99487e3272523c4401101a5a662ec6c0aa4b33bb8,local_cache_or_large_generated
data/pandar_hypothesis_2026-09-07/raw/hist_earnings/8f81765c51b3a7c58ef66802ca8ab71b964810e2d2e8c3392e1c6a62fdb55eee.json.gz,5107,b6fbb69b23b7ea70b6d418b4fde38979fd9d953c1ffdf1348a0ffc1ce536f172,local_cache_or_large_generated
data/pandar_hypothesis_2026-09-07/raw/hist_earnings/8f8f88bce8592de9b69c6a30e9ff240aaa0b2cbb26b3929debafb29c85666224.json.gz,6668,82536c2b35401a6e059cacaef8da6320902a693b0bd5a92feed36be4c237f749,local_cache_or_large_generated
data/pandar_hypothesis_2026-09-07/raw/hist_earnings/963bf8cdf9cc9b93c86ff84f0901fc179a7dc71a57a27b92fdc5bef0c5c42013.json.gz,4867,a274cc0ca16a9f02480c8be116d623bf8d55db0cd6c2366f3609408b3db8f6a5,local_cache_or_large_generated
data/pandar_hypothesis_2026-09-07/raw/hist_earnings/9bce61de69da2edd3dbb19a91b1ca07021659e9d27b308f9be07b6343cbfba7d.json.gz,6741,188f762f5585390af6831d4fffb2eba60410eaea772f4433b7ca189169e525d5,local_cache_or_large_generated
data/pandar_hypothesis_2026-09-07/raw/hist_earnings/a355da1a2ac3ba88fb43588b808d23a0700519a4a6e2aebf2794fa6a55e7f771.json.gz,6710,e5df9bed4873ce2a0932a525881977a4010fbb9dda44bcc1be14e0ed5a6afe96,local_cache_or_large_generated
data/pandar_hypothesis_2026-09-07/raw/hist_earnings/a643c13bb145405834c86c5d2ee61976cc0efb9d313a7bc2d1793b14733e061f.json.gz,6581,eb310831e0b9794e8f092b7dcfc25a2c34a41c2f2e3b2f22c5a7a794156d8aa5,local_cache_or_large_generated
data/pandar_hypothesis_2026-09-07/raw/hist_earnings/a8e4c8b3a21146eca10def1360879e980e95b21326edca5b6105b34ceee024fe.json.gz,5895,bf678ffb76abcafefef9d0422085811623b07b21a811bb3ead4398678112e823,local_cache_or_large_generated
data/pandar_hypothesis_2026-09-07/raw/hist_earnings/b952d9f7e8097ac034f2a8a6f0e4817d789cc0efb33ec7d664cddd131b0abc7d.json.gz,5459,eb4e8e3cfa9e2dd7bdd4a5add1ab8ac03680d910dad8ce19bcc0a745d8ade4f5,local_cache_or_large_generated
data/pandar_hypothesis_2026-09-07/raw/hist_earnings/bc3cd75a60eecf8b40c68f7711dffc06988edef458fe5997252b2fb8c90a594e.json.gz,3841,50d7b83ea20cc853fa701be1e2b3095faaebc78e4f5d0a68a429f88f4e8e411a,local_cache_or_large_generated
data/pandar_hypothesis_2026-09-07/raw/hist_earnings/bcc7ab036c5e9eca1873410cf72127e05048ba17b220a18c5acbc015366b67d2.json.gz,6238,b70554faf0b5429c2dcbab00dd2b8bd72f75606a6f45ff377db41b6e39b112a6,local_cache_or_large_generated
data/pandar_hypothesis_2026-09-07/raw/hist_earnings/c31abf7f04618de6a968bd2b70cef36c3557e11908d61f19e7ba84e214fc789f.json.gz,4946,b14e7bdcf2d055c6b46dafe187c58cfd2f705840fda5ade238f50a37a5d17696,local_cache_or_large_generated
data/pandar_hypothesis_2026-09-07/raw/hist_earnings/c90d4de8bfc996a3e502877333ba3cb665d6202dcd1350f5daeabaf7c809d6dd.json.gz,6572,efa126ae8952c0b2b96dca7750bd200e81e8f87a17ee3a3f615335e3fec41fd9,local_cache_or_large_generated
data/pandar_hypothesis_2026-09-07/raw/hist_earnings/d14ed0bef2613ea6153da139bccf43add5bd96d2f8e5c50aafaa9683f66aee16.json.gz,5051,04a1d05b647b1f89d8516359aa0eb0229db6fae1b74a6112714923b5c569c5f3,local_cache_or_large_generated
data/pandar_hypothesis_2026-09-07/raw/hist_earnings/d5b7495e8683eee364290f62be29a671ada8dc73040ed500ede1cf9e1d651940.json.gz,5862,65de60616a8117a60ab6c16ca919c8ead7acd70e4c7cea6ae8e2bbf6113ae0c7,local_cache_or_large_generated
data/pandar_hypothesis_2026-09-07/raw/hist_earnings/d61f90fb5cc88bf1a68f59b47c285b2c3942a394fb17c18958d998b34b97d4eb.json.gz,6830,e51f196a2916316de6403b5f67872529965e762aa677ad478aff3f4cb92e5e04,local_cache_or_large_generated
data/pandar_hypothesis_2026-09-07/raw/hist_earnings/f751a60aeefa2edfb3361ac52f74ac302c15030d8c9965dd8223a2223ac3b838.json.gz,4769,689905a0e65def3290bbb4cff976ab20a204bf4d1f043c569d5a65001c8e4a7a,local_cache_or_large_generated
data/pandar_hypothesis_2026-09-07/raw/hist_earnings/fecd51df3e970c4a8fc189ba49f29ee4ea96aecba45d3a88a2f2043bf96a622d.json.gz,7209,03fa5a58e439c7a13a9463ee83e3978328cc07eb8859c110e501c4e1c314eaed,local_cache_or_large_generated
data/pandar_hypothesis_2026-09-07/raw/hist_monies_implied/048cf46970f775c2a2c322867a9b0e89342b00fb5f11423dee0503aafd7d1aa1.json.gz,21822,ddeb96f3120d601766f750289543c5a54bfca5ac9d686d29256015bc7ef0a8af,local_cache_or_large_generated
data/pandar_hypothesis_2026-09-07/raw/hist_monies_implied/094177f09288d6142620f8a0c7ea04c88e768652210b681f2acdcc2403949b0f.json.gz,20636,cf156741d5ad39bcb4edbc004f383f1d415639dae4261a607407c18c2e276b5f,local_cache_or_large_generated
data/pandar_hypothesis_2026-09-07/raw/hist_monies_implied/09db72240f650870eccc49a9d272ee01f604d7fc5610ff759ddf1f95d04a264b.json.gz,21933,9d8e01dfabc88c651bcdd725a988432ae42630366530385cac0a2dc11cda453e,local_cache_or_large_generated
data/pandar_hypothesis_2026-09-07/raw/hist_monies_implied/0c03f87196fd564102412868aa55d800293fb21f2fc60d17243fa04c9aa4f4c1.json.gz,22330,bed1e0d3d8690d725283119898c8e6c788bb400aa11963f7d87758cebc64d3d4,local_cache_or_large_generated
data/pandar_hypothesis_2026-09-07/raw/hist_monies_implied/0c299555e206d27761e0ae29dd6af95d74df1f43c63cc4ee5365661b1393f9c0.json.gz,3691,75cb05f4daee57fdfcdbf11298a7f601a9a625ea728e7ba1fa5fa51a3a87aebc,local_cache_or_large_generated
data/pandar_hypothesis_2026-09-07/raw/hist_monies_implied/0c3356af95ebdec6a1813325ad3ffcef61b8fa61391a957c04de161dc4022dca.json.gz,21392,add2de41d6aadc843ed63e53dff7cfb46b67b27259d1cf6fbe0753c998be82f6,local_cache_or_large_generated
data/pandar_hypothesis_2026-09-07/raw/hist_monies_implied/0e36782309f05621837deec7c38dceb08f363e2a1d1e1e1df12a39385a04fc7f.json.gz,3964,1c154b46a1b472c8b8d113a9c5ea464d949682bc783c45cee814bc733406f398,local_cache_or_large_generated
data/pandar_hypothesis_2026-09-07/raw/hist_monies_implied/0f6b4b80aa82c09a3b59f19ea1428516da085f0e53a1abc167d9f03fa8786b0e.json.gz,22439,5806afceeebc3c6c3f748db01eea7ef26f2d96c69a16f7a6d8c95f14eddeebe5,local_cache_or_large_generated
data/pandar_hypothesis_2026-09-07/raw/hist_monies_implied/0fb09d903a340e42adf57af9f451cb4a01ee9902b9a6d4f9965f3d9dfbf26cc4.json.gz,21010,1654b60e48dcdf1334cb9fedc859cfc1d188365ea3046ca6071999171ab8ad34,local_cache_or_large_generated
data/pandar_hypothesis_2026-09-07/raw/hist_monies_implied/105f8f1681cede8662a2dfb94b542dada098b902c9c7163c29008ff7fc119f2e.json.gz,21821,f0e6c3530b470cb3691bf1f43abf61ccc48dc1a6e42c8ac75ae4e008f77c0290,local_cache_or_large_generated
data/pandar_hypothesis_2026-09-07/raw/hist_monies_implied/12103145fb42148ecab7c33a0f4181a77a786abe19fdc641f3482a88314d6a05.json.gz,21816,d0963323586f00acfad31437014d07f6c56fcfdc9d49893771a825fc4d08324e,local_cache_or_large_generated
data/pandar_hypothesis_2026-09-07/raw/hist_monies_implied/16058cbb16150ddc795aa418132fb9886cccbc3cfd8b24a19083a7f393f2c73e.json.gz,21741,a90c5b30cd2f1b6094cc97c171ff93ac6a5f9dc088f7ee00186312ef9f3e8dcd,local_cache_or_large_generated
data/pandar_hypothesis_2026-09-07/raw/hist_monies_implied/17247ce8da459e500d7330885dfd588e69fc48d6f9fcb7c7be04055d8cdd2748.json.gz,21377,7622390d7f1b8a668dc3ba7e6fb2e309cc12158874324cbee03026c4080d6e6c,local_cache_or_large_generated
data/pandar_hypothesis_2026-09-07/raw/hist_monies_implied/1a76517f3f59d66db4c3d4f0f4576b6bc69b6302e40f591bde475034332d6da4.json.gz,21719,5083656f2df12c5cf93376ff9431840fc980ed38b90dafa0f9ea222f9561e677,local_cache_or_large_generated
data/pandar_hypothesis_2026-09-07/raw/hist_monies_implied/1c461a697f1613db6090755f29130e4b877f39a29192018ca96cbb15e3acdd67.json.gz,21360,4eb9380bc848b757b38774b86eedf24295d61b6e14369cce12a978eeef6c4767,local_cache_or_large_generated
data/pandar_hypothesis_2026-09-07/raw/hist_monies_implied/1eff3862478c7d03daffba11a1f6671424e3fd583b21cb3ef813fb4151b4e3e6.json.gz,21787,e0612e54194665a73419fda0895cb8798b5cf0304f725c674902c1086b8c8082,local_cache_or_large_generated
data/pandar_hypothesis_2026-09-07/raw/hist_monies_implied/20fa86c30aeedab9c672827c5f6c466852fc5f47157ce1981e07d6707e283fcc.json.gz,20289,a4d4d4474f76ae830e610859938bdf96d60baec3cf1e3a028c130a1a231d9289,local_cache_or_large_generated
data/pandar_hypothesis_2026-09-07/raw/hist_monies_implied/21627af78eb2c2f541d691376d96dc5848e83ce1e919ac72fb89648084c52764.json.gz,22076,a5ef0561815fc844758b9bbad8e96b114a3b745b374615df6ca30ccab7fbc2f7,local_cache_or_large_generated
data/pandar_hypothesis_2026-09-07/raw/hist_monies_implied/223892f4a8e72d55e8e29180c0f6c0c9d194eb66f3506fb4d51fd968a94a1137.json.gz,21408,966f085d78e7cbf5e17b24cc452502a1be5bd2eee90567e2097420b80ac7d740,local_cache_or_large_generated
data/pandar_hypothesis_2026-09-07/raw/hist_monies_implied/22a360d45a28017d0dfe5f26b35d3f5330e63ee25d8f2b088e968c702f069eeb.json.gz,21499,8723edfdf859575a9cf9ccc22fe084fec03f06b78d317b5967c5fa47778ae2df,local_cache_or_large_generated
data/pandar_hypothesis_2026-09-07/raw/hist_monies_implied/2320018a2be6ae39bcb639e460d7be33ba71d63424fabc9556a230383569054b.json.gz,22275,87c90971270c9d24cdf9b23bf6ac48729a255d7f6c451b262c51f4a6acf49977,local_cache_or_large_generated
data/pandar_hypothesis_2026-09-07/raw/hist_monies_implied/29271699d0b5cfdf08cf469e5759b77adc55885b8b1c59948ba03afe9f3ac35e.json.gz,21569,ae018c98095019c902472cb6ef8a0f9d77fd968e78e41a50c486f0786b3ac6b1,local_cache_or_large_generated
data/pandar_hypothesis_2026-09-07/raw/hist_monies_implied/2bcdd3e1795f837563d9ffd80f733a6e5edbbde8518596024aa966ba54fcdf2b.json.gz,21298,3fa2d57db4dc6142e10dfc688efab911a1afb144b7ebea312c18bd08a9f8dded,local_cache_or_large_generated
data/pandar_hypothesis_2026-09-07/raw/hist_monies_implied/2d3335e55856bada0935e9daedb995411d584de13c51b3a64b58266c11f3bacb.json.gz,21937,9bbcdb2c60c19079ae2b3fa6944bdc3ddd7cfeddcf83349f14a15e6507095049,local_cache_or_large_generated
data/pandar_hypothesis_2026-09-07/raw/hist_monies_implied/3100f1f4454488d502c2a55c53a3a2b1d6676dd497e1ca46142de2e9ba95150f.json.gz,22207,e6ef815f43a2656f56de934c99b80cf74d8c76657749f49dd1e028b6cb87e7b5,local_cache_or_large_generated
data/pandar_hypothesis_2026-09-07/raw/hist_monies_implied/37e38719fd760eb531cafbf30220ac3af7d1978ff7d716de48a62f4aa91341d4.json.gz,21477,29dfbddceac376b28fc1a4fed6356f281ed8e08b8a5199595d98b8018f800fe3,local_cache_or_large_generated
data/pandar_hypothesis_2026-09-07/raw/hist_monies_implied/392af37fec851011339c9f269da62ab351eeb3f4249a8c44d3c5e1a6dd9d59b7.json.gz,21387,c9e71af1723019b9316e520f419446cc4ebd4e5870a85672eb2add71fc6942e2,local_cache_or_large_generated
data/pandar_hypothesis_2026-09-07/raw/hist_monies_implied/39bad335449161ce8b9b900bf2d8ba1ab4d5e1d8bc7d6e229fc83048ee11dbc4.json.gz,20671,11ee72aa66ba48feea1f203e9a103eeed1a3476644934e76700260c31d47c9f9,local_cache_or_large_generated
data/pandar_hypothesis_2026-09-07/raw/hist_monies_implied/3be39d32fe6b4421379b090ddeb03a496bcc51ad5022455c62ce66aa834868d2.json.gz,21764,7c4deeb9d5d6240482a36e85ae1fdcd70df90311d310ce5c3a7f45fadc3646f0,local_cache_or_large_generated
data/pandar_hypothesis_2026-09-07/raw/hist_monies_implied/3c9c1cb4a58752927b7b0584355b3f3b283c3b8f9956564a0a38f629acc9f625.json.gz,7426,2d06ec13a4b8bbc37b9f4e8cf1b1604c408107b1a1dc6958cd10897d46ce87ed,local_cache_or_large_generated
data/pandar_hypothesis_2026-09-07/raw/hist_monies_implied/3e28f06cb7f709be299830739c91100e0c5ba6fa100a8558cf0b93085c662638.json.gz,21200,d9de7a87dcc112e3a9809b08232854cb3b273530c31068838545f8b3b2046a48,local_cache_or_large_generated
data/pandar_hypothesis_2026-09-07/raw/hist_monies_implied/3e59e4f873f54768d4e0cc6ea2354ba74a16aaf1992c5848f1f4dd58b93948f5.json.gz,22221,2917cad0793817906a7b410f96dbc3691f9fddcf991a74f267100862fc9f3b20,local_cache_or_large_generated
data/pandar_hypothesis_2026-09-07/raw/hist_monies_implied/409109fd8ec393a55df72f912c0f57d8c1fdaae9531dd1f7feec7fec0c461654.json.gz,21135,0075132f88eaada83dbfa6e1db240ae7c52543cecb10112d11db43340270f9ba,local_cache_or_large_generated
data/pandar_hypothesis_2026-09-07/raw/hist_monies_implied/40914e299d7f81e87a1bef9030f7d5c4a5c338fb21845d4f3ebbf62679397324.json.gz,21046,fb025d1b3d3602be8c724f34dfbb5b1518c3729bdcb1568f37939bbe086c100b,local_cache_or_large_generated
data/pandar_hypothesis_2026-09-07/raw/hist_monies_implied/41108f21f80a427ecc3d8ab5cfb27519961887a688c2e22f018a9d177b2ca6dc.json.gz,20720,a123af01836686276bd88eca8151408601ad9cd854e553eff9a5ba1927a3c23c,local_cache_or_large_generated
data/pandar_hypothesis_2026-09-07/raw/hist_monies_implied/429910f63c03ad33dc38aab5faa771e98a3dbb1297c7e22e092b790c1cbf0992.json.gz,20366,67b7d2d1e60dad1226ab9072fdd3194a157992d0c33d11b76d0ba51e4d0c3c05,local_cache_or_large_generated
data/pandar_hypothesis_2026-09-07/raw/hist_monies_implied/432a1e397de27184102a0315aa7ebe462400db2937d0f2c0ccd10c9a07ca2c75.json.gz,21592,8e0139acdb9b07a811b0b1d87fd32c2035ea4c74d170881e4141f396de16201d,local_cache_or_large_generated
data/pandar_hypothesis_2026-09-07/raw/hist_monies_implied/4535e4f63706162c5393e25e839614fd8f0e24870437722625b8d284e10230cb.json.gz,21059,d6b9f43976f547e97ffe4741d30bf3422040d6c630ca5e169984d277c2de8147,local_cache_or_large_generated
data/pandar_hypothesis_2026-09-07/raw/hist_monies_implied/45e305ae592fa77dd78b9c3faa03c1636dafb49ab2bcded7d97cec91979c2817.json.gz,21249,67542e4b5b8fdeccae008a7c5028d95ad38a274beb31d46dfacb5760c2078c65,local_cache_or_large_generated
data/pandar_hypothesis_2026-09-07/raw/hist_monies_implied/47b0ef51d39da9e5f13b7a42f2f876e245baa55f180543d249371ea7d18499c6.json.gz,20757,be5168f2f01c9d906897ea43603af280cbaac76abda4dd01ec1c24a3f5e7de2d,local_cache_or_large_generated
data/pandar_hypothesis_2026-09-07/raw/hist_monies_implied/47dc79ec0d0c0443676249d5458f3779eb2fe088bf4b9cfa8d5046b6322bb536.json.gz,10842,d993e2d59de4054a702b33e8e389209eb8e1ba5d3b3c6bc6aa4a6e6da8e36b84,local_cache_or_large_generated
data/pandar_hypothesis_2026-09-07/raw/hist_monies_implied/4a957885b49a9e6eae1381b940685172ac0b8ebaf6f8078334949e3b14b770ea.json.gz,21094,c39a1e58573184f43068f0f7da5b5c0b243cc89347998e8d8704d266b7f3136c,local_cache_or_large_generated
data/pandar_hypothesis_2026-09-07/raw/hist_monies_implied/4c6787d630d4ee660e716b9e797e7df27f61f18805baf1b99bb3dc278fcfe236.json.gz,20628,56dc4a1eb3f4126162ffa59ca666279b5544e6645286bd9e0b5d5ff2c05e6df1,local_cache_or_large_generated
data/pandar_hypothesis_2026-09-07/raw/hist_monies_implied/4f2274bd122c139420b7effff2ee91fecb2d56591e60c24060f51784f68b14f8.json.gz,20803,bb8d52ea0a39e56c48ea9b729a42404ce1ee38cace4e0821dc83cc649ad5916a,local_cache_or_large_generated
data/pandar_hypothesis_2026-09-07/raw/hist_monies_implied/502280d063daa1e06903517e19eff9e2ddeea9d0ecf3483126a14c504a56fd7e.json.gz,20986,9441faeda9a23b4d94345108f119299fe4afc691eecf24f9fc149323f34969f3,local_cache_or_large_generated
data/pandar_hypothesis_2026-09-07/raw/hist_monies_implied/536d54fb6b8d041a2a5c558bae61e09c6ca3bfc7279e0e432cb9b9be7875c17f.json.gz,21443,2df7db53b9967b33426c01380702d505e1da917fb0fe17ed01ace4bc07182b59,local_cache_or_large_generated
data/pandar_hypothesis_2026-09-07/raw/hist_monies_implied/551f2b38f55c2bc88f419f3cf65ed2d2e330c337f033b88412ac28c13e7dba57.json.gz,20891,4ad628ec0e2dc885ace67327720fd740113e12f7c09f75c96bec0a01ec8864c6,local_cache_or_large_generated
data/pandar_hypothesis_2026-09-07/raw/hist_monies_implied/58e8b4e5a07d6e0fcae64dcb3ebad72ff3de35beedf9b2c7dd13fa7ddefeeff1.json.gz,21015,d15adeb71abc52d3ce6ca1ab3cc99bfa3c83c586c3f225886d50c6377e260548,local_cache_or_large_generated
data/pandar_hypothesis_2026-09-07/raw/hist_monies_implied/5caa115e534bcabe7cb715d02ab3357145731fb8269fff6a0fa5ab46158d2bab.json.gz,20710,d7ab900a2732a079592770889b1b42c95631f83bfc1a83f46fcf8740b4859226,local_cache_or_large_generated
data/pandar_hypothesis_2026-09-07/raw/hist_monies_implied/5cc948e01113c2107ba7a6db6345b4cf1e8285e490822824c55235aa47588716.json.gz,21302,987284957f6eb1b66dacf2f760aa704cf3bccb1fa9d7d80de9814df89899a51b,local_cache_or_large_generated
data/pandar_hypothesis_2026-09-07/raw/hist_monies_implied/5ce2e32f94b0dc12a69f6a1a058ae3926765ffd0adcf1efa6fbd6add1a19b4b4.json.gz,22230,1a3f36973a58c03cb10aaf4023d0aae41b1d0fef1fe6ed3bce89acc8b15ee5ad,local_cache_or_large_generated
data/pandar_hypothesis_2026-09-07/raw/hist_monies_implied/5d3de8b1d921ac96291b01cb4b48b3f450fef5838dcde40500d2a5ad3e834a4a.json.gz,20782,39ad009bb62204b3979c64b656f7f3f366a2eab2aea6b604b9d0779293f50ab7,local_cache_or_large_generated
data/pandar_hypothesis_2026-09-07/raw/hist_monies_implied/5d797f475d469909aa7815d0863872deefeae0df1d02cedebf06cc3476bd8cea.json.gz,20416,1d38aa7e3133b819363784cb705c779f8bf021f1db50b1c364a833049b77057b,local_cache_or_large_generated
data/pandar_hypothesis_2026-09-07/raw/hist_monies_implied/5ecd3b38936fd149f03d28d106f1b4b92f1357a756a828a10d4df2a535db20d2.json.gz,20830,8dd03422ec10c09028b6f7f753744f8881ba05f000489d64171f5947a40f8414,local_cache_or_large_generated
data/pandar_hypothesis_2026-09-07/raw/hist_monies_implied/5f71af635b90cefb0366695700dab11f780445e5b8271ae735a137ffc1e2ac23.json.gz,20654,9f2fb95abbabf21d4db010baadce84ec27dd79aa0c352d881fb38c3977ee1f7d,local_cache_or_large_generated
data/pandar_hypothesis_2026-09-07/raw/hist_monies_implied/615dce3dde8835ab31a1355e97696868e01edf517cea34920512f3a2d9d19779.json.gz,21397,4c411524635694f304c8f50a35154d39179c58192cf3fc67c30880d3c11a21b9,local_cache_or_large_generated
data/pandar_hypothesis_2026-09-07/raw/hist_monies_implied/624e3562169cb61f712ae8bffd8bb2e96899df92026e03ae325bab6dbb5c4a06.json.gz,20911,268b07cd1bb8a32a3c2eb310410b4f29f224d9be74c0c99097217a9aa418fc54,local_cache_or_large_generated
data/pandar_hypothesis_2026-09-07/raw/hist_monies_implied/63de32b067ba96d73df7c8d080eb47f83921286090bc8fb636ee7727e9d1d6b5.json.gz,21122,e6fddbd9e83e803a331244edf5545d8b6a79d600851438aeb4a5c8a386524731,local_cache_or_large_generated
data/pandar_hypothesis_2026-09-07/raw/hist_monies_implied/6482cf971ccadab53cab369faf99b9cfaa781682ab51efa80a8256788358a2cc.json.gz,21225,bfdd7684d0b0918dcac7dbb3572d760455b252c4855915232c8261b10050978f,local_cache_or_large_generated
data/pandar_hypothesis_2026-09-07/raw/hist_monies_implied/66f888a6dc5304955a6a5263cd1e5ac87e2402b025f0742a61c73d3a4ae6f71d.json.gz,20546,d89f65c6a31972a8e06774c7a91b337d434f6f70b809329973fcfd5ae1df4fe7,local_cache_or_large_generated
data/pandar_hypothesis_2026-09-07/raw/hist_monies_implied/68770aa22c5a454043b80c6e5cbf7eb49714ffdbf0e98ef6a930ff06eefabc88.json.gz,20941,bf83a37163fd9f2f5ccf0397f9a151e2db8813afeef14293ff7f8fb5c91c04b5,local_cache_or_large_generated
data/pandar_hypothesis_2026-09-07/raw/hist_monies_implied/69db6ce7169ab8476c7b4411548acc3ccf03f1d321b0a9f80d9d16b105cd8bac.json.gz,20969,ff0c94944b65f3dfbdf31c6c34359a0b6eccc3862e56512cc56b4f6150f95bd2,local_cache_or_large_generated
data/pandar_hypothesis_2026-09-07/raw/hist_monies_implied/6a8e100d102ca59b8703b58c7584d083ae5d7cbaf3adf4076f4adc2c39ec3bb5.json.gz,22328,0d84d3e5ddfa0c95edea29bea16abccb06027f19f90d9fa0e4bc54bfbd7dee16,local_cache_or_large_generated
data/pandar_hypothesis_2026-09-07/raw/hist_monies_implied/6b5133cd1822383e45bb0547acbf75d8613d0accef5a43ba472143cec18316b1.json.gz,21243,20365cfeda57425fd51e045532a5d9966c07637e44394d2aae176a1f29191c4f,local_cache_or_large_generated
data/pandar_hypothesis_2026-09-07/raw/hist_monies_implied/6e9f20bd5f87d3990add78854ba4be14dbe94bebcbdc8045d78aa77938c1d0b6.json.gz,20352,2a03586d9bb6c7e2d6ab8f6b657b8e3ac428a7a593332a2bb403b1e4921474d5,local_cache_or_large_generated
data/pandar_hypothesis_2026-09-07/raw/hist_monies_implied/73ea0164b98405bca08c26f15d0c7c2358b8c4179cdd9ee2412e3b9c8a284426.json.gz,20923,6b5c866575233fc5d8228b319e171cc96aed551afb796339a7fe126824d69a1e,local_cache_or_large_generated
data/pandar_hypothesis_2026-09-07/raw/hist_monies_implied/765241d3ce0fe06c0b5609f09d50a84bfea316ff882c307d953151d8a4b36f96.json.gz,18082,69f66506879129212c308e746fb21cda052d58b8e91098f564c873c873607f19,local_cache_or_large_generated
data/pandar_hypothesis_2026-09-07/raw/hist_monies_implied/7684cdbbc8e4c3b7ef48b0c59308d7998deb6f073137a15e299ed0fd86699ac0.json.gz,21610,d85f53f7c1701477e32ee189a01ad6cf5f349aa600a0851934ff097565bce821,local_cache_or_large_generated
data/pandar_hypothesis_2026-09-07/raw/hist_monies_implied/7a39c3618a1a6642def7e6f31d6238231858911b824cd1dc39c1bb348f4d5e91.json.gz,3685,09308392a2cdc04a66751b06a4f91b91ffb161e029b1cf272066f47c3a68d4be,local_cache_or_large_generated
data/pandar_hypothesis_2026-09-07/raw/hist_monies_implied/7aad2419eb8157554b25b9fd19b8de7079973d717d2598aaf388f3c8ba224930.json.gz,20858,69b7e8ab73bbe9e735f0479e08618baf0217d8066ee188aaaf535ff50fbe778b,local_cache_or_large_generated
data/pandar_hypothesis_2026-09-07/raw/hist_monies_implied/7d66ff65b24835a31c32224586801b5504cfdf8f7f728ec6fa0a9e2b5d72175d.json.gz,20741,d2b1d541ac93631d16a79cd089ae03858b737648608264b0feae81fdb9e757d4,local_cache_or_large_generated
data/pandar_hypothesis_2026-09-07/raw/hist_monies_implied/7e7bb121f34f3b5e8b2e017cc9b21154582b7a0e51c8e23d6bd95e5bc213ace7.json.gz,22178,5bfc113062489e9e3406ebb4c4473ebe1db805fde14da829e131051871659c75,local_cache_or_large_generated
data/pandar_hypothesis_2026-09-07/raw/hist_monies_implied/8212e484ad8f80c1b9f48bbc56250e61af5cd354bda74937f21ffc6b852b850a.json.gz,20680,523ebe7f7bee212e58146685e36184d53e90130bfc04e47954c46b8afbcc00a7,local_cache_or_large_generated
data/pandar_hypothesis_2026-09-07/raw/hist_monies_implied/82921bdb019f5df72d9565bfc2d4c2731fda55bcb60ddf52e694caf5a62726ee.json.gz,21685,d54516510aad3eed5d1ef49998d647a1cf1a842877e0d062380ac77adf8422b6,local_cache_or_large_generated
data/pandar_hypothesis_2026-09-07/raw/hist_monies_implied/84b392183da4e8dc5abb1eefbcf61c7f6ef54c4dbfc37112bb5ea5a5065d6465.json.gz,20502,7d1b2b91555b1f12ced2c512cee882b04724859875445b149184a06fda8eba6c,local_cache_or_large_generated
data/pandar_hypothesis_2026-09-07/raw/hist_monies_implied/85e1c111125a8ef1a439b45e003070809efa6fe6563c47ff3f4b6484c81e00c9.json.gz,3982,3a38ac34e0ca9ca777518e45e744a35e338b31bcee255de924f528c605a1143a,local_cache_or_large_generated
data/pandar_hypothesis_2026-09-07/raw/hist_monies_implied/8698aa199eeb07330b7a6293054d616a5bbadb30765b7d9c80ff27d659eb5fb4.json.gz,21577,cd7ecdc14239dee6012993885cb755352902a8c70d5258fbbc236e2fae381225,local_cache_or_large_generated
data/pandar_hypothesis_2026-09-07/raw/hist_monies_implied/87374ded444d5efbf15edc6da7bc31cef439aa42cd584fa6d200d9123f127c1e.json.gz,21137,5ed8b9cbe66babbcb023fbe93e7de19e44494e9b5d28db35b6758dedf92811d1,local_cache_or_large_generated
data/pandar_hypothesis_2026-09-07/raw/hist_monies_implied/883dda2f103c59d10abec82f4de6dfaba256cb4fcb7985e7362016d9567a9e59.json.gz,21905,0a9212fdf0e164370037c8b8cabb9253d3782f0fde848227c578d9972f750bcb,local_cache_or_large_generated
data/pandar_hypothesis_2026-09-07/raw/hist_monies_implied/8b6e941db005f1e4fe6990a684ee89fa0961ab5a9abbea13f7141f743c45ee0e.json.gz,21463,da17e580ba60a50d6a583326bdfadf832bf0531426c063924d98095b80987b7f,local_cache_or_large_generated
data/pandar_hypothesis_2026-09-07/raw/hist_monies_implied/8ce90bd5bef86b6ead5a6f0b16110c79b870926f08994089578ce617f19d99d8.json.gz,21454,8164451b53108eb8098cbe9954872c36f488ed525b26f1f877589a2ad8cd1eab,local_cache_or_large_generated
data/pandar_hypothesis_2026-09-07/raw/hist_monies_implied/8ecef44e3a8f4a7254e19c7786d70e78cf6e8e8115c5b1913114d0813a14d7c0.json.gz,21302,d123c847938b82657f2630778df0c4cbc7e080a61828767f1655ed6cfeef64ac,local_cache_or_large_generated
data/pandar_hypothesis_2026-09-07/raw/hist_monies_implied/92b0178167136ccaefecdff915f5b1fa97bec543243b8271c20ff21db527e451.json.gz,21465,202f9a99cffc97119ffd8acf89c8cc007003ddcadb383a07606a499cf1cbeb18,local_cache_or_large_generated
data/pandar_hypothesis_2026-09-07/raw/hist_monies_implied/9340333886076ad7becb7a2e5d56cdeef6451f1b8097eae1f8688cf4d76f1883.json.gz,21907,08ddf710a3940784c0cd1f021c88b61ee9898d6c2cf257488113a00ccbe847e8,local_cache_or_large_generated
data/pandar_hypothesis_2026-09-07/raw/hist_monies_implied/937bc94bc02d0aa46e3a8f7ee8918e4a927e3e90d356b15f5d250ff53a4ce66e.json.gz,22152,e09813b14981b60e7893b62fdf5c43169426bfbe2cf4c60e0349e5d4ac3948a4,local_cache_or_large_generated
data/pandar_hypothesis_2026-09-07/raw/hist_monies_implied/94a4c81d1ac6afc8fbebf52b8785e12c5d1a8058eb71deb83b13bd1c663014f4.json.gz,3739,15b1664340734ad61eceaa801e3fba949be5762406a471d08466563d6bebb26c,local_cache_or_large_generated
data/pandar_hypothesis_2026-09-07/raw/hist_monies_implied/9528ee51078158b0917be0af903587b3c981c3b89b1013e488ae528fc0850fef.json.gz,21375,ecbdaeec4f04df57a37115d0fedef05249a7cc444321f843965c4cc4f151449a,local_cache_or_large_generated
data/pandar_hypothesis_2026-09-07/raw/hist_monies_implied/96ca28f98e983aabec81193d043e989c3e4500c6397d6af312f1416f649da6e7.json.gz,20873,989fe00b7357e613d750c7c662410a98b1963439e863501513237c7e074adc26,local_cache_or_large_generated
data/pandar_hypothesis_2026-09-07/raw/hist_monies_implied/9a7651ad83da0f48fd331c35b3a04190166063a9e576fcbb72f33055f6d9fee1.json.gz,21332,697dbcaa5ca04e2cb181de7b0a768e72d1bba8ff3b8f07de283cf3e0846d60fd,local_cache_or_large_generated
data/pandar_hypothesis_2026-09-07/raw/hist_monies_implied/9c9b46d2be0077bae37da65a45534de8d0d570f5db7ccce7b4fb72038b149731.json.gz,20811,79850b168050e5594e651796fd27b9029cef49852a1508baac9c915311e022f3,local_cache_or_large_generated
data/pandar_hypothesis_2026-09-07/raw/hist_monies_implied/9d25ad8d4949c982f2c0598e6ab87636f062f78291545af1d4923a39068ff607.json.gz,14636,660f3b11a817cc17176ee6d9b1ee34d95fc3ed9f876880cea5ace787a340769e,local_cache_or_large_generated
data/pandar_hypothesis_2026-09-07/raw/hist_monies_implied/9e35ecf477446b3ae5632a284d1d8d31d8b6dcc18786d1c5b3cc468ff0de2abc.json.gz,22129,114e56a59903a14a406424a481bfa0d430738c30bf916d137e7178a372ba52cc,local_cache_or_large_generated
data/pandar_hypothesis_2026-09-07/raw/hist_monies_implied/9e541e2127f944147b89c92dd53a3fd7f19af13904a59478b7df801692b42c7d.json.gz,20710,112d542e58816a7ba0a0653ff7b1d26932da7feeee4d5975186ef08018c6b6e0,local_cache_or_large_generated
data/pandar_hypothesis_2026-09-07/raw/hist_monies_implied/9ea86ed379e6709f756ca752e157cc97fd42e6f79db545f63fb44f2f9b493dab.json.gz,22626,47d30f4f2ac8ad9fb38e168cb78d3d38c8b546a3f2faedc190bf0678062c953d,local_cache_or_large_generated
data/pandar_hypothesis_2026-09-07/raw/hist_monies_implied/9fa509d5928cc5f3f9ee05fffc05aa95df932695a970c3042388ff1941c09420.json.gz,21602,0a0aa64e3f835756759e0797c091d18c21743a8678686508438f8397e7181db8,local_cache_or_large_generated
data/pandar_hypothesis_2026-09-07/raw/hist_monies_implied/a24a26dfaaafcedcefbecd716182e98048e26af361df4eab7e4e18eeaf67d93b.json.gz,21484,cb418ab913ca6032765f25e3afce27c272c98e515c8cabed69abfadfb4816b3b,local_cache_or_large_generated
data/pandar_hypothesis_2026-09-07/raw/hist_monies_implied/a3b265db1e682c6d18d99f1751b586dcc7797c751950f26e8e29435c28dc9de9.json.gz,22022,97b455a99d45ede51b31f787bd04f01f9433048fbb39fbe2848fad071903e1cc,local_cache_or_large_generated
data/pandar_hypothesis_2026-09-07/raw/hist_monies_implied/a877572052905b5fbf846eb6504482e843676ae6eebe93cef60a1f98d56cdbbe.json.gz,21587,6da50364782be64dd191ba484e0b49ee11a84f3bd7207636e97a370e431c085b,local_cache_or_large_generated
data/pandar_hypothesis_2026-09-07/raw/hist_monies_implied/a9c1386ffc8d4f3042b4445e43190fd5a80563caf6fd7b417a25a728a7e42106.json.gz,21387,cab7d360e8f93370d0fa3c42b0f74f5f39fd6eee09b1eb594e74a4942a56058d,local_cache_or_large_generated
data/pandar_hypothesis_2026-09-07/raw/hist_monies_implied/ac1d58ac5a7a5003a4058ff4dea7ae2a3b5f9c35473ffde1a21245243b2225cb.json.gz,20728,30a7f19a1fb59eab269b1dd50fabf204cd0eed1ccb6be098afcef0222dd54579,local_cache_or_large_generated
data/pandar_hypothesis_2026-09-07/raw/hist_monies_implied/af6a17091ddf2aa06d50b78b1459fa693f0bc6e3381df6cb2bf9dee2e3866199.json.gz,20920,39a5c83b0070676935baac02c2b17c04a9e8e7c3a9f9b5aea1d46a1b1ac5f992,local_cache_or_large_generated
data/pandar_hypothesis_2026-09-07/raw/hist_monies_implied/b154b96a7fb0aa5746794fae32e173922430ee47ac9d0c3b7c2608227f3578de.json.gz,20410,2a6860eadf0a146e96373951c83fdf4914003c580327a7821ce27a0e5ad540c0,local_cache_or_large_generated
data/pandar_hypothesis_2026-09-07/raw/hist_monies_implied/b6cb4177c39b6c5537686894d1dab0db1b78a7a87d9b6f5057aa29bf8b6517e3.json.gz,21718,e56e8959c7b7d27a174b5c74c699f764fe1fdf04543305ed3d109f984a9e7ec4,local_cache_or_large_generated
data/pandar_hypothesis_2026-09-07/raw/hist_monies_implied/b7d2ca03aa9f326896548481f5bc3d61e0960086f1f00c7a1ac5f472351cf406.json.gz,21120,4dbcf38a9b344f6f768e56a25e405467fce20ed6dbb73a3d15203f5917adfb55,local_cache_or_large_generated
data/pandar_hypothesis_2026-09-07/raw/hist_monies_implied/b7dd7f96ecd25b966986133da72207182d3fbd6da4f4664d1860148345dac9c9.json.gz,21014,1dbd218f6cc6282663ac77681403a7ab8b6b074825417d0af5643c45e19c00f8,local_cache_or_large_generated
data/pandar_hypothesis_2026-09-07/raw/hist_monies_implied/b818ddb5658fcbf8ac30f613f9cf3dee01d5221163083c44fe93553754aa36a6.json.gz,21474,0fd147ef10798b056a612fdc1bf8fa63dbac39e37d4502361092736118d8aa64,local_cache_or_large_generated
data/pandar_hypothesis_2026-09-07/raw/hist_monies_implied/b8676e16f865dd682219dbf505b96182b48bd8ece7fb432b71aea521c0a057df.json.gz,21285,074f492e6770bc5b2cd977f592380e17cb2270ff3d18131b05725928758fa0c6,local_cache_or_large_generated
data/pandar_hypothesis_2026-09-07/raw/hist_monies_implied/bf65998b9ebd7ffdb143dc983fbf4296ea78d163bcfaba77a9b9ab5171c82962.json.gz,21443,fbc50c21472e002af271d4267394f7369dc4573d02b9d21daab782d932f5db4f,local_cache_or_large_generated
data/pandar_hypothesis_2026-09-07/raw/hist_monies_implied/c16e90cc9752c4a78be37a487c921c39312bf9903bb0863031978ff32610a935.json.gz,21147,2cccf867ca0a7d111548f402904508853e57e51557e150624b0bb292c68e11da,local_cache_or_large_generated
data/pandar_hypothesis_2026-09-07/raw/hist_monies_implied/c1b09c1e1e17ede370c6f7c5b7e35c3e96b37de37139c849f6c6d244956ad120.json.gz,21659,faf230fdf25aaf2f4d957ca129552548a298a796f83e3d53e924a7118dda61e7,local_cache_or_large_generated
data/pandar_hypothesis_2026-09-07/raw/hist_monies_implied/c2b68573d41fbdde04837654fb4c36b78b1b6cb877d198ed8fdbc0df199e8447.json.gz,20820,4eb39f6aa8ddf58a8bb74b8121fa3415fb4b9d6fcf568014ef0de9dfb9531022,local_cache_or_large_generated
data/pandar_hypothesis_2026-09-07/raw/hist_monies_implied/c54c664279e3886b1fc358485af12a217fafc390036b9ac7f857099652e7f2c4.json.gz,22369,942dfb240bcc159f97dd50a341163a7e48fa076bade93654bb1ac8383b1a06d3,local_cache_or_large_generated
data/pandar_hypothesis_2026-09-07/raw/hist_monies_implied/c8393d061aa88aa1f5d341a00d0a0abf8d6f7d8d4703215932c2c630af809288.json.gz,21436,fe3c243994a8b684bb37a6d7a357b8d718ae647f125878273203c72f84cb534c,local_cache_or_large_generated
data/pandar_hypothesis_2026-09-07/raw/hist_monies_implied/cc7aa09dc375817b4ca7f5e7015188d11b5780be9082a5783f34c6d09af882a0.json.gz,20751,9a6d67e498175443a3d116a311d6295ee186f7679e721fb2196f1c0ccd84acca,local_cache_or_large_generated
data/pandar_hypothesis_2026-09-07/raw/hist_monies_implied/cd98a08bc27bb0971fbaf13b1d3325bf58bf4c32dc9ab1b83ed674c903e7c33c.json.gz,22149,54d17223232efac320da2aa6947adbf68b1e7d8065e58b7c22bab7e0fa0500d7,local_cache_or_large_generated
data/pandar_hypothesis_2026-09-07/raw/hist_monies_implied/cf8ef897de4e9ca29ff84ebf5d878182368e83050deae2f5503508f638136dae.json.gz,21998,2e3bd341cafa09c0ec1d01b183dd67d1dd549b6d6be6c78333c990560e5dfaaf,local_cache_or_large_generated
data/pandar_hypothesis_2026-09-07/raw/hist_monies_implied/d67b70a5574ab623d62cf65733c805216ff2c5abdde7e4047bb38389f8db8eea.json.gz,21368,c28685afc5e4106416437fbec668bc381b2231bdf6216640d14953f64b9122f2,local_cache_or_large_generated
data/pandar_hypothesis_2026-09-07/raw/hist_monies_implied/d83cd45ff38ea2fc937c33e0f05e767cad32d4ed9a2e79a98ac1761fc8753291.json.gz,22509,3d63ce73f7d02c82f47e1698756c8682ba29df358592d13984999a967d30a0d6,local_cache_or_large_generated
data/pandar_hypothesis_2026-09-07/raw/hist_monies_implied/d9da5283c3e17b0b0f0d3efa9d7e4fc7adc37f39148254ca0a7466da4455311b.json.gz,21480,22780c80278e75e0c393a9dc5cbb204c56f2fe773cabada675d8a58a0dbeb40a,local_cache_or_large_generated
data/pandar_hypothesis_2026-09-07/raw/hist_monies_implied/daeccab6957af54d2e77db1f57a87c2d56104d25d25ff9a33050fc7ea704b093.json.gz,20558,b7aa71e561db6058b7102a0fc328ed45abb8cb91909f57258d535f34dfe958f8,local_cache_or_large_generated
data/pandar_hypothesis_2026-09-07/raw/hist_monies_implied/dd8fbd701fd5419e67192bade8284d79d7366acd0319f2349f73d30548bdf311.json.gz,22774,81eecf7394880dc4642f7a1d1dac6e300f308e7b83f9983dc6bedccb6cc214a1,local_cache_or_large_generated
data/pandar_hypothesis_2026-09-07/raw/hist_monies_implied/e5328f40c6ffe9e26d911188c349264ad8324bc66bb44506fd68626d1525d11e.json.gz,21443,82b23a616e43bc77e62373b489d7cc3c880422764a0162364f7b6641b787fe63,local_cache_or_large_generated
data/pandar_hypothesis_2026-09-07/raw/hist_monies_implied/e9d4a78523b2093afe4f14dbc7a217d1d7f0516e1f4d12dc218bf4c4ff2d4c71.json.gz,22392,8972b78f5df75e7c96d934ede441f5ee7c1a2844e72aa85ef949f1e83bf889d2,local_cache_or_large_generated
data/pandar_hypothesis_2026-09-07/raw/hist_monies_implied/eb9eff5c4df2b00819309ebea92e4410d7b3639d5f9bf05a2505f618a9c01f19.json.gz,21299,5de8894485de983f3b6add817b78a782422dec07791b7c9ca685ee301433437f,local_cache_or_large_generated
data/pandar_hypothesis_2026-09-07/raw/hist_monies_implied/eee1ae29b2617b87c20ae4e8033d6e511ae6d811eab66237f5f1fe550b47243f.json.gz,21065,f1ad6fd881d578a037bd6be694da7e6afd7a04280a6fed842c4c1e285c6ab1c2,local_cache_or_large_generated
data/pandar_hypothesis_2026-09-07/raw/hist_monies_implied/f24ed74e2b5c59b51d57b753bac2c91fbf972d66ecfb6783efd1ead4d9a806bf.json.gz,22274,2735796152a04e1cea6aef80ce4b0bf1e23f318064ca0fdf15f820c6385d9313,local_cache_or_large_generated
data/pandar_hypothesis_2026-09-07/raw/hist_monies_implied/f53971b8d22a1eea6298d979739aa91c18c76ce42bb2f474b891a4ed812ecafd.json.gz,21030,c257f61910fcd3059128c1d7fb78cf867fa3c012b715e6b66f15575a45f33ec5,local_cache_or_large_generated
data/pandar_hypothesis_2026-09-07/raw/hist_monies_implied/f5a0bc007d616ad983e4e143da18138bae4f5599f94a0a83c9de747a0b053570.json.gz,21532,334bc8da09387b281d0cd21d995ebe73008954c23bbcda2691846a1c64280e13,local_cache_or_large_generated
data/pandar_hypothesis_2026-09-07/raw/hist_monies_implied/f5d4eeacc861b7f0c88b042af55c2cad589a01a4d731ae5ed16319623bccadfd.json.gz,18434,16dd56574a0e18b75ed2dd633e32114f635cadac91b265546f205f11045f2eb2,local_cache_or_large_generated
data/pandar_hypothesis_2026-09-07/raw/hist_monies_implied/f8a0fd85cc83c02cb40f5254dffd85f104fd1be36ac151f57ca0ed6c09ac25f2.json.gz,21315,6259775e36441d14fbaa1f80b20266ab75d4c12bd842c0d5470af6860c0eb364,local_cache_or_large_generated
data/pandar_hypothesis_2026-09-07/raw/hist_monies_implied/f94d59d3d74d952b3c8fee746513e7a737a6958c498c7acc8b94d51ece5d749a.json.gz,21690,fbd6f0ceb34152113ef5cab00794818f7b0c20f69966ac0facd4154c6490bf03,local_cache_or_large_generated
data/pandar_hypothesis_2026-09-07/raw/hist_monies_implied/f972fb247b126c1f1be7e97ab824fcb024198a5f6d6f12ba6ce11d3baa3e962b.json.gz,21368,8779a45dad0529d661ea41675905f03c7d8b3e06a3537119ef0d6dac0529e10c,local_cache_or_large_generated
data/pandar_hypothesis_2026-09-07/raw/hist_monies_implied/fb81a347a71a9fcefcb4dda8f2ac3ec9e67f52c8e842ea8ddd65ba5d8c4e7482.json.gz,21752,9adef28a31e351164f7a6069820eb84f58e181d8abe1b044cc9ff0f664b6a293,local_cache_or_large_generated
data/pandar_hypothesis_2026-09-07/raw/hist_splits/0ab234fed11c1cb5cfec603f305557eb095d553ed312530b2dbbaa026f662c56.json.gz,204,38069fffc1fe6a7b23cc29d9a151fd059aa699ef138b2d3c31c08c2618638fa5,local_cache_or_large_generated
data/pandar_hypothesis_2026-09-07/raw/hist_splits/165a7de6c793e998dda74ad549cba07dfd02dbebed3266d48c67966f71f74be7.json.gz,206,25c6deb8195fd9d1aed166ad720b9ab4a41c3a098d10c89c12d081ca9869edb2,local_cache_or_large_generated
data/pandar_hypothesis_2026-09-07/raw/hist_splits/16ce5473ab2d5ebc60dd66714ed91fa8fe7c0f491b1f6e04acdfead34671c7b8.json.gz,207,365046f15503877e3bfb104e2da37d7f4d03de32d20cc29c2999247885df3d5f,local_cache_or_large_generated
data/pandar_hypothesis_2026-09-07/raw/hist_splits/1f075e5c52a83c6dad0fa87fade8d0fa18310a23739d6afb302eb39981a29d61.json.gz,202,b45fe985f4394021e4d2c151b9cceb49332224d8ce84fb944b55c4cae3d7cc77,local_cache_or_large_generated
data/pandar_hypothesis_2026-09-07/raw/hist_splits/20dd3605dd30f5adce6eb89a3c37b1f08cb39cce1c0c96545f6340f32d07a380.json.gz,203,bbaf8e16d48b9ea4df0dd751d1b2a33026b0e91b4279fdd8152eb2c47247f433,local_cache_or_large_generated
data/pandar_hypothesis_2026-09-07/raw/hist_splits/2176fab5ff6e3069fb5f34b30df654068da9ee17e36090f9c2902115290ba58b.json.gz,206,3a1c3d96070f60f2dc568a91e0c3694069228c82819fc71a68385c83a5c0550a,local_cache_or_large_generated
data/pandar_hypothesis_2026-09-07/raw/hist_splits/2272e2939f675db7b298b2c9b650045f8d6b83670e8fb11a87fc2a3a4c30b75a.json.gz,204,ee9657c9117840cdbef3c2becf90725694fd7d4b7c04a1baf4d121ec10ad6e63,local_cache_or_large_generated
data/pandar_hypothesis_2026-09-07/raw/hist_splits/2df20ed6d06c772006d15ebba3e6138f91e5a2d17dbb07d4be2cc276a2ed0904.json.gz,204,4c1fb8915407858e438348ad7cf1ded6e8854b519183605c6c7c7f55e326e4a4,local_cache_or_large_generated
data/pandar_hypothesis_2026-09-07/raw/hist_splits/30cfd8c58ccbcdfa45f971c1c92f4ad95632e2a26fa20d1b7fcaabb7fa72bcbb.json.gz,206,cfae203c7528ac30cb311dfd6f86dde869b00f1cadbfbe78946b577efa14a166,local_cache_or_large_generated
data/pandar_hypothesis_2026-09-07/raw/hist_splits/3120832d8e9db43467d23df989aece4f2b47dfecf3cd68b23ed849fef6b26735.json.gz,231,ef2c98f2a598b6151ba5e6fa6e7b1ebf9ac7485048bac52a61d32d5a86d9f3d0,local_cache_or_large_generated
data/pandar_hypothesis_2026-09-07/raw/hist_splits/4248cf0fcaafaeb8548aa931c12e2032280fb97813fd7eb3429ce0d80d3ca0b2.json.gz,231,a7ec4d664cf4e7677f66623bb7da4c478dc478f4a5ee879a5e7049040d5820cd,local_cache_or_large_generated
data/pandar_hypothesis_2026-09-07/raw/hist_splits/451d7e8fde8eddf92ef8087df06e168ea848c24a7e3a510cc8c954e72c7427cf.json.gz,231,1dccea58f4030353fdb48b17fb493633e9eeeac1ac49747b3ddb93a3f48d30c6,local_cache_or_large_generated
data/pandar_hypothesis_2026-09-07/raw/hist_splits/4632958d46c906fbce30cca273a0d408c45e2acf0775e374293af50024d648bc.json.gz,204,f8bd6398e54ba995d37faf713a7cb1a1f2dd6dd172723ebccd69adc339d59583,local_cache_or_large_generated
data/pandar_hypothesis_2026-09-07/raw/hist_splits/4d004315b3d8b703b3a831d03e0cca2402900080abbd096789665874b6025091.json.gz,204,cfc5586f0bef02aa074a341f33c6ec56f2d72d00568a32b1b93043ef6cf139de,local_cache_or_large_generated
data/pandar_hypothesis_2026-09-07/raw/hist_splits/5260085a2afef5f1060ef51bc1b5cb5bcad13e3b8dfc3ebe92b0777e2687dba8.json.gz,200,7203ad9138dd1ec5240fd34013ad32a08c00b1a3e214b957310f0162d88b2616,local_cache_or_large_generated
data/pandar_hypothesis_2026-09-07/raw/hist_splits/56a19f6c8ac81e318f914133f3b8f2bfb83601fb29c5a0e040dfdd0e99dd648a.json.gz,202,299a6d3b9654358ebeb377f98c5923a3114eb3dd5556caf5705261973c2c7b80,local_cache_or_large_generated
data/pandar_hypothesis_2026-09-07/raw/hist_splits/593a9fd826b911eefb168833662899fde1057103086ce795922609439995cd25.json.gz,204,96e6fa0424c6096ad9cef27efbca4e90bdb5548d064c64b797f3821fe12b3cfa,local_cache_or_large_generated
data/pandar_hypothesis_2026-09-07/raw/hist_splits/60c6f26401bcd45c7618e5771e18daed5304bef4326e74813a969b47b26f8d5c.json.gz,205,8a077ab6149946f0ceea5c8f31eb45b048cf0b5a5d02802193bc936cab90c286,local_cache_or_large_generated
data/pandar_hypothesis_2026-09-07/raw/hist_splits/6a66a4db961ffa69c11bad089086185a3796a0bc98a497de6167cf6bd4caed1a.json.gz,244,f0dfc1157c65a2a1562c4cc1a2abda689fd0d3c3d3f520162cae738153d42f50,local_cache_or_large_generated
data/pandar_hypothesis_2026-09-07/raw/hist_splits/6f1c7ede34f454e82e36cae31b7698ce0531f2dfaf9fed5cfd57b89cfd5a43df.json.gz,203,55fe95d8ca28f4714eec9b5c368d555f3bf3c35d8f957b23abe2382e5b236560,local_cache_or_large_generated
data/pandar_hypothesis_2026-09-07/raw/hist_splits/6f261daeb8a95a1fe81161b8713305c9a857cc79c30c400d483795f665401714.json.gz,232,96ad468048cafb7d74f63fe8f76af4cb01e1967fda07f0c8021756a9fd5c81a9,local_cache_or_large_generated
data/pandar_hypothesis_2026-09-07/raw/hist_splits/728dcabc57aa9b9109851a7636b4e3fd0a878cacc0b8eb51cb81c8ce609313a7.json.gz,207,400b9fa18c0309ef3fbc7c2e87b1e7cafc627c5249ea355f85b8bf9be97d64b7,local_cache_or_large_generated
data/pandar_hypothesis_2026-09-07/raw/hist_splits/737167bdb251a43f7c579a4c339ce9e9a8f52dc27b782fd4f5cd5b656713ea2b.json.gz,205,fa99beb1a74183453908f3e0e1b53f9e35643bbf17f8b17018da3d58c15af8fa,local_cache_or_large_generated
data/pandar_hypothesis_2026-09-07/raw/hist_splits/7ac02d0141d7b2e24f42116939c496287142c4b63b6a879a5602c83321059ce8.json.gz,204,1edd66b15671f690391e0d863bff91ac4c46805e20d0239d7ad5b41bb6eee029,local_cache_or_large_generated
data/pandar_hypothesis_2026-09-07/raw/hist_splits/7b369b9efbf187e7742a91449de0b15214d016eb14040ba880d04130a033bbed.json.gz,200,7112aa17efbf6004100f98c55ffb303fc75390d6e60716cade27b2781f79c209,local_cache_or_large_generated
data/pandar_hypothesis_2026-09-07/raw/hist_splits/7f2421222302391b46671e4a91af8c79e6a329ae7b457b1af9c84050957d3061.json.gz,203,8b5e41303d1f7d516fcc6ee92c43b6d5ed77385b8d8c01c1dacb947dac9f2692,local_cache_or_large_generated
data/pandar_hypothesis_2026-09-07/raw/hist_splits/82812480c6459a1971827d48e64b48475e41fa1590331f49e8cfcb2497004b08.json.gz,205,b61d31da1cdcfab49eed2139f41257277b20c6e0d60632eb3f93cb566d752f0c,local_cache_or_large_generated
data/pandar_hypothesis_2026-09-07/raw/hist_splits/82c7200e1a05b15b8b81b8e68cd7d984e58be1cffb44e42d78235aec46abf376.json.gz,232,c2345502d05e393de688b74d2cd385b4ed14acdd9fbba65eefd2db32f251f0fd,local_cache_or_large_generated
data/pandar_hypothesis_2026-09-07/raw/hist_splits/838384f91724ea6fe107884d85ca6dc68cf3211107655df5b9f3d3e65725c1a7.json.gz,203,aaf7c9c99f7e443cf6aa888099a8871b5d58724df4d71c1ea863e97ae8681c01,local_cache_or_large_generated
data/pandar_hypothesis_2026-09-07/raw/hist_splits/83e83f2d73047ebe7956339db9f4109f83eb9e1d8fe0a9c8f67f69c8305787c3.json.gz,204,e77135ace4b8ac762dc76d8cd87e51ab1a8960ca2f90a068b95fe65058df15da,local_cache_or_large_generated
data/pandar_hypothesis_2026-09-07/raw/hist_splits/917fc2c5daefd0393daf6c823d89485b322fc058ddc4fab1236d65073847369f.json.gz,203,34b8a5004ec345ebaf055d29a5f1bc2ad77a009bf0ddc8e469b7a6dbb096a418,local_cache_or_large_generated
data/pandar_hypothesis_2026-09-07/raw/hist_splits/9716c602ea461de210aef585a5e6e0739988652f08da82d7f1c48e877fb0b741.json.gz,228,dc627acded3ebf24f55c58047dcb8cfe5d4c05be02a424551a4652e87e6f9bbf,local_cache_or_large_generated
data/pandar_hypothesis_2026-09-07/raw/hist_splits/9cab854194706596dfb7987da24e49e98cc5fbb19b4c9d7a6dce000508d83ddc.json.gz,205,14bda527c619259f3a6a8ac67bff17b9d3022b0ecd62cb2b02aa3074a79cfe29,local_cache_or_large_generated
data/pandar_hypothesis_2026-09-07/raw/hist_splits/a4b059a15d15278b816872cc9cdf5a5e292f27fd134eb2e44bfa7c77ebe5115f.json.gz,205,e38a17768a43f0bfff8f4bdbe3272eb8e2cc8b63683c0364a4c9a4bcc8196a4c,local_cache_or_large_generated
data/pandar_hypothesis_2026-09-07/raw/hist_splits/a624d55981778ac507ff2cc3d13af2bd0e69d28992d714dd1d4a861aa6357f8e.json.gz,206,d9f987750de39e9a38903a228a36dcee9d278c2248d08a0313afaa110921e323,local_cache_or_large_generated
data/pandar_hypothesis_2026-09-07/raw/hist_splits/b47fc0cae797bdb0ea6edcb0b19e958fec578720a180197fc29bbc8d472ba33e.json.gz,203,bea691cba1764ef02475f7a2f3c2325e42dde32a56e3c15ab1a329c11be70596,local_cache_or_large_generated
data/pandar_hypothesis_2026-09-07/raw/hist_splits/b5331520a76f460f8dca977abc6d983d6716e9f7c65d912a50cc7771c4880f8a.json.gz,205,3447c1fafe3538422941417f837f7eba83639d2f5bcd45f3dbe35ce57c5bcac6,local_cache_or_large_generated
data/pandar_hypothesis_2026-09-07/raw/hist_splits/b57acffc68c0696d2d29a73075a9039d7ec55f65c2ae37f3bbcf510e30926ea9.json.gz,204,f7c96e651f2e9fd388f3cc6240e305c985075592309ced26b965feb496caa027,local_cache_or_large_generated
data/pandar_hypothesis_2026-09-07/raw/hist_splits/b9b13a21d4834fd1965ae1572545d9c9585dbcc3b5ef946ac3a34efce814fba5.json.gz,205,7683084ddab89885337e00b208ce6647c46eafb6192dbdeba64ec1956c538cbd,local_cache_or_large_generated
data/pandar_hypothesis_2026-09-07/raw/hist_splits/bc23a85421d24637d4f6894247466bed2547d18a8a0a4d29188e022771d19810.json.gz,202,28a97a021e118ccd39c8ac5ef6768ec6840409d065a361171482629923a93a3a,local_cache_or_large_generated
data/pandar_hypothesis_2026-09-07/raw/hist_splits/c08db387d845961160f205528a23e4033e1e2ff0095a644f284433ed184f50d8.json.gz,207,8d4a69d82a5c2517b1ed96a0b8a922ab532d470cae300eebd338a9364f0e1d90,local_cache_or_large_generated
data/pandar_hypothesis_2026-09-07/raw/hist_splits/c16def51b075df49b8b0c428f60ded4a336ef50ebb75a16874cf6de85f91d8da.json.gz,205,680a60b1b17907d21cd788c5babc1d1957ab4a15b2f1555b5f54767f8dfcb55c,local_cache_or_large_generated
data/pandar_hypothesis_2026-09-07/raw/hist_splits/c50d0dc839feeaca428c59ba96c65260795de056df4337bd4e317124b6bf7468.json.gz,207,a409cdd70707ddb14eeb30697f94162e3d053bb2373fc1e9ca115742ed7fc37a,local_cache_or_large_generated
data/pandar_hypothesis_2026-09-07/raw/hist_splits/c561b84e1bb803baebfe5a3b3ee79317c071810fb9bfa216effe20997a2f8d07.json.gz,204,337ba56d15df311888c3ddaa0007a6d5dd39b34aff998226ba8fde9749b1b731,local_cache_or_large_generated
data/pandar_hypothesis_2026-09-07/raw/hist_splits/c8f43684e22d6a9b2d9bf99e2998742b74b43a541cbba17d7d6b117c9e9d9c2a.json.gz,231,924d98b0e2c7856bf6f179b3aef6402df3fd981af1672ccdf80f26f31f021c94,local_cache_or_large_generated
data/pandar_hypothesis_2026-09-07/raw/hist_splits/cbcc63f6e1d31d85cc1b96371c31282ca0b8855d3dd7db061515450ac620e865.json.gz,203,e272b2ad98459f7044a59a937bb4c2b001bfeb706f3a58be5c1dcabc70e399cc,local_cache_or_large_generated
data/pandar_hypothesis_2026-09-07/raw/hist_splits/d39aca9fa6efbad3ef15850fc9fa967ab239a1183e017125eb3892a4614cd338.json.gz,201,a6b84079812d702388b5375f1319be4107e3e520955abf3651598f411cf513ee,local_cache_or_large_generated
data/pandar_hypothesis_2026-09-07/raw/hist_splits/d7cfa41680475b1de8776778c24bfbb5ad21938b2ec1279c9f9b30b4526293f6.json.gz,243,63f2f8abf26a54257965bff6ffd25eb375a8c2f0ba966979697b8b504b8ce8cf,local_cache_or_large_generated
data/pandar_hypothesis_2026-09-07/raw/hist_splits/d96e0d994600bea1b9c4a3ecf3a2af33947b51f5676bcd0b96fddcc869e53da6.json.gz,212,d8864444a39cf8b6633f98aaaa773d850f5ff58a790cd75dfa9e3dce608e7c78,local_cache_or_large_generated
data/pandar_hypothesis_2026-09-07/raw/hist_splits/dfc04d87bbbc32583ab7ed647bba388baab4eefe4c44fa587d1d33043e57e547.json.gz,206,baa984d15408bc96799f18d56f3b27f15d69c823a163357565d155455791fe4f,local_cache_or_large_generated
data/pandar_hypothesis_2026-09-07/raw/hist_splits/e20af1a43d6fff983dcd16c13231a1478b6fa1a7fe6325fbc92b4a95123ee2ec.json.gz,203,9169841941262fc98b39b87399f083c4e0190fb1f5711cb9abee3ed5fa4d8ce7,local_cache_or_large_generated
data/pandar_hypothesis_2026-09-07/raw/hist_splits/e60615fb8119524a17f0c34c2ad558e60edc11d192721c5d937aae1a2e34195f.json.gz,205,c90ea6b672997db479a5790cbafe07354fac461779edec8b47cfef75622ed66d,local_cache_or_large_generated
data/pandar_hypothesis_2026-09-07/raw/hist_splits/e67a3ba32d0b2a6367e9a3e7b1832c6caa0375ac94ebb7fa6e62f31ee70949fd.json.gz,243,65f446aee2073e76ef56834f44f41d5eb16d05af0b6d97f1df44ebc46f186545,local_cache_or_large_generated
data/pandar_hypothesis_2026-09-07/raw/hist_splits/eef7d171e680bf1049dafedd8e3507d9090d528d7b475443e4bde675fc6b15d7.json.gz,205,25eeddfb9c1a285fb763aedc4e521b149785119c5f334df20586685496bff606,local_cache_or_large_generated
data/pandar_hypothesis_2026-09-07/raw/hist_splits/eff8eff29614a3d9c8cf3aae6a6c877417f709b6359b5b951c0a5674a853e478.json.gz,205,8f1de1930c1fbdef31b8b9a2f9426c1229e964cc851b90271acb4928abf00eca,local_cache_or_large_generated
data/pandar_hypothesis_2026-09-07/raw/hist_splits/f2a50ed794553d25a275c469d9aea0a56e4c585e62929e6699203d3d26aeb6bd.json.gz,203,f678fbc7e81c27f8a16a0e9ad442bfe89340ad239e6d2f91a9cc00852b5addec,local_cache_or_large_generated
data/pandar_hypothesis_2026-09-07/raw/hist_splits/f8d24def29ffa6bff56d2d9f887478924e69fb70317f8324b17d929aaf665123.json.gz,204,46f2af1bda310f5221fbbae7da9e96eec4e1db9ca608a590bf840cec2e0c4674,local_cache_or_large_generated
data/pandar_hypothesis_2026-09-07/raw/hist_splits/f9f8422d4c6e9ee84ce66147cbd31cb7a8f6a15fe78646be5487ddbd521368cb.json.gz,234,2d724732c56359be28dbc2715cea979672c35e9fdf49460a76821f4113a305f3,local_cache_or_large_generated
data/pandar_hypothesis_2026-09-07/raw/hist_strikes/044081a8ee58497b4aea990e80ab71d5fd18387bdb73ad2734e461de5882d379.json.gz,506040,1a75c9db989806c78f701c4c37ac5da293748e49107e855ace88dbc4fc858ef6,local_cache_or_large_generated
data/pandar_hypothesis_2026-09-07/raw/hist_strikes/058ac980613339af10944e77e2867ac974e8483243ba76117d162fc3962b752f.json.gz,332496,71ee1ea4556af88bbf55e10d33db082fbadf99c3d2c0dd5a512e66a8c9e97f1e,local_cache_or_large_generated
data/pandar_hypothesis_2026-09-07/raw/hist_strikes/0743255b1b4ba7d7b54019da06fa8d29523e675a2a0c4312e2241491a588b93d.json.gz,404427,3dce43176d98e0b078ab3a5185127730071551fa4e2880e15cf8f8a953fc9280,local_cache_or_large_generated
data/pandar_hypothesis_2026-09-07/raw/hist_strikes/08b002c9e65e6d560f08b65c84989152f2cf1463f58f70b214eab65d7fb1f09d.json.gz,407222,ec79deb0beb0b4d0f2f496f1112cad4b77805421f0809b389a042b56ab5e949c,local_cache_or_large_generated
data/pandar_hypothesis_2026-09-07/raw/hist_strikes/0985f7bf34dc28e3b3c2a14f7b3f96b83ac88164d25724db5150d549344b56d0.json.gz,436472,fc663e51f32d545e6f8b158845d3a1f7ffa317db9d9809c58d6d86bc8f977f20,local_cache_or_large_generated
data/pandar_hypothesis_2026-09-07/raw/hist_strikes/0d052b295a0ff0ade860151d3cb73d726c236a71a570d3d52096b9dfb58d3604.json.gz,280529,ef7d920bcba830ee58b0336dd81fac01e210bdcded1e671054b1a6a1d4cb6f2d,local_cache_or_large_generated
data/pandar_hypothesis_2026-09-07/raw/hist_strikes/0f3153585fa9ee6ceb0b0109c3aa4d4cb2f0d1a9835bbfa584d85476831ab4b5.json.gz,463589,c0909be48b2948a4c614661006ff49f3e7a127f62cb3b162752c33bc1cc99272,local_cache_or_large_generated
data/pandar_hypothesis_2026-09-07/raw/hist_strikes/104ff6a0fbee25f6de9bd23dac5fdcd3aaa3ec4afe82b5d3829912ca7f694b8d.json.gz,393596,889c8315f56392fb300f89aade100e429141bdf200bff086254ccab502f90e19,local_cache_or_large_generated
data/pandar_hypothesis_2026-09-07/raw/hist_strikes/130e5d36b13509c940e798cb62d6ec85787cf64c50aea2b7e43715ecdded3ad5.json.gz,396013,eb2a0ac8f204dc9f34ab2f91657db9a43322947fff264aa4274307951f4dade6,local_cache_or_large_generated
data/pandar_hypothesis_2026-09-07/raw/hist_strikes/17703d5911a7237c226a45e03e4c3430dbb57812cf4293ecae9f115e2425bc53.json.gz,359285,fd7f663b069eaf2bf86e90da2eaff5d6d4c893da084ab76cf09135009f91d8a5,local_cache_or_large_generated
data/pandar_hypothesis_2026-09-07/raw/hist_strikes/18b1ac71d3e78fc0deefd038ed423645f4b95befb99141d66e31ac80253426b5.json.gz,69880,dba71da577bc088e1466d8f1cae3bdc377d63a7cde3e8a43440610ff905f856a,local_cache_or_large_generated
data/pandar_hypothesis_2026-09-07/raw/hist_strikes/1aad8fffcfb5b01e32e6b4c0420d2ed392a727d133af1153068aa6b8b28205eb.json.gz,323573,d7fbf1731cdbc84ab7229e8753a4d7082b8608f8947ce916719530efcf1f82b5,local_cache_or_large_generated
data/pandar_hypothesis_2026-09-07/raw/hist_strikes/1cdc1356460def3dc86cf222284a2a37cbc21256f2303e65a5773f79ca27d77a.json.gz,7206,c7b8872a83d06aebceafdb5cdc6442916e20747dffeca3d483639ec526d8c8e3,local_cache_or_large_generated
data/pandar_hypothesis_2026-09-07/raw/hist_strikes/1e856c0cffdd3a16c3b065e57a3854f0c5ff7706d212d26dec259fcb09a8942d.json.gz,372980,41f5f32fa97d7ec143aa6bfc489c5957071d949872ba7ba6d6c08b3a6fc518fd,local_cache_or_large_generated
data/pandar_hypothesis_2026-09-07/raw/hist_strikes/1f10d1233df7c6d88e132e8b7cdbe7ea08cf39f737952db2afa074ab8a9bebef.json.gz,353027,c96cd76333a37eb779f876b9de28e7f06ce7e3b9c5d8b2e3a547fd93da3b1c74,local_cache_or_large_generated
data/pandar_hypothesis_2026-09-07/raw/hist_strikes/22a0ee8401f85888e7b9f7abdee18fd6f9c6648e4d6e0a5f0e7d364be3bb01f9.json.gz,411210,f7537545a3196ef9380a539bd9e7329b3a9a279366c5a74a759eb6aca7dfa825,local_cache_or_large_generated
data/pandar_hypothesis_2026-09-07/raw/hist_strikes/22b931a0e2f5f5f15b49a133c40bb6049e51dbdb9b8c8e32bb245bf79169aa8e.json.gz,509408,0f706190b319244375dc89a6d624792728898554b88719cc9c49cb7673313de6,local_cache_or_large_generated
data/pandar_hypothesis_2026-09-07/raw/hist_strikes/22eff74befaa96376f4746680c1a92d2a3d281bc765568a53435b8073c91711a.json.gz,343208,8a6ca24bc9bd8616acf4ba5439034fd9f7688e95ab529575fad3d79e1a7f00a1,local_cache_or_large_generated
data/pandar_hypothesis_2026-09-07/raw/hist_strikes/23f93995b00687f00141706f9045337be3875f40ca49b553133b9f03a965d97b.json.gz,356751,48a5a2241cb98428d74e3e50e75bafc4c38b04bea8970f39b10b5dc2f099c4fa,local_cache_or_large_generated
data/pandar_hypothesis_2026-09-07/raw/hist_strikes/2651677e47acbf2777a35eb42be466a20bd9fda8b7d5e8a421b44872db2c261c.json.gz,468291,135560419e37d9b62634e35614c49fffc3fa1284c1795e6a83090bb3f3e84e5a,local_cache_or_large_generated
data/pandar_hypothesis_2026-09-07/raw/hist_strikes/2722e59cff7c1ac1fdc8c767fbe6593060a2e0aa37693fcb7fb5f7f06667d34f.json.gz,346322,36149c40f116ac7676e203408c77e2e138147abbebc2a8078e41629a493a53c4,local_cache_or_large_generated
data/pandar_hypothesis_2026-09-07/raw/hist_strikes/27ced31dfc02b709f9948371035282a1af101bfcf83dceaec741cd66c2c4bcdf.json.gz,341323,33fa8c0510456acf00e4bc9e26a7df2b5e8785707ff1114ab8c335d9cc2136bc,local_cache_or_large_generated
data/pandar_hypothesis_2026-09-07/raw/hist_strikes/28c9fdf8754849687bf353b088f31e2c0939806befa4b22fd6f4c2ca9c14b7a5.json.gz,327625,ce45e1a99afe15b2f5c355a681aaeb13e7c8beb53524d7dd457c270cf3fb63ec,local_cache_or_large_generated
data/pandar_hypothesis_2026-09-07/raw/hist_strikes/29c073985deda2f09377bf68310cfe1e8582e1f7fe63958d53a3899097c82044.json.gz,403352,a64e3234ba5002f6e89b9e4a1e6098ffd7317df5d5f79d75efac488845b51e9b,local_cache_or_large_generated
data/pandar_hypothesis_2026-09-07/raw/hist_strikes/327f247e2c82146d3a0d222ebb2d78d36639ca7933fc4c233aff87fd1d4b3782.json.gz,457076,909999ba882733be7edeb677eaa45ecd72a2827cbb6ecce613f252b6ac650e7d,local_cache_or_large_generated
data/pandar_hypothesis_2026-09-07/raw/hist_strikes/3446031bff9d7da27389d637b4c653b2cdbcf8f5331f1d81e2448a2f87c099b6.json.gz,369235,a8f650c4c6239b01598327e3237e3292339129feb35d275740483450b8077971,local_cache_or_large_generated
data/pandar_hypothesis_2026-09-07/raw/hist_strikes/3619539eac66293a30e16727e800b8372f08ed247ad115a32148ce6ea37ec6a5.json.gz,366989,9390740d9b287e0e33effc15a3bcec804b82d79ead284c8cda47ffddf62e2f78,local_cache_or_large_generated
data/pandar_hypothesis_2026-09-07/raw/hist_strikes/3661708a0c083d8c7e4cb6e13cbe6d883b811b876e7398c3288a3bab5b004b29.json.gz,418428,e7cabe33d97468998c98ae2ce302dde6a25e75266b6e8faf4a51383936d90e86,local_cache_or_large_generated
data/pandar_hypothesis_2026-09-07/raw/hist_strikes/3af101d48eb6d6a90cb88dfb8ae8a42ce69a460c470959633b08488f102e70ad.json.gz,352972,90a497e79d5398e4f588efc1c7d31abd7ebd3c80409f0b4ddb50e4a1ab7db06e,local_cache_or_large_generated
data/pandar_hypothesis_2026-09-07/raw/hist_strikes/3ce14dfb41e7dabe1d92c678f52f94fb1c2ca6ef13911338c5a88c725193d232.json.gz,357115,3cefa813f84ed15f5142d301baf15f8583159c08a47b4db433b5b0105f43cc00,local_cache_or_large_generated
data/pandar_hypothesis_2026-09-07/raw/hist_strikes/3d4bc6611d0993861c1ecd8b6097c0af9e0f6f0a6fdd3f43307623bd9217c0be.json.gz,509963,ceff13a2471b808a53466df4282c3f2043a4b2072466a38708fe278305bff2dc,local_cache_or_large_generated
data/pandar_hypothesis_2026-09-07/raw/hist_strikes/3e87356843a09c83d09b3ed0cc7611e5d4a1645f312f88014589c8af68d27025.json.gz,446799,77cb64d4adb045742d28257cf920d5ca630d1c783acb77422c7c23651c1d74fa,local_cache_or_large_generated
data/pandar_hypothesis_2026-09-07/raw/hist_strikes/3fc5babfd9f1fb16844f6255a6bd67c988d9a2c1d243427e84d5e7df2d0417e2.json.gz,360744,b236d2129dfb9d652e3cce7bc14863412728b95c596877369c38a63035144f02,local_cache_or_large_generated
data/pandar_hypothesis_2026-09-07/raw/hist_strikes/3ff09f1012ca066c93bb1b14d447f6814ea4732c04719d002450094fa98ff8e3.json.gz,328208,da60a0d554e80975126e852d48361facc63e7abf6aef4a6473296d2bddd749ce,local_cache_or_large_generated
data/pandar_hypothesis_2026-09-07/raw/hist_strikes/4a5bb2d67020c17b8da2745d1af29233e876baf112ccded170c2116367182aeb.json.gz,464613,f930d221884f590b599d075bb13067095ffc35b291a28c8e9e805a750a874208,local_cache_or_large_generated
data/pandar_hypothesis_2026-09-07/raw/hist_strikes/4c384b0fc645581729cbe474ee2123a4de7d69cb8bc33dccc67ba29430d764af.json.gz,513046,e523c16c5fc232f16dc4cce2b37b079bb3c449aa8005d8d5457816660b33ed3b,local_cache_or_large_generated
data/pandar_hypothesis_2026-09-07/raw/hist_strikes/4d69f2421f31cfb9b0599c990c8f1d982010326f90504f96cd3ebce42d40e86e.json.gz,281998,bf4a44dc7fa63cb44d142652a49e21df22921dcf34cf60c98f8e38808aa6dae1,local_cache_or_large_generated
data/pandar_hypothesis_2026-09-07/raw/hist_strikes/53971c81ef314b9ff49ff9094b9c7da805bed6f198c9ded8ef7d2d61883f1cf8.json.gz,465952,cf09f6826d8bfa77ff99bd6081964d6272d7122973c2e7af42bdde53ff75cb2f,local_cache_or_large_generated
data/pandar_hypothesis_2026-09-07/raw/hist_strikes/5aaa147b560966218814e363b1ccd69f5e08774d7544a42769385325787cc668.json.gz,326813,d0516381665047203c634490b23071ee72ca8c39c78f41146e706805130795f0,local_cache_or_large_generated
data/pandar_hypothesis_2026-09-07/raw/hist_strikes/5aef53fc05d01272a5f5e4687faed8f07494f613f49ad00f2e10f4f4bd401177.json.gz,433532,94f26ed8aa2f3df31c4aef477aa13b8104fd6351f3f43c43d494d500e6dc9acc,local_cache_or_large_generated
data/pandar_hypothesis_2026-09-07/raw/hist_strikes/5e488a9e1a3645892ab7460a3e3c04e9d6019deac7a7952dcba10d628fae2ffc.json.gz,440798,000bba25382b511592a65079bb47eeb05c9f531bc44773b5a6211abee1a089ce,local_cache_or_large_generated
data/pandar_hypothesis_2026-09-07/raw/hist_strikes/60359dccfc51a9966d6e87d0989efb75c761c64d019a85523853329b02ac4905.json.gz,381659,f24db21c5a47493ff0fea72e21a83fb44707e24c6704b7ee9681d7b205a5bd03,local_cache_or_large_generated
data/pandar_hypothesis_2026-09-07/raw/hist_strikes/61b579a3063f0f6778098bf15a0a818deccb5f30c52436318ec7575c7812d563.json.gz,346981,4f1573eaf3a3b312be7cca32f9900fbe0aab7eb449cd956d6f3e479d8c4fb52a,local_cache_or_large_generated
data/pandar_hypothesis_2026-09-07/raw/hist_strikes/6403457186aa7eaa986171db399a3eb65f912b65f5da5ff3ec3c758bf2329026.json.gz,321641,daedf3f471b39a759315f00065ea1ec94b3f3179ceb1c9e39b0d1610e4fbece0,local_cache_or_large_generated
data/pandar_hypothesis_2026-09-07/raw/hist_strikes/690c79c124c9308050a84529049245966cd74eca6e161a0c9bd3276703f4dc41.json.gz,348802,bc0808805aa77b7ddfd8f91121ef8e85b150b24a9b995e5c05b7f4392e36088f,local_cache_or_large_generated
data/pandar_hypothesis_2026-09-07/raw/hist_strikes/6cb8bb87b9e8650568bd903be8865244f179561e1e3d3235e37881d70836610c.json.gz,370075,20168f723251a6548d0e3700d0a181fab5f408f68ed67e08e03daa03c4a05f44,local_cache_or_large_generated
data/pandar_hypothesis_2026-09-07/raw/hist_strikes/6d81e16a03f0b241380d0e2a495dab206a78919a21a04286d3a7204b62f5db0d.json.gz,325411,35ec849290ad557d82a0ce935b3fd5c758c8aac44b9aa6f0d60006223843f8b9,local_cache_or_large_generated
data/pandar_hypothesis_2026-09-07/raw/hist_strikes/6fc7b4a16fcf543143f75b717f3d23abf4b0c26991d1dd2c579fcedd03f23df1.json.gz,339274,2e3453cdc9e69e34e5bad38bd2eb473a3e837319e8f932f482817dbe0c4007e0,local_cache_or_large_generated
data/pandar_hypothesis_2026-09-07/raw/hist_strikes/7227e3232782939202d6b27bc86cd9b44acae4f6cca07294122cc95acaae688f.json.gz,488687,d54e77aa429094db774147f11cb4bcd1496ffe8779338353b9ebab508d75df2a,local_cache_or_large_generated
data/pandar_hypothesis_2026-09-07/raw/hist_strikes/73b1c533ec55c5cd27adcbed09a05c224c843e2c35f6d93ba7d10d02dc061d08.json.gz,620608,0eacb4baab2a1c2598df88ad979a0f5a5fa7457b3d1d80d2bb17b0967b47a55c,local_cache_or_large_generated
data/pandar_hypothesis_2026-09-07/raw/hist_strikes/74b0037428a9389c8687a215e1dabced14783372f8b55fa02b849f278de40dc4.json.gz,116520,df6e3a743889a526b16c8de784d81e6e19d4271e95b0233d1fd3ca6fa8040c0b,local_cache_or_large_generated
data/pandar_hypothesis_2026-09-07/raw/hist_strikes/755e42a6aa542a62dc46c1af4dd4f09aea3d6250c288e4695149cbba02195c55.json.gz,342741,13e6f63c9c99bf1cddfbdf7ab98f5811c1bba4c9bd736751f9d57927ccff556f,local_cache_or_large_generated
data/pandar_hypothesis_2026-09-07/raw/hist_strikes/759b8184c31ba35bcc20f527931dd0f2427716ad6ea7c7c4523221d8d5b2a4c3.json.gz,364945,57896d95a011c8c7c24d913d8f5de370f37a6cb200300901b16c30ad84227b97,local_cache_or_large_generated
data/pandar_hypothesis_2026-09-07/raw/hist_strikes/75e54e6652333dc2f0d4c1d656687f6f8eaa73b67e26d13dfa0c0f620607c4a2.json.gz,495301,ff5e6c7a514ceb965c788ef8d718b54dfd49a88b475618d79859a6c2e16d0fef,local_cache_or_large_generated
data/pandar_hypothesis_2026-09-07/raw/hist_strikes/77a4425434dd8d3355b54f5c4dcd71a3c8aa8df4a94de873215af5bed18b009e.json.gz,317409,a2a47a30fe69429ead029a1dea96b7196cc923128bab8feb72df3a47c88fc8c8,local_cache_or_large_generated
data/pandar_hypothesis_2026-09-07/raw/hist_strikes/7af6f855028425e45f55af77f53cfa8acc41e8edefb1914cad8206dc127be818.json.gz,641857,a9d32f64f56dfc8b2aafade22cefa812e24fbc1a2de6f410403c7ffede426fc5,local_cache_or_large_generated
data/pandar_hypothesis_2026-09-07/raw/hist_strikes/7c39d6f58956ee614c2b8d315121a7826d7e8d9562dbe110abe8dca1e6d1c055.json.gz,477228,973611fbbf984acabe54fd8a38775af30910753fa6da6d995d15a95a724db164,local_cache_or_large_generated
data/pandar_hypothesis_2026-09-07/raw/hist_strikes/7db9620ff2b9a146f4d12cfbfd1540213c2e0aff63a336d192dbc1f590da9b93.json.gz,294133,74759a071742bf739e2a39818a608643a12bc404c5b75369ba0b1e03de80799a,local_cache_or_large_generated
data/pandar_hypothesis_2026-09-07/raw/hist_strikes/7dc3430c7a2fcc61c600d484af7ab70710bbccc6a0be77bf91e860dcb4efc5df.json.gz,322387,38ccb4db7ccd814e6888fbc372fb6ae28d422f7767dbc7e083fe9e076b405257,local_cache_or_large_generated
data/pandar_hypothesis_2026-09-07/raw/hist_strikes/804808cee38770c2692d1502a711fa8a7611daa70effd5fc41a1118b780e469b.json.gz,317094,0b37594bb690da4ac59f39b2f83b8bc46f93f070cb392281718e1059ff5126af,local_cache_or_large_generated
data/pandar_hypothesis_2026-09-07/raw/hist_strikes/822a7c1463525a0a93359d2b8bd66fd66a2f3cbfccdc3be27bea8f9a490cd924.json.gz,337158,ec52925b7308994217a9d713b87ebd3c90996c59dc8a60590afb33b93994577e,local_cache_or_large_generated
data/pandar_hypothesis_2026-09-07/raw/hist_strikes/8306de439186fefcc1f15a4c1a3aca37403723cb0b122c3620a8d34684a5ae54.json.gz,344662,525d1db2e1279692a207b503a4c5d5f3f702a132effbe2622af9af7298b1ff0e,local_cache_or_large_generated
data/pandar_hypothesis_2026-09-07/raw/hist_strikes/86b7f53a5f69f295e84dcbf3ee27d41d5d0f706061f7f3a44ab51507ea0b5c78.json.gz,324803,b8160e49f1875707e4933d3496c35f17d8f88fae27efb0fccd426f9ad00817a0,local_cache_or_large_generated
data/pandar_hypothesis_2026-09-07/raw/hist_strikes/870a65bd276aa85b6d9d2f04063b3c1453afb766698ae1926065c9a537e8e345.json.gz,285938,4fb1e0b3602703c4666d1d44d7e446825346d7db9df9c12f33cc68be00f49bc4,local_cache_or_large_generated
data/pandar_hypothesis_2026-09-07/raw/hist_strikes/8925760a257fe6b60eb718ada39a44cf3a0ad04ec1bd0401f69f8bdfc1194dfb.json.gz,386968,1b867380f6175aaf137fe3841d8149ea2fb1c6fb592b07e76a80be17da774b73,local_cache_or_large_generated
data/pandar_hypothesis_2026-09-07/raw/hist_strikes/8a42259be217496a94965f81879c3c98ac0ea9aa9b8b312135e4a101fa3b0284.json.gz,727320,ed4329f31fb9d60c80b685563fea6579404d80c03a26bcbb96cec832f59f8bcd,local_cache_or_large_generated
data/pandar_hypothesis_2026-09-07/raw/hist_strikes/8bc8ac35172e62f8bd6638681b16a2cb06107529a345714b815143f53ba72e1e.json.gz,329331,02a4bb2087323406608c3995f8816bb90f465abaac42ba0caf56a77c39a2f19e,local_cache_or_large_generated
data/pandar_hypothesis_2026-09-07/raw/hist_strikes/8cfc74c448d1ece9bbb128f694ff536c387f39d0fe8c1a47c973a0678266ecaa.json.gz,416470,0c699d76c0adffc9971ccd0028392862db3552104e15879f79b2319d6d0d9284,local_cache_or_large_generated
data/pandar_hypothesis_2026-09-07/raw/hist_strikes/8db2a301c9328fa3a1a08b76fec9921fa601c0584f52cec26cd81884369bfcd4.json.gz,520086,0c8be9b14ebb57f13d652ba2189bd9cbcc064c9898c4ec52278ee70a3d461685,local_cache_or_large_generated
data/pandar_hypothesis_2026-09-07/raw/hist_strikes/8e887a09b3c13221458e2e9c2f11f75987a4ecb8a0927624cfcb8cb04bab99a5.json.gz,477785,780d2921574d56d7d8574773d3c232a653a1ccceb80f7da12df5835d5aa7f4e3,local_cache_or_large_generated
data/pandar_hypothesis_2026-09-07/raw/hist_strikes/912b55b6346b7847ac6483dec10490b089c8f8557ec0bd184d024b29c847ec5c.json.gz,452887,3a834e78a871609859bbfb6c6d85bfc4b5ea8255a706ef26999b1f3f686cb6be,local_cache_or_large_generated
data/pandar_hypothesis_2026-09-07/raw/hist_strikes/92498e8d8af33585a79dceea6775ae88c2fceb9d8840259d49e1014e55ba1b4f.json.gz,347107,2edbe4f639750c36cf94ca52532531fab9ee584ecceb59ee99cf4fd32473d38c,local_cache_or_large_generated
data/pandar_hypothesis_2026-09-07/raw/hist_strikes/955a60dcdfa18184ca22071bccc7e63dedbbb425015a6aba5126a6ce06b55d35.json.gz,366819,2f8183ad624f8b63b4ca8b273bc32176631528c0488442bd1adedfb47f0d6958,local_cache_or_large_generated
data/pandar_hypothesis_2026-09-07/raw/hist_strikes/957ea133329db98312418531b02c61edcf869e0bfbd3dd5d309dd974df1894b7.json.gz,337400,8cd96773862c7bb02c8960599e02a616f6e964a50abe909c7bd4ff92399457af,local_cache_or_large_generated
data/pandar_hypothesis_2026-09-07/raw/hist_strikes/96c38a711910c4368575cfea07dae3009f8464b5ede8f7874cfd8272328bc01a.json.gz,356996,e0e07bf847d008d580dbe61aff9ade4ccf11b86f2e4209d3c3857bd6e120ef8a,local_cache_or_large_generated
data/pandar_hypothesis_2026-09-07/raw/hist_strikes/97101af716f5a7e8f923727abfe63cb1e6c38164d9bea6ada845a4b03e3cfe06.json.gz,357754,5d61083f48f469986269271db35ad09705376771c3f64631d87fac7202564e81,local_cache_or_large_generated
data/pandar_hypothesis_2026-09-07/raw/hist_strikes/979351c375ffce4d4e63736412698c86ce2c78468c4ecbee5f4b6980529c1df3.json.gz,432988,29f0a0064624ca4ef69d8005631bd11f63261b38bbe803ac1327560fbce34062,local_cache_or_large_generated
data/pandar_hypothesis_2026-09-07/raw/hist_strikes/9954d102181697a453b7a0f6f335afae0f2b334f3ab346b882ad5840e21ec9a4.json.gz,340210,f1408a1f80418e6dc6fe1a87d9a29893589c39ca5a7e5e045e59682753f86cc1,local_cache_or_large_generated
data/pandar_hypothesis_2026-09-07/raw/hist_strikes/995cc98ba2c0a0fb674bf0002fa1e9f97aae7b52885ea238f2c82cefae020a0a.json.gz,335759,32e5edd0650d14eaf6bf38e82d459bdc1622deb4128c7d8f794870e28d992d44,local_cache_or_large_generated
data/pandar_hypothesis_2026-09-07/raw/hist_strikes/99d522c46ed8d8d437f2e04b1075a389bae5b8d75517182d8962cee19a6a7f71.json.gz,302136,35e95cdcd2dd2cfd36170431c0d1d742c227d10396a347fba1a06457924cc56f,local_cache_or_large_generated
data/pandar_hypothesis_2026-09-07/raw/hist_strikes/9b6330e699f6202ad9f376148e99daa70ceec0a52aa2470a02be94ebd4edc68b.json.gz,54833,c831fdd3cdac683288ba13695ffd375d9451724a32bf3c07ca3d0826be0be13b,local_cache_or_large_generated
data/pandar_hypothesis_2026-09-07/raw/hist_strikes/9e68b178a4eb02357640dc279657a2ac0801b8f839183ac503699a8c9cd5bcf6.json.gz,323242,d5f86aa303686fe06f936aa8efdeb1fc25aa87326242c222245c5a72cd47b012,local_cache_or_large_generated
data/pandar_hypothesis_2026-09-07/raw/hist_strikes/a00ddf28e8570daede14b145fc0e53a8dc8a709c5d28895527574657a698037f.json.gz,300254,3d2afbd35a28e3eaf348dbd3dcbb25fe36406e5d7b2ca3f20d26d720252c03bf,local_cache_or_large_generated
data/pandar_hypothesis_2026-09-07/raw/hist_strikes/a0d6887f7d2b43993e79a9fa31be83af0454348afa2e54772f681fae356469a3.json.gz,478517,607e14b5f804f1790bdbb08714236b53eb899ec89596fc2864a98c221fd8f6cb,local_cache_or_large_generated
data/pandar_hypothesis_2026-09-07/raw/hist_strikes/a0e40717bec351bb103d237922419154113ab4489d49c24b82e44e689db611a8.json.gz,361176,2a8adceb39164450406af40044bd5009a1a9a9b62df5de8208261e8552ac66ab,local_cache_or_large_generated
data/pandar_hypothesis_2026-09-07/raw/hist_strikes/a238db599bd5dc45c84385e93c7f00dee03ed33104175353785cf6c3608e56f1.json.gz,330381,94aefc3dbb0281ab63e8992e4b9c83c0840b58226e0d670cdfe9a12d55dd4c7b,local_cache_or_large_generated
data/pandar_hypothesis_2026-09-07/raw/hist_strikes/a33abee1758f5e8ba510a6f1a5d61af5fc9cc5b1144aee1ec3379a8a43e875e3.json.gz,336057,5ced3b458ed77223d677723011d082563c19c6501045954f10dfa150ecf8f3d7,local_cache_or_large_generated
data/pandar_hypothesis_2026-09-07/raw/hist_strikes/a4538e7784a9538dbb271e65fa2844d575646f7322db63030bf7faf2c41ad981.json.gz,370626,684cc2d09de641b24d5caeb1a214ed30503de2b285fcb0d4943b77ae5bae620f,local_cache_or_large_generated
data/pandar_hypothesis_2026-09-07/raw/hist_strikes/a52e9d9d934fd2f8e18ab4ac2fb3f85bed2982e1bfc713766f927cb058ad68ef.json.gz,300039,87ec61851a9bffd03673627e0de41823c53df4c6d915df0bdecc542c92b4d5ba,local_cache_or_large_generated
data/pandar_hypothesis_2026-09-07/raw/hist_strikes/aaa62f9a4d64ffec408e71354a90ac8df9466337a8209017335c80d0afa57639.json.gz,348766,5b48904942f4f10ea081c14da5f1ad9ac17a47a7b5498f934671262a9c63373d,local_cache_or_large_generated
data/pandar_hypothesis_2026-09-07/raw/hist_strikes/aeee63a53a446fa2ccc32d26b05e07b6fdbf4510aa471284cb57a0512c5b794f.json.gz,361133,883d148f823a61087238a2904b6fde264dcee60d3a1559ae6f17db53e7c141a3,local_cache_or_large_generated
data/pandar_hypothesis_2026-09-07/raw/hist_strikes/af60aaa61b9fa35c86684722fc0f8b415834bac1932e6b27576f968e7be7081d.json.gz,327616,9fff62a6d1871c5f79391ac696324f651a7d546ea633e2eba7abd127cc867786,local_cache_or_large_generated
data/pandar_hypothesis_2026-09-07/raw/hist_strikes/b19fef93e2e33673cfd1aa59d8078ea1a53983940446d807a16e9fdfc82fcefd.json.gz,463259,fb3f183381df098923c529777f80461353e1b6ecdbf6ea8111302c46ed1e7660,local_cache_or_large_generated
data/pandar_hypothesis_2026-09-07/raw/hist_strikes/b3c49591d67852438ecf6f9d4477df86a8694c57b4a09bb26ac153e39270187d.json.gz,388426,64963bc7b5561d2a7d157151b70d9635bfbb12f33f1bfc607c1c09fe7b01e93e,local_cache_or_large_generated
data/pandar_hypothesis_2026-09-07/raw/hist_strikes/b8d598e8f67c2baa4dc009c65285cd1d81a7c17244473e8543189f20f605e1b9.json.gz,469615,cd1691edc93e49c85ca7f4b28849015923d2f770db3bbbe8d3a350ff40db2505,local_cache_or_large_generated
data/pandar_hypothesis_2026-09-07/raw/hist_strikes/ba06fe71cb6041422ba5d74a645b2361f921397fb6bd1a791d0cb63cc547d22f.json.gz,398538,5096c07f8c8541c4ebeb3af4634f9e17098aad77e26fbb3d004601b03520bfa6,local_cache_or_large_generated
data/pandar_hypothesis_2026-09-07/raw/hist_strikes/ba731f8d84a38416194e7c79ef3631d20a84684b80e82f85c75f9a3adfd79631.json.gz,450371,bb02d912420e3d162a6a0fe597977a3630aaa24f5e34b7abadba7b5db0c27616,local_cache_or_large_generated
data/pandar_hypothesis_2026-09-07/raw/hist_strikes/bb850c15a73752e5f3013b3e7f86956b2d69907fdf9780a86113b1338982cdf2.json.gz,360671,9c097badeb11c28f2a5847b3d74ae84d1b2ccd7eb5372922b120320eddd82034,local_cache_or_large_generated
data/pandar_hypothesis_2026-09-07/raw/hist_strikes/bbb0d0075fb3e2627ea2c860acdde183b644c6a9b9e331413a5e0157d0ffdd99.json.gz,455094,8f6fa6f5e8d4109a3f351713d72d199713dfc25d07e9fa10007008479705287f,local_cache_or_large_generated
data/pandar_hypothesis_2026-09-07/raw/hist_strikes/be37207ee2d45119e613229d5dcf27b90b5d0ab7b2cdde15cafb7493d43e7f51.json.gz,351019,cc773b7861d34b884c30686e8709443e681872f26ef06e9f0927c14e6c11fce7,local_cache_or_large_generated
data/pandar_hypothesis_2026-09-07/raw/hist_strikes/bee4dd623c1834d699fd6d3b00bd60f2037e08f08ad3628bb524bc6ed0b061b8.json.gz,488380,70e819f51d94d9832e82fd354639c52fdc325d4a3aebbd724854bac5852d18a8,local_cache_or_large_generated
data/pandar_hypothesis_2026-09-07/raw/hist_strikes/c08147c013620d35c2285f5bd6ddb36d4e1b1f6a811b64c3e38cfa2125def7e1.json.gz,386596,1886943cecf1081b3b0659b8618ae002e921384298c8be57b90ac0e6d7500b28,local_cache_or_large_generated
data/pandar_hypothesis_2026-09-07/raw/hist_strikes/c0ea7b7aba0f7eb4c05a7bb7c90d9af735b88abb9635297aae875414bac03a30.json.gz,428465,dfadd32fb286509b69a17cc9bb71bcfff0cb7cf60847ee3b644c1f632e306f8d,local_cache_or_large_generated
data/pandar_hypothesis_2026-09-07/raw/hist_strikes/c22cacac488b5ed27ea4e0b5b4ad7bdd1d73bb17a8eb0e5fa1cff1abc4bde3ce.json.gz,451394,f241c028cf615e42c9d3179ac445cdc3b565bed5acbf67af4a2761e2b13810cd,local_cache_or_large_generated
data/pandar_hypothesis_2026-09-07/raw/hist_strikes/c23588e0899d6cb7338f49b9d5f37b8dbb7fcac5834c445249b406275fd70ff0.json.gz,297101,c8242f1b256574ab810537e07e1df61865b4c3135a1d109f4f335bc662b17152,local_cache_or_large_generated
data/pandar_hypothesis_2026-09-07/raw/hist_strikes/c3a59e0e8bc2d5bdc13aa0af11ce2d2f722306ee3c3b7f8f7c1baf6dd159d76a.json.gz,313597,0b08c02826551ef09122d34ff1d065dfcdea49f653b0a41a6190502085e9f568,local_cache_or_large_generated
data/pandar_hypothesis_2026-09-07/raw/hist_strikes/c3b496e67e3212f950ba3c713346574462033d63eacea2cae9c0f51959a2cbb0.json.gz,341156,af5cc809ecdab9473b2fb1a7367e52af5ec917dea867c451f4e6130d603bcaf4,local_cache_or_large_generated
data/pandar_hypothesis_2026-09-07/raw/hist_strikes/c6348c68fcb2eb7c1d11d4c39588294f3c6df64e0bbc4aa3a7a37b4d7b459e0f.json.gz,436820,0668eecda7c96f5667de545be720fb50885a6c1b785026bdc30c88ee2af9166d,local_cache_or_large_generated
data/pandar_hypothesis_2026-09-07/raw/hist_strikes/c97c55d76a1c6a9773c5aa48eec4d1015340b75c7063510e00b88c4d526ec00d.json.gz,349130,c7f3de29983974f6d568fc97b5c416965ba8edcbea0c00ca928435ea826019cb,local_cache_or_large_generated
data/pandar_hypothesis_2026-09-07/raw/hist_strikes/ca568a7ea4e5505186ed513c2f79f4c0e31a4636f9ff2de670f101630a21acee.json.gz,335753,3ab87c26d9ae03e0c212d01e714b1e2e5eb0db9a5786a765f0889868a91b2059,local_cache_or_large_generated
data/pandar_hypothesis_2026-09-07/raw/hist_strikes/cb469ca0d4cf2bcefb972a2905d13a2803d4eedb4d1ae4d74727f6cc440d2c54.json.gz,313424,ea98d7c018dda94adbd8ff8557168c538f43a590257acaae939256d5954fcdde,local_cache_or_large_generated
data/pandar_hypothesis_2026-09-07/raw/hist_strikes/cb77e3c0575c7b6fff84c37ca3b54f6a64995bd6d4913f8e24e71dff79959ba1.json.gz,377120,cb640bb2542e5b16415d8ae2fb9eec76f5ca7cad08b4721b45f5dffd48348b22,local_cache_or_large_generated
data/pandar_hypothesis_2026-09-07/raw/hist_strikes/ceb2f468e22bcadbd6144dd90d5b7d53a96e1604fd6c65fc1687db34233d3485.json.gz,351579,1c4b1e68d1fdbdc54e458dd30327774910c908985aedea246fbd7cb532f66dd9,local_cache_or_large_generated
data/pandar_hypothesis_2026-09-07/raw/hist_strikes/cece3135286ab554d100f0ac7de930eb292c15f3615c2814adedcc914b434efb.json.gz,327692,8f33dc7321830f89514e9724a9d1e9e5e1c89a1c4b994a2fa5742d592e75bb76,local_cache_or_large_generated
data/pandar_hypothesis_2026-09-07/raw/hist_strikes/cf900752818eee181fcb2dfc6d196d4ab2e4b802f32d3a04db4955d40aa5dd99.json.gz,459884,f2006a48fa0a0d98c65d4559c8d62463dd95238c8ef9282f91a9dc9fa4387167,local_cache_or_large_generated
data/pandar_hypothesis_2026-09-07/raw/hist_strikes/d03aa2d7e24ee015f2a69ef3abb30f55da5ee743410845588de42abc8adcbef7.json.gz,364246,b008969ccaf48e97f1643b43e97305942c90ebe1a9ad2df6e4f74e3251172afe,local_cache_or_large_generated
data/pandar_hypothesis_2026-09-07/raw/hist_strikes/d0570fc99ba30814ccb80afb695ee9061ab5138fff620ceffacfd47cc34fa378.json.gz,351468,8dd5a02bfa76f4f7c4c2f41126661d7e768bf6fd711740e002a336e563d1325d,local_cache_or_large_generated
data/pandar_hypothesis_2026-09-07/raw/hist_strikes/d35a13000541345e03cefe00f1d7c18cef4ca9cb3ecf51dc9908f6134b096397.json.gz,340268,8871ac66451ab2c6f3eb6e5cad40252dd7d0faeaaa936d36e04205e9ac739bda,local_cache_or_large_generated
data/pandar_hypothesis_2026-09-07/raw/hist_strikes/d61fbf6386c0d443032870865070f203002d77460e5be397a0638c10c67554a5.json.gz,340968,5fb8f1e08109e01996b8ab6d08fda7c92b2314f515cee53472ab3bf7086922d6,local_cache_or_large_generated
data/pandar_hypothesis_2026-09-07/raw/hist_strikes/d81f5d5f81396da885703dac7e25cbe05c487aa09f1d4680c2b311fe4b9d1693.json.gz,453495,7a45b83914ef2d6e1dba7720535ee93a852d10d6959b4cc59cdfb7277c42c9ca,local_cache_or_large_generated
data/pandar_hypothesis_2026-09-07/raw/hist_strikes/d9c022aa9c096d595684a9096ae3043128c572fd277ae453c91cccb757f6d109.json.gz,329539,46e6a4d8ddec48c0ebad6dbca3a7785e0c03d405ca55fba227f61ff8ba41a690,local_cache_or_large_generated
data/pandar_hypothesis_2026-09-07/raw/hist_strikes/e0e8f875cf7819e6e51283e16c6bce47c46405a9a1842599b6e3ed1db356d810.json.gz,348273,05c9ec5620d67c4c4ed096e4908289021a202b8e2bdeda05b239601972fe6d6b,local_cache_or_large_generated
data/pandar_hypothesis_2026-09-07/raw/hist_strikes/e3e2b1e5d021a928e8b01d61c05851e77d6fd8e41f1f3d2c32c10fd37a36e628.json.gz,312102,f084db4b258eb32e7d74dcc2a14980de54ac01612b7544e85605165b212ecefc,local_cache_or_large_generated
data/pandar_hypothesis_2026-09-07/raw/hist_strikes/e758af85caeb1d54f93fcc72945682f051f97da3c64d4ee9b920ff8f2b6d1d25.json.gz,319191,44fae6180d1eab0123e3858a288e046df0b72617964f3e1394931febd449a9f3,local_cache_or_large_generated
data/pandar_hypothesis_2026-09-07/raw/hist_strikes/e7f08dd27d3de7bc493def484a2c20b74012e491f7725de232d8ca17cec88ac1.json.gz,343160,4a201974ff4f0ff954f71fb0b30bc570620eadcb8cd91f13be1f633586a4776e,local_cache_or_large_generated
data/pandar_hypothesis_2026-09-07/raw/hist_strikes/e92f87903af21c9584cf202bc62410007d1960f228394dfbc41377218da9c1a0.json.gz,321877,6ccf0306309d19ef670f80d43cc6362462602926c2a1a2844b6a1823490a39ea,local_cache_or_large_generated
data/pandar_hypothesis_2026-09-07/raw/hist_strikes/efe1f898b03414efda048227213a43eac68164e7e81a2f0dc3ed62f068e769db.json.gz,318142,99f0637a62a0c3179a466e0f1fbfd6d7bd3d2f32eed3f9a89a3f11b56b0dab02,local_cache_or_large_generated
data/pandar_hypothesis_2026-09-07/raw/hist_strikes/f0911fc709c74907594dcf5f472fb9cb96ea0c0a723d61d10ee66fb8c8af21c7.json.gz,355496,1f7b7703f86196855ebe284d6603b954931030e9c17f047f6f3c4ffd2315bc58,local_cache_or_large_generated
data/pandar_hypothesis_2026-09-07/raw/hist_strikes/f1e8c6c441e5112880361177f66fcee42bac77330c411ec8002baa1bf47b486b.json.gz,350843,428c0a58704f691242927562e2fe949039ce958c1d654403f979647557f0c41d,local_cache_or_large_generated
data/pandar_hypothesis_2026-09-07/raw/hist_strikes/f35ff632dc2cedc8aa0f9a2a874db6ab992650a2eeca91d1837ebf5e40be67c0.json.gz,352973,6abc27eec090b54f9feddd8ead9f60be74d169c81245253e9953a0813b8a6ccb,local_cache_or_large_generated
data/pandar_hypothesis_2026-09-07/raw/hist_strikes/f4d89e463831010556a4d0b8273ab286a8005bf6fae32ed88b9130db2dac85e2.json.gz,348343,686f9c7f9d51309098bc14aa9d89f4a8852283361f10730e971069d79c59b999,local_cache_or_large_generated
data/pandar_hypothesis_2026-09-07/raw/hist_strikes/f511d7e59685c8e1dd7931e3ecbbda255520a81e5048487c0ae2f1e5f0262f47.json.gz,326092,f64ea1abf35e7962d8571a016bd6cb685ca8a43af6aa67c7008ac10c5b8ef17c,local_cache_or_large_generated
data/pandar_hypothesis_2026-09-07/raw/hist_strikes/f635005b3594f63b222410c9af4fe59d50bbb14dc60fad5b0116cc3c2b1f6092.json.gz,455030,cec5490ef5ff5f794ba88908dfd12f90d8ad88cb684f793314bef3c6b72fca30,local_cache_or_large_generated
data/pandar_hypothesis_2026-09-07/raw/hist_strikes/f7c84723bfd5ce66d95245179425fa6994b052211cf161569e00f4a57956b5db.json.gz,499364,fda3f6b6a91e9ff2af6f61dba378ef98828cdb304b41dbda1c657c2c0b776180,local_cache_or_large_generated
data/pandar_hypothesis_2026-09-07/raw/hist_strikes/f8ce5c56b3b1af9278c0f60cdc0a40fe8bacfa6c12bf6ea2706400019e64a1e5.json.gz,341194,b8f6c09bb09521fab9e4b5dc37d9c51388d13a2fa2f57ce0606171a825267ef1,local_cache_or_large_generated
data/pandar_hypothesis_2026-09-07/raw/hist_strikes/f916bfb2e6f61fe97460bb8801e74f7b3e512fac7f82a48dc7ea8bb4b27f3bf8.json.gz,430993,223c91a96af210c7dbccbdd6e23825ebd2ffa6993ad20cc246dad20f8a4a1527,local_cache_or_large_generated
data/pandar_hypothesis_2026-09-07/richness_hist_monies_implied.parquet,4674886,384a07bb1a853366783e7f7f1d76d5020ee5181fea5e2e04fee81f858d9ce75f,local_cache_or_large_generated
data/pandar_hypothesis_2026-09-07/richness_hist_strikes.parquet,38384010,3fd56a29750d4570394a4f602927faa58b76faf6830af3f082bc79f6a9210148,local_cache_or_large_generated
data/pandar_hypothesis_2026-09-07/signal_chains.parquet,2782315,4d55bc5bc94c511dda443014d52ab7eb97979115cca6f231dcd96cee8c7d1dd0,local_cache_or_large_generated
data/pandar_hypothesis_2026-09-07/splits.parquet,2467,8aae80a3db9d1b889ce4712da11af83ef40d52addab73552ea259ccd64bee577,tracked_with_checkpoint
data/pandar_hypothesis_2026-09-07/splits_invalid_dates.parquet,1879,5668e99f2494a227864796436193a83124b953288ada580ba115b56c22c97565,tracked_with_checkpoint
data/pandar_hypothesis_2026-09-07/splits_probe.parquet,636,8b6e33d47f4e1df33f587d9b1d420f756a6c705b8496e0912c223c5d83371df9,tracked_with_checkpoint
data/pandar_hypothesis_2026-09-07/theta/option_history_greeks_first_order/0150ded0fd14876ac79087eec841b649fb32d12922282b52114ec4db05ff4681.parquet,112655,b3be909f77b8602056858591bfb7e9ceab386b32b662c06bf29948c559942f8e,local_cache_or_large_generated
data/pandar_hypothesis_2026-09-07/theta/option_history_greeks_first_order/04269017454157da7bbf93ab661033efc6342c55b12808bf2126745b96c8941a.parquet,117317,2a37c9c9fb6e730edca89736532cc71f253943ee2520269d854e1043be6ed8c6,local_cache_or_large_generated
data/pandar_hypothesis_2026-09-07/theta/option_history_greeks_first_order/05a492edac03be42f3c2419c83f098933f3b21475cc1f4d67a6b8c031bbda195.parquet,16975,73db1dcde34b1335dd48f953f32d40d3f2c15b0925c9558eba6df68b13951c78,local_cache_or_large_generated
data/pandar_hypothesis_2026-09-07/theta/option_history_greeks_first_order/09737032709fb0a407de59aff66e8f98300a2349df8362d278cf3500cf0ff0f1.parquet,144462,1d1579c7ee029c9c4896cdf8475684f21aa3db990b1dcda077c6c98d084a8b1f,local_cache_or_large_generated
data/pandar_hypothesis_2026-09-07/theta/option_history_greeks_first_order/0a05ee0b3aff4e4a9dd5b50a7edb1606f00401baa4f577cd69315537a815753f.parquet,18988,c1606c675dd788458b83b62e61780783d7df83cebaf0bd13d632cb61e89530a2,local_cache_or_large_generated
data/pandar_hypothesis_2026-09-07/theta/option_history_greeks_first_order/0c72ad4284fd9ded647e5f6580e9244bc10ce05d4fb00fc7fd863a057f620934.parquet,114174,ab2a1e7aff11c115f7ec105ef156dc61e398d6989bb00903ad79514bcf301c56,local_cache_or_large_generated
data/pandar_hypothesis_2026-09-07/theta/option_history_greeks_first_order/0cf02f85b04a692be2996b7f8ab525e306776156bceaf19ee2e03f8253122e98.parquet,14193,94d3ca05524485da2a0f6bb531316b422ba836c15abb05e1b2aeabaa7e72c50e,local_cache_or_large_generated
data/pandar_hypothesis_2026-09-07/theta/option_history_greeks_first_order/12c28dd850f02ccdbc9dcdd8664ece5b4696c56253aae820451b048a6b5d399c.parquet,90779,3194c2e22378728c9d3b76656ae1ba7b2f4f40459a51d34c7900cc29b63d9d74,local_cache_or_large_generated
data/pandar_hypothesis_2026-09-07/theta/option_history_greeks_first_order/131238a150b514b0e44e8e58e824b523c8d3afbec83cbbabb677e8657afe7d61.parquet,13745,a662ef8a19217657969c942472e3b123ff0808b8086ad245396ae6b71df6da60,local_cache_or_large_generated
data/pandar_hypothesis_2026-09-07/theta/option_history_greeks_first_order/1391cdd346b2865741f40d253dfb562ed48a330b03fee6a726355967e5e198aa.parquet,12530,013d5f691818407d197984826a39156e8f66a33eae18552fdcd2061d431c7988,local_cache_or_large_generated
data/pandar_hypothesis_2026-09-07/theta/option_history_greeks_first_order/13a37d301b60161e38a9cc6283dbfe6ee4f12f86f730838af4c68d8d65111fd9.parquet,21447,781dd667b7176faf0022fb64833e97dc0a228adc7d0f1fc007f06ab6c4abbcfb,local_cache_or_large_generated
data/pandar_hypothesis_2026-09-07/theta/option_history_greeks_first_order/1448f6377dedecd1298766c21f9879202ea1a50f19cc43f4a93faf5d2527196c.parquet,100697,a855a9da6f11581488ae777eac810388e8a571b4571a9c47bf6d67ff2a8abf1b,local_cache_or_large_generated
data/pandar_hypothesis_2026-09-07/theta/option_history_greeks_first_order/146c2cef3f4022ce194f5e7164246264dc9cee476315a04191a769a420c7f352.parquet,79613,7e13e8e44250c0fcf7042757ed5dca7af409b416eefb3c530045dd91fb25305f,local_cache_or_large_generated
data/pandar_hypothesis_2026-09-07/theta/option_history_greeks_first_order/15516d54bf8eb0021abafac3dafab8bfd6de37ea63df204534a79022c12ef37e.parquet,134600,8cd7e46f83d4e6fc7e40c72533a149feb1075615169a0c51973ed4a4318ae6cf,local_cache_or_large_generated
data/pandar_hypothesis_2026-09-07/theta/option_history_greeks_first_order/1639a386a7c84dd7cf0aa59eedf4447fd837aaea7128082079fff44b225dde49.parquet,13604,59c43d4126659da2b064023226abd5b7fffad6f7f3f1ef493aebd5cc82156007,local_cache_or_large_generated
data/pandar_hypothesis_2026-09-07/theta/option_history_greeks_first_order/183791f1ce3eb80f044064eac38f815bc1af08dd14908a747104f9a1dcccde1a.parquet,127163,558ab4d75cf819f05a84f3ee18e346b9d1064fd1e5be0c60af4d3697bfea669d,local_cache_or_large_generated
data/pandar_hypothesis_2026-09-07/theta/option_history_greeks_first_order/186801defe26a78acdcd6fe008609872a8ae3684c7fc4d5d8e9ef4fde3947020.parquet,115733,37f9ddfaa884c91c8fb732f0a1d60920dd54728295bdd05567c0a4ffd066a3d9,local_cache_or_large_generated
data/pandar_hypothesis_2026-09-07/theta/option_history_greeks_first_order/18ff922b88236dd65d6d44e85d97aa19b18966fee9af5765164ac0b3c246350c.parquet,91013,544e7cc71084f855dcfaed7490f40360f773a87d10514c10c399965a9d460dde,local_cache_or_large_generated
data/pandar_hypothesis_2026-09-07/theta/option_history_greeks_first_order/19e7711f511933bef0ac4edd4c061d0cf791c155c73c40dad1a9f21319711fdb.parquet,132077,e5ee29b74861e82f7cb8b77b357cb6683440be1c316f079ab9077c8e8d665285,local_cache_or_large_generated
data/pandar_hypothesis_2026-09-07/theta/option_history_greeks_first_order/1a0404901e656eae96fee4f07e4b88a3d90ce52f3f93762d884e34635503a927.parquet,83296,306e1417568dab5027c9e1402ab985f1c1690b8b93a713a58b638c610744ec9a,local_cache_or_large_generated
data/pandar_hypothesis_2026-09-07/theta/option_history_greeks_first_order/1c93468e375adf4ca2cf937a9561cb25e6c11806be8e561e921f028e1879370d.parquet,14837,3f12af052fe77874e19ddff6683a702b56a7097c783785ba9727780d2e45870f,local_cache_or_large_generated
data/pandar_hypothesis_2026-09-07/theta/option_history_greeks_first_order/1ceb1ab4ad4273ce2ab9f562fd689e0c20e1ebb8a0ce01755f0bdf2ade6958b4.parquet,100454,097bd4058bc6e019cb708f5b6ab1b3c726be4f237ded0d92cf2e527e0cb7f473,local_cache_or_large_generated
data/pandar_hypothesis_2026-09-07/theta/option_history_greeks_first_order/215077e42615e0eeed5bdd9128ca28f66dd763ba1fbe91932807c47ca3ee967b.parquet,97987,67fb47ceff96d6ffadb22c75f7b86c4bebdaba275b05b4d9d5a3fd92d48ef4c2,local_cache_or_large_generated
data/pandar_hypothesis_2026-09-07/theta/option_history_greeks_first_order/23aa7eee74bae9ae2961d3784e5ea8b2a42fd578bbb83ec87b3918e16936ffb6.parquet,126960,96effba12ed07945b8ee38af22ef2c3fd6f912481525d26b109bbda26b4d6566,local_cache_or_large_generated
data/pandar_hypothesis_2026-09-07/theta/option_history_greeks_first_order/24d1cafad117b6d026473685892f7c606d1748325e234797289e5d9e72f637db.parquet,137777,2b69be883276207a948c579c4bfe44788c020d85be4d89345d1ebd98a571d522,local_cache_or_large_generated
data/pandar_hypothesis_2026-09-07/theta/option_history_greeks_first_order/251c2fc2b197c47ffb71b9b7fc6f79520c7f59774c7fa8b79e626083bb8f997b.parquet,125367,df068447a643bbf2cf8f3d7d9402b016283f7067865a48915788dc2f0708da96,local_cache_or_large_generated
data/pandar_hypothesis_2026-09-07/theta/option_history_greeks_first_order/25f0985daf170a7e6042fa281205d8ea4b870bca6bf0ebe8fd119bdbe30a262b.parquet,12326,c83dbb79586a0fd0eec7734230f6c75eb4208c852f8862e69799edfbfe1f2319,local_cache_or_large_generated
data/pandar_hypothesis_2026-09-07/theta/option_history_greeks_first_order/26d3d52d86453a7b906c1e5f9c7999805d418d19e6bbae477ae37b7bc3bee4c6.parquet,109736,d05aa32a93eea2e332038088e61026bf036d769ab60144635ce31e6fb6901b8e,local_cache_or_large_generated
data/pandar_hypothesis_2026-09-07/theta/option_history_greeks_first_order/26dacf063f689ff9598730f75f61f146fe6dfabe07ef0172054b5d81496add78.parquet,119443,d9caea2df22f3f8ae2f7eb08b3df46c056efaa1c368beace70cba5256bb3d8cc,local_cache_or_large_generated
data/pandar_hypothesis_2026-09-07/theta/option_history_greeks_first_order/27b72ef3b5dd2092ed90c954e5055d168895f97cc00b836941df2a021f77959c.parquet,23345,14e388ec0fcea0291b5fe087c1a8e635ddcb8ab0fb21f5ba0f240e33af165ecf,local_cache_or_large_generated
data/pandar_hypothesis_2026-09-07/theta/option_history_greeks_first_order/285aac8434b8eb0b876d16df5391111e07a8900a94ad990a6037e1b0f943fc4f.parquet,12338,7efec49d88ac18b2f55ba1bebbfaa7dcd4e928733777259446329adbb095dd21,local_cache_or_large_generated
data/pandar_hypothesis_2026-09-07/theta/option_history_greeks_first_order/28fb3e5aa6ef13939b3418cc88ba6bc64b8617eac58f1c9c0c15d8ee569eb460.parquet,103141,6b80a1b3fcb8742c0d1e2b5f1b081953dee03d10956c41eae1bb50001c7cad3f,local_cache_or_large_generated
data/pandar_hypothesis_2026-09-07/theta/option_history_greeks_first_order/290bc25b4f9e91ca4a19c07e45b82655da77f6908366c7f040add43621af85af.parquet,130527,5e68581930497d203f4f44a6a5a7129bc65ea4ad5a2e5eb2d3731940bee0708f,local_cache_or_large_generated
data/pandar_hypothesis_2026-09-07/theta/option_history_greeks_first_order/29775b001b050d6ced4a62791f4307242bb4988dd70bd92cf6fe890fe2edba30.parquet,118394,c1bd39a41d198a0f1eb007d3f9603f2eb6e5e4ba671f94f6bf6f8390f40218c1,local_cache_or_large_generated
data/pandar_hypothesis_2026-09-07/theta/option_history_greeks_first_order/29dd2fca5292dbd07c1d82ece8cf7ee735e94a2daec8b2f35ddae910b761766e.parquet,122369,45dc292efe04d9d8c304091e593bac7f51e592bc202844a961ab0fa343dcf60c,local_cache_or_large_generated
data/pandar_hypothesis_2026-09-07/theta/option_history_greeks_first_order/2a4ceb7f5a6e51966576cbe89e22b5329f5123f01b04b7fe8a7d887849c94ccf.parquet,139031,d62ae6c97cface23891e34b68671281ce7351ae10edc2b9acbc7920810fcb43a,local_cache_or_large_generated
data/pandar_hypothesis_2026-09-07/theta/option_history_greeks_first_order/2aa19d34bee660b8007ab3f0a70fa699b1b32054e3621197571f37e5b4434a83.parquet,106727,c5149db17b359afac9f7d99f3d5cb5bfe03fe2d3cd5bf69d0fd3268e9f6b2203,local_cache_or_large_generated
data/pandar_hypothesis_2026-09-07/theta/option_history_greeks_first_order/2bf23e1780212f9b76f719c700682e2af13a99eaa50e9d34e9860cacad4337c5.parquet,13804,3f3f6d0a19faf7380caaf7feba7a3068baa87f14450b64a1aa738726da5ec883,local_cache_or_large_generated
data/pandar_hypothesis_2026-09-07/theta/option_history_greeks_first_order/2c7e5269bb08c46d6530ff267a9be6d1355f12da16fa411e2121e4e80962f1f7.parquet,108336,02e619718062f78d3f0696841587c9434c756a00ce2c52c58a8f3dcaf9b357ea,local_cache_or_large_generated
data/pandar_hypothesis_2026-09-07/theta/option_history_greeks_first_order/2ddb0b1fc3c9eae985b417f4f5af9a646b9659c18d43c95661b0ca7671228f52.parquet,16951,89fa59ab200dd5c2ce8e48b3c969c5e9dab5db47940d60dbbc87f7bb6b2e1eed,local_cache_or_large_generated
data/pandar_hypothesis_2026-09-07/theta/option_history_greeks_first_order/2ddb1941f3ff93d505ddb3f64b6b72593386db5e44ae56e8ccdfa339b7c93b38.parquet,100691,67d1ff0b283df7a5205e490ddbc0fa3e4502abcd8a10cb5eb9f9bd8f0cc59d24,local_cache_or_large_generated
data/pandar_hypothesis_2026-09-07/theta/option_history_greeks_first_order/2f923759c30c260b3e55498ad26278c3322d58789d401a7dd6dce2e2721a939f.parquet,145465,12a7b752dec95c1014434d9c65ec6652062542a239822531d6ebcf83c5ef0631,local_cache_or_large_generated
data/pandar_hypothesis_2026-09-07/theta/option_history_greeks_first_order/2ffae545554909459752ed3f32b514daaa2b8d9203b86f99a02f8f4650bcf62a.parquet,27532,2c5efddda972e703add89cc487b7c109f3c7247c2d3321ed9db9f2b540f1a79c,local_cache_or_large_generated
data/pandar_hypothesis_2026-09-07/theta/option_history_greeks_first_order/30667d61381ff13e4f618335522b7e0b921c2a3149838ba1f762b25736a9c88c.parquet,12679,2bd1710320071de81a18d5abd6bff94f01940aeb64b28efb1dd5faeefdce44a9,local_cache_or_large_generated
data/pandar_hypothesis_2026-09-07/theta/option_history_greeks_first_order/306cef03bcf74b97d4ad5cbbbcd66e84f2f5a2cdc3be83ce0bb9c1ec3288669d.parquet,94643,20e31b23c892f33a36ef6010737f0586bc33cc3bf27032aa004ffd8d10447fed,local_cache_or_large_generated
data/pandar_hypothesis_2026-09-07/theta/option_history_greeks_first_order/31d95264db1b42e2b492b0e14860dbc1a09619b89f7ec559882f14919ec421ec.parquet,105534,cb9b57c667110a623fc9e10f89e523556f432b8d78adff642f018fe008b78fbf,local_cache_or_large_generated
data/pandar_hypothesis_2026-09-07/theta/option_history_greeks_first_order/31dedd0d41f30fb3c2b702a370ca28ea17c6bd2adbcedb2be7f69b395fe1acc1.parquet,135235,c60166a78c49244529aea8ba2d3fed2529e663173fe2be0977c9320611f3ec90,local_cache_or_large_generated
data/pandar_hypothesis_2026-09-07/theta/option_history_greeks_first_order/36a3f195637231847d2c068603cbdc9bb9181d628d8c8be34b1875c48a375b0a.parquet,14948,408ea40d8a78d0bf2ca1d316489f9fd7f7ceb79f6b7e4779564ff3d37916801e,local_cache_or_large_generated
data/pandar_hypothesis_2026-09-07/theta/option_history_greeks_first_order/36fe5112de7d55688db396bc08e2d25f229d38e3088e86de3806d5c0ea1cde81.parquet,137080,41f432dbe8e5c78315e2f3b70057913a23898092cf9a617c205696e082a35837,local_cache_or_large_generated
data/pandar_hypothesis_2026-09-07/theta/option_history_greeks_first_order/381f8eebe5847b47b7c2eadf9d1ed43e0313603e195dfbc035d147dcfcdbf353.parquet,121242,a3fca7152e755cd7c4677447ca501e1d69a4ef64b25c14cbb4be10f2d7bf243e,local_cache_or_large_generated
data/pandar_hypothesis_2026-09-07/theta/option_history_greeks_first_order/3904ab46a1d53309271abcfd4110d90aa7b09f0670e24a0c2b47225576e74b20.parquet,15420,88aa20c6cc41855ef83db38610802809af8a99859c670149dbc8a480d8065be8,local_cache_or_large_generated
data/pandar_hypothesis_2026-09-07/theta/option_history_greeks_first_order/3a5c46766d50627df5082cbbccce495ec2479aec7df55ce1cc94d18a3898440c.parquet,12740,6e5973f6fbd6501d0b348302c36f7e4d9f7dca29b00258caf2369bb47afd5be6,local_cache_or_large_generated
data/pandar_hypothesis_2026-09-07/theta/option_history_greeks_first_order/3bb6652f9166f66c60a057d1bb69470cd76ba2a8f1fccd1ab398505645cc740d.parquet,144100,e2142331d24c28f83f6b91689016996df1ccd65208a4f2ab742346d7395a4b00,local_cache_or_large_generated
data/pandar_hypothesis_2026-09-07/theta/option_history_greeks_first_order/3c6a5c36006b2790464051aba0eab94896c829f58b8dbcb7780cd39aed8e01c1.parquet,91089,18a55cb54114eff582afe3554cb311ad1d3be8c2bd8aac279af89d9c8a329eaa,local_cache_or_large_generated
data/pandar_hypothesis_2026-09-07/theta/option_history_greeks_first_order/3cc0886dca8dd7ebff1f9a823ef7b20fce14909afb4f38beea6753b687e3dd91.parquet,14465,471b2ead2f9465d3965c2fc41fd65074cc861a3415e46ddfd6366a59e27ffb29,local_cache_or_large_generated
data/pandar_hypothesis_2026-09-07/theta/option_history_greeks_first_order/3d8028a23743917694dc493d6d363982daf56916c18e368607618e0e94e880cd.parquet,106051,13a7e613462683e8684d84ba82252d9c1cac28cbd77965fa09a6892e009ebea2,local_cache_or_large_generated
data/pandar_hypothesis_2026-09-07/theta/option_history_greeks_first_order/407ae9de9248da7436ebf4e1a4ecc06a360b051c0ce2c2183fff53e008f57cc5.parquet,73829,673d2a9120bfc34f56aa27a4b5604373d71955628503193ecdeb7ef858202fbb,local_cache_or_large_generated
data/pandar_hypothesis_2026-09-07/theta/option_history_greeks_first_order/436bd57ca94a9a38ebda47445d504ef961b181cbe8d69cfb9805f6cae60c9a97.parquet,17567,cd969a4b8f359144f16f017798488ade1b3ff589d9ff496366ad78d065e141ee,local_cache_or_large_generated
data/pandar_hypothesis_2026-09-07/theta/option_history_greeks_first_order/44ead21d774104a8a3cc1830eeb2516eb7155d669614cc8517133cab0570737b.parquet,105563,03a3b5807685f4c627b6c9d68d42e1c05c101762addbe370cc89cba0fe0deaa9,local_cache_or_large_generated
data/pandar_hypothesis_2026-09-07/theta/option_history_greeks_first_order/455cbc3fb3fb264af2e4202c614980c40ec6ef57e7d3be58ec6de3db792f249d.parquet,117659,82576207eb8f859eb1e0e44996567d7a1585cef53068ed21eb05478a4853e2bd,local_cache_or_large_generated
data/pandar_hypothesis_2026-09-07/theta/option_history_greeks_first_order/4638054b08bdc92984e85061e207b40d7179049588a39360a093d4a7d2a6ebda.parquet,122981,bb192355589072b21e69f668c5915e697268b3d4c275f783bfadc1014a16283e,local_cache_or_large_generated
data/pandar_hypothesis_2026-09-07/theta/option_history_greeks_first_order/4650c8e2c15d348431ec1ab37dcfdec3ba411e704744fbdef66db72320cf8e77.parquet,18162,ecb0ae1c39b22272b10d4e3616247ee33c87245426b4782e3bbf1e2c5322859f,local_cache_or_large_generated
data/pandar_hypothesis_2026-09-07/theta/option_history_greeks_first_order/4823c99f8de7905f928eb31d02e5f26f13c6ade8ac7f7e98f8a206a658a187aa.parquet,102040,7712c575ab49be26edfe9abb5fe6941b1e39c667e320bde0adbfb5ca760fe938,local_cache_or_large_generated
data/pandar_hypothesis_2026-09-07/theta/option_history_greeks_first_order/4a35b8666e25348107b8ec2835d2f4132805c5cf9cfb0667139a20b54108fea1.parquet,77349,8b865d6b79ffde0c7168b5a53175818805fea89afec8279efe5e455237ad0f36,local_cache_or_large_generated
data/pandar_hypothesis_2026-09-07/theta/option_history_greeks_first_order/4a88e320eb37fb26bad21e5a0d575040b0bb5b06dfded0458fcd699c3370db19.parquet,116216,e5061a546b24a9ced06cb24537d04cc7593605e389b2cc05f7c39e8618b386f1,local_cache_or_large_generated
data/pandar_hypothesis_2026-09-07/theta/option_history_greeks_first_order/4af8fb68808a1d6a806ac7bb13a197a9a34d6e8c1863f3080d5ac1c110f986f6.parquet,16574,d522b2af5be6c363ec0c6916bac6b51b484491ef1a86a396a0de3f34259a5a3b,local_cache_or_large_generated
data/pandar_hypothesis_2026-09-07/theta/option_history_greeks_first_order/4bb37897c479fa26603fe1b922f63ecec98c59bffc4d8ac1f1e92b8a51ab2d20.parquet,105987,bdbecf7c23171eb3110212c7b07377920d63d75272f9eb307d96fcdd6141a5f1,local_cache_or_large_generated
data/pandar_hypothesis_2026-09-07/theta/option_history_greeks_first_order/4cb872437304359244abb2be6b8d52033c2b85d0958eb4e0dcf795bb48f52f49.parquet,102689,e7548c936ab8dc4ee65b1387ebae8dcc609477af3cedff69186ae758cf31ca9c,local_cache_or_large_generated
data/pandar_hypothesis_2026-09-07/theta/option_history_greeks_first_order/4d1dfa878f91160ac3890378be1eaeb7af6a33c43f4cbbffd4b1393e65d20ccc.parquet,104495,22135d7c6b6f8ca8d4cbc106042ce1d655b3546d0d4d8d468bfff67c912c7bfc,local_cache_or_large_generated
data/pandar_hypothesis_2026-09-07/theta/option_history_greeks_first_order/4d472a76b0a0dd2bca67d32854f98577ed091afd552831bdfdb706f4686cad52.parquet,12645,658903e74e34da47245f9a9fd731d080303f01f810f2ecc19620431cda1ed4fd,local_cache_or_large_generated
data/pandar_hypothesis_2026-09-07/theta/option_history_greeks_first_order/4e59e21de8f05fc789cab42244dce586cb73ef21879c2034aee404466f22d95d.parquet,16259,2f001064bac50122c8de25ec26d56ffdbd1178e52d615dd1faeb6a48173fa645,local_cache_or_large_generated
data/pandar_hypothesis_2026-09-07/theta/option_history_greeks_first_order/4ecd13686e66d50be3ad331ef2dbf62076098243ea283bc152afd42e3e12f2ad.parquet,13331,1b2ea48787c3f3a5cadd0c51c68f6386911b6c37ecd86ab8312d67202c5d8383,local_cache_or_large_generated
data/pandar_hypothesis_2026-09-07/theta/option_history_greeks_first_order/51a0eb8d1bbcccd8c74c3de2f131ff24d09700f46f4d4105d2da3dc18d21f9ee.parquet,14551,c749cc5d8d9bd1bff5332ab72f85077601478fbf5eaffc485570b0acd29d8214,local_cache_or_large_generated
data/pandar_hypothesis_2026-09-07/theta/option_history_greeks_first_order/53965da15a7acd0270e9e2d42c9ec33a5700df6a3ac9dd59911deced8c61ddc1.parquet,105524,1fbc9d0ba724d693b18cfce9cd12958e8e58d7d88c15f9af8f254e1e0c160141,local_cache_or_large_generated
data/pandar_hypothesis_2026-09-07/theta/option_history_greeks_first_order/55875f46fcd88c93044735d19cad17bcc8fd33de46f4a969086afcdc51d82c28.parquet,13774,c4d8c40319f427848c995fed511e8427c44ebd9332756783cafeadfb67a0d502,local_cache_or_large_generated
data/pandar_hypothesis_2026-09-07/theta/option_history_greeks_first_order/5591a7258f759ae0926d4babce69b8e2acae341ff3cd677291c1f104a46ca10d.parquet,89882,03c8e8cdbed91fb3c0e0d664b9f779f258c2264314882c53eb7f126f297d0ee9,local_cache_or_large_generated
data/pandar_hypothesis_2026-09-07/theta/option_history_greeks_first_order/570d158c2516edce3c9e2b4dc225cdad013d20417586874fd26fcb7ab015feec.parquet,16942,4c96959d638fa4f4e6476fbd8867ed07e2a7c1ede6e13d67416a1cbab779aeee,local_cache_or_large_generated
data/pandar_hypothesis_2026-09-07/theta/option_history_greeks_first_order/580654c6895a0a08e842a4c4d6ca1a6da7710c8cf9da275a97107eee26386d59.parquet,108569,782e823afe83ebfb3408460f6d797df4323e1df1aa0d111e7744456a2e3dde28,local_cache_or_large_generated
data/pandar_hypothesis_2026-09-07/theta/option_history_greeks_first_order/58558d5b8f8047481b05a64ffac703d2fcc4a7d5154b679145d4c5f6d744d136.parquet,106300,50dfa103386a5ffb65247d99983c0f82a8147989beda3a6996548c53600b0a44,local_cache_or_large_generated
data/pandar_hypothesis_2026-09-07/theta/option_history_greeks_first_order/5b5ee646b210136d69e98719c91b0a6b7665e54ccb88810e74e796768bce398a.parquet,109464,a938a50287e22ba1759f9a0f13329bb473be98735b2f0aec460615b68b03ba9e,local_cache_or_large_generated
data/pandar_hypothesis_2026-09-07/theta/option_history_greeks_first_order/5b627cf8824cc88b3a67a49a4d36e5ca013981297629118b7a67d212185cf943.parquet,131387,63108a136d0ea84d6ada4be4aa58eb66657dd3317002c16906fabdc929952271,local_cache_or_large_generated
data/pandar_hypothesis_2026-09-07/theta/option_history_greeks_first_order/5c6ae2d321dce3a31fe7c8274d4530ec3daf4a3b8b531725ec78ec3f508b24e9.parquet,115702,7dc424be6a188f4fcc36425799888b657c1b80ff70cc6a15854f5ed3b0b2e417,local_cache_or_large_generated
data/pandar_hypothesis_2026-09-07/theta/option_history_greeks_first_order/5ca3c6fdf5e470848993e7c4b4545c0c3b04c2829b148e6d4c6f6a20850a0422.parquet,109488,5d1fa29f30f04dfe752418ae4f32b53d0ac452382730a73a702beb7e2d4925f2,local_cache_or_large_generated
data/pandar_hypothesis_2026-09-07/theta/option_history_greeks_first_order/5ca53109a35baad14e796cdfffd32ae3cfba591ed7606c5156abf0e7f47f8bef.parquet,13365,149e5444bd39241079a7b76b7850f1521bede5f271cb463b12691de91f04ca68,local_cache_or_large_generated
data/pandar_hypothesis_2026-09-07/theta/option_history_greeks_first_order/5d108be1e58f3127ea093c67ceb497f132593210d8ca71d37164f80f36b8770c.parquet,20359,2f086076c56bfab3d77ac46e0c93716f4cb0fb502addd94944be358113140303,local_cache_or_large_generated
data/pandar_hypothesis_2026-09-07/theta/option_history_greeks_first_order/5d9083df8148bdfd5722d254919e1fcaaa3e8b5937c032eb3239f01c93333446.parquet,121571,6b0283eb4aeffd4aefcd30b6992db9094690c6632ff7a03cd02f6eeffb8eb7d0,local_cache_or_large_generated
data/pandar_hypothesis_2026-09-07/theta/option_history_greeks_first_order/5e4bc6322c76b9394cd6351048ad1b271df40f00a1a39a5f2a723efb7703f17f.parquet,88293,b3c3889970f2611f9ab4daafb6b8678fc0f85d08e2f9fe3a4929432df9c5e714,local_cache_or_large_generated
data/pandar_hypothesis_2026-09-07/theta/option_history_greeks_first_order/5e5cc95457e23aa7e3867ba80182644f5f919e0eee8af9859bc3851e42ef2617.parquet,87837,282174af794df56d1726ebf8decf1eddd3f99016c5484059036b600a332ed3ff,local_cache_or_large_generated
data/pandar_hypothesis_2026-09-07/theta/option_history_greeks_first_order/5f768690828eab3bda22aaf27dda27ec34df062d34d32dc9f0f908c2feb688be.parquet,17105,96060695119366badffa43a98315136097026fb99787f2235ee834dddbc74e68,local_cache_or_large_generated
data/pandar_hypothesis_2026-09-07/theta/option_history_greeks_first_order/62622200003e654be8b00b981a47a25241d22a87748a657da994e0cf1e4738c6.parquet,107949,6eeb49d983181feeffbae3f94165f55394ecac253730fd2ed6eaa7e7626408eb,local_cache_or_large_generated
data/pandar_hypothesis_2026-09-07/theta/option_history_greeks_first_order/62fa5158a56856115ef3817b153e0d87df889fda28b484249aea08e642fe37c0.parquet,24300,2e4336cb54a7672be76ad6271255c8693a58125de0d9cf0965ef0f298c864992,local_cache_or_large_generated
data/pandar_hypothesis_2026-09-07/theta/option_history_greeks_first_order/647b4aabd34cb406026d9a8b978b25821bd87c35bd3e9eac706ba0d795a9eedd.parquet,14611,0d69c39f9e59f5172bbcfbed4fbd0f6c7cb9958d891892589d34d45a2584cd2f,local_cache_or_large_generated
data/pandar_hypothesis_2026-09-07/theta/option_history_greeks_first_order/64e256a2415e388af3f46bf1f0049c31fa5493173f613ffff2048906090e8829.parquet,72280,3d27bc9b05ee9497956fab915c5c03c0f1e6a2c2837ae7c1ace006ab424085f0,local_cache_or_large_generated
data/pandar_hypothesis_2026-09-07/theta/option_history_greeks_first_order/667beddf5f1a831d243b711c2b7d2e479a247704ef1681645bebeee668d09348.parquet,122212,f993c8b6c1f9286b77febca17c065734262b5de6a2f66bfc4c75875417056ccf,local_cache_or_large_generated
data/pandar_hypothesis_2026-09-07/theta/option_history_greeks_first_order/66ec503f8d3a4fdc0c96fa533f203ae1c69bc3365dd685444173e473e3aa2af1.parquet,113553,ba4df0393db0fc9a2e2bf5e8cca3254dbc5dd5b71aedde59aa0ee2e8cdff0fdf,local_cache_or_large_generated
data/pandar_hypothesis_2026-09-07/theta/option_history_greeks_first_order/6765a9815e2007965eaacfcbcfb8f944867c91c6120c110182078ae90b37e240.parquet,115608,ed3552c64941c25702c134df84b274e5bdce64318b5adbd13991e5e22442358e,local_cache_or_large_generated
data/pandar_hypothesis_2026-09-07/theta/option_history_greeks_first_order/680b8a1b34aaed95f7018092d163a137a99ea9369f917a8d9ebcccc8ac304dcc.parquet,14743,5eecd9bef1831f23a404667161259acfc3011f1d087cc27a8aec675510d09c1e,local_cache_or_large_generated
data/pandar_hypothesis_2026-09-07/theta/option_history_greeks_first_order/68e591d742889799d77051d4b87edccb1c6c06703c99e977f5f0b3dbb1cb7bde.parquet,120249,d144ff8060d7e05f513e5b48d7e4f9453415abcf137be571050a1841b467e5f2,local_cache_or_large_generated
data/pandar_hypothesis_2026-09-07/theta/option_history_greeks_first_order/6b5c6f61d1d8b552436c85a28037faf99d087a4e211e6dd50f10490f039914d7.parquet,16344,d4bbd1ab97d444575959a91f3b752138e629172b321062a7f51accd0b659349a,local_cache_or_large_generated
data/pandar_hypothesis_2026-09-07/theta/option_history_greeks_first_order/6c03def1f1fa5e1e775ab13720e8cd6dd1dd428793ad5856e67abbce86a930c8.parquet,15003,ef38ba32d0d6a5c7106496e3de15d42a8bf23b6492874e047051e2d15953e949,local_cache_or_large_generated
data/pandar_hypothesis_2026-09-07/theta/option_history_greeks_first_order/6e466417a1e32df54d669b83babaf74ae2202ef162d66ce753e3fba810e9a7ea.parquet,139198,9abca3ba465c84f620dff91503e1382b80f1c84b6ebe1829ab201bd020a2a987,local_cache_or_large_generated
data/pandar_hypothesis_2026-09-07/theta/option_history_greeks_first_order/6eb383d55d71a856994534917e9937f5fa8026f3cecdfb328fa5c31eae739dc3.parquet,112128,25b9d8fc0729f9a498ad8ee603a1b4ea61850eac1a923da677b21a3f96fff47a,local_cache_or_large_generated
data/pandar_hypothesis_2026-09-07/theta/option_history_greeks_first_order/6f197a2b23c070ffdb66cf84a4c650870d2f0ce71009c571af0f3fec548b61ac.parquet,115900,df7cd4b01cf447e9f1d0875b13ccd4f0a2ca6013a313cc6ed2688e8247513ff6,local_cache_or_large_generated
data/pandar_hypothesis_2026-09-07/theta/option_history_greeks_first_order/7093cd5133d8ff858f88adf483b91e41f368e898118dde26e74e0c550fafec5f.parquet,13787,f5cf442d0b4a6093faea712c2f50f7cee6e8165c7a781918f125a8434d35a506,local_cache_or_large_generated
data/pandar_hypothesis_2026-09-07/theta/option_history_greeks_first_order/72eac3ba8ac13e47d4dd94f449de159b33efdb604de65a733a04701fb9ea97b2.parquet,16199,eaf3b6b9b48e03287837d02296fc4d525d09f17cd70762780939968ede99d853,local_cache_or_large_generated
data/pandar_hypothesis_2026-09-07/theta/option_history_greeks_first_order/75bfc104d487756e1ff4322edf73d341843a1644428d2e7e8ac2a14a036e0034.parquet,13250,68ca808b0711b03eb2160e8ef413b4e9d997b84bd83dfd8de38dbc59fc1a13fb,local_cache_or_large_generated
data/pandar_hypothesis_2026-09-07/theta/option_history_greeks_first_order/75dac283f8cf61aca9a00ac073cfc28a74add0acf40589c2fb302cd2542fab8b.parquet,112543,ede1e212e38a141f8e1196b319cbbcdd7560fc105912c2d2383484db794daf3c,local_cache_or_large_generated
data/pandar_hypothesis_2026-09-07/theta/option_history_greeks_first_order/77d4225b19b9e98bc5f4fdf73711b789f1c9084166091a07057a0a82bb73c46f.parquet,16654,3e89a07a06943f597eb6f666398454b597518b43eba9fba681356cad4f15aaf9,local_cache_or_large_generated
data/pandar_hypothesis_2026-09-07/theta/option_history_greeks_first_order/77da7541154078ce3b51a52e304f2d3d79742ce7d4ca9be2d55cef7dc796254c.parquet,107623,82fa6dc5ac864673ea2f1c53ebaae0a603dc4767a7d7cfc8ba126d65b176bbc5,local_cache_or_large_generated
data/pandar_hypothesis_2026-09-07/theta/option_history_greeks_first_order/77e70282098a4c7f1975840dc660007618607ed8cdd012d8c6e06bf984c6243a.parquet,109401,bcfbc940fa1c402c2d9334fe3bfb3f0b4559207656d1a90960f217911e8b8625,local_cache_or_large_generated
data/pandar_hypothesis_2026-09-07/theta/option_history_greeks_first_order/79c56083baaf143493d70368de5759be219afae72e707ce763d27fbbdb52fe86.parquet,113110,ffa69b43dae3e7fac715840d53695f5f9c2554ad704a1a2abf00c4d472e03318,local_cache_or_large_generated
data/pandar_hypothesis_2026-09-07/theta/option_history_greeks_first_order/79dfeda33098febf43e9719a92953c1b381b35a7a5ae7764995a4896906bde82.parquet,19397,7edde214c76ea9cfb80fd2a02acae983a9dcf1c4e8556e21107a1cee785906b0,local_cache_or_large_generated
data/pandar_hypothesis_2026-09-07/theta/option_history_greeks_first_order/7ad0bb6642d94574cbaec2613fcdd1a145d52b91e2413628b92fbc9e3e416e26.parquet,85983,df12712070c902ee002d83b99a5734aaac3b90dea3c2db397897cb792d37f9ee,local_cache_or_large_generated
data/pandar_hypothesis_2026-09-07/theta/option_history_greeks_first_order/7bae7f5ae2cbb2c42782c0646b4e8be4674685fd9644b0957eeed9b4084de9c7.parquet,75911,f3e5594719bf83f6e0c0695350a1b67086b235241b1b41663597e406efd9210b,local_cache_or_large_generated
data/pandar_hypothesis_2026-09-07/theta/option_history_greeks_first_order/7ce5ece556f95e3f03263490dbada290acf32961f2c535b3d8235bb225577863.parquet,142040,8de9d2a59be60929886945b4478a3b5524e0d65d5e7ebc6d9b6c1f8aeb387160,local_cache_or_large_generated
data/pandar_hypothesis_2026-09-07/theta/option_history_greeks_first_order/7d1fcc5a189a8fe8c0c719996b007874d9c0fbc7f4f588c9622ea49a2e14af1a.parquet,83279,2f4ad6d4dd0efd78401f008653f57ccf714edbd267a9d1be4ccfe44a1aa94d0c,local_cache_or_large_generated
data/pandar_hypothesis_2026-09-07/theta/option_history_greeks_first_order/7eb776745592c0d444bc84fbfa2040da086d90e903b286733eb89e1ed26abc7f.parquet,12396,fe330a07df9640fcc1a778dad10fc3492132557a6d51ce1d0610eefb9f1964c5,local_cache_or_large_generated
data/pandar_hypothesis_2026-09-07/theta/option_history_greeks_first_order/7feacf3e4989ca5a3ac1499ba031eef14939810436788b92beaea943e577fb83.parquet,76108,0f98611d382ad576c06a1fe46256e7a7401304bcc455cb310ccc0cde91a869a0,local_cache_or_large_generated
data/pandar_hypothesis_2026-09-07/theta/option_history_greeks_first_order/8141b41edf1b03bb74027673378098f1a3565eed4a7a3daaece4d00ece418f1e.parquet,13803,73b5fda6054c9ae0c0e5973eb39a2170bdbe0e635b705a08bf953c2dfab84719,local_cache_or_large_generated
data/pandar_hypothesis_2026-09-07/theta/option_history_greeks_first_order/8177daad9dabeb6cc278518f58526f22591357b42f3f7b5b252622001cd13e4b.parquet,95106,e6eabc25d8beace55c7bbdf29e92e565f25d9b7b071e44af817095a4ab61dddb,local_cache_or_large_generated
data/pandar_hypothesis_2026-09-07/theta/option_history_greeks_first_order/82251cdc2cfc5543493baa40c04149355406b59bee4e98c8f278932153f33b52.parquet,92607,fd3e9993d32ce5cb56baec5ba4d203d9d9cfe615d7ddf9a478d75fcad0371522,local_cache_or_large_generated
data/pandar_hypothesis_2026-09-07/theta/option_history_greeks_first_order/82e2f49000ccb51787074dd20c9637b4e9e66d8ccbff32a98ab1e4eec5ed4ceb.parquet,136893,513ffde58eeaa9063b2b5c220caf8f2e5eba5de13859f2c0e917ec5339b8b797,local_cache_or_large_generated
data/pandar_hypothesis_2026-09-07/theta/option_history_greeks_first_order/833ca28bf0a69358eef0bd8af60c48aaa6c08fd8aee958928fe1ab50fb9389be.parquet,110945,d862707a7fe9ef102ab0438f08dbc55b7975b6595db6c85da260b693d46a627d,local_cache_or_large_generated
data/pandar_hypothesis_2026-09-07/theta/option_history_greeks_first_order/850c771849c3ce72317992ea976c21c93fc2572b313546a47b0915d9072a7464.parquet,79052,5541fdca6121c74e13aa6f0b00cf517193693bd559783ab918d0580f0c056578,local_cache_or_large_generated
data/pandar_hypothesis_2026-09-07/theta/option_history_greeks_first_order/8530f2fe25d59312dddb5065e2e61baf63934e8b17fe1407c14ab3350cfefb93.parquet,76267,8d33b748a0eb4c31c5736bd6f03435260fd324ec0504747409fc482843e575f1,local_cache_or_large_generated
data/pandar_hypothesis_2026-09-07/theta/option_history_greeks_first_order/853a0dc6d22be37cccb1744aaae7c096e784669bba64db0d97a29d32254d43a6.parquet,128595,eb8b2135e33367b4511e474db0c6f8f7a2d89d2fe90839ce1fc501fb75199464,local_cache_or_large_generated
data/pandar_hypothesis_2026-09-07/theta/option_history_greeks_first_order/85fffe17bb34454da4bae02e26a26d363d8f465434d3eed62a67c1198b5576dc.parquet,122206,0d6a423340cd46e4a70758e8f340482c63c2b06769ff919cd11d798762cb7f35,local_cache_or_large_generated
data/pandar_hypothesis_2026-09-07/theta/option_history_greeks_first_order/8756d09621c4a9f743b00facb608d77f06fb925bccbbcc18dffb1682cd17d906.parquet,14010,b5eda449a616a069c7dfdbbc83a65aae60f41ebf628e89c936a5485b6b62e38a,local_cache_or_large_generated
data/pandar_hypothesis_2026-09-07/theta/option_history_greeks_first_order/87f6b9a5c756a928f1c9b7baadfb04bf927f4a5079dfc9fcdb646176fc05fafd.parquet,108391,4650044cd9a455b3d59f41fec7e71d3a4833992697fb0f47f7a107f76fac834a,local_cache_or_large_generated
data/pandar_hypothesis_2026-09-07/theta/option_history_greeks_first_order/884e863541e29ab2bd7bbed1529edbf3076cae127701f0ed4728d4b06c3e37b3.parquet,118990,bec2d63efa624f8accd64f891ce39521f94cc02aa0bd51bf2f2054ab54bbe5d8,local_cache_or_large_generated
data/pandar_hypothesis_2026-09-07/theta/option_history_greeks_first_order/88521955b9bbf78748a1e62988a4c7a9453a70ea23d500ed0dca9c4c606514d6.parquet,123317,483072f96322b5edeb6e96d378b3c1e98c34b0045d18d28616648918fc55117d,local_cache_or_large_generated
data/pandar_hypothesis_2026-09-07/theta/option_history_greeks_first_order/88daf160b012393da568010086348ac3e78b0c8200f2cb70131073763f4e80b4.parquet,95614,eb989c52238d14269fd9ea1d9db3074167ac9e773e11a48ecd517761973a52c1,local_cache_or_large_generated
data/pandar_hypothesis_2026-09-07/theta/option_history_greeks_first_order/898cb8b1830bcb70a30dcb6cd1152a3cf1bd3b7933854c54c83834424a415283.parquet,126457,16ee49bca257ae7a237c2a1361b8a01e80615bfeaa3f77c2d8d80cd771e74c0c,local_cache_or_large_generated
data/pandar_hypothesis_2026-09-07/theta/option_history_greeks_first_order/8b0513223d99f83359ce1479f7c638b47a217f74e37611a538ee084e4df728d9.parquet,123331,874e527130bee77307875acd1ac39ef75c7b6bfb37d03955acce84798bed8226,local_cache_or_large_generated
data/pandar_hypothesis_2026-09-07/theta/option_history_greeks_first_order/8b67e7d678ce7007b5e834019f2526ae4a9e236e662cd262583fc2860ec236c8.parquet,16203,27908fd3394184d2cde9b6512e6eb3ab2d4663603a074ce16bf61e5162e2e015,local_cache_or_large_generated
data/pandar_hypothesis_2026-09-07/theta/option_history_greeks_first_order/8b875b6455c24ada56619e083d8bfe9ebf6f702e3591e4b37bd7f69a683b7eca.parquet,98140,65bf85522fd1d31104925063b3f1381ad20eeb8a4f208f6650a25f53980a7f62,local_cache_or_large_generated
data/pandar_hypothesis_2026-09-07/theta/option_history_greeks_first_order/8ccf4282fa150660391f666b06accf09536192d25162532a862157155e76f2ed.parquet,108016,50158b11d14b620f62d24996bb8aec4268210d8739093496a2309d232b952364,local_cache_or_large_generated
data/pandar_hypothesis_2026-09-07/theta/option_history_greeks_first_order/8e8ccb02a50202131038084297e02dbad2a874de000a1a03953cb4dabc348008.parquet,86950,da78604c4ee4e6db479c809d1091c78add9dcc967eb9f9d038cbe22732ae79e7,local_cache_or_large_generated
data/pandar_hypothesis_2026-09-07/theta/option_history_greeks_first_order/8f73f07a90c76108688c824714beef12aff8ed8809a4a26977a053870dbd38f1.parquet,87994,c3ede482262267a8abf7695c3e4890b07a3326c6bcaf1d25b5726a2259399b45,local_cache_or_large_generated
data/pandar_hypothesis_2026-09-07/theta/option_history_greeks_first_order/90930c792e09dd02929f7a6b95e7d0890c09fb8f39e575a71ec8b91521d2f8b4.parquet,121972,c55147424bfbb1826d34cf5e6ba197369770c9a60eea72b099d46ebe69038853,local_cache_or_large_generated
data/pandar_hypothesis_2026-09-07/theta/option_history_greeks_first_order/90d63bcd696094e5778869574ea4f6ba56b7de1445eac06d36ced5967b9adebd.parquet,90084,ae48334040057dbef54efb7185bcab1e9288a2e7ea05a69951ea8f543cef0483,local_cache_or_large_generated
data/pandar_hypothesis_2026-09-07/theta/option_history_greeks_first_order/91cccb023a7a168e1f6d0bfb6ca5a703ed1f6acca033be70e0f2f2eb6dd4981e.parquet,108156,167763484f319fb6751654a9676f560d7a8a44d072620f981cf58ecfb08c817b,local_cache_or_large_generated
data/pandar_hypothesis_2026-09-07/theta/option_history_greeks_first_order/91d864fe4dbbac0233b1007f426369accc94bd92f1a042b21a586d1c2432512f.parquet,17318,6de2decdf62d40d3cf906723b410e7be1e07fe09a5a1ab91ee93158b8ec202bd,local_cache_or_large_generated
data/pandar_hypothesis_2026-09-07/theta/option_history_greeks_first_order/93cf5a5bc4ce8e76b8f28abcf8fda89c4b4cc89597f400302b7647f0d2ee0239.parquet,25795,6b3531a8c8757b63ff6391253dd2a5c70fb09a013d2b95be6850cffc19bfdb06,local_cache_or_large_generated
data/pandar_hypothesis_2026-09-07/theta/option_history_greeks_first_order/95771bfec0e625200e03ac8d791e8be7b5ec24a8bc280ba57d94875e92fed211.parquet,109372,cea2a0e03c2af5ba23f7f861fc10518805bcec660129c20a779757faa9b2e949,local_cache_or_large_generated
data/pandar_hypothesis_2026-09-07/theta/option_history_greeks_first_order/961f2d95d2e1b6b742f5577e20254637234b8f2c68f28d79ecec349545b282c9.parquet,16891,a8b31f7c7814935f56b7b2d5055865a7b51d278184ff69770887a4c39ade6b1e,local_cache_or_large_generated
data/pandar_hypothesis_2026-09-07/theta/option_history_greeks_first_order/96255daed678203839f461d1f0badfcf3d050206055f4411079a82e6a381ea69.parquet,22079,e6493e580e07b68c4a09d5a96e4eb1a49e103271f74868c65be7ecc85a81cb31,local_cache_or_large_generated
data/pandar_hypothesis_2026-09-07/theta/option_history_greeks_first_order/981ccdc49147633d5d9788fde0fd706570551b1af47c28c6c2ea4d589da31ba7.parquet,89616,4c7fef56ed341144c09dabc692f61e373de607f9340496c898bd310e5d85dff5,local_cache_or_large_generated
data/pandar_hypothesis_2026-09-07/theta/option_history_greeks_first_order/98e212709820bdfb60171ce3d0bde3cc55b7ea4f111e9466bd7cf2c335702048.parquet,138963,4563d06b733226675eaba42768e209de641b712f5d4a1d728a052f82e40153fd,local_cache_or_large_generated
data/pandar_hypothesis_2026-09-07/theta/option_history_greeks_first_order/99012ed663f8358aff4d73822adfde6ecd9d7598ab2a872b754947d4b7e253a9.parquet,99016,60f9fda064d656453b5f10d52466981494429bb4349aaa35446662821d9671bb,local_cache_or_large_generated
data/pandar_hypothesis_2026-09-07/theta/option_history_greeks_first_order/9a8ba9fba9b528eeb440c0a8104647890222089bd312fd352a611c23101fd880.parquet,103558,8f02556d08e8b4073357839b7f34fc19e5244c840a7fbdfb46f493b7a49a6253,local_cache_or_large_generated
data/pandar_hypothesis_2026-09-07/theta/option_history_greeks_first_order/9aa2c3ca98dae6cb21876ff1803670b518e8b893f6672c02eb82d729631561f0.parquet,105615,17d2b48e41c3098fa8f10cf2d2b23e1daa62d4de12ed3d7c2ae3ee03594bd2e3,local_cache_or_large_generated
data/pandar_hypothesis_2026-09-07/theta/option_history_greeks_first_order/9bdc6c98dda56566e7d1738c7eb2a965c65c169a12d2969c18160bdcb3ce68a0.parquet,75099,951116963db9da26f901f074fb5ef38c5ed0d9f0e1e3c7dd3df9a6c3c2c2ba33,local_cache_or_large_generated
data/pandar_hypothesis_2026-09-07/theta/option_history_greeks_first_order/9c3af51494493aa37f283011e992dff69195d12ce29dde7c70913901e5f5e858.parquet,12782,4b337c7d86e88dcaffce034b54b74b20fa77ad63473cb02c66a2c4be98439a26,local_cache_or_large_generated
data/pandar_hypothesis_2026-09-07/theta/option_history_greeks_first_order/9d7daad51e07c55f9046020b3667b574cebc0656a17866c93778cfc70a3ff6d4.parquet,126944,fcf52a7401e68bd8b7a091acb3825e5b5a4c50fafc401eeb82c8c1c6660408b3,local_cache_or_large_generated
data/pandar_hypothesis_2026-09-07/theta/option_history_greeks_first_order/9e98ee37131dabe50eb48a8ad789f986e7d183fee9df0341bd134c88c2c21e2f.parquet,15102,060312d80b5533314fc1c68f568db67d586a5aa5340de8486ba50e0e7ee12dbd,local_cache_or_large_generated
data/pandar_hypothesis_2026-09-07/theta/option_history_greeks_first_order/a0573e1e0cdf35de8f224ad4a82251f75e9e0fc3116bb9006e6538ffaf1ced6f.parquet,118886,6a2608c81b21e18d6f2807d0d181149831a2711dd5f3b2a248bb9c0d7f639861,local_cache_or_large_generated
data/pandar_hypothesis_2026-09-07/theta/option_history_greeks_first_order/a0b51b3e8ac191cda877c254e221482eac6470616084c75db8bec945890e5a37.parquet,17288,7f1f7417fa0b96b2053e4bad94b3f56b8f907cd4a4ccf738c3229814fcf402ab,local_cache_or_large_generated
data/pandar_hypothesis_2026-09-07/theta/option_history_greeks_first_order/a0f8eb42c9dc19ee9a9355dd9448213f83f4944d2004b8f26ff5319f6820bd21.parquet,101586,4c0d113bf9228714d6fecfcd2848a78c45738a722525abac3c213a80971dbdfa,local_cache_or_large_generated
data/pandar_hypothesis_2026-09-07/theta/option_history_greeks_first_order/a1db95c062115523746f91c4e4db7346c7d59da8ffe91c356c145d58dc859fe5.parquet,98763,cfb1e4116008aa9c24c01f8001e975e6ef37551310ad80e7c143f9a21ddef455,local_cache_or_large_generated
data/pandar_hypothesis_2026-09-07/theta/option_history_greeks_first_order/a1e23d6fb3203a529e1301053a6f2fd1062d5c037021d2a6689e53390afd0d24.parquet,73138,6d6909e4c2168253d398fa34877794354e6f2d6e7cb127f0aac5a3dae175d468,local_cache_or_large_generated
data/pandar_hypothesis_2026-09-07/theta/option_history_greeks_first_order/a1f7cfd6e71b856ab4bf7d79f53b0961da03eb4e274f728124dd1d2485d03e5f.parquet,102921,a32b276218a410b9bffe2de464f9a2d52b5da2a780948a5ecdfd4eb652b0d5d9,local_cache_or_large_generated
data/pandar_hypothesis_2026-09-07/theta/option_history_greeks_first_order/a2bb696d07429d56e3602a3d5eddbfc79051439650f9d9eb2a97d8d3c3f0fec5.parquet,95077,2011869f6a380b8c4fdc288801b9c67ea346af46a090358718bffdcbec127a9a,local_cache_or_large_generated
data/pandar_hypothesis_2026-09-07/theta/option_history_greeks_first_order/a369c1b8dec532b24effeec3dcb027befa08942d4d994c3cf1c8953c17d35a33.parquet,134842,f45b41e2418785c8bb3e42c31307c6fdf9a1553720d1123c0172b123b01381db,local_cache_or_large_generated
data/pandar_hypothesis_2026-09-07/theta/option_history_greeks_first_order/a42b31f6f22d837d7fa4ad23c71f9314f8a287638ccd65aecc70aec9ac0deafa.parquet,118484,a8a4b1e09cc409337a91700f62f024e03fb4bf9f13937148c99bb1857b44ccb3,local_cache_or_large_generated
data/pandar_hypothesis_2026-09-07/theta/option_history_greeks_first_order/a498596f5b3b7250ba696dc4b4b3e3008413b28dc38397f8400d7f79c45e2389.parquet,12387,8356abbacb010173793e511e19e93c246429d16a21c02283f5cf8460fd0ebdf3,local_cache_or_large_generated
data/pandar_hypothesis_2026-09-07/theta/option_history_greeks_first_order/a6a18a7e0e261b8ae92814a0ecb9e623478a8c815b6cbba87a0ea194f9835f30.parquet,13321,1f90e62d76fff6f978b7ea26bc3542fbc7ab70b3924491eca8cc2e3c10e200f4,local_cache_or_large_generated
data/pandar_hypothesis_2026-09-07/theta/option_history_greeks_first_order/a85bb096111a6374083d59697ffb460028f8cd5e8cdf3bb390605d8d78c43a7a.parquet,76790,a4d0672baf2a921e0382ff227a50b75fb2ce909172149c122265d7fc3ead5d27,local_cache_or_large_generated
data/pandar_hypothesis_2026-09-07/theta/option_history_greeks_first_order/a89d11ce2923d64affca9bba3b3a455b7b49a2957bc0bf6dcef58156d145a752.parquet,112786,4d92bcabedaa12b802ff8993a932d7caa7ac90f7a502b0b815c6286d7df97a57,local_cache_or_large_generated
data/pandar_hypothesis_2026-09-07/theta/option_history_greeks_first_order/a8fe806c6dca407bfcd95c1b9a888ed12b797170ffc7e6e8423f856d34b07570.parquet,122500,1278944f4459c7bd56ed35fbaf2b066b19a28151e525665ef8c07742dccfa9f9,local_cache_or_large_generated
data/pandar_hypothesis_2026-09-07/theta/option_history_greeks_first_order/aa7dfcf6b08372df4f02c0bfd11aaf09965d757ced63ed4ab2aebfbfb5320d5f.parquet,125809,e276a93d17825d5d4be31ed20f44e0cf0c4c1f05a197f61e68ce18a3de1056a6,local_cache_or_large_generated
data/pandar_hypothesis_2026-09-07/theta/option_history_greeks_first_order/ab3485a81df11bab83c7fec803560136ece033b0a0d71d60f96ccf8a768ba9b5.parquet,92235,9ea889a785b1951a1ddd70ade7cbd0be8f63e4326db03aa9b0f40dd12b1d0110,local_cache_or_large_generated
data/pandar_hypothesis_2026-09-07/theta/option_history_greeks_first_order/ab9a4002b3e37e55edc89be040f41d01f05a7d62c3b813aaad0c01f60c3ed66b.parquet,12328,6626d27146457bd79883a82f4b489696cf1ba6a33ad81f47d62cd2883cdda43e,local_cache_or_large_generated
data/pandar_hypothesis_2026-09-07/theta/option_history_greeks_first_order/ac3b18e2a42b84fc05bc6f2e08abf8e5b9155cd74694e4a10de4321fe36a7297.parquet,123199,5ac0e68d5eab2da3efa22a960dd8f380b26b2ccca9a3d25ba15b25542790a168,local_cache_or_large_generated
data/pandar_hypothesis_2026-09-07/theta/option_history_greeks_first_order/ac6c6b9beab57c537bfb291eb3f59f951f53bd6e625964e730a01e3bae626d7d.parquet,108363,1cff9aa311692e847cc5bf80196f0944551dd6e6817d0476bb84a4fbcf12017b,local_cache_or_large_generated
data/pandar_hypothesis_2026-09-07/theta/option_history_greeks_first_order/aea3711049ec0247928c89fcc2768f3e64ded6d8b7010fd48cfe22e5be09db3b.parquet,13645,a969f5cd8a880bcca20d2a0ab0b15e633a90be192c6dcebfa09f7708e9c3dfff,local_cache_or_large_generated
data/pandar_hypothesis_2026-09-07/theta/option_history_greeks_first_order/af0b675c6ffda76e3680bfa17cd412fdd5985c50b15b56016237cb2408fd8c71.parquet,151586,cfb44ab879a2e33964f782799533df95fc9775f6ddc08c3da4d127f2a4cb55da,local_cache_or_large_generated
data/pandar_hypothesis_2026-09-07/theta/option_history_greeks_first_order/af5ff95cbd9446699046a188cc414f8ebc58397d0319a68023ced72ed191410b.parquet,105827,e772e8157d131d7ad7638e7b2d5d2c56a584ea0c85026c9eab5e084f3380f768,local_cache_or_large_generated
data/pandar_hypothesis_2026-09-07/theta/option_history_greeks_first_order/b0287c2d38abecb4d6c2e96448555c6912e513d0c80f76a9ec5850b22e8c61a7.parquet,16374,f785a0bd6308fe192fccfe462167ee85758ec94c3e05cfe127bfcbce2424bf8a,local_cache_or_large_generated
data/pandar_hypothesis_2026-09-07/theta/option_history_greeks_first_order/b2ecb8100f0542831bfd29bb870c1dfdbb58da0c3c8c5925c427c1ae2a36dc0b.parquet,100473,bf38fe2a601ac9554deeb2ae76c6e0f791fed752e55e9489607f9359a698a758,local_cache_or_large_generated
data/pandar_hypothesis_2026-09-07/theta/option_history_greeks_first_order/b6319cd875bdb5d6b991c11f823c192e49910795915a81ce718ded03179c3456.parquet,19952,e50637e9e3f301d96913cfebea1a612ffde810b260774676e8034b52a5802d75,local_cache_or_large_generated
data/pandar_hypothesis_2026-09-07/theta/option_history_greeks_first_order/b6c8d97a502777ebd41be4351b86fd08e5b70eec24a5781ac0439f4e7ad25166.parquet,18174,9247a2afb859868d587fa5da83a4b64f2f0cd57cee14ffdb048b0734e567c249,local_cache_or_large_generated
data/pandar_hypothesis_2026-09-07/theta/option_history_greeks_first_order/b8ae826b770d4eaeee6aaf7a949f63eaf4c15adfb002fe857767630c9cf6fd5a.parquet,101766,73c2409068a2c1dffa51f6ee09a350f66d00e1e0124c6931763e0e3921918dab,local_cache_or_large_generated
data/pandar_hypothesis_2026-09-07/theta/option_history_greeks_first_order/ba2e4ff6fbc85b2ab318c93143497d5095dd0bb16a9ae4a52e0e9c27dfeadbe0.parquet,80044,3a00bd8d492b8503e69367dc87d5c054ad0d5835f9851fee54aa2019ad70f46e,local_cache_or_large_generated
data/pandar_hypothesis_2026-09-07/theta/option_history_greeks_first_order/bbedca82f0e599b43510d1557e7902c44703749de3b80cfb8f03fb7c9f7707d7.parquet,121092,b3b206d5c7e18d02163e2764b4bd887fb3bbd6d21842f129b2e6f5515db573ee,local_cache_or_large_generated
data/pandar_hypothesis_2026-09-07/theta/option_history_greeks_first_order/bc91fc6db1ae4d59bcb969cd4ef8c592d8dfcd8e252ab87b0c8ee494f100b906.parquet,117516,b10bce0b1fd77a75fd716ba616360f9c35e5eb4bc427431675fa64c67b2588b9,local_cache_or_large_generated
data/pandar_hypothesis_2026-09-07/theta/option_history_greeks_first_order/bdecab468df32a9fbf077f2cde1f7c0558d61f00ca6a4dff4d1e64cea110b9a6.parquet,13633,ada4150d7bbc75499f4cbfee1b491fe1c2ca557bda1c7b578e61f28136b6e60e,local_cache_or_large_generated
data/pandar_hypothesis_2026-09-07/theta/option_history_greeks_first_order/c0716bc44bb0af1740fc0209dda9bd1a1127d48b06d80b1053c5c6d820ff4074.parquet,110639,b5ee9907ddfb854ef01c71b2435e98f50cbdd46f1ed2e13682c0a1ea292c4fd9,local_cache_or_large_generated
data/pandar_hypothesis_2026-09-07/theta/option_history_greeks_first_order/c086f76ca78f8af64d43db685a36eebd4696f6144e02fc678219fd727f98f397.parquet,120397,0084c3ad95805926abc50523ce768a207895d262a7ddcdda09a691ab523772a3,local_cache_or_large_generated
data/pandar_hypothesis_2026-09-07/theta/option_history_greeks_first_order/c1e4d9808222e5cb56a904791683fa69fb6eb6393bee885aeaa375c5c46dd282.parquet,79407,eddb6e31e5a7ad75dcd94f712bf48dedce5d68c58f9d859839d3077f42160e8d,local_cache_or_large_generated
data/pandar_hypothesis_2026-09-07/theta/option_history_greeks_first_order/c25cfbc7e4a6c512511f59592e63fed68dfbf4199ad27584de82581dbc62e7c7.parquet,108723,e44a0d35106c0d203734a50157c2ee6365edbbf17f7d2858a4f6e98d282b3562,local_cache_or_large_generated
data/pandar_hypothesis_2026-09-07/theta/option_history_greeks_first_order/c34f85155a92140f4349ff913f9e202d59a0f4c5a5ed6394f40501b0bf5c31cb.parquet,136028,03a65761e0f11d3db344cf5f47acd218cc97fa019a79dfd7cd79c56c8c9c75a6,local_cache_or_large_generated
data/pandar_hypothesis_2026-09-07/theta/option_history_greeks_first_order/c405d53f24434c4293f6cd21637a1b5b01557e341dceb6db7143574f6f1471c1.parquet,14735,18afb257933f6a00eca7546a7e33d8b8d214d3bd344b58fc6df3748a6c90e8f3,local_cache_or_large_generated
data/pandar_hypothesis_2026-09-07/theta/option_history_greeks_first_order/c485a368ff12539ba529e80d20a744afa060b036bb12960fdae79a0645bbb5b6.parquet,102476,7e48924f7ee01e1b30c6feacbda3fe8a63548d0095a8e554c37e1d1fcb8b8fa6,local_cache_or_large_generated
data/pandar_hypothesis_2026-09-07/theta/option_history_greeks_first_order/c61315c21ff7189cdb8910834631794a57c334d8138c0dc96ec1f83b97922f3a.parquet,13153,6d42b11a2acdda0d1f09e908b55292f5e3c9a6a6c935e93f4d5b61b80849f800,local_cache_or_large_generated
data/pandar_hypothesis_2026-09-07/theta/option_history_greeks_first_order/c62fc19e566aa7117a4578924a0c3de75a8dea70814092031ff12428ea466ee6.parquet,100882,65439f106c517725d8df4db8643043bac33ac4e362564c09d123de7fd6c65c4f,local_cache_or_large_generated
data/pandar_hypothesis_2026-09-07/theta/option_history_greeks_first_order/c7cc1b002ffa61f2a2c3af205ead18485cb1ba32405c99f351510fd9d760adc2.parquet,16958,1636a1eafea925c9adc3ab0bd8267ec4b8923735b29da3b63e6faa537c21189c,local_cache_or_large_generated
data/pandar_hypothesis_2026-09-07/theta/option_history_greeks_first_order/c8919445f556598bfa5b598216276dc45f9ecfa32213d43ee900f05ec7af9f84.parquet,105217,48a7878bf89bff46a7eb0e30f9b1c764f492859099ef7977db6c996e2a601d46,local_cache_or_large_generated
data/pandar_hypothesis_2026-09-07/theta/option_history_greeks_first_order/c9e953ab88ce9ed5d8fefab011b2ec5bc6f543464da670a8829b6303c3dc6d8c.parquet,123378,0c4cb4303e5b526486cda948cfb05483d290397d404f8c6fb48a678819b70e00,local_cache_or_large_generated
data/pandar_hypothesis_2026-09-07/theta/option_history_greeks_first_order/ca7142a2b8d4f5acef7d60cf4c55f55f712fdaabe929bf5730dc63a982b63372.parquet,20291,7400bfd2b9b16c22e068e89d6137146d9012283b6c7a742f7bdd1bc9e02ce3a3,local_cache_or_large_generated
data/pandar_hypothesis_2026-09-07/theta/option_history_greeks_first_order/cabd564a30c8fe9c1704dd90619a987c3963f3e9567bfca8c7afdf7e173ee42b.parquet,131857,6cb327ada22ccf4857b4b55da9c07fd7a658a529d338d3e149aaea28c72cbe5c,local_cache_or_large_generated
data/pandar_hypothesis_2026-09-07/theta/option_history_greeks_first_order/cbc752cb144edece02978d2c4ab0cfb5cdc9c1bbd6d443d2db9de9256f6c628b.parquet,99139,3372df45962dc94e5a35bbe68b4819d23862479f1ffe3ca0f26c05d1c697a69b,local_cache_or_large_generated
data/pandar_hypothesis_2026-09-07/theta/option_history_greeks_first_order/ccc85ae479a7948b8c97cdb4555f69ceccdf371d63e6d81632192cf5be154d72.parquet,15364,034123909ca3a2f84ff8f95cea6135c0fe511e97e3f65f9c41b469359b70a53d,local_cache_or_large_generated
data/pandar_hypothesis_2026-09-07/theta/option_history_greeks_first_order/cd4dbafadbfa23fab00ca98198747890e89f6e02e91ccb6f68b0f0f0bc3a4f16.parquet,92016,9ba93c1a23a75fbe727c55921e053df2319fb73e10e8b9f96672d986fe52e00a,local_cache_or_large_generated
data/pandar_hypothesis_2026-09-07/theta/option_history_greeks_first_order/cdb9b978db2828fd631e40203bf27b2310dfe27fd4931c6c8a819f1bf3ba96d3.parquet,131817,19d53b9952bd4c659ac7b4b0c1b769d94c0cf1c72197e7fa717f3e63d6f0065a,local_cache_or_large_generated
data/pandar_hypothesis_2026-09-07/theta/option_history_greeks_first_order/cdde31660499c5246b4749de8f01afbc4e2db15a8bf99c39323fd3b4ff210a6d.parquet,13699,a8015bde4b379a62a91d09da3005df5509593ccf5cdd212137a10280c1798f22,local_cache_or_large_generated
data/pandar_hypothesis_2026-09-07/theta/option_history_greeks_first_order/cea28b8b682c594b86b6c0a51d9cdf2402dbd6081e62f1c5c41817d88347eee2.parquet,111531,58953db6836636e97027fc25c36e25b17d29ba451d9b100a33be270d1d60bb43,local_cache_or_large_generated
data/pandar_hypothesis_2026-09-07/theta/option_history_greeks_first_order/d081aa1cda5bbf8fe2268bfa237b6deda104d915d4a7a9ab112c50691504ce00.parquet,99543,b17f988a186ac07501258d9ffe7c0f5fb022ce5754bed26a484b6053ebf4544d,local_cache_or_large_generated
data/pandar_hypothesis_2026-09-07/theta/option_history_greeks_first_order/d187e94473ac8dc369c3accb1e38b973b17f048e46cc6a607e86bd5af037f413.parquet,140121,ad72727ba509bed1d72b3117ec8b0582e4427acf7405df5dd5a0e2babc1d5077,local_cache_or_large_generated
data/pandar_hypothesis_2026-09-07/theta/option_history_greeks_first_order/d1a43828f1e492bf42e9bf6166bb5eb20c6545a0cf7cf203ab2ff29047f24f4b.parquet,103299,344352c0919775a94458cc01ecde5cfd0f439b5bd29a91c9a86d82e9d608024e,local_cache_or_large_generated
data/pandar_hypothesis_2026-09-07/theta/option_history_greeks_first_order/d1b3c612af9e554d07464188d730ea2a637dbee86028fc636a518c833b9e4fca.parquet,148805,dc40e200fb4b60e967c0bb1e5c3d46952b6715697570ecaf0d81075ca60f4734,local_cache_or_large_generated
data/pandar_hypothesis_2026-09-07/theta/option_history_greeks_first_order/d2ab73b34a6bc5ca4a468c31aa8511fdf25e1b7a24ae39d260529685857e0db0.parquet,61462,7017d838e8db9e8550aa78f68a8220a79f27c83e4364f64bade9b5c5ca2ba920,local_cache_or_large_generated
data/pandar_hypothesis_2026-09-07/theta/option_history_greeks_first_order/d2e2367294e8d39792a8177449a828d28f152d48ab8baf7abdd25ebd103d1110.parquet,146002,6fb5e4a375ed2b1caa0c666968b967d67ad86f7f2c4dd12a7ea0484bcfe22375,local_cache_or_large_generated
data/pandar_hypothesis_2026-09-07/theta/option_history_greeks_first_order/d3a1f9ca1d39f9aaaa22f296618fd15c59a329d32aebcf0cd3ce85bbf837671c.parquet,105490,3c44f3a15149107c889f24b109edd0eb177936c338501c212c6ade702cccd396,local_cache_or_large_generated
data/pandar_hypothesis_2026-09-07/theta/option_history_greeks_first_order/d4162f0c3565ac0e7e96857da37f5a9c2520502b519bdf2cc462859a0b045dbe.parquet,138990,fefcbde13fc96510ed4cb9911362e7356fbdcc2959fad4d1398c6775758c188c,local_cache_or_large_generated
data/pandar_hypothesis_2026-09-07/theta/option_history_greeks_first_order/d503c1d85085c92c823fe7f8a7780ea46ce500cd8d13406c156d2d11b49f6a8e.parquet,13508,92fca52b01a0ed48aed682604afe78650492ba029cbc2f7209827d83329e3c9e,local_cache_or_large_generated
data/pandar_hypothesis_2026-09-07/theta/option_history_greeks_first_order/d6ee285f469908f799f06d577eb84e77ded68c86562e9a72ae66c005f65f5f6e.parquet,13822,39640bbefd26d39857792933a18ce5227e65e8d9d709963e8c6bd9342ac68e3f,local_cache_or_large_generated
data/pandar_hypothesis_2026-09-07/theta/option_history_greeks_first_order/d76de031bede41cd8c752c493a15476cb392fb117d47c7a136b99a623a2e0205.parquet,71653,c7397577a07d2ca6f3f95f57ab5ab34360c6de5357bb5ea20861a609a5f8b180,local_cache_or_large_generated
data/pandar_hypothesis_2026-09-07/theta/option_history_greeks_first_order/d7c42993c29746716275fdd306bcab632202ed21f1299c1864fb75af8dfa6b3f.parquet,139324,00a005fedd8c176e93fe2d4f10cbd52d03403195447aff8a6f3f5c1303258d39,local_cache_or_large_generated
data/pandar_hypothesis_2026-09-07/theta/option_history_greeks_first_order/d7f7da9d64f1fd972f0614a5b0dc385d82a34a3fedc44b7ee647780a643c3686.parquet,14492,a4f11b786020599b1e6079eefeb2f0dcf5eee85c0c52f324a59d108ba1e26bd1,local_cache_or_large_generated
data/pandar_hypothesis_2026-09-07/theta/option_history_greeks_first_order/d89c549237dd06bcdc0fab3eb000e38ac5b2ebf2a53742e5c64a894a7d4d5e35.parquet,77774,24fb2d1f97a83f434708f8b67ae0966a44defef5a5a23ad3adf1e9109a15ff4e,local_cache_or_large_generated
data/pandar_hypothesis_2026-09-07/theta/option_history_greeks_first_order/d9e6a26b60b1b34058e680441ce6134d61503ec38a7ec0df60c0eeb5ee343471.parquet,126799,e496725b911afa9c8880c7c9b3c73ced40c1f520877413bf1b21a9d86117fad0,local_cache_or_large_generated
data/pandar_hypothesis_2026-09-07/theta/option_history_greeks_first_order/d9f40ec6c9aea495ecb050ee1ac71e71360d761d3d6c3d915579e9495f3d9a20.parquet,70692,0704ebca4be8bf8c3d077736f6f82f229776c8b69d471a20c7aef183a0b693c1,local_cache_or_large_generated
data/pandar_hypothesis_2026-09-07/theta/option_history_greeks_first_order/da1ba4ea1fd756d4d40b62e861080f8382fb4becb23b52943218a184cecfeaf7.parquet,99367,f43bc41ea840a1fcb09c0779dca4fcf8cba43cc6b5d61c28273173a07441f23f,local_cache_or_large_generated
data/pandar_hypothesis_2026-09-07/theta/option_history_greeks_first_order/da7fe0877ca1becaa2869284c0fdcf3aee8d01da93a7e55d6a7b05140dacd74d.parquet,18033,55e680c2f619f1aaf996b7446f0b9837bb181987b0dc0fd71852da18937cd850,local_cache_or_large_generated
data/pandar_hypothesis_2026-09-07/theta/option_history_greeks_first_order/dcd9c2a603aa62d56e2d7e36af76a6194584dcf4598716bbcd03ddc458492c00.parquet,78277,ff093ffe873480b602ac7b68081919e10b8ff6c8a5bdd45144b0e156ef3dcf80,local_cache_or_large_generated
data/pandar_hypothesis_2026-09-07/theta/option_history_greeks_first_order/de2667977e2e4b4140d25ee60cf2eb7ee88cebd9d7b2a649acaf904b95f37609.parquet,17285,ded9cba235ab89a36462f82a146d6cf356463677cb24f2b57462ae4eac475bb5,local_cache_or_large_generated
data/pandar_hypothesis_2026-09-07/theta/option_history_greeks_first_order/deefce98a29bbc237e885ef13f6791598795f6a163f9344d42e2221482a14600.parquet,141099,b4ad514da8e4812767200530b0f5c1db5b5f10444c0a19ed47635ae3f304d23e,local_cache_or_large_generated
data/pandar_hypothesis_2026-09-07/theta/option_history_greeks_first_order/e02f5c5b09c83c21a1024ca51a097f97c40c5c04ff949cea18fc4135781d1fe5.parquet,104795,f7c44cc5080ae13426092b8199ab9c747e877c85193d99f4ec27ccc2656b7b2e,local_cache_or_large_generated
data/pandar_hypothesis_2026-09-07/theta/option_history_greeks_first_order/e1ff67b8f1488b991bda5a43a5bff1d195e20f84a09d2a17ef6031c5f9651a4a.parquet,85138,ec503c9a05359d1412a2c0c85873dbec3c6c13eab14989cf5d02af9e3f590c45,local_cache_or_large_generated
data/pandar_hypothesis_2026-09-07/theta/option_history_greeks_first_order/e2162f5df98acea3f26da8cff4943d42f6d665fa66c1888173f000fcc8f0fdaf.parquet,14339,fc621c5280f0beec65dcec9314d8aed89631abb8793318198651331127e89961,local_cache_or_large_generated
data/pandar_hypothesis_2026-09-07/theta/option_history_greeks_first_order/e227bc9274daf54c66c6b6efcef09eb764157c7b9a84090797b0f041e1a39d1b.parquet,122306,360545d1d01d9b6be22d98569fdc5b512aa35dfb3926d39e51e0786fb6adc02b,local_cache_or_large_generated
data/pandar_hypothesis_2026-09-07/theta/option_history_greeks_first_order/e3252546b5b0bd32f038411c6b95af7171ec6f59bf633457de59e8c51c24e664.parquet,12567,71ebe17877b76c35ce8309993432bacef51ef6c686911f5d4f1fc06298fbd7d5,local_cache_or_large_generated
data/pandar_hypothesis_2026-09-07/theta/option_history_greeks_first_order/e398341895945d9c9c647f8a3ae7f67a746d2e060c3b756c29fb93cb874ccd0c.parquet,111676,5313b0d167e0ccb844c3135e993eb7e0616ae0ed1260505b0071f86685975e40,local_cache_or_large_generated
data/pandar_hypothesis_2026-09-07/theta/option_history_greeks_first_order/e4b193b07f2175faeb05b0339ecd05d7bffbc0717b55c08e644ea14565d7f9fb.parquet,106891,5e21ee78c214e5998914b4915ea0d47c318520fcca8fe2839aac7850d3c0cbd0,local_cache_or_large_generated
data/pandar_hypothesis_2026-09-07/theta/option_history_greeks_first_order/e4cf7e8234ab3871080cb9b7e944837ddc915c74533ef33260c8d8e19acc0d80.parquet,112161,49a219781085549ea1213f329bb923e20c1c22ae99bf8ecb6695bcbf430149fc,local_cache_or_large_generated
data/pandar_hypothesis_2026-09-07/theta/option_history_greeks_first_order/e58ee700fabdd18fd3f40961dc5e867a8c52d33b1acff383fe0792bb7f1c7ec4.parquet,102615,6b2867a4c74a758eab80036f2a109cf1de9fa7d0dee7c48eb13458cb44e530ad,local_cache_or_large_generated
data/pandar_hypothesis_2026-09-07/theta/option_history_greeks_first_order/e7180ea404c8bd607d9714903ea4beb1e1760385f9b040b515b74a091be390b2.parquet,98308,5ccaab7b26d0a3556af3d5c0aef7e9b50ec8a9b6a127c568070a45628f43c27d,local_cache_or_large_generated
data/pandar_hypothesis_2026-09-07/theta/option_history_greeks_first_order/e736c0b3c3d53a7c70a0142dc081954cd8b73972ee5ddc87bb555653a9be978a.parquet,13542,63e571352262d466779323bd3f23d97a02a0df7bae36e916dfd3d50c5f07383c,local_cache_or_large_generated
data/pandar_hypothesis_2026-09-07/theta/option_history_greeks_first_order/e8bc60b29298ffad483475bbc7cdd5ac73c05654123185816a82409c293276eb.parquet,107913,1ccfefc6eccf29fce7ab53515fa390a7fbbaa7725e9ff4da8ee1d89dd2d1b59b,local_cache_or_large_generated
data/pandar_hypothesis_2026-09-07/theta/option_history_greeks_first_order/ec24822b3145d0ad15994e20bad924ca4801c92e5beb7a5f144a99a1dcdac18f.parquet,107867,af31f81054755ec497572137caac28cc207a4ca52ec0e23dbcf4e5917307a33e,local_cache_or_large_generated
data/pandar_hypothesis_2026-09-07/theta/option_history_greeks_first_order/ecde198e92e10a111dfb4494262ba8793d9b3ac87336845b97851dd452d0bcd6.parquet,77182,8eeb631bbb9f3ef903a216d39a4504dab1eccde6b8d97ecdd12ea84a10f69f11,local_cache_or_large_generated
data/pandar_hypothesis_2026-09-07/theta/option_history_greeks_first_order/ed04a0840dad926ecd8b2f8ba42cc25d0d641888a6bf0d21065fe68a0f857822.parquet,108458,ba4c9aba1aec5cf828d051ff42b111c0f2d6e69d9a3b48f3b11995782201d04b,local_cache_or_large_generated
data/pandar_hypothesis_2026-09-07/theta/option_history_greeks_first_order/edfb970b24799047e9b0539f846859e8a2541654696c30a7cf0da020ec2e3a87.parquet,134196,fd53e27331abc0d978e55a5e5c0867f5351ea2d74c92ecaecc8dc4beb738ff89,local_cache_or_large_generated
data/pandar_hypothesis_2026-09-07/theta/option_history_greeks_first_order/ee06ecc431cb3c77395811a9b386919cbb159188bbc51096298d2a2b50098862.parquet,14769,5415368f29dce73e711b5013b92fc7335e896fed71467151db1e94e6b3274253,local_cache_or_large_generated
data/pandar_hypothesis_2026-09-07/theta/option_history_greeks_first_order/ee1f467c29049c8f29776a73c0fa233b5a832e813ca65c11b246357d5bc089cc.parquet,13471,bf7dd26a31ff2afbac5944a47acbfb18231ca0d7e9086f8b106cd92e25880b2b,local_cache_or_large_generated
data/pandar_hypothesis_2026-09-07/theta/option_history_greeks_first_order/f0f97851c24d4c9b594ab7c6d05847984c7cd1159525d34bf8350132a495a16d.parquet,111986,555a0e4aafe621c3d1fd8aaec30b7f54ed902886b50f8d533de96548117681e4,local_cache_or_large_generated
data/pandar_hypothesis_2026-09-07/theta/option_history_greeks_first_order/f1ba45763412095042258ec7879a1255a328dab89f08fe17aabdb5d51342fc5a.parquet,13737,3dc02931735e201f7aa7ab7f1bcc99c90997c53693171fb428ff135a0e753fb3,local_cache_or_large_generated
data/pandar_hypothesis_2026-09-07/theta/option_history_greeks_first_order/f2d61d67f7559ce8ca2f1997f38d7a16bef55dafe64577738615d85fd82d36fd.parquet,106563,50daa086c0386d695679503e3002412cb73f0f852d2e0f33fdbc10fc3b516b54,local_cache_or_large_generated
data/pandar_hypothesis_2026-09-07/theta/option_history_greeks_first_order/f37fb301a0934f67aee7f65ee8c6f16d0cbf005e139c7489d0571dbac084564b.parquet,128623,d6e2c72c1c40f66f54d7d2bfeccc13eb32ab2eedf0edb16ec890edbfcdf20c33,local_cache_or_large_generated
data/pandar_hypothesis_2026-09-07/theta/option_history_greeks_first_order/f3dd6d11c3fcec1033be5f21dbff6706ca57039583c7f4376b1a298a2d01bbdd.parquet,15467,23e8e877deaaae45eaabcf7c37909bb32baa4084214585ab771612e11d30d0a4,local_cache_or_large_generated
data/pandar_hypothesis_2026-09-07/theta/option_history_greeks_first_order/f614dd16627ba8f406ca13fef33810f288f0138988d575551014eac08cd1128c.parquet,108131,58ada304e6580b9935499b54cacc849c9bd396b88e4a28d2abe03a41d23f97d6,local_cache_or_large_generated
data/pandar_hypothesis_2026-09-07/theta/option_history_greeks_first_order/f6505cb5c82ce858b297351a6e805aefeabf9e42beab6b785ead91bdbf788f7c.parquet,112538,0ff0f15ddab786829ae6415afd02eff9a44b5828584fd9b1296fa624e6cf000d,local_cache_or_large_generated
data/pandar_hypothesis_2026-09-07/theta/option_history_greeks_first_order/f8129dfb800d05505e57f2afb5e98df13b08150802c59ee9b2ace92684964a48.parquet,99654,b54f8ad0a65952d4e23bbfc84a6f015e6aabe5fa19e25de893a009479b7e3e81,local_cache_or_large_generated
data/pandar_hypothesis_2026-09-07/theta/option_history_greeks_first_order/f8601f6a8dacb4d2bf7335a87313a4ba783702f5742a745a09f463e629c7f94e.parquet,127398,883499b14fa4ef07b5d20c7e42257e76075a05aa05bc77e5f06a08b0f225632b,local_cache_or_large_generated
data/pandar_hypothesis_2026-09-07/theta/option_history_greeks_first_order/fb68d3be9aaf14f071ba2773e33b37f26c8f742e7dd34f99c6d359c334cd347e.parquet,112956,f1345f1019592b2063d56268c41a43079fe434ca64fa977bb6f2560eee834871,local_cache_or_large_generated
data/pandar_hypothesis_2026-09-07/theta/option_history_greeks_first_order/fd22e684a9cf5b5b29a5f66428a67e65766308e3b5cee080ed6f6bd463bdefaa.parquet,115167,cb3e2b6aa670bbc36f9e92bda0d7d0cd305d1d11471209f756ac4214290aa3b6,local_cache_or_large_generated
data/pandar_hypothesis_2026-09-07/theta/option_history_greeks_first_order/fd3f61e1b951082e73a9979f024e94acb6bf491b58edf3f65a2215158aac748a.parquet,99427,19c3a88d365775dcee226bd1c3daaf4e54407a07059f4f5e707a8e7fe667d3c9,local_cache_or_large_generated
data/pandar_hypothesis_2026-09-07/theta/option_history_greeks_first_order/fd7a230a28e0680c5325d4dabe79873c86fa189960c7fd0d52ebeb322f3791d3.parquet,12322,1eac24425b85467ba8a7bc2b674bd44c36c5a11abcdd4c865c71f8f7e58c00e6,local_cache_or_large_generated
data/pandar_hypothesis_2026-09-07/theta/option_history_greeks_first_order/ff2bf30d7a85603e521f7c80e5688aa0a1c540131e45febad5d7d1b1c42000e0.parquet,131509,7409493121861be702a2c667a4dab8fc8eae18cef41afeb4b7595ab393c58731,local_cache_or_large_generated
data/pandar_hypothesis_2026-09-07/theta/option_history_quote/0034d84c2f87d897a1da530fce571d846420dd367493c218b988cc25ff24fd17.parquet,554922,a7ebbda5e0332e375634afe6dc9b7048c2068162ed0beb62aca7d16552bd938b,local_cache_or_large_generated
data/pandar_hypothesis_2026-09-07/theta/option_history_quote/005200e6fc2ae6fa23e689d9e6dac6c03ff14c54461a7dc07361b5e097c6e99b.parquet,834804,050a0d3c14bbbc720f5206a2ec63daafc896090fb438c9908df0a25a826740c7,local_cache_or_large_generated
data/pandar_hypothesis_2026-09-07/theta/option_history_quote/007ecb1a7c5a6f82d04f180c575f8b88c73234d1e3198acb0a97a228e4af0344.parquet,400358,8b21caebedf0629e48fb256c10615830941ee3cad4b2b84afb132c923d918eeb,local_cache_or_large_generated
data/pandar_hypothesis_2026-09-07/theta/option_history_quote/00e5db67693a996ab27ec4801b673cbc45c4f1264cad3aed136f51603d08fa59.parquet,32660,7bdabdf77f218ef7bb59509bb8bfb774024923a5afa2f5eedc737dd73efec296,local_cache_or_large_generated
data/pandar_hypothesis_2026-09-07/theta/option_history_quote/015657770dab374a1b64059088b118963ac38afe548aa1fd2adf8afe8fd9010d.parquet,9172,fd8239970c72c9e04c9051c8ae54fbab5835e23d9d28992e0a2bbf5850f9aa3d,local_cache_or_large_generated
data/pandar_hypothesis_2026-09-07/theta/option_history_quote/0327794035810912310cd0557b2fd44c132ff4ebfdfc00df5d6d7b1e6f0dfde0.parquet,25510,b68405beace1789bf881c59894502f5a8808a93133aabb0e867ba4a0ff122a7f,local_cache_or_large_generated
data/pandar_hypothesis_2026-09-07/theta/option_history_quote/036089c5990fb72d8df72ee305efb16a0bd1153e16a5edf86fee1fe2b14dbf73.parquet,9881,21cc85e8b8db51940ce637b42a05dbe5eed8b55f47597b5faf239bd6d1763efe,local_cache_or_large_generated
data/pandar_hypothesis_2026-09-07/theta/option_history_quote/03bb7c43b2eb9b4b9077ccb2517e094054f166739607e29ef9871c20ffec55ec.parquet,51392,57ea14c99cb392a871f3d80c37c9cd8e7c3c86887778c43d164a65d2c246c0c0,local_cache_or_large_generated
data/pandar_hypothesis_2026-09-07/theta/option_history_quote/042ef7e95d370c370e69483f1b2fe5beb6f23c8a261fad4103677b69d4feab25.parquet,11089,5aab4da3f8624c5d35a9dde8086dd1b495e05f7acb5d1840e69af9c84786a685,local_cache_or_large_generated
data/pandar_hypothesis_2026-09-07/theta/option_history_quote/047322c520884f1fbfc9b2ea8915b7c131c362350725889a73b92223596f1f2b.parquet,234641,db38ca6aba73ab28ddd5385ac878292222cc4de517339f7c3a8541a6e27c2c57,local_cache_or_large_generated
data/pandar_hypothesis_2026-09-07/theta/option_history_quote/04ebdf2214d1cd02ec1e88f628861161e52b76f480d3350b04c48b92eb9d781d.parquet,34111,d88f15698ec47b157de4b2fa28a08205397b738e1cd67f38283850acfde5b420,local_cache_or_large_generated
data/pandar_hypothesis_2026-09-07/theta/option_history_quote/05138efad35b4b11a910e4ebe87b02fe22b19abc39eb69f494b2eef4ed065da0.parquet,26051,a706a4d0f3b6d53f6cc50a3b008a4f187aaa50220bc145d79ac7560dba3864a9,local_cache_or_large_generated
data/pandar_hypothesis_2026-09-07/theta/option_history_quote/053b8b5e78825b2bb247cc4e87ff4d98fc12cce26d2cd944e39247af3aedb918.parquet,197752,77f850707942df476159b051968c7abbbf7c3ec633a907b886fba4b1e53e5d09,local_cache_or_large_generated
data/pandar_hypothesis_2026-09-07/theta/option_history_quote/05e19f32e3019098d07b55855bd3fc2efac88b209f83efe8f7f57842f15ed6e9.parquet,27577,8f5cab9bf8222d263861bfaa8d462980cd5e7dec8f740d8dcaac6e7073fc722a,local_cache_or_large_generated
data/pandar_hypothesis_2026-09-07/theta/option_history_quote/060a7a4a47adab470aac34961249c4ae523f31f97fd213539f2df6fcc8df1959.parquet,33871,a1f8a868666199e36e4790f34216262b98a600d7924e9c9b3dc4f449e362b072,local_cache_or_large_generated
data/pandar_hypothesis_2026-09-07/theta/option_history_quote/061e4c0a0b957944989cd245e91f0faabfa3170ae10ad4b81fb57382c5444de5.parquet,23699,f22d955449211a1683c7eccd1c8104cbc7bbc42024373e2cf52898fe52fd1263,local_cache_or_large_generated
data/pandar_hypothesis_2026-09-07/theta/option_history_quote/06f6355239f138f762b29c2f3a810499f0cca36d75bc0495f6fde97cb69e0d81.parquet,41749,018d12eb2a986a3784b70682611c968a90d3494dbf264b67aca6cb5948a71216,local_cache_or_large_generated
data/pandar_hypothesis_2026-09-07/theta/option_history_quote/0701305aef705afe0431275f70147cbf728ee67ca9be6fd25da2949e702b057f.parquet,13626,272b60b0b340eaab04df82959bb70b7baa53dafc332d2c79098708753a11b17a,local_cache_or_large_generated
data/pandar_hypothesis_2026-09-07/theta/option_history_quote/079fbf68426846d45226c7693acf5710a3b03a20a113ad6ede59f88f1863414d.parquet,28403,30d3a42247c44eb1134838c6fc2ef0d33e8e2e24a4a63b79145771ff5ee64ab8,local_cache_or_large_generated
data/pandar_hypothesis_2026-09-07/theta/option_history_quote/07ea25c45409ae4c467a764377d1a08f6d85ebf03ca9026251c55a18f483e649.parquet,74309,89e086618d01e2ef01c3b6fb39e76617f21ca556ceb62b5aecc6ccda2b918427,local_cache_or_large_generated
data/pandar_hypothesis_2026-09-07/theta/option_history_quote/080c03ce0d94028c850e1bc78a202c51fa154bcf7bf1a679966f878aead695cd.parquet,31254,a1d343aaf383c854d8cbac180516abf656ea1307850a5c60cfd06140aebd2df9,local_cache_or_large_generated
data/pandar_hypothesis_2026-09-07/theta/option_history_quote/088e67db16446bb230ad10cc370da6cccf85a73d9a2b874de46c75a5a08ede50.parquet,25729,c39aeba3162338cac4ca82f52b85fc8497144cd73abe39365a0612be54d6825b,local_cache_or_large_generated
data/pandar_hypothesis_2026-09-07/theta/option_history_quote/0918c840f7d1f867349afb46cca56477470b662b845b0199f1bf949b0e331a88.parquet,196200,31fdb7a33b3e09afbb99030a140d5aa83e867623fd928035dc52cfbf87b055cc,local_cache_or_large_generated
data/pandar_hypothesis_2026-09-07/theta/option_history_quote/09494926381e3aff1d133317b1831b36a1b6f401aacfc84f846d0cc22adce7e3.parquet,9368,e1aac8e84e333c14e13038b5e4bbdf22fd395eacfbcc28c0f416f50ca4312fa6,local_cache_or_large_generated
data/pandar_hypothesis_2026-09-07/theta/option_history_quote/09bba9937bab7bbd6dc151ac9a344709313fb382abca6a4dce6f3659cc963e4a.parquet,26743,ca77052341a7c04eb5fdad5d7c55cb69aa3abf984903f626113b5c4713bda285,local_cache_or_large_generated
data/pandar_hypothesis_2026-09-07/theta/option_history_quote/0ad33a3704700f379c63e47545f909988738449b58f86fc9b2ca2f3abcf66658.parquet,110099,0c6ce167a6f628961144f2cea95cc00d2a78026d8b92b66197371f863fe3fb91,local_cache_or_large_generated
data/pandar_hypothesis_2026-09-07/theta/option_history_quote/0ae98898bf768d82dca0034391da239820bcf8841528e411192c459afbf0e821.parquet,346147,064629e8ea87572c8593a1a92e6d4961cee12d3ea244f07b9ede5fc784f7f710,local_cache_or_large_generated
data/pandar_hypothesis_2026-09-07/theta/option_history_quote/0b92b3cfdcd53470a833173705c9e6cf0727b9f86e38bc4461743c4e529a3554.parquet,10699,3add35d4cdcc5c72368db08097607dffb35bb5d938c64a3354764eab5ee52111,local_cache_or_large_generated
data/pandar_hypothesis_2026-09-07/theta/option_history_quote/0bb2c1e634d50820abe40e1e86a7fb93ba41d6b288ab981ee3f7ab98e9263418.parquet,52689,7874d2cc8fe99f8f0abb05a17826f1293bb936d3a2ead92bcc488046712dcd5b,local_cache_or_large_generated
data/pandar_hypothesis_2026-09-07/theta/option_history_quote/0d085fdfe9bfd2b8aa92a6730eebb26f988f9fc695695daade4736dd13ebfc95.parquet,28217,79570ed2c5001c90f8a8aa985c1dd1af0f95a98c8b63f5d4681ac3edaad43bbc,local_cache_or_large_generated
data/pandar_hypothesis_2026-09-07/theta/option_history_quote/0d13c03b8d80a4060aa4f9e4a3381a3b91069dd07df07760e3743dec83d72263.parquet,29174,a59740b841f8bd9d81914c99336a64cbe12a2b776fbbdd64bb798d4dcd65e8e7,local_cache_or_large_generated
data/pandar_hypothesis_2026-09-07/theta/option_history_quote/0d75dd132d9deaef77291a26a680cd3cd9cd9e6981cfe9d7d71f6d85efdf9adf.parquet,35615,a05cc0c4a775198d758a39caebc73c01217d70bb731c47fd2e69c148f29d6d01,local_cache_or_large_generated
data/pandar_hypothesis_2026-09-07/theta/option_history_quote/0db19cc587919eb076397db2ba0985acdcc78f561180061b392f777d81f25982.parquet,30998,e08c9078e68f27e72c8f3fc894ebfdeff8d8f838f1782d0b5fd9bd5e92e80e72,local_cache_or_large_generated
data/pandar_hypothesis_2026-09-07/theta/option_history_quote/0dbdad0088367c46aab16ef32b0142b3653fe8bf1174e6594cab6d641befefb7.parquet,8779,ee82d650d7a7db889ac6c13d4ee3431b44e78a9f4f1acbab83808dbe5aacca1e,local_cache_or_large_generated
data/pandar_hypothesis_2026-09-07/theta/option_history_quote/0e0a30da89bfcc21505e91073eb6b5ab1c00cd164ef85ecc299e64eea8cee04e.parquet,429260,5a87bd0e7af28bad700424f45fe45166775a1c14adfe8bdb803bf8e83dac2d65,local_cache_or_large_generated
data/pandar_hypothesis_2026-09-07/theta/option_history_quote/0eb997d92bc99ecddd10554245940cc204a99871821891b9f1604b30bd4c8d56.parquet,133554,f79a47e91e862dcd00561522771b115d717a6a638813aae731032107da680355,local_cache_or_large_generated
data/pandar_hypothesis_2026-09-07/theta/option_history_quote/0f09597d605c90772e48015d1e94fd831dc988701b5dd74e14aea8024034a996.parquet,24829,d0e002f6b74fa668fa4ab5a19fc640f601b0023a45657f1a557e3d6296ded81f,local_cache_or_large_generated
data/pandar_hypothesis_2026-09-07/theta/option_history_quote/0fb4955553edcae6a58a5fe82b4a649e6001e71c7b7501895b403d4903e3b1a7.parquet,47898,b68d6e2e5a9b312ac95f32dd68c20da7fb13d69fbd8f12ea15337fcdb060e1d9,local_cache_or_large_generated
data/pandar_hypothesis_2026-09-07/theta/option_history_quote/0fc0b2cc373fc9d051952489d9ba4b516ed00b04e2a1271a2d2ebbb32ed04afd.parquet,10396,7b1a9bc1e15fa57469fe6508054be3541df3340df435ecfbbb7ae8ddd9d8bb26,local_cache_or_large_generated
data/pandar_hypothesis_2026-09-07/theta/option_history_quote/1068e23dbed00dba022a14808d80ad632bc7795d72255c17757cedbe7288fe08.parquet,76566,2b8b99c20658ae1ab9c03c5e58a284853e6ce9b7e055905f5deb7ccc19cde09b,local_cache_or_large_generated
data/pandar_hypothesis_2026-09-07/theta/option_history_quote/11a46b77518917ad0b347cb6c05aec0566ab6ae9ac6168af4e444240b73408cd.parquet,9163,bcc660d9c043e5c3c73738ab1d35a12d5109c5c6c1b4a4d11deb31049c9c27d1,local_cache_or_large_generated
data/pandar_hypothesis_2026-09-07/theta/option_history_quote/1322620ecfddcebf453be25108daa7e6ac569553bc9816b5bf8ec309311db0e6.parquet,8760,e333e3fa9d0f54be0fc0cc96865a4f4bfe5e88681b1f035715d718fbb0ad4f47,local_cache_or_large_generated
data/pandar_hypothesis_2026-09-07/theta/option_history_quote/136944075591586502b70d995f326faef9095de957b3a6cd51bd0a2e00a4de18.parquet,35457,b17b1b3b9c1aa77d727ca77760f1feb0ff1fe4b421f06df25227155f7bc13047,local_cache_or_large_generated
data/pandar_hypothesis_2026-09-07/theta/option_history_quote/138876159fe3b8ceae9ae11b0cb8e2339b2bf142af337af20aafcaa586ed3519.parquet,402315,0ee4640c0cfb5b1c5a0d3f8585384270834d6014262cd03a8679ad3ada69120d,local_cache_or_large_generated
data/pandar_hypothesis_2026-09-07/theta/option_history_quote/13cbd195e94ee57035af0b827178c66abdb58a5e28ab68d728d3385613e4e0e2.parquet,9327,fd37896b51ac99d09fcbe237a8f7a1e436735e27f3147fc078e69f9e12dd2a0c,local_cache_or_large_generated
data/pandar_hypothesis_2026-09-07/theta/option_history_quote/1441e4c183d912d67dfc238f48048bb34fb6529e76fadf4740cbb667d4e652b4.parquet,31017,89958d705052837e1f37e5612b3f2ed1b020e8bef74db1cb77a6106674239987,local_cache_or_large_generated
data/pandar_hypothesis_2026-09-07/theta/option_history_quote/14aac331ca63fb0c4bee137542ac33d9d26b9e8139ed3d94aabe447135c033f9.parquet,33224,4293867fdb9d5a64da6fb14b86158526ad78a928fe6bfa290bc13f327b9d6dbd,local_cache_or_large_generated
data/pandar_hypothesis_2026-09-07/theta/option_history_quote/14e4c6ca60ca91186fc8495d380052ab482b07d4982cb3ae999809fb78c649a6.parquet,403174,01945fd9676bdc0c168d19d1635b2a397a59d5b9c7a8b122c6ddb087ead352b7,local_cache_or_large_generated
data/pandar_hypothesis_2026-09-07/theta/option_history_quote/15a92397cb398ec14f4f6e03a6869952942b46fa526999ac96bf61cdf7afd493.parquet,9361,a29d49286888c582d849f1bc14fc69ec1c4c3d0a4143f2943e89e8672a5dfced,local_cache_or_large_generated
data/pandar_hypothesis_2026-09-07/theta/option_history_quote/15ccb30eb140b22e23f6a6bc872fd7652a5cec8d88e52d4da5b1b1ec784f2605.parquet,25364,502132941aa841f5e747901e4761d17a6d0b6508e9f73d2b9413e5ab695784fc,local_cache_or_large_generated
data/pandar_hypothesis_2026-09-07/theta/option_history_quote/15f05890ae78c4054274a0d719c05aedc1a87090c7476b3f8d2d1715f586969a.parquet,153863,781c0be74b3083704a970e8d3d6c925c01922f18d04e36a171b1ba72da61c7d4,local_cache_or_large_generated
data/pandar_hypothesis_2026-09-07/theta/option_history_quote/16b19fbab73de7f1d48ad10b87095e635d48c09fbeb6e5c0fc27d0a218942f39.parquet,28977,1aeaaf3bed352e969b6d43e9f4d8f47dee6dcb27f47331b0ff5935358b20079f,local_cache_or_large_generated
data/pandar_hypothesis_2026-09-07/theta/option_history_quote/175e7c0648c301f797f20037d2c2fc85962ac4a8eea582929661c41949e2d5d1.parquet,28532,31ecf23f31f3b1ffaf049225984bafe0f207f3513b6bb039d74cb55df04f1066,local_cache_or_large_generated
data/pandar_hypothesis_2026-09-07/theta/option_history_quote/17939c1f66c335d92fa4fc88963805897c5b1020580ca039c1170b58d3006e12.parquet,33112,7861f4f8c5f2917072b5847d200bca40d4f46032a36e5217c9290f5caa99e8b2,local_cache_or_large_generated
data/pandar_hypothesis_2026-09-07/theta/option_history_quote/17c773285f2b0c4d70f3f0d91805eb855287e4574dc8cc7a7c66049d73fdab00.parquet,29628,d55a383ab11dbe64988b9d41b242c0d04d6bd182756162db6754473f07ed490d,local_cache_or_large_generated
data/pandar_hypothesis_2026-09-07/theta/option_history_quote/1919e34110a1a65f23514fea4bb8a14120b8b30d0f9e47aecaabf7a5a12f40c5.parquet,30989,77f5577f998dd5be2ef95c571fefe3a376435b03d5897775b61c21ee1bf8fd6d,local_cache_or_large_generated
data/pandar_hypothesis_2026-09-07/theta/option_history_quote/194d7021257a9c1d7ff8e043a32ce41af3fefdf7745e864d0403dc8893e930b4.parquet,28561,8d949208b14a59b4f96801f3ac4f0d22bf7a909609e345a06a63000f4c32b712,local_cache_or_large_generated
data/pandar_hypothesis_2026-09-07/theta/option_history_quote/196d66ed5aa49c9150ca42056d829692a86e79a96a80585ea7b418a29b586424.parquet,596887,a384c4cf5adbbf8e24c5d1b353033e59e24472f358565d785ee0b95be9108030,local_cache_or_large_generated
data/pandar_hypothesis_2026-09-07/theta/option_history_quote/19874b16299bf1ba8f40eb8aea4956c572275f5bf550f815260d11f87cf62880.parquet,30469,59905c84ff0ecc4c82186989ca9975d06258873f0f37d4833057a37a12c3b692,local_cache_or_large_generated
data/pandar_hypothesis_2026-09-07/theta/option_history_quote/1990c17227e3cc8eeec94f49e85f7016c2ff839544c9311a0457b35b4fef0ed4.parquet,9682,7572dc354d30552c03750f2868cdf59fc66cf9b3f63e265bf77ec8dc8ef275d5,local_cache_or_large_generated
data/pandar_hypothesis_2026-09-07/theta/option_history_quote/1a0b6978171c09d493fee8f3dd2916162acccf51b3778adac68e94a7742a3a38.parquet,32232,e4fa5aedeab4b59f345a159bda76b709ddfa3d0d5c1936374231a1b9991e2b9c,local_cache_or_large_generated
data/pandar_hypothesis_2026-09-07/theta/option_history_quote/1b43b11c9afa97902220d867393a122797b72eb48b2c0cf1734e5ae8acd7658b.parquet,40154,b9e45d703812d84a9111ce9f4f0f16117404994e24c24ad8ebf5224f9878887c,local_cache_or_large_generated
data/pandar_hypothesis_2026-09-07/theta/option_history_quote/1bcdc32d1a06190d2dcd4ef7ad86c606bf0594335323d2e1b41809410253b3ff.parquet,9571,5e787ab01454a3884c9bb1da267ece342c0a44bc1c2b23940172d600caefa1ea,local_cache_or_large_generated
data/pandar_hypothesis_2026-09-07/theta/option_history_quote/1c37b5776de1d0581685127773ce205d68462e2320851fa9f172ac92e368db60.parquet,20599,653e922322219a7e98c1ab8f136fb60026583dfb3db25c28a0186dd32628d142,local_cache_or_large_generated
data/pandar_hypothesis_2026-09-07/theta/option_history_quote/1c9e5d4d8583316005348e4b77d3099d5cb519961c686326023403154cd62aac.parquet,130412,6a213e103af024908d2d769e9a072daa91dcc4978fc0a75072c89d4e633a2c1c,local_cache_or_large_generated
data/pandar_hypothesis_2026-09-07/theta/option_history_quote/1d841d4cb30e25b993c92413bda47a234f7e6a1fead75d0b14c328336e33cdb8.parquet,307681,bba087e583ad73f55a8838530aadffed64b4c8d765f13149bccbff2c357bc96d,local_cache_or_large_generated
data/pandar_hypothesis_2026-09-07/theta/option_history_quote/1da636a7094496730a72289fc2165a4d1afc23e564aeb9218d387880e1bc02f2.parquet,80995,ee0b5d29d176d4b8110cca53c496098fecd32c97b0a75d797fe9167f91c662f6,local_cache_or_large_generated
data/pandar_hypothesis_2026-09-07/theta/option_history_quote/1dd49669702fa0748001fda9897d23e03fa4a254073667b417557cf2682673b9.parquet,26198,e47f9097891d2eab9f445451bc8137a0b3d75ca6be2d92a2a2faa8654361bb7c,local_cache_or_large_generated
data/pandar_hypothesis_2026-09-07/theta/option_history_quote/1de01494ced34f2cb8f49b896e2a2c28d4380a0cfb9cb00c05d011a100dae377.parquet,30548,e990c10e044b893903e845b16e02750b9ae6a0c309236f589e7b94489c6b5f1b,local_cache_or_large_generated
data/pandar_hypothesis_2026-09-07/theta/option_history_quote/1e3c72409e52d908db056f4bbb21db3b4a444d675173cfd38f42cef1d754521e.parquet,9328,aaeee134b291ce2429f998d579fb2bed2f4dc5b8178f7937a9d866ed88aeaa87,local_cache_or_large_generated
data/pandar_hypothesis_2026-09-07/theta/option_history_quote/1ec3346a652112a4a26c973d2ca3253e3ec27015fa48f51b63d0d76b36dfb7a7.parquet,9297,f130f1f88356fc9110f4a5f1498edd264c3ce6b740035160367c04a4420a1692,local_cache_or_large_generated
data/pandar_hypothesis_2026-09-07/theta/option_history_quote/1f0338a428d2b1365767eec4df715e5974e362036148341ef4e381937d123b72.parquet,346753,190d434335a76cca0806f580eff2cccceddb83a5f0c5c4c17db757ba916eeda5,local_cache_or_large_generated
data/pandar_hypothesis_2026-09-07/theta/option_history_quote/1ff728fd7caa56300204606ce768f04a35811e2bc9d3ca33c211309193efd369.parquet,24063,78543aa81919fef38a5ca7ea190d0a3dedfcc50cba5657740718594830691a82,local_cache_or_large_generated
data/pandar_hypothesis_2026-09-07/theta/option_history_quote/210d40a14a3a3aa78eb4544423a1b92c267773f14419c94a059dde5b140641be.parquet,32457,072ad5bc3cd2fa0c917e124fdcd9468a8c0be60a3aa844dd54d2b882add65238,local_cache_or_large_generated
data/pandar_hypothesis_2026-09-07/theta/option_history_quote/233d5246890b4101ea2ef4c72886f5583026e7987e3d4417a393fd2bed8761db.parquet,33276,42e2d74aa90e39fb90789143cb0ae35e036a9e996a12f02ec1cc2e42884a32a5,local_cache_or_large_generated
data/pandar_hypothesis_2026-09-07/theta/option_history_quote/23bed844ea37ca639ad5acf5ecb76c12dbc1adce6a52626ac2625362c32ba9d1.parquet,36366,2f57000b2cd0786ecc34e5a7e16760cc16dfed50f982a7c1042f7f2658786e8c,local_cache_or_large_generated
data/pandar_hypothesis_2026-09-07/theta/option_history_quote/23c6741f4c82f75560a92b8ac9990d8cc7c2a61e25dbdfb2b8d4827232d038fb.parquet,9177,545a47f65c679aab4886c85648234ef0640f9386640107225fede2f4cd5e6a1f,local_cache_or_large_generated
data/pandar_hypothesis_2026-09-07/theta/option_history_quote/244ca0c793f30a075b31c0a2197eab1919f127620e3ab40e79353578cafbbaff.parquet,32064,7d402966b5473d1772ff12870cd5315baa2c69d7be524e81efa3ccfcc59900df,local_cache_or_large_generated
data/pandar_hypothesis_2026-09-07/theta/option_history_quote/24a96cb2a27d04448428592f380a172efe4028c95ce0f70a32963fc798aab5e3.parquet,27775,bafde985848febcb7ffd6adf40ebd47ad30c2d444ff4c623a21cd3e4657553f1,local_cache_or_large_generated
data/pandar_hypothesis_2026-09-07/theta/option_history_quote/24ad481e501e6f4098f4ee228df147edfce1a6a80b01dd51134c80d0b01de729.parquet,201848,066b0d67cd86d3c76635e0f4c24999765f5d5b04cab339ce3d41f9bd28296aec,local_cache_or_large_generated
data/pandar_hypothesis_2026-09-07/theta/option_history_quote/254c61bd0cefcf83f4ae0f97e13de8e30d6598ac1511abbaa7eb8ba069feb33d.parquet,114263,82037df7e156eb7c7fa51a253c9df73673febdfe5655f02d0b90de7fce664ba2,local_cache_or_large_generated
data/pandar_hypothesis_2026-09-07/theta/option_history_quote/276dc5ce4d1d46fe3a60dedea25ea5f748ce832c1efef42836dc1ed9274f14f9.parquet,30169,7e5d652803e0e00227fe8ad47a45e76e35c435e857dfa806700d45465d67f731,local_cache_or_large_generated
data/pandar_hypothesis_2026-09-07/theta/option_history_quote/278b4ba6d5a3be10abf6cbdacfaace7d92d978561948a5b2a8aa9599f04fea0b.parquet,10177,d5f3b275a019fa5aab98c341e077f501e9675b936a518be47f4ec941d915a169,local_cache_or_large_generated
data/pandar_hypothesis_2026-09-07/theta/option_history_quote/2878408d27c3f70b901f7c8e54883d96e05e876bca68cd7f0e87278ec3a94b42.parquet,9478,dcbb4ed844655436c81074d69d78c8051c2a55ce8b2af432d9ffef2ff06c87c9,local_cache_or_large_generated
data/pandar_hypothesis_2026-09-07/theta/option_history_quote/28b7f9167d78f7e30d09c098ad546b4b834817358f1c39c94de3ab9b635d24ea.parquet,9193,b97d65efe9ee8f23171f6683eb1c688ebff9b72284126c6b043660813b368117,local_cache_or_large_generated
data/pandar_hypothesis_2026-09-07/theta/option_history_quote/28d555268c7d711d399c2341b907babb82fca1d05013e6a839dac99f9ee4d68c.parquet,106067,b9dbe1c069307fc1001be9e39d8bd2018a233820320c13a4754eb00f1bbf8a13,local_cache_or_large_generated
data/pandar_hypothesis_2026-09-07/theta/option_history_quote/28f45c64e58e75d97c0dcfc8781353d4bf95b4f7735bdc0213bc6fb4505e44f1.parquet,8890,072d5794e14863ecc218152c92a563456e3938151fdd5288d2729670324756e1,local_cache_or_large_generated
data/pandar_hypothesis_2026-09-07/theta/option_history_quote/2998cd44cc9e7c16e03fa47d8bf885e66186ea97ad22de73db54e284e128f40e.parquet,113165,402285cb55fa4b491e8ffb7df01996d58bd017d037d59fd9556a384dada6f594,local_cache_or_large_generated
data/pandar_hypothesis_2026-09-07/theta/option_history_quote/29c5a41d75ff95d00e872bab00516fed9bbec85786c3cc8a9a3509a2d0174a41.parquet,252991,598d73d3be40e86c164b06624c1569e0386e2170ebc0438146e1411d2844efe5,local_cache_or_large_generated
data/pandar_hypothesis_2026-09-07/theta/option_history_quote/2bc34bfd7fa81948f6d8b5ad7bc2b7d32f8017bc1384c8acfd767e3fe185ca13.parquet,28351,f722d0837a9c43fc2b8c16c922ee1c3f0fe3d8b67853faa5f70075fecee8a7b5,local_cache_or_large_generated
data/pandar_hypothesis_2026-09-07/theta/option_history_quote/2bc483a66048393378804bfc5e8b4cc9bb59540b557df1664b29340cce7bae5d.parquet,33502,eb05c37ad377e795e0289d7f32f17a4fbe0dd39adc4f66e70e34670aafdea64a,local_cache_or_large_generated
data/pandar_hypothesis_2026-09-07/theta/option_history_quote/2bca8670a2e4746970704b2b639bbb602ccf5840c86744c43215e66a10990f61.parquet,10526,926ccd144f4ae3c885f0f4b598b34ce885aaf9c32f5a92195f4d7463ba520e19,local_cache_or_large_generated
data/pandar_hypothesis_2026-09-07/theta/option_history_quote/2bdc6350acdc740cda299c240e7c5dff1b613a7ec736c3582798003a79affc9a.parquet,27681,05d68b9bc05b5c798323e927d5c8793aab55a2ce9b83ceb396cfb470240a5481,local_cache_or_large_generated
data/pandar_hypothesis_2026-09-07/theta/option_history_quote/2c1e8b60858940933e075939deae8beb9d8d495b21730ae7f8265c032b94b074.parquet,33125,2aca91acbc438d378436b4772c329707a2b71d5bc79cdbbda71454ae1149ea7c,local_cache_or_large_generated
data/pandar_hypothesis_2026-09-07/theta/option_history_quote/2c94724aa70a6280f8948a628051135176aa3c1c2ceb7f8ab9931644e87fd417.parquet,28138,c429b0dc62f0d8435cf21a2c94637760e57d70862b94b348e8bde90d3a192c62,local_cache_or_large_generated
data/pandar_hypothesis_2026-09-07/theta/option_history_quote/2cd01ff242b0b23f1e5effc866c992c453ea281de89398bd62e544952f1f0792.parquet,27747,8b9e507d15fcde375b3856899381cb89170f8850882e826c530481297cbf153a,local_cache_or_large_generated
data/pandar_hypothesis_2026-09-07/theta/option_history_quote/2d0e95130fa58f020f1552167051ed3f25967856f39ca1155889b42ed3055007.parquet,31691,0d9733017ae1fe148a97664d56432aa2a8aae5542a9a475a8a89b5b55fd22fa7,local_cache_or_large_generated
data/pandar_hypothesis_2026-09-07/theta/option_history_quote/2d66422234f1109165f9d27842db43fa52c23949fa5d60f994c92a13c7645f2f.parquet,40177,6a0ab7d1fd0dce2778af418b6aba51cb0779fde58ae2039faf329e7ab21c4f40,local_cache_or_large_generated
data/pandar_hypothesis_2026-09-07/theta/option_history_quote/2df3db5e61710febe50cbd65dcb50e579cc32fc7cb83d4f63adba50a8fce3e4e.parquet,156932,eaa511f50beae04d0479fcc4f39ad5dd1d4363fb53a7341777ccd28f48db2bdb,local_cache_or_large_generated
data/pandar_hypothesis_2026-09-07/theta/option_history_quote/2ea850110a27e61e468fb5e4d9199395a6c9bec2b513d12dc1aefad9b531373c.parquet,263394,5e0e2fae67c516eb9ac765f9d3f51a211d3cbf84523c56cca8e70f7289c0d7ec,local_cache_or_large_generated
data/pandar_hypothesis_2026-09-07/theta/option_history_quote/2f961be62241040701ef42ffb5d1d96505235af535768752db5ea835ed7e550d.parquet,10739,be4c191d39c31071a07b5531c32d42e7c91bc0d5d42c92c64ba3f1126965f6fb,local_cache_or_large_generated
data/pandar_hypothesis_2026-09-07/theta/option_history_quote/2fa036aad5f4ee3ec82be649bac43310698cb1850b08b20845077a9026097dca.parquet,29173,f8f12f5dc92155e981bcb633ed753288986e3b292efb44de20bb92a70576148e,local_cache_or_large_generated
data/pandar_hypothesis_2026-09-07/theta/option_history_quote/30f174f40243932cfeafce1d1bfa5b04613f558625c00a41ee019e0407283b0d.parquet,9320,5c09858cce294732d83aeeec65a820c0f7bca392626941a435e98b5633c017c1,local_cache_or_large_generated
data/pandar_hypothesis_2026-09-07/theta/option_history_quote/31197ec87494f9817cdf9a0dccfd9acc5df9fb7bc823ab73a8207cfb6299c20c.parquet,25785,af0e700ef39761ce5f342227e9fdb9067b5903b15a9c6ca4ff9a9e1d81f40e22,local_cache_or_large_generated
data/pandar_hypothesis_2026-09-07/theta/option_history_quote/31a292eb7a2b443036c6753b16eaeb201ecf615993c140dbea665da9ca515fb8.parquet,156112,af921d923ccc2ab2c01770cd684a3b54f96b7ea80962494b7b899e8c76b997ab,local_cache_or_large_generated
data/pandar_hypothesis_2026-09-07/theta/option_history_quote/326c60168eca1c408d7b773fc221849c496661a6b1f850bb79fd11582bd01a76.parquet,11149,eaa78ea77498b468dea4b70291436526edf8c9ee6ee00ead03af77ba89b4bdec,local_cache_or_large_generated
data/pandar_hypothesis_2026-09-07/theta/option_history_quote/33dae33d6b070ac298048934591721329ea78d0ae2a6da40f28a8b0250bf054c.parquet,64493,f89077151bf93e08574744820874a827a6fa4d355255ed69d40b2607af763dbe,local_cache_or_large_generated
data/pandar_hypothesis_2026-09-07/theta/option_history_quote/3414bf54012c11a4723d2ae7b308ba08baeed32f4abe2058d6db5c11d7984b82.parquet,28989,f9b4e330b030f032856679381928e9d76c9082396e6444041d014045758f36e1,local_cache_or_large_generated
data/pandar_hypothesis_2026-09-07/theta/option_history_quote/34518d1382112ace4e772e34c4fcba3fcc6f979c310b6a995949594d1b914071.parquet,317489,bab6d70746c326e82969517db3b300a55324f171a17fa3ad5809d563c194c8ec,local_cache_or_large_generated
data/pandar_hypothesis_2026-09-07/theta/option_history_quote/354201ffaab7be198fee3687759525de598b0998558e7ac3ae2bbe2b945c393e.parquet,9290,6179111080ee69501873c35a412521408dd364bfd3ee3c66e84f3260027586ef,local_cache_or_large_generated
data/pandar_hypothesis_2026-09-07/theta/option_history_quote/35ebc799dcbe9b67af6d506d6ef989bb4e5a5d2a8c9b5f829b9e0a37d3625360.parquet,34549,b13c7587d95e3ac69903322ca30c6bbef4a9e16c7f97ec0543ac50bfad3a1a53,local_cache_or_large_generated
data/pandar_hypothesis_2026-09-07/theta/option_history_quote/370c6de65e4d5154a40ffebbd5afbd1c867e364a306b90cbbf86e44d2ea67d41.parquet,9530,230583d52921c064ff95303621a5eecc641aacba11a424aa13614be42ca79363,local_cache_or_large_generated
data/pandar_hypothesis_2026-09-07/theta/option_history_quote/37909d8dc849379e35bc79348eff84d554cfbc428d7b40e5a15172a011038373.parquet,16266,e398a5dfdc030b5d12c0f8f8bf89d9d1f2587f7884b9d7b469bcafa5d9333225,local_cache_or_large_generated
data/pandar_hypothesis_2026-09-07/theta/option_history_quote/3814b0c76f50b421cd2dfae460ce125fcebdfedeeb16b284f73604f7fcfdbfdc.parquet,71835,2889dbd3b103f93fb7076640514dea3b40447c8e946be5f0a9770ed13860df9a,local_cache_or_large_generated
data/pandar_hypothesis_2026-09-07/theta/option_history_quote/3882ed8377babfad7d0dac822fd7dd8959ef89d28384ae3c4a19e778b189edb7.parquet,26715,3344ac24a373da80287468abc3e2e322818e8bd23e5f795dc3a60f88f942b72f,local_cache_or_large_generated
data/pandar_hypothesis_2026-09-07/theta/option_history_quote/38a467c072a1baf9552064a952e06d0d8fb153fd9d27b6a2630b68d3ecb5ddd2.parquet,9703,5bbc5394d29b92544b4f5a8d86895b15345145334d09a6f21cb4c2baca6f42dc,local_cache_or_large_generated
data/pandar_hypothesis_2026-09-07/theta/option_history_quote/38c084bca9b0564123cf92dff2b32cae88e7c1219888dada8a0c478981f8a244.parquet,129754,b042bf02e97801d14562278b1f055231088ff61dab59582ef9396e66703dbaa3,local_cache_or_large_generated
data/pandar_hypothesis_2026-09-07/theta/option_history_quote/38f9fb292f3bbfb151c83a5ba36fd8795886f5c12c732a42197c4b7487b3b0c7.parquet,32724,0fb12e7e21dcc2464e98d817de4e1cfcc53d88f2a355d4dc4c0c8cbac070f879,local_cache_or_large_generated
data/pandar_hypothesis_2026-09-07/theta/option_history_quote/39bff59b179f394005e484dbfec25ed0a2817afd903f40a19f4af4322a0fc111.parquet,102003,79a7ef1717666e73bfe961ea20fb7a63c1fcc0c2906a9d8e65d7c1c23e7b4235,local_cache_or_large_generated
data/pandar_hypothesis_2026-09-07/theta/option_history_quote/3a780595f447c1865569ee71b365e7281bf5a3e390f1b9f43e1bc79159fbc46c.parquet,32491,ba71d62021b4812f3c71eead198ff7a830acf283708ec63a4240e77a71f2d70d,local_cache_or_large_generated
data/pandar_hypothesis_2026-09-07/theta/option_history_quote/3b967c621cb3881f6065797bb8720ed3cd16fbbd9cb1205563926a9da6921a31.parquet,68657,ec1aa1da3e93c53baf21b7c9013d9fad67e169d5f83fb469e5dd2b66c78162a9,local_cache_or_large_generated
data/pandar_hypothesis_2026-09-07/theta/option_history_quote/3cd5007b1f27d640d57a21522b83d909d16725e4ed93d03e1d95a80556eb94c3.parquet,28110,1c1b475997ea9b57d16873c2fce67d0019ebf94c6b61fa7d0b84ac6d53fe9f16,local_cache_or_large_generated
data/pandar_hypothesis_2026-09-07/theta/option_history_quote/3dcdb066e43aea720adc71474ed5a9bb771b4d804ca017f950ad14b030f5665f.parquet,9409,6e03717a88186b6989c08fecaa485f8ed66d4f81bb5f6e32e984f13c3843eb11,local_cache_or_large_generated
data/pandar_hypothesis_2026-09-07/theta/option_history_quote/3dd874909ae54f7c426136101d28fc456c44d4041ae3df7cf8fb8239d016bee1.parquet,26082,0eec78768486972e86a51fd90aea0d294fee343ab43d424050124d50d196b533,local_cache_or_large_generated
data/pandar_hypothesis_2026-09-07/theta/option_history_quote/3de0f81f49c122c874c732ae5d5783163a1c07c63aa123517960a1c596a9ba77.parquet,32416,57152fe880389ec29835f2db8f16ece89e1a2cc9cf9b468b18244207ed0a2079,local_cache_or_large_generated
data/pandar_hypothesis_2026-09-07/theta/option_history_quote/3dff6b838e7ec461963c2808f6d5a1b3c4a9db9b88de85ace4d59aa1d3ea3f3a.parquet,10570,03384f218623013dc9dc200c1226ce7f49dbb01b23960a948b480d3173513e80,local_cache_or_large_generated
data/pandar_hypothesis_2026-09-07/theta/option_history_quote/3e2faa9c05e2f9ebf88545cba6218931342374a92d0ef99886e2b61daa17a2ff.parquet,114126,6da6284d5d143db4080acc773ee9e1efe9d3ad115167ae1248a06a9399c9a0c4,local_cache_or_large_generated
data/pandar_hypothesis_2026-09-07/theta/option_history_quote/3ea3a8eaac9f2d3b9bf0448b901c76f566af298c53438dfbbc0db1adcccf177e.parquet,31845,7c8dbbae5c8f643863be22bc60ef6a105ed02cf9454c05470eeea795405f4877,local_cache_or_large_generated
data/pandar_hypothesis_2026-09-07/theta/option_history_quote/3ecac135eb0c98d08cb11746ba7809c7ead380ac9273ad4697a2679a0b37bd63.parquet,64576,e318a64ce2f8670b90b041d1bf275d9fe84a63ab6a0764ae832dd1f134e3aa13,local_cache_or_large_generated
data/pandar_hypothesis_2026-09-07/theta/option_history_quote/3ed3d09418538bdef230103ef7394f5167fd5269ef7471515c71b302a6655d7b.parquet,8748,52d98c1e242469637d23714e6077a10408bc55d9037775c6a0619a74c118298b,local_cache_or_large_generated
data/pandar_hypothesis_2026-09-07/theta/option_history_quote/3ef883298efb2e467f8deb0bfbc6e9ef46446e0671e9f7cde9a9eb80731a39df.parquet,31444,e0ff0d6d3cb63e0719d073a2c0f85c0fd8c748764637f34bf1a8dfc822b7c798,local_cache_or_large_generated
data/pandar_hypothesis_2026-09-07/theta/option_history_quote/3f83118653047f0e13c55d515d4fd7737f120569809fba9e130b8b59512d3bee.parquet,9175,cd749f5b3f77b001704baae0650f666118e0b71c35b868c7f4f7426374ce70c9,local_cache_or_large_generated
data/pandar_hypothesis_2026-09-07/theta/option_history_quote/40e98c2575160a96453f7b42134a9c8902c0f07720fcefbfd1adcd48541280df.parquet,36025,40899056eaa8de5c1ef779b0f2e0a8aafe7a03b3a1308dcad9efbabcf13207f5,local_cache_or_large_generated
data/pandar_hypothesis_2026-09-07/theta/option_history_quote/41db459172a9d43f882db5fd723c199859e089d87128603813087acdd0d4882b.parquet,90433,896269b6b036c644a4d0cc67b716780a76707968dd552db1e781b1409e534f96,local_cache_or_large_generated
data/pandar_hypothesis_2026-09-07/theta/option_history_quote/43be9648a6e8db2eb4b013540d87691a39987cc562199dd238ce8276492627d0.parquet,10979,f50086f2e7cb3d5e8892e6f1904052b6ede6480682edcf0d3913debb8503b208,local_cache_or_large_generated
data/pandar_hypothesis_2026-09-07/theta/option_history_quote/43d68ea4db42d9e155f1152f2b23244aa80503a5a499ed0cc5e58a0dc7858b49.parquet,27398,b8c86d3af46e5eae6117db26deac52f7fe3aff316079f947ae3cc36d587c6170,local_cache_or_large_generated
data/pandar_hypothesis_2026-09-07/theta/option_history_quote/43ee4ce1a029dce9b240252f023f063d8531db64064a74c8f1fedca155851b5a.parquet,10164,d5736b793648c1fb4139b4f6b8d0f322860917a82b9235999692d32e6dd09ca2,local_cache_or_large_generated
data/pandar_hypothesis_2026-09-07/theta/option_history_quote/4486b7f85a25c9094da74b8719e14f9981c6c8f3df1167045e8d43eb27f69c19.parquet,31269,709e0c5491ced3c5a22f0aee35ea0eb764cef428ac163f9030cab3a77bbcf7d1,local_cache_or_large_generated
data/pandar_hypothesis_2026-09-07/theta/option_history_quote/449b5b0c4c1d07e7a584eb206793bc8a3e6487bf984d4ee56004ab76ca65406a.parquet,24826,2ce4addf0d2970e38132472a62d74483c25321a84d803a8b2c8b3a67ee0969c3,local_cache_or_large_generated
data/pandar_hypothesis_2026-09-07/theta/option_history_quote/45968692360501b487c64478e98b56b01875ae913bfaa6a925a50ff7c643d6fd.parquet,9209,334a0b50b906d5b5adc2cba98e862d2f21880a6d5a982c803e8c6c2019a99a7f,local_cache_or_large_generated
data/pandar_hypothesis_2026-09-07/theta/option_history_quote/45edb9f4df459162eb4a781b744518f2513e179b699dbb7fee36355d1d98abf1.parquet,339290,e9d2d44ef3c74130465d8963fa73a6af6410138b9481de51c3fe06bf29311bfb,local_cache_or_large_generated
data/pandar_hypothesis_2026-09-07/theta/option_history_quote/464ff3fd2fbf501e851395d7ec689c95308ec54ae0acbafa2f4ea84e47e7599f.parquet,463592,ce72280cd1bd3e0294b9354d5f4468bd0704d2a208b7556a2d3f9265d03eecc6,local_cache_or_large_generated
data/pandar_hypothesis_2026-09-07/theta/option_history_quote/4697136e0a13d61afb0ded57998512b3c3fc5156a6ce851aaea2ecd087977710.parquet,460782,f0ea7a1ff34a6bd608f1682820e95a5aafaafc2796b1082e2cc37c3c15b193ea,local_cache_or_large_generated
data/pandar_hypothesis_2026-09-07/theta/option_history_quote/4709b1764b1359eba1b10be4ead1e17efeb5f52dbccda7e65ce291eac45d4911.parquet,105308,f77704ab74a2fb737e7e871ec6810e0bbdb7caec4bfe8e014c5e7b16d2e8ab87,local_cache_or_large_generated
data/pandar_hypothesis_2026-09-07/theta/option_history_quote/478dffc447a424477e299b061f0c374606f7c980646b6a072917881d1a763acb.parquet,31167,2f3c941c9b4a4e83d21cff32aafffc1a20504e1728dbe4dfb883a9576ca3c0fe,local_cache_or_large_generated
data/pandar_hypothesis_2026-09-07/theta/option_history_quote/47c47bfeb761b84ae82ad70a414f7721dd117686d2d36b13fb40cdae31d260dc.parquet,153206,2548a85f78edc71ee9e64b571a9f12a34850ba1ee318e603827ff0959221fb76,local_cache_or_large_generated
data/pandar_hypothesis_2026-09-07/theta/option_history_quote/488850e10c515fdeab52f60a8903ee9b6fd9d58e3e7fa5ec729d90012aa5af7e.parquet,256595,b3a09d09280f21832c13bb537271ae50719391a9e3213cf5f5f764065aa41da8,local_cache_or_large_generated
data/pandar_hypothesis_2026-09-07/theta/option_history_quote/48ac022cf6a9cb8853ea46b674c69ee9b0ab205b3d0e0861ad0af0f03619b2ce.parquet,454752,684f26e027287d851249c828b8f51f94a4016a9b10dd8493c95302bd2610ebb9,local_cache_or_large_generated
data/pandar_hypothesis_2026-09-07/theta/option_history_quote/48dc3ebc1745bb01c46b6cdab13bd88bd3b1c0444454e72eb68094bc02d8d839.parquet,9370,a506b3a395f9b6991be67e73d6af32099d52b81a017e08dadf88c31fcf046420,local_cache_or_large_generated
data/pandar_hypothesis_2026-09-07/theta/option_history_quote/4927ae28cf2501f053f0eaf78ab6c059c095f04a587d5c4f8ffb33426eed8020.parquet,29224,b0cd01fb16b1dc8e9e1e3c5d6409136f613c512255f93cbaced3d8f7d84f4429,local_cache_or_large_generated
data/pandar_hypothesis_2026-09-07/theta/option_history_quote/4a066e5cb12d20f13de51323b523942b2f0561d006ce22ea1360e237c9855995.parquet,31049,96975b8157f78be1887be91880c7e3103823fac876ea2704f55c68273bd720a7,local_cache_or_large_generated
data/pandar_hypothesis_2026-09-07/theta/option_history_quote/4a4d35ee1a7817991491e0b23a5e57b6f9512af004337a1da074d852612cdc49.parquet,25678,ff423ec3e5f33730f1d15f2bc269beb29b785823c9ca42c88a5cd1751d095541,local_cache_or_large_generated
data/pandar_hypothesis_2026-09-07/theta/option_history_quote/4afecc72982abc573b6bc0f88b63dc57481263e75f36768d60cc1ac18254e5f3.parquet,129477,10b74b3ad3b786d8999ce873849fb1cc524092da35a2acde9534235421d32d6d,local_cache_or_large_generated
data/pandar_hypothesis_2026-09-07/theta/option_history_quote/4b2eccacb8c343757e2523bdbe28f7ad2e9fa54d21babc157dbe2767b63db3af.parquet,822801,acd979aee5ab5af58d7720527210d066d9d6bcdd6928529dade80fcd7641a62d,local_cache_or_large_generated
data/pandar_hypothesis_2026-09-07/theta/option_history_quote/4b7135cad922c1f03416385ee76e708cf5b4c62c8daf55c12aa5063c21d15853.parquet,80375,91299a26a29c148c6d4a76ead058a81eb56b9908ee9e06954e6434a9e8cf4950,local_cache_or_large_generated
data/pandar_hypothesis_2026-09-07/theta/option_history_quote/4b905e9280b7f25b2f098cf09e01be56c196d546efb88250093cab5c405d2ea2.parquet,9878,e30f4a7eb8a2f86792e507e2f66019811f1a080777b6e4d6b330966267036aac,local_cache_or_large_generated
data/pandar_hypothesis_2026-09-07/theta/option_history_quote/4be831436d99b931da900b8b5443698a522ef9b0d4d1bb595fdf0e20905fa3a9.parquet,156753,fd538b3dbc3f72623ebb7b94fb9aa5d67df7ea0d736679392965deff812fd9b0,local_cache_or_large_generated
data/pandar_hypothesis_2026-09-07/theta/option_history_quote/4bfd50409e68756f4f9b4a2858cabaeb2fecd28f7b3ce14992a0dd63c8635870.parquet,37292,330d2cd88e6b184f66d5696307a5c788c5bbf7dd4e0667b6f274a2b6ed244461,local_cache_or_large_generated
data/pandar_hypothesis_2026-09-07/theta/option_history_quote/4cbc29ba3289f9dc898c42a96add83307be05098c700ce15d9d38a5a47e14e20.parquet,232583,7bc2474a148b3fa1c15aba5fdfe37ca3039fcc5f2a84da5c179c8c1243eedc06,local_cache_or_large_generated
data/pandar_hypothesis_2026-09-07/theta/option_history_quote/4e03dacedb338d5797682ccc80884dea8450549b5765d810a7a0ad2251ca74b6.parquet,30816,0cd798fcd01ccbc4e1ed21c16ccf7515aafc30494ff3e9e8425854b2ab7d000b,local_cache_or_large_generated
data/pandar_hypothesis_2026-09-07/theta/option_history_quote/4e4aa5e0d7ea91d80da59814ca60e8a401d879d5a491e113dc5b8cdd47e016f8.parquet,112419,122e85cfac0fc7fff60c8a2865ca4f34b5da9b4b5983fb921f2c23ec4a9f911c,local_cache_or_large_generated
data/pandar_hypothesis_2026-09-07/theta/option_history_quote/4f2c55dd283a4b8485cbf31e79362e1c727fadc47276e5a9fc4b0540ffba68aa.parquet,9267,fc280b1c869dde077f16fb6767aac08baf0a93023ec24cb4ed4d61f5cfe24289,local_cache_or_large_generated
data/pandar_hypothesis_2026-09-07/theta/option_history_quote/4f8e1171e59c581ea99a8f2b3153b1c920c5a66036be41d23521be90bd9a940a.parquet,40195,c685d1221131d6e9dca78325f30046b0c53c47212139c30ff89b2dfb68cb210d,local_cache_or_large_generated
data/pandar_hypothesis_2026-09-07/theta/option_history_quote/4fa5f7358c43892d91392a6a51365982b8f57ca6a0a3d0e38a8b1e9590b1a115.parquet,62110,f0e3b527582ae634c0471cf9f773d8bbfac0531a0ba7cf9dce424ce2028bd889,local_cache_or_large_generated
data/pandar_hypothesis_2026-09-07/theta/option_history_quote/506c428e82bcc49191f140de72ff8b6f2e41e2574dcd06d5469b89b4932f05be.parquet,137399,91e8c696176b1942ae97a9a41a88794f79f17671ed2119352ad72502ef411425,local_cache_or_large_generated
data/pandar_hypothesis_2026-09-07/theta/option_history_quote/5125ea22266de107450c0ebc5119295ff2d77d768660fcd06823d679bdab7147.parquet,56833,e8aae09b9ff42c5f8bcf7a6424ddfd37224fc9adde399f907d5df60997ce4d5f,local_cache_or_large_generated
data/pandar_hypothesis_2026-09-07/theta/option_history_quote/51266e2f12679eca9a299d710e0f25e99cf8b7e41d56f29360374a40414f8259.parquet,37355,237bbbfe1edc0118d6a7633ae828b223e32aa94dd4ee1c0b5af1cc244565ec2c,local_cache_or_large_generated
data/pandar_hypothesis_2026-09-07/theta/option_history_quote/5198281108b181daf539662f60ea96efe8ec270046af35e3ef19633f87abf05f.parquet,89577,dbee6f1b493d9be9c9b1916bb8a7e68279d64424b1554ca463bad7794651b728,local_cache_or_large_generated
data/pandar_hypothesis_2026-09-07/theta/option_history_quote/51b165ed996c8f16758b1bf9a1984a81c089e642dea2c0c930869227b53ce956.parquet,63025,7f22ca6b7cf4c64aee35ce4663d1618a91198dfaa54384f3ad58cfc06d711666,local_cache_or_large_generated
data/pandar_hypothesis_2026-09-07/theta/option_history_quote/51d81ab16c15fb8483335eb8b7555f9f7cda5307940418bd28554aa51d4b4098.parquet,34177,c6f7dd620d5b84d883680c26a805cee347074aca8b93d434edee09b2f60fa3eb,local_cache_or_large_generated
data/pandar_hypothesis_2026-09-07/theta/option_history_quote/525780c14babde49e1019561cdb0340edcde8911ae1b334fd30d1b1197f6cb02.parquet,33768,ebf6de8af11cd8242106369e4a84ddbd205dac57f250d487437207aad5051d5e,local_cache_or_large_generated
data/pandar_hypothesis_2026-09-07/theta/option_history_quote/5333fe720ee944fa92a0cfacad066d2011216a1d735a83ac558512fbdf524f92.parquet,26257,dc4fe158e3d96e5d78d5992c40341407bc9a0dc147899ecbeeb5a38823f4d498,local_cache_or_large_generated
data/pandar_hypothesis_2026-09-07/theta/option_history_quote/546289fa613b729b946844deaa3f26def681c8c6add936938ddb070f6669ab4d.parquet,725580,e66438d84deb8b035e117d3e47628f0e7e21691e1a9e4c502ce9bad4eb524473,local_cache_or_large_generated
data/pandar_hypothesis_2026-09-07/theta/option_history_quote/546b546ffb4914961e0225fe648abb320eeda4bb51f10e0aa37b7fc67a95da14.parquet,24115,4ba3534177de10ab46b2382c8d207935721146e6f2526661e1748e8e53803e89,local_cache_or_large_generated
data/pandar_hypothesis_2026-09-07/theta/option_history_quote/548f33e74e536f7e74072975d43bcc396ea4bab9c2641dc7a9213998da08ae16.parquet,9385,acdd110080b5fd174a00fad068b4fd4baebf7c9c05bd925d930cbbdd58d28bc9,local_cache_or_large_generated
data/pandar_hypothesis_2026-09-07/theta/option_history_quote/550dc832a908e7f59589e3bd5a83e993aa3ffe36b3df7f6108c6f525ed22144d.parquet,31243,9e6abe577abfa90a3e0e16936193a34cffe9fe441c7d65ed3a8fee4b9be0c7e9,local_cache_or_large_generated
data/pandar_hypothesis_2026-09-07/theta/option_history_quote/55622d76d8842255565a2711da89149e4917353d800f0eb7baa6eb88e494749d.parquet,27425,d38b53447780123f68c99707f5c1d0a0a2e2505557d36465f1a3074046957cf1,local_cache_or_large_generated
data/pandar_hypothesis_2026-09-07/theta/option_history_quote/559d899da1b0874a0571b0dea2513e214c73b6c9f1815526bfc15578235ad3a0.parquet,27087,af33518ea12ca49eacdfb49337c485f19e98ee1e55b692732527db83c75d1653,local_cache_or_large_generated
data/pandar_hypothesis_2026-09-07/theta/option_history_quote/55c85012318a420cf560642347109de199cbc2bda07c5258c42b8bc3797aa8ff.parquet,232915,e77d8696b88afda9a978d15adc804187f49889c7c8af93fc864e8ee044df0123,local_cache_or_large_generated
data/pandar_hypothesis_2026-09-07/theta/option_history_quote/56b8b6d151be468ad87299facf1ebdee40bd5e01d7a3f785319420be53917275.parquet,59189,5bd3246765357fb783cb0cdbbfa5bd122c7854f56825cd77bd34cc746e201edb,local_cache_or_large_generated
data/pandar_hypothesis_2026-09-07/theta/option_history_quote/57ce61d9c9b646913672a68f283130681bd46452c7ab91cc61648be31962cfcd.parquet,349301,ccff51cd5334f9cad97822144f1ba79c881beb480a1a304199bbd85fc7cde1d0,local_cache_or_large_generated
data/pandar_hypothesis_2026-09-07/theta/option_history_quote/57d793bb3c8c41fb93c4d3a84f70a90fa5377f385d57cea0c5fc08eb68ffb041.parquet,35703,5d784264c39fafcdc5873ec7e993cece8a83d45b77250cfa53605acc4fc00670,local_cache_or_large_generated
data/pandar_hypothesis_2026-09-07/theta/option_history_quote/58cc2d66e2a094d1ec741a9a44093d796041344cb2f80ba8396b1e80b02a2b5b.parquet,99466,6affd50d172596a6ba9222a33fe1aec1dcf4fd5b4928cdc421cbae1c6e71f21d,local_cache_or_large_generated
data/pandar_hypothesis_2026-09-07/theta/option_history_quote/5a46113e50f44b5c6dbc062a2747f2ba4267f720fd7efbd0bf94dedaeb1d005c.parquet,25416,19ff12d2ed644d2aff15e7b67ae6cbc127f4a8edeb4c15fd24e16f27c760eb81,local_cache_or_large_generated
data/pandar_hypothesis_2026-09-07/theta/option_history_quote/5a7203c1ba17b77e8b06c0f0dd6795a154a70bef383214e1069685d35a535dc0.parquet,33889,86d40574158cea1cd5267f5fdfe26066142a360c73d3411344e0e39b71876749,local_cache_or_large_generated
data/pandar_hypothesis_2026-09-07/theta/option_history_quote/5b3d3ba0c717d29565460e3b3aa62ab763a638316fe01171092bf28aae2ea42a.parquet,93527,3fa2f8a991c8efe873f20be2f75563aa930c3e4fdeb800947b0248c00d5cef20,local_cache_or_large_generated
data/pandar_hypothesis_2026-09-07/theta/option_history_quote/5bae1fc8b0a381187da758fa7da3bcb9253d2bce664a4f2072094132c12ccfe0.parquet,35990,3e45b8f25e7254e5f66827b68aa0da5db54656b4051712d22b1a9bf650924e20,local_cache_or_large_generated
data/pandar_hypothesis_2026-09-07/theta/option_history_quote/5c0d2f21e77f2cf91d22a223a1e333e34e381a0ab734215ea7b8087fc582dfaa.parquet,28700,28cdb93a9de737efa5695d2d95d251043a4e56654d04d15a0eb994d4c8925198,local_cache_or_large_generated
data/pandar_hypothesis_2026-09-07/theta/option_history_quote/5c0f0dbc355a3e9ed3c17e60ed16c6b0e8bb6b14cd58fd19c3f3c64cc0cf7226.parquet,10454,0d5b1fc07070816c28dbb3fddc91b477adf294348e637c60e1b704f7f2ac11a9,local_cache_or_large_generated
data/pandar_hypothesis_2026-09-07/theta/option_history_quote/5c64eec0aa160f85012fd5e012a06e63ffe3791786228daae0e2804aa076913f.parquet,219645,f4b09d88fc0cd44556d7741975696ff267e2bf9e7bbae20bb176d5b7c4334c2b,local_cache_or_large_generated
data/pandar_hypothesis_2026-09-07/theta/option_history_quote/5c8076a5ea3a704fe07105133780ee7d3eb5d648788025c374056a0ef0c8a9aa.parquet,28960,a58c2051d9de2e38b03c2cca327ee2ef4de0cafb7080c7a633ef5002efc596ef,local_cache_or_large_generated
data/pandar_hypothesis_2026-09-07/theta/option_history_quote/5ceea4e2620f39aaab48a67f0f8b71ebcda1f7af9532f5f95673a75b3f0d43c4.parquet,32356,304fe341c23c2244b9c3612802c2a554511a09226d2c4f4ac25cafaabdf7fe54,local_cache_or_large_generated
data/pandar_hypothesis_2026-09-07/theta/option_history_quote/5da883a150a10c3543e8cb0abf6fc1495c5e51d780424e3cc950f63617e7d3bb.parquet,11136,95cf7bb01518130378130c10ea4c28e6367342d2db7f4a7866dccde72d3fb463,local_cache_or_large_generated
data/pandar_hypothesis_2026-09-07/theta/option_history_quote/5dcfd923865b6e7ce5df0676781a223310598abef500ecaca14c8e78be76e3c0.parquet,32229,4c59027cc7b33d719bfaa54d24a9a05003dcd16abbe8eddd14f22bc8f37000ff,local_cache_or_large_generated
data/pandar_hypothesis_2026-09-07/theta/option_history_quote/5de025fef3fd68aa608bb2e17ca1bbeb47306a6820e19ac4092d282805ad791e.parquet,26954,c04198f080ec20adf744e17e3108d91baa390a2fa12686e558431066ffe92afc,local_cache_or_large_generated
data/pandar_hypothesis_2026-09-07/theta/option_history_quote/5e8f8f330b24ee1fb200b45ae210509aa6eea7f111b7f48677f13534b0d996ff.parquet,33427,4f6a90826a3d94b0a0231d799782804ca2c34b254a38c35bc66c3c196e8453b9,local_cache_or_large_generated
data/pandar_hypothesis_2026-09-07/theta/option_history_quote/5e9100c5053437126620e01bd180fa443f5353c1a545af3e1293f79eb6970a3b.parquet,46025,8a259f721cfce17916c3e8c811ffe6cdd3b9c191b18089669773fab3ff062636,local_cache_or_large_generated
data/pandar_hypothesis_2026-09-07/theta/option_history_quote/5ea5fbbfd80d1acac60597338184ee665d00711000b6c71c7c0bed9d12433e98.parquet,149043,3fe00d7bdf6feebde02edce566fef1debb17ec27a0ed9a9afa52fc5ce67fe324,local_cache_or_large_generated
data/pandar_hypothesis_2026-09-07/theta/option_history_quote/5f468968672941a9736ac6dd6ab7004e11dcf367e3378417a0a552600900b887.parquet,487719,cf24580708948b93fe4c0a608c90c623df98810b7650162cb377bcabf59112b5,local_cache_or_large_generated
data/pandar_hypothesis_2026-09-07/theta/option_history_quote/5f7dd2fd5f5e71e1ed9e2c9a8a49390231fe36b1e11d67345daaf982dd31fb24.parquet,74312,8ef1fa033f1f0ab47dcae8082db99dc573b241c1156154b479b548c72ff982d3,local_cache_or_large_generated
data/pandar_hypothesis_2026-09-07/theta/option_history_quote/5f7e3b88dcbd352c30231fe3bfb56b1662ed2b687483b0645f13c03431bf3426.parquet,24283,75be5f6433566c1ee4acc52dfa6dbf170feea6adb79fee761082132b668a1616,local_cache_or_large_generated
data/pandar_hypothesis_2026-09-07/theta/option_history_quote/5fa6fa6ad02df115148e25e9167cb5345d1c9237464c83079ffd31cfe01e4c25.parquet,9171,f5af54df340fb7bd6cd098190f42899237af824a4b47f0bd672b8dad5bc5fe92,local_cache_or_large_generated
data/pandar_hypothesis_2026-09-07/theta/option_history_quote/60036d1e53796a00deef4da312ca8b99cd397c7db757c5f969e73049a17a4a3a.parquet,8641,7e1aaaf1a1ce324f0422ca76595348e39219b8fdd86e9bdd9b26ef496eff037f,local_cache_or_large_generated
data/pandar_hypothesis_2026-09-07/theta/option_history_quote/60dc854d1dca18189efb86f9128deb1d3140b15a38d45fa70d7b326ec9a9a3de.parquet,22517,12c830424ea0dbea2899d323d18ae6359e0fc176efbc094e4915970544580b08,local_cache_or_large_generated
data/pandar_hypothesis_2026-09-07/theta/option_history_quote/617a3a43db3b281e8c3745174f64a3f41b772d15cc2581ef4283f1656b0dce02.parquet,218835,cac1c2e1a974c2fbf1a2278383e5e37921f8e753201e18f9937ffe9cedc7d61a,local_cache_or_large_generated
data/pandar_hypothesis_2026-09-07/theta/option_history_quote/61a7a279306573b4b53358c00b916c8837ad777143bee66b991835caf3a78fed.parquet,32604,604ec6bea95fcd5a9cbf2e11a264f9fad44666d18a8b0d7e503d722fd1ab4d46,local_cache_or_large_generated
data/pandar_hypothesis_2026-09-07/theta/option_history_quote/61af805fda0ce36a8b1edda608999ea2066dafb3e72d688b9f7d9d78732a1375.parquet,44437,d6405dfacbf31e85ecd406f04bbc44b78cbe98902a363a6ae97e15c249e3241e,local_cache_or_large_generated
data/pandar_hypothesis_2026-09-07/theta/option_history_quote/6231543b9c9e5d69520b55e852bb9be0daa83a23d4abc711212cc211179bbfd9.parquet,215989,6192ddfa41324f97a93d8d8a4ecc17a55b37a859b2f51c8672a4414b0ee1c7b3,local_cache_or_large_generated
data/pandar_hypothesis_2026-09-07/theta/option_history_quote/629b16ae25626a35d9bf3f773f2757d126eeb32067f5e59d9757ef6fd5566f6f.parquet,26241,ebf529b11a8f724d3d2b30a232bce56bb5f9c0e27f6f806b2f515d2a3026339d,local_cache_or_large_generated
data/pandar_hypothesis_2026-09-07/theta/option_history_quote/62f88e202354b49bf270f2e42bdd328f1630e6757ca1f7fa239050849b51d362.parquet,33816,00f9d0dadb59ea0cb07ab39073ca72e77799b75c64e75530a4b2b94b7b57f649,local_cache_or_large_generated
data/pandar_hypothesis_2026-09-07/theta/option_history_quote/6339e6ee7e6183826168727142caac6340d59c7fa3e5604a18d09dffdbfddf80.parquet,232346,fd0bb71cd0a2cd58d00951219892b44f8ac1f4a1c216ee9d752969d5ea5d663f,local_cache_or_large_generated
data/pandar_hypothesis_2026-09-07/theta/option_history_quote/634e32c6f502e7f840c256645f4f5a934fe3ab5d3574c645044aee8e25cede02.parquet,121864,30c20249db5edcabd91e933e12e612ab4146d52f1efa72cd8a4b2ef96c77a47f,local_cache_or_large_generated
data/pandar_hypothesis_2026-09-07/theta/option_history_quote/636bdb44935da2a9a6ff0feb7171a312f435dc9f7c27ce3c35bd2a7e95bef716.parquet,864422,bb40e42839040be3f258feb4c70e709c656b8546fec66bb95f65761164bf0d05,local_cache_or_large_generated
data/pandar_hypothesis_2026-09-07/theta/option_history_quote/641e08906b7211c5925b3b21e5699f559b1483278d5c90dbf87f1369959fcc6d.parquet,25491,61bafb1664474de4b611203a58af640a7a7c149883d79d6498b76b9a28c0ec42,local_cache_or_large_generated
data/pandar_hypothesis_2026-09-07/theta/option_history_quote/64cdba75c6f0ed0c4b152c9765677b55377d38b7d9e0d76563d365676357648d.parquet,142361,3cbd502fffbbc003c646e9660bf1b23f1d6b69e38b05351aa2d42ea385f9bc89,local_cache_or_large_generated
data/pandar_hypothesis_2026-09-07/theta/option_history_quote/64f448716030e3ebd6548cbbc42a739a7317c0faa0849460e5bbe81bdff4e703.parquet,10892,610b023735c105f4a235146fcf9508665cecd074d88d899e42e6a1f9961d5a55,local_cache_or_large_generated
data/pandar_hypothesis_2026-09-07/theta/option_history_quote/65229e35611e63144bd4cefcfc109a996cfad1c2e1395382cbf42bb118c40bc4.parquet,514121,8837b28786d08331212cd3fe69f50dbf9945633a4d43368753ff570892e5594f,local_cache_or_large_generated
data/pandar_hypothesis_2026-09-07/theta/option_history_quote/66521753162a7f39d5c3c24aa15081afa53c0f78f18aeb28d9e82d04aa505956.parquet,65628,5d98c132f56bbfb19bb8c0e203444c99eb1738d841cb3a2eb9087e4fa01fe94c,local_cache_or_large_generated
data/pandar_hypothesis_2026-09-07/theta/option_history_quote/6735dd797b6511fee1781ecc9c3eb5f333319862e66968c424f7fef7b9413286.parquet,32539,3e12ebab3e826601876fbc48d5938803cd0692322c10a019a2a3d7188d29b91c,local_cache_or_large_generated
data/pandar_hypothesis_2026-09-07/theta/option_history_quote/674057406215d83fd70ea6986e64e3db6b273d26dac5e4c54d789092e1edef40.parquet,25098,57c8ff6ba08f09349224070c4ad09dab3bff9357a5d28324dc52a06ee1f88eba,local_cache_or_large_generated
data/pandar_hypothesis_2026-09-07/theta/option_history_quote/684fe6076a34aaa7b6d8065c837bc601386e345859c36dcc3630e1c8c1be27c9.parquet,11014,11c1f6c78ef177182111d9dd1d3d37be513de79a93f6ecb330740ba3a387550d,local_cache_or_large_generated
data/pandar_hypothesis_2026-09-07/theta/option_history_quote/69672328df27e5d06fcf41527883e2b82250f2cbc13d18a04388b061c4d8b47f.parquet,98041,1c07ba8c75caf36ce68523b41e72e5c6b545c699460bd9d4d7a3131e13efde39,local_cache_or_large_generated
data/pandar_hypothesis_2026-09-07/theta/option_history_quote/6a3dc2322897c472259de6d3003581c520ae03eed669183670896be58fa63e1c.parquet,25814,ab55ba9de853da322828fa8066d8a1af1a4bd47656bee5ee9fe2382626529c76,local_cache_or_large_generated
data/pandar_hypothesis_2026-09-07/theta/option_history_quote/6a7dbe2ce3c88d7557e2c3afba011207012bcc62faae51c6b8e62669f5fa5076.parquet,8999,fa0f20febc0abedb1b18b9bab3dd136ef7dd8b47d9ef712b61673a91e1f422ad,local_cache_or_large_generated
data/pandar_hypothesis_2026-09-07/theta/option_history_quote/6adfb65b3ef54c7dea0770e564524ce3ec4ea3cc4ea7b87ecb5a5c3e674cd379.parquet,47876,4bce380bee9c7b0c3b82f41b351fbff4015778458443cefdec10eb368ba08384,local_cache_or_large_generated
data/pandar_hypothesis_2026-09-07/theta/option_history_quote/6b0c71db2fe70a3a247b0d8ab9d3ce87af0dc63fbf6cc1c6d2297d56ae67b159.parquet,32920,e35c747559f5386ecf2192e1fd5dbd2a7d9a87db5812353a4b1172e60fdea5f5,local_cache_or_large_generated
data/pandar_hypothesis_2026-09-07/theta/option_history_quote/6b6843dbe32092a7ae8e4e6922803e8fbd7b87aaf34281cd1773a6c0d0c2e5aa.parquet,430621,a491a58c4edcbb8643c21a284d1b2be2600d7520eecdac24b5cf36c8529911e3,local_cache_or_large_generated
data/pandar_hypothesis_2026-09-07/theta/option_history_quote/6c15d7bfb3ea63bcd7aa590797fef3762ef86463e45117d0b3d2019ad437efab.parquet,126313,0609fa033b7b2deb3920df10f7caf399ebea556b5dab474bdbcc42f9034247d5,local_cache_or_large_generated
data/pandar_hypothesis_2026-09-07/theta/option_history_quote/6c19264cfd28a9f4a0a0db15c0fb64f250a202b4213a941f76de248cc35e36c5.parquet,273135,91784a53be02c9a701d4bc52518ffcb2c27b464b91880ffbf8143c8638a91e69,local_cache_or_large_generated
data/pandar_hypothesis_2026-09-07/theta/option_history_quote/6d7581888ec73ed4a28d773ade5c939641a89fcd45efa9a05664c0fec038cf67.parquet,825604,d42618b751b035f83222f141325f899327f2b1ede8a82324baabf9ccfd6f359f,local_cache_or_large_generated
data/pandar_hypothesis_2026-09-07/theta/option_history_quote/6da0d261c88ff62818ad3561edfaf4cc403892a070de026f670446cf57ec41ec.parquet,453089,7fe8d679cad3d3fa1bc62898d1930593f08cbfe51e91f4c503017fae9827e716,local_cache_or_large_generated
data/pandar_hypothesis_2026-09-07/theta/option_history_quote/6e35eee625f1872726bac9c5c7c020493a6d15f14f2831262591fa25869adfda.parquet,24375,bba76e1eb7546abff5d87dc4915c217ffbe629526e79180137e02740ace0de47,local_cache_or_large_generated
data/pandar_hypothesis_2026-09-07/theta/option_history_quote/6e9164cfc45c9f630781ffa31dbf2c16dd5c66410fdddeb9263b885e39f933e0.parquet,26357,1804e34c5d1dd42f390ed3122312e3e3347460c9201aeb72200481f2bd083cfa,local_cache_or_large_generated
data/pandar_hypothesis_2026-09-07/theta/option_history_quote/6f483817716f07d783490f83f1c3b03434b81d098406e0aa4fced049c72b6185.parquet,28238,5e74c5910eab131903645ecb1a26789fa333a901c7fcc65e1578a1442a67faf6,local_cache_or_large_generated
data/pandar_hypothesis_2026-09-07/theta/option_history_quote/6f70c28ed0ce2afc4637cc73c977f4450120be87b5aa07d138e79f8c0fa648ef.parquet,538882,72ac0e9f9a78339a941663038619fb82e65227de109e7663ba4cc6fd46b2c552,local_cache_or_large_generated
data/pandar_hypothesis_2026-09-07/theta/option_history_quote/6f85099a2e912ab7f59e9157e8342a3545dc67e49f2c6cc4187794d2d2520884.parquet,98364,27a242d0144b1228ce20b57d2a58ca72fd9e8e3c3209fa8de7e48fe21f45cf7c,local_cache_or_large_generated
data/pandar_hypothesis_2026-09-07/theta/option_history_quote/702a66b6db528d3b90fdc13a7ecf0d5ded64f86e95a6a55d74e90b1d24b2a7e2.parquet,397033,e3d7d7c56b76cdb138c9db7daef2e11c7cfdb9289f79e2ee0040b5896f4c42e7,local_cache_or_large_generated
data/pandar_hypothesis_2026-09-07/theta/option_history_quote/7052923f93643717c47296c0063f45dcd3b31feb1795ad9cac8f085711191a63.parquet,118580,12a58ad28cc3e69b62d30b96cc758b621ba48b1561391ea403267e94a36331ee,local_cache_or_large_generated
data/pandar_hypothesis_2026-09-07/theta/option_history_quote/72fa214360acb0f39b6c930b9f30a54a5e49cac120358965ad266eae75514a1d.parquet,29358,d10e8b01315c619e4df1954e35e18185f9016c75b4b39297f818bca2d4d9c570,local_cache_or_large_generated
data/pandar_hypothesis_2026-09-07/theta/option_history_quote/73020e55524a18da7f36105399e790b88120cbc17a181df77a438c654a0dd687.parquet,9359,6f6fc32f246c939b947177a630002927383fe191018fabaaf4a53727878375bc,local_cache_or_large_generated
data/pandar_hypothesis_2026-09-07/theta/option_history_quote/73514eab7279524a10d1ac18de08f3fcaff07d31de7f28a0ac7fa4daa01ce228.parquet,26770,c13011ce195ee4eeab541766488210d7a99573c2ffd7332abfaa56bb981ad22f,local_cache_or_large_generated
data/pandar_hypothesis_2026-09-07/theta/option_history_quote/7414614b8c6fb53f45758bbde8e23ded0001486eedcd5f39a95f9e0a791d307a.parquet,35372,09b0c9af4f91058b4b8c5722ac57d5ac0b5f409a62c6602718e1e086cd36ae9f,local_cache_or_large_generated
data/pandar_hypothesis_2026-09-07/theta/option_history_quote/75144ba2723387b45daf7a37e878b5fc5af5aa06dd21a434fa1fa422613bb81e.parquet,104905,2dce10e9ddfa1b82621f6c87d197325a213f49fa5d9476fca2b345175df39b02,local_cache_or_large_generated
data/pandar_hypothesis_2026-09-07/theta/option_history_quote/76715fa35f12112a742e06838f193238e04dc5a104c053c62f7c7604683f2bbe.parquet,13060,9323e4efbab2c146b73889e540395ff46b93913dba73986d72b8b871e017e4c1,local_cache_or_large_generated
data/pandar_hypothesis_2026-09-07/theta/option_history_quote/76ec48b5919b91cbd429d72ef84f388a620203d961af6d3c7fcda6ce5caaf817.parquet,83232,5a4d75d58bab719b3083d5366d76e1c3a60d4b851d3fa6de986e4cc1a7a1ef90,local_cache_or_large_generated
data/pandar_hypothesis_2026-09-07/theta/option_history_quote/778e2ea57f1782cc48294962a6072322af788b60e8b76587daf5a052e3b38b3e.parquet,848468,bc36f1ddbeeae5b92a7773dae6563050858bc77cd771130ae4b56bb9c265c28a,local_cache_or_large_generated
data/pandar_hypothesis_2026-09-07/theta/option_history_quote/7892d370935e46fbc8c92be801918255523689408b03d1c2c1b4bd9382f80972.parquet,67773,26fad223481d41abe13ab311ff0e7eeafbe172e4715fefbe5c9c4409b3f87174,local_cache_or_large_generated
data/pandar_hypothesis_2026-09-07/theta/option_history_quote/789be7db5f21fdb2804ff7373da9497e5a04f315c37b74f99a2b2a15a8d7d4a7.parquet,33868,43b65d9da1f14770bc31a40dc05ff7c55c8495da59b246e5a85b4615b064cd2a,local_cache_or_large_generated
data/pandar_hypothesis_2026-09-07/theta/option_history_quote/78da5fef485e7b73b7bb4e79fb712dd7bf61f9b8bab39fb8fa087b539ab1617d.parquet,28460,5d4978336ca255fc1b32b1bc9193f3e0b149abda2e0828db5daaea3f0855a21f,local_cache_or_large_generated
data/pandar_hypothesis_2026-09-07/theta/option_history_quote/78f14889805d70fb9056721876054c8ebad0518f74a7c425ece94db3b8bc0ecf.parquet,30619,b7c24350d8c4f864cec25384f0937c71784d6e5b670bec3f27066d5b5acb6840,local_cache_or_large_generated
data/pandar_hypothesis_2026-09-07/theta/option_history_quote/7977e183a5488846a95f6d5b8b40d7926c20009fb5487d0056466eec7c62fc55.parquet,121292,25cb67e7bcba40b49d32bbb370ae64b6fe38206a4f40da357a251a321b82a662,local_cache_or_large_generated
data/pandar_hypothesis_2026-09-07/theta/option_history_quote/79b7c2f0aadcc1e7cc741452b38228ec0e929ffe30129966ee0c794844968726.parquet,25007,7b1c401f63448f0c547b3600cb56e8e676434d4d9b9e9fee4254e45dac78f7e3,local_cache_or_large_generated
data/pandar_hypothesis_2026-09-07/theta/option_history_quote/7ac73643ed061b46e72694a542678eda4d120c090a76bd0f3a4740f34de3cdd2.parquet,27765,8e782e6e0bfcc66742c50d5714be93083e034b5de2a1c32524a2c91fbdb4d494,local_cache_or_large_generated
data/pandar_hypothesis_2026-09-07/theta/option_history_quote/7aea42d58e398ed9b8b4c0a91ed9db2f308e942be7b45b4ce2f98e45d5daceaa.parquet,255780,bccff28a8899938b110432d251690adbdbee3730c23f28e38fbb999fbd5c69fb,local_cache_or_large_generated
data/pandar_hypothesis_2026-09-07/theta/option_history_quote/7b31bbdbf2e332b639a35812aa957c83694f52872c9bab89e027cdfad2956868.parquet,196482,d268c152ceb9cea15207d9d61f5f1a5edb57f63abb87333bd469ebdc9a825b93,local_cache_or_large_generated
data/pandar_hypothesis_2026-09-07/theta/option_history_quote/7b9c601fe7bc25feff7e1b329d432e17972b014ff9d8d875cf03025e450cea70.parquet,123187,57d5138c8414ede8b62fdda5b0acfd413797de150773a2c5ca7a633722186689,local_cache_or_large_generated
data/pandar_hypothesis_2026-09-07/theta/option_history_quote/7bc4941faac51cfbbc81495f13bb860b21e5b2544e23008807780665a89b43e8.parquet,135949,9ddfb47e18aea293f4a93a9cebcd2b9a5facd608b6466e93bd6266554b189d88,local_cache_or_large_generated
data/pandar_hypothesis_2026-09-07/theta/option_history_quote/7c9f5e3baf097e01bece2de1c629dc2125ffe1dd8d73235cd3ab5c7405c5511d.parquet,27653,6a1fdb1661169fbda44760427c2ae52452483be278ae8b3f63e8d5ad7c3a0030,local_cache_or_large_generated
data/pandar_hypothesis_2026-09-07/theta/option_history_quote/7ccd02c48d9fc99b4c812fc7e0fcc67c99a8a949a176accceff62d986a738b82.parquet,11633,5a2ea055e67c126ae3ad869f44afddab001f10063978a507c26269b8959ba589,local_cache_or_large_generated
data/pandar_hypothesis_2026-09-07/theta/option_history_quote/7d10333120ecf69a3175f8d32330c1c02cb5ba33564ff09536cba7fea676c412.parquet,42164,09f4e736be1fc2cbe69547ce0986c4eb5da22600d40c1bc0286530bb95afae7d,local_cache_or_large_generated
data/pandar_hypothesis_2026-09-07/theta/option_history_quote/7d4eb23dd4e587cbd6c83b14397ca3bd525c53d41ac058dc38fdcdbc336f0f0e.parquet,33475,b1dea310f5f1d7863d62f61f3d76d29d7ae1c5005599951e29a2c36ae517875e,local_cache_or_large_generated
data/pandar_hypothesis_2026-09-07/theta/option_history_quote/7d93c802f80a69eee3df75b0d0d5a059856e29f4acb0cb1b6c1ed19edb1b6a64.parquet,34219,1e3133c90f8c18fde62a83d57f4cf92c694d02eef8e4483c91c158f8062e0750,local_cache_or_large_generated
data/pandar_hypothesis_2026-09-07/theta/option_history_quote/7dc03de59f7c2b9984cfb9700641c526a313b8c92788e2be73959784d60bf561.parquet,157159,777581d9cb71aecf67e1e5044e7963016db8f2eaf5697b1cab86f7ca5707f1e3,local_cache_or_large_generated
data/pandar_hypothesis_2026-09-07/theta/option_history_quote/7f45c418d59cca6a2a44d9b5f029a47f636c2709cc7a01b38b6dcfae123512f3.parquet,277160,0de1ef1bd608658a6c5c4ea87e96874809feef897dc005ba461577b8ab41f1ce,local_cache_or_large_generated
data/pandar_hypothesis_2026-09-07/theta/option_history_quote/7f68ca4b30b468c8a7e820f8d68211eede68cd4c5c6ab5627e14ea491a240a36.parquet,469976,e47d51fbde05cb441f361b2102d32554c6a2a2dff0bd872e6346caa8a00abc4c,local_cache_or_large_generated
data/pandar_hypothesis_2026-09-07/theta/option_history_quote/7fcde7148919db97432a44baeeda801776f70c8822e3194ef84dc0d510886901.parquet,113782,b2a5632e26d4bb76eae5711877eca2c72ffc309c3b7da74c90882488fcf363d5,local_cache_or_large_generated
data/pandar_hypothesis_2026-09-07/theta/option_history_quote/8111b937cd02228071d47d2c57d2438d787b7ca64ab0e2e3d61f7bd1912e4589.parquet,1123935,15bc76ec17cd77b62fa51e502f50479fd5065af6c06b3bb2f8ef4044276983ed,local_cache_or_large_generated
data/pandar_hypothesis_2026-09-07/theta/option_history_quote/813c6eec821ff92e6653e5fd48b81e519567257280e297530f0fa7896ea2883c.parquet,9629,dcfc88ec7945e67c400ce237d791d5a6fb89bc11c910e4dfddfbd15e233ff5f8,local_cache_or_large_generated
data/pandar_hypothesis_2026-09-07/theta/option_history_quote/82c1fb0b5c062c1e32183b57cf3db031f704b82f38d3a57c0ab9a02fe20cc0cf.parquet,9309,0c848c988406e9c1b117c3688254aeaca675b672a90706cda4952b01218dc5ed,local_cache_or_large_generated
data/pandar_hypothesis_2026-09-07/theta/option_history_quote/82ce6155d449323fff821d39dd4941e6c326861357ad14902fcaba7684b42125.parquet,360682,7d88e3e09e20f649e822a00b1be3998cd52db851beaa7d7d3a29cee15d7802aa,local_cache_or_large_generated
data/pandar_hypothesis_2026-09-07/theta/option_history_quote/831f5b5f829b67c6190b569a78e9237c0d7647b44f5a1c9d486cecb2de211c8b.parquet,27860,9662687ff04f6d933fdc498894280b47d9bdc6d08299fc56efea49c763dfd1a1,local_cache_or_large_generated
data/pandar_hypothesis_2026-09-07/theta/option_history_quote/83dac0ea292121efd4971766dced45bc0d1b871b4fb1deba4a8c172056a2599b.parquet,182091,ac52a1a64cebdc4b9ffd3682a3791116d92a704d4c3d7e701daae0f665ea1e6f,local_cache_or_large_generated
data/pandar_hypothesis_2026-09-07/theta/option_history_quote/8405895ce1f9b6c40192f757ac402f486d6ade0a5a688d525d4cc7ef59353e04.parquet,33635,fdc7f53b609e2abb59e824a385b2fd0d4f11db5ec337d3cb527a8aee24d1aaad,local_cache_or_large_generated
data/pandar_hypothesis_2026-09-07/theta/option_history_quote/8671a807f6942e833404461fc7b59ffc4f85e9991fe19785014d67edb7fa3fc6.parquet,151152,de76fcc18b37c4df48dba53b482596bd32560d4641020fa6fd97eae78acc70e8,local_cache_or_large_generated
data/pandar_hypothesis_2026-09-07/theta/option_history_quote/867911f8bf469c7c66f1795108a8d3ee5a6d7015dc9d3b8bd0a65bc207a2b0dc.parquet,24455,32a7bc446d9af22dd1ad78b7defae490ec128ef474fe382d3f9c6c899155b467,local_cache_or_large_generated
data/pandar_hypothesis_2026-09-07/theta/option_history_quote/86efec8eb66174639a0294a6ab7005159d41d338726a42574d464293e9590308.parquet,25495,ab529aee2f410a6ae093af59419a983b5f9b1f028844036f8641dec4538b1fe4,local_cache_or_large_generated
data/pandar_hypothesis_2026-09-07/theta/option_history_quote/87152008f539b95f1181c48f678e380778615602e1b77031d70497fa13e6b19c.parquet,517441,79b100483d439e464bea8b0f1837bd7e297d5ffc8aa7b5fb8adcabf0c6c09d78,local_cache_or_large_generated
data/pandar_hypothesis_2026-09-07/theta/option_history_quote/87a8320345b7f1d1422c2c37b9f86b613e4c075a39fca457781718bed6381e43.parquet,253796,f3db88c4778f860b22b59d7f4eb786ee9286d0062a7f1c5bd35c6f99ea93d444,local_cache_or_large_generated
data/pandar_hypothesis_2026-09-07/theta/option_history_quote/88645fa905f96f541abe3db3a1a99f51d9b004e325acaf13276f81362ecdb536.parquet,9747,031a3ec0b7c6f386a842fb843b7e32153eef9c4fac0f9a41cc4358fe1ab1970d,local_cache_or_large_generated
data/pandar_hypothesis_2026-09-07/theta/option_history_quote/888afba59991392c110e56b2075c45a96de408091d737738e80f0664bd4190a1.parquet,33623,2ecc1942193ee2d274e238c6abec721c20b1ce136b76a4cc88f0f5aeaa27ab3a,local_cache_or_large_generated
data/pandar_hypothesis_2026-09-07/theta/option_history_quote/8a945aacda29bbe867d63b306148665e8f3821de1dde5647aa604bf42e2c71ce.parquet,206655,c63d1e6466fe1fad157bdba6308b5a57fb313617daad9d0c6a9a6fb51e6bc243,local_cache_or_large_generated
data/pandar_hypothesis_2026-09-07/theta/option_history_quote/8b743d1ae44d2bae186cb979219133e1c5f259ca23881b13ac1a8ba8341df923.parquet,28411,aee1e35c78b14d701a23df14a34b46ee83a6db4b01e685d269164d617dc120ee,local_cache_or_large_generated
data/pandar_hypothesis_2026-09-07/theta/option_history_quote/8b8c312dbdc7f623e121ca061d0e949b64af3bdb0c7d204b51c1726581f4fea9.parquet,32133,0c546173f458addf498b2840351509a34cf6ada632cdd34bf866577b189dd6c4,local_cache_or_large_generated
data/pandar_hypothesis_2026-09-07/theta/option_history_quote/8bad0b992ff13f14a6f3b73c949fa2f63be20b2636914289a4e98a3db8682123.parquet,326252,8f450c10e54abb523ae97c8a8e944876d77e5114f4443ccb497f7c1a506bede5,local_cache_or_large_generated
data/pandar_hypothesis_2026-09-07/theta/option_history_quote/8ce5208acb718d0454fee43bf039584c50f690ddb37f7943d50c35d107b26b72.parquet,169935,d0829614fc98d5d46113a581e568cb9e0d0f8f1d6c601cc51af6ef18f538c746,local_cache_or_large_generated
data/pandar_hypothesis_2026-09-07/theta/option_history_quote/8cec232afa905f9334941559d64c27cfa71fadfb1a5e5a0a9642f078228d5a9a.parquet,61818,3f8a4d5c1a8660dd87f794c344e28137100c7ed0ec2a6092401ce3936e79527a,local_cache_or_large_generated
data/pandar_hypothesis_2026-09-07/theta/option_history_quote/8e3dbd0ce83c077d06cdd63df894c8e362d9283afa145b3c72061775aa383b2f.parquet,31186,97aa5e703021c94b22fa47072df7a15c787c91109709377688e429d9f98b5762,local_cache_or_large_generated
data/pandar_hypothesis_2026-09-07/theta/option_history_quote/8f7fb3c0f2f621e687d0d2324c3d93b69e3e504ae213e920a27ae0cb8dd5d531.parquet,101695,8e273081618595d2eba0475e5961b5bbf60ab55e569249dfa8b7ad65a132efa0,local_cache_or_large_generated
data/pandar_hypothesis_2026-09-07/theta/option_history_quote/8f94e2669708af9875260c779f0ce1ab476bf55cf098b9f59551a57c4c79f038.parquet,33813,af022247df25544a5e1a2b94ed783460b26f8198f62d8262016aadc19ef1c231,local_cache_or_large_generated
data/pandar_hypothesis_2026-09-07/theta/option_history_quote/8faabdf7801786ccb6214e7f3e07234cbc809348897697a3bfc303e442482fb1.parquet,17819,ef7d2d039e482dc71ac888880275ed3b5cbf8b966950ea7628f921f4cabde1fb,local_cache_or_large_generated
data/pandar_hypothesis_2026-09-07/theta/option_history_quote/9009d447fdd96d7c73a88ca334a924326ea1d9520076e06c96484c6442529147.parquet,32127,bdfdc7f22f62e801be0f487e1ae65a0ec303b9a64d46ea1a8ba8e78c088fae71,local_cache_or_large_generated
data/pandar_hypothesis_2026-09-07/theta/option_history_quote/9062fafe6fab50210b8503319dd49ba9cff90a6000f04b634dcab53debe48e50.parquet,9941,8d9202da7f39ec1c1a25aa2508801c1de377bb9d3a648ab7feada31d6bec9619,local_cache_or_large_generated
data/pandar_hypothesis_2026-09-07/theta/option_history_quote/916298ec09a5590198f28d43434878e14d6ce096a660214d353838651cf55281.parquet,9727,ebaabd5fa9fc9234b22e702d2f1e056cd2ea60ce51edda0cc03d3f05330412c7,local_cache_or_large_generated
data/pandar_hypothesis_2026-09-07/theta/option_history_quote/917c1f6a32b17bee0ca145df6924b705a3da99d62d5550cac3198ddd95c4c1a6.parquet,26793,9c16bce8291975394023efbff77a48a2b693984af8d540e6393b1287b866ab89,local_cache_or_large_generated
data/pandar_hypothesis_2026-09-07/theta/option_history_quote/91a045d15e54a1b4fac6bac52c4f5188e2e168c39f8c7f487f67f19e4245ea0f.parquet,31968,a350409bbbe1a9cbc5497913ddaf5b8e456917877ab78bc520175298a2bbf248,local_cache_or_large_generated
data/pandar_hypothesis_2026-09-07/theta/option_history_quote/92379f4692f46bb19f2fdea5987c24d943812ef89524c573ca2bc6f640dc2636.parquet,26198,54bee48e4eed8c236478a2efea6cbeb104a64b43b52da6924e1ede3f02970cf1,local_cache_or_large_generated
data/pandar_hypothesis_2026-09-07/theta/option_history_quote/93269a46afa41f0d1bfeaa27698965a6e9e9ef8bba63a9b49c25d45d5ff26447.parquet,22912,5feac5269f82b28545f030036b5700c39a47797f79b3f3c3dae5aaf3a28b89b6,local_cache_or_large_generated
data/pandar_hypothesis_2026-09-07/theta/option_history_quote/938fd48eee4a7494228109644c24d028880317b3859f27acbbe2990aee112e68.parquet,191546,e49790d3cff0e090dcad1d54a3b37b2d485ad297d156d8bd1f0e1bbcc4624c4f,local_cache_or_large_generated
data/pandar_hypothesis_2026-09-07/theta/option_history_quote/943a3ac73f128e76337ca39ff4164dd3e2b35c799e75832f4e698d0654716dff.parquet,46909,6b396d3b46fc6899cb5a621d51eb909298b9db884a975b5440ce9e89cbc96175,local_cache_or_large_generated
data/pandar_hypothesis_2026-09-07/theta/option_history_quote/946d99ed1de86318d7db4cda6c6b2d2e1a582ceac8b6b56493e77dc748f1bbc5.parquet,29453,6cedca9cfaece1128e8e960eed35595d3d11ad3a17e74ed62ac753bc8e1fd397,local_cache_or_large_generated
data/pandar_hypothesis_2026-09-07/theta/option_history_quote/953995279335689d53c4405c8497dd47e397ae879dd41b4afa038e5dc3f4d509.parquet,26257,421da3ed3d384f60eb199d71a2c3d521d40155e3d201f861d1ff598c22a1d667,local_cache_or_large_generated
data/pandar_hypothesis_2026-09-07/theta/option_history_quote/963355367fcf540433ec727d9e239b3ba191db2aa5f30710fd9f8b871f938e6b.parquet,26147,d164123362ddefbf1b866bfec62330b797fdaf9f6268da44616b1da92096bfeb,local_cache_or_large_generated
data/pandar_hypothesis_2026-09-07/theta/option_history_quote/96e13d1f4ace62b06b0bb4c3fae973dad50fcfb1637fdfd29ccec1706cd33e7a.parquet,350092,0540dec14b02ec143792f77a3c573b2ac84db2482ca88e26e5c581a7e78c076a,local_cache_or_large_generated
data/pandar_hypothesis_2026-09-07/theta/option_history_quote/97192d381c1cd5b3fec9603ddc7c5e3987caa71306bbfb41f0549b1097202a6a.parquet,201840,633889fe5b51c15909b5f1f3b46f84e0e865538a54b95943556a2c717e73774b,local_cache_or_large_generated
data/pandar_hypothesis_2026-09-07/theta/option_history_quote/9736c1de9ea7921982215ff203f148da4e7ca30f6d2c143194e37adcf9e5a42f.parquet,25568,fc1f6511c45a608c56d44df4b150931860b0bb395477f048f2e1a443a3372f46,local_cache_or_large_generated
data/pandar_hypothesis_2026-09-07/theta/option_history_quote/976e91163ed1a39505e62b8a8ac6c5a8081b594768ba085330c2a6e5528c95ab.parquet,84332,a317c2143c9f41eefdee02355d631439a193847a94801144176bfe0a02ed3b3f,local_cache_or_large_generated
data/pandar_hypothesis_2026-09-07/theta/option_history_quote/9842b0bdf012811455982c5da1952c95192ae36c119016e2a1c8965ac0281e31.parquet,155579,7016986217d78d51a68f5986d1f0fd05b98e10db965819d04443af9452bb088d,local_cache_or_large_generated
data/pandar_hypothesis_2026-09-07/theta/option_history_quote/989135df2af05062130f2336a5231dea1394029c6da8942acba5761255e54b75.parquet,15152,5b2f0d20702292e44fac08597b714b680f1ee56443299ee24b135618e0c16785,local_cache_or_large_generated
data/pandar_hypothesis_2026-09-07/theta/option_history_quote/99249e51eb7c23c28987cff04016fe712c0f4c193527477f9acbb721e3f98aa5.parquet,27113,f45e1ff27e9a83a4453365dde87c34cf3615fc29540f60334b7952622227e582,local_cache_or_large_generated
data/pandar_hypothesis_2026-09-07/theta/option_history_quote/99f0336d8596c3be42eb680457c4eac686a9678507f9b802183c7cd1fb8eeac9.parquet,23323,4b8ac5dbb337393c015659ee848e5facf00c4c2ee39413d7ca6e42e7f843030c,local_cache_or_large_generated
data/pandar_hypothesis_2026-09-07/theta/option_history_quote/99ff05db1edd8745320a429564a8b152cec387f8b6d753fc27aebdb40ee2cea9.parquet,10293,2fdc9af18332b7a2694b203afeefd89e1e5f00878a0c35d4917009534c0267f9,local_cache_or_large_generated
data/pandar_hypothesis_2026-09-07/theta/option_history_quote/9b4faa23c08b38a48bd6d200e9cb17e1bcab9c147081de06f12676d363b403a9.parquet,26525,8a6c8e7cd2667197fc2b797df904f8abfe66b56d1c7e31f06a3253fb90e3fa57,local_cache_or_large_generated
data/pandar_hypothesis_2026-09-07/theta/option_history_quote/9b53cf5174ba9bd1805068d841908b706dac032394795abcc2e4238e2cd436c0.parquet,30693,170495c86170c38593d9f8260f20d050d0eed9a2a41ef39e31b625d8d4357814,local_cache_or_large_generated
data/pandar_hypothesis_2026-09-07/theta/option_history_quote/9e32a43d19f9e5edbff4d2d0ffd849ff81cabad120dc77c8c6ea571543469ad5.parquet,261093,500e06e0a928c2ba49e197bd56005021225b37ff78b715d01bf2a1aa4329775f,local_cache_or_large_generated
data/pandar_hypothesis_2026-09-07/theta/option_history_quote/9ef4c1af415efcdf35f4de51eee8083b7b9acd86c58855f353cc23d9df904b0b.parquet,140641,1bc5a2fa02f23c3900717f9b44afb3460d90c3a4f54fc2f8ffd5d53721d04db5,local_cache_or_large_generated
data/pandar_hypothesis_2026-09-07/theta/option_history_quote/9fb48aa52ba3b7c599bbc4370690dfed05477f0b7012ca382ad0fd7e5532d514.parquet,9096,ba5835c6215da0b86e6983489bd180d7c7724324ec1740511f8f82f1d5f9ed78,local_cache_or_large_generated
data/pandar_hypothesis_2026-09-07/theta/option_history_quote/a03681c31f5e87e9344c691316a11d381aab2c5ad6c5ab68f700f84bc3d3b5fb.parquet,28699,6c47deef99e7bf62dbdacf43d171a875b42ab2a9f076876c530ac35ef2e493a4,local_cache_or_large_generated
data/pandar_hypothesis_2026-09-07/theta/option_history_quote/a03f05014779903806b4761e633a7d2113ab87103f5ea9e5204f2468b394fa00.parquet,214884,52d47c9da5017b2783e6c083150bbe0831313a457cffb18cc2c7a5cf88c2302f,local_cache_or_large_generated
data/pandar_hypothesis_2026-09-07/theta/option_history_quote/a0ba7b3ac2e9c5ffea2b8fc04961fd3245a60db07f6d2fc26bb617db91f132b8.parquet,29710,2916d28828d74466fa16009a5550d69442b4756684dc57b5bd902e8abd3b411f,local_cache_or_large_generated
data/pandar_hypothesis_2026-09-07/theta/option_history_quote/a14cfdb4d37b37e331b3939e51ff641f18656db4b11304b214ae419ce97f99be.parquet,31913,8be522c7989caf60f08709b6f83f9a0395f49922e0931a735219944712c9a72b,local_cache_or_large_generated
data/pandar_hypothesis_2026-09-07/theta/option_history_quote/a2778c02d7d98c72f389542ff9f7b83d7474e0b6491b16f50f3481695e400525.parquet,28322,22e2df9eeaa5057b9ec93527bdfe7de9642ba2d11331fa54fc50b8dba24b9ff3,local_cache_or_large_generated
data/pandar_hypothesis_2026-09-07/theta/option_history_quote/a317eda118a621d7963b6cc69112ab9d3370d42b120d3696ad423e258aa138e0.parquet,9400,475a3000a1584c8518bcb5e0a2195eac5cae9401bd9e7caa7f14cb822bec1a67,local_cache_or_large_generated
data/pandar_hypothesis_2026-09-07/theta/option_history_quote/a37f4d128ade1569fae3fe131bb1553e4fba427288c7acba4df2f230ce05ca2f.parquet,28203,b7a6905138c5c196b68c9601d1198c1b9367897fbb9d23dd00a1554213a20c4b,local_cache_or_large_generated
data/pandar_hypothesis_2026-09-07/theta/option_history_quote/a39f89bd08080734005872509fa4e3d31450615e53f0299c049eabe421fc62d7.parquet,22794,4b66805d25378cf91375895402cfc4f77e9288f8720734757ee9612d27528b57,local_cache_or_large_generated
data/pandar_hypothesis_2026-09-07/theta/option_history_quote/a3a0ec914c1c2c6082d48f23122da257a48c3c74b71a43af217c8a5d8d488be1.parquet,23895,707ad25197d23537d109d7dad6af61fe98828f7dc92f24aa8ba82555732e1c4c,local_cache_or_large_generated
data/pandar_hypothesis_2026-09-07/theta/option_history_quote/a4bc48f4ddc4142a10b7dfbf0f8f59bd7aa241b98171ba79a43249b6900106a2.parquet,83389,bf62ab09915d587b11f3aabfabff5906edb4491e6c07c9b3594e6a2259d42c14,local_cache_or_large_generated
data/pandar_hypothesis_2026-09-07/theta/option_history_quote/a4bd4b88d3d5d2eec921b5f690e00181c2186e272c94d61c777b42ca7747275b.parquet,9120,961306fc5e1616b4f77177b52bdd3746ad3e0627d3de651f201a45012d612529,local_cache_or_large_generated
data/pandar_hypothesis_2026-09-07/theta/option_history_quote/a4c0e4282c82c93b3d117dad4f447abb5c343bfc1e00115a46bfd06ea4a92895.parquet,9192,b6c8a189eb1c14ab67cb7c31246d68a0be0b1cbe689a59bc43f10d21db0a4b12,local_cache_or_large_generated
data/pandar_hypothesis_2026-09-07/theta/option_history_quote/a57a1994d5a5307532bcdfe3653a05711be335436e9866d146d41ead4c65f8e9.parquet,65491,e2e02ce4f57ac51693c30e744f8c403a62935122444b8d981002a00d248a39be,local_cache_or_large_generated
data/pandar_hypothesis_2026-09-07/theta/option_history_quote/a5a4fd384cb64daf61d9cff0d60ea0189b4139924cc4f47bbc1e3c54deabc9f1.parquet,106615,68cb848af56861accb96a0154940b5be270cd3ae5034868e97d184c89b14c91f,local_cache_or_large_generated
data/pandar_hypothesis_2026-09-07/theta/option_history_quote/a5b3d0ac6d0250ff943fa2f97af28807b884996e375465d59c301d911bd13a0e.parquet,43012,04d4e9f60a2333fa3e0bc58ed4a432bde810165927ae0a2ae6e72376cb1ef037,local_cache_or_large_generated
data/pandar_hypothesis_2026-09-07/theta/option_history_quote/a66f2175f9594c76d44d190e070a1d7e7582672085152230d0efef9bc427220c.parquet,11214,af96e8cec5870afeb4d5aaf70886b0fd62924df61289224bf42d743aaa7492a5,local_cache_or_large_generated
data/pandar_hypothesis_2026-09-07/theta/option_history_quote/a679798681faceb857a548c8ebbc120e24534933ea8eb384e6e325afea53004b.parquet,368703,f10d83e58ecdb0ff617edfdce582a184d63422c4bb8a1151cd50ccc74c180e82,local_cache_or_large_generated
data/pandar_hypothesis_2026-09-07/theta/option_history_quote/a83206391eb0a61081b52ee0726db5db6fbc498c638fa0a01cbcd84d120cc25f.parquet,65298,003a27491e741a10d8b4a0c78b32e96b9be6ab1179ea90f1011ce0cb640188e8,local_cache_or_large_generated
data/pandar_hypothesis_2026-09-07/theta/option_history_quote/a8abd1e4774e19bb6981b0caa5a7a69789e48dbfe10e9a12ffbf5718016d3dc0.parquet,24225,f88913c912c3a2d45281d5d84aa9692d8d25492995b82879c11d62aea32aefd5,local_cache_or_large_generated
data/pandar_hypothesis_2026-09-07/theta/option_history_quote/a9e9bc35cac6b465c730b9c4eca95c250f54be3f53b4e204d0b7b99ca95888b8.parquet,438205,3bc3228bae1e92ba356447be5a191d999c4e29a5c3cbce5ee8f03dfb21ea0800,local_cache_or_large_generated
data/pandar_hypothesis_2026-09-07/theta/option_history_quote/aa4788c27bd26de81abc514c94f25a4c2395f4f878cc33473166f25e17882e8b.parquet,29417,21c1f5a27a5effb5c23b60ae101a6fd0bedf0d87958a16ebf554f0432834592d,local_cache_or_large_generated
data/pandar_hypothesis_2026-09-07/theta/option_history_quote/aa4b2457978f9c71406cca5c4e713d58fba992ca230dea539c46335c677dfc96.parquet,252465,44143c670b251ac1c4acba7a227205c26d8e55c694c56500ac0efda00f89e9aa,local_cache_or_large_generated
data/pandar_hypothesis_2026-09-07/theta/option_history_quote/aaf835770377645a81d5b4e17ceba0c41f6638ea86e339908c70316d0030229f.parquet,176287,30097b07f429c63e95f1692bf720642d9ad4fb3bb12439e52f5addd64db4f099,local_cache_or_large_generated
data/pandar_hypothesis_2026-09-07/theta/option_history_quote/ada0cc08c375ccf8eb9a88764dec264762a59222e6e82be68e92f84a926cf780.parquet,27407,8651a3e4d4af3177a9976e9aa7d431ca948587adcad00476adfba66dfe80a58e,local_cache_or_large_generated
data/pandar_hypothesis_2026-09-07/theta/option_history_quote/ae44c212fd4c12bbad05ae5865039945ca7d5841e46dfc6eb1c99baf94a92f60.parquet,39212,f6118b5774185f97a6fab62ca49d0a1d274588bf725eed938ad243560cae91be,local_cache_or_large_generated
data/pandar_hypothesis_2026-09-07/theta/option_history_quote/ae48610b8097577e8d689b2496314c85b812408fbad0f508646d4704b8456d94.parquet,25988,b02cf86b162e77191490f9cb55f2e98084c842e31f08dc82162d10d6fa972a4f,local_cache_or_large_generated
data/pandar_hypothesis_2026-09-07/theta/option_history_quote/ae5cf73879d1f1212a67f3b40f4a140eab3394bb4c7621c021ab2c53bc2a4147.parquet,53339,b14eeeac2dd157b76224e98e50bdb32fcb2cd57fd71e935e25e262ec508222ed,local_cache_or_large_generated
data/pandar_hypothesis_2026-09-07/theta/option_history_quote/aee6595dd333287cab2ec3cf0fadbadb0d29a7f1cb04d623db1b3f0f15dc2e6d.parquet,33015,fd23dff235b50cb2af8ca8ac923f3bd324059fe178064c4250f52a9994468de1,local_cache_or_large_generated
data/pandar_hypothesis_2026-09-07/theta/option_history_quote/af145476dc1732ec331ad083797e769fee77f827a6f1ee19f92ac945f1b67ead.parquet,541012,ed84114665b5b40910d646457d139f4b8fcf85ab088e32b1de694e5aaa75626a,local_cache_or_large_generated
data/pandar_hypothesis_2026-09-07/theta/option_history_quote/aff05f9d980185ad7004e624c24095bbd432e91fe48965658e030b46c7ffbf88.parquet,25526,85aad274e77e8d783b0d0aaec26572be5e2626890d764c73f0a06fce30d37a81,local_cache_or_large_generated
data/pandar_hypothesis_2026-09-07/theta/option_history_quote/b042eeb83472551b62babecb946d4df5e2e7f04f5c056d7dda1c2fc5130acdf8.parquet,31977,4cf6545408e19df72802be3ceedc9547738faed59c835ca605dcb3d4ac8bf69b,local_cache_or_large_generated
data/pandar_hypothesis_2026-09-07/theta/option_history_quote/b07c430c06344c0bac4e13c79e8eebc46b3051c92fd187e806bcbd9d4e31ffa6.parquet,26152,98ec0b376f700eadfd2cb746ade94dac71c441f9dd430502e5750cc7666878b9,local_cache_or_large_generated
data/pandar_hypothesis_2026-09-07/theta/option_history_quote/b0c2feaca03713a08dee9f7aa0e0d81d5946099f073fa8d53d304763708d182c.parquet,72479,7fb1babbbfc519218cfdd9c776d542efbe47262dbeb5ba8db84900c41223ee98,local_cache_or_large_generated
data/pandar_hypothesis_2026-09-07/theta/option_history_quote/b1560c3e75db073877a1e0e0312871086edf22fd9693d0ce8f2524b5d8dbabbe.parquet,192211,60c7db94114a8f9b89cb6f0658b34cf6510e355fbcbdb194ee4be66c97d46d68,local_cache_or_large_generated
data/pandar_hypothesis_2026-09-07/theta/option_history_quote/b199cf31fbc810420fda0ffe32b22a28e6618831a7af14310624884598ddc5c2.parquet,18518,eb97cf85370744467aee53e52aee711a9653684a38a0b8365932b4788fbe7de0,local_cache_or_large_generated
data/pandar_hypothesis_2026-09-07/theta/option_history_quote/b2783fc1d71a5872b9c40fb12eb5da237485e4b217fdbc72a9512caf3693c16d.parquet,36175,f3da8e996cd2ccd24a34c6d296724189bf5f35e055a034b85995cf20d73451d0,local_cache_or_large_generated
data/pandar_hypothesis_2026-09-07/theta/option_history_quote/b3f4fc91c47d410eff8ccc047dfa912f0ba6e4865645c17fb7a067995b466a33.parquet,9481,c0fcc4b517cc4a68a92d08dc7256fca8c47bcd78bf7e76d6ceae5ec13b7457b9,local_cache_or_large_generated
data/pandar_hypothesis_2026-09-07/theta/option_history_quote/b4ef2b6e2c5a379fd9bb090e78bcb92e34645384a2c00ba42bb2c0f6f36907da.parquet,30006,0019b92220cc4c0c29bf2467371fb42eb37d86c1983308ba8192c9a1193ba66d,local_cache_or_large_generated
data/pandar_hypothesis_2026-09-07/theta/option_history_quote/b5cca63855fc86e2d3b8a18d080ca7e07352d6fdcb28a78aa0a68da4b70ae7ac.parquet,24495,9fcb0e2f2349d45db433c3b247ea8d5425b8a0471c0cdbd15ca2a89bb621a041,local_cache_or_large_generated
data/pandar_hypothesis_2026-09-07/theta/option_history_quote/b64c9fc99b3215b75730480288269d6cca07d9f9c5f7b21f9679802c5ca7ec30.parquet,249732,0ab9f9c77c0f15ab5905f500f039621292d7e7e9e356ec07c2fadc71c7b60370,local_cache_or_large_generated
data/pandar_hypothesis_2026-09-07/theta/option_history_quote/b7043687d15e2bfef5e9992077b11f7a8f8dab5b4d7ae4106af5775242044c39.parquet,26121,933eab8cd3eceea6093124f05e01cdaa25b3690274f0c7d9a83972a0db2483c2,local_cache_or_large_generated
data/pandar_hypothesis_2026-09-07/theta/option_history_quote/b81e4db4568fae6f790daa16659c9148e6cd441d75e2b1151b37eb00c7782ec0.parquet,27755,f0ed2579a8eb4369472a72af70e15cb16b810651176c5eac05029d0978d3e920,local_cache_or_large_generated
data/pandar_hypothesis_2026-09-07/theta/option_history_quote/b94b8f09bbd959d2df0eb038abf9f09a5ea70bfec82ae98657d6d95f19cd3405.parquet,107104,b8c1c623f5bef167405eead605e3e263a7a5fa19916d8d323eec7dac6518b937,local_cache_or_large_generated
data/pandar_hypothesis_2026-09-07/theta/option_history_quote/b99955b81264b0afd6269e163aee05d37871defc9b63e2bb263d67e3c1f2e635.parquet,176533,2896f651b90c66e3bb8cbf9c51d7ec7e6f1d4529570139f5a47975c857dde122,local_cache_or_large_generated
data/pandar_hypothesis_2026-09-07/theta/option_history_quote/ba9c033316352bdb9b9d0ff570819089ef227cc116bcd4eed59f26cc39fb2c40.parquet,144893,9cce349949a90c4915513632ce50703b0d2bef493e6a24a5893f6a5cea72f157,local_cache_or_large_generated
data/pandar_hypothesis_2026-09-07/theta/option_history_quote/ba9f6d93845612dc50c48dd5fac1c8e16d6a00b5fc3552d593073720295c2998.parquet,28112,02eb536060bb2298b38691e4ffa3fca9b2dbeccc85c320ca836edba6af6f2932,local_cache_or_large_generated
data/pandar_hypothesis_2026-09-07/theta/option_history_quote/bcae5f563575e2c4d8e53b089c107d7f8549c6a6c991d371753cbe6d88f0caaf.parquet,276290,b3d3cc8060e5e57b7b7d6212361ff86b7841176b1f2d16eb758a0ff877e4411c,local_cache_or_large_generated
data/pandar_hypothesis_2026-09-07/theta/option_history_quote/bd0a5b2335a04f2667c39e583a44117a3233ae5758ee611b47d2038e2997bead.parquet,137962,c4ed69c554e4c4db57476440dee65e4f07ca1569ab1b01bf0847ab395b5b05e4,local_cache_or_large_generated
data/pandar_hypothesis_2026-09-07/theta/option_history_quote/beff18e95f0d5435c0a6bf31af6486f4bbc7ad814b092e8a0a1be70c47f956eb.parquet,102036,f5a5fd0024e28960e4aab0ecb1c194bf0fc4b5ee0ee5d38fe047d179284eb2f3,local_cache_or_large_generated
data/pandar_hypothesis_2026-09-07/theta/option_history_quote/bf7bf6e67da85a365144278fede9029b7996670ca947aba9aee94f513fbd5e9a.parquet,435422,25050d7dd40dce4214ce5431f3312c4e8fcbd99ffe2e7852224f3a5d7321bd0f,local_cache_or_large_generated
data/pandar_hypothesis_2026-09-07/theta/option_history_quote/c04429745aefe51af2fe7672e7b0f7e847f8493ca0fee0288c6e46569f769133.parquet,490919,96be3ec2839342ce6c6f0706544414b7b0bdd31c011531326dee16dd433437dd,local_cache_or_large_generated
data/pandar_hypothesis_2026-09-07/theta/option_history_quote/c0968e62ad210d9f70d63748a230052fb0beec3e0225e5ba4748b758b36c68da.parquet,226630,295f2a30440fb84992860222eedf0c5aa13b7dc060e912e5b1f678d35881243e,local_cache_or_large_generated
data/pandar_hypothesis_2026-09-07/theta/option_history_quote/c0b13542cf97515800f701d4a76a5898bf31935823be32ecba7c6a2bbe20f7db.parquet,24672,da202a0600042bf46f99774cdd8843571fb6e2699ca93f1983f2b456236e2502,local_cache_or_large_generated
data/pandar_hypothesis_2026-09-07/theta/option_history_quote/c10696aad442dfd3bee67c38691b17d916f3211cadd364ee7687f9ef2bac9a32.parquet,21084,621306914208b8061b1c1fbdd82621c182e0010c1f39480547ad6ed555274ca6,local_cache_or_large_generated
data/pandar_hypothesis_2026-09-07/theta/option_history_quote/c1a4de73a3e18653527b70c2191408e2d2c01f2b456f21710f8bab5337412ebd.parquet,22237,ae6cde36b2064cb8d064a27e3040b547b5471d2581f4574b0cd35a89638e4ad5,local_cache_or_large_generated
data/pandar_hypothesis_2026-09-07/theta/option_history_quote/c3041fde0282baeb2d7386bb3eabe4ff7da2c4dad1bfe915fbe7de617fc6f7bb.parquet,9783,711fca77224748a6069489b6634db6474f62ab0cd789e314943dfb6b238b5bdc,local_cache_or_large_generated
data/pandar_hypothesis_2026-09-07/theta/option_history_quote/c36888a5dfdc794743e379a6f8c0f05faeb9d8321b82e5fdd34f0e09311d5819.parquet,32545,4f867aa5b58fbf4249f8befc0cc804a5f0e9963f03f1ee01555989db4bcf2d89,local_cache_or_large_generated
data/pandar_hypothesis_2026-09-07/theta/option_history_quote/c3a5456613b212904e172c9ecc0972ef0af9beb9030b2eb0697641378fed0f22.parquet,8963,7d972152fadae3a8be7a8450b5047ef232c552f051867bc37ba84f813d483e7e,local_cache_or_large_generated
data/pandar_hypothesis_2026-09-07/theta/option_history_quote/c45280149fe1af888be38aef53aebd3a1453b73540c6ab6b13c4ecfc1d69693c.parquet,9095,4ac7644cce5f253ed75cf3c3dd9d5daffd9dd58fbda49bd1d6439c1791c95361,local_cache_or_large_generated
data/pandar_hypothesis_2026-09-07/theta/option_history_quote/c517343c096fd6186d2cd8f8b6b3b53444189922292309b20206f7a3c631be17.parquet,16715,3f2ec76843bae3273a7402591d0fa553f5462c9af37d775a7ab1c23337b95b9b,local_cache_or_large_generated
data/pandar_hypothesis_2026-09-07/theta/option_history_quote/c556847291bb129896739add8f519e4ac99a10eccd677f2c4873a65ede06df46.parquet,28861,3555a835707a1d55c22e21a08d5663f18ef3db90fb5d977457dbb0ac1e18877d,local_cache_or_large_generated
data/pandar_hypothesis_2026-09-07/theta/option_history_quote/c5f4fdaf60afeee1d4712ae89e8c65f85433fa2fbc6fa967f1e7f9729bd6522b.parquet,10180,0ce71c9453f23958b0d48f8edd3de5e79a6151e7aea162eeccddd578b2944251,local_cache_or_large_generated
data/pandar_hypothesis_2026-09-07/theta/option_history_quote/c5f9e8872af79968b66ee4fb71c4e4e0a7317c15f4d34b2f1d5789ad1e2aff90.parquet,105289,ac3d24792e95f8a0d8e716b272c1db7d281abd65407db2b1917e0226a92b9426,local_cache_or_large_generated
data/pandar_hypothesis_2026-09-07/theta/option_history_quote/c62636efdc54a74e93b182b06d56e7dd61ba44855f7f9c42937df8e2a94a8abd.parquet,330334,dbef6840c844a1b95cf1676b1e3ab2bf3fddb8228f447c0b6d976659d4d2480a,local_cache_or_large_generated
data/pandar_hypothesis_2026-09-07/theta/option_history_quote/c63d1388299efc0aa325696785454f8b5671a2a8e4bee47411925439bbf0422e.parquet,28456,6b2f1b8f0daddae434efa6505371e2ed6c1b3f2c5bb0c02af6bc90be0604c437,local_cache_or_large_generated
data/pandar_hypothesis_2026-09-07/theta/option_history_quote/c6c599ae3a61eb05c985081c432bdb66e0171b69bd5ef914801e5fce32fbf4b8.parquet,32519,b10071dac6d9f99284a0151f797fb75f6f353c90eabe5b1f90c0df024515c1a8,local_cache_or_large_generated
data/pandar_hypothesis_2026-09-07/theta/option_history_quote/c7a47748c8a009459ab61bfcf928f8f45db3b07dbd001357290859e9026731de.parquet,262593,57da497eb747b34ad855052a16bc17dd00be19a994168a4903ee99fc0f43c55b,local_cache_or_large_generated
data/pandar_hypothesis_2026-09-07/theta/option_history_quote/c85350b621d87fc55f206024d0ae462484b5770b0ce307f92581ad8e50e2dde0.parquet,11656,aee4db2e5c1d1769fb9ccb2a95fffda6084ec940bd5dcf7a4c2cc9bbb197c4ab,local_cache_or_large_generated
data/pandar_hypothesis_2026-09-07/theta/option_history_quote/c8cc942fd079c0fe200e22b4537faf1fc74676f7d7c66f104c35d45ba12c0ef0.parquet,32389,1a8802209a8543bf04d4cea7a0101a9cc505cd4d8859811fe504876445506a4d,local_cache_or_large_generated
data/pandar_hypothesis_2026-09-07/theta/option_history_quote/c95a2e74d9333c65aeef85dae3f79ee98a937e81d89cbedfd6d7639ecc434d9c.parquet,26059,d790ce6643f3f03e0488a4cb8d7f22192b9d90dc5cfe5d5c0ba593587976e0cd,local_cache_or_large_generated
data/pandar_hypothesis_2026-09-07/theta/option_history_quote/c9b3c5774d4d4de71e8e9fbd097d23e01b3b278c485fdfbf3195130f13dfedbc.parquet,30199,02e5a591098c00fc8145d9e919f32ac2f3cac8df70f0fdef3475669c3456c014,local_cache_or_large_generated
data/pandar_hypothesis_2026-09-07/theta/option_history_quote/ca0c52545bd0b12c3bb64029722d71376f78ef72e756dbbe173c8e82dd1706eb.parquet,32143,260e071f6638e011aa7929c3f9a12942341496c289438faff65a7f23ce0d8055,local_cache_or_large_generated
data/pandar_hypothesis_2026-09-07/theta/option_history_quote/ca8ce806d12bdf604bda8a7757c03981b51c0c082e1bb23b0ecf0a7142a3bbae.parquet,9172,7db7a342a7b773888f2ffb26fb4d198c9cf2235d978316f8caaaa473e92ba935,local_cache_or_large_generated
data/pandar_hypothesis_2026-09-07/theta/option_history_quote/ca8e5ef5dea9aa9968dc8c4e213eab0d898bca770f26cd904e1dde32e9a378e0.parquet,11225,5a61411daaff0903bcfd82125a9e81065223bad5ffd0ce442d0528919a8d7235,local_cache_or_large_generated
data/pandar_hypothesis_2026-09-07/theta/option_history_quote/cb0a1ff10801a32a85ee9d0dff36ff9b0a3291c7f4914cc931316f196e2a7217.parquet,30000,a9de0edb510bfbffa10c06cd7317899a235193d347a132dab48178d10ef9b8ff,local_cache_or_large_generated
data/pandar_hypothesis_2026-09-07/theta/option_history_quote/cb54448e696b957de4be686f029a63e0093de9b9edf2cface969f903ab48928a.parquet,81705,da2a5289ee81fbff62eb97796c9cf3f05e73b77ab96ed4726566717636687f23,local_cache_or_large_generated
data/pandar_hypothesis_2026-09-07/theta/option_history_quote/cb89a367077b72ee124961d6524d30e4bf1b62c2861aecaf7e18bf27b687902e.parquet,26955,2548ded12f8ef1ef4581f428cac9cc3539c551a97ffab010283bfa0402f42174,local_cache_or_large_generated
data/pandar_hypothesis_2026-09-07/theta/option_history_quote/cb9141af2026026a2b995eb1c829aa0b05148d776096d2857b32ef11ee59de38.parquet,46882,4cb355ed77b29f7703294dfdd34967413f894cf61276cbff07d290ec00c1abd3,local_cache_or_large_generated
data/pandar_hypothesis_2026-09-07/theta/option_history_quote/cb91ae08048eb2030731d412604c45bc87ddb7c1cb3106f1b1cb8e4c778c2468.parquet,8781,de537ba0cb17d22c269dc64e50c436fdf6176cba7d7425ca08c56a0dcfdb4399,local_cache_or_large_generated
data/pandar_hypothesis_2026-09-07/theta/option_history_quote/cb9fe0cc5a7da00d560e9df33e10873b6a542dcae7c0419849fd2ad640eb6477.parquet,10115,6eb3d79dc67bfdcc541308b2064d4eed8fee5444f11e948c0611ac53fa66c167,local_cache_or_large_generated
data/pandar_hypothesis_2026-09-07/theta/option_history_quote/cc3046cd289733968795a3c6a30f38ae0aceafa6fd6ae922976e6f27f1b17127.parquet,25514,46aeb87ec6f4f4713494182f54326699f672161b278b787cb88e5ab6cb98326b,local_cache_or_large_generated
data/pandar_hypothesis_2026-09-07/theta/option_history_quote/cc4974bfca0cf81d2d100d7abb58d4dbdd51c3c3df35402abdf03051bc0fc6d8.parquet,14101,7d1311965c1bb72b01e02e6e0f89b570338e193ed6b936750fec13e5e1602567,local_cache_or_large_generated
data/pandar_hypothesis_2026-09-07/theta/option_history_quote/ccb113a8c2dd4b40aa93067c5b17b521ffaf8cf2f59942bda61f7b6467c85fe5.parquet,161369,7b03b9e82360f1061bfd3b5d501310e20cbb7630505e0c682bf003ddb8a0680e,local_cache_or_large_generated
data/pandar_hypothesis_2026-09-07/theta/option_history_quote/ccb7a154658858a2d21def11b05d994824446b0a4f28f12f72de205c46466347.parquet,106348,0da3fa2fe6d47a3ae1f54e60fd442ea0baeaa2d3c0ba36657264214b6a1bba08,local_cache_or_large_generated
data/pandar_hypothesis_2026-09-07/theta/option_history_quote/ce157a55a6f9d4e4b3086fd1c3296800f7fe9f400ab157a2cda032902af81df5.parquet,28559,a8971caf6954018ad26204758bfe933014434556bdc546836dbf4d0666d33ef0,local_cache_or_large_generated
data/pandar_hypothesis_2026-09-07/theta/option_history_quote/cec610fa6827de8db37b2af139e3e1d4050331b11d55451664905be88b52d15f.parquet,491087,ca19dd0220cdfcae838e2ed09053558192f9e7473497cfed3ba46c149c21f2bf,local_cache_or_large_generated
data/pandar_hypothesis_2026-09-07/theta/option_history_quote/cf60e2998a3652768508cc8451b574102a0ef3fab6ebbf155d4674f5a99641b7.parquet,212320,e823c36671d4024cdaf70332096a6235f076798a181d97aa83110b4bb04a8755,local_cache_or_large_generated
data/pandar_hypothesis_2026-09-07/theta/option_history_quote/cfbf8914a5461f5918b5fd9b02dc3607e43111f23ef7b837aa3b0369bbadd119.parquet,9874,8ecb9cf5fe4a5d5266f5d3157cfb11aeae129678314ad940b53d9846b070ce36,local_cache_or_large_generated
data/pandar_hypothesis_2026-09-07/theta/option_history_quote/d01bf021ae61e220902d17f7c5f0dd5bb7170fa4998241ed78a0969e16edc433.parquet,32534,7cf10217b7e197d86e1b23bb3ecc303280a0dbec624ed8f765e4341cf68cc03f,local_cache_or_large_generated
data/pandar_hypothesis_2026-09-07/theta/option_history_quote/d08e707356d947ad5404b1d8cf1573f74fdffa1d5eab44c83d7645728f2c3bae.parquet,10117,e06e233cb50f0344d4eb514cb0a02104229df9deadccfbd5914c413724324b2a,local_cache_or_large_generated
data/pandar_hypothesis_2026-09-07/theta/option_history_quote/d1b9e0b89a9c8f2ecd49e964b49578b475bce7b7a6e7adab1a2158680859eae0.parquet,25733,ec694981d5fc1262202a637c86c50654778624e70638b46a1451f532d63b8cb8,local_cache_or_large_generated
data/pandar_hypothesis_2026-09-07/theta/option_history_quote/d256e195ef1a0d06e9b2de3ffe40d959b8f0dda191a82721a934f59e09534502.parquet,29487,f5da605fd17a25f66bcef6b7a50437670a83128b82d9bca9874646495a560b82,local_cache_or_large_generated
data/pandar_hypothesis_2026-09-07/theta/option_history_quote/d277a3ccdc70ea4a71c9078d32cfd1477a6a4296d7c7b0399e452178488fb555.parquet,25719,325e3f4e38f39e00400acfa9019607d95609628b88c1f15ef32ab2cb48181a25,local_cache_or_large_generated
data/pandar_hypothesis_2026-09-07/theta/option_history_quote/d283ff1b812bb71f1065c031b1d1e66cb2cd664f88eb85386a1397a7a41366ec.parquet,148477,c8b5db655b160eed1b0fbdfb19064d4c832edcdcb3b2b64ae008da4c84b3ef52,local_cache_or_large_generated
data/pandar_hypothesis_2026-09-07/theta/option_history_quote/d3828540b79f53f0eb0a02daead5e0f350962c3859086582e44ede69b3fef3f5.parquet,28536,55b179a9e04f4c414e4c25204b26022446486a4847b29d18b26b123972b42aed,local_cache_or_large_generated
data/pandar_hypothesis_2026-09-07/theta/option_history_quote/d3ab23f902bc384767e6f38f6470bf7383aaa282f71dd0a1ed494df4f0165028.parquet,9409,0224db8e801282666d7e3a4100c0c84795f53608f77698b574bd076871bbefd3,local_cache_or_large_generated
data/pandar_hypothesis_2026-09-07/theta/option_history_quote/d4a528acd724e6de2bba90d1c28d91860299cc568d1a05f1ae2c3b8b72408670.parquet,9750,a976c8579101148d380f35e077848a89a652da05ee682f01ea388a336f688075,local_cache_or_large_generated
data/pandar_hypothesis_2026-09-07/theta/option_history_quote/d4d15f113b9a876d8b33d7e21738dc8ea4a63d384d8f458085ea8704114d5469.parquet,27757,d7cbdb08962af7daa544d9afdcc42dc91a32fbee0f313464b65aa3f75ace3770,local_cache_or_large_generated
data/pandar_hypothesis_2026-09-07/theta/option_history_quote/d6af9332450013716396eec0612c721a2272933b34f362cb5d29da348803f962.parquet,105826,fd2978b003eebe1cd3c69da7acb514bdd67a0fb30eefbb3799d367ec657c590f,local_cache_or_large_generated
data/pandar_hypothesis_2026-09-07/theta/option_history_quote/d75daec66eaff514811f5913d53eceed840a471dbe9815e3502536b597abf158.parquet,25627,5a4063523141f7dcaa28fab29fb7c03f4f77b8237f786c0351f6b4b15eb293af,local_cache_or_large_generated
data/pandar_hypothesis_2026-09-07/theta/option_history_quote/d7cdc0395a8a7f2afb7b45077dd224625a0da636caeda1c776b00b6d32308476.parquet,24477,6e559c5d7e6e62c485477f8952d4f1d26ea2ccdc4378f83d79d646df2f7c9163,local_cache_or_large_generated
data/pandar_hypothesis_2026-09-07/theta/option_history_quote/d8a08c69542669ec426d7f4a706261ff2044c035dcd69d5761d4214bf4df22f4.parquet,12662,8968beda707ccd7affddfae3f3abdc19d2d25f223be7b6a68a1265c520bcd71f,local_cache_or_large_generated
data/pandar_hypothesis_2026-09-07/theta/option_history_quote/d8f655caa4a7cf6a45a4a8d3b5ff18a7a536cc1a3ccc302f975f50d89bc94c9d.parquet,24619,be94215a00301c3da0a20febf062efc9cf9b4c2a431f3445f7fb99dece6f7b02,local_cache_or_large_generated
data/pandar_hypothesis_2026-09-07/theta/option_history_quote/d9d78b914354c348cb400b24f556d84bae0971e4c81e4948047d74a88551767d.parquet,271888,626156af92586e379da09881a9608e4cc34b1cfa9a678e8b4cfe8dd05ab91010,local_cache_or_large_generated
data/pandar_hypothesis_2026-09-07/theta/option_history_quote/da4d95115ffad842af06e3577128cf02d521bb6203e52902f3a3d05f612aa763.parquet,34459,3ee0f1a920d4006c17dd1dbae4f6eb9f4038a8e36b974af9fc762a3d9e1998bd,local_cache_or_large_generated
data/pandar_hypothesis_2026-09-07/theta/option_history_quote/db53533c004bcd72a88e46f573a4b3938cdf09545f24a3cd6c2325aa2da25094.parquet,26278,882d05642feb605c508528d5dbc28844886ed02d98df3ca99c862b42ae2a07e2,local_cache_or_large_generated
data/pandar_hypothesis_2026-09-07/theta/option_history_quote/db600b4e2cb740095672807e968c8ae022960bb3c8310b7ef3eb70c9cc593e18.parquet,32668,1069dbb27186e1675ad2a744695b32944a9c26b734405e9d5fdc9d66429b88c5,local_cache_or_large_generated
data/pandar_hypothesis_2026-09-07/theta/option_history_quote/dc0609034d24a0f99550465d2a3896e8dad596718c37ec8b71752269b9b23513.parquet,26044,cb6800ef7457959b03b9cf88acc295f32d6822fed70d142db3ea26cd7edc0456,local_cache_or_large_generated
data/pandar_hypothesis_2026-09-07/theta/option_history_quote/dc1c97d9c7746d9f8b367eac6eaec149cc85e4ea23916815c8787622dad525f2.parquet,486648,1710e070518e4b7c67d619c85d77a051c7c445845f5599248909b42eb06c2163,local_cache_or_large_generated
data/pandar_hypothesis_2026-09-07/theta/option_history_quote/dd5b9eb07af479e59941c30d6fbf513193259bd95d652fd479c5a5a70ff87718.parquet,9100,9004d338fd220fc4f07ac302596c43f97ab81624cdb1cf347a4d6bc67016d882,local_cache_or_large_generated
data/pandar_hypothesis_2026-09-07/theta/option_history_quote/dd6a96df880cf9c0607898d9df558adfdb90206fcbc7028dcd3103f63508c043.parquet,652506,140f8fbac800dffbefc72cbe7b78e6e42400f37ba87fa912b1cb985057877fd6,local_cache_or_large_generated
data/pandar_hypothesis_2026-09-07/theta/option_history_quote/dda8f16c154867e4d1844fd01e55eb248e09a09beb9f8ef377dbba57c29e4c45.parquet,37251,3d6103fae6b6e935251a070de9555dadb8a34ac5d7b2cc7fb98a4d351c9bb66c,local_cache_or_large_generated
data/pandar_hypothesis_2026-09-07/theta/option_history_quote/dea13b0439369949708d501a558ad7a4d52b1a9e0817387913f0d77c473fc8c9.parquet,33842,946e052026f42d234f5ba9630661a490cd7e44002950522bd873d70efde268f0,local_cache_or_large_generated
data/pandar_hypothesis_2026-09-07/theta/option_history_quote/deb50bb4619fae39a2911f9a1786bfedf9e32acd32d2b1636fbd235cacd8261a.parquet,230503,d06060921fa231c3a8e66f27816d1abb0b2f62a0f3e5ed6d7d02d94bb80ebd9d,local_cache_or_large_generated
data/pandar_hypothesis_2026-09-07/theta/option_history_quote/e02985ef23927a0a7f1557e5d63452eea7de330bd68a08b04a4c7addfc678228.parquet,9004,03ad56b6565f672c5b3dd6fe886dd20061976addd4e0c9397a6f092f6c61a7a4,local_cache_or_large_generated
data/pandar_hypothesis_2026-09-07/theta/option_history_quote/e030f652a7b885b4cd682d12d53f203046b8fcdec2c5de778f1ded69d795ed39.parquet,201000,cc00006786fe91c274eeb1e7e7f8ca5e4611842d1e169534c17bd263c5753b4c,local_cache_or_large_generated
data/pandar_hypothesis_2026-09-07/theta/option_history_quote/e076c86a9a2a9f7d41e7388a77b7db66377033330718dc3c8aeee53b8b7c4a72.parquet,31069,c9a4455201b85ece6916ea6489657cd155f1189c4c6f8afd1f2fbeb413942de8,local_cache_or_large_generated
data/pandar_hypothesis_2026-09-07/theta/option_history_quote/e14f4cfbef71519b9c32685a92a3a1d231f8e3a69aeeafe753a49198da0a7027.parquet,94091,de208f85ccd616e2a1a5f99fc3db4a1c19cf9d17df6d82166abfb0a676c74981,local_cache_or_large_generated
data/pandar_hypothesis_2026-09-07/theta/option_history_quote/e280e3995ca02ea4265b8b1fb0c0d77228acc05c9760a690a7f1feff21d95dff.parquet,28152,5eac8a4818f5fb0808da0049e7174ecabbf9b5bb1098e1de1687228f67ad8ad9,local_cache_or_large_generated
data/pandar_hypothesis_2026-09-07/theta/option_history_quote/e5574cc9104476e013f06d01547ebff3061d9da72f4e51ec31fe0c46c59525be.parquet,28350,3e38465294dacb5b799f39b20e97a792c56ab1a7fa06cc26a705b5a65fd46c75,local_cache_or_large_generated
data/pandar_hypothesis_2026-09-07/theta/option_history_quote/e56c93fb1890c87c7c45903d287d1cb39be6171693e7d14fb3e78ab444c05147.parquet,10112,d4cf3dc217140072aad0449e79de7f8e839ab2cf59548832081006f4f8addf8f,local_cache_or_large_generated
data/pandar_hypothesis_2026-09-07/theta/option_history_quote/e613ceccd71443f4031989bdfd28aad7cf94923ee2c475eee579bca85f16d5a9.parquet,36776,d8c11e8dd500e909d89da37dfd14e7e9c8e179de98883587ef7784e63d10a211,local_cache_or_large_generated
data/pandar_hypothesis_2026-09-07/theta/option_history_quote/e61873b22de546fde6fd6d953bf372ec6dea6bba78bd73623c022ff1a665ba27.parquet,33462,24e84efa14c3791ddbeacab92e03a8b19d9d056fe97a8d8b2639bc56693374bf,local_cache_or_large_generated
data/pandar_hypothesis_2026-09-07/theta/option_history_quote/e6fb858355530f645526ed6e7815c6d0b9e0f573177c267866bdd423d63c2923.parquet,154366,4990f55e8a277865d920c89722584cf678e791e7be2c740371d9151e374f966f,local_cache_or_large_generated
data/pandar_hypothesis_2026-09-07/theta/option_history_quote/e733a62823364a27b81e05d7f012a92d4235182cf4440b1165bc9d99e485dc7e.parquet,29401,c9d1bff16e04e1c54b9b2d3370cd28ddbed00fb41eff2f5d9f403fbacd7e16ea,local_cache_or_large_generated
data/pandar_hypothesis_2026-09-07/theta/option_history_quote/e87583897e3ba79301c26f392997e517c83af20746942e82006f941916c45b21.parquet,29500,d6014bc14865f624d693186739b400a5b063862b6d82a6a155251b5df8b90804,local_cache_or_large_generated
data/pandar_hypothesis_2026-09-07/theta/option_history_quote/e8fc72dda1ff2bee66e7a58c9aaa5ae234d0044b6d967c74e4425d33f63b95f5.parquet,32320,7261ddfb5ed76c810e439b44d8871e3d8303338a8ded8053260da472dec9f070,local_cache_or_large_generated
data/pandar_hypothesis_2026-09-07/theta/option_history_quote/ea34bac5b0daf6f0a33ccd428d767d0f512e065c371043b987df86d3b996166a.parquet,352862,b513f31e08c8a8fd28cbf8dde77ae31f145043628f45e42b60eb4ed169669c1a,local_cache_or_large_generated
data/pandar_hypothesis_2026-09-07/theta/option_history_quote/ea79566c927260e33a2600cdee0a4d228425342b29a431255c8c5aeeaad58a2d.parquet,49055,fb11b180faf79ac623fec60dd4600b66650e899ad12a5b460bca965f2ecd608a,local_cache_or_large_generated
data/pandar_hypothesis_2026-09-07/theta/option_history_quote/ea7eb0e874b386eaa4b90cc6d888b7a715a409bbb50e2c57ab1437e05b32ef19.parquet,53783,d39929e80fdf5936b75f0a92016bbbd4ee1cd5018d74cae10af070b3b418c32e,local_cache_or_large_generated
data/pandar_hypothesis_2026-09-07/theta/option_history_quote/eb16806c68f999b081471ce52168a032370376cb3445f58d0287b259fa211aec.parquet,31877,c14487db30857245b5d92b066ea27826df380a4133e0b4efa420cb4f4883e1bb,local_cache_or_large_generated
data/pandar_hypothesis_2026-09-07/theta/option_history_quote/eb468c5bb839cd57ac35290ab5c2815f9fd0bf266806bf5eb3185b47559874ea.parquet,89105,0e8469a4bc6f01dc2c84e98b6403f8858de434c4283d68944d41059980f81ef7,local_cache_or_large_generated
data/pandar_hypothesis_2026-09-07/theta/option_history_quote/ed731c4c978ffd8507a718adf9f03e3597cf479e0fcbfdaac5d3e57e2172fd30.parquet,23813,ae7e39d7f37049463270da21358e962f4e1a65149266f5ed438b3eb808b9fc03,local_cache_or_large_generated
data/pandar_hypothesis_2026-09-07/theta/option_history_quote/ed87185f67922194b6ee425f8a95449e1727788f4cf7d34fb026243a3c678e96.parquet,24483,aac7919747209d0616e118acc3844c795cc429b21bbb07c7a92c9bf0c888da6e,local_cache_or_large_generated
data/pandar_hypothesis_2026-09-07/theta/option_history_quote/ee38333cef651038e6d5329e9fa630e3dcc42a7a25300bd52d119e0a16f3ba52.parquet,56518,2bc25935721990c6effd07d25639d7adcb6edcf04ccebec8aed1d85cd9374e79,local_cache_or_large_generated
data/pandar_hypothesis_2026-09-07/theta/option_history_quote/eec4bbdb1bde33c6d2f2741c8bb468f0aede20735abfdf02059ea58cf0abac36.parquet,28691,38b2d1abbb5cada11219bb1a2e4ca77b8666517bb3cfc06e6f96fa1af79c8161,local_cache_or_large_generated
data/pandar_hypothesis_2026-09-07/theta/option_history_quote/eef948297da9aca0a4991ae185957af7039a41757d31c6fffa66cb541f1eb3c6.parquet,162252,9a55729e03d56a0e403214ca6e80eacf88fb66d1f93ed16a26fde2c2085c81ba,local_cache_or_large_generated
data/pandar_hypothesis_2026-09-07/theta/option_history_quote/ef4aaa0a9a67b24203a5a30f9dfe2511885b80b371e4e8e4fe2dd7918d8bcb95.parquet,117444,614a8eaf844bd512db5be5bb89e4346f679079a5213a8c9955a5719da622fa87,local_cache_or_large_generated
data/pandar_hypothesis_2026-09-07/theta/option_history_quote/ef6aad2e92633e1e384a653aaf25fffaf0e98b88c4e53fe337351c49894585b4.parquet,10089,d6c2db741f8225ae31439562ea9e0268a25cd2b09dea4f546b63fc471f9b97fc,local_cache_or_large_generated
data/pandar_hypothesis_2026-09-07/theta/option_history_quote/efb458e9c5b2ea2877e04e68385128245f66791e1a12a35332fc98695a5ca69e.parquet,134640,e1bd0f7fd7e8dba90aa986c18f2d6fc0bca2e491d00070d53967d170f9951486,local_cache_or_large_generated
data/pandar_hypothesis_2026-09-07/theta/option_history_quote/efcdcabb1b9928526717639d54023686ddbcddd44d80e9a39195fb0aa81c1a14.parquet,8761,fc3e9271195f547c77b7ee3215cc2840120693fc8cf4e88af65a5f7b73a8097b,local_cache_or_large_generated
data/pandar_hypothesis_2026-09-07/theta/option_history_quote/f07495762551414ddda53a2ea54f76da55cc79ed5f1cbdbc10eef0120f49cfdc.parquet,288439,c1a8d42135b751afa1573be8d203a037f9bc9b3cf08b01e540965b58d766cc74,local_cache_or_large_generated
data/pandar_hypothesis_2026-09-07/theta/option_history_quote/f0adc64b22e8aef39d8298ab6f778eaf69991d25fc19c56ed20d9057fe4381fe.parquet,115069,a8ef95d0234278f0196bf2d44d5d5e4aade5b4a93c6180baebe96ff52d79ce21,local_cache_or_large_generated
data/pandar_hypothesis_2026-09-07/theta/option_history_quote/f1e025e2b1bc6d7a325ebc7bfacaea3ff36b6248ea77e29e9528c48d6523657b.parquet,253214,f8adfe0de0df85e2f9f0cd689f5ec200925d7c26e8d2cf5f03f3fa8071da5ef7,local_cache_or_large_generated
data/pandar_hypothesis_2026-09-07/theta/option_history_quote/f25105ef22cb6086db56a15ad58f48cc9fc496f54ae2c7a2428b67adb4342c17.parquet,436689,e0682debd4932442ddae3d6c41bdd190c694739ae1f6f814783d78811cb38fff,local_cache_or_large_generated
data/pandar_hypothesis_2026-09-07/theta/option_history_quote/f253806e7a124b601bfe0203ccbf352bb39e1e189c2e5a3995bef232ae100df1.parquet,25225,9960a88eda07f70c0ea8c38d66b318fbd25db53940459bf0b9293422319889c7,local_cache_or_large_generated
data/pandar_hypothesis_2026-09-07/theta/option_history_quote/f2b47ec44596b934b46ce2487ed92b1392b3ca669d6a7ef4b23404cf1f269847.parquet,63871,989251758925ebb560c0e7737c7c0e78df67f313924b33411aa010a757b24d3c,local_cache_or_large_generated
data/pandar_hypothesis_2026-09-07/theta/option_history_quote/f2bda60eaee62c8773fb607454a5c1029c4d62276663685b18aab39c81fef1a2.parquet,81400,decc01f18253a441e846fbf00458f846efe0436d2b928742d49afdd8832d9ef2,local_cache_or_large_generated
data/pandar_hypothesis_2026-09-07/theta/option_history_quote/f429dfd27bbfbd7ef74d85b621168c7ee6f3f1aece6654e0ec3a2cda6933050f.parquet,25155,1dd791216c8ac19635576c495d0c849d3f3daa91d2723f6315c1bdc4b89044bf,local_cache_or_large_generated
data/pandar_hypothesis_2026-09-07/theta/option_history_quote/f462900945ff5a174bfcf420c569e083aa3ae3b60c1262668b03989017cf322a.parquet,337923,039c819a0ee6a4b4545cf62a58a974b97b42672e9ccf5b7b39215e69b8f6b3b2,local_cache_or_large_generated
data/pandar_hypothesis_2026-09-07/theta/option_history_quote/f47eccebd829421c514b0aff4a0fd5cd148fdae6552962b55f6fbabce1dc99d8.parquet,10386,d044c916b6ab250f7123bff63af3771d9172ede2db5d8f0e38e3295dcf6d62fb,local_cache_or_large_generated
data/pandar_hypothesis_2026-09-07/theta/option_history_quote/f493901ebc55ea2556192894ffcc4c79d771dfdad7df599a963bb235f00670d8.parquet,30659,36616cf0dba2a8706e85c236a3eaff37f407917306356de20d5b50ab38fab5a7,local_cache_or_large_generated
data/pandar_hypothesis_2026-09-07/theta/option_history_quote/f5243d641b55900722233c1d90fc12e0e0e7c22cc253548ffa238ff6a32d0bb6.parquet,98845,b779b084147c20a71d10c8d2547963770a88708a80b747cfec9f20a81d86ae23,local_cache_or_large_generated
data/pandar_hypothesis_2026-09-07/theta/option_history_quote/f5938ec951e6d9021bc3f5e64c3bb6c160913769c1e811de37463a2b72d57b6b.parquet,9330,d93ad6245f3a13f599a61962b733fc8836619affc75037b4b8a66cf875191626,local_cache_or_large_generated
data/pandar_hypothesis_2026-09-07/theta/option_history_quote/f5f0db70efd81180d518dab03963325136656bbdf6f45c2f4e5bbac6589dd4cd.parquet,27685,1cc5d4a2819b620f42c5c6ff95d48eeca5e739cb085f554efefdb7c3a9365f63,local_cache_or_large_generated
data/pandar_hypothesis_2026-09-07/theta/option_history_quote/f601504e794a0ba30a08e5c2f93de47c46f6389863a28f20d1b1e75d904d0cfe.parquet,128795,33cef3d26de56fd597bd20c834a35ed0ef781b41e6969f27263417b4aa66f4a3,local_cache_or_large_generated
data/pandar_hypothesis_2026-09-07/theta/option_history_quote/f6686091385d6476632cb658572692017d43605eb3d7ec673941c1df4c419a3c.parquet,31554,1232c6d63f9db48339fcd4a7786d99e219896b3d1ecf2c59d115339fa622edb1,local_cache_or_large_generated
data/pandar_hypothesis_2026-09-07/theta/option_history_quote/f6db1aa7085a0d4b1b88bf686d5412dfc4951603c3e872a7987f8d9acbca4bfe.parquet,35603,3418d2194740e1b2765b6e552464d01c8151e137654742d9ba462e6e8afa24c0,local_cache_or_large_generated
data/pandar_hypothesis_2026-09-07/theta/option_history_quote/f7dc777da7d81424bcd11b3503ee0bdc84d53a739d88822455bd5e6614be97cc.parquet,272370,f636594dacf703865b7b58083105c25a5e45f176d18c49a960fd2c9ff4b6e9ba,local_cache_or_large_generated
data/pandar_hypothesis_2026-09-07/theta/option_history_quote/f80458dc45bfc8f27d8188f40f9869ab039e09aa12d308e153cf191211ac0001.parquet,12681,c88fc7675065b4c45abf8a21340b99ebc6e35a7a376e4160de8be7efab44e6ae,local_cache_or_large_generated
data/pandar_hypothesis_2026-09-07/theta/option_history_quote/f822b2de2383cb6112f663e1a688c096e70e466a94206abbc6f596a72c807790.parquet,381585,0d9ea204ccb99fdde761bd8e0ca646bed39d76c4a113e467cf5319df3db8457e,local_cache_or_large_generated
data/pandar_hypothesis_2026-09-07/theta/option_history_quote/f856db8c9f7ed698b8f73f4c3fdc37789f0e1f079b3c1ed55218b5ea405fa6d0.parquet,488610,162525cced6c124995a109ab259c3f7a066d064f5ac06ad7ab670f5aeef6c139,local_cache_or_large_generated
data/pandar_hypothesis_2026-09-07/theta/option_history_quote/f88c4e9a6f7f1e65f5b4275258b0e8f5ee843a51a5ba4d84d436e2af7157a0be.parquet,34364,490eb7f6cbd8b8c351fbf05585f77ce28509e0d28fe5e572526e4b72bdd881d6,local_cache_or_large_generated
data/pandar_hypothesis_2026-09-07/theta/option_history_quote/f8b328c2f0c477bc7ad2c2b8ae750cc88583a7e4db06c3fab42505d923a2d197.parquet,9203,ebc3ee70c4ea399f031e29a626fcab475c72d8585e8f01c0a34615da0c7f1d6a,local_cache_or_large_generated
data/pandar_hypothesis_2026-09-07/theta/option_history_quote/fa9579c0ce23af71850afb719f6f533654cdf6804bac835e5b48693fb0bc135d.parquet,359110,540fb60cd31e013b0ed69a07f5cb95b39dfe0975b626bc697bf272b8dac1bb12,local_cache_or_large_generated
data/pandar_hypothesis_2026-09-07/theta/option_history_quote/fb36a3435f97b8f69d32b2e220254125314f8f6527ffb097cb56fd758632bbf5.parquet,32712,3af2cefd07bced42ca4cc60de36383a0d76ecc07bb5241b45e3327c43bc9c16d,local_cache_or_large_generated
data/pandar_hypothesis_2026-09-07/theta/option_history_quote/fd1f290d0451426175a9d8d8fd1b66659ec5a5b83dd529f49af3196f22c99467.parquet,21853,a9fd0d29115c13e55b5161298a34f952d00a3560884e37ffd4224e3169c65ba6,local_cache_or_large_generated
data/pandar_hypothesis_2026-09-07/theta/option_history_quote/fd229074fbe050eb45a4469a7aea2375143247c43f1cf19851247f79f01213f9.parquet,264276,54a1d4a3627f39d0fe6b1d3edf7a259f0f58074f563af629ed4428c13a1a2c39,local_cache_or_large_generated
data/pandar_hypothesis_2026-09-07/theta/option_history_quote/fd27a9db0b2fd69914955b551b83bedb689ec4bb3c03efa77d4eb8c5d1366852.parquet,41398,467b83f489f768ea8319f5e8019dc00d9a51529a1d454926293a0dfe40a5ec24,local_cache_or_large_generated
data/pandar_hypothesis_2026-09-07/theta/option_history_quote/fe1cc757aa58a0cf3f39ee3b68296bc9d6233bce08c768bfc20f01fbb9030dc2.parquet,31431,c8e0349a7ba515f2d6fef5a1d4632903460cef39b284eb73d431582b39507086,local_cache_or_large_generated
data/pandar_hypothesis_2026-09-07/theta/option_history_quote/fe2f0e12505796a046d692f16cca7efeab15f5c69d417a06f21e44a3d6e9544e.parquet,204122,4039940b81ab506dee4440fbd30397533fdb023354c3e62cbaf5dc3495151288,local_cache_or_large_generated
data/pandar_hypothesis_2026-09-07/theta/option_history_quote/ffc23db44c54d5ba387857ef5b64d95c0dd739d6fc116fc5974e318e243b9f6b.parquet,26961,1489fda90282199101847a2c44c08d66e94f32876cd2fb1e20732ccd75661018,local_cache_or_large_generated
data/pandar_hypothesis_2026-09-07/theta/option_history_quote/ffec87a1d43ee3d41e7de67e161ea95644d5a5c5f0c9cc472ebe8fd224cebcfc.parquet,30130,341526b5c299c8ac1adbe4a1f45a2e88d39879a95bc7258db2f47d245848887c,local_cache_or_large_generated
data/pandar_hypothesis_2026-09-07/theta/option_list_contracts/2f3424ab5db34f1323c596032582cb4d19733ac0fd1c7ea5ad6f76bc905a55af.parquet,14993,203afb9317cf68570dbcfd1d0b0386302319404a60410bfdb7f2ba52926db481,local_cache_or_large_generated
data/pandar_hypothesis_2026-09-07/theta/option_list_contracts/63d920a04a7643d7a716aa0928a8096aac488ccc62a694256bd4fa12c7879bfd.parquet,22132,aeb3b82365a39af9f869e79be522dd4250a941d88b14e4142de7883db30e699e,local_cache_or_large_generated
data/pandar_hypothesis_2026-09-07/theta/option_list_contracts/94243504850e3372e7e368fae8b0110a09eefbf20e7dfd2c3dbf62f8220f20d8.parquet,18729,d0def6d0f2d4419f3de8c3ae4b1d551d345cc5f6683bec67c2b13e3fa0a9d563,local_cache_or_large_generated
data/pandar_hypothesis_2026-09-07/theta/option_list_contracts/a01f70217cd64a65d7cb5e65b9c60ba39f663b717d3c8bc02b29347edc2fe91d.parquet,20116,84bed3b8f2afd284587321f62ef16dbb283a0bd090d21bce24c2683f0eba6c5e,local_cache_or_large_generated
data/pandar_hypothesis_2026-09-07/theta/option_list_contracts/b24fa06f7eb87b02e6a6a64cbee195fda573d57d5da46a0446fe32d28540d865.parquet,11217,9f2f49356ed3f10ba920a59f0c942fc18d11e94756ca0b34ff9f04fd8fe2aa55,local_cache_or_large_generated
data/pandar_hypothesis_2026-09-07/theta/option_list_contracts/cf44e1d7402e5e4a0975368320ea8da0c61e631f2cdc063698c2648efb85d8d1.parquet,10152,cf10414cb211a72f3658e1d9533aeb49b204c547c701943da993569ee5b548f8,local_cache_or_large_generated
docs/replay/pandar_leg_timing_2026-09-05/MSTR_145_150_timeline.png,368157,c3760ddbe6dd11feec4561ff0a616bf73b3d01b4d1a34b333bcd6f6b2c0a0f42,tracked_with_checkpoint
docs/replay/pandar_leg_timing_2026-09-05/MSTR_155_160_timeline.png,321527,e4429fd4a2cc6fe82622a57fc7695f56c44e6674da10f8e0846cb232e37a6710,tracked_with_checkpoint
docs/replay/pandar_leg_timing_2026-09-05/PERSONA_REVIEW.md,6185,48b10f32f4a6fc0e40b8bab04f183188f578973cd181c83276f0238bd67138bd,tracked_with_checkpoint
docs/replay/pandar_leg_timing_2026-09-05/PROTOCOL.md,5074,ffcad68d38f0522f4183a0129751d635be0fd8965575dbc422a1390eb62e156d,tracked_with_checkpoint
docs/replay/pandar_leg_timing_2026-09-05/actual_execution_greeks.csv,608,9cc4daed0bc0de2ba2c0a16a7d3e6612bf354f790033753ed3398566058a18b4,tracked_with_checkpoint
docs/replay/pandar_leg_timing_2026-09-05/all_attempts.csv,278786,884e2db2efc278332464c61919bf4691ba5e71a8e43a774cd4a6ea9676906306,tracked_with_checkpoint
docs/replay/pandar_leg_timing_2026-09-05/call_exclusion_audit/api_manifest.json,8679,340c8832632efc70443ad3e056fe8378c4bbbca3631709dffa34b66d0024dece,tracked_with_checkpoint
docs/replay/pandar_leg_timing_2026-09-05/call_exclusion_audit/chain_sources.csv,3396,46376b14563766c1f402b939e50a47b9860edab5864c9214a6b2c1c33ec8badd,tracked_with_checkpoint
docs/replay/pandar_leg_timing_2026-09-05/call_exclusion_audit/chains/2026-08-11/FANG.json.gz,874,81b9250cb83d7acc533499c7237a5b797fe799e380c2bd0bb9cb4e999c21c9d9,local_cache_or_large_generated
docs/replay/pandar_leg_timing_2026-09-05/call_exclusion_audit/chains/2026-08-12/AMAT-CSCO-FDX-LRCX.json.gz,72039,da6e857b732ce776c9c442213152927a049b53ee5958e6c13c114495b603d1db,local_cache_or_large_generated
docs/replay/pandar_leg_timing_2026-09-05/call_exclusion_audit/chains/2026-08-13/AMAT-CEG-LOW-LRCX-SMCI.json.gz,90828,44ab691e00d00def41d8167e435344a35263aaaa2b1ea8ff4c6a6f5743c6df61,local_cache_or_large_generated
docs/replay/pandar_leg_timing_2026-09-05/call_exclusion_audit/chains/2026-08-17/GS-LRCX-MPC-PYPL-RBLX-SBUX-TTD.json.gz,70413,faca7079e7d14524f00c6522e91bee7541c979463af5437addd54bde3f824f5b,local_cache_or_large_generated
docs/replay/pandar_leg_timing_2026-09-05/call_exclusion_audit/chains/2026-08-18/GS-S-TOST.json.gz,34563,d2da59816aa393d231574a640ea84f87cb1b7c37d854303cd00956383490e138,local_cache_or_large_generated
docs/replay/pandar_leg_timing_2026-09-05/call_exclusion_audit/chains/2026-08-19/COIN-MRK-MSTR.json.gz,34211,92ccbf38e682cc992792cacf863d92bba77ff444bff2db01d206eab15dc9e6d4,local_cache_or_large_generated
docs/replay/pandar_leg_timing_2026-09-05/call_exclusion_audit/chains/2026-08-20/COIN-MRK-MRNA-MSTR-NEM.json.gz,90019,2983b44ac0a06868eb4c792a3c87c36805b6cbe44d8a2183c3b4346a82d30008,local_cache_or_large_generated
docs/replay/pandar_leg_timing_2026-09-05/call_exclusion_audit/chains/2026-08-21/MRK-MRNA-MSTR-NEM.json.gz,57422,2c0da0e2435e12da2a90c064c780a6b520c9d297163d8b0460f3054ae2664472,local_cache_or_large_generated
docs/replay/pandar_leg_timing_2026-09-05/call_exclusion_audit/chains/2026-08-24/CPNG-JNJ-MRNA-MSTR-RBLX.json.gz,71725,bb0504e57d56bdb486a0f27cc8b54683c3d0584ddf4c5989922c6ffc766a60a2,local_cache_or_large_generated
docs/replay/pandar_leg_timing_2026-09-05/call_exclusion_audit/chains/2026-08-25/ABBV-CPNG.json.gz,11945,5c4acbadc898b2e94a1ba103d0c5324b86aa813c8f04624e3784bdc16e7cfe77,local_cache_or_large_generated
docs/replay/pandar_leg_timing_2026-09-05/call_exclusion_audit/chains/2026-08-26/TOST.json.gz,7400,e579b8b628bc7932bee0890c6397ce8bb9cc880a7cc7fb0cd126ab6f6022922f,local_cache_or_large_generated
docs/replay/pandar_leg_timing_2026-09-05/call_exclusion_audit/chains/2026-08-27/ANF-AVGO-CRDO-GAP-PANW.json.gz,108095,570531ba0ea6e8851bde86cf8be3258a7d75c5c179d0dd8dd759045a9c0a12c9,local_cache_or_large_generated
docs/replay/pandar_leg_timing_2026-09-05/call_exclusion_audit/chains/2026-08-28/AFRM-AVGO-CPNG.json.gz,51765,b8e3f46e54151bf625434c14a32b9d1a370b9cce87478aebb1f0f02f842030fc,local_cache_or_large_generated
docs/replay/pandar_leg_timing_2026-09-05/call_exclusion_audit/chains/2026-08-31/AVGO-HPE-MSTR.json.gz,72163,d4dcfb1c77ddc2a27f8e12be9bb06c4ed7741da35b65af7443332f00198034c0,local_cache_or_large_generated
docs/replay/pandar_leg_timing_2026-09-05/call_exclusion_audit/chains/2026-09-01/GME.json.gz,9295,aff794c037bbf6a199ab69f8842ec0b262cc84ebd4a502a1efc83d3244a1df73,local_cache_or_large_generated
docs/replay/pandar_leg_timing_2026-09-05/call_exclusion_audit/chains/2026-09-02/AVGO.json.gz,37799,d47c98c2266ad656f707ddcee039b04991cbb4a1c558b5ea6a4d8a066c966f6d,local_cache_or_large_generated
docs/replay/pandar_leg_timing_2026-09-05/call_exclusion_audit/chains/2026-09-03/GME-LVS-MSTR.json.gz,41137,30b1be1589f5edbf1fd4000c8bcab7be20364cc8097c3fc434f2b9dc9c971437,local_cache_or_large_generated
docs/replay/pandar_leg_timing_2026-09-05/call_exclusion_audit/every_contract_check.csv,1293260,f8335837f75132f93497212665ec617d94be9e7c78b964c402999fc41d7aa0cf,tracked_with_checkpoint
docs/replay/pandar_leg_timing_2026-09-05/call_exclusion_audit/liquid_surface_rows.parquet,1552264,f7b67edccb26404a1ddb419854344344d397550ee09feab7e21e3d1e6b32bbc3,tracked_with_checkpoint
docs/replay/pandar_leg_timing_2026-09-05/call_exclusion_audit/recovered_original_rule_contracts.csv,2035,dc8def91e3ead1a1576e7cd4476d8c5d0cca143465b4009eb69bdcf066044416,tracked_with_checkpoint
docs/replay/pandar_leg_timing_2026-09-05/call_exclusion_audit/surface_exclusions.csv,46982,f95485b7e8f13dab2331f00e88f7090a4b8c1d612875854cbf798b9117b72c42,tracked_with_checkpoint
docs/replay/pandar_leg_timing_2026-09-05/call_exclusion_audit/surface_sources.csv,644,e8dde0f51e081c916cad838f5c26efd60fc456e116bdef7057f545727c0cb01f,tracked_with_checkpoint
docs/replay/pandar_leg_timing_2026-09-05/call_exclusion_audit/ticker_day_exclusion_summary.csv,14730,be1678eb318df57dce34ae8216103aa91a7be70874e43b2c614282dee806fd6f,tracked_with_checkpoint
docs/replay/pandar_leg_timing_2026-09-05/call_search_expansion/api_manifest.json,23209,d9f07d3e0a4105b57490a5a0ed3f8c9fc4988471fbcf7928f3cc7150bb505321,tracked_with_checkpoint
docs/replay/pandar_leg_timing_2026-09-05/call_search_expansion/band_summary.csv,1545,01e5edad941aff8391b08e6e5d4417df9ff7d332b1bfa11bbb2d5a02a5df2205,tracked_with_checkpoint
docs/replay/pandar_leg_timing_2026-09-05/call_search_expansion/call_candidates_2_to_10_delta.csv,59891,85c694514349ad95453bfbd9193ef6b372550ba3fdb7b5b0858fee9dc65ce8cb,tracked_with_checkpoint
docs/replay/pandar_leg_timing_2026-09-05/call_search_expansion/chain_sources.csv,13065,676e2cb4d684c0aaad366e628feed273c185f56f5a9936f034f0b38c43b398a1,tracked_with_checkpoint
docs/replay/pandar_leg_timing_2026-09-05/call_search_expansion/chains/2026-08-11/ABT-AMT-CAT-CELH-CSCO-CVNA-DOCU-FDX-FTNT-GNRC.json.gz,95424,3d86209ae4dbe542a328f8d5e7967e4260d6af4d8109d16418dc9f95b623ab31,local_cache_or_large_generated
docs/replay/pandar_leg_timing_2026-09-05/call_search_expansion/chains/2026-08-11/GS-HPQ-MS-NBIS-RBLX-SCHW-SMCI-TFC-ULTA-ZS.json.gz,116736,f6b8eecbfecac49b29c415cd9a9fe67c905394229f73ad412caf0c4498c8ed3a,local_cache_or_large_generated
docs/replay/pandar_leg_timing_2026-09-05/call_search_expansion/chains/2026-08-12/AAPL-ABBV-BX-CAT-CEG-CVNA-ENPH-GOOG-GS-HD.json.gz,117696,a45bbbddcb326fdd431648380d207158dbdc9f097421c15b1cbe48c150dec8c1,local_cache_or_large_generated
docs/replay/pandar_leg_timing_2026-09-05/call_search_expansion/chains/2026-08-12/HOOD-KHC-LEN-META-MS-NU-TFC-TOST-TSLA-ULTA.json.gz,131571,354ae8675a1da023124241dd63e92f6e77ad14ae1913a26d78c7ccca1091d1be,local_cache_or_large_generated
docs/replay/pandar_leg_timing_2026-09-05/call_search_expansion/chains/2026-08-12/VRT-W-WDAY.json.gz,38858,57f3b05b73275cc4a69b454e10a61eb6be0b30ab764d39210d96a05aca85b87a,local_cache_or_large_generated
docs/replay/pandar_leg_timing_2026-09-05/call_search_expansion/chains/2026-08-13/AAPL-AKAM-AMT-ANF-ARM-CAT-CSCO-CVNA-DG-DOCU.json.gz,145718,558ef7709eb42d0a3f8b7263c23488fef787545c2c432a454ec40ee2de069193,local_cache_or_large_generated
docs/replay/pandar_leg_timing_2026-09-05/call_search_expansion/chains/2026-08-13/GAP-GS-HUM-INTU-JNJ-MCD-MELI-MS-NOW-PYPL.json.gz,135086,0bf2cf4297b30d95d655d713cda03772d5f51dc6349413347f42ddc0cbe7f654,local_cache_or_large_generated
docs/replay/pandar_leg_timing_2026-09-05/call_search_expansion/chains/2026-08-13/TFC-TSLA-TTD.json.gz,42603,3b7aec86bbe3d8201c6808cd50b4ce0dd2190a7caa024703b0e8eb6336af8681,local_cache_or_large_generated
docs/replay/pandar_leg_timing_2026-09-05/call_search_expansion/chains/2026-08-14/AAP-AAPL-ABBV-AMAT-AXP-BX-CAT-CSCO-CVNA-DELL.json.gz,140543,bbca1afb4302291755afb94cc858f45ffc952a9c459c4ff7550219e7f79420b8,local_cache_or_large_generated
docs/replay/pandar_leg_timing_2026-09-05/call_search_expansion/chains/2026-08-14/EXPE-FCX-HD-HIMS-LRCX-MCD-MELI-MRK-MS-RBLX.json.gz,114286,2a13680b243904cd3667f7e2802150a35f58d120fc8042d4d83639fa51caf867,local_cache_or_large_generated
docs/replay/pandar_leg_timing_2026-09-05/call_search_expansion/chains/2026-08-14/TOST-TTD-ULTA.json.gz,31866,5a0f49b6dd4a6c80334edc8986364a382e5e05158fd3eeae0ff0fe10d68ce2ef,local_cache_or_large_generated
docs/replay/pandar_leg_timing_2026-09-05/call_search_expansion/chains/2026-08-17/ABNB-AFRM-ALAB-AMAT-ANF-AXP-BAC-BX-CSCO-CVNA.json.gz,133594,0b383fe2f23e198389bf3e1862e16025f1919ac4e7de0ef4a8a6d3cb78c5c7f3,local_cache_or_large_generated
docs/replay/pandar_leg_timing_2026-09-05/call_search_expansion/chains/2026-08-17/DASH-DELL-DG-GILD-GNRC-GOOG-HPQ-JPM-LOW-MCD.json.gz,104829,47ec4ea5897fb2a46a3d45a0f8fe0c224423e34eae3469407686e94ce87687f8,local_cache_or_large_generated
docs/replay/pandar_leg_timing_2026-09-05/call_search_expansion/chains/2026-08-17/MRK-SCHW-SPOT-ZS.json.gz,39169,6e4d05e544e3aa3364d44adaded1b0c97ab0fde9761249cbada98ddc58646499,local_cache_or_large_generated
docs/replay/pandar_leg_timing_2026-09-05/call_search_expansion/chains/2026-08-18/AAP-AVGO-BX-CAT-DOCU-HD-LRCX-MELI-MGM-NCLH.json.gz,145939,11ef6b791c5713dc16778fa25224d6d3ae3d12e34e4b28b261a7b9d70875d7d0,local_cache_or_large_generated
docs/replay/pandar_leg_timing_2026-09-05/call_search_expansion/chains/2026-08-18/NEM-TFC-TSLA-WDAY-XPEV.json.gz,60890,82d73b6db43a9184485df3169c963a83031610330872acdddcd16c18999352e1,local_cache_or_large_generated
docs/replay/pandar_leg_timing_2026-09-05/call_search_expansion/chains/2026-08-19/ADM-AVGO-BTU-BX-CAT-CSCO-DELL-DG-DOCU-F.json.gz,129494,f67d0903afa39fea9211fafc77409e95dd6015871eed035ce5aff74589812a44,local_cache_or_large_generated
docs/replay/pandar_leg_timing_2026-09-05/call_search_expansion/chains/2026-08-19/FTNT-GILD-GNRC-GS-JPM-LRCX-M-META-MPC-PEP.json.gz,118480,c29261e3bd90187c889941db252bd084b9d7008359267da4c5abd0c7b0aa6e72,local_cache_or_large_generated
docs/replay/pandar_leg_timing_2026-09-05/call_search_expansion/chains/2026-08-19/S-SE-SPOT-TFC-TOST-TSLA-UBER-ZS.json.gz,85919,60fec23690460f1689f57548581fc65294ea5e2399145f902ef0b9f102f101c3,local_cache_or_large_generated
docs/replay/pandar_leg_timing_2026-09-05/call_search_expansion/chains/2026-08-20/ADM-AFRM-AMGN-AVGO-AXP-BKNG-BMY-CAT-CCL-CRSP.json.gz,130340,800d55be02ee0f5c57a07124c3d7d559e4738bc9ec2ac967f9640dd1e0ce771b,local_cache_or_large_generated
docs/replay/pandar_leg_timing_2026-09-05/call_search_expansion/chains/2026-08-20/CSCO-DG-FDX-GE-GILD-GNRC-HPQ-JNJ-JPM-LLY.json.gz,110444,3dd0235a95f4dc58d204ad4eade3138f03a923c750380f8434260736e05419b5,local_cache_or_large_generated
docs/replay/pandar_leg_timing_2026-09-05/call_search_expansion/chains/2026-08-20/LUV-MPC-MS-NCLH-NVDA-RCL-RH-S-SCHW-SMCI.json.gz,93952,5970557d9f7bac14741817a3b568524c7590dabf5ab5043d755041722d9aca9c,local_cache_or_large_generated
docs/replay/pandar_leg_timing_2026-09-05/call_search_expansion/chains/2026-08-20/SPOT-TEM-TFC-VFC-WMT.json.gz,43644,a495fade3e92ab4f6ce203c91afbeedc82b573a3ced53dd339ef415e777186dc,local_cache_or_large_generated
docs/replay/pandar_leg_timing_2026-09-05/call_search_expansion/chains/2026-08-21/ADM-APP-AVGO-BABA-BX-COIN-CVNA-GS-HOOD-HPQ.json.gz,144559,36deed5f42f77eb3cc85da4312fd3dfcf53baacd3eb3407c1f68a4fa684f366e,local_cache_or_large_generated
docs/replay/pandar_leg_timing_2026-09-05/call_search_expansion/chains/2026-08-21/JNJ-JPM-LRCX-MELI-RH-TEM-TFC-TOST-TSLA-TTD.json.gz,119658,c13fc9f173d7d23866a0731078b75dab9c2e7c52abd1699e738b7e01198da34b,local_cache_or_large_generated
docs/replay/pandar_leg_timing_2026-09-05/call_search_expansion/chains/2026-08-21/WMT-WYNN.json.gz,15475,2a220a3531828a681fd595bf9de1b3a698e2bd55076700733adc8af3f55266e5,local_cache_or_large_generated
docs/replay/pandar_leg_timing_2026-09-05/call_search_expansion/chains/2026-08-24/AMGN-CAT-GS-LI-LRCX-MELI-MGM-NVDA-S-SCHW.json.gz,147917,d4bd235534a4b123f0a1ed2998170c3f0eee44da1cae998224cb291aad37dd7c,local_cache_or_large_generated
docs/replay/pandar_leg_timing_2026-09-05/call_search_expansion/chains/2026-08-24/STX.json.gz,36719,f7e1fd28245cfccd8666fa9ea7dabedfb88e07ce6ff9d1320f53f195fb5a4e99,local_cache_or_large_generated
docs/replay/pandar_leg_timing_2026-09-05/call_search_expansion/chains/2026-08-25/ACN-ALAB-AMAT-AVGO-CAT-CSCO-GNRC-HPQ-LOW-LRCX.json.gz,162317,a80c0496dbabd58edfdd0d1fb1dfb6363fbc570bc5050a1fcba7003b6be398d5,local_cache_or_large_generated
docs/replay/pandar_leg_timing_2026-09-05/call_search_expansion/chains/2026-08-25/M-NVDA-PANW-TEVA-TFC-TOST.json.gz,65311,c99d698611165b98a1a719b3381553030bd1c17e1776293197262651add17296,local_cache_or_large_generated
docs/replay/pandar_leg_timing_2026-09-05/call_search_expansion/chains/2026-08-26/ABT-AFRM-AMAT-AMGN-APP-AVGO-CEG-CPNG-CVNA-DOCU.json.gz,143791,8af755bd8ea1fa8714305c874a40b03057ea801d12674644f8302724792d04fd,local_cache_or_large_generated
docs/replay/pandar_leg_timing_2026-09-05/call_search_expansion/chains/2026-08-26/GM-GS-LRCX-LVS-NEM-NVAX-NVDA-PANW-TWLO-UAL.json.gz,138276,a00285bdc1a653958ba6a1791eabeed7f202eddb63905f29622af957c0cde363,local_cache_or_large_generated
docs/replay/pandar_leg_timing_2026-09-05/call_search_expansion/chains/2026-08-26/W.json.gz,13343,96b5eb8b0eaf27978738ab51e1ed81e7c0818c0588fd6323af7295e29e13cb33,local_cache_or_large_generated
docs/replay/pandar_leg_timing_2026-09-05/call_search_expansion/chains/2026-08-27/AMAT-BE-BMNR-BMY-CCL-CRM-CVNA-GS-HOOD-LEN.json.gz,148142,aec9d631f97a3c96b6e7a6b1806efbca13b482301ecac28b98ea0ea945afe531,local_cache_or_large_generated
docs/replay/pandar_leg_timing_2026-09-05/call_search_expansion/chains/2026-08-27/LOW-LRCX-MELI-MS-MSTR-PYPL-RCL-S-TFC-WMT.json.gz,128886,0e8de2458537bf29f2ed0221e8c657f35909ab19d457e94c50f8dcd7d60c845f,local_cache_or_large_generated
docs/replay/pandar_leg_timing_2026-09-05/call_search_expansion/chains/2026-08-28/AMAT-BE-CVNA-EXPE-FDX-HPE-NBIS-NU-NVDA-OKTA.json.gz,143349,42f169bc02b47faa3575918b8bfe5309577ebbed73406dcdca2f35d2156ce148,local_cache_or_large_generated
docs/replay/pandar_leg_timing_2026-09-05/call_search_expansion/chains/2026-08-28/RBLX-SOFI-TFC-VRT-WMT.json.gz,42398,e10488021811cbbe4b1edd53838254b2a406a628bbd7879768cba2865a59f37c,local_cache_or_large_generated
docs/replay/pandar_leg_timing_2026-09-05/call_search_expansion/chains/2026-08-31/AI-AMAT-DOCU-EXPE-MCD-NKE-TOST.json.gz,74950,bda9327241c64b4f28335d9e911513347e9f9dbaf2b6083100bf18e5837b5c34,local_cache_or_large_generated
docs/replay/pandar_leg_timing_2026-09-05/call_search_expansion/chains/2026-09-01/AI-ALAB-AMGN-C-CCL-CPNG-DG-DOCU-EXPE-GOOG.json.gz,103347,47143422fa166f09300536cbde7d46f661b2298909a524d151325039f73d71bf,local_cache_or_large_generated
docs/replay/pandar_leg_timing_2026-09-05/call_search_expansion/chains/2026-09-01/GS-NET-RBLX-RCL-TFC-TTD-W-ZIM.json.gz,79442,36c0343de51b4b11e5bfa824f67eb7b886499ada753fdff264e94d1c48be18db,local_cache_or_large_generated
docs/replay/pandar_leg_timing_2026-09-05/call_search_expansion/chains/2026-09-02/ABT-AFRM-AI-AKAM-CRDO-DOCU-FDX-GOOG-GOOGL-HUM.json.gz,107780,e897de276b53f80a4bc2c0851cf9b2aa12a09a0fcbd98d3f61fd0490dfefe76d,local_cache_or_large_generated
docs/replay/pandar_leg_timing_2026-09-05/call_search_expansion/chains/2026-09-02/LVS-ON-ORCL-TFC-TSLA-WDAY.json.gz,69743,7012d97af483a19c701363375cf56576454dd8643570fb3d6ea81c3696c8872c,local_cache_or_large_generated
docs/replay/pandar_leg_timing_2026-09-05/call_search_expansion/chains/2026-09-03/ALB-AVGO-CCL-CRDO-CVNA-DG-FTNT-HUM-KHC-MPC.json.gz,118498,c138d7d5665e515036daf5b42458dfda40beab2ce9dee9dba2d8910cfaa402e5,local_cache_or_large_generated
docs/replay/pandar_leg_timing_2026-09-05/call_search_expansion/chains/2026-09-03/SE-SOFI-SPOT-TOST-TTD-VKTX-VST-W-WDAY-ZS.json.gz,130055,717a0a030f0c7277bd5686a012c135244d7e4a2cd735c2fe455df8876122b124,local_cache_or_large_generated
docs/replay/pandar_leg_timing_2026-09-05/call_search_expansion/coverage.csv,13321,b2af288f85be81a9eaabe4d5d250d51f3070665c8cda7a908f936eaa64100a22,tracked_with_checkpoint
docs/replay/pandar_leg_timing_2026-09-05/call_search_expansion/every_contract_check.csv,11659963,d4ab006559b4c783b3f3677cb26261aa949dc990a99a5c88b7cc1077513fbda2,local_cache_or_large_generated
docs/replay/pandar_leg_timing_2026-09-05/call_search_expansion/expanded_call_candidate_tables.md,20167,5e11a1cfa702cb2c7f1a3f2a9fa87eaa815483d4a768976062a7362f66b25767,tracked_with_checkpoint
docs/replay/pandar_leg_timing_2026-09-05/call_search_expansion/expanded_call_search.md,9416,103875747b61281c4d10ec89d86071b7422aeab14d5d17fbbc883d4228d6ac48,tracked_with_checkpoint
docs/replay/pandar_leg_timing_2026-09-05/call_search_expansion/expanded_call_search.template.md,5666,3c656dd7eeddfa3d83761c11fb24df42ebd30ab6bdd918a6ecbe1ceb548320ec,tracked_with_checkpoint
docs/replay/pandar_leg_timing_2026-09-05/call_search_expansion/hiro_capture_sources.csv,19665,21ed27753b63a96c42f00eb91170c7a5c42a43c9451ebd6770974faf2b3259f6,tracked_with_checkpoint
docs/replay/pandar_leg_timing_2026-09-05/call_search_expansion/selected_by_delta_band.csv,175832,03d8bbe2f044fa75a8c508df65c616796e472d3350ce242ffc8b6a62983403d2,tracked_with_checkpoint
docs/replay/pandar_leg_timing_2026-09-05/call_search_expansion/selector_fix.patch,8886,a4e53c2b9304856f1d71c8d0d355b54123cdb23696e33aea68e00573efa2d3c9,local_cache_or_large_generated
docs/replay/pandar_leg_timing_2026-09-05/call_search_expansion/surface_candidates.csv,357256,9ea0e5373ab01e0b24624e3b3a4ec25a4d7d098b282d63480997a43d9eba9fe0,tracked_with_checkpoint
docs/replay/pandar_leg_timing_2026-09-05/call_timing_comparison.csv,3888,3fdac0aa83abf292fba2ab0875f18607d979825ca44d64d818d45834160ce120,tracked_with_checkpoint
docs/replay/pandar_leg_timing_2026-09-05/call_timing_comparison.png,84514,fb1949983b371225ef61e34682fe8aab682cac1046b9b0ce24ee32c0fd5753a9,tracked_with_checkpoint
docs/replay/pandar_leg_timing_2026-09-05/coverage.csv,10158,e69d42e1708bd95d8a464e0950b67c3c625df226d5ea6dbc431c351b2ba5785a,tracked_with_checkpoint
docs/replay/pandar_leg_timing_2026-09-05/data/MSTR_greeks_20260821_1041_150C.parquet,10332,539ab77a49dfd0d849962f863c776f74cb7e6e4f8566ff8f290c941dbcf5aac9,tracked_with_checkpoint
docs/replay/pandar_leg_timing_2026-09-05/data/MSTR_greeks_20260824_1051_160C.parquet,10332,de9a05dc16c4d7c89e782329e8fa1d10dd13dc3226a8c8bcb4d7801622345253,tracked_with_checkpoint
docs/replay/pandar_leg_timing_2026-09-05/data/MSTR_greeks_20260825_1127_145C.parquet,10332,c5e2a3e6919ee7e843255932071ab102c2f4f6973b3fcd06d1fcf44e0c68ca6a,tracked_with_checkpoint
docs/replay/pandar_leg_timing_2026-09-05/data/MSTR_greeks_20260826_1145_155C.parquet,10332,ae762b26fb4e906e4ba7edf1aff470064501f7ce2a6788a9c7e2f579fb78c806,tracked_with_checkpoint
docs/replay/pandar_leg_timing_2026-09-05/data/entry_greeks_manifest.json,886,3e71a4232962ad55b4538a9b80742d3eb472548aa057cfae4cbe8afb84fd9b57,tracked_with_checkpoint
docs/replay/pandar_leg_timing_2026-09-05/data/hiro_minutes.parquet,3857128,e5a2af250e03a3db67d8bd7bf572ab52b51a1cb23c9bb7d224574464847d2e2e,local_cache_or_large_generated
docs/replay/pandar_leg_timing_2026-09-05/data/probe_MSTR_160C_2026-08-21.parquet,15307,8f078468ebfe5b6ca5a7e5193d0e5e0c4428c46c644d1b4f4d33460561363284,tracked_with_checkpoint
docs/replay/pandar_leg_timing_2026-09-05/data/quotes/AMZN_2026-09-18_145_put.parquet,35404,a93a052698a842577de478d1c13e80031c00754d21dab0e615e8c69d7930c502,tracked_with_checkpoint
docs/replay/pandar_leg_timing_2026-09-05/data/quotes/AMZN_2026-09-18_150_put.parquet,33560,2949aa81429ede9ded4e912510b5710cba4e83a955766fafd4f92897b7f69710,tracked_with_checkpoint
docs/replay/pandar_leg_timing_2026-09-05/data/quotes/AMZN_2026-09-18_175_put.parquet,44981,2c3074b618b91e4dc35f064bc7e657518221fa259f868e6f3e1cf9ae8527e29b,tracked_with_checkpoint
docs/replay/pandar_leg_timing_2026-09-05/data/quotes/AMZN_2026-09-18_180_put.parquet,42463,8b2e30a1e57a10abf97009137515fc30657cdce2f8efd73882f2c99bca05d11d,tracked_with_checkpoint
docs/replay/pandar_leg_timing_2026-09-05/data/quotes/AMZN_2026-09-18_185_put.parquet,22340,8e7051b8700b7699dea48ee7d28a45b42b8489b4e6e04b4fcf37c929211d5a83,tracked_with_checkpoint
docs/replay/pandar_leg_timing_2026-09-05/data/quotes/AMZN_2026-09-18_190_put.parquet,22266,8812338957534f5bd76238ee510e9335c8268a169b0d29b7ea1696a8980afae1,tracked_with_checkpoint
docs/replay/pandar_leg_timing_2026-09-05/data/quotes/AMZN_2026-10-16_160_put.parquet,31834,bb7d33e9f5bfcf595c5210b6cf4d2ad4635a11365873a754b90ec819f73041f7,tracked_with_checkpoint
docs/replay/pandar_leg_timing_2026-09-05/data/quotes/AMZN_2026-10-16_165_put.parquet,30419,71fca3c470004eecb24961ac16ecae50a73659e29f5edb4826c3d804f74aa798,tracked_with_checkpoint
docs/replay/pandar_leg_timing_2026-09-05/data/quotes/ANET_2026-09-18_125_put.parquet,18878,a362284381641c8feab5753bc43a1a8d543aebad4d2f91a2fd1cde72dba82c3d,tracked_with_checkpoint
docs/replay/pandar_leg_timing_2026-09-05/data/quotes/ANET_2026-09-18_130_put.parquet,20832,de47d5180dd1dfd78ebe359199b709c08b55be912233014fae843c2cbfaef2d7,tracked_with_checkpoint
docs/replay/pandar_leg_timing_2026-09-05/data/quotes/BE_2026-09-18_115_put.parquet,31879,a5ef09299b6efbc0b526c7e17cc3ef9be031f5345ef730dbef0e869fe2a99c49,tracked_with_checkpoint
docs/replay/pandar_leg_timing_2026-09-05/data/quotes/BE_2026-09-18_120_put.parquet,31070,cc5e522506e0fe3b70bf3d4ee488f2a4c0bf17f8aa36b4a7af9225a27b371ffe,tracked_with_checkpoint
docs/replay/pandar_leg_timing_2026-09-05/data/quotes/BE_2026-09-18_125_put.parquet,48097,83849e9e7f83c50443fed9513012db188490cc27f06ff9b311e4cdcc92cf0f65,tracked_with_checkpoint
docs/replay/pandar_leg_timing_2026-09-05/data/quotes/BE_2026-09-18_130_put.parquet,48976,2b18d0ab8a9fac8ca5156be0362a29cdebec0236725b2a0f9b7c0068257256df,tracked_with_checkpoint
docs/replay/pandar_leg_timing_2026-09-05/data/quotes/BE_2026-09-18_135_put.parquet,46110,403ed402e64e455a44a86edbd49ebeb8aa8d36c9429b73c94c9eadf5a9018203,tracked_with_checkpoint
docs/replay/pandar_leg_timing_2026-09-05/data/quotes/BE_2026-09-18_140_put.parquet,22535,d5829c248435f4e9f782f4d52e28a43960a2eb22f925da7ab5d6cc6e40456a97,tracked_with_checkpoint
docs/replay/pandar_leg_timing_2026-09-05/data/quotes/BE_2026-09-18_145_put.parquet,24044,9d26882b3b510dcab220cbf2979af00a2f4f06644b6c4ce186bcce4362c8e91a,tracked_with_checkpoint
docs/replay/pandar_leg_timing_2026-09-05/data/quotes/BMNR_2026-09-18_11_put.parquet,29948,ea24d9ac23af74d6244efca9b1bea7a892022438a1c7bc310ba095b1fb94a186,tracked_with_checkpoint
docs/replay/pandar_leg_timing_2026-09-05/data/quotes/BMNR_2026-09-18_13_put.parquet,36323,2da8eb8f7847e6e7006a55ecc465497dc114f4331ac6b42660e835d4ae116411,tracked_with_checkpoint
docs/replay/pandar_leg_timing_2026-09-05/data/quotes/BMNR_2026-09-18_14_put.parquet,29409,f5a22dd2f8f3ba9226dcdf9a9b7bc436e96d8758e6beeaf71f56b7a89f83e633,tracked_with_checkpoint
docs/replay/pandar_leg_timing_2026-09-05/data/quotes/BMNR_2026-09-18_15_put.parquet,36375,51e54c9db822d08a3e06d29bec9b265ae067a7976a3c68d74f859727435a9911,tracked_with_checkpoint
docs/replay/pandar_leg_timing_2026-09-05/data/quotes/BMNR_2026-09-18_16_put.parquet,17693,fb68b071851d31cff14300c7c1bc1796cf34c9a865ecb26e04eea1a530252000,tracked_with_checkpoint
docs/replay/pandar_leg_timing_2026-09-05/data/quotes/BMNR_2026-09-18_17.5_put.parquet,29127,28e4434242f9ec1e9648e1bf7212f93e3ab91782b5ac6cd6a353315c7d5eb091,tracked_with_checkpoint
docs/replay/pandar_leg_timing_2026-09-05/data/quotes/BMNR_2026-09-18_17_put.parquet,35456,aa54906c7e33e1ded5bb85c89216cf074ed9781fe8069d354bd12943359ed014,tracked_with_checkpoint
docs/replay/pandar_leg_timing_2026-09-05/data/quotes/BMNR_2026-09-18_18_put.parquet,46629,c00f596e9880065ab6f746700460e5b869f5d8970964c9312aad11201ecb7cbd,tracked_with_checkpoint
docs/replay/pandar_leg_timing_2026-09-05/data/quotes/BMNR_2026-09-18_19_put.parquet,19549,5663af6108ea2c58841dcfae59ad19635ff68864added64f71d5a5ddc2e3b9b6,tracked_with_checkpoint
docs/replay/pandar_leg_timing_2026-09-05/data/quotes/CCJ_2026-09-18_70_put.parquet,46249,cc4a3bd61c70308d2396f8762358f3848db153827120adf4d3c6900b9befa3aa,tracked_with_checkpoint
docs/replay/pandar_leg_timing_2026-09-05/data/quotes/CCJ_2026-09-18_75_put.parquet,48324,1226cb7754dc689c8fe65b4b54bada7ab47b740fca6c88fb12e1bfba7f979c87,tracked_with_checkpoint
docs/replay/pandar_leg_timing_2026-09-05/data/quotes/CRWV_2026-09-18_42.5_put.parquet,53657,92b48aba25071a61dfc948dbb2db3533d1107edd2b4496c85334a8a094789a33,tracked_with_checkpoint
docs/replay/pandar_leg_timing_2026-09-05/data/quotes/CRWV_2026-09-18_45_put.parquet,39491,bb3b059d55d913591248771aad1ac83f6a27dc54156a81915a3eab2fe9ff9c09,tracked_with_checkpoint
docs/replay/pandar_leg_timing_2026-09-05/data/quotes/CRWV_2026-09-18_47.5_put.parquet,54933,2b50e44ba8dc416aa97b488bd3df3a16db107df87594382ac93635bed88aa9a1,tracked_with_checkpoint
docs/replay/pandar_leg_timing_2026-09-05/data/quotes/CRWV_2026-09-18_50_put.parquet,50846,8f62753f63d66466e4d7b53a55645a5ae7f018e9da5593e14213407aac26ee49,tracked_with_checkpoint
docs/replay/pandar_leg_timing_2026-09-05/data/quotes/CRWV_2026-09-18_55_put.parquet,51470,fc57f4312753d20efbf1df8c1accd74ddd2c59b6083b5a5e0a2db3f78b26ea10,tracked_with_checkpoint
docs/replay/pandar_leg_timing_2026-09-05/data/quotes/CRWV_2026-09-18_60_put.parquet,31117,7457e799caac90263688211215ee864ecd6964e941bec4cc2106621eb8796648,tracked_with_checkpoint
docs/replay/pandar_leg_timing_2026-09-05/data/quotes/CRWV_2026-09-18_62.5_put.parquet,31265,75e833f16ead2cc5fb4932759892f34e6e2bdbef646372c38f9c008832d75edf,tracked_with_checkpoint
docs/replay/pandar_leg_timing_2026-09-05/data/quotes/CVNA_2026-09-18_40_put.parquet,29569,073e8b98400cc69d2d6f7a93647f8c3481bd6e20b914584f325bd3d543313dbc,tracked_with_checkpoint
docs/replay/pandar_leg_timing_2026-09-05/data/quotes/CVNA_2026-09-18_45_put.parquet,27316,c435d85ea3c6d563abe384f2c384514e279a564fae2f4d19c833b28c70e58d21,tracked_with_checkpoint
docs/replay/pandar_leg_timing_2026-09-05/data/quotes/GOOGL_2026-10-16_230_put.parquet,57689,34075f9029648e79b5fd8e86d3d9544c883076ba60bfba4f6f1120c67b7933d4,tracked_with_checkpoint
docs/replay/pandar_leg_timing_2026-09-05/data/quotes/GOOGL_2026-10-16_235_put.parquet,55013,75e09ad56a53dae2b564e4bfb9a1b00b6582c5c35cd14b33c412b98b66134bca,tracked_with_checkpoint
docs/replay/pandar_leg_timing_2026-09-05/data/quotes/GOOGL_2026-10-16_240_put.parquet,43703,f66bbe0c912f703bb53f080576b44bf3f327f60f842a8d8803a74becf82bc3d7,tracked_with_checkpoint
docs/replay/pandar_leg_timing_2026-09-05/data/quotes/GOOGL_2026-10-16_245_put.parquet,53091,2a3e9a3fe52c6198fcef48f41077ac63d23df4dd8b12c52abec7c62e1a902cdf,tracked_with_checkpoint
docs/replay/pandar_leg_timing_2026-09-05/data/quotes/GOOGL_2026-10-16_250_put.parquet,53261,1248d0675f1e09641a550de7fd0b1cd7d7f8ed048c46e9f64867733887644278,tracked_with_checkpoint
docs/replay/pandar_leg_timing_2026-09-05/data/quotes/GOOG_2026-09-18_185_put.parquet,45715,63ebe74d260b95c23ab0e20a31bc391f94045fafc9a7bfff7cb7a10d3b7be138,tracked_with_checkpoint
docs/replay/pandar_leg_timing_2026-09-05/data/quotes/GOOG_2026-09-18_190_put.parquet,46300,aa9464867a295d2d1d16f2aede381efc5c9563fab997aeb21e66065da478dace,tracked_with_checkpoint
docs/replay/pandar_leg_timing_2026-09-05/data/quotes/GOOG_2026-09-18_195_put.parquet,30002,fe52ee8b2586691315fba484446bef0645d1522c1414827db65fae1028204913,tracked_with_checkpoint
docs/replay/pandar_leg_timing_2026-09-05/data/quotes/GOOG_2026-09-18_235_put.parquet,18644,6eaf8355445dce4e345ef35db7d32b36ff255d49b6df1eee05a88eaf424bd5b4,tracked_with_checkpoint
docs/replay/pandar_leg_timing_2026-09-05/data/quotes/GOOG_2026-09-18_240_put.parquet,18774,46d4c7598499885a38ae5600b51cc217215c57d1fcb1dc7147368e86a7c3876a,tracked_with_checkpoint
docs/replay/pandar_leg_timing_2026-09-05/data/quotes/GOOG_2026-09-18_250_put.parquet,54481,aa1d8c2d6d7cb38eee8da9fbbda9dc5b0c9014b12e499e64aaad02fe629f052c,tracked_with_checkpoint
docs/replay/pandar_leg_timing_2026-09-05/data/quotes/GOOG_2026-09-18_255_put.parquet,57442,89941a828c1ac17961603cdc7fa46ab495d457560a644d01d4a81df2c3b24978,tracked_with_checkpoint
docs/replay/pandar_leg_timing_2026-09-05/data/quotes/GOOG_2026-10-16_225_put.parquet,43791,7f02552d1bcdf9d6cbb5ce7628ae8ce05187ad7ee300e10fbbd15d5e43a9d127,tracked_with_checkpoint
docs/replay/pandar_leg_timing_2026-09-05/data/quotes/GOOG_2026-10-16_230_put.parquet,43845,473a11a0fd34cc3538d20098f89a72cc7364da039326763a9777e53a5818cf84,tracked_with_checkpoint
docs/replay/pandar_leg_timing_2026-09-05/data/quotes/HOOD_2026-09-18_60_put.parquet,30423,1d4ff48084e3f66f9c813fa3a39f30a9e9a7c18cfec04cdadedd4af44b56fa50,tracked_with_checkpoint
docs/replay/pandar_leg_timing_2026-09-05/data/quotes/HOOD_2026-09-18_65_put.parquet,37352,8cdd24510b1f1e6df0848f03807d9ea92b60d55561e1ec6721c57c9f0d28322b,tracked_with_checkpoint
docs/replay/pandar_leg_timing_2026-09-05/data/quotes/HOOD_2026-09-18_70_put.parquet,38236,3dae4ccfda0d7383f06c473154bce4a46bea9531b0b5d13c8c9519d1ac208010,tracked_with_checkpoint
docs/replay/pandar_leg_timing_2026-09-05/data/quotes/IREN_2026-09-18_19_put.parquet,37357,08c6b0fabc0db74e5f24324374ecb1daa3c00200d37506b5965d0f38d4be86c6,tracked_with_checkpoint
docs/replay/pandar_leg_timing_2026-09-05/data/quotes/IREN_2026-09-18_20_put.parquet,46819,307c4b51ee5d8b59ed9137f3f023d79f1d63c6c6ae19813d9b46765c2a3b81a4,tracked_with_checkpoint
docs/replay/pandar_leg_timing_2026-09-05/data/quotes/IREN_2026-09-18_21_put.parquet,21833,5e9a4e27abfe875740ccfb557f4cfe7933a8494c07bfa014ecfb71e5b3dfd86d,tracked_with_checkpoint
docs/replay/pandar_leg_timing_2026-09-05/data/quotes/IREN_2026-09-18_24_put.parquet,51203,4730038ee3acd4e5a2f15d8968eddfc187c2d0a1a8db5adaff7debfea4da102f,tracked_with_checkpoint
docs/replay/pandar_leg_timing_2026-09-05/data/quotes/IREN_2026-09-18_25_put.parquet,54464,403617e0a706195a66a2344bfbeb8a9a7a85c0afe67535a0e536a9f0017edd75,tracked_with_checkpoint
docs/replay/pandar_leg_timing_2026-09-05/data/quotes/IREN_2026-09-18_26_put.parquet,23612,7c48b6e2e58f0876648bf312fc1fb90870e1bf1d5abf2ddb54337fc5594f9082,tracked_with_checkpoint
docs/replay/pandar_leg_timing_2026-09-05/data/quotes/MRNA_2026-09-18_85_put.parquet,38959,3df777df9c1c64313752b79e6b437ec1d8e6f48e2ed2dabb2d806d68a4c1ebaf,tracked_with_checkpoint
docs/replay/pandar_leg_timing_2026-09-05/data/quotes/MRNA_2026-09-18_90_put.parquet,38891,438bc2ec5511a7aab72b068e1758d52bb3cac91ab2d746ad55cc604ff63ec6f6,tracked_with_checkpoint
docs/replay/pandar_leg_timing_2026-09-05/data/quotes/MRVL_2026-09-18_115_put.parquet,20698,2bd903e8a2ef95fb82d3cc265231e45676b097ad21acb50ad560b61cb7bc4f65,tracked_with_checkpoint
docs/replay/pandar_leg_timing_2026-09-05/data/quotes/MRVL_2026-09-18_120_put.parquet,21060,3e1181c59638ce5e8eef8ae7b41c436a2ae2b6588a95a108a4c9fd8f402cb30c,tracked_with_checkpoint
docs/replay/pandar_leg_timing_2026-09-05/data/quotes/MRVL_2026-09-18_125_put.parquet,17206,61e75b9c5bb807902ee7e613ede533ff9902fd5fe4e60f14d9914b0bdeff7759,tracked_with_checkpoint
docs/replay/pandar_leg_timing_2026-09-05/data/quotes/MRVL_2026-09-18_130_put.parquet,30246,165e0ce0d2ca1e0d2b1310e681cdce060c9feae93a4ab9bd9801172ab50f4200,tracked_with_checkpoint
docs/replay/pandar_leg_timing_2026-09-05/data/quotes/MRVL_2026-09-18_135_put.parquet,34615,6d9dc40ae5b324c5efbed9adf60b01f6967a5274907b2454f5d2b47d60d8e6b8,tracked_with_checkpoint
docs/replay/pandar_leg_timing_2026-09-05/data/quotes/MRVL_2026-09-18_140_put.parquet,36538,de7c3cdbb21b3638288ad1507fc20f09c502cfb5ec8f3549d55a27e4a2a3b6ba,tracked_with_checkpoint
docs/replay/pandar_leg_timing_2026-09-05/data/quotes/MSFT_2026-09-18_345_put.parquet,16874,b7f2734f07d21b40e00c0b885f334c9b0bb6a8a9bc71c89649090cee5e0d28b3,tracked_with_checkpoint
docs/replay/pandar_leg_timing_2026-09-05/data/quotes/MSFT_2026-09-18_350_put.parquet,17581,494913f297a86cb1f3653e531281906bbda0c72bf207145aab4e2a73a7f92685,tracked_with_checkpoint
docs/replay/pandar_leg_timing_2026-09-05/data/quotes/MSTR_2026-08-28_135_call.parquet,59361,04daf5c8b7bb85bec39fb1c5f3758337dd8dd9aa5ea902876f8abbdbffe46398,tracked_with_checkpoint
docs/replay/pandar_leg_timing_2026-09-05/data/quotes/MSTR_2026-08-28_140_call.parquet,57862,f9a6a9539db36a8cd0a84a21c48537a61c901c9ef8f71223668a09b24bf47963,tracked_with_checkpoint
docs/replay/pandar_leg_timing_2026-09-05/data/quotes/MSTR_2026-08-28_145_call.parquet,50556,4d38ff1d84a60a99e77b949711a18917e7e1591c75b3d10a1e28e4b20ab5170f,tracked_with_checkpoint
docs/replay/pandar_leg_timing_2026-09-05/data/quotes/MSTR_2026-08-28_150_call.parquet,48753,b3d80e034c80adfe17a7023d5cd2a4fc93b7fd7021bbffaeccd81325f3a0db97,tracked_with_checkpoint
docs/replay/pandar_leg_timing_2026-09-05/data/quotes/MSTR_2026-08-28_152.5_call.parquet,37632,21cc8956c3f41ea12db1445202787f5cbc42c18087e0e25d221b0fa9613206d7,tracked_with_checkpoint
docs/replay/pandar_leg_timing_2026-09-05/data/quotes/MSTR_2026-08-28_155_call.parquet,42633,34a7cdb7680785f8ddd2f556ea6534f77b2ddc42b7dd07f6f600cc6888f93edf,tracked_with_checkpoint
docs/replay/pandar_leg_timing_2026-09-05/data/quotes/MSTR_2026-08-28_160_call.parquet,41083,c94d825013bc1874ec199eb116584e60a13dd1d61f4a4899110d5b06a8a0c544,tracked_with_checkpoint
docs/replay/pandar_leg_timing_2026-09-05/data/quotes/MSTR_2026-09-04_157.5_call.parquet,34855,984652a6a93d1fbf5f60e82c7bbc24cc20c32cc508f953969922d8b4d697c9fb,tracked_with_checkpoint
docs/replay/pandar_leg_timing_2026-09-05/data/quotes/MSTR_2026-09-04_160_call.parquet,33956,240ed90496a8dc92ddd6740f9d86ca1885290f94b933b2a91f618ed490f76080,tracked_with_checkpoint
docs/replay/pandar_leg_timing_2026-09-05/data/quotes/MSTR_2026-09-11_185_call.parquet,21075,2eb776ce876c24ab081a27f8a567d077761a5f553c8b6c188309229f73536282,tracked_with_checkpoint
docs/replay/pandar_leg_timing_2026-09-05/data/quotes/MSTR_2026-09-11_190_call.parquet,20572,3c9abf69b67a4efdad2f3c686edb318600e1eaeea91d47a82642e1268e53e24f,tracked_with_checkpoint
docs/replay/pandar_leg_timing_2026-09-05/data/quotes/NBIS_2026-09-18_115_put.parquet,41093,8c656addef840909889cb253e6966a642d4caa4eae0ed3cc7dbe11315278b2a3,tracked_with_checkpoint
docs/replay/pandar_leg_timing_2026-09-05/data/quotes/NBIS_2026-09-18_120_put.parquet,39082,35b82165aa16bbfeb376241d355bf39af065e2769f3172d82117eab6ef2441e0,tracked_with_checkpoint
docs/replay/pandar_leg_timing_2026-09-05/data/quotes/NBIS_2026-09-18_125_put.parquet,17557,5f939053e2da17ca34625fb935f4066099d2b150b5d7f24535c956d8be7a3fa0,tracked_with_checkpoint
docs/replay/pandar_leg_timing_2026-09-05/data/quotes/NVDA_2026-09-18_115_put.parquet,50737,a93f9e5b7c7cf4b79b4abce4ccf1076329e87a3b20a577047ac114f4e3cde0db,tracked_with_checkpoint
docs/replay/pandar_leg_timing_2026-09-05/data/quotes/NVDA_2026-09-18_120_put.parquet,51648,22cab490e3816e4c62d516b6bf7889c6966b11a7fcf7bb8290ca39885326da1c,tracked_with_checkpoint
docs/replay/pandar_leg_timing_2026-09-05/data/quotes/NVDA_2026-09-18_125_put.parquet,55997,458581a7bac068c9c002ee604eae6f2467682d6d56f5c0a523ff816a2d64c271,tracked_with_checkpoint
docs/replay/pandar_leg_timing_2026-09-05/data/quotes/NVDA_2026-09-18_130_put.parquet,57535,5825970b2a3d6cc47d8fe55eb410e876db3780ef42d8a8b6b6628d01792d5ef9,tracked_with_checkpoint
docs/replay/pandar_leg_timing_2026-09-05/data/quotes/NVDA_2026-09-18_135_put.parquet,36782,a842ead8a37916f803a5b60b90a33becee7e051af4c45cfaeed2b7d985388fc4,tracked_with_checkpoint
docs/replay/pandar_leg_timing_2026-09-05/data/quotes/NVDA_2026-09-18_140_put.parquet,42024,0fc7ea35f7f9d7e03385fbb30474db8255acfaf037585fef5df1c19954bb3cb6,tracked_with_checkpoint
docs/replay/pandar_leg_timing_2026-09-05/data/quotes/NVDA_2026-09-18_145_put.parquet,43304,163a285c5a9b56f68a5dd1fc4e696144461d5064bbf0fbb16c9b35a952e1d3c3,tracked_with_checkpoint
docs/replay/pandar_leg_timing_2026-09-05/data/quotes/NVDA_2026-09-18_150_put.parquet,18898,bcb47b0222366ab86a601f3deb75b7e5b2b6048f438fec67ee6618c4130112c2,tracked_with_checkpoint
docs/replay/pandar_leg_timing_2026-09-05/data/quotes/NVDA_2026-09-18_155_put.parquet,19081,84a5c2501c3f937be17a3bcb96235b1ec58b800f4343cefbfd8515bdf9b45d8f,tracked_with_checkpoint
docs/replay/pandar_leg_timing_2026-09-05/data/quotes/OKLO_2026-09-18_25_put.parquet,26227,3148c30509578de987f38aba64e9cbaef432365d93380b3830b733667b05dfa1,tracked_with_checkpoint
docs/replay/pandar_leg_timing_2026-09-05/data/quotes/OKLO_2026-09-18_30_put.parquet,32787,61bc51460cb9aa843d7beb39aacac7d792d78260e1237fdfd1b0f3f30ea9dd9a,tracked_with_checkpoint
docs/replay/pandar_leg_timing_2026-09-05/data/quotes/PLTR_2026-09-18_100_put.parquet,50588,dfc6d57c3ab7920f05607572d7dfb70414de805d925654c4f8df3069e2854340,tracked_with_checkpoint
docs/replay/pandar_leg_timing_2026-09-05/data/quotes/PLTR_2026-09-18_105_put.parquet,53265,2d40de36593b3c04a70d2026695551f59a1acc8d27522884cd8d60b3f3f6021e,tracked_with_checkpoint
docs/replay/pandar_leg_timing_2026-09-05/data/quotes/PLTR_2026-09-18_120_put.parquet,40793,8a3cd6df938cb12a55345062e259aa66ebc2d4018f7e66d0ad4a4af323f380b6,tracked_with_checkpoint
docs/replay/pandar_leg_timing_2026-09-05/data/quotes/PLTR_2026-09-18_125_put.parquet,41392,5639df56a9a3e560a701ead6224397ca758cb539ec05376b37622356a0ee6439,tracked_with_checkpoint
docs/replay/pandar_leg_timing_2026-09-05/data/quotes/RTX_2026-09-18_115_put.parquet,15375,efa96f2b599af85231c5abef9e076f145f360932fc5c1505a2d5ccc10e561520,tracked_with_checkpoint
docs/replay/pandar_leg_timing_2026-09-05/data/quotes/RTX_2026-09-18_120_put.parquet,16148,48b7d6586789dac96c968ff4c2b5f66ef79a9d02c6ded3226c3a541de5638522,tracked_with_checkpoint
docs/replay/pandar_leg_timing_2026-09-05/data/quotes/SCHW_2026-09-18_75_put.parquet,36536,4064fba86f4b92459fba764bcc4e21e1f13801a97ff1e324a6d23a1656401234,tracked_with_checkpoint
docs/replay/pandar_leg_timing_2026-09-05/data/quotes/SCHW_2026-09-18_77.5_put.parquet,36508,591ee14e56833373232c9d62c45c0caf86c83f7673414fdc0d303372ed7fde98,tracked_with_checkpoint
docs/replay/pandar_leg_timing_2026-09-05/data/quotes/SHOP_2026-09-18_90_put.parquet,28263,71b95737540f3cd442e6876599d7415f9a9d5a72cc52774510f2efec08747d17,tracked_with_checkpoint
docs/replay/pandar_leg_timing_2026-09-05/data/quotes/SHOP_2026-09-18_95_put.parquet,24571,a56493c21adcb0b1e24984656f6646675411bd041f94665202a2e2f1f00a87e5,tracked_with_checkpoint
docs/replay/pandar_leg_timing_2026-09-05/data/quotes/SOFI_2026-10-16_11_put.parquet,57574,bcab58807e80301910ba1cab3d73ff5975209a92bd50a91977b197f189aca674,tracked_with_checkpoint
docs/replay/pandar_leg_timing_2026-09-05/data/quotes/SOFI_2026-10-16_12_put.parquet,26035,693b244193280a741bf7d208abc8429d963ca0050c6a9283f5c3c34a8419df58,tracked_with_checkpoint
docs/replay/pandar_leg_timing_2026-09-05/data/quotes/SOFI_2026-10-16_8_put.parquet,51164,4882242a529fbdb9ac198e675dbd3a54e3faddb51f0d7019dc5b517bf180e5d1,tracked_with_checkpoint
docs/replay/pandar_leg_timing_2026-09-05/data/quotes/SOFI_2026-10-16_9_put.parquet,21634,e411bc9293d24b7fbde4558c566f16a4ba3abf2413c5f0d91c4ab2ed5c16aab1,tracked_with_checkpoint
docs/replay/pandar_leg_timing_2026-09-05/data/quotes/TGT_2026-09-18_120_put.parquet,44673,dfcd9f3670440feb22f5932737d1271ae2a7c26437396461c3ecb481cf9505fe,tracked_with_checkpoint
docs/replay/pandar_leg_timing_2026-09-05/data/quotes/TGT_2026-09-18_125_put.parquet,49729,02da07be69380b12800fac6fd08417e5274695ff4f6ad1ef65a0525c930554db,tracked_with_checkpoint
docs/replay/pandar_leg_timing_2026-09-05/data/richness/manifest.json,38272,c9a6b2330bb0f670e8bded6abdd6ea3f399bbcdd3c4e76906ed8466303ba7840,tracked_with_checkpoint
docs/replay/pandar_leg_timing_2026-09-05/data/richness/mstr_chains/2026-05-15.json.gz,17271,e1793b9e6509b1e4be5d2ea620656338dcc1ce72864ef57e5d89fab0917710d3,local_cache_or_large_generated
docs/replay/pandar_leg_timing_2026-09-05/data/richness/mstr_chains/2026-05-18.json.gz,17544,d06da9ec5e26f912df95d0a2de818599b0e9384ee9a7cb6cfbe4c299f592de29,local_cache_or_large_generated
docs/replay/pandar_leg_timing_2026-09-05/data/richness/mstr_chains/2026-05-19.json.gz,16511,8f2aa503e4949cceb82fa948e1f16c483b07f92862e9757b6a9727c785985246,local_cache_or_large_generated
docs/replay/pandar_leg_timing_2026-09-05/data/richness/mstr_chains/2026-05-20.json.gz,21974,c4ceefbc3c492b77707f1406f402fde25886c73162b0007b5d14dd7a08570ad4,local_cache_or_large_generated
docs/replay/pandar_leg_timing_2026-09-05/data/richness/mstr_chains/2026-05-21.json.gz,20482,b4d1089a6989b0ea2b59cb93908a489c3fa39dd4579d3df1c88e7d5dea9c947a,local_cache_or_large_generated
docs/replay/pandar_leg_timing_2026-09-05/data/richness/mstr_chains/2026-05-22.json.gz,20440,42dc00f725c62dc92c7e49e9ca6f432fe19817e0c71bc98c93d013d77fc37793,local_cache_or_large_generated
docs/replay/pandar_leg_timing_2026-09-05/data/richness/mstr_chains/2026-05-26.json.gz,19319,da1f0381a20e07d77072e568b4dcbda2043e8ff5ebb792371895b4b0207536d7,local_cache_or_large_generated
docs/replay/pandar_leg_timing_2026-09-05/data/richness/mstr_chains/2026-05-27.json.gz,18553,b4174c0245c2118f4f3fa6ef76461cb80bc95570f44224c7eecca5059b2b1523,local_cache_or_large_generated
docs/replay/pandar_leg_timing_2026-09-05/data/richness/mstr_chains/2026-05-28.json.gz,26177,9876fe6e295e029c38b74d1348825cf4c272ce6f32f6eab27475b3f3f28acf55,local_cache_or_large_generated
docs/replay/pandar_leg_timing_2026-09-05/data/richness/mstr_chains/2026-05-29.json.gz,22581,3bb7d59907f798263d5b58cba5732d61dbd5317da6fa6c0886d7016c2c2bd7b5,local_cache_or_large_generated
docs/replay/pandar_leg_timing_2026-09-05/data/richness/mstr_chains/2026-06-01.json.gz,23198,aea96eabebbf08a6839f1c6b75b16178fdb32f49488228dc3257dbea942094c8,local_cache_or_large_generated
docs/replay/pandar_leg_timing_2026-09-05/data/richness/mstr_chains/2026-06-02.json.gz,26547,d7d7f03b6af44bbeb096c83d6edd0c501f8367c224eeadcce8bdb31252de9ef2,local_cache_or_large_generated
docs/replay/pandar_leg_timing_2026-09-05/data/richness/mstr_chains/2026-06-03.json.gz,33076,308703626959129ce93565b04fe4a4b19d987ce12c474956fdb7f155c47d13aa,local_cache_or_large_generated
docs/replay/pandar_leg_timing_2026-09-05/data/richness/mstr_chains/2026-06-04.json.gz,33500,827a0c3bcfb2494913077b200201fe888045c094c708de43ac5059504a6ea425,local_cache_or_large_generated
docs/replay/pandar_leg_timing_2026-09-05/data/richness/mstr_chains/2026-06-05.json.gz,33183,e93baa980287bd1786b4d85bf2c5682d4eea425a43817bafea8f754053e74041,local_cache_or_large_generated
docs/replay/pandar_leg_timing_2026-09-05/data/richness/mstr_chains/2026-06-08.json.gz,29404,6e3f37767a32cb8a5dcb035f700e4a9db2f3916b662cfe2db31eea9c57930239,local_cache_or_large_generated
docs/replay/pandar_leg_timing_2026-09-05/data/richness/mstr_chains/2026-06-09.json.gz,28927,03bb5771ede1e972f2f6af42faa6e8f48435c596232e81aaf3173a6d5e1217fd,local_cache_or_large_generated
docs/replay/pandar_leg_timing_2026-09-05/data/richness/mstr_chains/2026-06-10.json.gz,25782,6b212cb617d4995d435f7008dcda114c4bec4bdad3d9f98b392d917477753f93,local_cache_or_large_generated
docs/replay/pandar_leg_timing_2026-09-05/data/richness/mstr_chains/2026-06-11.json.gz,34016,c2a8769fe02154c2cb9c3eb536194ac1cd7725cb70e43f2736462822c90e1b09,local_cache_or_large_generated
docs/replay/pandar_leg_timing_2026-09-05/data/richness/mstr_chains/2026-06-12.json.gz,30016,16b4dee46aa6039cdb9b41c5b2975ccef351b0b31372182751d0f9630d8d445c,local_cache_or_large_generated
docs/replay/pandar_leg_timing_2026-09-05/data/richness/mstr_chains/2026-06-15.json.gz,26162,d42a6453b3f471ef743337d38f4ab5e8dfa3ca89cdd0b9c6b30ddf95661310de,local_cache_or_large_generated
docs/replay/pandar_leg_timing_2026-09-05/data/richness/mstr_chains/2026-06-16.json.gz,24604,9a54b1d3e0dc5ecf87f06e4ffc89be14bcbc4179d354a74d87fe4d95c4e5e70e,local_cache_or_large_generated
docs/replay/pandar_leg_timing_2026-09-05/data/richness/mstr_chains/2026-06-17.json.gz,25200,3e5bb49c5b1823a1c1988d4fc6b3af4108311cfe2c362f0b098c4628328e9f06,local_cache_or_large_generated
docs/replay/pandar_leg_timing_2026-09-05/data/richness/mstr_chains/2026-06-18.json.gz,24684,2079fe33c00fcb520441d763a3ecd3f28664dd8a6de3f22db8616be33aa013ba,local_cache_or_large_generated
docs/replay/pandar_leg_timing_2026-09-05/data/richness/mstr_chains/2026-06-22.json.gz,26948,04e042f48aee002dd2737a12160b19000fd36b52f05bbf07497e9ce5a9ce286f,local_cache_or_large_generated
docs/replay/pandar_leg_timing_2026-09-05/data/richness/mstr_chains/2026-06-23.json.gz,24046,293a20521c0d761a00c969657b9600faa6f5aaa464ce123c10d3bfc80e6ae18c,local_cache_or_large_generated
docs/replay/pandar_leg_timing_2026-09-05/data/richness/mstr_chains/2026-06-24.json.gz,24945,50a98f94d98472274b6f82e4fa8a93af59575a8b1d3c9fa4fd9f7fcfe4fb9a3a,local_cache_or_large_generated
docs/replay/pandar_leg_timing_2026-09-05/data/richness/mstr_chains/2026-06-25.json.gz,37311,587036e31a7f8d43c337868fa93c6ae2293f624bcc4159794fd23f93e93b5d68,local_cache_or_large_generated
docs/replay/pandar_leg_timing_2026-09-05/data/richness/mstr_chains/2026-06-26.json.gz,34378,8182b4752768eab523ad77a0d2b6896a1ce8decceac8db6744d5711b46252a95,local_cache_or_large_generated
docs/replay/pandar_leg_timing_2026-09-05/data/richness/mstr_chains/2026-06-29.json.gz,30349,2f6094afd827693eab1a2294f5fa46d59ac572d74bedc8e1334a74a0d8ba0aa8,local_cache_or_large_generated
docs/replay/pandar_leg_timing_2026-09-05/data/richness/mstr_chains/2026-06-30.json.gz,28536,34ca2db5e7266b6e18de63050041601ae884df75ab3b49208cdd9f0db8cbced3,local_cache_or_large_generated
docs/replay/pandar_leg_timing_2026-09-05/data/richness/mstr_chains/2026-07-01.json.gz,27561,b997c07d3886423ce7a8d950005ee97e8e1a6fa2e2cf810423c99302fec0be39,local_cache_or_large_generated
docs/replay/pandar_leg_timing_2026-09-05/data/richness/mstr_chains/2026-07-02.json.gz,34017,79d836e5a9ea40f26d061fe93a20b46475c26efcaeb9e0769109cce9239f7ca4,local_cache_or_large_generated
docs/replay/pandar_leg_timing_2026-09-05/data/richness/mstr_chains/2026-07-06.json.gz,31776,48512c6c3643a467a63eec5adfafcba42cc35bbcb842285a3c11ce270d8400f6,local_cache_or_large_generated
docs/replay/pandar_leg_timing_2026-09-05/data/richness/mstr_chains/2026-07-07.json.gz,30498,4cbd48de9d3e95fc3836b5df472dda959269709c18f753592472c8d906bf9b84,local_cache_or_large_generated
docs/replay/pandar_leg_timing_2026-09-05/data/richness/mstr_chains/2026-07-08.json.gz,29537,9402a0f696db47b034dd52e0ecbebdf2a8ca6a75cddf6bf841bcda0df652f7e4,local_cache_or_large_generated
docs/replay/pandar_leg_timing_2026-09-05/data/richness/mstr_chains/2026-07-09.json.gz,31923,0bc1ecec62081e903c23f3a6ee7f83ca811cd9e6cf8fe1570e52e7e01c0e4d2f,local_cache_or_large_generated
docs/replay/pandar_leg_timing_2026-09-05/data/richness/mstr_chains/2026-07-10.json.gz,27326,556ae0d85cdb848367ee936b5daf73ae27eee9fc90d14f820bde29e620870a66,local_cache_or_large_generated
docs/replay/pandar_leg_timing_2026-09-05/data/richness/mstr_chains/2026-07-13.json.gz,27047,e0fd260620c9ac89bab3e358b6e5496b8b9d8e03ca0555c8bbc2ef71481149ea,local_cache_or_large_generated
docs/replay/pandar_leg_timing_2026-09-05/data/richness/mstr_chains/2026-07-14.json.gz,26410,493617666654180db957470f43a11f7cc1e74be30284e74b7b11fee67e4d4d05,local_cache_or_large_generated
docs/replay/pandar_leg_timing_2026-09-05/data/richness/mstr_chains/2026-07-15.json.gz,24572,2a80b5a12a74603c673e2b93b1d157536e141ad894eb0ccdaa3d3212e053581d,local_cache_or_large_generated
docs/replay/pandar_leg_timing_2026-09-05/data/richness/mstr_chains/2026-07-16.json.gz,26612,5dad32e733def02bbcf1797082a8ac788bb8c383f302ce711fb60a18c0b7899f,local_cache_or_large_generated
docs/replay/pandar_leg_timing_2026-09-05/data/richness/mstr_chains/2026-07-17.json.gz,24592,279dc1551c1a7a551be007903d99c83a7bb5b291203ea26972a25d4d048fcd97,local_cache_or_large_generated
docs/replay/pandar_leg_timing_2026-09-05/data/richness/mstr_chains/2026-07-20.json.gz,22157,32e6c9fde1906579bbdc569cfbe177257fe73a124f4ff5a49d2b7459a421bf59,local_cache_or_large_generated
docs/replay/pandar_leg_timing_2026-09-05/data/richness/mstr_chains/2026-07-21.json.gz,21171,55fae758f220ed4769d17ea5e8eaea889c2e6e25480cf12b4e8e57727aa813bb,local_cache_or_large_generated
docs/replay/pandar_leg_timing_2026-09-05/data/richness/mstr_chains/2026-07-22.json.gz,19187,8f43aac433e8a320233086c521908a39c32d47753d2a69ce735da9917d00be48,local_cache_or_large_generated
docs/replay/pandar_leg_timing_2026-09-05/data/richness/mstr_chains/2026-07-23.json.gz,24912,84212d74e7ebd22f970eb59dfb830217506272cbf6a1aefbb17900322308d347,local_cache_or_large_generated
docs/replay/pandar_leg_timing_2026-09-05/data/richness/mstr_chains/2026-07-24.json.gz,22437,6cd3648616d9dfbd3d0e49bc9a24bbd86038d94389c925327394f2449f75ecee,local_cache_or_large_generated
docs/replay/pandar_leg_timing_2026-09-05/data/richness/mstr_chains/2026-07-27.json.gz,20501,0555e2c7ed23242959c6549ceb56a968d6642a87a531b9fce0c9d17923999666,local_cache_or_large_generated
docs/replay/pandar_leg_timing_2026-09-05/data/richness/mstr_chains/2026-07-28.json.gz,22267,10338b1aa4a167cc55ce1c53d34d97e8accb1a2b071fd31e389296e605a25dbc,local_cache_or_large_generated
docs/replay/pandar_leg_timing_2026-09-05/data/richness/mstr_chains/2026-07-29.json.gz,22225,4ccab8e97fda350b7c3eb8994f0e2e261775b66b79f00068038d29e3ff0ead5f,local_cache_or_large_generated
docs/replay/pandar_leg_timing_2026-09-05/data/richness/mstr_chains/2026-07-30.json.gz,26526,6e3e7187dcb3736ba3a8bd223734e00f63d4520d6f0d88a979fd7cc273d743d3,local_cache_or_large_generated
docs/replay/pandar_leg_timing_2026-09-05/data/richness/mstr_chains/2026-07-31.json.gz,22630,332925ce2656da1bc61173b16228bada0c0de1391196742e1d504dd2cf648a4e,local_cache_or_large_generated
docs/replay/pandar_leg_timing_2026-09-05/data/richness/mstr_chains/2026-08-03.json.gz,20721,fbecf84354ca4d2df8d7d6032124e6f0ee6eca7090cc2094f84ec4bf1b88b2b4,local_cache_or_large_generated
docs/replay/pandar_leg_timing_2026-09-05/data/richness/mstr_chains/2026-08-04.json.gz,18632,d895472c118b398be10f54b1080fdbc1b137404e5e610cfeb4442b0b8e39d46d,local_cache_or_large_generated
docs/replay/pandar_leg_timing_2026-09-05/data/richness/mstr_chains/2026-08-05.json.gz,17484,c07316e43672f21c71987a31f82f1eb485588972e392ba965a92ff6d3b7a593c,local_cache_or_large_generated
docs/replay/pandar_leg_timing_2026-09-05/data/richness/mstr_chains/2026-08-06.json.gz,21539,268d956f980484f0e616972844f1e6a293ad5f3725aa2a0a3562472edc1735e4,local_cache_or_large_generated
docs/replay/pandar_leg_timing_2026-09-05/data/richness/mstr_chains/2026-08-07.json.gz,18913,6ea2e32a4ce66fa5cdda77a7e4973167ae1ed0c5dfc481d1f162f20e93c642a6,local_cache_or_large_generated
docs/replay/pandar_leg_timing_2026-09-05/data/richness/mstr_chains/2026-08-10.json.gz,19887,4706c7f9a89f51454100de1ef66c95cd836c79ccfdb2e2b103511e628e2d1c5f,local_cache_or_large_generated
docs/replay/pandar_leg_timing_2026-09-05/data/richness/mstr_chains/2026-08-11.json.gz,18798,b8eca13dacc66012ed735039d38e239a0d2b151006d1c624874523da32979272,local_cache_or_large_generated
docs/replay/pandar_leg_timing_2026-09-05/data/richness/mstr_chains/2026-08-12.json.gz,17194,b81c2b27ed36b431c2d4a62bf22d08a2721e405db435d4c047515fbfa0f0ba1c,local_cache_or_large_generated
docs/replay/pandar_leg_timing_2026-09-05/data/richness/mstr_chains/2026-08-13.json.gz,20728,f853c0c6af3c97e8f6a704b9b781c640cc94c4027880690152b06c15a473d36f,local_cache_or_large_generated
docs/replay/pandar_leg_timing_2026-09-05/data/richness/mstr_chains/2026-08-14.json.gz,19342,3dc59da7c8a9c4fee197c349fcec014bbcdfa78f7201b727f340e84aa6c60188,local_cache_or_large_generated
docs/replay/pandar_leg_timing_2026-09-05/data/richness/mstr_chains/2026-08-17.json.gz,18236,9efd365bb68ace9e9eb9299dc2eb478849f331a40459a23d4692ce3184584be0,local_cache_or_large_generated
docs/replay/pandar_leg_timing_2026-09-05/data/richness/mstr_chains/2026-08-18.json.gz,18526,aa8447629b44668af59245b3641e787e341021f52f1e6bcf0c2b7137b871c8b5,local_cache_or_large_generated
docs/replay/pandar_leg_timing_2026-09-05/data/richness/mstr_chains/2026-08-19.json.gz,16357,8588d6b03908e2f925a140af5f2e50b3fc77801fac3ae6bc5bd99c71c82e48df,local_cache_or_large_generated
docs/replay/pandar_leg_timing_2026-09-05/data/richness/mstr_chains/2026-08-20.json.gz,22253,60a63a6f4f3ec23c3177ce55cde2b538949078367e3551379ca5ed929750806f,local_cache_or_large_generated
docs/replay/pandar_leg_timing_2026-09-05/data/richness/mstr_chains/2026-08-21.json.gz,18624,6961c04f3aada16734fa17f9b73c2cd5e78eae1630bbd634bf510af2cfc73ba2,local_cache_or_large_generated
docs/replay/pandar_leg_timing_2026-09-05/data/richness/mstr_chains/2026-08-24.json.gz,24190,91bb0dd2e1ff3687f0805016dd1a3f870a6b81a7cb1596d8b1ab1ac6ca39ac27,local_cache_or_large_generated
docs/replay/pandar_leg_timing_2026-09-05/data/richness/mstr_chains/2026-08-25.json.gz,21922,179a625e5b84f71eac0c280cb0f74fd326e8494e6c66ece8467c7a1d0c00aded,local_cache_or_large_generated
docs/replay/pandar_leg_timing_2026-09-05/data/richness/mstr_chains/2026-08-26.json.gz,21776,8c11335f2fd8d6b50b3970d6f6f9edfb34821b88fd2e2b639331475684969b8a,local_cache_or_large_generated
docs/replay/pandar_leg_timing_2026-09-05/data/richness/mstr_chains/2026-08-27.json.gz,21614,917891807f6c5c7dc323c1aa008e0b9effb230b6fbd45093360f22a947d2a4de,local_cache_or_large_generated
docs/replay/pandar_leg_timing_2026-09-05/data/richness/mstr_chains/2026-08-28.json.gz,24501,70efec773b451024bbf58d3ffd7b3f8390f84ac979bfee1339a057b6641486d8,local_cache_or_large_generated
docs/replay/pandar_leg_timing_2026-09-05/data/richness/mstr_chains/2026-08-31.json.gz,22024,7705d3bd4924ee7e9162d67e6c1b6a4dce6775fcef7ef4a04938b1fa432ce905,local_cache_or_large_generated
docs/replay/pandar_leg_timing_2026-09-05/data/richness/mstr_chains/2026-09-01.json.gz,22168,252819bc9a8bfef5e97f0c7a1f2cee1b5cff9d5f5d3918fc9c0aca00fc466022,local_cache_or_large_generated
docs/replay/pandar_leg_timing_2026-09-05/data/richness/mstr_chains/2026-09-02.json.gz,21994,61eb2bcb4098bf34647598b1f9feeb2fa6a82b9424512437f0a77bf85f7d68ee,local_cache_or_large_generated
docs/replay/pandar_leg_timing_2026-09-05/data/richness/mstr_chains/2026-09-03.json.gz,23267,267344070ae34612f167b910632feae17dbf7a38a8b68c84a530f49ac59a26e6,local_cache_or_large_generated
docs/replay/pandar_leg_timing_2026-09-05/data/screen_selected_contracts.csv,38399,00604eee38df058e355e77ed86a62c7c19ade970eb9dcf69ab6992ca81f98736,tracked_with_checkpoint
docs/replay/pandar_leg_timing_2026-09-05/early_put_backfill/all_chain_checks.csv,1143424,d3b657f1ba4b8999342fbcb03a74ca4258e1c9bafa347dded841bd6dff4424e3,tracked_with_checkpoint
docs/replay/pandar_leg_timing_2026-09-05/early_put_backfill/all_surface_features.parquet,1375696,993bb93628c0b2602962b7d4bbe49c4ab752260b96631c895305bf0a4e9c80d0,tracked_with_checkpoint
docs/replay/pandar_leg_timing_2026-09-05/early_put_backfill/api_manifest.json,48364,ef0103ca2a984e079759e544f6cc34e2753934efece25563150a67e66661fecc,tracked_with_checkpoint
docs/replay/pandar_leg_timing_2026-09-05/early_put_backfill/chain_sources.csv,20130,c2985b2438b07e102432c328885a9bbf3c9ae4ed3f4bbe1e95acc050ac496db4,tracked_with_checkpoint
docs/replay/pandar_leg_timing_2026-09-05/early_put_backfill/chains/2026-08-11/AAL-ABNB-AFRM-ALB-APA-APO-APP-ASTS-AXP-BAC.json.gz,216694,a96cd34b6e4691b76609eacb7262388d5fda0d73a2f9b401f0123a4a482f3104,local_cache_or_large_generated
docs/replay/pandar_leg_timing_2026-09-05/early_put_backfill/chains/2026-08-11/BMY-BTU-BX-C-CART-CCJ-CCL-CEG-CELH-CLF.json.gz,179623,7927a0c150277854e1e38c47dea82a185da712c9f6aea1e7e557236387bc1766,local_cache_or_large_generated
docs/replay/pandar_leg_timing_2026-09-05/early_put_backfill/chains/2026-08-11/CRWV-CVNA-DAL-DIS-ENPH-FSLR-GAP-GE-GOOG-HIMS.json.gz,239874,ab352de2da37d275743097c65ccd2d309d10e01ae86c32a61caf128fd7d06b49,local_cache_or_large_generated
docs/replay/pandar_leg_timing_2026-09-05/early_put_backfill/chains/2026-08-11/INOD-IONQ-IREN-JPM-KRE-LUV-LVS-LYFT-MGM-NBIS.json.gz,199810,b61e074d0e866ba0a75cb738d43ed7347aa2c3721f4d6d977a5ab8eb8e481143,local_cache_or_large_generated
docs/replay/pandar_leg_timing_2026-09-05/early_put_backfill/chains/2026-08-11/NCLH-NEE-NNE-NVDA-OKLO-ONON-PINS-PLTR-QCOM-QUBT.json.gz,198565,b82dc2758747b9054cc4388bd8e1dd2a2eceb7014e25f694920c4f5885fc999f,local_cache_or_large_generated
docs/replay/pandar_leg_timing_2026-09-05/early_put_backfill/chains/2026-08-11/RCL-RDDT-RGTI-RIVN-ROKU-RUN-SBUX-SCHW-SEDG-SHOP.json.gz,197913,4cd3899050d1be977ba27f43631a9c578358c786997333eaf06642763c0a2586,local_cache_or_large_generated
docs/replay/pandar_leg_timing_2026-09-05/early_put_backfill/chains/2026-08-11/SLB-SOFI-SPOT-TEM-TFC-UAL-UBER-UNH-UPS-UPST.json.gz,183698,959b4bd3f6a7ee9ffc1bc4f6c72fc72855c69075a8388c89a3bd89be8e7b41ee,local_cache_or_large_generated
docs/replay/pandar_leg_timing_2026-09-05/early_put_backfill/chains/2026-08-11/V-VKTX-VST-W-WFC-WULF-XLF-XLY-XRT-XYZ.json.gz,215164,09fc1719d09bace1eaa46ba466b9a93ff094233228865a4053ecde020622fe62,local_cache_or_large_generated
docs/replay/pandar_leg_timing_2026-09-05/early_put_backfill/chains/2026-08-12/AAL-ABNB-AFRM-ALB-APA-APO-APP-ASTS-AVGO-AXP.json.gz,249066,086262000ae25f4bd514bd7d4c466db506dd87c895906f17e75cdd1c362dcb60,local_cache_or_large_generated
docs/replay/pandar_leg_timing_2026-09-05/early_put_backfill/chains/2026-08-12/BAC-BMY-BTU-BX-C-CCJ-CCL-CEG-CELH-CLF.json.gz,178257,8aef00d80213939d528f3d8fd305024bbde58d14beffb940eac163658c9356ad,local_cache_or_large_generated
docs/replay/pandar_leg_timing_2026-09-05/early_put_backfill/chains/2026-08-12/CLSK-COP-CRWV-CVNA-CVS-DAL-DASH-DIS-ENPH-ETSY.json.gz,195129,e7e9b696616f60f9fbfe85d246152201548e9c4a95e8639b10b4bc9e93f42d3a,local_cache_or_large_generated
docs/replay/pandar_leg_timing_2026-09-05/early_put_backfill/chains/2026-08-12/F-FDX-FHN-FSLR-GE-GOOG-GOOGL-HIMS-HOOD-IONQ.json.gz,236890,fb58d4a6cbe6b074d446cef11d62a652456e498c22ec47059f87c907818813d4,local_cache_or_large_generated
docs/replay/pandar_leg_timing_2026-09-05/early_put_backfill/chains/2026-08-12/IYR-JPM-KRE-KTOS-LUV-LVS-MELI-MGM-MMM-NCLH.json.gz,194825,0a42ce677f3108f384c3af66892a6e31327bc902608e1efc9fd79edbec8a91bc,local_cache_or_large_generated
docs/replay/pandar_leg_timing_2026-09-05/early_put_backfill/chains/2026-08-12/NEE-NVDA-NVO-OKLO-OXY-PDD-PG-PINS-PLTR-QBTS.json.gz,205999,44b42a3c007b45fcc65964c803b7c96b30883baefdb064d97c32c993dff2d39d,local_cache_or_large_generated
docs/replay/pandar_leg_timing_2026-09-05/early_put_backfill/chains/2026-08-12/QCOM-RCL-RDDT-RGTI-RH-RIVN-RKLB-RTX-RUN-SBUX.json.gz,186111,9acffbc10e71f021bb78c58a43359e4956ca689608c23f42a07f91a8e3cb8415,local_cache_or_large_generated
docs/replay/pandar_leg_timing_2026-09-05/early_put_backfill/chains/2026-08-12/SCHW-SE-SEDG-SHOP-SLB-SOFI-SPOT-TEM-TEVA-TFC.json.gz,195331,298232617a1190d43428950e6f9c3e5a646e82e772d066fd5d269c78059ac71c,local_cache_or_large_generated
docs/replay/pandar_leg_timing_2026-09-05/early_put_backfill/chains/2026-08-12/TGT-TOST-TSM-TTD-UAL-UBER-UNH-UPS-UPST-V.json.gz,215315,c0bc52fe2a0e4ef34d3466dca70d290f6fac41b5378130026613f303d074ee82,local_cache_or_large_generated
docs/replay/pandar_leg_timing_2026-09-05/early_put_backfill/chains/2026-08-12/VST-W-WFC-WYNN-XLF-XLU-XLY-XRT-XYZ.json.gz,181528,8d125f0ea72b9dccb05eb56702ff12c6286b9bb8129c220175d2bc605d9fd23c,local_cache_or_large_generated
docs/replay/pandar_leg_timing_2026-09-05/early_put_backfill/chains/2026-08-13/ABNB-AFRM-AMZN-APA-APO-APP-ASTS-AXP-BAC-BE.json.gz,279569,267712da24334ca200443605609a4c7983962bffe3fafa45923e3f9aaa366473,local_cache_or_large_generated
docs/replay/pandar_leg_timing_2026-09-05/early_put_backfill/chains/2026-08-13/BMY-BTU-BX-C-CART-CCL-CEG-CELH-CRWV-CVNA.json.gz,240215,e5365c9e32a644876b52859819e9994f140c6c52d34963c3ab6307c237be74b3,local_cache_or_large_generated
docs/replay/pandar_leg_timing_2026-09-05/early_put_backfill/chains/2026-08-13/DAL-DASH-DIS-ENPH-ETSY-F-FSLR-GE-GOOG-GOOGL.json.gz,262021,90c130170703edf86c94fa0989adb55f5dd088b5d57979674679c6b13f7e5d8c,local_cache_or_large_generated
docs/replay/pandar_leg_timing_2026-09-05/early_put_backfill/chains/2026-08-13/HIMS-INOD-IONQ-IREN-IYR-JPM-KRE-KTOS-LLY-LMT.json.gz,305472,f9b11057b5dc14aec7da578332007d2ea9ee5e320a4338eb08e7262ea40e1f77,local_cache_or_large_generated
docs/replay/pandar_leg_timing_2026-09-05/early_put_backfill/chains/2026-08-13/LUV-LVS-MELI-MMM-NEE-NNE-NVDA-NVO-OKLO-ON.json.gz,242979,38bf7a491633d1b6b562835e2702506be9df3e8d385c2001565e94cd8731d77e,local_cache_or_large_generated
docs/replay/pandar_leg_timing_2026-09-05/early_put_backfill/chains/2026-08-13/PG-PINS-PLTR-QBTS-QCOM-RCL-RDDT-RGTI-RH-RIVN.json.gz,246398,8360d8cf4f6a3ca2f8a4bbe9a49d52dee9a05e76666fa94b16d439b38e843270,local_cache_or_large_generated
docs/replay/pandar_leg_timing_2026-09-05/early_put_backfill/chains/2026-08-13/RKLB-RTX-SBUX-SCHW-SE-SEDG-SHOP-SMR-SOFI-TEM.json.gz,235846,a0c45ea368131df7b5d8a2418b7d276172b77437cd65e5c8b176cb9b40ef3ce4,local_cache_or_large_generated
docs/replay/pandar_leg_timing_2026-09-05/early_put_backfill/chains/2026-08-13/TEVA-TFC-TGT-TOST-TSLA-TSM-UAL-UBER-UNH-UPS.json.gz,253338,f074059e914d8ee1d2f8b07cec1350e76d979ffad41f2477bf793a56c544fbee,local_cache_or_large_generated
docs/replay/pandar_leg_timing_2026-09-05/early_put_backfill/chains/2026-08-13/UPST-V-VFC-VST-W-WFC-WULF-WYNN-XHB-XLB.json.gz,218159,1aa526580b4bd140170b079ca7f7ae82dab36386390afa5bd8e556829e5821bc,local_cache_or_large_generated
docs/replay/pandar_leg_timing_2026-09-05/early_put_backfill/chains/2026-08-13/XLF-XLU-XLY-XPEV-XRT-XYZ.json.gz,127648,a9685c655b2ce2f1788c60cacc0583c78cd3666fa52340d1662e1391b254d9f5,local_cache_or_large_generated
docs/replay/pandar_leg_timing_2026-09-05/early_put_backfill/chains/2026-08-14/AA-AAL-ABBV-ABNB-AFRM-AMZN-ANF-APA-APO-APP.json.gz,250813,2b80f3457a5b56ff70ce5033db6c1574315f8c3ed7945a11f6d7fc07b9dd9203,local_cache_or_large_generated
docs/replay/pandar_leg_timing_2026-09-05/early_put_backfill/chains/2026-08-14/AVGO-AXP-BA-BAC-BILI-BMNR-BTU-BX-C-CART.json.gz,241651,c338d50f0d2ff17a7667d6e583c2fb5b7680442241c243dfaea510bad49ef3a7,local_cache_or_large_generated
docs/replay/pandar_leg_timing_2026-09-05/early_put_backfill/chains/2026-08-14/CCJ-CCL-CEG-CELH-CIFR-CLF-CMCSA-CMG-COP-CRCL.json.gz,203602,5fbb26461f1502a84c6f2e5d7635ba955123527450f2ca48d66fea7b157323bd,local_cache_or_large_generated
docs/replay/pandar_leg_timing_2026-09-05/early_put_backfill/chains/2026-08-14/CRDO-CRSP-CRWV-CVNA-CVS-DAL-DASH-DIS-ENPH-ETSY.json.gz,266562,5135f5286d10c37232a08d6a50ae17de990396c0f9bc0ed36d9471866b01e952,local_cache_or_large_generated
docs/replay/pandar_leg_timing_2026-09-05/early_put_backfill/chains/2026-08-14/FDX-FHN-GAP-GE-GM-GOOG-GOOGL-GS-HIMS-HOOD.json.gz,314929,63a46bc87708aa60fcc7ec77955df85c5774bb3d2699604b5813e79260128971,local_cache_or_large_generated
docs/replay/pandar_leg_timing_2026-09-05/early_put_backfill/chains/2026-08-14/INOD-IONQ-IREN-IYR-JPM-KRE-KTOS-LLY-LMND-LMT.json.gz,302763,8c22a44741a51660f9ef88b90d6d0c000feb401cb4815cacedb053c73ffef6c9,local_cache_or_large_generated
docs/replay/pandar_leg_timing_2026-09-05/early_put_backfill/chains/2026-08-14/LVS-MA-MARA-MELI-MRNA-MSTR-NCLH-NEE-NET-NU.json.gz,273291,a3d7952f0d37cba261d3721d20c6ba35b174b140b263538605509f15d0ee3927,local_cache_or_large_generated
docs/replay/pandar_leg_timing_2026-09-05/early_put_backfill/chains/2026-08-14/NVDA-NVO-OKLO-ON-ONON-OXY-PDD-PG-PINS-PLTR.json.gz,243375,b8419c64b2ceb23589c805608191f3a77fad0c2aff4503b3450f2d80a584923b,local_cache_or_large_generated
docs/replay/pandar_leg_timing_2026-09-05/early_put_backfill/chains/2026-08-14/QBTS-QCOM-RCL-RDDT-RGTI-RH-RIVN-RKLB-RTX-S.json.gz,233356,63f1b2c96cc40eee7a404d8a8f7a858ea9c0714bedf798e61a7c7455ac2711c5,local_cache_or_large_generated
docs/replay/pandar_leg_timing_2026-09-05/early_put_backfill/chains/2026-08-14/SBUX-SCHW-SEDG-SHOP-SLB-SMR-SOFI-SPOT-T-TEM.json.gz,233392,576c8ce7915752c06c8ef3911d5a57f6d8159f0c03156e65075a7e36267871f2,local_cache_or_large_generated
docs/replay/pandar_leg_timing_2026-09-05/early_put_backfill/chains/2026-08-14/TEVA-TFC-TOST-TSLA-TSM-UAL-UBER-UNH-UPS-UPST.json.gz,248375,1dcb87283f3157b680ec83a2e089d7cf5eaee6fd4de943b02848a0fbcccb05ad,local_cache_or_large_generated
docs/replay/pandar_leg_timing_2026-09-05/early_put_backfill/chains/2026-08-14/V-VFC-VST-W-WFC-WULF-WYNN-XHB-XLB-XLF.json.gz,226957,6d86d01f4e06e173842cc1d6fe2065e9ec7d41c343d025433797d7fa075a2d26,local_cache_or_large_generated
docs/replay/pandar_leg_timing_2026-09-05/early_put_backfill/chains/2026-08-14/XLI-XLU-XLY-XPEV-XRT-XYZ.json.gz,141513,e547ea046c4884f95fd847829b2f02a371cc85c5e4727dde03a2aaaa368d48b3,local_cache_or_large_generated
docs/replay/pandar_leg_timing_2026-09-05/early_put_backfill/chains/2026-08-17/AA-AAL-ABNB-ACHR-AFRM-ALB-AMZN-APA-APO-APP.json.gz,213790,0b7638392c803cfd7b901ad6e40dabf443839061389c886ff4026e41a61e0b88,local_cache_or_large_generated
docs/replay/pandar_leg_timing_2026-09-05/early_put_backfill/chains/2026-08-17/AVGO-AXP-BA-BAC-BMY-BTU-BX-C-CCL-CEG.json.gz,217160,60c5fb9e6b7a9a1be56f9ab3bf48b581e9ebaa95a47893ba8aa280ae4a4b9a34,local_cache_or_large_generated
docs/replay/pandar_leg_timing_2026-09-05/early_put_backfill/chains/2026-08-17/CLF-CLSK-CRWV-CVNA-CVS-DAL-DASH-DIS-ENPH-ETSY.json.gz,202760,32137bf74ba615477cd393ca07b6d6ceda83aecec5de3db9fde18829b903b0c7,local_cache_or_large_generated
docs/replay/pandar_leg_timing_2026-09-05/early_put_backfill/chains/2026-08-17/FDX-GE-GOOG-GOOGL-HIMS-HOOD-IONQ-IREN-IYR-JPM.json.gz,266858,58485fade856a4dd0bd5197affe376d85ef50eda7c08819dccf0eb75751b0697,local_cache_or_large_generated
docs/replay/pandar_leg_timing_2026-09-05/early_put_backfill/chains/2026-08-17/KRE-KTOS-LMT-LUV-MA-MELI-MGM-MMM-NCLH-NEE.json.gz,206328,45b4dc872db4da080b2d7aae4fa0da702765cd4b118510a14c204f8776e5b281,local_cache_or_large_generated
docs/replay/pandar_leg_timing_2026-09-05/early_put_backfill/chains/2026-08-17/NET-NNE-NU-NVDA-OKLO-ON-ONON-OXY-PINS-PLTR.json.gz,215542,4685c7c543f402670a7037832aaeafe623890992224a25d9970987f8630db582,local_cache_or_large_generated
docs/replay/pandar_leg_timing_2026-09-05/early_put_backfill/chains/2026-08-17/PYPL-QCOM-QUBT-RCL-RDDT-RGTI-RH-RIVN-RTX-RUN.json.gz,171230,640a11d88855cd0722e32cd056571674e5bb9e08f1bf0640d78aaece21e15ebe,local_cache_or_large_generated
docs/replay/pandar_leg_timing_2026-09-05/early_put_backfill/chains/2026-08-17/SBUX-SCHW-SE-SEDG-SHOP-SLB-SMR-SOUN-SPOT-TGT.json.gz,208080,0bfc9daa01d2ebd39e2a8bd10a250864341f9f70d5c227478687127ca28cd955,local_cache_or_large_generated
docs/replay/pandar_leg_timing_2026-09-05/early_put_backfill/chains/2026-08-17/TOST-TSM-TTD-UAL-UBER-UNH-UPS-UPST-V-VFC.json.gz,200854,43d7bfabd607c6a3025b72f03b889fea329e70a198a5f7a751d627ae91167d3c,local_cache_or_large_generated
docs/replay/pandar_leg_timing_2026-09-05/early_put_backfill/chains/2026-08-17/VST-W-WFC-WMT-WULF-XHB-XLB-XLF-XLI-XLU.json.gz,209764,690835f5ff31b9854a4ceddf7b3de68240260f310feb8ac6aa17453fe1342721,local_cache_or_large_generated
docs/replay/pandar_leg_timing_2026-09-05/early_put_backfill/chains/2026-08-17/XLY-XPEV-XRT-XYZ.json.gz,78871,c9ee1ec354ae2d6868293634f74bf570b9a28f75d6fbdc61a83c2b716aea35f6,local_cache_or_large_generated
docs/replay/pandar_leg_timing_2026-09-05/early_put_backfill/chains/2026-08-18/AA-AAL-ABNB-AFRM-ALB-AMZN-ANF-APA-APO-APP.json.gz,229710,4a8bd81ac893d5e9e59d125e37e9cc96b82a7e677484064acabd406d1ab82852,local_cache_or_large_generated
docs/replay/pandar_leg_timing_2026-09-05/early_put_backfill/chains/2026-08-18/AVGO-AXP-BA-BAC-BMNR-BMY-BTU-BX-C-CART.json.gz,216216,3c5f1956d1b1153da4e94802de290e32feeb95e7b74ccac31c9558d9c3a9c630,local_cache_or_large_generated
docs/replay/pandar_leg_timing_2026-09-05/early_put_backfill/chains/2026-08-18/CCL-CEG-CIFR-CLF-CRWV-CVS-DAL-DASH-DIS-F.json.gz,192816,74e6a9c1d4826c4221583f9a4e55eaaaeb327e511800fdc6db3c12f343f14419,local_cache_or_large_generated
docs/replay/pandar_leg_timing_2026-09-05/early_put_backfill/chains/2026-08-18/FDX-FSLR-GE-GILD-GM-GOOG-GOOGL-GS-HIMS-HOOD.json.gz,294771,bcd922ac851cb5c0147457e03e3d1428f7782a21d799941f5d4755b2b361560b,local_cache_or_large_generated
docs/replay/pandar_leg_timing_2026-09-05/early_put_backfill/chains/2026-08-18/IONQ-IREN-IYR-JPM-KRE-KTOS-LI-LUV-MA-MARA.json.gz,203754,96167e4f6d9cfbcd73c37419f6ab22044989d8bd82dc8324b952ed3128f1ce08,local_cache_or_large_generated
docs/replay/pandar_leg_timing_2026-09-05/early_put_backfill/chains/2026-08-18/MGM-MMM-MRNA-NBIS-NCLH-NET-NNE-NU-NVDA-ON.json.gz,207685,bf70accb044e40bd4d9e6a232619a5a8a485b7750b5d2c840d5199b17282dc34,local_cache_or_large_generated
docs/replay/pandar_leg_timing_2026-09-05/early_put_backfill/chains/2026-08-18/ONON-OXY-PG-PINS-PLTR-QCOM-RBLX-RCL-RDDT-RGTI.json.gz,192938,744f4b468b347a12b3c4b9b68d7ea944d781eb21acb483d3666f954f37c85de2,local_cache_or_large_generated
docs/replay/pandar_leg_timing_2026-09-05/early_put_backfill/chains/2026-08-18/RH-RIVN-RTX-RUN-SCHW-SEDG-SHOP-SLB-TFC-TGT.json.gz,161933,b502f45ca16ccb3c650d5a43c08c1f9d47f39f5db15b75621644e95726e6d8f5,local_cache_or_large_generated
docs/replay/pandar_leg_timing_2026-09-05/early_put_backfill/chains/2026-08-18/TOST-TTD-UAL-UPS-UPST-VFC-VST-W-WFC-WMT.json.gz,177235,cfa3b65106f6cc53a20c1b9f2054cea59a6325a6f35a9a97fa0c322cee57f851,local_cache_or_large_generated
docs/replay/pandar_leg_timing_2026-09-05/early_put_backfill/chains/2026-08-18/WULF-XHB-XLI-XLU-XLY-XPEV-XYZ.json.gz,144974,dff91568e5223af134ac28726b055ad122d6044e3be95a3405bc3180e2e97cd1,local_cache_or_large_generated
docs/replay/pandar_leg_timing_2026-09-05/early_put_backfill/chains/2026-08-19/AAL-ABNB-ACHR-AFRM-AG-ALAB-AMZN-ANET-APA-APLD.json.gz,217588,44a169980301b613e57e000b6ea546bdb28fc925b0e8df3d9681986ce64fe9fd,local_cache_or_large_generated
docs/replay/pandar_leg_timing_2026-09-05/early_put_backfill/chains/2026-08-19/APO-APP-AVGO-AXP-BAC-BTU-BX-CART-CCJ-CCL.json.gz,228441,a63684bade1d973f98431ce1e218478b0e1d49a551601291d3b2807749aa2a8a,local_cache_or_large_generated
docs/replay/pandar_leg_timing_2026-09-05/early_put_backfill/chains/2026-08-19/CEG-CELH-CLF-COP-CRWV-CVNA-CVS-DAL-DASH-DIS.json.gz,202756,3d7d2a552dd980868107c5e9ae55bd212fde523ab8459e6ec680f1ed162027a0,local_cache_or_large_generated
docs/replay/pandar_leg_timing_2026-09-05/early_put_backfill/chains/2026-08-19/ETSY-FDX-GE-GM-GOOG-GOOGL-HIMS-HOOD-IONQ-IREN.json.gz,260484,cf9e39e22abaa4ed55b2b4b9a3833c8af9a8e72860bead0ad245164d709b2d55,local_cache_or_large_generated
docs/replay/pandar_leg_timing_2026-09-05/early_put_backfill/chains/2026-08-19/IYR-JPM-KRE-KTOS-LUV-M-MA-MGM-MMM-NBIS.json.gz,193011,6fbfd945706bf62aaff5d9abfd607abaf05233ca2f6025bb21b6d615e323a26f,local_cache_or_large_generated
docs/replay/pandar_leg_timing_2026-09-05/early_put_backfill/chains/2026-08-19/NCLH-NEE-NET-NVDA-ONON-PG-PINS-QCOM-QUBT-RBLX.json.gz,167326,1e50c1bd1b0a881e4c64bcaf75621039066ee1d310036616cedf0ed95872221c,local_cache_or_large_generated
docs/replay/pandar_leg_timing_2026-09-05/early_put_backfill/chains/2026-08-19/RCL-RDDT-RGTI-RH-RTX-RUN-SCHW-SE-SEDG-SHOP.json.gz,200540,360ad956af77dd5da4b97de468d6b2b03ac6237d0a52d275e3e7487ab4cb0bcc,local_cache_or_large_generated
docs/replay/pandar_leg_timing_2026-09-05/early_put_backfill/chains/2026-08-19/SLB-TEVA-TFC-TGT-TOST-TTD-UAL-UPS-UPST-URA.json.gz,150059,1f6b658457adfd82718c25789541bee8ebb0fa95f0544c79a58d8b72789351e3,local_cache_or_large_generated
docs/replay/pandar_leg_timing_2026-09-05/early_put_backfill/chains/2026-08-19/V-VFC-VRT-VST-W-WFC-WMT-WULF-WYNN-XHB.json.gz,209531,e0c6d84c2af7a36af0274b42e32c870cf98e5443209161c8c7201ab7465315c4,local_cache_or_large_generated
docs/replay/pandar_leg_timing_2026-09-05/early_put_backfill/chains/2026-08-19/XLB-XLF-XLI-XLU-XLY-XRT-XYZ.json.gz,146613,9194379e51d12536354e7ec4e7d6c532b132254c0ce693e682c33f71885cadd5,local_cache_or_large_generated
docs/replay/pandar_leg_timing_2026-09-05/early_put_backfill/chains/2026-08-20/AAL-AAP-ABNB-ACHR-AFRM-ALAB-ALB-AMD-ANET-APLD.json.gz,283247,46dd5dd389efac167d69c68ad33bd6648e13928c7984326e4a1f8d4fa0a0b23d,local_cache_or_large_generated
docs/replay/pandar_leg_timing_2026-09-05/early_put_backfill/chains/2026-08-20/APO-APP-AVGO-AXP-BAC-BMNR-BX-CART-CCJ-CCL.json.gz,239740,7b32fa55bb728655ed2892421bc7d2622d9011cb0cec6be838b45fa3a9dd7882,local_cache_or_large_generated
docs/replay/pandar_leg_timing_2026-09-05/early_put_backfill/chains/2026-08-20/CEG-CLF-CLSK-CMCSA-CRDO-CRWV-CVNA-DAL-DASH-DIS.json.gz,227110,6c3d9f5fe0cd75665f68ee216ecc47f8547b44e4ae429e713cfbd89e71b6f014,local_cache_or_large_generated
docs/replay/pandar_leg_timing_2026-09-05/early_put_backfill/chains/2026-08-20/ETSY-F-FDX-GME-GOOG-GOOGL-HIMS-IONQ-IREN-IYR.json.gz,242867,99f53b7d12bef6ca792c91e3761d7826ca360dc469a8a0305ed0a8881423c9d2,local_cache_or_large_generated
docs/replay/pandar_leg_timing_2026-09-05/early_put_backfill/chains/2026-08-20/JPM-KRE-LLY-LUV-M-MA-MMM-NBIS-NCLH-NEE.json.gz,244457,56dea1763c57d5e93b299882b4d7ba2b4e6478c78841536920478ceb9af0d04f,local_cache_or_large_generated
docs/replay/pandar_leg_timing_2026-09-05/early_put_backfill/chains/2026-08-20/NET-NVDA-ONON-QCOM-QUBT-RBLX-RCL-RH-RIVN-RTX.json.gz,201164,7eda645b95f7679c2a528dfb1d7b183989b6b8aeeb096ab49209b23818af6839,local_cache_or_large_generated
docs/replay/pandar_leg_timing_2026-09-05/early_put_backfill/chains/2026-08-20/RUN-SBUX-SCHW-SEDG-SHOP-SLB-SOUN-TEVA-TFC-TGT.json.gz,156956,cabced5c4548a2469ef0cd1054ec5a6d2cce94f141a8534a8d358a443ea67947,local_cache_or_large_generated
docs/replay/pandar_leg_timing_2026-09-05/early_put_backfill/chains/2026-08-20/TOST-UAL-UPS-UPST-URA-V-VFC-VRT-VST-W.json.gz,205075,1aa793a0838b9115ea6a208342cabc616d18485574e4486b89ee2a49e4a95383,local_cache_or_large_generated
docs/replay/pandar_leg_timing_2026-09-05/early_put_backfill/chains/2026-08-20/WFC-XHB-XLI-XLU-XLY-XPEV-XRT.json.gz,152389,21e5480fff1f558e5490fd8dabec70340199ea52b113da731ab11557c72b9717,local_cache_or_large_generated
docs/replay/pandar_leg_timing_2026-09-05/early_put_backfill/chains/2026-08-21/AA-AAL-ABNB-ALAB-AMD-AMZN-APA-APO-APP-AVGO.json.gz,322251,23b7fe7f10fdeddbbaf7fb770b3bace0dd8d7a969f72b9584fabcf9d0e307b48,local_cache_or_large_generated
docs/replay/pandar_leg_timing_2026-09-05/early_put_backfill/chains/2026-08-21/AXP-BAC-BE-BMNR-BX-CART-CCJ-CCL-CEG-CIFR.json.gz,220837,50a32caf635e13aadeb2fb8087522d4d81daa0a8bf66e6deb245243ba08c0c89,local_cache_or_large_generated
docs/replay/pandar_leg_timing_2026-09-05/early_put_backfill/chains/2026-08-21/CLF-CRDO-CRWV-CVNA-DAL-DIS-EXPE-FDX-FSLR-GE.json.gz,245908,f01509a4a54e5e4432c2ad5d20d272eb370c9c99498cbccde28175c1d4ab9c5b,local_cache_or_large_generated
docs/replay/pandar_leg_timing_2026-09-05/early_put_backfill/chains/2026-08-21/GOOG-GOOGL-HIMS-IBM-IREN-IYR-JPM-KRE-LUV-M.json.gz,247144,09635409a7edce63ff3d71ed368f48daebfa93e7d1162384db4fcc16a562d991,local_cache_or_large_generated
docs/replay/pandar_leg_timing_2026-09-05/early_put_backfill/chains/2026-08-21/MA-MGM-MMM-NBIS-NCLH-NEE-NVDA-ON-ONON-PINS.json.gz,193655,7ff26488594278d9486073a0263b08ef3a2f31a2430580761bb01b72dc59d964,local_cache_or_large_generated
docs/replay/pandar_leg_timing_2026-09-05/early_put_backfill/chains/2026-08-21/QBTS-QUBT-RBLX-RCL-RDDT-RGTI-RH-RTX-RUN-SBUX.json.gz,181227,2943bdb6a089df6405d565c834ba48e6f1b9607d2ccf18f6971e756aeed2b3bf,local_cache_or_large_generated
docs/replay/pandar_leg_timing_2026-09-05/early_put_backfill/chains/2026-08-21/SCHW-SEDG-SHOP-SLB-TEVA-TFC-TOST-UAL-UPS-UPST.json.gz,173983,1ef701cbfe9e6b889520938301fa9dd401b4eedc3db1aeada0ca3fb48f8d52bb,local_cache_or_large_generated
docs/replay/pandar_leg_timing_2026-09-05/early_put_backfill/chains/2026-08-21/URA-V-VFC-VRT-VST-W-WFC-WULF-XHB-XLB.json.gz,219556,5fa076926c0aed177c724b34260b0fe4df40bd0f9982a853f060d8d6982ed5e6,local_cache_or_large_generated
docs/replay/pandar_leg_timing_2026-09-05/early_put_backfill/chains/2026-08-21/XLI-XLU-XLY-XPEV-XYZ.json.gz,106774,032cce70bf5de7654d83410b0b657152d4701474182ce5988db1c32a255c4f3b,local_cache_or_large_generated
docs/replay/pandar_leg_timing_2026-09-05/early_put_backfill/exact_confirmations.csv,88025,bec84d7d5d304ae8d4ea007c6c9c07cd0e1faf74621a2a8da8eeb84f16f3a105,tracked_with_checkpoint
docs/replay/pandar_leg_timing_2026-09-05/early_put_backfill/surface_candidates.csv,750082,0a5c7883b9a4d3b8247fa559af95af9e4d4f162060c52f2e1728faff40a89ec7,tracked_with_checkpoint
docs/replay/pandar_leg_timing_2026-09-05/early_put_backfill/surface_sources.csv,7937,ba7f43999f2a6f99ee52a2a0a23250025200aacaf6651dda116932d0f22e8b44,tracked_with_checkpoint
docs/replay/pandar_leg_timing_2026-09-05/eligibility_explanation.template.md,25800,f633f2117012f63e0054386b487e4d9c878e637b2f1a744f2e73e2a614620bbf,tracked_with_checkpoint
docs/replay/pandar_leg_timing_2026-09-05/eligibility_sources.csv,23689,189bb419c5586acf3b0798599f50c7a3b5b4998ea79abc508b73355b1ff1d5bf,tracked_with_checkpoint
docs/replay/pandar_leg_timing_2026-09-05/entry_eligibility_audit.csv,6465,fd8f7c76423cb45389b45c097e2e233edaa2bf20cd26739471eb70e358506d46,tracked_with_checkpoint
docs/replay/pandar_leg_timing_2026-09-05/execution_surface_context.csv,640,1252bbe9c9c872c5923be40856732cdb6d301a727e45d9f2b883633ba81a548f,tracked_with_checkpoint
docs/replay/pandar_leg_timing_2026-09-05/hiro_sources.csv,45747,22d0d5b0ae1a23b3f2c8e266636fc7ac2d00ca1ba016daa612491d88f91dd25e,tracked_with_checkpoint
docs/replay/pandar_leg_timing_2026-09-05/mstr_matched_strike_history.csv,88609,bdfe4a85c83bcae7db9d1708809fe81eb5f95e70a03e5b1d17e33594bf113fdc,tracked_with_checkpoint
docs/replay/pandar_leg_timing_2026-09-05/mstr_matched_strike_richness.csv,5903,f32c220f2451e924aab5457a14569eb4072319c9f4de08346572f0cc5fcdba68,tracked_with_checkpoint
docs/replay/pandar_leg_timing_2026-09-05/paired_entry_comparison.csv,1176,eb288870f5aea2a075c7435db31483b3031ce0a4558115944058e6a23e4df603,tracked_with_checkpoint
docs/replay/pandar_leg_timing_2026-09-05/pandar_all_daily_surface_candidates.md,258237,2989b137cf2e7d2b3cb6ce7d02515154064039efda12c515d597fb98501fed07,tracked_with_checkpoint
docs/replay/pandar_leg_timing_2026-09-05/pandar_eligibility_complete_window.csv,2826187,98c20e15a311d63759de3fadc4e656d8681e872d006803e9a13d9d20624b6f2a,tracked_with_checkpoint
docs/replay/pandar_leg_timing_2026-09-05/pandar_eligibility_enriched.csv,1375729,66a4e1459f168cc789206acef68fd45aa0228b87b4e4d24ada61ac91ccc5193d,tracked_with_checkpoint
docs/replay/pandar_leg_timing_2026-09-05/pandar_exact_legs_complete_window.csv,249961,8878ace49988b884977e04d2210d5004446efe8bdeaf96d74e9867d531b50ff9,tracked_with_checkpoint
docs/replay/pandar_leg_timing_2026-09-05/pandar_exact_legs_enriched.csv,134802,99b91698db56ac6618ee9d7d2e31014270ddd6627ba7a5cf548a37c6d1024142,tracked_with_checkpoint
docs/replay/pandar_leg_timing_2026-09-05/pandar_trade_eligibility_and_leg_timing.md,77705,24802f74bb6d6d9dfe6394874045d67cf69f5289145265fa4d1f81508cf36ab2,tracked_with_checkpoint
docs/replay/pandar_leg_timing_2026-09-05/profitable_hiro_cases.csv,1161,6048f1f401b470106eca16c63ac82d234d3003d5ce7c3d4c8a8168c7330f9e96,tracked_with_checkpoint
docs/replay/pandar_leg_timing_2026-09-05/quote_manifest.json,54788,9a84e465c956deaa2716e3fd5fe5e419957b8a285be772ed3f2fcc3bb14bf83b,tracked_with_checkpoint
docs/replay/pandar_leg_timing_2026-09-05/richness_sources.csv,15190,6ed0f4bb578e74376d9faf07b92e61f20a4d5db12a44e69b39710115026071e5,tracked_with_checkpoint
docs/replay/pandar_leg_timing_2026-09-05/screen_quote_comparison.csv,6692,e36eeebb99d2769783c136dc0e23a7f931ed7cb3e23e49c6900818c7663ba010,tracked_with_checkpoint
docs/replay/pandar_leg_timing_2026-09-05/source_dime_target_sensitivity.csv,3840,f2b4e7692f621c3b3bb052a8758cf3aa1a21aeeef3b846a10772a353224d3d94,tracked_with_checkpoint
docs/replay/pandar_leg_timing_2026-09-05/summary.csv,13892,2b9f312d9696c4bbd072f34ed7842a942b213d31650d97cc475e9acf33f033c8,tracked_with_checkpoint
docs/replay/pandar_skew_journey_2026-09-06/ablation_results.csv,96949,4357d117ef4af13bf99fd3f05ffb8aeb91c8ee3eb28d45bc2a7f5774546ed380,tracked_with_checkpoint
docs/replay/pandar_skew_journey_2026-09-06/api_manifest.json,21797,f84b2189fb5fb235d332048db1a710e25f5721bdffd88af4413def833ed7536e,tracked_with_checkpoint
docs/replay/pandar_skew_journey_2026-09-06/coverage.csv,23107,859513155351a1c2b41c2f11c50f14b6635384a21256a3725f072b5ffb630686,tracked_with_checkpoint
docs/replay/pandar_skew_journey_2026-09-06/dailies.parquet,5757926,cbd574c5af47631a21c1ff46d1bc391e951910e3f9cd5c971856388a3a6c81f8,local_cache_or_large_generated
docs/replay/pandar_skew_journey_2026-09-06/daily_features_and_outcomes.parquet,91211651,1622aab3a9429a97489176e623415a6d1ed8369d7fe1aa656d2f90e439c01cc2,local_cache_or_large_generated
docs/replay/pandar_skew_journey_2026-09-06/data_sources.csv,13987,5734bf68d8a099672e3f8d7989505661b686ca26800b1ec8e63958fb7233b126,tracked_with_checkpoint
docs/replay/pandar_skew_journey_2026-09-06/delta_distance_and_journey.png,122927,47e97ec43c852ca8138bf551fd129636ddaadc795d72500b81daba8b5048397f,tracked_with_checkpoint
docs/replay/pandar_skew_journey_2026-09-06/delta_otm_counts.csv,72,00f1d2066f869db617e716710d8c08a6caa9ebb2d27d81ce3dea290b9ec10252,tracked_with_checkpoint
docs/replay/pandar_skew_journey_2026-09-06/earnings_exclusion.md,2227,4e74f5c50e61a2263ea73d1e6316cc4c24dccbc0b8e57b2cbf2bb962154ab2c7,tracked_with_checkpoint
docs/replay/pandar_skew_journey_2026-09-06/feynman_review.md,2516,58594b046557b7f0e32da02cc689036015182bbbde4973f90d74425a6bc4f14e,tracked_with_checkpoint
docs/replay/pandar_skew_journey_2026-09-06/feynman_summary.md,2727,7da3ab67d9734261a7a68b5924596fe336ab51d925871563f531bfff51407061,tracked_with_checkpoint
docs/replay/pandar_skew_journey_2026-09-06/high_rank_signal_ledger.csv,41570566,2b19610fc6cf7792b3133312eecd90da337f8473bb3553b1c93c8be6d84abba4,local_cache_or_large_generated
docs/replay/pandar_skew_journey_2026-09-06/hiro_universe.csv,3814,4090e0d71c406c1d20451842e9c2bf2ad53d5e14309e079f5a9a6e179c1a22bf,tracked_with_checkpoint
docs/replay/pandar_skew_journey_2026-09-06/historical_contract_requirements.md,3216,1e2a97f110d0fe2bda6715b00376c00cf98bef2d77fab4f95929167f6a588f58,tracked_with_checkpoint
docs/replay/pandar_skew_journey_2026-09-06/missing_data_requirements.md,2320,b79a4143a71890fef3a6c6fc437eab8a51bcbdaef68f4bf11e7baed1958c5c33,tracked_with_checkpoint
docs/replay/pandar_skew_journey_2026-09-06/pandar_skew_journey_research.md,33731,c51653b45a7fbdbf68cd6ad4f9030b7ef23241f11defe35bc220e854bf867b65,tracked_with_checkpoint
docs/replay/pandar_skew_journey_2026-09-06/persona_decisions.md,4234,3360002ab0d4e49127f3c6d816828411b2ae0669b56bd9a848d4a78e46523b81,tracked_with_checkpoint
docs/replay/pandar_skew_journey_2026-09-06/plannotator_feedback_2026-09-07.md,1000,3152df8a86d36d6b24f5e986c1bdf1a07da34112aefe6cc08f8900c19339e767,tracked_with_checkpoint
docs/replay/pandar_skew_journey_2026-09-06/raw/dailies/AA-AAL-AAP-AAPL-ABBV-ABNB-ABR-ABT-ACHR-ACN.json.gz,215455,5228838a4567dbdb1fa2c796e3f2839e90a7c6096ca61e5df653d82d349ed937,local_cache_or_large_generated
docs/replay/pandar_skew_journey_2026-09-06/raw/dailies/ADBE-ADM-AFRM-AG-AGNC-AI-AKAM-ALAB-ALB-AMAT.json.gz,207438,641b4f513b89f100cdb3855738f2dd5c11d5e6a84eabe8784dd5ebaeb4bdc60d,local_cache_or_large_generated
docs/replay/pandar_skew_journey_2026-09-06/raw/dailies/AMC-AMD-AMGN-AMT-AMZN-ANET-ANF-APA-APLD-APO.json.gz,216110,432e46ff834d5a2dbc96479037f28280644a967758ed282c65f96efa43e01477,local_cache_or_large_generated
docs/replay/pandar_skew_journey_2026-09-06/raw/dailies/APP-ARM-ASAN-ASML-ASTS-ATVI-AVGO-AXP-BA-BABA.json.gz,204849,8c97cfc0566ad1f0d84c24f25f713b5c931c5100a5e4247489db8052a8b5d0c3,local_cache_or_large_generated
docs/replay/pandar_skew_journey_2026-09-06/raw/dailies/BAC-BB-BBAI-BE-BIDU-BILI-BITF-BKNG-BLK-BLNK.json.gz,200809,34a337983c730a49c5d20b670cfeafd8ef801d6f3eebbeefba08e69c3ee0c475,local_cache_or_large_generated
docs/replay/pandar_skew_journey_2026-09-06/raw/dailies/BMBL-BMNR-BMY-BP-BTBT-BTU-BX-BYND-C-CART.json.gz,186874,50da4d82a63fa267fb3bd5267c26be6dc88ec09fb0780bb33e8c4a08ddd2524f,local_cache_or_large_generated
docs/replay/pandar_skew_journey_2026-09-06/raw/dailies/CAT-CCJ-CCL-CEG-CELH-CHPT-CHWY-CIFR-CLF-CLSK.json.gz,209993,1b8e8624c26dc6d61a37e1b2d5765f25675a69d8b17b13b5e40aa28f021951cb,local_cache_or_large_generated
docs/replay/pandar_skew_journey_2026-09-06/raw/dailies/CLX-CMCSA-CMG-COIN-COP-COST-CPNG-CRCL-CRDO-CRM.json.gz,206409,1b2d7350e4d15d0c6ac9fb0f6604bae4022362b01d7d61a333cb0272c4955163,local_cache_or_large_generated
docs/replay/pandar_skew_journey_2026-09-06/raw/dailies/CRSP-CRWD-CRWV-CSCO-CVNA-CVS-CVX-DAL-DASH-DDOG.json.gz,206090,54aa06fa64ad62d9f4e46b3d915cc9b2fa12034466d5b62372f8f4f8d9788c36,local_cache_or_large_generated
docs/replay/pandar_skew_journey_2026-09-06/raw/dailies/DE-DELL-DG-DIS-DJT-DKNG-DOCU-DVN-DWAC-EBAY.json.gz,197297,ba9230ae7e7f10661ea87dd6bb484cfcce189b1702592203251c7710b0e4ac74,local_cache_or_large_generated
docs/replay/pandar_skew_journey_2026-09-06/raw/dailies/EDU-ENPH-ENVX-ET-ETSY-EXPE-F-FANG-FCX-FDX.json.gz,213719,f76bf3166ed6453cae2a0a4c0522044ad611d21a9b6b131c45d42957a52d60e8,local_cache_or_large_generated
docs/replay/pandar_skew_journey_2026-09-06/raw/dailies/FHN-FSLR-FSLY-FSR-FTNT-FUBO-GAP-GE-GILD-GM.json.gz,187022,91de0fda1527d52428e25b313d5e04f79f9b78894e1005a4ab735e8fbe620d86,local_cache_or_large_generated
docs/replay/pandar_skew_journey_2026-09-06/raw/dailies/GME-GNRC-GOLD-GOOG-GOOGL-GPS-GS-HBAN-HD-HIMS.json.gz,195755,5c7083fd67a919949132078160a3d41a1dd6f9cb888913ea53d7ee92e3adce7c,local_cache_or_large_generated
docs/replay/pandar_skew_journey_2026-09-06/raw/dailies/HOOD-HPE-HPQ-HTZ-HUM-HUT-IBM-IMGN-INOD-INTC.json.gz,195497,ff7cf09ba6d72ece99815cb339158ec9d3cb8242c5b6cfe18c8756da74544109,local_cache_or_large_generated
docs/replay/pandar_skew_journey_2026-09-06/raw/dailies/INTU-IONQ-IOVA-IREN-IVR-JBLU-JD-JMIA-JNJ-JPM.json.gz,204960,981f9861b3277160df56cca5b5e86312964742fe057d0fe2ea946fe9b2f0fe8a,local_cache_or_large_generated
docs/replay/pandar_skew_journey_2026-09-06/raw/dailies/KHC-KMX-KO-KR-KTOS-LAZR-LCID-LEN-LI-LLY.json.gz,206144,0d8bf7cfa6f59df97e7aeadfaad908cd0990681e1464506e1a70acfc37f12763,local_cache_or_large_generated
docs/replay/pandar_skew_journey_2026-09-06/raw/dailies/LMND-LMT-LOW-LRCX-LTBR-LULU-LUMN-LUNR-LUV-LVS.json.gz,206405,e20decd43371d5897f8f3fd5435efe195cc22a8c60b6266aaa21d88f74f48ff8,local_cache_or_large_generated
docs/replay/pandar_skew_journey_2026-09-06/raw/dailies/LYFT-M-MA-MARA-MCD-MDB-MELI-META-MGM-MMM.json.gz,222724,4ab66cf5560c2d38dc27816a89f2df6a714f2b97a6dce2f8517c34b46111de43,local_cache_or_large_generated
docs/replay/pandar_skew_journey_2026-09-06/raw/dailies/MO-MOS-MPC-MPW-MRK-MRNA-MRO-MRVL-MS-MSFT.json.gz,190006,d6840152b25c24c78a3fcba12eecb20378d272e9564643582f14c7333161f2e7,local_cache_or_large_generated
docs/replay/pandar_skew_journey_2026-09-06/raw/dailies/MSTR-MU-NBIS-NCLH-NEE-NEM-NET-NFLX-NIO-NKE.json.gz,208273,ef3cd0bcb5cedfc13dc4292e076b038402e61cad313b4ea4cec38881ec0277fd,local_cache_or_large_generated
docs/replay/pandar_skew_journey_2026-09-06/raw/dailies/NKLA-NNE-NOK-NOW-NU-NVAX-NVDA-NVO-NYCB-OKLO.json.gz,163694,d491da3ec756e7c99f943551239a73b3254e4491450e6292bd5e4fa019d23c96,local_cache_or_large_generated
docs/replay/pandar_skew_journey_2026-09-06/raw/dailies/OKTA-ON-ONON-OPEN-ORCL-OXY-OZK-PACW-PANW-PARA.json.gz,174588,f1e8bb5a00e12323b26137ec58eb43b6495225f937bd81ec79bd7a2d44d4c984,local_cache_or_large_generated
docs/replay/pandar_skew_journey_2026-09-06/raw/dailies/PATH-PBR-PDD-PENN-PEP-PFE-PG-PINS-PLTR-PLUG.json.gz,206295,8b1b1a5a79b6e01b1b7d93338d5236ab0a0055d8983b82612acd808f8d4b73de,local_cache_or_large_generated
docs/replay/pandar_skew_journey_2026-09-06/raw/dailies/PTON-PYPL-QBTS-QCOM-QS-QUBT-RBLX-RCL-RDDT-RDW.json.gz,199495,1b861f281066484a16bb66f4f3424e0b8d0c527dd7d0bd05ed6a00ac0e5b980a,local_cache_or_large_generated
docs/replay/pandar_skew_journey_2026-09-06/raw/dailies/RF-RGTI-RH-RIG-RILY-RIOT-RIVN-RKLB-RKT-ROKU.json.gz,200572,97a3c6aaf371f66a6983fff65f1cd0c77993aea83213e2932a2aa45c80f922a8,local_cache_or_large_generated
docs/replay/pandar_skew_journey_2026-09-06/raw/dailies/RTX-RUN-S-SAVE-SBUX-SCHW-SE-SEDG-SERV-SHOP.json.gz,193472,2b8f3cccfb2c68afa01ddfd00c117d1a260e100080229ab8c299a5609da2f1e0,local_cache_or_large_generated
docs/replay/pandar_skew_journey_2026-09-06/raw/dailies/SLB-SMCI-SMR-SNAP-SNDK-SNDL-SNOW-SOFI-SOUN-SPCE.json.gz,188139,fbaa3fa9cd34ff553c4488f647be7eaa8cf037d10f9a675b81ffbb8acd1c0d51,local_cache_or_large_generated
docs/replay/pandar_skew_journey_2026-09-06/raw/dailies/SPOT-SPWR-SPY-SQ-STX-T-TAL-TDOC-TEM-TEVA.json.gz,176227,1dd7ab0e8b9788432265a5c3f5930226ca40414291426d7654d621f05efd9d9d,local_cache_or_large_generated
docs/replay/pandar_skew_journey_2026-09-06/raw/dailies/TFC-TGT-TLRY-TOST-TSLA-TSM-TTD-TWLO-TXN-U.json.gz,216357,d8a1b8b4c537a79a6880b3f86111cb50c82c6dabe9c4788ec86edc752b53c571,local_cache_or_large_generated
docs/replay/pandar_skew_journey_2026-09-06/raw/dailies/UAL-UBER-ULTA-UNH-UPS-UPST-V-VALE-VFC-VKTX.json.gz,217533,a95f6a1bb751dc8676dfeedd5e210f9a7504926462bd7400b26afaf99b1a9db3,local_cache_or_large_generated
docs/replay/pandar_skew_journey_2026-09-06/raw/dailies/VLO-VOD-VRT-VST-VZ-W-WAL-WBA-WBD-WDAY.json.gz,207654,96024221c282c100327364b495f5b42acc6f313dd3793a0f1a34a6e01359ab1f,local_cache_or_large_generated
docs/replay/pandar_skew_journey_2026-09-06/raw/dailies/WDC-WFC-WMT-WULF-WYNN-X-XOM-XPEV-XYZ-Z.json.gz,206569,ce8de5539f4e7751111e814e191dc0a76a1dacfc536893b70c0bd020b5ac8468,local_cache_or_large_generated
docs/replay/pandar_skew_journey_2026-09-06/raw/dailies/ZIM-ZION-ZM-ZS.json.gz,84748,d7ed0abc4e7088310c0bbd538351131283cf569da9678a43dbbab0f0556ea8b2,local_cache_or_large_generated
docs/replay/pandar_skew_journey_2026-09-06/raw/summaries/AA-AAL-AAP-AAPL-ABBV-ABNB-ABR-ABT-ACHR-ACN.json.gz,703559,e4b6a79d99d6427e1e1fcca8e72d2862d77d055e989b0253bcbfd2b4fc6665a9,local_cache_or_large_generated
docs/replay/pandar_skew_journey_2026-09-06/raw/summaries/ADBE-ADM-AFRM-AG-AGNC-AI-AKAM-ALAB-ALB-AMAT.json.gz,683483,1c632acfccb7b255d53c710e3b1a21e79283ff70f3e6b3eee0d3bd494edd896b,local_cache_or_large_generated
docs/replay/pandar_skew_journey_2026-09-06/raw/summaries/AMC-AMD-AMGN-AMT-AMZN-ANET-ANF-APA-APLD-APO.json.gz,692682,9f30993aff5f8b3937ad8235430241d44684f7d68bc85f65691adbaf3bd30df5,local_cache_or_large_generated
docs/replay/pandar_skew_journey_2026-09-06/raw/summaries/APP-ARM-ASAN-ASML-ASTS-ATVI-AVGO-AXP-BA-BABA.json.gz,638526,8da64f558c6185675ef9e67a367819dfd122cdd0c07af8b197afb0628e9d0847,local_cache_or_large_generated
docs/replay/pandar_skew_journey_2026-09-06/raw/summaries/BAC-BB-BBAI-BE-BIDU-BILI-BITF-BKNG-BLK-BLNK.json.gz,691293,871859bcdb80ea0acb4101a3b507c1107e522fd398983063164f82dae8cd96fb,local_cache_or_large_generated
docs/replay/pandar_skew_journey_2026-09-06/raw/summaries/BMBL-BMNR-BMY-BP-BTBT-BTU-BX-BYND-C-CART.json.gz,636023,03a23d3806360ff051820494acfd6a5024cfac6788dec04b17ff1a19eea9acce,local_cache_or_large_generated
docs/replay/pandar_skew_journey_2026-09-06/raw/summaries/CAT-CCJ-CCL-CEG-CELH-CHPT-CHWY-CIFR-CLF-CLSK.json.gz,702477,660794099bf5411e381b0bfe591cecf30b89c734f9a68359e471cb0a4b2c86a6,local_cache_or_large_generated
docs/replay/pandar_skew_journey_2026-09-06/raw/summaries/CLX-CMCSA-CMG-COIN-COP-COST-CPNG-CRCL-CRDO-CRM.json.gz,655701,6cecdf3dd764ebc8a53c9af6c62908a68d22394bb6e5a1f6890296515456bff1,local_cache_or_large_generated
docs/replay/pandar_skew_journey_2026-09-06/raw/summaries/CRSP-CRWD-CRWV-CSCO-CVNA-CVS-CVX-DAL-DASH-DDOG.json.gz,661669,df81b4392ee8d19e984bbd61a120050d0043920a5a2a3202f76cca7926f5f0cd,local_cache_or_large_generated
docs/replay/pandar_skew_journey_2026-09-06/raw/summaries/DE-DELL-DG-DIS-DJT-DKNG-DOCU-DVN-DWAC-EBAY.json.gz,634487,7c9b5fe6b6d5058b5dd8af27028b1d31ae892be84b64c14cc59b31b925260f93,local_cache_or_large_generated
docs/replay/pandar_skew_journey_2026-09-06/raw/summaries/EDU-ENPH-ENVX-ET-ETSY-EXPE-F-FANG-FCX-FDX.json.gz,703009,edcf97784dcc3fd1395b2bbe2922c57a6ec8f31e98a88d4bae16db1743af27aa,local_cache_or_large_generated
docs/replay/pandar_skew_journey_2026-09-06/raw/summaries/FHN-FSLR-FSLY-FSR-FTNT-FUBO-GAP-GE-GILD-GM.json.gz,627193,fda35968fdc0a082555926f497c345f3fb8f969ec277413d152a41a5985a9154,local_cache_or_large_generated
docs/replay/pandar_skew_journey_2026-09-06/raw/summaries/GME-GNRC-GOLD-GOOG-GOOGL-GPS-GS-HBAN-HD-HIMS.json.gz,654118,033b3831d13ea936e5032d5137f72ee9b57d57643600b2bee1ae211a62bf5439,local_cache_or_large_generated
docs/replay/pandar_skew_journey_2026-09-06/raw/summaries/HOOD-HPE-HPQ-HTZ-HUM-HUT-IBM-IMGN-INOD-INTC.json.gz,657743,47094c74d5faf7491416ebf551f2870da2a1e6db97cb5703ce23fe5e73d6250c,local_cache_or_large_generated
docs/replay/pandar_skew_journey_2026-09-06/raw/summaries/INTU-IONQ-IOVA-IREN-IVR-JBLU-JD-JMIA-JNJ-JPM.json.gz,697284,31f61f24cb59f248a0ced366e19446b25595f58fc58ee621a12d22818681d595,local_cache_or_large_generated
docs/replay/pandar_skew_journey_2026-09-06/raw/summaries/KHC-KMX-KO-KR-KTOS-LAZR-LCID-LEN-LI-LLY.json.gz,692030,43b59aee417cc62fdda08a217da47321d88252f4eda3e6ee7c73ff5abbd60dfb,local_cache_or_large_generated
docs/replay/pandar_skew_journey_2026-09-06/raw/summaries/LMND-LMT-LOW-LRCX-LTBR-LULU-LUMN-LUNR-LUV-LVS.json.gz,678220,67e9b34804ad762a186825c51d42bbe0a0f6af6304e5a027ef3741d57a3e17e4,local_cache_or_large_generated
docs/replay/pandar_skew_journey_2026-09-06/raw/summaries/LYFT-M-MA-MARA-MCD-MDB-MELI-META-MGM-MMM.json.gz,702439,0d23af61379cf1c52fdfc52d3aaa428909600e444fe4743171a3203de28a8a3c,local_cache_or_large_generated
docs/replay/pandar_skew_journey_2026-09-06/raw/summaries/MO-MOS-MPC-MPW-MRK-MRNA-MRO-MRVL-MS-MSFT.json.gz,656976,0a6d90f0d04df327ba30fcb13ac5a79c3533add7e9ea4383f05263c1ff0b869b,local_cache_or_large_generated
docs/replay/pandar_skew_journey_2026-09-06/raw/summaries/MSTR-MU-NBIS-NCLH-NEE-NEM-NET-NFLX-NIO-NKE.json.gz,669175,aeb872783450352cd0f5ae9a7740b1de6c61385c4e4bbf178e2f5705ce5d0a53,local_cache_or_large_generated
docs/replay/pandar_skew_journey_2026-09-06/raw/summaries/NKLA-NNE-NOK-NOW-NU-NVAX-NVDA-NVO-NYCB-OKLO.json.gz,581709,90dc34f1e5c32c080cf6773dc3a3ec6a878ca193ae8c579de05295b75fd8e5ac,local_cache_or_large_generated
docs/replay/pandar_skew_journey_2026-09-06/raw/summaries/OKTA-ON-ONON-OPEN-ORCL-OXY-OZK-PACW-PANW-PARA.json.gz,634453,1fb7701981fc8bb175592adc77c4f2c032a20656d06322ea3b9cf6b0f27c2d01,local_cache_or_large_generated
docs/replay/pandar_skew_journey_2026-09-06/raw/summaries/PATH-PBR-PDD-PENN-PEP-PFE-PG-PINS-PLTR-PLUG.json.gz,702144,2ec55b5881b98f95816951f7882249589c829d0523f0ea70d266a20b078c57c1,local_cache_or_large_generated
docs/replay/pandar_skew_journey_2026-09-06/raw/summaries/PTON-PYPL-QBTS-QCOM-QS-QUBT-RBLX-RCL-RDDT-RDW.json.gz,678275,21580b368583d13bafce604f5d8a39afd9936d43f556923ce7f4cb3f93bba78e,local_cache_or_large_generated
docs/replay/pandar_skew_journey_2026-09-06/raw/summaries/RF-RGTI-RH-RIG-RILY-RIOT-RIVN-RKLB-RKT-ROKU.json.gz,706519,2d2efe302d53b660a2c659418f9064113428cdf75d2889583e591e92623876d7,local_cache_or_large_generated
docs/replay/pandar_skew_journey_2026-09-06/raw/summaries/RTX-RUN-S-SAVE-SBUX-SCHW-SE-SEDG-SERV-SHOP.json.gz,625759,63639bbbfe4249f532cf8ae6cd8ac20a0ea41d737d598f935a1dbcb3102183ff,local_cache_or_large_generated
docs/replay/pandar_skew_journey_2026-09-06/raw/summaries/SLB-SMCI-SMR-SNAP-SNDK-SNDL-SNOW-SOFI-SOUN-SPCE.json.gz,665436,e2d834c7158578dbaac3997b9d4e0789557142a3a7138215ca7154de4fb1333c,local_cache_or_large_generated
docs/replay/pandar_skew_journey_2026-09-06/raw/summaries/SPOT-SPWR-SPY-SQ-STX-T-TAL-TDOC-TEM-TEVA.json.gz,601789,1be370675284489cfa0ee6b3f84915c2c70f593e08e10a164118fed34c259b39,local_cache_or_large_generated
docs/replay/pandar_skew_journey_2026-09-06/raw/summaries/TFC-TGT-TLRY-TOST-TSLA-TSM-TTD-TWLO-TXN-U.json.gz,708844,9349c4efc83679337767be0cc7c2e0524ee646b7c787a35acb7d74da57d1f77f,local_cache_or_large_generated
docs/replay/pandar_skew_journey_2026-09-06/raw/summaries/UAL-UBER-ULTA-UNH-UPS-UPST-V-VALE-VFC-VKTX.json.gz,702219,5ea6e94eb85f946c4f41b273fb0c9f0e50eaed2d538603ef3bad1086126fe0ca,local_cache_or_large_generated
docs/replay/pandar_skew_journey_2026-09-06/raw/summaries/VLO-VOD-VRT-VST-VZ-W-WAL-WBA-WBD-WDAY.json.gz,686378,27996a409aa2510dc5460a95b6a61dac31f5c1fc6792897656a2acf94b225fb2,local_cache_or_large_generated
docs/replay/pandar_skew_journey_2026-09-06/raw/summaries/WDC-WFC-WMT-WULF-WYNN-X-XOM-XPEV-XYZ-Z.json.gz,638482,32ad614d7b85d7a0b5c7a25f09d22c18ee50ad63b79b66d1435095ec9147de68,local_cache_or_large_generated
docs/replay/pandar_skew_journey_2026-09-06/raw/summaries/ZIM-ZION-ZM-ZS.json.gz,284440,1851d5367cafead4a2a31cb531736cf7aa7f6ce0ff7a7aa7c2c602df9dd9e89e,local_cache_or_large_generated
docs/replay/pandar_skew_journey_2026-09-06/recent_73_calls_with_journey.csv,86226,8b81b7dff4adc6c70b1118a2f283909fdaf10e0e29c14603193f78b9a551c02d,tracked_with_checkpoint
docs/replay/pandar_skew_journey_2026-09-06/recent_rank_reconciliation.csv,4386,ec13a4d41b02ebc2d9ae5ce9e8aebde437a4560b61433106b802d45718426a5c,tracked_with_checkpoint
docs/replay/pandar_skew_journey_2026-09-06/research_protocol.md,7571,2f56c7b42105104efa3039024d5924d0ca72028163cc09647c6ad0f2d6c1b117,tracked_with_checkpoint
docs/replay/pandar_skew_journey_2026-09-06/review_45_session_replay.csv,4917,5c8503b12e5ad534b7c4a53a95e58e8afe75dd47243a574b1cb061a17d1d2f46,tracked_with_checkpoint
docs/replay/pandar_skew_journey_2026-09-06/review_earnings_73.csv,4075,bd4a27ce9843d927aafcef9a981c3dc45674e5c4a1218d9258a7dd48fbdec43c,tracked_with_checkpoint
docs/replay/pandar_skew_journey_2026-09-06/review_earnings_sources.json,866,98cf44b32399f3ecd392a57d1a7a628121bb7d2c9149433449f0a892b29ad56a,tracked_with_checkpoint
docs/replay/pandar_skew_journey_2026-09-06/review_execution_notes.md,3387,16bca479c065bd7d785f0eb5bfdd901631a0e8efeb5c5b8220aa648e57a48857,tracked_with_checkpoint
docs/replay/pandar_skew_journey_2026-09-06/review_followup_protocol.md,2669,8397d304113f90d845b8fc70afc38853c889e9d659d5b28ef32c0e27235f846d,tracked_with_checkpoint
docs/replay/pandar_skew_journey_2026-09-06/review_quote_manifest.json,7223,93352b6985cd9f310f1d44279df445b00a5a659e408f6c27a937728e65481f82,tracked_with_checkpoint
docs/replay/pandar_skew_journey_2026-09-06/review_quotes/BE_2026-09-04_272.5_call.parquet,33722,046a140a6e87a4a580e28cf7498f3a50c6efdb0bfc6198a3c3650e2ecc9f1bf3,tracked_with_checkpoint
docs/replay/pandar_skew_journey_2026-09-06/review_quotes/BE_2026-09-04_275_call.parquet,33237,076414cff75959dd7f707f2a38dc3ec977e72a2d697c45328e808ee3fcdf9e47,tracked_with_checkpoint
docs/replay/pandar_skew_journey_2026-09-06/review_quotes/COIN_2026-08-28_215_call.parquet,40313,91b29f810578fedb2a2e678848b8557d9a3d88cefc115bee02a66867a013b986,tracked_with_checkpoint
docs/replay/pandar_skew_journey_2026-09-06/review_quotes/COIN_2026-08-28_220_call.parquet,38650,7ad2901b5cc7f4796c6ca75961cf0fda7ce160d50497e8fa028f72964a67bd74,tracked_with_checkpoint
docs/replay/pandar_skew_journey_2026-09-06/review_quotes/COIN_2026-08-28_230_call.parquet,31756,9d7c4933b0147cb6694b625ea3f1807419a7887be8498d1a44269978c1350486,tracked_with_checkpoint
docs/replay/pandar_skew_journey_2026-09-06/review_quotes/COIN_2026-08-28_235_call.parquet,30030,2cbe6b9e6598e150edab49a2a55c1be125d400361ea4b6df12fd2db3154da1a5,tracked_with_checkpoint
docs/replay/pandar_skew_journey_2026-09-06/review_quotes/JNJ_2026-08-28_280_call.parquet,25796,9dd8046b7060f6534ad48543a7b609d7583d52ea60ae7b85e7817b95fd3e8291,tracked_with_checkpoint
docs/replay/pandar_skew_journey_2026-09-06/review_quotes/JNJ_2026-08-28_282.5_call.parquet,24897,7acd5677271483c944beed723eb0ab351661f73fca51e13b10bffecf7ca80845,tracked_with_checkpoint
docs/replay/pandar_skew_journey_2026-09-06/review_quotes/MRNA_2026-08-28_192.5_call.parquet,25521,deb37956b02f67348e8beacd290747d5f1e3f6d43ebc83104965d93afe69387d,tracked_with_checkpoint
docs/replay/pandar_skew_journey_2026-09-06/review_quotes/MRNA_2026-08-28_195_call.parquet,24890,40768794b70f95cc5542832cdbd53f411eafe28603873ab7dc68384ffac2cea1,tracked_with_checkpoint
docs/replay/pandar_skew_journey_2026-09-06/review_quotes/NVDA_2026-08-31_240_call.parquet,26262,e6e7bfb002007cc5a3a45328c393fce6ada5d6dd339822bacc355182283b24ac,tracked_with_checkpoint
docs/replay/pandar_skew_journey_2026-09-06/review_quotes/NVDA_2026-08-31_242.5_call.parquet,25782,adfbccce41de4ba1bea602dcfd65e782b99ebedaefc271717859ed53731ee390,tracked_with_checkpoint
docs/replay/pandar_skew_journey_2026-09-06/review_quotes/SMCI_2026-08-21_48_call.parquet,34262,e948f4e9e2dfd32f35f7835fda454a0110ec6c717b2827dd1c4fea7fdbc34f4d,tracked_with_checkpoint
docs/replay/pandar_skew_journey_2026-09-06/review_quotes/SMCI_2026-08-21_49_call.parquet,33366,bbdfc6306a00a4e26aaa67a23ae6dc09a3abbe7eacf6d73075fa0b0c397ea8ab,tracked_with_checkpoint
docs/replay/pandar_skew_journey_2026-09-06/review_quotes/STX_2026-08-28_920_call.parquet,24726,f8245fd21127440156b016525b8e822e8fdf941487e5693a2c6f6652b2538627,tracked_with_checkpoint
docs/replay/pandar_skew_journey_2026-09-06/review_quotes/STX_2026-08-28_925_call.parquet,25712,9bc14defa51e3a0ac0e8be39051ed7664c9c2d0ae0c9165a0fcedda9c6521c10,tracked_with_checkpoint
docs/replay/pandar_skew_journey_2026-09-06/review_quotes/TSLA_2026-09-09_405_call.parquet,21343,9d96cced00fb47aa24b7386fc4dda0c782ff087062b51d101887c1c24bd40628,tracked_with_checkpoint
docs/replay/pandar_skew_journey_2026-09-06/review_quotes/TSLA_2026-09-09_407.5_call.parquet,21348,d71c72130cb9e3a97ce0c404db53c48e58bd9dca83e374466b303552fc127f19,tracked_with_checkpoint
docs/replay/pandar_skew_journey_2026-09-06/run_summary.json,253,fa0754d6d9afe2df8f06fa11cfdac9d9fa4473b8fab10f277bdf78b91743ebc5,tracked_with_checkpoint
docs/replay/pandar_skew_journey_2026-09-06/starting_state_comparisons.csv,3509,b74e8a8d2983fd00032bb090d8ca56259b605fa8be09b35df9db8e47064731e8,tracked_with_checkpoint
docs/replay/pandar_skew_journey_2026-09-06/summaries.parquet,40165390,6b7a07a0c3deb374abe78547fd71d6d3f4a6b846256432ad23393c19b0fdccc1,local_cache_or_large_generated
docs/replay/pandar_skew_journey_2026-09-06/universe_source.json,435,915c6ad4bb056f581380bf48e237b6832129ca1d8d844eb6ebf6523e8bfc6ea9,tracked_with_checkpoint
hypothesis_tracking/DECISION_MAKER_MEMO_TEMPLATE.md,2770,599e9446b8ed43badd0fe29014fdac1f2b814eb18c36916334bd050e14b38c3d,tracked_with_checkpoint
hypothesis_tracking/HYPOTHESIS_FINDINGS_TEMPLATE.md,7361,e81eda87309d71f3535abf7f5866a0a95ff798c9c01ed4bdbd1912f45939de3f,tracked_with_checkpoint
hypothesis_tracking/RESEARCH_HYPOTHESIS_INDEX.md,6398,f4f8c51fc458f863c865b11c82b8180e351fb3c755eeea313c90d6acb8e15495,tracked_with_checkpoint
hypothesis_tracking/e-pndr-012_no_hiro_surface_findings.md,5665,cd50fa8cfb58ba39235057064b222a7b5d1dffd52a39048fc44a67706c5fecee,tracked_with_checkpoint
hypothesis_tracking/e-pndr-013_no_hiro_exact_findings.md,7498,ebd316d7008f8aa262910ecbb65fdeb6737cc69d42c7e1f637eddb9e3ce0293f,tracked_with_checkpoint
hypothesis_tracking/h-pndr-001_hiro_entry_2026-09-07.md,10385,8ec4cb2655bd6f65ee315fdbb0a88bd7ee365c166de2a90bf9b7ef5ff08934c6,tracked_with_checkpoint
hypothesis_tracking/h-pndr-002_delayed_conversion_2026-09-07.md,11262,8dc26f5b1570118533a83d934e3bce2df0f80fcde115025fcc2255ff6862b021,tracked_with_checkpoint
hypothesis_tracking/h-pndr-003_skew_rollover_2026-09-07.md,11334,18169adcc1fd148cf576235e69f59cf7404c6135a4968274413452e5eba50499,tracked_with_checkpoint
hypothesis_tracking/memo-pndr_pandar_call_research.md,9206,aaa6da58b66df0569cba0cc04332db54efd0ac97ab97b295dde46df3eb5af5ee,tracked_with_checkpoint
hypothesis_tracking/pandar_no_hiro_exact_protocol_2026-09-08.md,9157,95460787eb2c3a4aa89095668794d909505ddab6411cc648a1892c2bca7e7648,tracked_with_checkpoint
hypothesis_tracking/pandar_no_hiro_surface_protocol_2026-09-08.md,5800,921e42edaa2e8ffe2dd7b08d717edf6aa45d5fbd36dd6cce5a5cfbe8c9f42fe5,tracked_with_checkpoint
hypothesis_tracking/pandar_replay_interpretation.md,4940,395cc7e11a3facfcd385bc822282c97d851df92549e6fd2245e1274b4ea30f4d,tracked_with_checkpoint
hypothesis_tracking/pandar_research_checkpoint_2026-09-09.md,12116,44e4dd0d647555bdd041ea1ee3ecc03492bc35d7166471783420fdf3e9e314b5,tracked_with_checkpoint
hypothesis_tracking/pandar_round2_delta_variant.md,2523,9bb9da8b5fa89cd8c04cad253d5f67239554622da6efda0a6af3b7086631a444,tracked_with_checkpoint
hypothesis_tracking/pandar_seed_and_frozen_protocol.md,12728,0ffa3c5505e8d7cf46d4f6d8d078d862406d6811811fcbe61085059e9252085e,tracked_with_checkpoint
hypothesis_tracking/research_loop.yml,360,121e3af9f0c3a651e9e7203844acf08282b7f3bdb40ccf0aad38435427de8a5d,tracked_with_checkpoint
outputs/commentary/round1/H-PNDR-001.json,3363,36d18c26724e394c1c221962fd2d6e4dd2eaa47019c7e812c2b0673799aeb393,tracked_with_checkpoint
outputs/commentary/round1/H-PNDR-002.json,3319,58299d9ccc20a2c3c33186c025b4aa946ba1e7ad3f8da45c055149db2c46ed54,tracked_with_checkpoint
outputs/commentary/round1/H-PNDR-003.json,3281,1795554273771e026cd7cd86aa47fd36db37db5a3af5152c07635de7155df1e0,tracked_with_checkpoint
outputs/commentary/round2/H-PNDR-001.json,3158,4c8a81626e30fa98d6e9d5f93177154d1fa1e286bdad6b16a49c63452c230d82,tracked_with_checkpoint
outputs/commentary/round2/H-PNDR-002.json,3411,83b699d7915886bf46b12f8b9e060f2dda9a21cc5f6c7813b1c974f6f7eace82,tracked_with_checkpoint
outputs/commentary/round2/H-PNDR-003.json,3307,5b6f3858b05f99c17cdb618a93d2c894c788290768983fc7a74477b2c609da81,tracked_with_checkpoint
outputs/commentary/round3/H-PNDR-001.json,3856,426f72ad25bd7f1c60946b253040f721043b43e3c36ba59afb3b1c59770893ac,tracked_with_checkpoint
outputs/commentary/round3/H-PNDR-002.json,4178,04a7ffefef037fc6acd37643227110c500879c80a21edf1788b06aa7ea1c78e3,tracked_with_checkpoint
outputs/commentary/round3/H-PNDR-003.json,4063,00fb8a32f6e1b21adaf29a710faf591fdad3449842d4be3d38524c4c1fcc97d5,tracked_with_checkpoint
outputs/pandar_hypothesis_2026-09-07/admitted_case_comparisons.csv,9349,3d9f549f7d50005515e1490c0260a6c22155c56f016c17a7f7f14b9c9e1f6bb8,tracked_with_checkpoint
outputs/pandar_hypothesis_2026-09-07/api_budget.json,923137,3578df162c62a21d9cb41aeb7b306fd087c3d199b4efe7d3cee2a2dd962de8a3,tracked_with_checkpoint
outputs/pandar_hypothesis_2026-09-07/api_budget.lock,0,e3b0c44298fc1c149afbf4c8996fb92427ae41e4649b934ca495991b7852b855,local_cache_or_large_generated
outputs/pandar_hypothesis_2026-09-07/before_outcome_histories.json,414,005d483554e0b258dfa7a7c2d3d5280b9a9429de3b2d9dec7dd4093818c79e80,tracked_with_checkpoint
outputs/pandar_hypothesis_2026-09-07/before_signal_chains.json,407,601e690017f254a9826510fffc392e0e8a81bf9630a92f017d39be97e75c3480,tracked_with_checkpoint
outputs/pandar_hypothesis_2026-09-07/block_resampling.json,210901,653ff009d93e62f396eb02ae223b980b4ee60903dad1fa9cf34fe9bd96774014,tracked_with_checkpoint
outputs/pandar_hypothesis_2026-09-07/charlie_round3_feature_read.md,7766,f2cfa68ecfeda9240e427d01eb0a8e48655192f157f7b2aeda13945c6e719e74,tracked_with_checkpoint
outputs/pandar_hypothesis_2026-09-07/charlie_round3_minute_read.md,7139,d6ec39b639d00175fef81f041e808a7093a41b1388c21058905514bce250b311,tracked_with_checkpoint
outputs/pandar_hypothesis_2026-09-07/contract_freeze.json,877,2910c6e65d51ebc9bd6c4e56351f25a395db50653ec5a828c1840e0716df2491,tracked_with_checkpoint
outputs/pandar_hypothesis_2026-09-07/contract_reference_audit.csv,14660,a319c6f99047cd0b09c7abeba5a613f061d6f17b58c97e7b8db059839220f7c2,tracked_with_checkpoint
outputs/pandar_hypothesis_2026-09-07/contract_reference_audit.json,25055,b3148a1b3d69faff2855ec2997687ad1f9c0a17cee02cf01069587defd7c36c5,tracked_with_checkpoint
outputs/pandar_hypothesis_2026-09-07/contract_reference_audit.md,8438,a985b65d2738587192306825f20c5b01b2815055685ca381230bced025e09d0f,tracked_with_checkpoint
outputs/pandar_hypothesis_2026-09-07/data_readiness.json,910682,90f6717ece6c098a9377595cb6bb925c6ccd79196b42465afd9074ffea4d4470,tracked_with_checkpoint
outputs/pandar_hypothesis_2026-09-07/data_readiness.md,17285,2f41fb71f7ac19fb2297af1bb7033aa37cbd74fee8d790601c2526848735c114,tracked_with_checkpoint
outputs/pandar_hypothesis_2026-09-07/eligibility_and_richness_tables.csv,109064,d8e451350b68f83dc562aed6108d63519ea8b51fecded8fdc5db8c5373a35d2a,tracked_with_checkpoint
outputs/pandar_hypothesis_2026-09-07/eligibility_and_richness_tables.md,30374,82b4f295279cb0ae80ed656dc518595e9a5d196d81f2d761a0d3e669bcca564d,tracked_with_checkpoint
outputs/pandar_hypothesis_2026-09-07/eligibility_features.csv,89589,33337863c14dbf3dc8edd4522f66379f48565d473a646e1e3f79f40f05c556f2,tracked_with_checkpoint
outputs/pandar_hypothesis_2026-09-07/entry_chain_manifest.json,15374,0068ce059f12734bcc6f986f4f08c6f75645c3b6cddd0690e9a2c4772e75c4a3,tracked_with_checkpoint
outputs/pandar_hypothesis_2026-09-07/entry_chain_preliminary_gates.csv,6624,ea63e9dd6b29ce52245227a375f081143d8056664dd12a6a8373819a83afce89,tracked_with_checkpoint
outputs/pandar_hypothesis_2026-09-07/entry_quote_manifest.json,30829,f69ebf8c3165c7a373cc1bed4505f40698fea0fb8c2f03fb26e9195f7cec4e0c,tracked_with_checkpoint
outputs/pandar_hypothesis_2026-09-07/entry_tick_acquisition_plan.json,39516,c5061ea76d79c84cdd8a50af1fe80d597309aa4e19001bee51b199416ba49c0a,tracked_with_checkpoint
outputs/pandar_hypothesis_2026-09-07/entry_tick_history_manifest.json,77918,13cc3ecb592abb4a5b3b7d9cf5929c3549377108c37564db1befc953a124d455,tracked_with_checkpoint
outputs/pandar_hypothesis_2026-09-07/event_admitted_case_comparisons.csv,9252,e02d84c4f459c9529d4f633360a3a7b60cb9304cea3f2acddb2f2a4fcc024781,tracked_with_checkpoint
outputs/pandar_hypothesis_2026-09-07/event_policy_replay.csv,22819176,0db4db65250351b1018ceda359d7e98a738cf9f16650dcbd440e82a8984f38f3,local_cache_or_large_generated
outputs/pandar_hypothesis_2026-09-07/event_replay_summary.json,279229,eefde39066c75e05b741bfba291cff12f34765d4a9dd2c0ee19b34fc9fdd1ede,tracked_with_checkpoint
outputs/pandar_hypothesis_2026-09-07/feature_definitions.md,6744,f91e9f59867cdf979f275b589cd3b5bdb3d0bc5ef3aa366017c3c31ed30988dc,tracked_with_checkpoint
outputs/pandar_hypothesis_2026-09-07/forward_coordinate_audit.csv,1984046,f4d5841c92a45c49d1bc2ba735f833bb26acadb3dbe4edf261623f84914b388e,tracked_with_checkpoint
outputs/pandar_hypothesis_2026-09-07/frozen_contract_selections.csv,66787,ce22494b0da826cc86034c5a0cfe5b57ad76bcf41731a85652919dd0211a5304,tracked_with_checkpoint
outputs/pandar_hypothesis_2026-09-07/future_earnings_horizon.csv,1141989,19e2dbc6d67d4e2533534b74fd5a6f96b12486533adf11f06fafc387034bf5e8,tracked_with_checkpoint
outputs/pandar_hypothesis_2026-09-07/hiro_archive_coverage.csv,793264,919538624b365dee020a97454ff1cc7acf5d3d37db7eac849c274892a09d1a41,tracked_with_checkpoint
outputs/pandar_hypothesis_2026-09-07/hiro_pre_august_candidates.csv,7273,5f6904ec416144eaeb4da150383edc67d77d43a0fd49cb81b0b62fdf5808d23e,tracked_with_checkpoint
outputs/pandar_hypothesis_2026-09-07/hiro_pre_august_decisions.parquet,135914,117e682bb360bd7fd568c22ac8a9ecab5652230481da1f2945496de20a739b02,tracked_with_checkpoint
outputs/pandar_hypothesis_2026-09-07/hiro_pre_august_summary.json,859,2cc5554a706cc18633fcc31b705699ebc7d1f279df3d954a91f0d7c31e750c0f,tracked_with_checkpoint
outputs/pandar_hypothesis_2026-09-07/minute_history_manifest.json,84927,485b93391dea037f6033ccca2e08bc806343e58a239ee87e3b6a43b1ad09aa00,tracked_with_checkpoint
outputs/pandar_hypothesis_2026-09-07/minute_history_manifest_initial.json,66482,22fcc4b3e4ddcb45f52c348bfc2bbe2c40741c25d0b6cca2ceeed4c26cf4e41e,tracked_with_checkpoint
outputs/pandar_hypothesis_2026-09-07/pandar_trade_results.md,16342,f984991b43cd5f0487a14ce786d7fa6666ad7f808d8d37416442c5ef7c948d15,tracked_with_checkpoint
outputs/pandar_hypothesis_2026-09-07/policy_replay.csv,21823691,7fbafe517eeb98db8ce92f66435fa838cf507c8f36078c091f398547049b1703,local_cache_or_large_generated
outputs/pandar_hypothesis_2026-09-07/population_ledger.csv,37218895,5170a4072082efafc6cdf12a303bed2aca7e43f1690885220bbe631eda9253a6,local_cache_or_large_generated
outputs/pandar_hypothesis_2026-09-07/population_manifest.json,4540,79b35bd3d241b57dfc65c88a1bafc9f405c8728578efa50e6633eec1aab80b69,tracked_with_checkpoint
outputs/pandar_hypothesis_2026-09-07/replay_summary.json,297160,554d71533e94b59702aaf62373eeb9fb663c80e99d991ecb01d3036176db8633,tracked_with_checkpoint
outputs/pandar_hypothesis_2026-09-07/richness_acquisition_plan.json,63029,5331393ffd0c2424f76a516a56f2887bded0dff41dd4f0fdb48b13185cdaffbd,tracked_with_checkpoint
outputs/pandar_hypothesis_2026-09-07/richness_history_fetch_manifest.json,55912,c09da90e551c70dba3f57286cc9f122c832db38231e45b4be68a766da41de8a9,tracked_with_checkpoint
outputs/pandar_hypothesis_2026-09-07/round1_snapshot/RESEARCH_HYPOTHESIS_INDEX.md,3145,d6f87fffab45f761f49b5b79fae540e11e9b408dc2f2f15b7466d1b0783f74e6,tracked_with_checkpoint
outputs/pandar_hypothesis_2026-09-07/round1_snapshot/h-pndr-001_hiro_entry_2026-09-07.md,9132,dafff6161fd4ea4a7356c5116dd37b13b80bf95b30c3f88ccf497725acb265c0,tracked_with_checkpoint
outputs/pandar_hypothesis_2026-09-07/round1_snapshot/h-pndr-002_delayed_conversion_2026-09-07.md,9347,b9521b8a01e09c6e26d95804f833b76f5fbc640b25ba739e7ebda731be6b2abf,tracked_with_checkpoint
outputs/pandar_hypothesis_2026-09-07/round1_snapshot/h-pndr-003_skew_rollover_2026-09-07.md,9233,fbbd61d831a0546c89ff8f8e80bf41b93ccbcbcaaa2a29d0770b56a06ff1e5d7,tracked_with_checkpoint
outputs/pandar_hypothesis_2026-09-07/round1_snapshot/hashes.json,549,27027d84a0c8c205c13c2b80798351c6b18840372a79ddae7ea7e6c79379043b,tracked_with_checkpoint
outputs/pandar_hypothesis_2026-09-07/round1_snapshot/memo-pndr_pandar_call_research.md,2583,7e853dae4357eab648a24439b05f38daccd6276070b0be9ce7b6808840f91e67,tracked_with_checkpoint
outputs/pandar_hypothesis_2026-09-07/round2_snapshot/RESEARCH_HYPOTHESIS_INDEX.md,3752,367ff4507cc6c12b10a8e7aac7a9ed0f9b5554d8caa9cb318705425b1fd6f080,tracked_with_checkpoint
outputs/pandar_hypothesis_2026-09-07/round2_snapshot/h-pndr-001_hiro_entry_2026-09-07.md,14530,67a5b4a14ed621450c14cbb4b87ccf7f01daf6297dae660f4a0bbd78d2938a86,tracked_with_checkpoint
outputs/pandar_hypothesis_2026-09-07/round2_snapshot/h-pndr-002_delayed_conversion_2026-09-07.md,14992,3ed8ccb8248d0768c793ebda2b5607fa6126ba9f9f00c80e9c5d64c9ce1d52b6,tracked_with_checkpoint
outputs/pandar_hypothesis_2026-09-07/round2_snapshot/h-pndr-003_skew_rollover_2026-09-07.md,14780,ea70d80594259aff837b33c023c0a3cd700c5e70a9ba2335b12c6c8ee6785e48,tracked_with_checkpoint
outputs/pandar_hypothesis_2026-09-07/round2_snapshot/hashes.json,550,b75481656620468627823111837da3357a5b30a8ba1335d14df6afd6a18972d5,tracked_with_checkpoint
outputs/pandar_hypothesis_2026-09-07/round2_snapshot/memo-pndr_pandar_call_research.md,3188,1cbf8f2484133189a4fcb179dfa0eb1d784fd017912e0989589165ff059b1fed,tracked_with_checkpoint
outputs/pandar_hypothesis_2026-09-07/round3_snapshot/RESEARCH_HYPOTHESIS_INDEX.md,5040,873ba03ef80dd97923864de7cb8e55b8e2ae04ad23e0396bd58250982f746e67,tracked_with_checkpoint
outputs/pandar_hypothesis_2026-09-07/round3_snapshot/h-pndr-001_hiro_entry_2026-09-07.md,10385,8ec4cb2655bd6f65ee315fdbb0a88bd7ee365c166de2a90bf9b7ef5ff08934c6,tracked_with_checkpoint
outputs/pandar_hypothesis_2026-09-07/round3_snapshot/h-pndr-002_delayed_conversion_2026-09-07.md,11262,8dc26f5b1570118533a83d934e3bce2df0f80fcde115025fcc2255ff6862b021,tracked_with_checkpoint
outputs/pandar_hypothesis_2026-09-07/round3_snapshot/h-pndr-003_skew_rollover_2026-09-07.md,11334,18169adcc1fd148cf576235e69f59cf7404c6135a4968274413452e5eba50499,tracked_with_checkpoint
outputs/pandar_hypothesis_2026-09-07/round3_snapshot/hashes.json,550,52f4033c0c0e8664d1d9a54bf0a6366fbc69de69c6ccd40c39a3cc426e0277b7,tracked_with_checkpoint
outputs/pandar_hypothesis_2026-09-07/round3_snapshot/memo-pndr_pandar_call_research.md,9206,aaa6da58b66df0569cba0cc04332db54efd0ac97ab97b295dde46df3eb5af5ee,tracked_with_checkpoint
outputs/pandar_hypothesis_2026-09-07/second_leg_hiro_coverage.csv,7893,3075d4c4299dcb791c65125fc207664c83f36e8ba47b3052d310d69d546bcd7a,tracked_with_checkpoint
outputs/pandar_hypothesis_2026-09-07/second_leg_hiro_coverage.md,6569,dbc96fdeef374e9c5268eeb7dee78a3f4753fcb6426806ee7f004ba83e3d926e,tracked_with_checkpoint
outputs/pandar_hypothesis_2026-09-07/selected_population.csv,59724,c4ef0d114dad6ed078d66406d079997a696ddcc6b796afa172d9bfe9bdc7e79a,tracked_with_checkpoint
outputs/pandar_hypothesis_2026-09-07/signal_listing_reconciliation.csv,47008,c5148014daf885853b2502817c68084c71595e3268d714c08960da825ecb8f0a,tracked_with_checkpoint
outputs/pandar_hypothesis_2026-09-07/strike_richness.csv,7951,84ab4630822d2b3a870740f1259cb23d5a8c300a126d38141dda4d3245be3456,tracked_with_checkpoint
outputs/pandar_hypothesis_2026-09-07/strike_richness_history.json,482348,a7624234d910e808f0b518b87bc7565005ce62bb3920fabf89162d1b87b9abea,tracked_with_checkpoint
outputs/pandar_hypothesis_2026-09-07/theta_entry_manifest.json,36628,1bf05534a3a12c34eee60843838122dd94f033af28ca8200372379ce63b2cedd,tracked_with_checkpoint
outputs/pandar_hypothesis_2026-09-07/tick_acquisition_plan.json,10612,09f6fcb8c00101dc46d436a0514efe30b2ec43ff54101c870a92b0121cf96ddc,tracked_with_checkpoint
outputs/pandar_hypothesis_2026-09-07/tick_history_manifest.json,22693,a66ab33dab5d8f53a31e36a9df942ececbb94b5d0430f3cf7f34b3128203f760,tracked_with_checkpoint
outputs/pandar_hypothesis_2026-09-07/tick_short_phase_exposure.csv,20684,5430b201d6e755d7e9cd9079acc6eb9b1a2fb3b7f578848c679dff6735a94f40,tracked_with_checkpoint
outputs/pandar_hypothesis_2026-09-07/variant_entry_chain_preliminary_gates.csv,8923,5d28e57402816d7ebf11ddc991a3afe903482ca721632bdc9367979c076eb316,tracked_with_checkpoint
outputs/pandar_hypothesis_2026-09-07/variant_freeze.json,829,2f5debb4e0cf671edd1462a054ca3f2840d79e775743d13427a6a42182b31aa9,tracked_with_checkpoint
outputs/pandar_hypothesis_2026-09-07/variant_frozen_contracts.csv,68514,9bea962d7352b52e5f55103bcb44da3672a4a134d81ad157854f329d5e0d9fdb,tracked_with_checkpoint
outputs/pandar_hypothesis_2026-09-07/variant_minute_history_manifest.json,81469,129bb363644a74c6122970295d7d419efe599c62def9d5477d38294b6ba1582b,tracked_with_checkpoint
outputs/pandar_no_hiro_2026-09-08/adjusted_effects.csv,1444,65ef21e3bd994efad02944543874a41c73a2d2041fc99042a775794caa6086e8,tracked_with_checkpoint
outputs/pandar_no_hiro_2026-09-08/adjusted_effects.json,2612,bc1a44e99f17f0b86e117916b3177b66ce1822d93ce1d37485a73bd0c1db9527,tracked_with_checkpoint
outputs/pandar_no_hiro_2026-09-08/admission_counts.json,1289,15426275ba9dd4518027272c45d7ffe03daa35bebda7cd3acb0a415f294cede1,tracked_with_checkpoint
outputs/pandar_no_hiro_2026-09-08/all_analysis_with_outcomes.parquet,78071131,7d07db397fb072e54fd63e615ef67eb70a39f8c84b75df796719f4cd4eb73aab,local_cache_or_large_generated
outputs/pandar_no_hiro_2026-09-08/candidate_reason_ledger.csv,62988296,4e94bbfe4168e8874b15d5d0a0e6976c96df65bb7ceac2b690c0168f6dcfa15a,local_cache_or_large_generated
outputs/pandar_no_hiro_2026-09-08/candidate_reason_ledger.parquet,44914965,7ca1adc7356562b4490c59cdb270d665aec210c010c0354a1119a754a68f5aa7,local_cache_or_large_generated
outputs/pandar_no_hiro_2026-09-08/censored_counts.csv,153,23170a8ee661283cd7c4344a8a4ea6ef0d35ea182f8c5ab94fa44d71df9ef654,tracked_with_checkpoint
outputs/pandar_no_hiro_2026-09-08/conditional_atm_diagnostic.csv,2869,ebc63f6a2ab2349f12cfe17d741d534790bf8c62bd1172704c9f196aa019693e,tracked_with_checkpoint
outputs/pandar_no_hiro_2026-09-08/exact_chain_cache_continuous_candidates.csv,158309,f08252a19d55fbdc5de1c7fa72a0ffa8fbc864ddf207bb6015c0bd34985c5a98,tracked_with_checkpoint
outputs/pandar_no_hiro_2026-09-08/exact_chain_cache_inventory.csv,1755624,46fc9bf4054be1b13264aa0f549fd6e63b450c01ab7c9fcf88a4af5b902e067e,tracked_with_checkpoint
outputs/pandar_no_hiro_2026-09-08/exact_chain_cache_inventory.md,6877,3b3fdca630b1351a973806823d260eddf0fef04c92020ee7f0eb5dcfa2ca4e73,tracked_with_checkpoint
outputs/pandar_no_hiro_2026-09-08/input_freeze.json,1803,8210f6ba515d4e07ec2c33e5ae7cfc5dbd65616b953d60f48cd878f224dd1987,tracked_with_checkpoint
outputs/pandar_no_hiro_2026-09-08/input_freeze_2026-09-09T01-43-49.549590_00-00.json,1803,14c25701b01b1fa29c6ad06711e17dcd7dadd2035de32b6d75de918d345ba826,tracked_with_checkpoint
outputs/pandar_no_hiro_2026-09-08/month_block_bootstrap.json,3719,8efeb9bee62deb8e517f2b496aa5c3be8c93c20ed4583c7cf44e7de0b0e218f2,tracked_with_checkpoint
outputs/pandar_no_hiro_2026-09-08/monthly_counts_and_outcomes.csv,5187,0e14a4a8d1cbc4ab38012e4039bb94a03f927db0b3acfd1ee66e0bd3585335cd,tracked_with_checkpoint
outputs/pandar_no_hiro_2026-09-08/no_hiro_surface_results.md,5581,0ea58cd846f58dfb51b57bcea5910a345a5ab3c51cefcc9d507f239927650d42,tracked_with_checkpoint
outputs/pandar_no_hiro_2026-09-08/pandar_no_hiro_research.md,10731,65f47bbcb0be23a337a8334a6d0db37127bf829943b0bdefc2bc8019d0abc101,tracked_with_checkpoint
outputs/pandar_no_hiro_2026-09-08/raw_group_summary.csv,111326,923f7743ab27aef075911c4c38c02ab25b5457fd70f4174ef1b2089fcdf4e66f,tracked_with_checkpoint
outputs/pandar_no_hiro_2026-09-08/rich_analysis_with_outcomes.csv,17078610,20769c0430013b06a617a5be83ad921567acccd76236c1df6f4bc694ebd5b290,local_cache_or_large_generated
outputs/pandar_no_hiro_2026-09-08/selection_freeze.json,1549,ae19c9abde080ce922f89e5405c25dc874d4b04a8fc72f9f29b8f2e5a1358f37,tracked_with_checkpoint
outputs/pandar_no_hiro_2026-09-08/stock_source_coverage.csv,5492,46cdb71f4a9b1cc99f7283e4ccff9330807fa835e48c78c2373b9ea2a97bce88,tracked_with_checkpoint
outputs/pandar_no_hiro_2026-09-08/summary.json,2904,9b0a5e4a7db704d3d03b0842b764b030f1d86f216850d0786d890813dff49f23,tracked_with_checkpoint
outputs/pandar_no_hiro_2026-09-08/validation.json,438,dc1cdf51a38b281a1951fe9e142f8580623f0b5c0585fb38ac9fac4398b6571f,tracked_with_checkpoint
outputs/pandar_no_hiro_exact_2026-09-08/bootstrap.json,10546,630b449f62f1b0ad43fae072e32315545dea477222ef9924664e98096c5302a7,tracked_with_checkpoint
outputs/pandar_no_hiro_exact_2026-09-08/brent_exact_review.json,2330,d9314beef32bcef78b530b9b05aaae56ed9cef013501de20256b220451c904a3,tracked_with_checkpoint
outputs/pandar_no_hiro_exact_2026-09-08/candidates.parquet,86630632,df72b94fdf587d8e11420e0a7eebb2cedbdaccfc44ea2ffb3267798b72239d56,local_cache_or_large_generated
outputs/pandar_no_hiro_exact_2026-09-08/exact_chain_results.md,8552,2f862d5802b6b311731be0a5d38a6543083f7aec52e2778dbcdc7da099effaf1,tracked_with_checkpoint
outputs/pandar_no_hiro_exact_2026-09-08/exclude_explicit_winner_source_sensitivity.json,1765,1a5a5ec24eee09acf2ed691c07a01a20ee1a9b87b90a6a02e58fe8b9932f40be,tracked_with_checkpoint
outputs/pandar_no_hiro_exact_2026-09-08/failure_ledger.csv,3947026,40e78cba86ef1a7b45287f55b5e95198b3f4c6bcc7256eba76fb31b644df395c,tracked_with_checkpoint
outputs/pandar_no_hiro_exact_2026-09-08/frozen_selections.csv,3068929,d388616e2b3d50fd58399be5ad2fcd4cf5bc46056b49f2bb49557951d5538364,tracked_with_checkpoint
outputs/pandar_no_hiro_exact_2026-09-08/input_freeze.json,614202,e7cb68acd709501cb87602b2446cb476a9e3da89bc791e5fa26a2779ecec2375,tracked_with_checkpoint
outputs/pandar_no_hiro_exact_2026-09-08/linear_bound_signal_diagnostic.csv,271214,5e28d9494a98aded562a23b9a52336ab0c9e80f5b2fe7acbf154ae3366a8d5dd,tracked_with_checkpoint
outputs/pandar_no_hiro_exact_2026-09-08/paired_policy_results.csv,204369,61b99f59eae6ce9d1204e40dc255e8e77ef89911278666ffd5db4b3917d04fd2,tracked_with_checkpoint
outputs/pandar_no_hiro_exact_2026-09-08/policy_trades.csv,8910479,a868988e170d65e185cf896b37895125fbeb378f760e9f87366319023efaf4b5,tracked_with_checkpoint
outputs/pandar_no_hiro_exact_2026-09-08/population_ledger.csv,67512164,f7ba206a3967bcd18aeccc71c440c0fde975965ef29635566de641c0907d828c,local_cache_or_large_generated
outputs/pandar_no_hiro_exact_2026-09-08/precorrection_stopped_before_outcomes/input_freeze.json,614202,95cf60d4ae326999cbd03f068fa35a247afae4fc50e172f03bea122c2f59f703,tracked_with_checkpoint
outputs/pandar_no_hiro_exact_2026-09-08/precorrection_stopped_before_outcomes/population_ledger.csv,67512164,f7ba206a3967bcd18aeccc71c440c0fde975965ef29635566de641c0907d828c,local_cache_or_large_generated
outputs/pandar_no_hiro_exact_2026-09-08/precorrection_stopped_before_outcomes/selected_sources.csv,1725613,5fcbaf9d08687fa669c59af98abddc3ddd808582685c70411bbbab7536e0cd76,local_cache_or_large_generated
outputs/pandar_no_hiro_exact_2026-09-08/precorrection_stopped_before_outcomes/status.txt,229,f3d2b411ab03c3b55863f1cae3660cb83e8e14783443c8f85929dccda6a4fef5,tracked_with_checkpoint
outputs/pandar_no_hiro_exact_2026-09-08/provenance_sensitivity.py,3169,738dfb6c8bb005e028fd077a9217c6bfa0a9164ac47f7e6c630f10ec04207c27,tracked_with_checkpoint
outputs/pandar_no_hiro_exact_2026-09-08/root_integration_validation.json,467,2e463f6876aff31f0dd843d5c7102336824cf1911f0dd48c156b11b39eb9e531,tracked_with_checkpoint
outputs/pandar_no_hiro_exact_2026-09-08/selected_diagnostics.csv,2959,708436995e15b8d59caa975d22811a99bfc4c647083620b5787aa1ab12009cf0,tracked_with_checkpoint
outputs/pandar_no_hiro_exact_2026-09-08/selected_sources.csv,1725613,5fcbaf9d08687fa669c59af98abddc3ddd808582685c70411bbbab7536e0cd76,tracked_with_checkpoint
outputs/pandar_no_hiro_exact_2026-09-08/selection_freeze.json,327,288ac3407a46a1846f4d05f5b40d260f780c76a0a0a7fb6f81bb91006c7b1d87,tracked_with_checkpoint
outputs/pandar_no_hiro_exact_2026-09-08/source_conflicts.csv,3275,c0c2109e92bcda2d25a3d41595cc8061ffd9e3bc109d6fe3e8ff22cb7f51d0c7,tracked_with_checkpoint
outputs/pandar_no_hiro_exact_2026-09-08/source_family_counts.csv,3453,4eadbb026030f11a607a5309cc92dfd395c9e6ba784a8194a0927378a3e1aa11,tracked_with_checkpoint
outputs/pandar_no_hiro_exact_2026-09-08/summary.json,26548,0f4af58c7d505688e7a2e139f538f34151c62539534cc41f9706beacbfb16705,tracked_with_checkpoint
outputs/pandar_no_hiro_exact_2026-09-08/validation.json,355,0c1b7e792f90fddfb79efecfc006f5f463c4ee012ff114f63f7b12846ad6382f,tracked_with_checkpoint
outputs/pandar_strike_selection_explainer_2026-09-08/brent_good_trade.json,1643,0286dbf393bdd9c9d70969bc18c4f44dc05d8124e9b46dee60db05dcb28d0c54,tracked_with_checkpoint
outputs/pandar_strike_selection_explainer_2026-09-08/charlie_brent_good_trade_method.md,18250,fed7ea7c5c37e04e79927029d56b80959855dd469ac9e43abbfafbde627a87f0,tracked_with_checkpoint
outputs/pandar_strike_selection_explainer_2026-09-08/charlie_good_trade.json,1455,d2c2e8db93b3af8b9ecc098c539f87a4577939e770edf5e597d6479d6c24a711,tracked_with_checkpoint
outputs/pandar_strike_selection_explainer_2026-09-08/comparison_detail.json,394898,3c0e3896fc77b5c3507d4c7c2de957dafce62ec6f90ff46cbc7202556303cad6,tracked_with_checkpoint
outputs/pandar_strike_selection_explainer_2026-09-08/how_the_comparison_works.md,5068,8b0b357af1ee7054b8fdf594c31b60e8e2b0cbc9db87e87c8d1b60ffbbbfde43,tracked_with_checkpoint
outputs/pandar_strike_selection_explainer_2026-09-08/mrvl_comparison.csv,1102,77b3b845ce7a18e8969d5adbba6ef85cf05c8a455a0895ff49b6fb5b0d3bd524,tracked_with_checkpoint
outputs/pandar_strike_selection_explainer_2026-09-08/mrvl_sensitivity_inputs.csv,733,27b4db94753b62cc29052c520adce1ae8dbb3efc1513e080561a89b7c74efc70,tracked_with_checkpoint
outputs/pandar_strike_selection_explainer_2026-09-08/mrvl_skew_scenarios.csv,473,c1661ce7281c228591f36a1c0cf2f59c2bad97ecdc6b37f425731be2707ce834,tracked_with_checkpoint
outputs/pandar_strike_selection_explainer_2026-09-08/mrvl_skew_sensitivity.json,1527,03b7a76d26e70580188f04d19ef5daf9f27e7689bb845a60a4a2b99e9fa85215,tracked_with_checkpoint
outputs/pandar_strike_selection_explainer_2026-09-08/skew_sensitivity_example.py,4611,4d48bf55df70e324da22197e871f095e2bc17ae868cabb7c8d7dcc30aca0cefc,tracked_with_checkpoint
outputs/persona_raw/round1/commentary/charlie-mcelligott.json,2868,937e2921cef1f128b51c305a973ffe2daccb0770d5f6685c0374a11b9a82a22e,tracked_with_checkpoint
outputs/persona_raw/round1/commentary/quant.json,4377,5aba60290bc72ac78b6357fafb1e2251be8d0c796e132ed0ca429f38f484ba43,tracked_with_checkpoint
outputs/persona_raw/round1/proposals/charlie-mcelligott.json,2105,917b4de2b4cf89e9511665a26eb2e6c6974051ca3085fa573e9df347c4aa7ed4,tracked_with_checkpoint
outputs/persona_raw/round1/proposals/quant.json,4583,19875727d48e7af567307c11ebb2c872ac61d7679ede0f6da57aa3b829e4d43c,tracked_with_checkpoint
outputs/persona_raw/round1/seed/charlie-mcelligott.json,4844,ed3c293eed9380d847c2421da56cdf13b1bad656e9afa34c7741f1ff2d6dea92,tracked_with_checkpoint
outputs/persona_raw/round1/seed/quant.json,5859,b830eef0b1faf3aeb8e855c7a8401ad8cea1ebddc9f2e5aa07a45b2c3728ff8d,tracked_with_checkpoint
outputs/persona_raw/round2/commentary/charlie-mcelligott.json,3262,c8cee2e191f779491f75f27c07899ca6f7bb12126576ee5a404a275d8a8b5f71,tracked_with_checkpoint
outputs/persona_raw/round2/commentary/quant.json,3890,fe819e5453fcf6dd229be93c758a6d4cd8cc3484666115f263c65435b233c0c0,tracked_with_checkpoint
outputs/persona_raw/round2/proposals/charlie-mcelligott.json,2568,ece48cb4613de8ae57cf548d62ebd12a8aac67c5e11d58cd57dd60117bd9ebb1,tracked_with_checkpoint
outputs/persona_raw/round2/proposals/quant.json,3273,2f1985c3db8f4848ec63a991bfdec577ee13aa1c97e4c1170e25d24ef0b058eb,tracked_with_checkpoint
outputs/persona_raw/round3/commentary/charlie-mcelligott.json,4231,c9f7d6c65ca92ca46c291131e9ac5a8e37fe3dcfbe39bd512b553c91d061c8eb,tracked_with_checkpoint
outputs/persona_raw/round3/commentary/quant.json,5148,6f352e9500a029700c55102a8a436dd0536f14edf3dea24620943ce99a44d900,tracked_with_checkpoint
outputs/persona_raw/round3/proposals/charlie-mcelligott.json,2228,b2c3844de50c025b1e3239de9fd4c78138e6fc0ece1afb3fe98fe014fad3062e,tracked_with_checkpoint
outputs/persona_raw/round3/proposals/quant.json,3149,7e2598b2dffd689693059714d60b0bb892565896cee83312a33378e95c637483,tracked_with_checkpoint
outputs/promotion_ledger.json,1365,224c059dd9d68bef609f695797c13d4ee16e7bf414956ddc4720dcabea8d5899,tracked_with_checkpoint
outputs/proposals/round1.json,7763,cd4400078c59c8c73172f108ba6411849d2350a629a5327fea76c1c5e45b965a,tracked_with_checkpoint
outputs/proposals/round2.json,6885,576435c0d611f7394be11e41a1d6146e415b93f48dd19edd50def1ead77b6d68,tracked_with_checkpoint
outputs/proposals/round3.json,6412,88a5c41adc88aa497501c16a64165eb8f4c72a0572db6203aaddb9487c17871c,tracked_with_checkpoint
outputs/seed_expansion.json,12301,570a464770e8cf4361bb53b204d035cb3659fb6fcbb4f32dec68740baedd003d,tracked_with_checkpoint
outputs/synthesis/round1.json,6368,977a31b52c0d8f39132eb8131f2cbba8eb17bf26647e14829824a16dda3b16ed,tracked_with_checkpoint
outputs/synthesis/round2.json,5249,d1751d67fae6b92dd37bdf00985d4179c6c6015e200f396075297732a4c8c394,tracked_with_checkpoint
outputs/synthesis/round3.json,6572,bc2a796e31118c794790ee0e7b2e81e8d0b4fc59a04d7ffaaf1a85109f14e48e,tracked_with_checkpoint
scripts/_research_loop/README.md,6158,6fa3a6b6b818207f491651b008e7b9ff7eb5ffcd906c1502b2cee5a186762d16,tracked_with_checkpoint
scripts/_research_loop/contracts.py,26963,757c2b683e547e90ce3c27299ef23650ecc80d05c1f526ef60a77d7af76b07b2,tracked_with_checkpoint
scripts/_research_loop/emit.py,4565,2c761b0c9c24359b0516563d79c06c19ce435e41fc1603fdc6e711970e112939,tracked_with_checkpoint
scripts/_research_loop/promote.py,11738,a021825440c0cc3405455cdbd4af39379f34fb8f55bf4a891bf504e788b9e516,tracked_with_checkpoint
scripts/_research_loop/source_manifest.json,3312,668d500e4f8990f443c0c43d1437155c9a4fd4daf1de06f360c3479e339fffaf,tracked_with_checkpoint
scripts/_research_loop/synthesize.py,4513,bd6508e20f33a31a85e4a046a8d4256a3ff868cc949062d44d83be0458862306,tracked_with_checkpoint
scripts/_research_loop/verify_round.py,26815,f902df247338547553ef9b0d348c05ff79cfed971a96d632cb1a7f5cf4c4f632,tracked_with_checkpoint
scripts/pandar_backfill_early_puts.py,9692,315ab303fff852946111c832929b0d865a8d62e737da8daea124a5f4d6c58171,tracked_with_checkpoint
scripts/pandar_call_exclusions.py,13771,5a01fb8f1e0926bd7e5a2daae0b953c7420f538738334725bb28848c19100260,tracked_with_checkpoint
scripts/pandar_call_search_expansion.py,9403,b00853003ca75836d1adfa0000d16da87e51f510cc865ceeaeec68fd492fbe43,tracked_with_checkpoint
scripts/pandar_call_search_report.py,11574,358ce925c32a035bb9f773f519bb0331f301f2758acb3d35e3e1ab04736d00db,tracked_with_checkpoint
scripts/pandar_eligibility.py,21365,cfbf9217935c9bdb79c62eecb31d2148c93ecc2311838a520fb38ed214203c30,tracked_with_checkpoint
scripts/pandar_entry_greeks.py,2450,8c2d397f8137b9b8d5ac7d578605e66322dacb3174fae86c14884568a5122493,tracked_with_checkpoint
scripts/pandar_hypothesis_api.py,11070,f5afbf810751d2dd51b6f5391032f581034f3016c77274252045b7fb7044cea4,tracked_with_checkpoint
scripts/pandar_hypothesis_contracts.py,5613,d7c5d7bec1bbb9745ba9132799c668ae6c8b2e90e6c6730ddc9785948ed83ab2,tracked_with_checkpoint
scripts/pandar_hypothesis_event_exposure.py,3330,98c055432b814aa7074261dd49f2a9479053e5ae00d16bab7602b7f539aef705,tracked_with_checkpoint
scripts/pandar_hypothesis_event_replay.py,6817,6619ed360a4003b7b9a0ab4fda955534b3e84cc5ef1e2758fd30cb5e6dccb239,tracked_with_checkpoint
scripts/pandar_hypothesis_features.py,22033,1ceb9af3520af719325af004361bc23631b162c46267b45c65b1570665d34b96,tracked_with_checkpoint
scripts/pandar_hypothesis_hiro.py,16523,5275a1baa540280ec19c95d1a0dcee380bcabd98fc168e7b45f8a7c277d719c9,tracked_with_checkpoint
scripts/pandar_hypothesis_history.py,10160,1993f83100532768b276ef39d86612bacaae89223d4ca8fa12bd8c2bc48f6b30,tracked_with_checkpoint
scripts/pandar_hypothesis_population.py,18949,8392429964093997de09f9277ed8542db14ddf998e2dfa277e3e872a54d00c30,tracked_with_checkpoint
scripts/pandar_hypothesis_quotes.py,13292,fa346e58ffdd9116e01084d520a4a35cb07501c59a19eaa2c3a0e6735c0237c1,tracked_with_checkpoint
scripts/pandar_hypothesis_replay.py,30892,4aec4e663cd6ee1af0c7d8b23ada2cfd16929c7256c88f4d2ae8b6705e869777,tracked_with_checkpoint
scripts/pandar_hypothesis_report.py,15571,3b7bcd0b3adac4dcf8c7e6894e829f733aeb7ec952467fdca389716964bf3994,tracked_with_checkpoint
scripts/pandar_hypothesis_resample.py,9211,06469b3c7ec89fea63888d26656828028c9bfba9a9fc9a00afd95352d57839cf,tracked_with_checkpoint
scripts/pandar_hypothesis_richness.py,13120,d2a730149c1cb50b6002d8545afe8045a6589dbc89bc8ff41bf1a9366012680b,tracked_with_checkpoint
scripts/pandar_hypothesis_run.py,22014,78e9c6a05c5ff989e9ab4ea20c422d3e495abd982b1aeb32a87d56cc9f83c7a3,tracked_with_checkpoint
scripts/pandar_hypothesis_ticks.py,4343,ec64e320f9a6d145775523627ad716999b6753afc03a5ae3928500fd6bdaf3c5,tracked_with_checkpoint
scripts/pandar_leg_timing.py,16022,25b203e1f61a4f1fdcdc98fb5af1f3abbbc259f5cba4469d30325e56b31c05be,tracked_with_checkpoint
scripts/pandar_leg_timing_report.py,9596,dc3ad94164dac83502d2f2c35cf917a513bad4a80e45cc0d4160f9d697541ce0,tracked_with_checkpoint
scripts/pandar_no_hiro_exact.py,46129,6975e6f8336c58a2a76b6d5d4c4ebb4569c5450dc4236afb85eb330a05e79e33,tracked_with_checkpoint
scripts/pandar_no_hiro_surface.py,38397,78cff852e8526d45a016b2b4e00ecee2b5762f914a046b53f5eec887a61a1494,tracked_with_checkpoint
scripts/pandar_quote_history.py,5033,bd3c586b479cd6e076caad8c0d01c38e96926625437dd4493d480b04365e258e,tracked_with_checkpoint
scripts/pandar_review_followup.py,11837,8e2d40e741d0e710060477137be3f064801de3769a021335a709638ea038229e,tracked_with_checkpoint
scripts/pandar_richness.py,8914,def45b7557a94769ca540c173357d97013596c3276e4d93aec0973f30b4d2929,tracked_with_checkpoint
scripts/pandar_skew_journey.py,17769,c6861eadb48b9f10af7bf4e10895827cc79ff4022b520ec14959db324b5c6fc2,tracked_with_checkpoint
scripts/pandar_skew_journey_data.py,4272,866027da94b2bb8aa187af382f170f45d3105a6d654199d67d8e7b8a6c408262,tracked_with_checkpoint
scripts/pandar_skew_journey_report.py,22762,9ba885182d1c1e72dbe2f7af7e6a55199798bea0bb4a135b73e0521710de3c9a,tracked_with_checkpoint
tests/test_pandar_call_exclusions.py,1847,79b50bfd4c68f55ac2584f35828367635f92bb0a6d802c352dfde9b5ce044702,tracked_with_checkpoint
tests/test_pandar_eligibility.py,1552,04f4013a8b4e67b47ea196f0c917ced353e958aba6eba9a55aaa0f0cda9465c7,tracked_with_checkpoint
tests/test_pandar_hypothesis_api.py,1624,f1a7292e9d3233c1d9c199689bf6567c134a929db754bc92de1a1367adb781b6,tracked_with_checkpoint
tests/test_pandar_hypothesis_contracts.py,1616,92e8cce9a960b7113635be5c16ca10cab0152fd8882416d4111e82b99c4f3f01,tracked_with_checkpoint
tests/test_pandar_hypothesis_event_exposure.py,886,12419aefc7d1f7a0ff99338dc55b6ef590364fe911ae4733307b6add831ec79c,tracked_with_checkpoint
tests/test_pandar_hypothesis_event_replay.py,1313,61063d6708a2417feafa99a146a12df1cb914c535c6c51ae885e29af466b9263,tracked_with_checkpoint
tests/test_pandar_hypothesis_features.py,6675,ee3d84a7f1fce95ef462d96ef08b230d25a915f98cb548f4d7d43a417c80a60b,tracked_with_checkpoint
tests/test_pandar_hypothesis_hiro.py,8807,a21e14bc73c1aa37d8eb954b96241d95f9107315611f0922b27c3d0ae3d13f1d,tracked_with_checkpoint
tests/test_pandar_hypothesis_history.py,4677,014248c9295daa97448149f5ff4754de594613c1c89c26ac7fadc7c8805ba595,tracked_with_checkpoint
tests/test_pandar_hypothesis_population.py,7393,8aae2c1521148ded30372935b3e384dc36754186261d2201894d5ad409676a19,tracked_with_checkpoint
tests/test_pandar_hypothesis_replay.py,16713,5161755c137b7a049990441fc1f411c092e5e0cccc747ba95b59be114b680bf8,tracked_with_checkpoint
tests/test_pandar_hypothesis_resample.py,3526,3f190105579b40e48ab18072bf48dc76037eb4d069117e55b272666cc91d465a,tracked_with_checkpoint
tests/test_pandar_hypothesis_richness.py,8709,89d7cb0cef78632c53d04e69f7d0a27bd567ff6b5e7269d30e745aa07e88b0e9,tracked_with_checkpoint
tests/test_pandar_hypothesis_run.py,8287,c1d02fdc2cfa8889d82547f76ee3c8bbe972b67d740b8ce843de59340aa97ca7,tracked_with_checkpoint
tests/test_pandar_hypothesis_ticks.py,1020,6e23ce97c676bfd819eada5e78a2ffed7c544aeaef8466cdf937d5498e336f40,tracked_with_checkpoint
tests/test_pandar_leg_timing.py,4172,8a79fc1151a272946a1009d47a7713acf2507f101ed96f9dfd698769a32ddd75,tracked_with_checkpoint
tests/test_pandar_no_hiro_exact.py,7926,be66751f578a4811f786f96da6b8b00396b2b8c9ba835f8705d80272b0b92457,tracked_with_checkpoint
tests/test_pandar_no_hiro_surface.py,5941,a0d68b89e5ee1a8c0de558bffd28a9842cc98319271ca4b0fdbf63df6c3235d4,tracked_with_checkpoint
tests/test_pandar_research_framework.py,8927,315825c8e98f0c1b93a952d69e835e3d92b4b7947f46bd2961681e1c55e0bcc1,tracked_with_checkpoint
tests/test_pandar_review_followup.py,3525,145df5a673b2d649c8d17645ce1627ddd430b0051d1cb54d54d845ef8e2ea795,tracked_with_checkpoint
tests/test_pandar_richness.py,1657,aceed58e0dc9b020e32ce0db197238d313774ba351cf43050b6c03b8eb709924,tracked_with_checkpoint
tests/test_pandar_skew_journey.py,3987,f4697e3bc79480ec4cb1180361277efdfaa2e782bd393eefbe6b8a4a0ef17a47,tracked_with_checkpoint
